# одна строка = одно утверждение по одному полю одного места; decision: ACCEPTED (сборщик ready + валидатор pass + приёмщик accept), HOLD (расхождение), REJECTED, KEEP, MANUAL_REVIEW (удаление / снимок без повторной загрузки / цитата из PDF или картинки)
slug,claim_id,field,target,class,action,live_value,proposed,source_url,quote,source_date,snapshot_sha256,collector_status,validator,acceptor,acceptor_reason,decision,why
alchemy-uluwatu,alchemy-uluwatu-01,name,CODE,F,keep,Alchemy Uluwatu,Alchemy Uluwatu,https://www.alchemybali.co/alchemy-ubud-bali-contact,"Alchemy Uluwatu
Jalan Pantai Bingin No 8",2026-09-28,bb669d99bcc442c7553adeaf946183d8b68e9bba0676a4fbe58559c6a24651ab,ready,skip,,,KEEP,
alchemy-uluwatu,alchemy-uluwatu-02,copy:verdict#1,CODE,F,keep,"Ubud's plant-based original, transplanted to a Bingin garden — raw bowls, an organic shop and yoga on the same grounds.",,https://www.alchemybali.com/uluwatu,Our menu is completely plant based and gluten free.,2026-09-28,a688a16989b5347ad9d3e5646298893d915819caf49a2ebbab0ac2ae08e190f4,unclear,skip,,,KEEP,
alchemy-uluwatu,alchemy-uluwatu-03,copy:whyHere#1,CODE,F,remove,"Alchemy has run Bali's benchmark raw/vegan kitchen since 2011 in Ubud; the Uluwatu outpost brings it to the surf side with a ~150-seat garden, a holistic clinic, an organic grocery and an attached yoga shala.",,https://www.alchemybali.com/,"With two welcoming premises, one in Canggu and one in Ubud, guests are able to choose the setting that best supports their healing journey",2026-09-28,93dddef7f53c27b2c4868f4870d9ce675376baa09b4acc9d7431d5dad612c7ac,ready,pass,hold,"REMOVAL_SUPPORTED Mixed: official contact page lists AYMC Uluwatu at Jl. Pantai Bingin No 9 (supports attached yoga shala); clinic page says premises are Canggu and Ubud only (contradicts holistic clinic at Uluwatu); 2011, ~150 seats and grocery unsupported. Needs rewrite, not blanket removal",HOLD,"acceptor: hold — REMOVAL_SUPPORTED Mixed: official contact page lists AYMC Uluwatu at Jl. Pantai Bingin No 9 (supports attached yoga shala); clinic page says premises are Canggu and Ubud only (contradicts holistic clinic at Uluwatu); 2011, ~150 seats and grocery unsupported. Needs rewrite, not blanket removal | removal: founder confirms every removal"
alchemy-uluwatu,alchemy-uluwatu-04,copy:whyHere#2,CODE,O,keep,For plant-based travellers it is the Bukit's anchor.,,,,,,ready,skip,,,KEEP,
alchemy-uluwatu,alchemy-uluwatu-05,copy:whatToExpect#1,CODE,F,keep,"Build-your-own salad and smoothie bowls, raw desserts, kombucha on tap, permaculture-garden seating and an evening communal fire pit.",,https://www.alchemybali.com/alchemymenu?menu=alchemy-uluwatu-menu,"SALAD BAR
Create your own salad / grain bowl",2026-09-28,4753a285be938809a5defb1a0587e4f412440dd9b50123d28278107e3503525b,unclear,skip,,,KEEP,
alchemy-uluwatu,alchemy-uluwatu-06,copy:whatToExpect#2,CODE,F,keep,Fully plant-based and largely gluten-free — carnivorous companions can walk to Bingin's warungs after.,,https://www.alchemybali.com/uluwatu,Our menu is completely plant based and gluten free.,2026-09-28,a688a16989b5347ad9d3e5646298893d915819caf49a2ebbab0ac2ae08e190f4,ready,skip,,,KEEP,
alchemy-uluwatu,alchemy-uluwatu-07,bestFor,CODE,O,keep,plant-based eating; quiet garden work sessions; post-yoga breakfasts,,,,,,ready,skip,,,KEEP,
alchemy-uluwatu,alchemy-uluwatu-08,notFor,CODE,O,keep,travellers set on meat or espresso-tonic party brunches,,,,,,ready,skip,,,KEEP,
alchemy-uluwatu,alchemy-uluwatu-09,copy:practicalNote#1,CODE,F,keep,"Jl. Pantai Bingin No.8, Pecatu — with Alchemy Yoga next door.",,https://www.alchemybali.co/alchemy-ubud-bali-contact,"AYMC Uluwatu
Jalan Pantai Bingin No 9
Pecatu Uluwatu - Bali",2026-09-28,bb669d99bcc442c7553adeaf946183d8b68e9bba0676a4fbe58559c6a24651ab,ready,skip,,,KEEP,
alchemy-uluwatu,alchemy-uluwatu-10,copy:reservations#1,CODE,F,keep,Walk-in.,,,,,,unclear,skip,,,KEEP,
alchemy-uluwatu,alchemy-uluwatu-11,whatToOrder,CODE,F,replace,bowls; jackfruit salad; pizza & kombucha,breakfast bowl; salad bar; margherita pizza; alchemy kombucha,https://www.alchemybali.com/alchemymenu?menu=alchemy-uluwatu-menu,"MARGHERITA
Tomato sauce, home made tofu mozzarella & basil. IDR 105,000",2026-09-28,4753a285be938809a5defb1a0587e4f412440dd9b50123d28278107e3503525b,ready,pass,accept,"OK Quote covers Margherita only; the fetched Uluwatu menu also lists BREAKFAST BOWL, SALAD BAR and ALCHEMY KOMBUCHA, so all four items are on the official Uluwatu menu",ACCEPTED,
alchemy-uluwatu,alchemy-uluwatu-12,priceBand,CODE,F,keep,$$,$$,https://www.alchemybali.com/alchemymenu?menu=alchemy-uluwatu-menu,"POKE BOWL
Rice/grain or choice, edamame, cucumber, sesame nori, platbased ""tuna"", avocado, Asian slaw, pickled ginger, Asian aminos and wasabi mayo. IDR 105,000",2026-09-28,4753a285be938809a5defb1a0587e4f412440dd9b50123d28278107e3503525b,ready,skip,,,KEEP,
alchemy-uluwatu,alchemy-uluwatu-13,price_anchor,DB,F,add,,"Poke bowl IDR 105,000; Margherita pizza IDR 105,000 (official Uluwatu menu, 2026-09-28)",https://www.alchemybali.com/alchemymenu?menu=alchemy-uluwatu-menu,"POKE BOWL
Rice/grain or choice, edamame, cucumber, sesame nori, platbased ""tuna"", avocado, Asian slaw, pickled ginger, Asian aminos and wasabi mayo. IDR 105,000",2026-09-28,4753a285be938809a5defb1a0587e4f412440dd9b50123d28278107e3503525b,ready,pass,accept,"OK Official menu page, ALCHEMY ULUWATU MENU section: POKE BOWL IDR 105,000 and MARGHERITA IDR 105,000 both present; anchor names items, currency and capture date",ACCEPTED,
alchemy-uluwatu,alchemy-uluwatu-14,address,CODE,F,keep,"Jl. Pantai Bingin No.8, Pecatu","Jl. Pantai Bingin No.8, Pecatu",https://www.alchemybali.co/alchemy-ubud-bali-contact,"Alchemy Uluwatu
Jalan Pantai Bingin No 8
Pecatu Uluwatu - Bali
Indonesia - 80361
+62 811 3888 143
hi@alchemybali.co
Monday - Sunday 07:30 - 22:00",2026-09-28,bb669d99bcc442c7553adeaf946183d8b68e9bba0676a4fbe58559c6a24651ab,ready,skip,,,KEEP,
alchemy-uluwatu,alchemy-uluwatu-15,hours,CODE,F,add,,"{""Monday"":[""7.30am-10.00pm""],""Tuesday"":[""7.30am-10.00pm""],""Wednesday"":[""7.30am-10.00pm""],""Thursday"":[""7.30am-10.00pm""],""Friday"":[""7.30am-10.00pm""],""Saturday"":[""7.30am-10.00pm""],""Sunday"":[""7.30am-10.00pm""]}",https://www.alchemybali.co/alchemy-ubud-bali-contact,"Alchemy Uluwatu
Jalan Pantai Bingin No 8
Pecatu Uluwatu - Bali
Indonesia - 80361
+62 811 3888 143
hi@alchemybali.co
Monday - Sunday 07:30 - 22:00",2026-09-28,bb669d99bcc442c7553adeaf946183d8b68e9bba0676a4fbe58559c6a24651ab,ready,pass,accept,"OK Official contact page lists Alchemy Uluwatu (Jl. Pantai Bingin No 8) Monday - Sunday 07:30 - 22:00; 7 days covered, plausible cafe window",ACCEPTED,
alchemy-uluwatu,alchemy-uluwatu-16,opening_hours_json,DB,F,add,,"{""Monday"":[""7.30am-10.00pm""],""Tuesday"":[""7.30am-10.00pm""],""Wednesday"":[""7.30am-10.00pm""],""Thursday"":[""7.30am-10.00pm""],""Friday"":[""7.30am-10.00pm""],""Saturday"":[""7.30am-10.00pm""],""Sunday"":[""7.30am-10.00pm""]}",https://www.alchemybali.co/alchemy-ubud-bali-contact,"Alchemy Uluwatu
Jalan Pantai Bingin No 8
Pecatu Uluwatu - Bali
Indonesia - 80361
+62 811 3888 143
hi@alchemybali.co
Monday - Sunday 07:30 - 22:00",2026-09-28,bb669d99bcc442c7553adeaf946183d8b68e9bba0676a4fbe58559c6a24651ab,ready,pass,accept,OK Same official Uluwatu block as -15: Monday - Sunday 07:30 - 22:00,ACCEPTED,
alchemy-uluwatu,alchemy-uluwatu-17,officialUrl,BOTH,F,keep,https://www.alchemybali.com/uluwatu,https://www.alchemybali.com/uluwatu,https://www.alchemybali.com/uluwatu,ULUWATU | Alchemy,2026-09-28,a688a16989b5347ad9d3e5646298893d915819caf49a2ebbab0ac2ae08e190f4,ready,skip,,,KEEP,
alchemy-uluwatu,alchemy-uluwatu-18,instagramUrl,BOTH,F,keep,https://www.instagram.com/alchemybali/,,,,,,unclear,skip,,,KEEP,
alchemy-uluwatu,alchemy-uluwatu-19,bookingUrl,BOTH,F,unknown,,,,,,,not_found,fail,hold,NOT_A_SOURCE_FACT Collector proposed no value (unknown); nothing to verify,HOLD,collector status: not_found | validator: no source_url — a row without a source is not accepted | acceptor: hold — NOT_A_SOURCE_FACT Collector proposed no value (unknown); nothing to verify
alchemy-uluwatu,alchemy-uluwatu-20,menuUrl,BOTH,F,add,,https://www.alchemybali.co/alchemymenu?menu=alchemy-uluwatu-menu,https://www.alchemybali.com/alchemymenu?menu=alchemy-uluwatu-menu,"ALCHEMY ULUWATU MENU All prices on this menu are subject to
6% service charge and 10% government tax",2026-09-28,4753a285be938809a5defb1a0587e4f412440dd9b50123d28278107e3503525b,ready,pass,accept,OK .com URL 301s to the proposed alchemybali.co URL; page shows ALCHEMY ULUWATU MENU with the quoted tax line,ACCEPTED,
alchemy-uluwatu,alchemy-uluwatu-21,phone,DB,F,add,,+628113888143,https://www.alchemybali.co/alchemy-ubud-bali-contact,"Alchemy Uluwatu
Jalan Pantai Bingin No 8
Pecatu Uluwatu - Bali
Indonesia - 80361
+62 811 3888 143
hi@alchemybali.co
Monday - Sunday 07:30 - 22:00",2026-09-28,bb669d99bcc442c7553adeaf946183d8b68e9bba0676a4fbe58559c6a24651ab,ready,pass,accept,"OK +62 811 3888 143 is listed under Alchemy Uluwatu specifically; Ubud and Canggu have different numbers, so not a shared head-office line",ACCEPTED,
alchemy-uluwatu,alchemy-uluwatu-22,full_address,DB,F,add,"Jl. Pantai Bingin No.8, Pecatu","Jalan Pantai Bingin No 8, Pecatu, Uluwatu, Bali 80361",https://www.alchemybali.co/alchemy-ubud-bali-contact,"Alchemy Uluwatu
Jalan Pantai Bingin No 8
Pecatu Uluwatu - Bali
Indonesia - 80361
+62 811 3888 143
hi@alchemybali.co
Monday - Sunday 07:30 - 22:00",2026-09-28,bb669d99bcc442c7553adeaf946183d8b68e9bba0676a4fbe58559c6a24651ab,ready,pass,accept,"OK Official contact page: Alchemy Uluwatu, Jalan Pantai Bingin No 8, Pecatu Uluwatu - Bali, Indonesia - 80361; street marker present, no working notes",ACCEPTED,
alchemy-uluwatu,alchemy-uluwatu-23,coordinates,DB,F,unknown,,,,,,,not_found,fail,hold,"NOT_A_SOURCE_FACT Collector proposed no value (unknown); nothing to verify, no official coordinates seen",HOLD,"collector status: not_found | validator: no source_url — a row without a source is not accepted | acceptor: hold — NOT_A_SOURCE_FACT Collector proposed no value (unknown); nothing to verify, no official coordinates seen"
alchemy-uluwatu,alchemy-uluwatu-24,category,DB,F,replace,cafe,restaurant,https://www.alchemybali.co/alchemy-ubud-bali-contact,"ALCHEMY RESTAURANTS
Alchemy Ubud",2026-09-28,bb669d99bcc442c7553adeaf946183d8b68e9bba0676a4fbe58559c6a24651ab,ready,pass,hold,"NOT_A_SOURCE_FACT Quote is the site heading ALCHEMY RESTAURANTS followed by the Ubud entry; Uluwatu is listed under the same heading, but cafe vs restaurant is an Other Bali taxonomy decision, not a fact the page proves",HOLD,"acceptor: hold — NOT_A_SOURCE_FACT Quote is the site heading ALCHEMY RESTAURANTS followed by the Ubud entry; Uluwatu is listed under the same heading, but cafe vs restaurant is an Other Bali taxonomy decision, not a fact the page proves"
alchemy-uluwatu,alchemy-uluwatu-25,lastVerifiedAt,CODE,F,keep,2026-07-12,,,,,,ready,skip,,,KEEP,
artisan-uluwatu,artisan-uluwatu-01,name,CODE,F,keep,Artisan Uluwatu,Artisan Uluwatu,https://artisangroup.id/wp-content/uploads/2024/11/ULUWATU-MENU-FOR-SOCIALS.pdf,Visual Menu available @ulu.artisan,2026-09-28,f119a32c5f20e83a5ca784baf50a618d8bb5caae9c0ed2ed63d2f8ae51abcec2,unclear,skip,,,KEEP,
artisan-uluwatu,artisan-uluwatu-02,copy:verdict#1,CODE,Q,remove,"Bakery-café by day, wood-fired dining by night — the Suluban strip's most ambitious pastry counter.",,,,,,ready,pass,hold,NOT_A_SOURCE_FACT Editorial verdict sentence ('most ambitious pastry counter'); bakery/dinner service is consistent with the Uluwatu menu PDF but the sentence is not a source fact,HOLD,"identity gate failed: {""operating"":null,""current_name"":""Artisan Uluwatu (menu header: ULUWATU; visual menu handle @ulu.artisan)"",""branch_ok"":true,""multi_branch"":true,""evidence"":{""quote"":""U L U W A T U\n\nBREAKFAST MENU\n\n7AM - 3PM"",""source_url"":""https://artisangroup.id/wp-content/uploads/2024/11/ULUWATU-MENU-FOR-SOCIALS.pdf""},""note"":""Operating status cannot be confirmed: source_unreachable_env: artisangroup.id root, /uluwatu/ and /menu/ return HTTP 500/503 today; only the menu PDF on that domain is reachable, and it is undated (upload path 2024/11). Chope says 'this restaurant is not accepting reservations on Chope'; Dish Cult page is 404. Reconcile should HOLD.""}"
artisan-uluwatu,artisan-uluwatu-03,copy:whyHere#1,CODE,F,keep,"Artisan runs two personalities out of one room: a real bakery (sourdough, pastries, the panuozzo) feeding surf-morning traffic, then a cocktails-and-wood-fire evening service.",,https://artisangroup.id/wp-content/uploads/2024/11/ULUWATU-MENU-FOR-SOCIALS.pdf,"BAKERY
SUBJECT TO AVAILABILITY 

CROISSANT  

PAIN AU CHOCOLATE",2026-09-28,f119a32c5f20e83a5ca784baf50a618d8bb5caae9c0ed2ed63d2f8ae51abcec2,unclear,skip,,,KEEP,
artisan-uluwatu,artisan-uluwatu-04,copy:whyHere#2,CODE,Q,remove,Few Bukit cafés survive that transition; this one does.,,,,,,ready,pass,hold,NOT_A_SOURCE_FACT Editorial sentence; not a fact a website proves,HOLD,"identity gate failed: {""operating"":null,""current_name"":""Artisan Uluwatu (menu header: ULUWATU; visual menu handle @ulu.artisan)"",""branch_ok"":true,""multi_branch"":true,""evidence"":{""quote"":""U L U W A T U\n\nBREAKFAST MENU\n\n7AM - 3PM"",""source_url"":""https://artisangroup.id/wp-content/uploads/2024/11/ULUWATU-MENU-FOR-SOCIALS.pdf""},""note"":""Operating status cannot be confirmed: source_unreachable_env: artisangroup.id root, /uluwatu/ and /menu/ return HTTP 500/503 today; only the menu PDF on that domain is reachable, and it is undated (upload path 2024/11). Chope says 'this restaurant is not accepting reservations on Chope'; Dish Cult page is 404. Reconcile should HOLD.""}"
artisan-uluwatu,artisan-uluwatu-05,copy:whatToExpect#1,CODE,F,keep,"Counter pastries and stuffed bagels in the morning, casual dinner plates and drinks after dark, with regular live-music evenings.",,https://artisangroup.id/wp-content/uploads/2024/11/ULUWATU-MENU-FOR-SOCIALS.pdf,"DINNER

6PM - 10:30PM",2026-09-28,f119a32c5f20e83a5ca784baf50a618d8bb5caae9c0ed2ed63d2f8ae51abcec2,unclear,skip,,,KEEP,
artisan-uluwatu,artisan-uluwatu-06,copy:whatToExpect#2,CODE,F,keep,Part of a small Bukit family of Artisan branches — this record is the Uluwatu/Suluban room.,,https://artisangroup.id/wp-content/uploads/2024/11/ULUWATU-MENU-FOR-SOCIALS.pdf,U L U W A T U,2026-09-28,f119a32c5f20e83a5ca784baf50a618d8bb5caae9c0ed2ed63d2f8ae51abcec2,unclear,skip,,,KEEP,
artisan-uluwatu,artisan-uluwatu-07,copy:whatToExpect#3,CODE,F,keep,Contact the venue for dinner; mornings are walk-in.,,,,,,unclear,skip,,,KEEP,
artisan-uluwatu,artisan-uluwatu-08,bestFor,CODE,O,keep,brunch after a surf; pastry-led coffee stops; casual date-night dinners,,,,,,ready,skip,,,KEEP,
artisan-uluwatu,artisan-uluwatu-09,notFor,CODE,O,keep,silent laptop marathons at peak brunch,,,,,,ready,skip,,,KEEP,
artisan-uluwatu,artisan-uluwatu-10,copy:practicalNote#1,CODE,F,keep,"Jl. Pantai Labuansait, Suluban, Pecatu.",,,,,,unclear,skip,,,KEEP,
artisan-uluwatu,artisan-uluwatu-11,copy:reservations#1,CODE,F,keep,Contact the venue directly for dinner; daytime is walk-in.,,,,,,unclear,skip,,,KEEP,
artisan-uluwatu,artisan-uluwatu-12,whatToOrder,CODE,F,replace,panuozzo; pastries; sourdough,croissant; saffron benedict; linguine & clams,https://artisangroup.id/wp-content/uploads/2024/11/ULUWATU-MENU-FOR-SOCIALS.pdf,"SAFFRON BENEDICT │100     V GF
POACHED EGGS, SAFFRON HOLLANDAISE, GRILLED
ASPARAGUS, POTATO ROSTI",2026-09-28,f119a32c5f20e83a5ca784baf50a618d8bb5caae9c0ed2ed63d2f8ae51abcec2,unclear,pass,accept,"OK Menu PDF on artisangroup.id headed U L U W A T U; SAFFRON BENEDICT 100, CROISSANT (bakery section) and LINGUINE & CLAMS 130 (dinner) all present in the extracted text",HOLD,"identity gate failed: {""operating"":null,""current_name"":""Artisan Uluwatu (menu header: ULUWATU; visual menu handle @ulu.artisan)"",""branch_ok"":true,""multi_branch"":true,""evidence"":{""quote"":""U L U W A T U\n\nBREAKFAST MENU\n\n7AM - 3PM"",""source_url"":""https://artisangroup.id/wp-content/uploads/2024/11/ULUWATU-MENU-FOR-SOCIALS.pdf""},""note"":""Operating status cannot be confirmed: source_unreachable_env: artisangroup.id root, /uluwatu/ and /menu/ return HTTP 500/503 today; only the menu PDF on that domain is reachable, and it is undated (upload path 2024/11). Chope says 'this restaurant is not accepting reservations on Chope'; Dish Cult page is 404. Reconcile should HOLD.""}"
artisan-uluwatu,artisan-uluwatu-13,priceBand,CODE,F,keep,$$,$$,https://artisangroup.id/wp-content/uploads/2024/11/ULUWATU-MENU-FOR-SOCIALS.pdf,"CHARCOAL ROASTED CHICKEN│150     GF
HALF CHICKEN, CARROTS, CAULIFLOWER, HARISSA, YOGHURT, MINT",2026-09-28,f119a32c5f20e83a5ca784baf50a618d8bb5caae9c0ed2ed63d2f8ae51abcec2,unclear,skip,,,KEEP,
artisan-uluwatu,artisan-uluwatu-14,price_anchor,DB,F,add,,"Saffron Benedict IDR 100K (breakfast); Charcoal roasted chicken IDR 150K (dinner) — menu PDF, undated (upload 2024/11)",https://artisangroup.id/wp-content/uploads/2024/11/ULUWATU-MENU-FOR-SOCIALS.pdf,SAFFRON BENEDICT │100     V GF,2026-09-28,f119a32c5f20e83a5ca784baf50a618d8bb5caae9c0ed2ed63d2f8ae51abcec2,unclear,pass,accept,"OK SAFFRON BENEDICT 100 in breakfast section and CHARCOAL ROASTED CHICKEN 150 in the DINNER 6PM - 10:30PM section of the Uluwatu PDF; anchor names items, currency and states the PDF is undated (upload 2024/11); captured 2026-09-28",HOLD,"identity gate failed: {""operating"":null,""current_name"":""Artisan Uluwatu (menu header: ULUWATU; visual menu handle @ulu.artisan)"",""branch_ok"":true,""multi_branch"":true,""evidence"":{""quote"":""U L U W A T U\n\nBREAKFAST MENU\n\n7AM - 3PM"",""source_url"":""https://artisangroup.id/wp-content/uploads/2024/11/ULUWATU-MENU-FOR-SOCIALS.pdf""},""note"":""Operating status cannot be confirmed: source_unreachable_env: artisangroup.id root, /uluwatu/ and /menu/ return HTTP 500/503 today; only the menu PDF on that domain is reachable, and it is undated (upload path 2024/11). Chope says 'this restaurant is not accepting reservations on Chope'; Dish Cult page is 404. Reconcile should HOLD.""}"
artisan-uluwatu,artisan-uluwatu-15,address,CODE,F,unknown,"Jl. Pantai Labuansait Suluban, Pecatu",,,,,,not_found,fail,hold,NOT_A_SOURCE_FACT Collector proposed no value (unknown); nothing to verify,HOLD,"identity gate failed: {""operating"":null,""current_name"":""Artisan Uluwatu (menu header: ULUWATU; visual menu handle @ulu.artisan)"",""branch_ok"":true,""multi_branch"":true,""evidence"":{""quote"":""U L U W A T U\n\nBREAKFAST MENU\n\n7AM - 3PM"",""source_url"":""https://artisangroup.id/wp-content/uploads/2024/11/ULUWATU-MENU-FOR-SOCIALS.pdf""},""note"":""Operating status cannot be confirmed: source_unreachable_env: artisangroup.id root, /uluwatu/ and /menu/ return HTTP 500/503 today; only the menu PDF on that domain is reachable, and it is undated (upload path 2024/11). Chope says 'this restaurant is not accepting reservations on Chope'; Dish Cult page is 404. Reconcile should HOLD.""}"
artisan-uluwatu,artisan-uluwatu-16,hours,CODE,F,add,,"{""Monday"":[""7.00am-10.30pm""],""Tuesday"":[""7.00am-10.30pm""],""Wednesday"":[""7.00am-10.30pm""],""Thursday"":[""7.00am-10.30pm""],""Friday"":[""7.00am-10.30pm""],""Saturday"":[""7.00am-10.30pm""],""Sunday"":[""7.00am-10.30pm""]}",https://artisangroup.id/wp-content/uploads/2024/11/ULUWATU-MENU-FOR-SOCIALS.pdf,"BREAKFAST MENU

7AM - 3PM",2026-09-28,f119a32c5f20e83a5ca784baf50a618d8bb5caae9c0ed2ed63d2f8ae51abcec2,unclear,pass,reject,"VALUE_NOT_SUPPORTED_BY_QUOTE Quote is the breakfast service window (7AM - 3PM); the PDF only gives service windows (breakfast 7-3, lunch 12-5, dinner 6-10:30) with no days of week and a 5-6pm gap; 7am-10:30pm daily is a composite, not stated venue hours",HOLD,"identity gate failed: {""operating"":null,""current_name"":""Artisan Uluwatu (menu header: ULUWATU; visual menu handle @ulu.artisan)"",""branch_ok"":true,""multi_branch"":true,""evidence"":{""quote"":""U L U W A T U\n\nBREAKFAST MENU\n\n7AM - 3PM"",""source_url"":""https://artisangroup.id/wp-content/uploads/2024/11/ULUWATU-MENU-FOR-SOCIALS.pdf""},""note"":""Operating status cannot be confirmed: source_unreachable_env: artisangroup.id root, /uluwatu/ and /menu/ return HTTP 500/503 today; only the menu PDF on that domain is reachable, and it is undated (upload path 2024/11). Chope says 'this restaurant is not accepting reservations on Chope'; Dish Cult page is 404. Reconcile should HOLD.""}"
artisan-uluwatu,artisan-uluwatu-17,opening_hours_json,DB,F,unknown,,,,,,,not_found,fail,hold,NOT_A_SOURCE_FACT Collector proposed no value (unknown); nothing to verify,HOLD,"identity gate failed: {""operating"":null,""current_name"":""Artisan Uluwatu (menu header: ULUWATU; visual menu handle @ulu.artisan)"",""branch_ok"":true,""multi_branch"":true,""evidence"":{""quote"":""U L U W A T U\n\nBREAKFAST MENU\n\n7AM - 3PM"",""source_url"":""https://artisangroup.id/wp-content/uploads/2024/11/ULUWATU-MENU-FOR-SOCIALS.pdf""},""note"":""Operating status cannot be confirmed: source_unreachable_env: artisangroup.id root, /uluwatu/ and /menu/ return HTTP 500/503 today; only the menu PDF on that domain is reachable, and it is undated (upload path 2024/11). Chope says 'this restaurant is not accepting reservations on Chope'; Dish Cult page is 404. Reconcile should HOLD.""}"
artisan-uluwatu,artisan-uluwatu-18,officialUrl,BOTH,F,unknown,,,,,,,not_found,fail,hold,NOT_A_SOURCE_FACT Collector proposed no value (unknown); artisangroup.id homepage returned HTTP 500 on refetch,HOLD,"identity gate failed: {""operating"":null,""current_name"":""Artisan Uluwatu (menu header: ULUWATU; visual menu handle @ulu.artisan)"",""branch_ok"":true,""multi_branch"":true,""evidence"":{""quote"":""U L U W A T U\n\nBREAKFAST MENU\n\n7AM - 3PM"",""source_url"":""https://artisangroup.id/wp-content/uploads/2024/11/ULUWATU-MENU-FOR-SOCIALS.pdf""},""note"":""Operating status cannot be confirmed: source_unreachable_env: artisangroup.id root, /uluwatu/ and /menu/ return HTTP 500/503 today; only the menu PDF on that domain is reachable, and it is undated (upload path 2024/11). Chope says 'this restaurant is not accepting reservations on Chope'; Dish Cult page is 404. Reconcile should HOLD.""}"
artisan-uluwatu,artisan-uluwatu-19,instagramUrl,BOTH,F,keep,https://www.instagram.com/artisan.bali/,,https://artisangroup.id/wp-content/uploads/2024/11/ULUWATU-MENU-FOR-SOCIALS.pdf,Visual Menu available @ulu.artisan,2026-09-28,f119a32c5f20e83a5ca784baf50a618d8bb5caae9c0ed2ed63d2f8ae51abcec2,unclear,skip,,,KEEP,
artisan-uluwatu,artisan-uluwatu-20,bookingUrl,BOTH,F,unknown,,,,,,,not_found,fail,hold,NOT_A_SOURCE_FACT Collector proposed no value (unknown); nothing to verify,HOLD,"identity gate failed: {""operating"":null,""current_name"":""Artisan Uluwatu (menu header: ULUWATU; visual menu handle @ulu.artisan)"",""branch_ok"":true,""multi_branch"":true,""evidence"":{""quote"":""U L U W A T U\n\nBREAKFAST MENU\n\n7AM - 3PM"",""source_url"":""https://artisangroup.id/wp-content/uploads/2024/11/ULUWATU-MENU-FOR-SOCIALS.pdf""},""note"":""Operating status cannot be confirmed: source_unreachable_env: artisangroup.id root, /uluwatu/ and /menu/ return HTTP 500/503 today; only the menu PDF on that domain is reachable, and it is undated (upload path 2024/11). Chope says 'this restaurant is not accepting reservations on Chope'; Dish Cult page is 404. Reconcile should HOLD.""}"
artisan-uluwatu,artisan-uluwatu-21,menuUrl,BOTH,F,add,,https://artisangroup.id/wp-content/uploads/2024/11/ULUWATU-MENU-FOR-SOCIALS.pdf,https://artisangroup.id/wp-content/uploads/2024/11/ULUWATU-MENU-FOR-SOCIALS.pdf,Subject to 10% govt tax & 5% service charge,2026-09-28,f119a32c5f20e83a5ca784baf50a618d8bb5caae9c0ed2ed63d2f8ae51abcec2,unclear,pass,accept,"OK PDF on official artisangroup.id domain, headed ULUWATU, quoted tax line present; sha256 matches",HOLD,"identity gate failed: {""operating"":null,""current_name"":""Artisan Uluwatu (menu header: ULUWATU; visual menu handle @ulu.artisan)"",""branch_ok"":true,""multi_branch"":true,""evidence"":{""quote"":""U L U W A T U\n\nBREAKFAST MENU\n\n7AM - 3PM"",""source_url"":""https://artisangroup.id/wp-content/uploads/2024/11/ULUWATU-MENU-FOR-SOCIALS.pdf""},""note"":""Operating status cannot be confirmed: source_unreachable_env: artisangroup.id root, /uluwatu/ and /menu/ return HTTP 500/503 today; only the menu PDF on that domain is reachable, and it is undated (upload path 2024/11). Chope says 'this restaurant is not accepting reservations on Chope'; Dish Cult page is 404. Reconcile should HOLD.""}"
artisan-uluwatu,artisan-uluwatu-22,phone,DB,F,unknown,,,,,,,not_found,fail,hold,NOT_A_SOURCE_FACT Collector proposed no value (unknown); nothing to verify,HOLD,"identity gate failed: {""operating"":null,""current_name"":""Artisan Uluwatu (menu header: ULUWATU; visual menu handle @ulu.artisan)"",""branch_ok"":true,""multi_branch"":true,""evidence"":{""quote"":""U L U W A T U\n\nBREAKFAST MENU\n\n7AM - 3PM"",""source_url"":""https://artisangroup.id/wp-content/uploads/2024/11/ULUWATU-MENU-FOR-SOCIALS.pdf""},""note"":""Operating status cannot be confirmed: source_unreachable_env: artisangroup.id root, /uluwatu/ and /menu/ return HTTP 500/503 today; only the menu PDF on that domain is reachable, and it is undated (upload path 2024/11). Chope says 'this restaurant is not accepting reservations on Chope'; Dish Cult page is 404. Reconcile should HOLD.""}"
artisan-uluwatu,artisan-uluwatu-23,full_address,DB,F,unknown,,,,,,,not_found,fail,hold,NOT_A_SOURCE_FACT Collector proposed no value (unknown); nothing to verify,HOLD,"identity gate failed: {""operating"":null,""current_name"":""Artisan Uluwatu (menu header: ULUWATU; visual menu handle @ulu.artisan)"",""branch_ok"":true,""multi_branch"":true,""evidence"":{""quote"":""U L U W A T U\n\nBREAKFAST MENU\n\n7AM - 3PM"",""source_url"":""https://artisangroup.id/wp-content/uploads/2024/11/ULUWATU-MENU-FOR-SOCIALS.pdf""},""note"":""Operating status cannot be confirmed: source_unreachable_env: artisangroup.id root, /uluwatu/ and /menu/ return HTTP 500/503 today; only the menu PDF on that domain is reachable, and it is undated (upload path 2024/11). Chope says 'this restaurant is not accepting reservations on Chope'; Dish Cult page is 404. Reconcile should HOLD.""}"
artisan-uluwatu,artisan-uluwatu-24,coordinates,DB,F,unknown,,,,,,,not_found,fail,hold,NOT_A_SOURCE_FACT Collector proposed no value (unknown); nothing to verify,HOLD,"identity gate failed: {""operating"":null,""current_name"":""Artisan Uluwatu (menu header: ULUWATU; visual menu handle @ulu.artisan)"",""branch_ok"":true,""multi_branch"":true,""evidence"":{""quote"":""U L U W A T U\n\nBREAKFAST MENU\n\n7AM - 3PM"",""source_url"":""https://artisangroup.id/wp-content/uploads/2024/11/ULUWATU-MENU-FOR-SOCIALS.pdf""},""note"":""Operating status cannot be confirmed: source_unreachable_env: artisangroup.id root, /uluwatu/ and /menu/ return HTTP 500/503 today; only the menu PDF on that domain is reachable, and it is undated (upload path 2024/11). Chope says 'this restaurant is not accepting reservations on Chope'; Dish Cult page is 404. Reconcile should HOLD.""}"
artisan-uluwatu,artisan-uluwatu-25,category,DB,F,keep,cafe,cafe,https://artisangroup.id/wp-content/uploads/2024/11/ULUWATU-MENU-FOR-SOCIALS.pdf,"AT ULU, WE PRIORITIZE QUALITY PRODUCE, GOOD TECHNIQUE, AND AN OPEN-MINDED APPROACH TO FOOD.",2026-09-28,f119a32c5f20e83a5ca784baf50a618d8bb5caae9c0ed2ed63d2f8ae51abcec2,unclear,skip,,,KEEP,
artisan-uluwatu,artisan-uluwatu-26,lastVerifiedAt,CODE,F,keep,2026-07-12,,,,,,ready,skip,,,KEEP,
bgs-uluwatu,bgs-uluwatu-01,name,CODE,F,keep,BGS Uluwatu,BGS Uluwatu,https://bgsbali.com/store/bgs-uluwatu/,BGS Uluwatu – Surf Coffee & Store Near Uluwatu Beach,2026-09-28,ae81f57d5f0290e98832efd6e83329ea846e1d8f4fbb352af3950610ed34f7e6,ready,skip,,,KEEP,
bgs-uluwatu,bgs-uluwatu-02,copy:verdict#1,CODE,F,keep,Surf shop with a serious coffee bar at the Suluban entrance — the dawn-patrol espresso stop.,,https://bgsbali.com/store/bgs-uluwatu/,Located just before the entrance to Suluban and Uluwatu Beach.,2026-09-28,ae81f57d5f0290e98832efd6e83329ea846e1d8f4fbb352af3950610ed34f7e6,ready,skip,,,KEEP,
bgs-uluwatu,bgs-uluwatu-03,copy:whyHere#1,CODE,F,keep,"BGS is where the Uluwatu surf day actually starts: grab a homemade-almond-milk latte, wax and a leash in one stop just before the Suluban beach entrance.",,https://bgsbali.com/store/bgs-uluwatu/,"Collections
Surf Shop
Lifestyle
Pyzel Surfboards
Fins
Leash
Traction Pad
Surf Ear
Surf Wax",2026-09-28,ae81f57d5f0290e98832efd6e83329ea846e1d8f4fbb352af3950610ed34f7e6,unclear,skip,,,KEEP,
bgs-uluwatu,bgs-uluwatu-04,copy:whyHere#2,CODE,O,keep,"It is a coffee bar first and a café second — no kitchen theatre, just the right fuel.",,,,,,ready,skip,,,KEEP,
bgs-uluwatu,bgs-uluwatu-05,copy:whatToExpect#1,CODE,F,keep,"Counter coffee (Sumatra-sourced), light bites and bakery items, boards and hardware on the walls.",,https://bgsbali.com/store/bgs-uluwatu/,"Surf gear, curated merch, cold drinks, and a team that always makes you feel welcome.",2026-09-28,ae81f57d5f0290e98832efd6e83329ea846e1d8f4fbb352af3950610ed34f7e6,unclear,skip,,,KEEP,
bgs-uluwatu,bgs-uluwatu-06,copy:whatToExpect#2,CODE,F,keep,Opens early for first light; prices are the gentlest on this list.,,https://bgsbali.com/store/bgs-uluwatu/,"Open Hours
06:30 – 22:00",2026-09-28,ae81f57d5f0290e98832efd6e83329ea846e1d8f4fbb352af3950610ed34f7e6,unclear,skip,,,KEEP,
bgs-uluwatu,bgs-uluwatu-07,copy:whatToExpect#3,CODE,F,keep,Part of the BGS family of Bali surf-coffee shops.,,https://bgsbali.com/store/bgs-uluwatu/,"Visit Store
BGS Canggu
BGS Uluwatu
BGS Kuta
BGS Dreamland
BGS Ubud
BGS G-Land",2026-09-28,ae81f57d5f0290e98832efd6e83329ea846e1d8f4fbb352af3950610ed34f7e6,ready,skip,,,KEEP,
bgs-uluwatu,bgs-uluwatu-08,bestFor,CODE,O,keep,pre-surf coffee at dawn; quick takeaway stops,,,,,,ready,skip,,,KEEP,
bgs-uluwatu,bgs-uluwatu-09,notFor,CODE,O,keep,full breakfasts or long sit-down sessions,,,,,,ready,skip,,,KEEP,
bgs-uluwatu,bgs-uluwatu-10,copy:practicalNote#1,CODE,F,keep,"Jl. Labuansait, Pecatu — just before the Suluban/Uluwatu Beach entrance.",,https://bgsbali.com/store/bgs-uluwatu/,Located just before the entrance to Suluban and Uluwatu Beach.,2026-09-28,ae81f57d5f0290e98832efd6e83329ea846e1d8f4fbb352af3950610ed34f7e6,ready,skip,,,KEEP,
bgs-uluwatu,bgs-uluwatu-11,copy:reservations#1,CODE,F,keep,Walk-in.,,,,,,unclear,skip,,,KEEP,
bgs-uluwatu,bgs-uluwatu-12,whatToOrder,CODE,F,keep,almond latte; light bites; bakery,,https://store.bgsbali.com/pages/menu,"BGS Bali Coffee Bar Menu - Drinks, Lunch, Dinner at Uluwatu & Canggu",2026-09-28,5e8b7f17340e40e60408ac56bd8b1f713e7def3ef582a9f6d2157defbfbd0e9c,unclear,skip,,,KEEP,
bgs-uluwatu,bgs-uluwatu-13,priceBand,CODE,F,keep,$,,,,,,unclear,skip,,,KEEP,
bgs-uluwatu,bgs-uluwatu-14,price_anchor,DB,F,unknown,,,,,,,not_found,fail,hold,NOT_A_SOURCE_FACT Collector proposed no value (unknown); nothing to verify,HOLD,collector status: not_found | validator: no source_url — a row without a source is not accepted | acceptor: hold — NOT_A_SOURCE_FACT Collector proposed no value (unknown); nothing to verify
bgs-uluwatu,bgs-uluwatu-15,address,CODE,F,keep,"Jl. Labuansait, Pecatu","Jl. Labuansait, Pecatu",https://bgsbali.com/store/bgs-uluwatu/,"Store Info
Address
Jl. Labuansait, Pecatu, Kec. Kuta Sel., Kabupaten Badung, Bali 80361
Open Hours
06:30 – 22:00
Phone
+62 878-6181-3103",2026-09-28,ae81f57d5f0290e98832efd6e83329ea846e1d8f4fbb352af3950610ed34f7e6,ready,skip,,,KEEP,
bgs-uluwatu,bgs-uluwatu-16,hours,CODE,F,add,,"{""Monday"":[""6.30am-10.00pm""],""Tuesday"":[""6.30am-10.00pm""],""Wednesday"":[""6.30am-10.00pm""],""Thursday"":[""6.30am-10.00pm""],""Friday"":[""6.30am-10.00pm""],""Saturday"":[""6.30am-10.00pm""],""Sunday"":[""6.30am-10.00pm""]}",https://bgsbali.com/store/bgs-uluwatu/,"Store Info
Address
Jl. Labuansait, Pecatu, Kec. Kuta Sel., Kabupaten Badung, Bali 80361
Open Hours
06:30 – 22:00
Phone
+62 878-6181-3103",2026-09-28,ae81f57d5f0290e98832efd6e83329ea846e1d8f4fbb352af3950610ed34f7e6,ready,pass,hold,"VALUE_NOT_SUPPORTED_BY_QUOTE Official /store/bgs-uluwatu/ page gives Open Hours 06:30 - 22:00 as a single window with no days of week; the 7-day coverage is inferred, not stated. Window itself is plausible for a cafe",HOLD,"acceptor: hold — VALUE_NOT_SUPPORTED_BY_QUOTE Official /store/bgs-uluwatu/ page gives Open Hours 06:30 - 22:00 as a single window with no days of week; the 7-day coverage is inferred, not stated. Window itself is plausible for a cafe"
bgs-uluwatu,bgs-uluwatu-17,opening_hours_json,DB,F,add,,"{""Monday"":[""6.30am-10.00pm""],""Tuesday"":[""6.30am-10.00pm""],""Wednesday"":[""6.30am-10.00pm""],""Thursday"":[""6.30am-10.00pm""],""Friday"":[""6.30am-10.00pm""],""Saturday"":[""6.30am-10.00pm""],""Sunday"":[""6.30am-10.00pm""]}",https://bgsbali.com/store/bgs-uluwatu/,"Store Info
Address
Jl. Labuansait, Pecatu, Kec. Kuta Sel., Kabupaten Badung, Bali 80361
Open Hours
06:30 – 22:00
Phone
+62 878-6181-3103",2026-09-28,ae81f57d5f0290e98832efd6e83329ea846e1d8f4fbb352af3950610ed34f7e6,ready,pass,hold,"VALUE_NOT_SUPPORTED_BY_QUOTE Same as -16: 06:30 - 22:00 on the official Uluwatu store page, days of week not stated",HOLD,"acceptor: hold — VALUE_NOT_SUPPORTED_BY_QUOTE Same as -16: 06:30 - 22:00 on the official Uluwatu store page, days of week not stated"
bgs-uluwatu,bgs-uluwatu-18,officialUrl,BOTH,F,keep,https://bgsbali.com/store/bgs-uluwatu/,https://bgsbali.com/store/bgs-uluwatu/,https://bgsbali.com/store/bgs-uluwatu/,BGS Uluwatu – Surf Coffee & Store Near Uluwatu Beach,2026-09-28,ae81f57d5f0290e98832efd6e83329ea846e1d8f4fbb352af3950610ed34f7e6,ready,skip,,,KEEP,
bgs-uluwatu,bgs-uluwatu-19,instagramUrl,BOTH,F,keep,https://www.instagram.com/bgsbali/,,,,,,unclear,skip,,,KEEP,
bgs-uluwatu,bgs-uluwatu-20,bookingUrl,BOTH,F,unknown,,,,,,,not_found,fail,hold,NOT_A_SOURCE_FACT Collector proposed no value (unknown); nothing to verify,HOLD,collector status: not_found | validator: no source_url — a row without a source is not accepted | acceptor: hold — NOT_A_SOURCE_FACT Collector proposed no value (unknown); nothing to verify
bgs-uluwatu,bgs-uluwatu-21,menuUrl,BOTH,F,add,,https://store.bgsbali.com/pages/menu,https://store.bgsbali.com/pages/menu,"BGS Bali Coffee Bar Menu - Drinks, Lunch, Dinner at Uluwatu & Canggu",2026-09-28,5e8b7f17340e40e60408ac56bd8b1f713e7def3ef582a9f6d2157defbfbd0e9c,unclear,pass,accept,"OK store.bgsbali.com is a subdomain of the official domain; page title names Uluwatu & Canggu, quoted title present",HOLD,collector status: unclear
bgs-uluwatu,bgs-uluwatu-22,phone,DB,F,add,,+6287861813103,https://bgsbali.com/store/bgs-uluwatu/,"Store Info
Address
Jl. Labuansait, Pecatu, Kec. Kuta Sel., Kabupaten Badung, Bali 80361
Open Hours
06:30 – 22:00
Phone
+62 878-6181-3103",2026-09-28,ae81f57d5f0290e98832efd6e83329ea846e1d8f4fbb352af3950610ed34f7e6,ready,pass,hold,"BOUND_FAIL +62 878-6181-3103 is listed on the Uluwatu store page but the official Canggu store page (/store/bgs-canggu/) lists the identical number, so it is a shared brand line, not the Uluwatu venue's own",HOLD,"acceptor: hold — BOUND_FAIL +62 878-6181-3103 is listed on the Uluwatu store page but the official Canggu store page (/store/bgs-canggu/) lists the identical number, so it is a shared brand line, not the Uluwatu venue's own"
bgs-uluwatu,bgs-uluwatu-23,full_address,DB,F,add,"Jl. Labuansait, Pecatu","Jl. Labuansait, Pecatu, Kec. Kuta Sel., Kabupaten Badung, Bali 80361",https://bgsbali.com/store/bgs-uluwatu/,"Store Info
Address
Jl. Labuansait, Pecatu, Kec. Kuta Sel., Kabupaten Badung, Bali 80361
Open Hours
06:30 – 22:00
Phone
+62 878-6181-3103",2026-09-28,ae81f57d5f0290e98832efd6e83329ea846e1d8f4fbb352af3950610ed34f7e6,ready,pass,accept,"OK Official Uluwatu store page: Jl. Labuansait, Pecatu, Kec. Kuta Sel., Kabupaten Badung, Bali 80361; street marker present, no working notes, branch named in URL and text",ACCEPTED,
bgs-uluwatu,bgs-uluwatu-24,coordinates,DB,F,unknown,,,,,,,not_found,fail,hold,NOT_A_SOURCE_FACT Collector proposed no value (unknown); nothing to verify,HOLD,collector status: not_found | validator: no source_url — a row without a source is not accepted | acceptor: hold — NOT_A_SOURCE_FACT Collector proposed no value (unknown); nothing to verify
bgs-uluwatu,bgs-uluwatu-25,category,DB,F,keep,cafe,cafe,https://bgsbali.com/store/bgs-uluwatu/,BGS Uluwatu – Surf Coffee & Store Near Uluwatu Beach,2026-09-28,ae81f57d5f0290e98832efd6e83329ea846e1d8f4fbb352af3950610ed34f7e6,ready,skip,,,KEEP,
bgs-uluwatu,bgs-uluwatu-26,lastVerifiedAt,CODE,F,keep,2026-07-12,,,,,,ready,skip,,,KEEP,
el-kabron-bali,el-kabron-bali-01,name,CODE,F,keep,El Kabrón,El Kabrón,https://elkabron.com/,El Kabron Bali is a Luxury Party Beach Club & Mediterranean Oceanfront Restaurant in Uluwatu,2026-09-28,45a2871c7168bd332efb36593d7f5fb1faae7ec531ce3ebc25406fc27562f005,ready,skip,,,KEEP,
el-kabron-bali,el-kabron-bali-02,copy:verdict#1,CODE,Q,remove,"Spanish cliff club above Pecatu's west coast — paella, an edge-of-the-world pool and Bali's most theatrical sunset seating.",,,,,,ready,pass,hold,"NOT_A_SOURCE_FACT Editorial verdict sentence ('most theatrical sunset seating'); paella, pool and sunset are on the official site but the sentence is not a source fact",HOLD,"acceptor: hold — NOT_A_SOURCE_FACT Editorial verdict sentence ('most theatrical sunset seating'); paella, pool and sunset are on the official site but the sentence is not a source fact | removal: founder confirms every removal"
el-kabron-bali,el-kabron-bali-03,copy:whyHere#1,CODE,F,keep,El Kabrón has run its 'Sunset Theater' on this cliff since 2011: a Spanish restaurant and pool set on a west-facing edge with nothing between you and the horizon.,,https://elkabron.com/,"Established in the heart of Uluwatu in 2011, El Kabron Bali offers a unique hedonistic paradise under the palms with phenomenal sunsets all year round, high-end oceanfront dining, and signature daily Sunset Parties with live performances.",2026-09-28,45a2871c7168bd332efb36593d7f5fb1faae7ec531ce3ebc25406fc27562f005,ready,skip,,,KEEP,
el-kabron-bali,el-kabron-bali-04,copy:whyHere#2,CODE,O,keep,"It is the occasion venue of the district — anniversaries, proposals, last-night blowouts.",,,,,,ready,skip,,,KEEP,
el-kabron-bali,el-kabron-bali-05,copy:whatToExpect#1,CODE,F,keep,"Minimum-spend seating tiers around a cliff-edge pool, a full Spanish kitchen (oysters, paella, tomahawk), and a sunset hour that books out.",,https://elkabron.com/pricelist,"Elevate your trip to Bali with fresh oysters on ice, grilled seafood, caviar, Spanish paella with giant lobster, tomahawk steak and other signature El Kabron dishes",2026-09-28,bcf122650c11f20c165c1f8f4393d7c76ee4432e73533e3dc01658b05d58ffc3,ready,skip,,,KEEP,
el-kabron-bali,el-kabron-bali-06,copy:whatToExpect#2,CODE,F,keep,Despite the 'beach club' label there is no beach access — this is a cliff venue.,,https://elkabron.com/pricelist,"Located on the cliffs of Uluwatu, it's the perfect setting for couples, groups, and celebrations",2026-09-28,bcf122650c11f20c165c1f8f4393d7c76ee4432e73533e3dc01658b05d58ffc3,unclear,skip,,,KEEP,
el-kabron-bali,el-kabron-bali-07,copy:whatToExpect#3,CODE,O,keep,Budget accordingly: it is one of the area's priciest tickets.,,,,,,ready,skip,,,KEEP,
el-kabron-bali,el-kabron-bali-08,bestFor,CODE,O,keep,special occasions; sunset dinner dates; celebratory groups,,,,,,ready,skip,,,KEEP,
el-kabron-bali,el-kabron-bali-09,notFor,CODE,O,keep,casual walk-in beers or families after a beach day,,,,,,ready,skip,,,KEEP,
el-kabron-bali,el-kabron-bali-10,copy:practicalNote#1,CODE,F,keep,"Jl. Pantai Cemongkak, Pecatu — between Bingin and Uluwatu.",,https://elkabron.com/faq,"Location El Kabron Bali is located at Jl. Pantai Cemongkak, Pecatu, Bali 80361.",2026-09-28,2a1a130ad4e674d8b37090dc31f9b32ffd1562cc45cde561006170faff977608,ready,skip,,,KEEP,
el-kabron-bali,el-kabron-bali-11,copy:reservations#1,CODE,F,keep,Reservations with deposit via the official Book Now page — essential at sunset.,,https://elkabron.com/faq,All reservations are non-refundable and non-transferrable to another date.,2026-09-28,2a1a130ad4e674d8b37090dc31f9b32ffd1562cc45cde561006170faff977608,unclear,skip,,,KEEP,
el-kabron-bali,el-kabron-bali-12,whatToOrder,CODE,F,replace,oysters; tomahawk,oysters; seafood paella; rib-eye steak,https://elkabron.com/menu/el-kabron-bali-uluwatu-food-menu.webp,SEAFOOD PAELLA,2026-09-28,8ffc59603d0b056dcb2f798e7ef9b3b8411da35a9eb952208325b8bd4c640b7e,ready,fail,accept,"OK Official menu image (elkabron.com, filename names Uluwatu) is legible: OYSTERS section, SEAFOOD PAELLA 355/1 person, RIB-EYE STEAK 925 all visible; image evidence, founder checks the file",HOLD,validator: no 200 snapshot with text for this source_url (run snapshot.mjs) | quote transcribed from image: founder checks the file
el-kabron-bali,el-kabron-bali-13,priceBand,CODE,F,keep,$$$,$$$,https://elkabron.com/menu/el-kabron-bali-uluwatu-food-menu.webp,SEAFOOD PAELLA,2026-09-28,8ffc59603d0b056dcb2f798e7ef9b3b8411da35a9eb952208325b8bd4c640b7e,ready,skip,,,KEEP,
el-kabron-bali,el-kabron-bali-14,price_anchor,DB,F,add,,"Seafood paella IDR 355K per person; Rib-eye steak IDR 925K (official food menu image, 2026-09-28; prices in '000 subject to 10% service and 10% tax)",https://elkabron.com/menu/el-kabron-bali-uluwatu-food-menu.webp,All prices shown are in Indonesian rupiah quoted in '000' and subject to 10% service charge and 10% government tax,2026-09-28,8ffc59603d0b056dcb2f798e7ef9b3b8411da35a9eb952208325b8bd4c640b7e,ready,fail,accept,"OK Menu image footer reads exactly the quoted '000/10%/10% line; SEAFOOD PAELLA 355 / 1 person and RIB-EYE STEAK 925 visible; anchor names items, currency and capture date; image evidence, founder checks the file",HOLD,validator: no 200 snapshot with text for this source_url (run snapshot.mjs) | quote transcribed from image: founder checks the file
el-kabron-bali,el-kabron-bali-15,address,CODE,F,keep,"Jl. Pantai Cemongkak, Pecatu","Jl. Pantai Cemongkak, Pecatu",https://elkabron.com/faq,"Location El Kabron Bali is located at Jl. Pantai Cemongkak, Pecatu, Bali 80361.",2026-09-28,2a1a130ad4e674d8b37090dc31f9b32ffd1562cc45cde561006170faff977608,ready,skip,,,KEEP,
el-kabron-bali,el-kabron-bali-16,hours,CODE,F,add,,"{""Monday"":[""11.00am-23.59pm""],""Tuesday"":[""11.00am-23.59pm""],""Wednesday"":[""11.00am-23.59pm""],""Thursday"":[""11.00am-23.59pm""],""Friday"":[""11.00am-23.59pm""],""Saturday"":[""11.00am-23.59pm""],""Sunday"":[""11.00am-23.59pm""]}",https://elkabron.com/faq,Hours of Operation Every day from 11:00 until midnight.,2026-09-28,2a1a130ad4e674d8b37090dc31f9b32ffd1562cc45cde561006170faff977608,ready,pass,hold,"BOUND_FAIL Official FAQ says 'Every day from 11:00 until midnight' (supports 11:00-23:59 daily), but the proposed string '11.00am-23.59pm' mixes a 24h value with a pm suffix; re-express as 11.00am-11.59pm before publishing",HOLD,"acceptor: hold — BOUND_FAIL Official FAQ says 'Every day from 11:00 until midnight' (supports 11:00-23:59 daily), but the proposed string '11.00am-23.59pm' mixes a 24h value with a pm suffix; re-express as 11.00am-11.59pm before publishing"
el-kabron-bali,el-kabron-bali-17,opening_hours_json,DB,F,keep,"Mo 11:00-23:59, Tu 11:00-23:59, We 11:00-23:59, Th 11:00-23:59, Fr 11:00-23:59, Sa 11:00-23:59, Su 11:00-23:59","{""Monday"":[""11.00am-23.59pm""],""Tuesday"":[""11.00am-23.59pm""],""Wednesday"":[""11.00am-23.59pm""],""Thursday"":[""11.00am-23.59pm""],""Friday"":[""11.00am-23.59pm""],""Saturday"":[""11.00am-23.59pm""],""Sunday"":[""11.00am-23.59pm""]}",https://elkabron.com/faq,Hours of Operation Every day from 11:00 until midnight.,2026-09-28,2a1a130ad4e674d8b37090dc31f9b32ffd1562cc45cde561006170faff977608,ready,skip,,,KEEP,
el-kabron-bali,el-kabron-bali-18,officialUrl,BOTH,F,keep,https://elkabron.com/,https://elkabron.com/,https://elkabron.com/,© 2019–2026 El Kabron. Official website. All rights reserved.,2026-09-28,45a2871c7168bd332efb36593d7f5fb1faae7ec531ce3ebc25406fc27562f005,ready,skip,,,KEEP,
el-kabron-bali,el-kabron-bali-19,instagramUrl,BOTH,F,keep,https://www.instagram.com/elkabronbali/,,https://elkabron.com/,© 2019–2026 El Kabron. Official website.,2026-09-28,45a2871c7168bd332efb36593d7f5fb1faae7ec531ce3ebc25406fc27562f005,unclear,skip,,,KEEP,
el-kabron-bali,el-kabron-bali-20,bookingUrl,BOTH,F,keep,https://elkabron.com/book-now,https://elkabron.com/book-now,https://elkabron.com/book-now,Reservations should be made through the official El Kabron Bali website or directly with the El Kabron Bali Reservations Team.,2026-09-28,04f60331801ac28f0d08be63dac7044d967cc1a289c61404a6f2c9a5db63cd10,ready,skip,,,KEEP,
el-kabron-bali,el-kabron-bali-21,menuUrl,BOTH,F,add,,https://elkabron.com/menu/food,https://elkabron.com/menu/food,Food Menu | El Kabron Bali Beach Club & Restaurant in Uluwatu,2026-09-28,d44a579b0fde57ffc452f006ec9266fc6c18c6a6a8d27116f605e34aeaabc30b,ready,pass,accept,OK Official domain; page title 'Food Menu | El Kabron Bali Beach Club & Restaurant in Uluwatu' present,ACCEPTED,
el-kabron-bali,el-kabron-bali-22,phone,DB,F,keep,+62 813-3723-5750,+6281337235750,https://elkabron.com/,Contact us via WhatsApp at: +62 813-3723-5750,2026-09-28,45a2871c7168bd332efb36593d7f5fb1faae7ec531ce3ebc25406fc27562f005,ready,skip,,,KEEP,
el-kabron-bali,el-kabron-bali-23,full_address,DB,F,keep,"Jl. Pantai Cemongkak, Pecatu","Jl. Pantai Cemongkak, Pecatu, Bali 80361",https://elkabron.com/faq,"Location El Kabron Bali is located at Jl. Pantai Cemongkak, Pecatu, Bali 80361.",2026-09-28,2a1a130ad4e674d8b37090dc31f9b32ffd1562cc45cde561006170faff977608,ready,skip,,,KEEP,
el-kabron-bali,el-kabron-bali-24,coordinates,DB,F,replace,"[-8.8020351,115.1174783]","[-8.8094,115.1109]",https://elkabron.com/,"LOCATION
Jl. Pantai Cemongkak, Pecatu, Bali 80361 - Indonesia",2026-09-28,45a2871c7168bd332efb36593d7f5fb1faae7ec531ce3ebc25406fc27562f005,unclear,fail,hold,"BOUND_FAIL -8.8094, 115.1109 appear in the official homepage JSON-LD geo block (inside the Bukit box) but carry only 4 decimals, below the 5-decimal bound; the quoted text is an address, not coordinates",HOLD,"collector status: unclear | validator: bound: fewer than 5 decimals | acceptor: hold — BOUND_FAIL -8.8094, 115.1109 appear in the official homepage JSON-LD geo block (inside the Bukit box) but carry only 4 decimals, below the 5-decimal bound; the quoted text is an address, not coordinates"
el-kabron-bali,el-kabron-bali-25,category,DB,F,keep,beach_club,beach_club,https://elkabron.com/,El Kabron Bali is a Luxury Party Beach Club & Mediterranean Oceanfront Restaurant in Uluwatu,2026-09-28,45a2871c7168bd332efb36593d7f5fb1faae7ec531ce3ebc25406fc27562f005,ready,skip,,,KEEP,
el-kabron-bali,el-kabron-bali-26,lastVerifiedAt,CODE,F,keep,2026-07-12,,,,,,ready,skip,,,KEEP,
gooseberry-french-restaurant-uluwatu,gooseberry-french-restaurant-uluwatu-01,name,CODE,F,keep,Gooseberry,Gooseberry,https://www.gooseberry-restaurant.com/,"Gooseberry | Bingin Beach Restaurant | Breakfast, Lunch, Dinner | Uluwatu",2026-09-28,1e2461d65c2c673fc99160cd9d66230179f24a9ede2f480d3a2518afd00d0e41,ready,skip,,,KEEP,
gooseberry-french-restaurant-uluwatu,gooseberry-french-restaurant-uluwatu-02,copy:verdict#1,CODE,F,keep,"Modern French above Bingin Beach — foie gras and aged steaks by a pool, from long brunches to candle-lit dinners.",,https://www.gooseberry-restaurant.com/,"Nestled serenely above the pristine shores of Bingin Beach, Gooseberry offers an exceptional dining experience from morning to late evening.",2026-09-28,1e2461d65c2c673fc99160cd9d66230179f24a9ede2f480d3a2518afd00d0e41,ready,skip,,,KEEP,
gooseberry-french-restaurant-uluwatu,gooseberry-french-restaurant-uluwatu-03,copy:whyHere#1,CODE,F,keep,"Bingin's surf-shack shoreline hides one genuinely French kitchen up the hill: classic technique (snails, beef cheek confit, prime cuts) served poolside.",,https://www.gooseberry-restaurant.com/,"Joue de Bœuf Braisée à la Bourguignonne 575
Beef cheek confit and braised in red wine sauce, 48-hour slow-cooked, butternut purée, glazed carrots.",2026-09-28,1e2461d65c2c673fc99160cd9d66230179f24a9ede2f480d3a2518afd00d0e41,unclear,skip,,,KEEP,
gooseberry-french-restaurant-uluwatu,gooseberry-french-restaurant-uluwatu-04,copy:whyHere#2,CODE,Q,remove,It covers the widest arc of any dinner venue here — brunch through late dinner — without dropping its standards.,,,,,,ready,pass,hold,NOT_A_SOURCE_FACT Editorial comparison ('widest arc of any dinner venue here'); not a fact a website proves,HOLD,acceptor: hold — NOT_A_SOURCE_FACT Editorial comparison ('widest arc of any dinner venue here'); not a fact a website proves | removal: founder confirms every removal
gooseberry-french-restaurant-uluwatu,gooseberry-french-restaurant-uluwatu-05,copy:whatToExpect#1,CODE,F,keep,"Indoor-outdoor dining around a pool, a screen-free room by design, and a kitchen that takes French classics seriously.",,https://www.gooseberry-restaurant.com/,Whether you prefer the cool comfort of indoor dining or the relaxed ambiance of our outdoor spaces overlooking the tranquil pool,2026-09-28,1e2461d65c2c673fc99160cd9d66230179f24a9ede2f480d3a2518afd00d0e41,ready,skip,,,KEEP,
gooseberry-french-restaurant-uluwatu,gooseberry-french-restaurant-uluwatu-06,copy:whatToExpect#2,CODE,F,keep,The same owners run the Gooseberry Intimates boutique next door — don't let the shopfront confuse the entrance.,,https://www.gooseberry-restaurant.com/,Boutique,2026-09-28,1e2461d65c2c673fc99160cd9d66230179f24a9ede2f480d3a2518afd00d0e41,unclear,skip,,,KEEP,
gooseberry-french-restaurant-uluwatu,gooseberry-french-restaurant-uluwatu-07,copy:whatToExpect#3,CODE,F,keep,Evenings suit couples; the venue itself suggests earlier bookings for families.,,https://www.gooseberry-restaurant.com/,"Families with children are welcome at Gooseberry, and we suggest booking earlier in the evening for the most experience.",2026-09-28,1e2461d65c2c673fc99160cd9d66230179f24a9ede2f480d3a2518afd00d0e41,ready,skip,,,KEEP,
gooseberry-french-restaurant-uluwatu,gooseberry-french-restaurant-uluwatu-08,bestFor,CODE,O,keep,date nights; special occasions; a long French brunch after a Bingin surf,,,,,,ready,skip,,,KEEP,
gooseberry-french-restaurant-uluwatu,gooseberry-french-restaurant-uluwatu-09,notFor,CODE,O,keep,screens-out laptop sessions — the room is deliberately screen-free,,,,,,ready,skip,,,KEEP,
gooseberry-french-restaurant-uluwatu,gooseberry-french-restaurant-uluwatu-10,copy:practicalNote#1,CODE,F,replace,"Above Bingin Beach (Jl. Pantai Bingin area), Pecatu.","Gang Pirta, Pecatu — above Bingin Beach.",https://www.gooseberry-restaurant.com/,"Address
Gang Pirta Pecatu
Kecamatan Kuta Selatan
Kabupaten Badung
Bali 80361
Opening Hours
Monday – Sunday
8 am – 10:30 pm",2026-09-28,1e2461d65c2c673fc99160cd9d66230179f24a9ede2f480d3a2518afd00d0e41,ready,pass,accept,OK Address block gives Gang Pirta Pecatu and the same page says 'A hidden gem above Bingin' / 'above the pristine shores of Bingin Beach',ACCEPTED,
gooseberry-french-restaurant-uluwatu,gooseberry-french-restaurant-uluwatu-11,copy:reservations#1,CODE,F,keep,Book ahead for dinner; earlier slots work better with kids.,,https://www.gooseberry-restaurant.com/,we suggest booking earlier in the evening for the most experience,2026-09-28,1e2461d65c2c673fc99160cd9d66230179f24a9ede2f480d3a2518afd00d0e41,ready,skip,,,KEEP,
gooseberry-french-restaurant-uluwatu,gooseberry-french-restaurant-uluwatu-12,whatToOrder,CODE,F,replace,onglet classique; confit de canard; barramundi à la persillade,onglet classique; parmentier de canard confit; joue de boeuf braisée,https://www.gooseberry-restaurant.com/,"Onglet Classique, Frites & Salade 465",2026-09-28,1e2461d65c2c673fc99160cd9d66230179f24a9ede2f480d3a2518afd00d0e41,ready,pass,accept,"OK Onglet Classique 465, Parmentier de Canard Confit 325 and Joue de boeuf braisee 575 all listed in the a la carte on the official homepage",ACCEPTED,
gooseberry-french-restaurant-uluwatu,gooseberry-french-restaurant-uluwatu-13,priceBand,CODE,F,keep,$$$,$$$,https://www.gooseberry-restaurant.com/,"Onglet Classique, Frites & Salade 465",2026-09-28,1e2461d65c2c673fc99160cd9d66230179f24a9ede2f480d3a2518afd00d0e41,ready,skip,,,KEEP,
gooseberry-french-restaurant-uluwatu,gooseberry-french-restaurant-uluwatu-14,price_anchor,DB,F,add,,"Onglet Classique, Frites & Salade IDR 465K; Parmentier de Canard Confit IDR 325K (official à la carte on gooseberry-restaurant.com, 2026-09-28)",https://www.gooseberry-restaurant.com/,"Parmentier de Canard Confit, Choux Braisé & Truffe 325",2026-09-28,1e2461d65c2c673fc99160cd9d66230179f24a9ede2f480d3a2518afd00d0e41,ready,pass,hold,"BOUND_FAIL Items and numbers (465, 325) are on the official page, but the site shows bare numbers with no currency or '000 marker anywhere; 'IDR 465K' is an inference. Founder to confirm the unit",HOLD,"acceptor: hold — BOUND_FAIL Items and numbers (465, 325) are on the official page, but the site shows bare numbers with no currency or '000 marker anywhere; 'IDR 465K' is an inference. Founder to confirm the unit"
gooseberry-french-restaurant-uluwatu,gooseberry-french-restaurant-uluwatu-15,address,CODE,F,add,,"Gang Pirta, Pecatu",https://www.gooseberry-restaurant.com/,"Address
Gang Pirta Pecatu
Kecamatan Kuta Selatan
Kabupaten Badung
Bali 80361
Opening Hours
Monday – Sunday
8 am – 10:30 pm",2026-09-28,1e2461d65c2c673fc99160cd9d66230179f24a9ede2f480d3a2518afd00d0e41,ready,pass,accept,"OK Short form of the official address block: Gang Pirta, Pecatu",ACCEPTED,
gooseberry-french-restaurant-uluwatu,gooseberry-french-restaurant-uluwatu-16,hours,CODE,F,add,,"{""Monday"":[""8.00am-10.30pm""],""Tuesday"":[""8.00am-10.30pm""],""Wednesday"":[""8.00am-10.30pm""],""Thursday"":[""8.00am-10.30pm""],""Friday"":[""8.00am-10.30pm""],""Saturday"":[""8.00am-10.30pm""],""Sunday"":[""8.00am-10.30pm""]}",https://www.gooseberry-restaurant.com/,"Address
Gang Pirta Pecatu
Kecamatan Kuta Selatan
Kabupaten Badung
Bali 80361
Opening Hours
Monday – Sunday
8 am – 10:30 pm",2026-09-28,1e2461d65c2c673fc99160cd9d66230179f24a9ede2f480d3a2518afd00d0e41,ready,pass,accept,OK Same official block as -17: Monday - Sunday 8 am - 10:30 pm,ACCEPTED,
gooseberry-french-restaurant-uluwatu,gooseberry-french-restaurant-uluwatu-17,opening_hours_json,DB,F,add,,"{""Monday"":[""8.00am-10.30pm""],""Tuesday"":[""8.00am-10.30pm""],""Wednesday"":[""8.00am-10.30pm""],""Thursday"":[""8.00am-10.30pm""],""Friday"":[""8.00am-10.30pm""],""Saturday"":[""8.00am-10.30pm""],""Sunday"":[""8.00am-10.30pm""]}",https://www.gooseberry-restaurant.com/,"Address
Gang Pirta Pecatu
Kecamatan Kuta Selatan
Kabupaten Badung
Bali 80361
Opening Hours
Monday – Sunday
8 am – 10:30 pm",2026-09-28,1e2461d65c2c673fc99160cd9d66230179f24a9ede2f480d3a2518afd00d0e41,ready,pass,accept,"OK Official homepage: Opening Hours Monday - Sunday 8 am - 10:30 pm; 7 days covered, plausible restaurant window",ACCEPTED,
gooseberry-french-restaurant-uluwatu,gooseberry-french-restaurant-uluwatu-18,officialUrl,BOTH,F,keep,https://www.gooseberry-restaurant.com/,https://www.gooseberry-restaurant.com/,https://www.gooseberry-restaurant.com/,"Gooseberry | Bingin Beach Restaurant | Breakfast, Lunch, Dinner | Uluwatu",2026-09-28,1e2461d65c2c673fc99160cd9d66230179f24a9ede2f480d3a2518afd00d0e41,ready,skip,,,KEEP,
gooseberry-french-restaurant-uluwatu,gooseberry-french-restaurant-uluwatu-19,instagramUrl,BOTH,F,keep,https://www.instagram.com/gooseberry_restaurant/,,,,,,unclear,skip,,,KEEP,
gooseberry-french-restaurant-uluwatu,gooseberry-french-restaurant-uluwatu-20,bookingUrl,BOTH,F,unknown,,,,,,,not_found,fail,hold,NOT_A_SOURCE_FACT Collector proposed no value (unknown); nothing to verify,HOLD,collector status: not_found | validator: no source_url — a row without a source is not accepted | acceptor: hold — NOT_A_SOURCE_FACT Collector proposed no value (unknown); nothing to verify
gooseberry-french-restaurant-uluwatu,gooseberry-french-restaurant-uluwatu-21,menuUrl,BOTH,F,add,,https://www.gooseberry-restaurant.com/#menu,https://www.gooseberry-restaurant.com/,"Discover
The Menus
À la Carte",2026-09-28,1e2461d65c2c673fc99160cd9d66230179f24a9ede2f480d3a2518afd00d0e41,ready,pass,accept,"OK Official homepage has id=""menu"" section holding the a la carte; quoted 'Discover The Menus A la Carte' present",ACCEPTED,
gooseberry-french-restaurant-uluwatu,gooseberry-french-restaurant-uluwatu-22,phone,DB,F,add,,+6282144823166,https://www.gooseberry-restaurant.com/,"Talk To Us
Call Us
Text Us on WhatsApp",2026-09-28,1e2461d65c2c673fc99160cd9d66230179f24a9ede2f480d3a2518afd00d0e41,ready,pass,accept,"OK Quoted text has no digits, but the official page's Call Us / WhatsApp links are tel:+6282144823166 and wa.me/6282144823166; single-branch venue",ACCEPTED,
gooseberry-french-restaurant-uluwatu,gooseberry-french-restaurant-uluwatu-23,full_address,DB,F,add,,"Gang Pirta, Pecatu, Kecamatan Kuta Selatan, Kabupaten Badung, Bali 80361",https://www.gooseberry-restaurant.com/,"Address
Gang Pirta Pecatu
Kecamatan Kuta Selatan
Kabupaten Badung
Bali 80361
Opening Hours
Monday – Sunday
8 am – 10:30 pm",2026-09-28,1e2461d65c2c673fc99160cd9d66230179f24a9ede2f480d3a2518afd00d0e41,ready,pass,accept,"OK Official homepage: Gang Pirta Pecatu, Kecamatan Kuta Selatan, Kabupaten Badung, Bali 80361; Gang marker present, no working notes; page names Bingin Beach / Uluwatu",ACCEPTED,
gooseberry-french-restaurant-uluwatu,gooseberry-french-restaurant-uluwatu-24,coordinates,DB,F,add,,"[-8.812029591240924,115.11612367686756]",https://www.gooseberry-restaurant.com/,"Location
Find Your Way Here
Gooseberry
Modern French Restaurant · Bingin Beach",2026-09-28,1e2461d65c2c673fc99160cd9d66230179f24a9ede2f480d3a2518afd00d0e41,ready,pass,accept,"OK Coordinates are the Google Maps embed centre in the official homepage HTML (!2d115.11612367686756!3d-8.812029591240924); inside the Bukit box, >=5 decimals",ACCEPTED,
gooseberry-french-restaurant-uluwatu,gooseberry-french-restaurant-uluwatu-25,category,DB,F,keep,restaurant,restaurant,https://www.gooseberry-restaurant.com/,"A modern French restaurant, rooted in classic French technique and offering seasonal cuisine.",2026-09-28,1e2461d65c2c673fc99160cd9d66230179f24a9ede2f480d3a2518afd00d0e41,ready,skip,,,KEEP,
gooseberry-french-restaurant-uluwatu,gooseberry-french-restaurant-uluwatu-26,lastVerifiedAt,CODE,F,keep,2026-07-12,,,,,,ready,skip,,,KEEP,
kala-uluwatu,kala-uluwatu-01,name,CODE,F,keep,KALA Uluwatu,,https://kalauluwatu.com/,KALA ULUWATU - Greek Inspired Neighborhood Grill,2026-09-28,9e5bd0d4811fc81aa8f58387dcb1f074c2dd833c91463c607350ff8b12fe1542,ready,skip,,,KEEP,
kala-uluwatu,kala-uluwatu-02,copy:verdict#1,CODE,Q,remove,"Minimalist Greek-inspired grill steps from Padang Padang — wood fire, natural wine and the Bukit's most confident new dinner room.",,https://kalauluwatu.com/home.jsx,"A modern Greek-inspired grill, where hospitality leads, wood-fired cooking happens, and memorable gatherings come naturally",2026-09-28,7997013d08c49a3aae1ad6a50a0c46795aba9d28b149e4ab2602a3a69bcdcec6,unclear,pass,reject,"REMOVAL_SUPPORTED Official homepage supports the factual core: 'wood-fired sharing plates, fresh seafood, natural wine and cocktails on tap, steps from Padang-Padang'; home.jsx: 'modern Greek-inspired grill'. Only 'minimalist'/'most confident' are editorial.",HOLD,"acceptor: reject — REMOVAL_SUPPORTED Official homepage supports the factual core: 'wood-fired sharing plates, fresh seafood, natural wine and cocktails on tap, steps from Padang-Padang'; home.jsx: 'modern Greek-inspired grill'. Only 'minimalist'/'most confident' are editorial. | removal: founder confirms every removal"
kala-uluwatu,kala-uluwatu-03,copy:whyHere#1,CODE,F,replace,"Opened in June 2024 by Bali hospitality veterans, KALA cooks Greek-leaning food over an open wood grill in a pared-back room near Padang Padang Beach.",KALA cooks Greek-inspired food over an open wood-fire grill on Jl. Labuansait in Pecatu.,https://kalauluwatu.com/home.jsx,"A modern Greek-inspired grill, where hospitality leads, wood-fired cooking happens, and memorable gatherings come naturally",2026-09-28,7997013d08c49a3aae1ad6a50a0c46795aba9d28b149e4ab2602a3a69bcdcec6,unclear,fail,accept,OK Greek-inspired grill + wood-fired cooking quoted verbatim; Jl. Labuansait / Pecatu on the same official page.,HOLD,collector status: unclear | validator: no 200 snapshot with text for this source_url (run snapshot.mjs)
kala-uluwatu,kala-uluwatu-04,copy:whyHere#2,CODE,O,keep,"It filled a real gap: a serious, single-idea dinner venue between the surf cafés and the cliff clubs.",,,,2026-09-28,,ready,skip,,,KEEP,
kala-uluwatu,kala-uluwatu-05,copy:whatToExpect#1,CODE,F,keep,"An open kitchen, flatbreads and lamb off the fire, feta tempura that shows the kitchen's playfulness, and a cocktail/natural-wine list built for the food.",,https://kalauluwatu.com/assets/kala-menu.pdf,"feta tempura  lemon ma rmalad e, cap er meri ngue 120",2026-09-28,20c7684eb6715c2afd443f38b777149e88e41472f21e44ff3b5afc2f3af1cc88,ready,skip,,,KEEP,
kala-uluwatu,kala-uluwatu-06,copy:whatToExpect#2,CODE,F,replace,"It is an afternoon-into-evening venue — plan it as dinner, not lunch.",Open daily from noon to 11.30pm — it works for a long lunch as well as dinner.,https://kalauluwatu.com/nav.jsx,"{ t:'Opening Hours', d:'Daily · 12 PM — 11:30 PM', href:'index.html#contact' }",2026-09-28,67b5ab1f77461fc719634847d5995a2845f70504f0efccc3db9716135abbc207,ready,fail,accept,OK Hours 12 PM — 11:30 PM daily on nav.jsx; homepage also says 'Open daily 12pm–11:30pm'.,HOLD,validator: no 200 snapshot with text for this source_url (run snapshot.mjs)
kala-uluwatu,kala-uluwatu-07,bestFor,CODE,O,keep,date nights; food-led group dinners,,,,2026-09-28,,ready,skip,,,KEEP,
kala-uluwatu,kala-uluwatu-08,notFor,CODE,F,replace,early-morning or laptop hours — it opens for the evening trade,early-morning or laptop hours — it opens at noon,https://kalauluwatu.com/nav.jsx,"{ t:'Opening Hours', d:'Daily · 12 PM — 11:30 PM', href:'index.html#contact' }",2026-09-28,67b5ab1f77461fc719634847d5995a2845f70504f0efccc3db9716135abbc207,ready,fail,accept,OK nav.jsx on official domain states Daily 12 PM — 11:30 PM; 'opens at noon' supported (sha matches collector's).,HOLD,validator: no 200 snapshot with text for this source_url (run snapshot.mjs)
kala-uluwatu,kala-uluwatu-09,copy:practicalNote#1,CODE,F,replace,"Jl. Labuansait, Pecatu — steps from Padang Padang Beach.","Jl. Labuansait No. 99, Pecatu, Uluwatu.",https://kalauluwatu.com/home.jsx,"Jl. Labuansait No. 99<br />Pecatu, Uluwatu<br />Bali 80361",2026-09-28,7997013d08c49a3aae1ad6a50a0c46795aba9d28b149e4ab2602a3a69bcdcec6,ready,fail,accept,OK Same official address quote as -14; proposed note is the address only.,HOLD,validator: no 200 snapshot with text for this source_url (run snapshot.mjs)
kala-uluwatu,kala-uluwatu-10,copy:reservations#1,CODE,F,replace,Reservations via SevenRooms — recommended for dinner.,Reservations via TableCheck; groups of more than 7 are asked to contact the venue on WhatsApp.,https://www.tablecheck.com/en/kalauluwatu/reserve/message,For group booking more than 7 pax please do not hesitate to contact us directly to WhatsApp.,2026-09-28,bcafa55e53fd6103e91445597f3cbfa5ea8c393a5dec32be02a3ce9766da883e,ready,pass,accept,OK TableCheck (linked from official site) booking policy: 'For group booking more than 7 pax please ... contact us directly to WhatsApp'; max_num_people 7 in page data.,ACCEPTED,
kala-uluwatu,kala-uluwatu-11,whatToOrder,CODE,F,replace,wood-fired flatbreads; feta tempura; lamb,feta tempura; lamb shoulder; grilled octopus,https://kalauluwatu.com/assets/kala-menu.pdf,"feta tempura  lemon ma rmalad e, cap er meri ngue 120",2026-09-28,20c7684eb6715c2afd443f38b777149e88e41472f21e44ff3b5afc2f3af1cc88,ready,pass,accept,"OK Official menu PDF (pdfminer text): 'feta tempura ... 120', 'lamb shoulder chickpeas, tomatoes 290', 'grilled octopus baby potato ... 260' all present.",MANUAL_REVIEW,quote transcribed from pdf: founder checks the file
kala-uluwatu,kala-uluwatu-12,priceBand,CODE,F,keep,$$$,,https://kalauluwatu.com/assets/kala-menu.pdf,"la mb shoul der  chickpea s, tomatoes 290",2026-09-28,20c7684eb6715c2afd443f38b777149e88e41472f21e44ff3b5afc2f3af1cc88,ready,skip,,,KEEP,
kala-uluwatu,kala-uluwatu-13,price_anchor,CODE,F,add,,"lamb shoulder 290K IDR; feta tempura 120K IDR (official menu PDF headed SEPTEMBER, captured 2026-09-28)",https://kalauluwatu.com/assets/kala-menu.pdf,"la mb shoul der  chickpea s, tomatoes 290",2026-09-28,20c7684eb6715c2afd443f38b777149e88e41472f21e44ff3b5afc2f3af1cc88,ready,pass,accept,"OK PDF: lamb shoulder 290, feta tempura 120, 'prices are in thousands of rupiah', header SEPTEMBER; number+currency+item+date present. PDF also states +10% tax and 7% service.",MANUAL_REVIEW,quote transcribed from pdf: founder checks the file
kala-uluwatu,kala-uluwatu-14,address,CODE,F,replace,"Jl. Labuansait, Pecatu","Jl. Labuansait No. 99, Pecatu, Uluwatu",https://kalauluwatu.com/home.jsx,"Jl. Labuansait No. 99<br />Pecatu, Uluwatu<br />Bali 80361",2026-09-28,7997013d08c49a3aae1ad6a50a0c46795aba9d28b149e4ab2602a3a69bcdcec6,ready,fail,accept,"OK home.jsx: 'Jl. Labuansait No. 99 / Pecatu, Uluwatu / Bali 80361' verbatim; contains Jl., no working notes.",HOLD,validator: no 200 snapshot with text for this source_url (run snapshot.mjs)
kala-uluwatu,kala-uluwatu-15,full_address,DB,F,add,,"Jl. Labuansait No. 99, Pecatu, Uluwatu, Bali 80361",https://kalauluwatu.com/home.jsx,"Jl. Labuansait No. 99<br />Pecatu, Uluwatu<br />Bali 80361",2026-09-28,7997013d08c49a3aae1ad6a50a0c46795aba9d28b149e4ab2602a3a69bcdcec6,ready,fail,accept,OK Full address incl. Bali 80361 verbatim on home.jsx.,HOLD,validator: no 200 snapshot with text for this source_url (run snapshot.mjs)
kala-uluwatu,kala-uluwatu-16,hours,CODE,F,add,,"{""Monday"":[""12.00pm-11.30pm""],""Tuesday"":[""12.00pm-11.30pm""],""Wednesday"":[""12.00pm-11.30pm""],""Thursday"":[""12.00pm-11.30pm""],""Friday"":[""12.00pm-11.30pm""],""Saturday"":[""12.00pm-11.30pm""],""Sunday"":[""12.00pm-11.30pm""]}",https://kalauluwatu.com/nav.jsx,"{ t:'Opening Hours', d:'Daily · 12 PM — 11:30 PM', href:'index.html#contact' }",2026-09-28,67b5ab1f77461fc719634847d5995a2845f70504f0efccc3db9716135abbc207,ready,fail,accept,"OK Same evidence as -17; 7-day JSON, noon–23:30 within restaurant bounds.",HOLD,validator: no 200 snapshot with text for this source_url (run snapshot.mjs)
kala-uluwatu,kala-uluwatu-17,opening_hours_json,DB,F,add,,"{""Monday"":[""12.00pm-11.30pm""],""Tuesday"":[""12.00pm-11.30pm""],""Wednesday"":[""12.00pm-11.30pm""],""Thursday"":[""12.00pm-11.30pm""],""Friday"":[""12.00pm-11.30pm""],""Saturday"":[""12.00pm-11.30pm""],""Sunday"":[""12.00pm-11.30pm""]}",https://kalauluwatu.com/nav.jsx,"{ t:'Opening Hours', d:'Daily · 12 PM — 11:30 PM', href:'index.html#contact' }",2026-09-28,67b5ab1f77461fc719634847d5995a2845f70504f0efccc3db9716135abbc207,ready,fail,accept,"OK All 7 days 12.00pm-11.30pm matches 'Daily · 12 PM — 11:30 PM'; restaurant, within bounds.",HOLD,validator: no 200 snapshot with text for this source_url (run snapshot.mjs)
kala-uluwatu,kala-uluwatu-18,officialUrl,BOTH,F,keep,https://kalauluwatu.com/,,https://kalauluwatu.com/,KALA ULUWATU - Greek Inspired Neighborhood Grill,2026-09-28,9e5bd0d4811fc81aa8f58387dcb1f074c2dd833c91463c607350ff8b12fe1542,ready,skip,,,KEEP,
kala-uluwatu,kala-uluwatu-19,instagramUrl,BOTH,F,keep,https://www.instagram.com/kala.uluwatu/,,https://kalauluwatu.com/home.jsx,"href=""https://www.instagram.com/kala.uluwatu""",2026-09-28,7997013d08c49a3aae1ad6a50a0c46795aba9d28b149e4ab2602a3a69bcdcec6,ready,skip,,,KEEP,
kala-uluwatu,kala-uluwatu-20,bookingUrl,BOTH,F,replace,https://www.sevenrooms.com/explore/kalauluwatu/reservations/create/search/,https://www.tablecheck.com/en/kalauluwatu/reserve/message,https://www.tablecheck.com/en/kalauluwatu/reserve/message,KALA Uluwatu - TableCheck,2026-09-28,bcafa55e53fd6103e91445597f3cbfa5ea8c393a5dec32be02a3ce9766da883e,ready,pass,accept,OK TableCheck page titled 'KALA Uluwatu - TableCheck'; the exact URL is linked from official nav.jsx and home.jsx. Page is dynamic so sha differs from collector's.,ACCEPTED,
kala-uluwatu,kala-uluwatu-21,menuUrl,BOTH,F,add,,https://kalauluwatu.com/assets/kala-menu.pdf,https://kalauluwatu.com/assets/kala-menu.pdf,MEZE,2026-09-28,20c7684eb6715c2afd443f38b777149e88e41472f21e44ff3b5afc2f3af1cc88,ready,pass,accept,"OK PDF on official domain, 200, 'MEZE' is its first heading; usable as menuUrl.",MANUAL_REVIEW,quote transcribed from pdf: founder checks the file
kala-uluwatu,kala-uluwatu-22,phone,DB,F,add,,+6285337702422,https://kalauluwatu.com/home.jsx,WhatsApp +62 853 3770 2422,2026-09-28,7997013d08c49a3aae1ad6a50a0c46795aba9d28b149e4ab2602a3a69bcdcec6,ready,fail,accept,"OK home.jsx: 'WhatsApp +62 853 3770 2422' verbatim; +62 venue number, normalises to +6285337702422.",HOLD,validator: no 200 snapshot with text for this source_url (run snapshot.mjs)
kala-uluwatu,kala-uluwatu-23,coordinates,DB,F,unknown,,,,,2026-09-28,,not_found,fail,hold,NOT_A_SOURCE_FACT Action 'unknown' with no source/quote — nothing to verify. Note for collector: official homepage JSON-LD carries latitude -8.828300 (5 decimals); a sourced coordinates claim could be filed.,HOLD,collector status: not_found | validator: no source_url — a row without a source is not accepted | acceptor: hold — NOT_A_SOURCE_FACT Action 'unknown' with no source/quote — nothing to verify. Note for collector: official homepage JSON-LD carries latitude -8.828300 (5 decimals); a sourced coordinates claim could be filed.
kala-uluwatu,kala-uluwatu-24,category,DB,F,keep,restaurant,,https://kalauluwatu.com/,Greek Inspired Neighborhood Grill,2026-09-28,9e5bd0d4811fc81aa8f58387dcb1f074c2dd833c91463c607350ff8b12fe1542,ready,skip,,,KEEP,
kala-uluwatu,kala-uluwatu-25,lastVerifiedAt,CODE,F,keep,2026-07-12,,,,2026-09-28,,ready,skip,,,KEEP,
laggas-uluwatu,laggas-uluwatu-01,name,CODE,F,keep,Laggas,,,,2026-09-28,,unclear,skip,,,KEEP,
laggas-uluwatu,laggas-uluwatu-02,copy:verdict#1,CODE,E,keep,"Bingin's dumpling-and-noodle room — the Fat Gajah lineage reborn roadside, worth the traffic noise.",,,,2026-09-28,,unclear,skip,,,KEEP,
laggas-uluwatu,laggas-uluwatu-03,copy:whyHere#1,CODE,F,keep,"Laggas carries a genuine Bali food story: the successor of the late chef Agung Nugroho's Fat Gajah, relaunched in Bingin under chef Yudi.",,,,2026-09-28,,unclear,skip,,,KEEP,
laggas-uluwatu,laggas-uluwatu-04,copy:whyHere#2,CODE,F,keep,"Handmade dumplings, noodles and slow-cooked ribs at fair prices — cooking-first, setting-second.",,,,2026-09-28,,unclear,skip,,,KEEP,
laggas-uluwatu,laggas-uluwatu-05,copy:whatToExpect#1,CODE,F,keep,"A casual, airy roadside room on Jl. Pantai Bingin.",,,,2026-09-28,,unclear,skip,,,KEEP,
laggas-uluwatu,laggas-uluwatu-06,copy:whatToExpect#2,CODE,E,keep,"The road is close, so expect scooter noise at the front tables; the food is why you're here.",,,,2026-09-28,,unclear,skip,,,KEEP,
laggas-uluwatu,laggas-uluwatu-07,copy:whatToExpect#3,CODE,E,keep,Groups and families do well over shared plates.,,,,2026-09-28,,unclear,skip,,,KEEP,
laggas-uluwatu,laggas-uluwatu-08,bestFor,CODE,O,keep,group dinners over dumplings; easy family meals,,,,2026-09-28,,ready,skip,,,KEEP,
laggas-uluwatu,laggas-uluwatu-09,notFor,CODE,O,keep,a quiet anniversary dinner,,,,2026-09-28,,ready,skip,,,KEEP,
laggas-uluwatu,laggas-uluwatu-10,copy:practicalNote#1,CODE,F,keep,"Jl. Pantai Bingin No.9, Pecatu.",,,,2026-09-28,,unclear,skip,,,KEEP,
laggas-uluwatu,laggas-uluwatu-11,copy:reservations#1,CODE,F,keep,Booking ahead helps at dinner; contact via Instagram.,,,,2026-09-28,,unclear,skip,,,KEEP,
laggas-uluwatu,laggas-uluwatu-12,whatToOrder,CODE,F,keep,dumplings; noodles; slow-cooked ribs,,,,2026-09-28,,unclear,skip,,,KEEP,
laggas-uluwatu,laggas-uluwatu-13,priceBand,CODE,F,keep,$$,,,,2026-09-28,,unclear,skip,,,KEEP,
laggas-uluwatu,laggas-uluwatu-14,address,CODE,F,keep,"Jl. Pantai Bingin No.9, Pecatu",,,,2026-09-28,,unclear,skip,,,KEEP,
laggas-uluwatu,laggas-uluwatu-15,full_address,DB,F,unknown,,,,,2026-09-28,,not_found,fail,hold,"NOT_A_SOURCE_FACT Action 'unknown', no source — nothing to verify.",HOLD,"identity gate failed: {""operating"":null,""current_name"":""Laggas"",""branch_ok"":null,""multi_branch"":false,""evidence"":null,""note"":""no official source reachable: Instagram-only venue. Probed laggasbali.com (ENOTFOUND), laggas.com (503), laggas.id (ENOTFOUND), laggasuluwatu.com (placeholder WordPress site with default 'Hello world!' content — not the venue). thebaliguideline.com snapshot is a third-party guide and not evidence.""}"
laggas-uluwatu,laggas-uluwatu-16,hours,CODE,F,unknown,,,,,2026-09-28,,not_found,fail,hold,"NOT_A_SOURCE_FACT Action 'unknown', no source, no quote, no official domain known for this venue — nothing to verify; field stays null.",HOLD,"identity gate failed: {""operating"":null,""current_name"":""Laggas"",""branch_ok"":null,""multi_branch"":false,""evidence"":null,""note"":""no official source reachable: Instagram-only venue. Probed laggasbali.com (ENOTFOUND), laggas.com (503), laggas.id (ENOTFOUND), laggasuluwatu.com (placeholder WordPress site with default 'Hello world!' content — not the venue). thebaliguideline.com snapshot is a third-party guide and not evidence.""}"
laggas-uluwatu,laggas-uluwatu-17,opening_hours_json,DB,F,unknown,,,,,2026-09-28,,not_found,fail,hold,"NOT_A_SOURCE_FACT Action 'unknown', no source — nothing to verify; field stays null.",HOLD,"identity gate failed: {""operating"":null,""current_name"":""Laggas"",""branch_ok"":null,""multi_branch"":false,""evidence"":null,""note"":""no official source reachable: Instagram-only venue. Probed laggasbali.com (ENOTFOUND), laggas.com (503), laggas.id (ENOTFOUND), laggasuluwatu.com (placeholder WordPress site with default 'Hello world!' content — not the venue). thebaliguideline.com snapshot is a third-party guide and not evidence.""}"
laggas-uluwatu,laggas-uluwatu-18,officialUrl,BOTH,F,unknown,,,,,2026-09-28,,not_found,fail,hold,"NOT_A_SOURCE_FACT Action 'unknown', no source — no official URL proposed; nothing to verify.",HOLD,"identity gate failed: {""operating"":null,""current_name"":""Laggas"",""branch_ok"":null,""multi_branch"":false,""evidence"":null,""note"":""no official source reachable: Instagram-only venue. Probed laggasbali.com (ENOTFOUND), laggas.com (503), laggas.id (ENOTFOUND), laggasuluwatu.com (placeholder WordPress site with default 'Hello world!' content — not the venue). thebaliguideline.com snapshot is a third-party guide and not evidence.""}"
laggas-uluwatu,laggas-uluwatu-19,instagramUrl,BOTH,F,keep,https://www.instagram.com/laggasbali/,,,,2026-09-28,,unclear,skip,,,KEEP,
laggas-uluwatu,laggas-uluwatu-20,bookingUrl,BOTH,F,unknown,,,,,2026-09-28,,not_found,fail,hold,"NOT_A_SOURCE_FACT Action 'unknown', no source — nothing to verify.",HOLD,"identity gate failed: {""operating"":null,""current_name"":""Laggas"",""branch_ok"":null,""multi_branch"":false,""evidence"":null,""note"":""no official source reachable: Instagram-only venue. Probed laggasbali.com (ENOTFOUND), laggas.com (503), laggas.id (ENOTFOUND), laggasuluwatu.com (placeholder WordPress site with default 'Hello world!' content — not the venue). thebaliguideline.com snapshot is a third-party guide and not evidence.""}"
laggas-uluwatu,laggas-uluwatu-21,menuUrl,BOTH,F,unknown,,,,,2026-09-28,,not_found,fail,hold,"NOT_A_SOURCE_FACT Action 'unknown', no source — nothing to verify.",HOLD,"identity gate failed: {""operating"":null,""current_name"":""Laggas"",""branch_ok"":null,""multi_branch"":false,""evidence"":null,""note"":""no official source reachable: Instagram-only venue. Probed laggasbali.com (ENOTFOUND), laggas.com (503), laggas.id (ENOTFOUND), laggasuluwatu.com (placeholder WordPress site with default 'Hello world!' content — not the venue). thebaliguideline.com snapshot is a third-party guide and not evidence.""}"
laggas-uluwatu,laggas-uluwatu-22,phone,DB,F,unknown,,,,,2026-09-28,,not_found,fail,hold,"NOT_A_SOURCE_FACT Action 'unknown', no source — nothing to verify.",HOLD,"identity gate failed: {""operating"":null,""current_name"":""Laggas"",""branch_ok"":null,""multi_branch"":false,""evidence"":null,""note"":""no official source reachable: Instagram-only venue. Probed laggasbali.com (ENOTFOUND), laggas.com (503), laggas.id (ENOTFOUND), laggasuluwatu.com (placeholder WordPress site with default 'Hello world!' content — not the venue). thebaliguideline.com snapshot is a third-party guide and not evidence.""}"
laggas-uluwatu,laggas-uluwatu-23,coordinates,DB,F,unknown,,,,,2026-09-28,,not_found,fail,hold,"NOT_A_SOURCE_FACT Action 'unknown', no source — coordinates may only come from an official site and none is known.",HOLD,"identity gate failed: {""operating"":null,""current_name"":""Laggas"",""branch_ok"":null,""multi_branch"":false,""evidence"":null,""note"":""no official source reachable: Instagram-only venue. Probed laggasbali.com (ENOTFOUND), laggas.com (503), laggas.id (ENOTFOUND), laggasuluwatu.com (placeholder WordPress site with default 'Hello world!' content — not the venue). thebaliguideline.com snapshot is a third-party guide and not evidence.""}"
laggas-uluwatu,laggas-uluwatu-24,category,DB,F,keep,restaurant,,,,2026-09-28,,unclear,skip,,,KEEP,
laggas-uluwatu,laggas-uluwatu-25,lastVerifiedAt,CODE,F,keep,2026-07-12,,,,2026-09-28,,ready,skip,,,KEEP,
mana-uluwatu,mana-uluwatu-01,name,CODE,F,keep,Mana Uluwatu,,https://uluwatusurfvillas.com/restaurant/,"Restaurant
Mana Uluwatu",2026-09-28,46e14f6d302840ac906e205e4923daae364694f92e0c120a9df97357582622c9,ready,skip,,,KEEP,
mana-uluwatu,mana-uluwatu-02,copy:verdict#1,CODE,F,keep,Clifftop restaurant and poolside bar at Uluwatu Surf Villas — the calmer way to take in the same Suluban sunset.,,https://uluwatusurfvillas.com/restaurant/,Mana Restaurant & Pool is perched high on the cliffs of Bali’s Bukit peninsula,2026-09-28,46e14f6d302840ac906e205e4923daae364694f92e0c120a9df97357582622c9,ready,skip,,,KEEP,
mana-uluwatu,mana-uluwatu-03,copy:whyHere#1,CODE,E,keep,"Same cliff line as Single Fin, very different pace: Mana trades the party for an all-day room with a pool, proper cooking and space to talk.",,,,2026-09-28,,unclear,skip,,,KEEP,
mana-uluwatu,mana-uluwatu-04,copy:whyHere#2,CODE,E,keep,It is the sunset spot for people who want the view without the volume.,,,,2026-09-28,,unclear,skip,,,KEEP,
mana-uluwatu,mana-uluwatu-05,copy:whatToExpect#1,CODE,F,keep,"Ocean-view tables inside Uluwatu Surf Villas, an all-day menu that runs from breakfast through dinner, and a poolside bar.",,https://uluwatusurfvillas.com/restaurant/,"Open from 7am-11pm daily serving breakfast, lunch & dinner with ocean views and sea breezes.",2026-09-28,46e14f6d302840ac906e205e4923daae364694f92e0c120a9df97357582622c9,ready,skip,,,KEEP,
mana-uluwatu,mana-uluwatu-06,copy:whatToExpect#2,CODE,E,keep,Golden hour fills up first; daytime is quiet enough to sit long over coffee or work through the afternoon.,,,,2026-09-28,,unclear,skip,,,KEEP,
mana-uluwatu,mana-uluwatu-07,bestFor,CODE,O,keep,sunset drinks with a view; date-night dinner; a slow working afternoon,,,,2026-09-28,,ready,skip,,,KEEP,
mana-uluwatu,mana-uluwatu-08,notFor,CODE,O,keep,big loud group nights,,,,2026-09-28,,ready,skip,,,KEEP,
mana-uluwatu,mana-uluwatu-09,copy:practicalNote#1,CODE,F,keep,Inside the Uluwatu Surf Villas grounds on the Suluban cliff.,,https://uluwatusurfvillas.com/restaurant/,Mana Uluwatu proudly stands amidst the stunning grounds of Uluwatu Surf Villas and is open to outside guests.,2026-09-28,46e14f6d302840ac906e205e4923daae364694f92e0c120a9df97357582622c9,ready,skip,,,KEEP,
mana-uluwatu,mana-uluwatu-10,copy:reservations#1,CODE,F,replace,Book ahead for sunset-hour tables; daytime is usually walk-in.,Open to outside guests; reservations via TableCheck (linked from the official page).,https://uluwatusurfvillas.com/restaurant/,is open to outside guests,2026-09-28,46e14f6d302840ac906e205e4923daae364694f92e0c120a9df97357582622c9,ready,pass,hold,SOURCE_BLOCKED Not re-fetched; the TableCheck link from the official page must be seen before this sentence can stand.,HOLD,acceptor: hold — SOURCE_BLOCKED Not re-fetched; the TableCheck link from the official page must be seen before this sentence can stand. | acceptor could not re-fetch the source: snapshot-only evidence
mana-uluwatu,mana-uluwatu-11,whatToOrder,CODE,F,replace,pork belly tacos; tuna nachos; beef rendang,crispy pork belly tacos; tuna nachos; beef rendang tacos,https://uluwatusurfvillas.com/wp-content/uploads/2026/03/Dinner.jpg,"Crispy Pork Belly bbq onions, chipotle mayo, salted cucumbers 75",2026-09-28,0e6c1f0541493ec196f6129197f37e142f06a15a76b82b55f2ee4d84132dfdcc,ready,fail,hold,"SOURCE_BLOCKED Not re-fetched. Also: the quote names 'Crispy Pork Belly' only; 'tacos', 'tuna nachos' and 'beef rendang tacos' are not in the quote and need their own lines from the image.",HOLD,"validator: no 200 snapshot with text for this source_url (run snapshot.mjs) | acceptor: hold — SOURCE_BLOCKED Not re-fetched. Also: the quote names 'Crispy Pork Belly' only; 'tacos', 'tuna nachos' and 'beef rendang tacos' are not in the quote and need their own lines from the image. | acceptor could not re-fetch the source: snapshot-only evidence | quote transcribed from image: founder checks the file"
mana-uluwatu,mana-uluwatu-12,priceBand,CODE,F,replace,$$$,$$,https://uluwatusurfvillas.com/wp-content/uploads/2026/03/Dinner.jpg,"Grilled Market Fish line caught market fish, north sumatran curry sauce, pineapple sambal, steamed rice 145",2026-09-28,0e6c1f0541493ec196f6129197f37e142f06a15a76b82b55f2ee4d84132dfdcc,unclear,fail,hold,SOURCE_BLOCKED Dinner.jpg on official domain not re-fetched (runner unavailable). Also weak: a single 145K main does not by itself establish a $$ band.,HOLD,collector status: unclear | validator: no 200 snapshot with text for this source_url (run snapshot.mjs) | acceptor: hold — SOURCE_BLOCKED Dinner.jpg on official domain not re-fetched (runner unavailable). Also weak: a single 145K main does not by itself establish a $$ band. | acceptor could not re-fetch the source: snapshot-only evidence | quote transcribed from image: founder checks the file
mana-uluwatu,mana-uluwatu-13,price_anchor,CODE,F,add,,"grilled market fish 145K IDR; 1/2 skillet roasted chicken 175K IDR (dinner menu image uploaded 2026-03, captured 2026-09-28)",https://uluwatusurfvillas.com/wp-content/uploads/2026/03/Dinner.jpg,"Grilled Market Fish line caught market fish, north sumatran curry sauce, pineapple sambal, steamed rice 145",2026-09-28,0e6c1f0541493ec196f6129197f37e142f06a15a76b82b55f2ee4d84132dfdcc,ready,fail,hold,SOURCE_BLOCKED Menu image not re-fetched; image must be visually read to confirm 145 / 175 and the 'thousands IDR' convention.,HOLD,validator: no 200 snapshot with text for this source_url (run snapshot.mjs) | acceptor: hold — SOURCE_BLOCKED Menu image not re-fetched; image must be visually read to confirm 145 / 175 and the 'thousands IDR' convention. | acceptor could not re-fetch the source: snapshot-only evidence | quote transcribed from image: founder checks the file
mana-uluwatu,mana-uluwatu-14,address,CODE,F,replace,"Uluwatu Surf Villas, Pantai Suluban St, Pecatu","Jalan Pantai Suluban, Pecatu, Uluwatu",https://uluwatusurfvillas.com/contact/,"Address: Jalan Pantai Suluban, Uluwatu, Pecatu, Bali , Indonesia",2026-09-28,97ef67f0295ab2b8f5d973be854b79fea2b92a4560959d9f615338ed85f9ca0f,ready,pass,hold,SOURCE_BLOCKED /contact/ not re-fetched; format passes if confirmed.,HOLD,acceptor: hold — SOURCE_BLOCKED /contact/ not re-fetched; format passes if confirmed. | acceptor could not re-fetch the source: snapshot-only evidence
mana-uluwatu,mana-uluwatu-15,full_address,DB,F,add,,"Jalan Pantai Suluban, Uluwatu, Pecatu, Bali, Indonesia",https://uluwatusurfvillas.com/contact/,"Address: Jalan Pantai Suluban, Uluwatu, Pecatu, Bali , Indonesia",2026-09-28,97ef67f0295ab2b8f5d973be854b79fea2b92a4560959d9f615338ed85f9ca0f,ready,pass,hold,"SOURCE_BLOCKED /contact/ not re-fetched. Format passes (Jalan, no working notes) if the quote is confirmed.",HOLD,"acceptor: hold — SOURCE_BLOCKED /contact/ not re-fetched. Format passes (Jalan, no working notes) if the quote is confirmed. | acceptor could not re-fetch the source: snapshot-only evidence"
mana-uluwatu,mana-uluwatu-16,hours,CODE,F,add,,"{""Monday"":[""7.00am-11.00pm""],""Tuesday"":[""7.00am-11.00pm""],""Wednesday"":[""7.00am-11.00pm""],""Thursday"":[""7.00am-11.00pm""],""Friday"":[""7.00am-11.00pm""],""Saturday"":[""7.00am-11.00pm""],""Sunday"":[""7.00am-11.00pm""]}",https://uluwatusurfvillas.com/restaurant/,"Open from 7am-11pm daily serving breakfast, lunch & dinner with ocean views and sea breezes.",2026-09-28,46e14f6d302840ac906e205e4923daae364694f92e0c120a9df97357582622c9,ready,pass,hold,SOURCE_BLOCKED Same evidence as -17; not re-fetched.,HOLD,acceptor: hold — SOURCE_BLOCKED Same evidence as -17; not re-fetched. | acceptor could not re-fetch the source: snapshot-only evidence
mana-uluwatu,mana-uluwatu-17,opening_hours_json,DB,F,add,,"{""Monday"":[""7.00am-11.00pm""],""Tuesday"":[""7.00am-11.00pm""],""Wednesday"":[""7.00am-11.00pm""],""Thursday"":[""7.00am-11.00pm""],""Friday"":[""7.00am-11.00pm""],""Saturday"":[""7.00am-11.00pm""],""Sunday"":[""7.00am-11.00pm""]}",https://uluwatusurfvillas.com/restaurant/,"Open from 7am-11pm daily serving breakfast, lunch & dinner with ocean views and sea breezes.",2026-09-28,46e14f6d302840ac906e205e4923daae364694f92e0c120a9df97357582622c9,ready,pass,hold,SOURCE_BLOCKED /restaurant/ not re-fetched. 7-day 07:00–23:00 JSON is within restaurant bounds if the quote is confirmed.,HOLD,acceptor: hold — SOURCE_BLOCKED /restaurant/ not re-fetched. 7-day 07:00–23:00 JSON is within restaurant bounds if the quote is confirmed. | acceptor could not re-fetch the source: snapshot-only evidence
mana-uluwatu,mana-uluwatu-18,officialUrl,BOTH,F,keep,https://uluwatusurfvillas.com/restaurant/,,https://uluwatusurfvillas.com/restaurant/,Mana Uluwatu Restaurant | Uluwatu Surf Villas | Sunset & Surf Views,2026-09-28,46e14f6d302840ac906e205e4923daae364694f92e0c120a9df97357582622c9,ready,skip,,,KEEP,
mana-uluwatu,mana-uluwatu-19,instagramUrl,BOTH,F,keep,https://www.instagram.com/manauluwatu/,,,,2026-09-28,,unclear,skip,,,KEEP,
mana-uluwatu,mana-uluwatu-20,bookingUrl,BOTH,F,replace,https://uluwatusurfvillas.com/restaurant/,https://www.tablecheck.com/en/uluwatu-surf-villas-mana/reserve/message?utm_source=website,https://www.tablecheck.com/en/uluwatu-surf-villas-mana/reserve/message?utm_source=website,Mana Uluwatu Restaurant & Bar - Uluwatu Surf Villas - TableCheck,2026-09-28,27e614f9a1fe419e054d914036f3824758b59c9559fdbb1cc282aad31c4114c4,ready,pass,hold,SOURCE_BLOCKED TableCheck page and the official page that must link to it were not re-fetched.,HOLD,acceptor: hold — SOURCE_BLOCKED TableCheck page and the official page that must link to it were not re-fetched. | acceptor could not re-fetch the source: snapshot-only evidence
mana-uluwatu,mana-uluwatu-21,menuUrl,BOTH,F,add,,https://uluwatusurfvillas.com/restaurant/,https://uluwatusurfvillas.com/restaurant/,"Menus
Restaurant Breakfast & Lunch
Restaurant Dinner
Kids Menu
Poolside
Dessert
Beverages
Wine & Spirits",2026-09-28,46e14f6d302840ac906e205e4923daae364694f92e0c120a9df97357582622c9,ready,pass,hold,SOURCE_BLOCKED Not re-fetched.,HOLD,acceptor: hold — SOURCE_BLOCKED Not re-fetched. | acceptor could not re-fetch the source: snapshot-only evidence
mana-uluwatu,mana-uluwatu-22,phone,DB,F,add,,+62817555365,https://uluwatusurfvillas.com/restaurant/,"+62 817 555 365
mana@uluwatusurfvillas.com",2026-09-28,46e14f6d302840ac906e205e4923daae364694f92e0c120a9df97357582622c9,ready,pass,hold,"SOURCE_BLOCKED Not re-fetched. If confirmed, +62 817 555 365 is paired with mana@ email so it is the restaurant's own line.",HOLD,"acceptor: hold — SOURCE_BLOCKED Not re-fetched. If confirmed, +62 817 555 365 is paired with mana@ email so it is the restaurant's own line. | acceptor could not re-fetch the source: snapshot-only evidence"
mana-uluwatu,mana-uluwatu-23,coordinates,DB,F,unknown,,,,,2026-09-28,,not_found,fail,hold,"NOT_A_SOURCE_FACT Action 'unknown', no source — nothing to verify; field stays null.",HOLD,"collector status: not_found | validator: no source_url — a row without a source is not accepted | acceptor: hold — NOT_A_SOURCE_FACT Action 'unknown', no source — nothing to verify; field stays null. | acceptor could not re-fetch the source: snapshot-only evidence"
mana-uluwatu,mana-uluwatu-24,category,DB,F,replace,bar,restaurant,https://uluwatusurfvillas.com/restaurant/,Mana Uluwatu Restaurant | Uluwatu Surf Villas | Sunset & Surf Views,2026-09-28,46e14f6d302840ac906e205e4923daae364694f92e0c120a9df97357582622c9,ready,pass,hold,SOURCE_BLOCKED /restaurant/ title not re-fetched.,HOLD,acceptor: hold — SOURCE_BLOCKED /restaurant/ title not re-fetched. | acceptor could not re-fetch the source: snapshot-only evidence
mana-uluwatu,mana-uluwatu-25,lastVerifiedAt,CODE,F,keep,2026-07-12,,,,2026-09-28,,ready,skip,,,KEEP,
masonry-restaurant,masonry-restaurant-01,name,CODE,F,keep,MASONRY Uluwatu,,https://masonrybali.com/uluwatu,Uluwatu Restaurant | MASONRY. Grill & Bar,2026-09-28,af916615b4b7c8de5da66e28b907382ec61fe654eca85c66bd05c83e74eb85fc,ready,skip,,,KEEP,
masonry-restaurant,masonry-restaurant-02,copy:verdict#1,CODE,F,keep,The Canggu wood-fire favourite's Bukit outpost — 48-hour short ribs and wagyu off the grill on Labuan Sait.,,https://masonrybali.com/uluwatu/about-us,"the 48 Hour Slow Cooked Short Rib with Chimichurri, Sherry Vinegar Glaze and Seasalt",2026-09-28,839b21d36a21f54ff7d3266c3ff919b68c9ed0201a13e3709eccd65f43ee9a17,ready,skip,,,KEEP,
masonry-restaurant,masonry-restaurant-03,copy:whyHere#1,CODE,F,keep,"MASONRY's second venue brings a proven Canggu kitchen to Uluwatu: Mediterranean-leaning food off a wood-fired grill, an open kitchen and a proper bar.",,https://masonrybali.com/uluwatu/about-us,"this space mingles it with a touch more modernity, with an exposed kitchen, to really enhance the Mediterranean feel of the restaurant",2026-09-28,839b21d36a21f54ff7d3266c3ff919b68c9ed0201a13e3709eccd65f43ee9a17,ready,skip,,,KEEP,
masonry-restaurant,masonry-restaurant-04,copy:whyHere#2,CODE,O,keep,"If you liked the original, this is the same idea closer to the surf.",,,,2026-09-28,,ready,skip,,,KEEP,
masonry-restaurant,masonry-restaurant-05,copy:whatToExpect#1,CODE,F,keep,"A grill-and-bar room with the group's signatures — slow-cooked short ribs, wagyu steaks, wood-fired barramundi, house-made halloumi.",,https://masonrybali.com/uluwatu/about-us,"standout mains include the Barramundi Fillet with Smoked Tomato and Cardamom, a Wood Roasted Lamb Shoulder with Yoghurt, Cumin and Salsa Verde, and the 48 Hour Slow Cooked Short Rib",2026-09-28,839b21d36a21f54ff7d3266c3ff919b68c9ed0201a13e3709eccd65f43ee9a17,ready,skip,,,KEEP,
masonry-restaurant,masonry-restaurant-06,copy:whatToExpect#2,CODE,F,replace,Bookings run through the venue's own page; groups of 11+ go via WhatsApp.,Bookings run through the SevenRooms widget on the venue's own page; groups of 11 or more book by email or phone.,https://masonrybali.com/uluwatu/bookings,"Bookings of 11 guests and above can make a reservation via
‍ uluwatu@masonrybali.com or +62 821-4676-5177",2026-09-28,ec561bfa1c50cc885ff3cf735ddc36fa01f4958e604042624e4602fb2cf36ecc,ready,pass,hold,SOURCE_BLOCKED Not re-fetched.,HOLD,acceptor: hold — SOURCE_BLOCKED Not re-fetched. | acceptor could not re-fetch the source: snapshot-only evidence
masonry-restaurant,masonry-restaurant-07,copy:whatToExpect#3,CODE,F,remove,It shares an address plot with Ulu Fishmarket on Labuan Sait.,,https://masonrybali.com/uluwatu,"Jl. Labuansait No.10, Pecatu, Kec. Kuta Sel., Kabupaten Badung, Bali 80361",2026-09-28,af916615b4b7c8de5da66e28b907382ec61fe654eca85c66bd05c83e74eb85fc,ready,pass,hold,"SOURCE_BLOCKED Removal of the 'shares a plot with Ulu Fishmarket' sentence: official pages not re-fetched, so support/absence could not be established.",HOLD,"acceptor: hold — SOURCE_BLOCKED Removal of the 'shares a plot with Ulu Fishmarket' sentence: official pages not re-fetched, so support/absence could not be established. | removal: founder confirms every removal"
masonry-restaurant,masonry-restaurant-08,bestFor,CODE,O,keep,group dinners; date nights around the grill,,,,2026-09-28,,ready,skip,,,KEEP,
masonry-restaurant,masonry-restaurant-09,notFor,CODE,O,keep,quick counter lunches,,,,2026-09-28,,ready,skip,,,KEEP,
masonry-restaurant,masonry-restaurant-10,copy:practicalNote#1,CODE,F,replace,"Jl. Labuansait No.10 area, Pecatu.","Jl. Labuansait No.10, Pecatu.",https://masonrybali.com/uluwatu,"Jl. Labuansait No.10, Pecatu, Kec. Kuta Sel., Kabupaten Badung, Bali 80361",2026-09-28,af916615b4b7c8de5da66e28b907382ec61fe654eca85c66bd05c83e74eb85fc,ready,pass,hold,"SOURCE_BLOCKED /uluwatu not re-fetched. Format passes (Jl., Pecatu, no working notes) if confirmed.",HOLD,"acceptor: hold — SOURCE_BLOCKED /uluwatu not re-fetched. Format passes (Jl., Pecatu, no working notes) if confirmed. | acceptor could not re-fetch the source: snapshot-only evidence"
masonry-restaurant,masonry-restaurant-11,copy:reservations#1,CODE,F,replace,Book via the official bookings page; 11+ guests via WhatsApp.,Book via the official bookings page (SevenRooms widget); 11+ guests by email or phone.,https://masonrybali.com/uluwatu/bookings,"Bookings of 11 guests and above can make a reservation via
‍ uluwatu@masonrybali.com or +62 821-4676-5177",2026-09-28,ec561bfa1c50cc885ff3cf735ddc36fa01f4958e604042624e4602fb2cf36ecc,ready,pass,hold,SOURCE_BLOCKED Not re-fetched; the SevenRooms widget must be seen on the official bookings page.,HOLD,acceptor: hold — SOURCE_BLOCKED Not re-fetched; the SevenRooms widget must be seen on the official bookings page. | acceptor could not re-fetch the source: snapshot-only evidence
masonry-restaurant,masonry-restaurant-12,whatToOrder,CODE,F,replace,48-hour short ribs; wagyu steak; wood-fired barramundi,48hr slow cooked beef short rib; wood fired barramundi fillet; house made halloumi,https://cdn.prod.website-files.com/68c234b7023a902c90432f95/6a912389d921d3e985c97cf6_M_ULU%20DINNER%20MENU%20%2310-08-26_opsi%202.jpg,"48HR SLOW COOKED BEEF SHORT RIB CHIMICHURRI, SHALLOT GLAZE 460",2026-09-28,0576c732c6223225b0cc12b02b09815f137dc25edada63ce0ee952437bd04b4b,ready,fail,hold,"SOURCE_BLOCKED CDN menu image not re-fetched; quote covers the short rib only, barramundi and halloumi need their own lines.",HOLD,"validator: host cdn.prod.website-files.com is not among the venue's official domains (masonrybali.com); no 200 snapshot with text for this source_url (run snapshot.mjs) | acceptor: hold — SOURCE_BLOCKED CDN menu image not re-fetched; quote covers the short rib only, barramundi and halloumi need their own lines. | acceptor could not re-fetch the source: snapshot-only evidence | quote transcribed from image: founder checks the file"
masonry-restaurant,masonry-restaurant-13,priceBand,CODE,F,keep,$$$,,https://cdn.prod.website-files.com/68c234b7023a902c90432f95/6a912389d921d3e985c97cf6_M_ULU%20DINNER%20MENU%20%2310-08-26_opsi%202.jpg,"WOOD FIRED BARRAMUNDI FILLET SMOKED CHERRY TOMATO, CARDAMON, CUCUMBER 200",2026-09-28,0576c732c6223225b0cc12b02b09815f137dc25edada63ce0ee952437bd04b4b,ready,skip,,,KEEP,
masonry-restaurant,masonry-restaurant-14,price_anchor,CODE,F,add,,48hr slow cooked beef short rib 460K IDR; wood fired barramundi fillet 200K IDR (dinner menu image dated 10-08-26),https://cdn.prod.website-files.com/68c234b7023a902c90432f95/6a912389d921d3e985c97cf6_M_ULU%20DINNER%20MENU%20%2310-08-26_opsi%202.jpg,"48HR SLOW COOKED BEEF SHORT RIB CHIMICHURRI, SHALLOT GLAZE 460",2026-08-10,0576c732c6223225b0cc12b02b09815f137dc25edada63ce0ee952437bd04b4b,ready,fail,hold,"SOURCE_BLOCKED Menu image is on the Webflow CDN (cdn.prod.website-files.com), not the official domain; acceptable only if the official page is seen to embed it — neither was re-fetched.",HOLD,"validator: host cdn.prod.website-files.com is not among the venue's official domains (masonrybali.com); no 200 snapshot with text for this source_url (run snapshot.mjs) | acceptor: hold — SOURCE_BLOCKED Menu image is on the Webflow CDN (cdn.prod.website-files.com), not the official domain; acceptable only if the official page is seen to embed it — neither was re-fetched. | acceptor could not re-fetch the source: snapshot-only evidence | quote transcribed from image: founder checks the file"
masonry-restaurant,masonry-restaurant-15,address,CODE,F,keep,"Jl. Labuansait No.10, Pecatu",,https://masonrybali.com/uluwatu,"Jl. Labuansait No.10, Pecatu, Kec. Kuta Sel., Kabupaten Badung, Bali 80361",2026-09-28,af916615b4b7c8de5da66e28b907382ec61fe654eca85c66bd05c83e74eb85fc,ready,skip,,,KEEP,
masonry-restaurant,masonry-restaurant-16,full_address,DB,F,add,,"Jl. Labuansait No.10, Pecatu, Kec. Kuta Sel., Kabupaten Badung, Bali 80361",https://masonrybali.com/uluwatu,"Jl. Labuansait No.10, Pecatu, Kec. Kuta Sel., Kabupaten Badung, Bali 80361",2026-09-28,af916615b4b7c8de5da66e28b907382ec61fe654eca85c66bd05c83e74eb85fc,ready,pass,hold,SOURCE_BLOCKED Not re-fetched; format passes if confirmed.,HOLD,acceptor: hold — SOURCE_BLOCKED Not re-fetched; format passes if confirmed. | acceptor could not re-fetch the source: snapshot-only evidence
masonry-restaurant,masonry-restaurant-17,hours,CODE,F,add,,Daily 12pm–late,https://masonrybali.com/uluwatu,OPEN EVERYDAY 12 PM - LATE,2026-09-28,af916615b4b7c8de5da66e28b907382ec61fe654eca85c66bd05c83e74eb85fc,ready,pass,hold,BOUND_FAIL Free-text 'Daily 12pm–late' is not per-day JSON and has no closing time. Also not re-fetched.,HOLD,acceptor: hold — BOUND_FAIL Free-text 'Daily 12pm–late' is not per-day JSON and has no closing time. Also not re-fetched. | acceptor could not re-fetch the source: snapshot-only evidence
masonry-restaurant,masonry-restaurant-18,opening_hours_json,DB,F,add,,Daily from 12pm until late,https://masonrybali.com/uluwatu,OPEN EVERYDAY 12 PM - LATE,2026-09-28,af916615b4b7c8de5da66e28b907382ec61fe654eca85c66bd05c83e74eb85fc,ready,pass,hold,"BOUND_FAIL Proposed value is a free-text string, not per-day JSON covering 7 days; '12 PM - LATE' has no closing time. Also not re-fetched.",HOLD,"acceptor: hold — BOUND_FAIL Proposed value is a free-text string, not per-day JSON covering 7 days; '12 PM - LATE' has no closing time. Also not re-fetched. | acceptor could not re-fetch the source: snapshot-only evidence"
masonry-restaurant,masonry-restaurant-19,officialUrl,BOTH,F,keep,https://masonrybali.com/uluwatu,,https://masonrybali.com/uluwatu,Uluwatu Restaurant | MASONRY. Grill & Bar,2026-09-28,af916615b4b7c8de5da66e28b907382ec61fe654eca85c66bd05c83e74eb85fc,ready,skip,,,KEEP,
masonry-restaurant,masonry-restaurant-20,instagramUrl,BOTH,F,replace,https://www.instagram.com/masonry.bali/,https://www.instagram.com/mason.bali/,https://masonrybali.com/uluwatu,mason.bali,2026-09-28,af916615b4b7c8de5da66e28b907382ec61fe654eca85c66bd05c83e74eb85fc,ready,pass,hold,SOURCE_BLOCKED Not re-fetched; the handle 'mason.bali' must be seen linked on the official page.,HOLD,acceptor: hold — SOURCE_BLOCKED Not re-fetched; the handle 'mason.bali' must be seen linked on the official page. | acceptor could not re-fetch the source: snapshot-only evidence
masonry-restaurant,masonry-restaurant-21,bookingUrl,BOTH,F,keep,https://masonrybali.com/uluwatu/bookings,,https://masonrybali.com/uluwatu/bookings,Bookings Uluwatu - MASONRY. Bar | Grill,2026-09-28,ec561bfa1c50cc885ff3cf735ddc36fa01f4958e604042624e4602fb2cf36ecc,ready,skip,,,KEEP,
masonry-restaurant,masonry-restaurant-22,menuUrl,BOTH,F,keep,https://masonrybali.com/uluwatu/menu,,https://masonrybali.com/uluwatu/menu,Menu Uluwatu - MASONRY. Bar | Grill,2026-09-28,ea74b4d3f643cca5a9bb2854392cf0ebeb395d2324af1494aa3600f095f4d880,ready,skip,,,KEEP,
masonry-restaurant,masonry-restaurant-23,phone,DB,F,add,,+6282146765177,https://masonrybali.com/uluwatu/bookings,"Bookings of 11 guests and above can make a reservation via
‍ uluwatu@masonrybali.com or +62 821-4676-5177",2026-09-28,ec561bfa1c50cc885ff3cf735ddc36fa01f4958e604042624e4602fb2cf36ecc,ready,pass,hold,"SOURCE_BLOCKED /uluwatu/bookings not re-fetched. If confirmed: +62 821-4676-5177 is the Uluwatu branch line (uluwatu@ email alongside), branch named.",HOLD,"acceptor: hold — SOURCE_BLOCKED /uluwatu/bookings not re-fetched. If confirmed: +62 821-4676-5177 is the Uluwatu branch line (uluwatu@ email alongside), branch named. | acceptor could not re-fetch the source: snapshot-only evidence"
masonry-restaurant,masonry-restaurant-24,coordinates,DB,F,unknown,,,,,2026-09-28,,not_found,fail,hold,"NOT_A_SOURCE_FACT Action 'unknown', no source — nothing to verify; field stays null.",HOLD,"collector status: not_found | validator: no source_url — a row without a source is not accepted | acceptor: hold — NOT_A_SOURCE_FACT Action 'unknown', no source — nothing to verify; field stays null. | acceptor could not re-fetch the source: snapshot-only evidence"
masonry-restaurant,masonry-restaurant-25,category,DB,F,keep,restaurant,,https://masonrybali.com/uluwatu,Uluwatu Restaurant | MASONRY. Grill & Bar,2026-09-28,af916615b4b7c8de5da66e28b907382ec61fe654eca85c66bd05c83e74eb85fc,ready,skip,,,KEEP,
masonry-restaurant,masonry-restaurant-26,lastVerifiedAt,CODE,F,keep,2026-07-12,,,,2026-09-28,,ready,skip,,,KEEP,
oneeighty,oneeighty-01,name,CODE,F,keep,oneeighty°,,https://oneeightybali.com/,oneeighty° is a clifftop day club,2026-09-28,86058b5daf134f352cad74cb93d93d36f22439c26acdc05c194763aa5a9b2177,ready,skip,,,KEEP,
oneeighty,oneeighty-02,copy:verdict#1,CODE,Q,remove,Glass-bottomed sky pool jutting off a 162-metre cliff at The Edge — the Bukit's most vertiginous day club.,,https://oneeightybali.com/,spilling into a jaw-dropping glass-bottom sky pool extending 6 metres over the cliff edge,2026-09-28,86058b5daf134f352cad74cb93d93d36f22439c26acdc05c194763aa5a9b2177,unclear,pass,hold,SOURCE_BLOCKED Removal: glass-bottom sky pool / cliff-height facts could not be checked on the official page; '162-metre' needs its own official figure.,HOLD,acceptor: hold — SOURCE_BLOCKED Removal: glass-bottom sky pool / cliff-height facts could not be checked on the official page; '162-metre' needs its own official figure. | removal: founder confirms every removal
oneeighty,oneeighty-03,copy:whyHere#1,CODE,F,keep,"One image sells it: a transparent pool cantilevered over the ocean, far above the break.",,https://oneeightybali.com/,glass-bottom sky pool extending 6 metres over the cliff edge,2026-09-28,86058b5daf134f352cad74cb93d93d36f22439c26acdc05c194763aa5a9b2177,ready,skip,,,KEEP,
oneeighty,oneeighty-04,copy:whyHere#2,CODE,Q,remove,oneeighty° is the day-club as spectacle — a day pass with food-and-drink credit buys you the most extreme viewpoint on the peninsula.,,https://oneeightybali.com/,IDR 700.000 per person (includes IDR 600.000 F&B credit ),2026-09-28,86058b5daf134f352cad74cb93d93d36f22439c26acdc05c194763aa5a9b2177,unclear,pass,hold,SOURCE_BLOCKED Removal: the admission/credit fact could not be checked on the official page; 'most extreme viewpoint' is editorial either way.,HOLD,acceptor: hold — SOURCE_BLOCKED Removal: the admission/credit fact could not be checked on the official page; 'most extreme viewpoint' is editorial either way. | removal: founder confirms every removal
oneeighty,oneeighty-05,copy:whatToExpect#1,CODE,F,keep,"A luxury dayclub inside The Edge resort: sky pool, loungers, cocktails and an all-day kitchen.",,https://oneeightybali.com/,"oneeighty° is situated within The edge Villa Resort in Pecatu, Uluwatu.",2026-09-28,86058b5daf134f352cad74cb93d93d36f22439c26acdc05c194763aa5a9b2177,ready,skip,,,KEEP,
oneeighty,oneeighty-06,copy:whatToExpect#2,CODE,F,replace,"Passes work on a minimum-spend model and capacity is limited, so pre-booking matters.","Day passes include a food-and-drink credit, and bookings need a deposit to be secured.",https://oneeightybali.com/,"Booking up to 6 persons, deposit payment are require to secure the booking",2026-09-28,86058b5daf134f352cad74cb93d93d36f22439c26acdc05c194763aa5a9b2177,ready,pass,hold,SOURCE_BLOCKED Not re-fetched.,HOLD,acceptor: hold — SOURCE_BLOCKED Not re-fetched. | acceptor could not re-fetch the source: snapshot-only evidence
oneeighty,oneeighty-07,copy:whatToExpect#3,CODE,F,keep,Note it is not an adults-only venue — under-12s are restricted from the VIP deck only.,,https://oneeightybali.com/,Children under 12 are not permitted on the VIP deck and must be closely supervised by their parents/guardians at all times.,2026-09-28,86058b5daf134f352cad74cb93d93d36f22439c26acdc05c194763aa5a9b2177,ready,skip,,,KEEP,
oneeighty,oneeighty-08,bestFor,CODE,O,keep,special-occasion days; sunset cocktails; travellers chasing the one big view,,,,2026-09-28,,ready,skip,,,KEEP,
oneeighty,oneeighty-09,notFor,CODE,O,keep,budget days out — the pass is a commitment,,,,2026-09-28,,ready,skip,,,KEEP,
oneeighty,oneeighty-10,copy:practicalNote#1,CODE,F,keep,"Inside The Edge resort, Jl. Pura Goa Lempeh, Pecatu.",,https://oneeightybali.com/,"Jl Pura Goa Lempeh, Banjar Dinas Kangin, Pecatu, Uluwatu",2026-09-28,86058b5daf134f352cad74cb93d93d36f22439c26acdc05c194763aa5a9b2177,ready,skip,,,KEEP,
oneeighty,oneeighty-11,copy:reservations#1,CODE,F,replace,Pre-book a day pass — capacity is capped and deposits apply.,"Book a day pass ahead (Chope, linked from the official site) — deposits are required to secure a booking.",https://oneeightybali.com/,Booking and Deposit payment are require to secure the booking,2026-09-28,86058b5daf134f352cad74cb93d93d36f22439c26acdc05c194763aa5a9b2177,ready,pass,hold,SOURCE_BLOCKED Not re-fetched; the Chope link must be seen on the official site.,HOLD,acceptor: hold — SOURCE_BLOCKED Not re-fetched; the Chope link must be seen on the official site. | acceptor could not re-fetch the source: snapshot-only evidence
oneeighty,oneeighty-12,whatToOrder,CODE,F,replace,satay; churros; cocktails,sate babi bumbu bali; banana churros; the cliff burger,https://storage.googleapis.com/production-gator-v1-0-8/648/1022648/7wJcS29F/b541301aa204436d9be799e0f1030af2?fileName=January%20Oneeighty%20Food%20Menu%20A3.1%20-2026.pdf,sate babi bumbu bali,2026-09-28,190e48deb42b5319c136522fd53cba0c8ff397e7752020d32a6cdad42e43e6e1,ready,fail,hold,"SOURCE_BLOCKED Menu PDF is hosted on storage.googleapis.com, not the official domain; acceptable only if oneeightybali.com/menu is seen to link it — neither was re-fetched. Quote covers 'sate babi bumbu bali' only.",HOLD,"validator: host storage.googleapis.com is not among the venue's official domains (oneeightybali.com, theedgebali.com) | acceptor: hold — SOURCE_BLOCKED Menu PDF is hosted on storage.googleapis.com, not the official domain; acceptable only if oneeightybali.com/menu is seen to link it — neither was re-fetched. Quote covers 'sate babi bumbu bali' only. | acceptor could not re-fetch the source: snapshot-only evidence | quote transcribed from pdf: founder checks the file"
oneeighty,oneeighty-13,priceBand,CODE,F,add,,$$$,https://storage.googleapis.com/production-gator-v1-0-8/648/1022648/7wJcS29F/b541301aa204436d9be799e0f1030af2?fileName=January%20Oneeighty%20Food%20Menu%20A3.1%20-2026.pdf,giant papuan prawns                                       320,2026-09-28,190e48deb42b5319c136522fd53cba0c8ff397e7752020d32a6cdad42e43e6e1,ready,fail,hold,SOURCE_BLOCKED Not re-fetched; a single 320K item is thin evidence for a $$$ band in any case.,HOLD,"validator: host storage.googleapis.com is not among the venue's official domains (oneeightybali.com, theedgebali.com) | acceptor: hold — SOURCE_BLOCKED Not re-fetched; a single 320K item is thin evidence for a $$$ band in any case. | acceptor could not re-fetch the source: snapshot-only evidence | quote transcribed from pdf: founder checks the file"
oneeighty,oneeighty-14,price_anchor,CODE,F,add,,"giant papuan prawns 320K IDR; seafood pizza 230K IDR (food menu PDF titled 'January Oneeighty Food Menu A3.1 -2026'); regular admission IDR 700,000 incl. IDR 600,000 F&B credit (official site)",https://storage.googleapis.com/production-gator-v1-0-8/648/1022648/7wJcS29F/b541301aa204436d9be799e0f1030af2?fileName=January%20Oneeighty%20Food%20Menu%20A3.1%20-2026.pdf,giant papuan prawns                                       320,2026-09-28,190e48deb42b5319c136522fd53cba0c8ff397e7752020d32a6cdad42e43e6e1,ready,fail,hold,SOURCE_BLOCKED Not re-fetched. Anchor mixes a PDF price (prawns 320) and a site admission price (700K / 600K credit); each needs its own confirmed quote.,HOLD,"validator: host storage.googleapis.com is not among the venue's official domains (oneeightybali.com, theedgebali.com) | acceptor: hold — SOURCE_BLOCKED Not re-fetched. Anchor mixes a PDF price (prawns 320) and a site admission price (700K / 600K credit); each needs its own confirmed quote. | acceptor could not re-fetch the source: snapshot-only evidence | quote transcribed from pdf: founder checks the file"
oneeighty,oneeighty-15,address,CODE,F,replace,"The Edge Bali, Jl. Pura Goa Lempeh, Pecatu","Jl. Pura Goa Lempeh, Banjar Dinas Kangin, Pecatu, Uluwatu",https://oneeightybali.com/,"Jl Pura Goa Lempeh, Banjar Dinas Kangin, Pecatu, Uluwatu",2026-09-28,86058b5daf134f352cad74cb93d93d36f22439c26acdc05c194763aa5a9b2177,ready,pass,hold,"SOURCE_BLOCKED Not re-fetched; format passes (Jl., Banjar, Pecatu, no working notes) if confirmed.",HOLD,"acceptor: hold — SOURCE_BLOCKED Not re-fetched; format passes (Jl., Banjar, Pecatu, no working notes) if confirmed. | acceptor could not re-fetch the source: snapshot-only evidence"
oneeighty,oneeighty-16,full_address,DB,F,add,,"Jl. Pura Goa Lempeh, Banjar Dinas Kangin, Pecatu, Uluwatu, Bali 80361",https://oneeightybali.com/,"Jl Pura Goa Lempeh, Banjar Dinas Kangin, Pecatu, Uluwatu
Bali 80361, ID",2026-09-28,86058b5daf134f352cad74cb93d93d36f22439c26acdc05c194763aa5a9b2177,ready,pass,hold,SOURCE_BLOCKED Not re-fetched; format passes if confirmed.,HOLD,acceptor: hold — SOURCE_BLOCKED Not re-fetched; format passes if confirmed. | acceptor could not re-fetch the source: snapshot-only evidence
oneeighty,oneeighty-17,hours,CODE,F,add,,"{""Monday"":[""10.00am-9.00pm""],""Tuesday"":[""10.00am-9.00pm""],""Wednesday"":[""10.00am-9.00pm""],""Thursday"":[""10.00am-9.00pm""],""Friday"":[""10.00am-9.00pm""],""Saturday"":[""10.00am-9.00pm""],""Sunday"":[""10.00am-9.00pm""]}",https://oneeightybali.com/,"OPENING HOURS: FROM 10 AM - 9 PM
Last order : 8 pm",2026-09-28,86058b5daf134f352cad74cb93d93d36f22439c26acdc05c194763aa5a9b2177,ready,pass,hold,SOURCE_BLOCKED oneeightybali.com/ not re-fetched. 7-day 10:00–21:00 JSON is within beach-club bounds if the quote is confirmed.,HOLD,acceptor: hold — SOURCE_BLOCKED oneeightybali.com/ not re-fetched. 7-day 10:00–21:00 JSON is within beach-club bounds if the quote is confirmed. | acceptor could not re-fetch the source: snapshot-only evidence
oneeighty,oneeighty-18,opening_hours_json,DB,F,keep,"Mo 10:00-21:00, Tu 10:00-21:00, We 10:00-21:00, Th 10:00-21:00, Fr 10:00-21:00, Sa 10:00-21:00, Su 10:00-21:00","{""Monday"":[""10.00am-9.00pm""],""Tuesday"":[""10.00am-9.00pm""],""Wednesday"":[""10.00am-9.00pm""],""Thursday"":[""10.00am-9.00pm""],""Friday"":[""10.00am-9.00pm""],""Saturday"":[""10.00am-9.00pm""],""Sunday"":[""10.00am-9.00pm""]}",https://oneeightybali.com/,"OPENING HOURS: FROM 10 AM - 9 PM
Last order : 8 pm",2026-09-28,86058b5daf134f352cad74cb93d93d36f22439c26acdc05c194763aa5a9b2177,ready,skip,,,KEEP,
oneeighty,oneeighty-19,officialUrl,BOTH,F,replace,https://www.oneeightybali.com/,https://oneeightybali.com/,https://oneeightybali.com/,Home - One Eighty Dayclub,2026-09-28,86058b5daf134f352cad74cb93d93d36f22439c26acdc05c194763aa5a9b2177,ready,pass,hold,SOURCE_BLOCKED Not re-fetched.,HOLD,acceptor: hold — SOURCE_BLOCKED Not re-fetched. | acceptor could not re-fetch the source: snapshot-only evidence
oneeighty,oneeighty-20,instagramUrl,BOTH,F,add,,https://www.instagram.com/oneeightybali/,https://storage.googleapis.com/production-gator-v1-0-8/648/1022648/7wJcS29F/b541301aa204436d9be799e0f1030af2?fileName=January%20Oneeighty%20Food%20Menu%20A3.1%20-2026.pdf,@oneeightybali,2026-09-28,190e48deb42b5319c136522fd53cba0c8ff397e7752020d32a6cdad42e43e6e1,ready,fail,hold,"SOURCE_BLOCKED Handle sourced to a PDF on storage.googleapis.com, not the official domain; not re-fetched.",HOLD,"validator: host storage.googleapis.com is not among the venue's official domains (oneeightybali.com, theedgebali.com) | acceptor: hold — SOURCE_BLOCKED Handle sourced to a PDF on storage.googleapis.com, not the official domain; not re-fetched. | acceptor could not re-fetch the source: snapshot-only evidence | quote transcribed from pdf: founder checks the file"
oneeighty,oneeighty-21,bookingUrl,BOTH,F,add,,https://cho.pe/oneeighty.web,https://cho.pe/oneeighty.web,Widget,2026-09-28,5430ad32d1775e1265a88512ca3c03872baa7be0b73cc9762974b1b11ee72fe8,unclear,fail,hold,SOURCE_BLOCKED cho.pe (Chope) is allowed only if linked from the official site; neither page was re-fetched.,HOLD,"collector status: unclear | validator: host cho.pe is not among the venue's official domains (oneeightybali.com, theedgebali.com) | acceptor: hold — SOURCE_BLOCKED cho.pe (Chope) is allowed only if linked from the official site; neither page was re-fetched. | acceptor could not re-fetch the source: snapshot-only evidence"
oneeighty,oneeighty-22,menuUrl,BOTH,F,add,,https://oneeightybali.com/menu,https://oneeightybali.com/menu,Our Menus,2026-09-28,5bc9bb5179d278571fbb09c8cdb79531c6ed705c4f508ac1a193a6835c62d2c9,ready,pass,hold,SOURCE_BLOCKED Not re-fetched.,HOLD,acceptor: hold — SOURCE_BLOCKED Not re-fetched. | acceptor could not re-fetch the source: snapshot-only evidence
oneeighty,oneeighty-23,phone,DB,F,add,,+6282144632077,https://oneeightybali.com/,"Phone
+62 82144632077",2026-09-28,86058b5daf134f352cad74cb93d93d36f22439c26acdc05c194763aa5a9b2177,ready,pass,hold,SOURCE_BLOCKED Not re-fetched; +62 format passes if confirmed.,HOLD,acceptor: hold — SOURCE_BLOCKED Not re-fetched; +62 format passes if confirmed. | acceptor could not re-fetch the source: snapshot-only evidence
oneeighty,oneeighty-24,coordinates,DB,F,unknown,,,,,2026-09-28,,not_found,fail,hold,"NOT_A_SOURCE_FACT Action 'unknown', no source — nothing to verify; field stays null.",HOLD,"collector status: not_found | validator: no source_url — a row without a source is not accepted | acceptor: hold — NOT_A_SOURCE_FACT Action 'unknown', no source — nothing to verify; field stays null. | acceptor could not re-fetch the source: snapshot-only evidence"
oneeighty,oneeighty-25,category,DB,F,replace,restaurant,beach_club,https://oneeightybali.com/,oneeighty° is a clifftop day club,2026-09-28,86058b5daf134f352cad74cb93d93d36f22439c26acdc05c194763aa5a9b2177,ready,pass,hold,SOURCE_BLOCKED Not re-fetched.,HOLD,acceptor: hold — SOURCE_BLOCKED Not re-fetched. | acceptor could not re-fetch the source: snapshot-only evidence
oneeighty,oneeighty-26,lastVerifiedAt,CODE,F,keep,2026-07-12,,,,2026-09-28,,ready,skip,,,KEEP,
papi-sapi,papi-sapi-01,name,CODE,F,keep,Papi Sapi,Papi Sapi,https://papisapi.com/,© Papi Sapi 2026. All Rights Reserved.,2026-09-28,b668241b401236639f94204ca3680a9a355d29ce411e703b50293b494b732068,ready,skip,,,KEEP,
papi-sapi,papi-sapi-02,copy:verdict#1,CODE,F,replace,Dinner-only neighbourhood grill on Labuan Sait — wagyu rib eye and picanha without cliff-club prices for the view you skip.,"Dinner-only neighbourhood grill on Labuan Sait — meat, seafood and vegetables chosen from the showcase and grilled to order.",https://cdn.prod.website-files.com/6a6458cf557c2d545dde4567/6a75b499618cda3073b88cf3_Menu_IGSTORY_Bali.pdf,"Step up to the showcase OR SCan the qr: meat, seafood, and vegetables, ready 
for the grill. Some things are portioned, some go by weight. Nothing's on the 
menu because nothing's set in stone.",2026-09-28,5ac4d9dfe4d5d7dc5db880c48ad95e17b695c1150ea715bf56ccaa6ceecd4b17,unclear,fail,,,HOLD,collector status: unclear | validator: host cdn.prod.website-files.com is not among the venue's official domains (papisapi.com) | acceptor: no verdict | quote transcribed from pdf: founder checks the file
papi-sapi,papi-sapi-03,copy:whyHere#1,CODE,F,keep,"When the table just wants very good grilled meat, Papi Sapi is the Bukit's straight answer: a casual neighbourhood steakhouse that opens at four, books through its own site and spends its money on the cut, not the postcode.",,https://papisapi.com/,"OPENING HOURS
Everyday
04 : 00 pm - 11:30 pm",2026-09-28,b668241b401236639f94204ca3680a9a355d29ce411e703b50293b494b732068,ready,skip,,,KEEP,
papi-sapi,papi-sapi-04,copy:whatToExpect#1,CODE,F,keep,A relaxed grill room open 16:00–23:30 daily.,,https://papisapi.com/,"OPENING HOURS
Everyday
04 : 00 pm - 11:30 pm",2026-09-28,b668241b401236639f94204ca3680a9a355d29ce411e703b50293b494b732068,ready,skip,,,KEEP,
papi-sapi,papi-sapi-05,copy:whatToExpect#2,CODE,F,replace,"Premium cuts (wagyu rib eye, picanha) at the centre, easy sides around them, and a second branch on Lombok if the name looks familiar from another trip.","Cuts from the showcase at the centre, easy sides around them, and a second branch on Lombok if the name looks familiar from another trip.",https://papisapi.com/,"OUR LOCATIONS
Bali
+62 851 9590 3719 hello@papisapi.com Jl. Labuansait, Pecatu, Kec. Kuta Sel., Kabupaten Badung, Bali 80361
Lombok",2026-09-28,b668241b401236639f94204ca3680a9a355d29ce411e703b50293b494b732068,ready,pass,,,HOLD,acceptor: no verdict
papi-sapi,papi-sapi-06,copy:whatToExpect#3,CODE,E,keep,Book online — the room is small enough to fill.,,,,,,unclear,skip,,,KEEP,
papi-sapi,papi-sapi-07,copy:practicalNote#1,CODE,F,keep,"Jl. Labuansait, Pecatu.",,https://papisapi.com/contact/,"Jl. Labuansait, Pecatu, Kec. Kuta Sel., Kabupaten Badung, Bali 80361",2026-09-28,5aa6b2853cef35a78d02aa7da872b768e7d5a8dd10e1aa126814e5d52ef1b3c8,ready,skip,,,KEEP,
papi-sapi,papi-sapi-08,copy:reservations#1,CODE,F,replace,Book a table via the official site (ResDiary widget).,Book a table via the official site (SevenRooms).,https://papisapi.com/,BOOK A TABLE,2026-09-28,b668241b401236639f94204ca3680a9a355d29ce411e703b50293b494b732068,ready,pass,,,HOLD,acceptor: no verdict
papi-sapi,papi-sapi-09,bestFor,CODE,O,keep,steak-led group dinners; low-ceremony date nights,,,,,,ready,skip,,,KEEP,
papi-sapi,papi-sapi-10,notFor,CODE,O,keep,lunch plans — it opens at 16:00,,https://papisapi.com/,"OPENING HOURS
Everyday
04 : 00 pm - 11:30 pm",2026-09-28,b668241b401236639f94204ca3680a9a355d29ce411e703b50293b494b732068,ready,skip,,,KEEP,
papi-sapi,papi-sapi-11,whatToOrder,CODE,F,replace,premium grills; wagyu rib eye; picanha,sapi penyet; croquetas jamón serrano; grilled octopus skewer,https://papisapi.com/menu-bali,CROQUETAS JAMÓN SERRANO,2026-09-28,76e49812777368dd38386a04b6626414b1553436800cb6c37046ac4a70ca58e7,unclear,pass,,,HOLD,collector status: unclear | acceptor: no verdict
papi-sapi,papi-sapi-12,priceBand,CODE,F,unknown,$$$,,https://cdn.prod.website-files.com/6a6458cf557c2d545dde4567/6a75b499618cda3073b88cf3_Menu_IGSTORY_Bali.pdf,"Some things are portioned, some go by weight. Nothing's on the 
menu because nothing's set in stone.",2026-09-28,5ac4d9dfe4d5d7dc5db880c48ad95e17b695c1150ea715bf56ccaa6ceecd4b17,not_found,fail,,,HOLD,collector status: not_found | validator: host cdn.prod.website-files.com is not among the venue's official domains (papisapi.com) | acceptor: no verdict | quote transcribed from pdf: founder checks the file
papi-sapi,papi-sapi-13,price_anchor,DB,F,add,,"sapi penyet burger 140K (menu-bali, 2026-09-28; grill cuts priced by weight at the showcase)",https://papisapi.com/menu-bali,"SAPI PENYET
Two super smashed australian beef patties, caramelised white onion, american cheese, pickles, Papi Sapi sauce
140",2026-09-28,76e49812777368dd38386a04b6626414b1553436800cb6c37046ac4a70ca58e7,ready,pass,,,HOLD,acceptor: no verdict
papi-sapi,papi-sapi-14,address,CODE,F,keep,"Jl. Labuansait, Pecatu","Jl. Labuansait, Pecatu",https://papisapi.com/contact/,"Jl. Labuansait, Pecatu, Kec. Kuta Sel., Kabupaten Badung, Bali 80361",2026-09-28,5aa6b2853cef35a78d02aa7da872b768e7d5a8dd10e1aa126814e5d52ef1b3c8,ready,skip,,,KEEP,
papi-sapi,papi-sapi-15,full_address,DB,F,add,"Jl. Labuansait, Pecatu","Jl. Labuansait, Pecatu, Kec. Kuta Sel., Kabupaten Badung, Bali 80361",https://papisapi.com/contact/,"Jl. Labuansait, Pecatu, Kec. Kuta Sel., Kabupaten Badung, Bali 80361",2026-09-28,5aa6b2853cef35a78d02aa7da872b768e7d5a8dd10e1aa126814e5d52ef1b3c8,ready,pass,,,HOLD,acceptor: no verdict
papi-sapi,papi-sapi-16,hours,CODE,F,keep,Daily 16:00–23:30,Daily 16:00–23:30,https://papisapi.com/,"OPENING HOURS
Everyday
04 : 00 pm - 11:30 pm",2026-09-28,b668241b401236639f94204ca3680a9a355d29ce411e703b50293b494b732068,ready,skip,,,KEEP,
papi-sapi,papi-sapi-17,opening_hours_json,DB,F,add,,"{""Monday"":[""4.00pm-11.30pm""],""Tuesday"":[""4.00pm-11.30pm""],""Wednesday"":[""4.00pm-11.30pm""],""Thursday"":[""4.00pm-11.30pm""],""Friday"":[""4.00pm-11.30pm""],""Saturday"":[""4.00pm-11.30pm""],""Sunday"":[""4.00pm-11.30pm""]}",https://papisapi.com/,"OPENING HOURS
Everyday
04 : 00 pm - 11:30 pm",2026-09-28,b668241b401236639f94204ca3680a9a355d29ce411e703b50293b494b732068,ready,pass,,,HOLD,acceptor: no verdict
papi-sapi,papi-sapi-18,officialUrl,BOTH,F,keep,https://papisapi.com/,https://papisapi.com/,https://papisapi.com/,© Papi Sapi 2026. All Rights Reserved.,2026-09-28,b668241b401236639f94204ca3680a9a355d29ce411e703b50293b494b732068,ready,skip,,,KEEP,
papi-sapi,papi-sapi-19,instagramUrl,BOTH,F,keep,https://www.instagram.com/papisapi_/,https://www.instagram.com/papisapi_/,,,,,unclear,skip,,,KEEP,
papi-sapi,papi-sapi-20,bookingUrl,BOTH,F,replace,https://papisapi.com/book-a-table/,https://www.sevenrooms.com/reservations/papisapibali,https://www.sevenrooms.com/reservations/papisapibali,SevenRooms,2026-09-28,89c8aec830cf86d7c1f687c6bca521933ef17879d045386e65a9d5233ecd92b6,ready,pass,,,HOLD,acceptor: no verdict
papi-sapi,papi-sapi-21,menuUrl,BOTH,F,replace,https://papisapi.com/menu/,https://papisapi.com/menu-bali,https://papisapi.com/menu-bali,Menu - Bali | Papi Sapi,2026-09-28,76e49812777368dd38386a04b6626414b1553436800cb6c37046ac4a70ca58e7,ready,pass,,,HOLD,acceptor: no verdict
papi-sapi,papi-sapi-22,phone,DB,F,add,,+62 851 9590 3719,https://papisapi.com/,"Bali
+62 851 9590 3719 hello@papisapi.com",2026-09-28,b668241b401236639f94204ca3680a9a355d29ce411e703b50293b494b732068,ready,pass,,,HOLD,acceptor: no verdict
papi-sapi,papi-sapi-23,coordinates,DB,F,add,,"[-8.8124375,115.1068125]",https://papisapi.com/,,2026-09-28,,unclear,fail,,,HOLD,collector status: unclear | validator: no quote | acceptor: no verdict
papi-sapi,papi-sapi-24,category,DB,F,keep,restaurant,restaurant,https://cdn.prod.website-files.com/6a6458cf557c2d545dde4567/6a75b499618cda3073b88cf3_Menu_IGSTORY_Bali.pdf,"meat, seafood, and vegetables, ready 
for the grill",2026-09-28,5ac4d9dfe4d5d7dc5db880c48ad95e17b695c1150ea715bf56ccaa6ceecd4b17,ready,skip,,,KEEP,
papi-sapi,papi-sapi-25,lastVerifiedAt,CODE,F,keep,2026-07-12,,,,,,ready,skip,,,KEEP,
seed-bingin,seed-bingin-01,name,CODE,F,keep,Seed,Seed,https://seedbingin.com/,"© 2026 Seed Restaurant · Bingin, Bali",2026-09-28,a9dcd6e34c1de1f4a150f979c599f743ac6c9dcc8ccd03d696dc23a5bca33b8e,ready,skip,,,KEEP,
seed-bingin,seed-bingin-02,copy:verdict#1,CODE,F,replace,"Farm-to-table French-Asian two minutes from the Bingin steps — garden produce, wood fire and a proper breakfast.","Farm-to-table French-Asian a short walk from the Bingin steps — garden produce, wood fire and a proper breakfast.",https://seedbingin.com/,It is a short walk up from the beach itself.,2026-09-28,a9dcd6e34c1de1f4a150f979c599f743ac6c9dcc8ccd03d696dc23a5bca33b8e,ready,pass,,,HOLD,acceptor: no verdict
seed-bingin,seed-bingin-03,copy:whyHere#1,CODE,F,keep,Seed quietly does the hardest thing in Bingin: one kitchen that holds up from breakfast through a real dinner.,,https://seedbingin.com/,"The kitchen runs straight through, so there is no afternoon closure.",2026-09-28,a9dcd6e34c1de1f4a150f979c599f743ac6c9dcc8ccd03d696dc23a5bca33b8e,ready,skip,,,KEEP,
seed-bingin,seed-bingin-04,copy:whyHere#2,CODE,F,keep,"Its own garden feeds a French-Asian menu cooked partly over wood, and the room sits close enough to the beach steps to catch you either side of a surf.",,https://seedbingin.com/,"Farm to table French Asian cooking: garden-grown herbs, wood-fired dishes and Indonesian-inspired plates",2026-09-28,a9dcd6e34c1de1f4a150f979c599f743ac6c9dcc8ccd03d696dc23a5bca33b8e,ready,skip,,,KEEP,
seed-bingin,seed-bingin-05,copy:whatToExpect#1,CODE,F,keep,A garden restaurant with a bar pouring house-infused spirits.,,https://seedbingin.com/,with a bar of house-infused spirits and cocktails,2026-09-28,a9dcd6e34c1de1f4a150f979c599f743ac6c9dcc8ccd03d696dc23a5bca33b8e,ready,skip,,,KEEP,
seed-bingin,seed-bingin-06,copy:whatToExpect#2,CODE,F,replace,"Mornings are calm (open from around 7); evenings shift into date-night territory — rendang, seasonal plates, crème brûlée.","Mornings are calm (open from 7); evenings shift into date-night territory — rendang, seasonal plates, house-made desserts.",https://seedbingin.com/food-menu,Sumatran Beef Rendang Slow cooked beef cheek in a rich blend of fresh spices.,2026-09-28,3f4155921d63124565b775fa240dbb386e91b9a4cafa283030fac339ffb0d460,ready,pass,,,HOLD,acceptor: no verdict
seed-bingin,seed-bingin-07,copy:whatToExpect#3,CODE,F,keep,Reserve for dinner; breakfast is walk-in.,,https://seedbingin.com/,"Dinner service from six, reservations essential.",2026-09-28,a9dcd6e34c1de1f4a150f979c599f743ac6c9dcc8ccd03d696dc23a5bca33b8e,unclear,skip,,,KEEP,
seed-bingin,seed-bingin-08,copy:practicalNote#1,CODE,F,replace,"Jl. Pantai Bingin, Pecatu — 2 minutes from the Bingin Beach steps.","Jl. Pantai Bingin, Pecatu — a short walk up from Bingin Beach.",https://seedbingin.com/,a short walk up from Bingin Beach,2026-09-28,a9dcd6e34c1de1f4a150f979c599f743ac6c9dcc8ccd03d696dc23a5bca33b8e,ready,pass,,,HOLD,acceptor: no verdict
seed-bingin,seed-bingin-09,copy:reservations#1,CODE,F,replace,Contact the venue directly for dinner reservations; breakfast is walk-in.,Reserve online via SevenRooms (linked from the official site); dinner reservations essential.,https://seedbingin.com/,"You can reserve a table online through Seed's SevenRooms booking page, linked from every ""Book a table"" button on seedbingin.com.",2026-09-28,a9dcd6e34c1de1f4a150f979c599f743ac6c9dcc8ccd03d696dc23a5bca33b8e,ready,pass,,,HOLD,acceptor: no verdict
seed-bingin,seed-bingin-10,bestFor,CODE,O,keep,date-night dinners in Bingin; breakfast before the beach; small group dinners,,,,,,ready,skip,,,KEEP,
seed-bingin,seed-bingin-11,notFor,CODE,O,keep,big party tables,,,,,,ready,skip,,,KEEP,
seed-bingin,seed-bingin-12,whatToOrder,CODE,F,replace,beef rendang; crème brûlée; seasonal plates,sumatran beef rendang; tuna crudo; soft shell crab tempura,https://seedbingin.com/food-menu,Sumatran Beef Rendang,2026-09-28,3f4155921d63124565b775fa240dbb386e91b9a4cafa283030fac339ffb0d460,ready,pass,,,HOLD,acceptor: no verdict
seed-bingin,seed-bingin-13,priceBand,CODE,F,replace,$$,$$$,https://seedbingin.com/food-menu,"Sumatran Beef Rendang Slow cooked beef cheek in a rich blend of fresh spices.
210k",2026-09-28,3f4155921d63124565b775fa240dbb386e91b9a4cafa283030fac339ffb0d460,unclear,pass,,,HOLD,collector status: unclear | acceptor: no verdict
seed-bingin,seed-bingin-14,price_anchor,DB,F,add,,"sumatran beef rendang 210k ++ (dinner menu, 2026-09-28)",https://seedbingin.com/food-menu,"Sumatran Beef Rendang Slow cooked beef cheek in a rich blend of fresh spices.
210k",2026-09-28,3f4155921d63124565b775fa240dbb386e91b9a4cafa283030fac339ffb0d460,ready,pass,,,HOLD,acceptor: no verdict
seed-bingin,seed-bingin-15,address,CODE,F,keep,"Jl. Pantai Bingin, Pecatu","Jl. Pantai Bingin, Pecatu",https://seedbingin.com/,"Jalan Pantai Bingin
Pecatu, South Kuta
Badung, Bali 80361",2026-09-28,a9dcd6e34c1de1f4a150f979c599f743ac6c9dcc8ccd03d696dc23a5bca33b8e,ready,skip,,,KEEP,
seed-bingin,seed-bingin-16,full_address,DB,F,add,"Jl. Pantai Bingin, Pecatu","Jalan Pantai Bingin, Pecatu, South Kuta, Badung, Bali 80361",https://seedbingin.com/,"Jalan Pantai Bingin
Pecatu, South Kuta
Badung, Bali 80361",2026-09-28,a9dcd6e34c1de1f4a150f979c599f743ac6c9dcc8ccd03d696dc23a5bca33b8e,ready,pass,,,HOLD,acceptor: no verdict
seed-bingin,seed-bingin-17,hours,CODE,F,add,,"{""Monday"":[""7.00am-11.00pm""],""Tuesday"":[""7.00am-11.00pm""],""Wednesday"":[""7.00am-11.00pm""],""Thursday"":[""7.00am-11.00pm""],""Friday"":[""7.00am-11.00pm""],""Saturday"":[""7.00am-11.00pm""],""Sunday"":[""7.00am-11.00pm""]}",https://seedbingin.com/,"Open Daily
7 AM to 11 PM",2026-09-28,a9dcd6e34c1de1f4a150f979c599f743ac6c9dcc8ccd03d696dc23a5bca33b8e,ready,pass,,,HOLD,acceptor: no verdict
seed-bingin,seed-bingin-18,opening_hours_json,DB,F,replace,Mo-Su 07:30-23:00,"{""Monday"":[""7.00am-11.00pm""],""Tuesday"":[""7.00am-11.00pm""],""Wednesday"":[""7.00am-11.00pm""],""Thursday"":[""7.00am-11.00pm""],""Friday"":[""7.00am-11.00pm""],""Saturday"":[""7.00am-11.00pm""],""Sunday"":[""7.00am-11.00pm""]}",https://seedbingin.com/,"Open Daily
7 AM to 11 PM",2026-09-28,a9dcd6e34c1de1f4a150f979c599f743ac6c9dcc8ccd03d696dc23a5bca33b8e,ready,pass,,,HOLD,acceptor: no verdict
seed-bingin,seed-bingin-19,officialUrl,BOTH,F,keep,https://seedbingin.com/,https://seedbingin.com/,https://seedbingin.com/,"© 2026 Seed Restaurant · Bingin, Bali",2026-09-28,a9dcd6e34c1de1f4a150f979c599f743ac6c9dcc8ccd03d696dc23a5bca33b8e,ready,skip,,,KEEP,
seed-bingin,seed-bingin-20,instagramUrl,BOTH,F,keep,https://www.instagram.com/seed.bingin/,https://www.instagram.com/seed.bingin/,,,,,unclear,skip,,,KEEP,
seed-bingin,seed-bingin-21,bookingUrl,BOTH,F,replace,https://www.chope.co/bali-restaurants/restaurant/seed-bingin-uluwatu,https://www.sevenrooms.com/explore/seedbingin/reservations/create/search/,https://www.sevenrooms.com/explore/seedbingin/reservations/create/search/,SevenRooms,2026-09-28,89c8aec830cf86d7c1f687c6bca521933ef17879d045386e65a9d5233ecd92b6,ready,pass,,,HOLD,acceptor: no verdict
seed-bingin,seed-bingin-22,menuUrl,BOTH,F,add,,https://seedbingin.com/food-menu,https://seedbingin.com/food-menu,"Menu · Seed Restaurant, Farm to Table in Bingin Uluwatu",2026-09-28,3f4155921d63124565b775fa240dbb386e91b9a4cafa283030fac339ffb0d460,ready,pass,,,HOLD,acceptor: no verdict
seed-bingin,seed-bingin-23,phone,DB,F,keep,+62 853-3373-7207,+62 853-3373-7207,https://seedbingin.com/,+62 853-3373-7207 seedbingin@gmail.com,2026-09-28,a9dcd6e34c1de1f4a150f979c599f743ac6c9dcc8ccd03d696dc23a5bca33b8e,ready,skip,,,KEEP,
seed-bingin,seed-bingin-24,coordinates,DB,F,unknown,"[-8.8081843,115.114749]",,,,,,not_found,fail,,,HOLD,collector status: not_found | validator: no source_url — a row without a source is not accepted | acceptor: no verdict
seed-bingin,seed-bingin-25,category,DB,F,keep,restaurant,restaurant,https://seedbingin.com/,"© 2026 Seed Restaurant · Bingin, Bali",2026-09-28,a9dcd6e34c1de1f4a150f979c599f743ac6c9dcc8ccd03d696dc23a5bca33b8e,ready,skip,,,KEEP,
seed-bingin,seed-bingin-26,lastVerifiedAt,CODE,F,keep,2026-07-12,,,,,,ready,skip,,,KEEP,
single-fin,single-fin-01,name,CODE,F,keep,Single Fin,Single Fin,https://www.singlefinbali.com/contact/,Single Fin Bali,2026-09-28,b9d18881890c11b7c78b7e4b9235f670ac32d75584b2e58bd9c2b3efa085d956,ready,skip,,,KEEP,
single-fin,single-fin-02,copy:verdict#1,CODE,Q,remove,"The Bukit's landmark cliff bar above the Uluwatu surf break — come for the swell and the sunset, not a quiet dinner.",,,,,,ready,pass,,,HOLD,no acceptor verdict | removal: founder confirms every removal
single-fin,single-fin-03,copy:whyHere#1,CODE,F,keep,"Every Uluwatu trip crosses Single Fin eventually: it hangs directly over the Suluban break, so you watch surfers thread the barrel while the sun drops.",,https://www.singlefinbali.com/,"Pantai Suluban, Jl. Labuan Sait,",2026-09-28,5e54591a36b92813af627c591a83e01788313caf08665cd2d22d78e2e6dddd40,unclear,skip,,,KEEP,
single-fin,single-fin-04,copy:whyHere#2,CODE,Q,remove,It has earned its place as the district's default sunset anchor.,,,,,,ready,pass,,,HOLD,no acceptor verdict | removal: founder confirms every removal
single-fin,single-fin-05,copy:whatToExpect#1,CODE,E,keep,"Terraced decks over the cliff edge, casual bar food, and a crowd that builds steadily from late afternoon.",,,,,,unclear,skip,,,KEEP,
single-fin,single-fin-06,copy:whatToExpect#2,CODE,F,keep,Wednesday and Sunday nights turn into full party mode with DJs and live acts running late; other evenings are more relaxed.,,https://www.singlefinbali.com/eat-drinks/,SUNDAY AND WEDNESDAY FDC (9PM-2AM),2026-09-28,c4e44061ce7bc914dedcfae0f3958a93c906de8172e1add8379c4adb096a1cd8,ready,skip,,,KEEP,
single-fin,single-fin-07,copy:whatToExpect#3,CODE,E,keep,Parking on the narrow Suluban lane is tight — come by scooter or drop-off.,,,,,,unclear,skip,,,KEEP,
single-fin,single-fin-08,copy:practicalNote#1,CODE,E,keep,Arrive 60–90 minutes before sunset for a rail-side spot.,,,,,,unclear,skip,,,KEEP,
single-fin,single-fin-09,copy:practicalNote#2,CODE,F,keep,Wednesday and Sunday are the big nights.,,https://www.singlefinbali.com/,"Wednesday
8 AM – 2 AM",2026-09-28,5e54591a36b92813af627c591a83e01788313caf08665cd2d22d78e2e6dddd40,ready,skip,,,KEEP,
single-fin,single-fin-10,copy:reservations#1,CODE,E,keep,Mostly walk-in; tables go fast on Wednesdays and Sundays — reserve ahead for those.,,,,,,unclear,skip,,,KEEP,
single-fin,single-fin-11,bestFor,CODE,O,keep,sunset drinks with the surf view; group nights out; post-surf beers,,,,,,ready,skip,,,KEEP,
single-fin,single-fin-12,notFor,CODE,O,keep,"a quiet dinner for two, or working on a laptop",,,,,,ready,skip,,,KEEP,
single-fin,single-fin-13,whatToOrder,CODE,F,replace,pizza; tacos; sliders,margherita pizza; tempura fish taco; nasi goreng single fin,https://www.singlefinbali.com/eat-drinks/,"NASI GORENG SINGLE FIN
Indonesian fried rice, chicken satay, fried egg, shrimp crackers, carrot & cucumber pickles, sambal
135K",2026-09-28,c4e44061ce7bc914dedcfae0f3958a93c906de8172e1add8379c4adb096a1cd8,ready,pass,,,HOLD,acceptor: no verdict
single-fin,single-fin-14,priceBand,CODE,F,keep,$$,$$,https://www.singlefinbali.com/eat-drinks/,"NASI GORENG SINGLE FIN
Indonesian fried rice, chicken satay, fried egg, shrimp crackers, carrot & cucumber pickles, sambal
135K",2026-09-28,c4e44061ce7bc914dedcfae0f3958a93c906de8172e1add8379c4adb096a1cd8,ready,skip,,,KEEP,
single-fin,single-fin-15,price_anchor,DB,F,add,,"nasi goreng single fin 135K incl. tax and service (eat & drinks menu, 2026-09-28)",https://www.singlefinbali.com/eat-drinks/,"NASI GORENG SINGLE FIN
Indonesian fried rice, chicken satay, fried egg, shrimp crackers, carrot & cucumber pickles, sambal
135K",2026-09-28,c4e44061ce7bc914dedcfae0f3958a93c906de8172e1add8379c4adb096a1cd8,ready,pass,,,HOLD,acceptor: no verdict
single-fin,single-fin-16,address,CODE,F,keep,"Pantai Suluban, Jl. Labuan Sait, Pecatu","Pantai Suluban, Jl. Labuan Sait, Pecatu",https://www.singlefinbali.com/contact/,"Pantai Suluban, Jl. Labuan Sait, Pecatu",2026-09-28,b9d18881890c11b7c78b7e4b9235f670ac32d75584b2e58bd9c2b3efa085d956,ready,skip,,,KEEP,
single-fin,single-fin-17,full_address,DB,F,add,"Pantai Suluban, Jl. Labuan Sait, Pecatu","Pantai Suluban, Jl. Labuan Sait, Pecatu, Uluwatu, Kuta Selatan, Kabupaten Badung, Bali 80361",https://www.singlefinbali.com/,"Pantai Suluban, Jl. Labuan Sait,
Pecatu, Uluwatu, Kuta Selatan,
Kabupaten Badung, Bali 80361",2026-09-28,5e54591a36b92813af627c591a83e01788313caf08665cd2d22d78e2e6dddd40,ready,pass,,,HOLD,acceptor: no verdict
single-fin,single-fin-18,hours,CODE,F,add,,"{""Monday"":[""8.00am-10.00pm""],""Tuesday"":[""8.00am-10.00pm""],""Wednesday"":[""8.00am-23.59pm""],""Thursday"":[""8.00am-10.00pm""],""Friday"":[""8.00am-10.00pm""],""Saturday"":[""8.00am-10.00pm""],""Sunday"":[""8.00am-23.59pm""]}",https://www.singlefinbali.com/,"Monday
8 AM – 10 PM
Tuesday
8 AM – 10 PM
Wednesday
8 AM – 2 AM
Thursday
8 AM – 10 PM
Friday
8 AM – 10 PM
Saturday
8 AM – 10 PM
Sunday
8 AM – 2 AM",2026-09-28,5e54591a36b92813af627c591a83e01788313caf08665cd2d22d78e2e6dddd40,ready,pass,,,HOLD,acceptor: no verdict
single-fin,single-fin-19,opening_hours_json,DB,F,add,,"{""Monday"":[""8.00am-10.00pm""],""Tuesday"":[""8.00am-10.00pm""],""Wednesday"":[""8.00am-23.59pm""],""Thursday"":[""8.00am-10.00pm""],""Friday"":[""8.00am-10.00pm""],""Saturday"":[""8.00am-10.00pm""],""Sunday"":[""8.00am-23.59pm""]}",https://www.singlefinbali.com/,"Monday
8 AM – 10 PM
Tuesday
8 AM – 10 PM
Wednesday
8 AM – 2 AM
Thursday
8 AM – 10 PM
Friday
8 AM – 10 PM
Saturday
8 AM – 10 PM
Sunday
8 AM – 2 AM",2026-09-28,5e54591a36b92813af627c591a83e01788313caf08665cd2d22d78e2e6dddd40,ready,pass,,,HOLD,acceptor: no verdict
single-fin,single-fin-20,officialUrl,BOTH,F,keep,https://www.singlefinbali.com/,https://www.singlefinbali.com/,https://www.singlefinbali.com/,ⓒ 2026 PROJECT:BLACK,2026-09-28,5e54591a36b92813af627c591a83e01788313caf08665cd2d22d78e2e6dddd40,ready,skip,,,KEEP,
single-fin,single-fin-21,instagramUrl,BOTH,F,keep,https://www.instagram.com/singlefinbali/,https://www.instagram.com/singlefinbali/,,,,,unclear,skip,,,KEEP,
single-fin,single-fin-22,bookingUrl,BOTH,F,keep,https://www.sevenrooms.com/reservations/singlefinuluwatu,https://www.sevenrooms.com/reservations/singlefinuluwatu,https://www.sevenrooms.com/reservations/singlefinuluwatu,SevenRooms,2026-09-28,89c8aec830cf86d7c1f687c6bca521933ef17879d045386e65a9d5233ecd92b6,ready,skip,,,KEEP,
single-fin,single-fin-23,menuUrl,BOTH,F,add,,https://www.singlefinbali.com/eat-drinks/,https://www.singlefinbali.com/eat-drinks/,"Eat & Drinks - Single Fin, Bali's Iconic Cliffside Beach Bar",2026-09-28,c4e44061ce7bc914dedcfae0f3958a93c906de8172e1add8379c4adb096a1cd8,ready,pass,,,HOLD,acceptor: no verdict
single-fin,single-fin-24,phone,DB,F,add,,+6281996305521,https://www.singlefinbali.com/contact/,Phone. +6281996305521,2026-09-28,b9d18881890c11b7c78b7e4b9235f670ac32d75584b2e58bd9c2b3efa085d956,ready,pass,,,HOLD,acceptor: no verdict
single-fin,single-fin-25,coordinates,DB,F,unknown,,,,,,,not_found,fail,,,HOLD,collector status: not_found | validator: no source_url — a row without a source is not accepted | acceptor: no verdict
single-fin,single-fin-26,category,DB,F,keep,bar,bar,https://www.singlefinbali.com/,Bali Iconic Cliffside Beach Bar,2026-09-28,5e54591a36b92813af627c591a83e01788313caf08665cd2d22d78e2e6dddd40,ready,skip,,,KEEP,
single-fin,single-fin-27,lastVerifiedAt,CODE,F,keep,2026-07-12,,,,,,ready,skip,,,KEEP,
son-of-a-baker,son-of-a-baker-01,name,CODE,F,keep,Son of a Baker,,,,,,unclear,skip,,,KEEP,
son-of-a-baker,son-of-a-baker-02,copy:verdict#1,CODE,Q,remove,Art-house bakery opening at six — the earliest proper coffee and pastry on the Bukit.,,,,,,ready,pass,,,HOLD,"identity gate failed: {""operating"":null,""current_name"":null,""branch_ok"":null,""multi_branch"":false,""branch_evidence"":null,""evidence"":null,""note"":""Identity cannot be established: instagram_only: no official website is known (registry: 'No official website; Instagram is the primary channel'); leads are Instagram and Wanderlog only. Instagram is unreachable here and aggregators are not sources. Not verifiable in this run. Reconcile should HOLD everything.""}"
son-of-a-baker,son-of-a-baker-03,copy:whyHere#1,CODE,F,keep,"When the surf report says dawn, Son of a Baker is already open: 6 a.m. starts, Italian coffee, a pumpkin-seed-milk latte you won't find elsewhere, and a bake case that treats pastry as craft.",,,,,,unclear,skip,,,KEEP,
son-of-a-baker,son-of-a-baker-04,copy:whyHere#2,CODE,Q,remove,The 'Art & Bakehouse' framing is earned — the room doubles as a small gallery.,,,,,,ready,pass,,,HOLD,"identity gate failed: {""operating"":null,""current_name"":null,""branch_ok"":null,""multi_branch"":false,""branch_evidence"":null,""evidence"":null,""note"":""Identity cannot be established: instagram_only: no official website is known (registry: 'No official website; Instagram is the primary channel'); leads are Instagram and Wanderlog only. Instagram is unreachable here and aggregators are not sources. Not verifiable in this run. Reconcile should HOLD everything.""}"
son-of-a-baker,son-of-a-baker-05,copy:whatToExpect#1,CODE,E,keep,"Counter service, artisan bakes with marked vegan options, workable wifi in off-peak hours.",,,,,,unclear,skip,,,KEEP,
son-of-a-baker,son-of-a-baker-06,copy:whatToExpect#2,CODE,F,keep,Closed Mondays per current listings — check their Instagram before an early mission.,,,,,,unclear,skip,,,KEEP,
son-of-a-baker,son-of-a-baker-07,copy:whatToExpect#3,CODE,F,keep,Between Bingin and Padang Padang on the Labuan Sait road.,,,,,,unclear,skip,,,KEEP,
son-of-a-baker,son-of-a-baker-08,copy:practicalNote#1,CODE,F,keep,"Jl. Labuansait No.250, Pecatu.",,,,,,unclear,skip,,,KEEP,
son-of-a-baker,son-of-a-baker-09,copy:practicalNote#2,CODE,O,keep,Check Instagram for current days/hours.,,,,,,ready,skip,,,KEEP,
son-of-a-baker,son-of-a-baker-10,copy:reservations#1,CODE,F,keep,Walk-in.,,,,,,unclear,skip,,,KEEP,
son-of-a-baker,son-of-a-baker-11,bestFor,CODE,O,keep,pre-surf breakfast at first light; pastry-and-coffee stops; quiet morning work,,,,,,ready,skip,,,KEEP,
son-of-a-baker,son-of-a-baker-12,notFor,CODE,O,keep,full plated brunches,,,,,,ready,skip,,,KEEP,
son-of-a-baker,son-of-a-baker-13,whatToOrder,CODE,F,keep,artisanal bakes; Italian coffee; pumpkin-seed latte,,,,,,unclear,skip,,,KEEP,
son-of-a-baker,son-of-a-baker-14,priceBand,CODE,F,unknown,$$,,,,,,not_found,fail,,,HOLD,"identity gate failed: {""operating"":null,""current_name"":null,""branch_ok"":null,""multi_branch"":false,""branch_evidence"":null,""evidence"":null,""note"":""Identity cannot be established: instagram_only: no official website is known (registry: 'No official website; Instagram is the primary channel'); leads are Instagram and Wanderlog only. Instagram is unreachable here and aggregators are not sources. Not verifiable in this run. Reconcile should HOLD everything.""}"
son-of-a-baker,son-of-a-baker-15,price_anchor,DB,F,unknown,,,,,,,not_found,fail,,,HOLD,"identity gate failed: {""operating"":null,""current_name"":null,""branch_ok"":null,""multi_branch"":false,""branch_evidence"":null,""evidence"":null,""note"":""Identity cannot be established: instagram_only: no official website is known (registry: 'No official website; Instagram is the primary channel'); leads are Instagram and Wanderlog only. Instagram is unreachable here and aggregators are not sources. Not verifiable in this run. Reconcile should HOLD everything.""}"
son-of-a-baker,son-of-a-baker-16,address,CODE,F,keep,"Jl. Labuansait No.250, Pecatu",,,,,,unclear,skip,,,KEEP,
son-of-a-baker,son-of-a-baker-17,full_address,DB,F,unknown,"Jl. Labuansait No.250, Pecatu",,,,,,not_found,fail,,,HOLD,"identity gate failed: {""operating"":null,""current_name"":null,""branch_ok"":null,""multi_branch"":false,""branch_evidence"":null,""evidence"":null,""note"":""Identity cannot be established: instagram_only: no official website is known (registry: 'No official website; Instagram is the primary channel'); leads are Instagram and Wanderlog only. Instagram is unreachable here and aggregators are not sources. Not verifiable in this run. Reconcile should HOLD everything.""}"
son-of-a-baker,son-of-a-baker-18,hours,CODE,F,unknown,,,,,,,not_found,fail,,,HOLD,"identity gate failed: {""operating"":null,""current_name"":null,""branch_ok"":null,""multi_branch"":false,""branch_evidence"":null,""evidence"":null,""note"":""Identity cannot be established: instagram_only: no official website is known (registry: 'No official website; Instagram is the primary channel'); leads are Instagram and Wanderlog only. Instagram is unreachable here and aggregators are not sources. Not verifiable in this run. Reconcile should HOLD everything.""}"
son-of-a-baker,son-of-a-baker-19,opening_hours_json,DB,F,unknown,,,,,,,not_found,fail,,,HOLD,"identity gate failed: {""operating"":null,""current_name"":null,""branch_ok"":null,""multi_branch"":false,""branch_evidence"":null,""evidence"":null,""note"":""Identity cannot be established: instagram_only: no official website is known (registry: 'No official website; Instagram is the primary channel'); leads are Instagram and Wanderlog only. Instagram is unreachable here and aggregators are not sources. Not verifiable in this run. Reconcile should HOLD everything.""}"
son-of-a-baker,son-of-a-baker-20,officialUrl,BOTH,F,unknown,,,,,,,not_found,fail,,,HOLD,"identity gate failed: {""operating"":null,""current_name"":null,""branch_ok"":null,""multi_branch"":false,""branch_evidence"":null,""evidence"":null,""note"":""Identity cannot be established: instagram_only: no official website is known (registry: 'No official website; Instagram is the primary channel'); leads are Instagram and Wanderlog only. Instagram is unreachable here and aggregators are not sources. Not verifiable in this run. Reconcile should HOLD everything.""}"
son-of-a-baker,son-of-a-baker-21,instagramUrl,BOTH,F,keep,https://www.instagram.com/sonofabaker.bali/,,,,,,unclear,skip,,,KEEP,
son-of-a-baker,son-of-a-baker-22,bookingUrl,BOTH,F,unknown,,,,,,,not_found,fail,,,HOLD,"identity gate failed: {""operating"":null,""current_name"":null,""branch_ok"":null,""multi_branch"":false,""branch_evidence"":null,""evidence"":null,""note"":""Identity cannot be established: instagram_only: no official website is known (registry: 'No official website; Instagram is the primary channel'); leads are Instagram and Wanderlog only. Instagram is unreachable here and aggregators are not sources. Not verifiable in this run. Reconcile should HOLD everything.""}"
son-of-a-baker,son-of-a-baker-23,menuUrl,BOTH,F,unknown,,,,,,,not_found,fail,,,HOLD,"identity gate failed: {""operating"":null,""current_name"":null,""branch_ok"":null,""multi_branch"":false,""branch_evidence"":null,""evidence"":null,""note"":""Identity cannot be established: instagram_only: no official website is known (registry: 'No official website; Instagram is the primary channel'); leads are Instagram and Wanderlog only. Instagram is unreachable here and aggregators are not sources. Not verifiable in this run. Reconcile should HOLD everything.""}"
son-of-a-baker,son-of-a-baker-24,phone,DB,F,unknown,,,,,,,not_found,fail,,,HOLD,"identity gate failed: {""operating"":null,""current_name"":null,""branch_ok"":null,""multi_branch"":false,""branch_evidence"":null,""evidence"":null,""note"":""Identity cannot be established: instagram_only: no official website is known (registry: 'No official website; Instagram is the primary channel'); leads are Instagram and Wanderlog only. Instagram is unreachable here and aggregators are not sources. Not verifiable in this run. Reconcile should HOLD everything.""}"
son-of-a-baker,son-of-a-baker-25,coordinates,DB,F,unknown,,,,,,,not_found,fail,,,HOLD,"identity gate failed: {""operating"":null,""current_name"":null,""branch_ok"":null,""multi_branch"":false,""branch_evidence"":null,""evidence"":null,""note"":""Identity cannot be established: instagram_only: no official website is known (registry: 'No official website; Instagram is the primary channel'); leads are Instagram and Wanderlog only. Instagram is unreachable here and aggregators are not sources. Not verifiable in this run. Reconcile should HOLD everything.""}"
son-of-a-baker,son-of-a-baker-26,category,DB,F,keep,cafe,,,,,,unclear,skip,,,KEEP,
son-of-a-baker,son-of-a-baker-27,lastVerifiedAt,CODE,F,keep,2026-07-12,,,,,,ready,skip,,,KEEP,
suka-espresso,suka-espresso-01,name,CODE,F,keep,Suka Espresso,Suka Espresso,https://www.bysuka.com/suka-uluwatu,Suka Espresso - Uluwatu / By/Suka Collective,2026-09-28,7123aabc1f9087f30aab722c2dc0576c0e0f11e4b229667c90bf0e398ccde444,ready,skip,,,KEEP,
suka-espresso,suka-espresso-02,copy:verdict#1,CODE,F,keep,The Bukit's default good-coffee stop since 2016 — Australian-style breakfasts that run all the way to dinner.,,https://www.bysuka.com/suka-uluwatu,"ESTABLISHED: 2016
CONCEPT: CASUAL AUSTRALIAN-STYLE CAFE & RESTAURANT",2026-09-28,7123aabc1f9087f30aab722c2dc0576c0e0f11e4b229667c90bf0e398ccde444,ready,skip,,,KEEP,
suka-espresso,suka-espresso-03,copy:whyHere#1,CODE,O,keep,Every surf area needs one dependable all-day café; on the Uluwatu side it's Suka.,,,,,,ready,skip,,,KEEP,
suka-espresso,suka-espresso-04,copy:whyHere#2,CODE,F,keep,"Serious espresso, a broad breakfast-to-dinner menu and a busy-but-working room on the Labuan Sait strip make it the safe first stop of any Bukit morning.",,https://www.bysuka.com/suka-uluwatu,"specialty coffee, AUSTRALIAN-STYLE brunch & DINNER",2026-09-28,7123aabc1f9087f30aab722c2dc0576c0e0f11e4b229667c90bf0e398ccde444,ready,skip,,,KEEP,
suka-espresso,suka-espresso-05,copy:whatToExpect#1,CODE,F,replace,"Australian café standards done properly — cured salmon scramble, katsu sando, burgers — with air-con inside and a steady laptop crowd off-peak.","Australian café standards done properly — salmon scramble, chicken katsu sando, burgers — with a steady laptop crowd off-peak.",https://www.bysuka.com/s/NEW_MORNING_ULUWATU.pdf,CHICKEN KATSU SANDO (CD),2026-09-28,344e7b3df90163aec5898ab28615c3d46bd72b69097ba25716df94017314ec4c,unclear,pass,,,HOLD,collector status: unclear | acceptor: no verdict | quote transcribed from pdf: founder checks the file
suka-espresso,suka-espresso-06,copy:whatToExpect#2,CODE,E,keep,Peak brunch hours queue; solo counter seats turn fast.,,,,,,unclear,skip,,,KEEP,
suka-espresso,suka-espresso-07,copy:practicalNote#1,CODE,F,replace,"Jl. Labuansait, Pecatu — part of the By/Suka group (second location in Uluwatu).","Jl. Labuansait, Uluwatu — part of the By/Suka collective (sister branch in Ubud).",https://www.bysuka.com/suka-uluwatu,Suka Ubud & Suka Uluwatu.,2026-09-28,7123aabc1f9087f30aab722c2dc0576c0e0f11e4b229667c90bf0e398ccde444,ready,pass,,,HOLD,acceptor: no verdict
suka-espresso,suka-espresso-08,copy:reservations#1,CODE,F,keep,Walk-in.,,,,,,unclear,skip,,,KEEP,
suka-espresso,suka-espresso-09,bestFor,CODE,O,keep,brunch after a surf; a reliable work session; easy first-day dinner,,,,,,ready,skip,,,KEEP,
suka-espresso,suka-espresso-10,notFor,CODE,O,keep,long romantic dinners,,,,,,ready,skip,,,KEEP,
suka-espresso,suka-espresso-11,whatToOrder,CODE,F,replace,cured salmon scramble; katsu sando; burgers,salmon scramble; chicken katsu sando; wagyu beef burger,https://www.bysuka.com/s/NEW_MORNING_ULUWATU.pdf,SALMON SCRAMBLE (CD),2026-09-28,344e7b3df90163aec5898ab28615c3d46bd72b69097ba25716df94017314ec4c,ready,pass,,,HOLD,acceptor: no verdict | quote transcribed from pdf: founder checks the file
suka-espresso,suka-espresso-12,priceBand,CODE,F,keep,$$,$$,https://www.bysuka.com/s/NEW_MORNING_ULUWATU.pdf,"BIG BREKKY (CD)
SMOKED BACON, EGGS THE WAY YOU LIKE IT, HOLLANDAISE, HASHBROWN, HERB

98",2026-09-28,344e7b3df90163aec5898ab28615c3d46bd72b69097ba25716df94017314ec4c,ready,skip,,,KEEP,
suka-espresso,suka-espresso-13,price_anchor,DB,F,add,,"big brekky 98K + service and tax (morning menu, 2026-09-28)",https://www.bysuka.com/s/NEW_MORNING_ULUWATU.pdf,"BIG BREKKY (CD)
SMOKED BACON, EGGS THE WAY YOU LIKE IT, HOLLANDAISE, HASHBROWN, HERB

98",2026-09-28,344e7b3df90163aec5898ab28615c3d46bd72b69097ba25716df94017314ec4c,ready,pass,,,HOLD,acceptor: no verdict | quote transcribed from pdf: founder checks the file
suka-espresso,suka-espresso-14,address,CODE,F,replace,"Jl. Labuansait No.10, Pecatu","Jl. Labuansait, Uluwatu",https://www.bysuka.com/suka-uluwatu,"lOCATION: Jl. Labuansait, ULUWATU",2026-09-28,7123aabc1f9087f30aab722c2dc0576c0e0f11e4b229667c90bf0e398ccde444,ready,pass,,,HOLD,acceptor: no verdict
suka-espresso,suka-espresso-15,full_address,DB,F,replace,"Jl. Labuansait No.10, Pecatu","Jl. Labuansait, Uluwatu",https://www.bysuka.com/suka-uluwatu,"lOCATION: Jl. Labuansait, ULUWATU",2026-09-28,7123aabc1f9087f30aab722c2dc0576c0e0f11e4b229667c90bf0e398ccde444,ready,pass,,,HOLD,acceptor: no verdict
suka-espresso,suka-espresso-16,hours,CODE,F,add,,"{""Monday"":[""7.30am-10.00pm""],""Tuesday"":[""7.30am-10.00pm""],""Wednesday"":[""7.30am-10.00pm""],""Thursday"":[""7.30am-10.00pm""],""Friday"":[""7.30am-10.00pm""],""Saturday"":[""7.30am-10.00pm""],""Sunday"":[""7.30am-10.00pm""]}",https://www.bysuka.com/suka-uluwatu,HOURS: 7:30AM - 10PM,2026-09-28,7123aabc1f9087f30aab722c2dc0576c0e0f11e4b229667c90bf0e398ccde444,ready,pass,,,HOLD,acceptor: no verdict
suka-espresso,suka-espresso-17,opening_hours_json,DB,F,add,,"{""Monday"":[""7.30am-10.00pm""],""Tuesday"":[""7.30am-10.00pm""],""Wednesday"":[""7.30am-10.00pm""],""Thursday"":[""7.30am-10.00pm""],""Friday"":[""7.30am-10.00pm""],""Saturday"":[""7.30am-10.00pm""],""Sunday"":[""7.30am-10.00pm""]}",https://www.bysuka.com/suka-uluwatu,HOURS: 7:30AM - 10PM,2026-09-28,7123aabc1f9087f30aab722c2dc0576c0e0f11e4b229667c90bf0e398ccde444,ready,pass,,,HOLD,acceptor: no verdict
suka-espresso,suka-espresso-18,officialUrl,BOTH,F,keep,https://www.bysuka.com/suka-uluwatu,https://www.bysuka.com/suka-uluwatu,https://www.bysuka.com/suka-uluwatu,Suka Espresso - Uluwatu / By/Suka Collective,2026-09-28,7123aabc1f9087f30aab722c2dc0576c0e0f11e4b229667c90bf0e398ccde444,ready,skip,,,KEEP,
suka-espresso,suka-espresso-19,instagramUrl,BOTH,F,keep,https://www.instagram.com/sukaespresso/,https://www.instagram.com/sukaespresso/,https://www.bysuka.com/s/NEW_MORNING_ULUWATU.pdf,@sukaespresso,2026-09-28,344e7b3df90163aec5898ab28615c3d46bd72b69097ba25716df94017314ec4c,unclear,skip,,,KEEP,
suka-espresso,suka-espresso-20,bookingUrl,BOTH,F,unknown,,,,,,,not_found,fail,,,HOLD,collector status: not_found | validator: no source_url — a row without a source is not accepted | acceptor: no verdict
suka-espresso,suka-espresso-21,menuUrl,BOTH,F,add,,https://www.bysuka.com/s/NEW_MORNING_ULUWATU.pdf,https://www.bysuka.com/s/NEW_MORNING_ULUWATU.pdf,"SUKA ULUWATU

GOOD DAILY",2026-09-28,344e7b3df90163aec5898ab28615c3d46bd72b69097ba25716df94017314ec4c,ready,pass,,,HOLD,acceptor: no verdict | quote transcribed from pdf: founder checks the file
suka-espresso,suka-espresso-22,phone,DB,F,unknown,,,,,,,not_found,fail,,,HOLD,collector status: not_found | validator: no source_url — a row without a source is not accepted | acceptor: no verdict
suka-espresso,suka-espresso-23,coordinates,DB,F,unknown,,,,,,,not_found,fail,,,HOLD,collector status: not_found | validator: no source_url — a row without a source is not accepted | acceptor: no verdict
suka-espresso,suka-espresso-24,category,DB,F,keep,cafe,cafe,https://www.bysuka.com/suka-uluwatu,CONCEPT: CASUAL AUSTRALIAN-STYLE CAFE & RESTAURANT,2026-09-28,7123aabc1f9087f30aab722c2dc0576c0e0f11e4b229667c90bf0e398ccde444,ready,skip,,,KEEP,
suka-espresso,suka-espresso-25,lastVerifiedAt,CODE,F,keep,2026-07-12,,,,,,ready,skip,,,KEEP,
sundays-beach-club,sundays-beach-club-01,name,CODE,F,keep,Sundays Beach Club,Sundays Beach Club,https://www.sundaysbeachclub.com/,&copy; Copyright Sundays Beach Club 2026,2026-09-28,c8420d6713a9e96d95b3f397cc074e2c58571613dac348bb9cb574ad63e08116,ready,skip,,,KEEP,
sundays-beach-club,sundays-beach-club-02,copy:verdict#1,CODE,Q,remove,A private white-sand cove at the foot of the Ungasan cliffs — the Bukit's one true toes-in-the-sand beach club.,,https://www.sundaysbeachclub.com/,"Below the cliffs, guests have exclusive access to the celebrated Sundays Beach Club, where white sand, calm waters and relaxed dining create the perfect coastal escape.",2026-09-28,c8420d6713a9e96d95b3f397cc074e2c58571613dac348bb9cb574ad63e08116,unclear,pass,hold,SOURCE_BLOCKED Removal of a verdict sentence: could not search the official homepage for support (no re-fetch); the cited quote would partly support 'white sand' and 'below the cliffs' if present — founder/re-run,HOLD,acceptor: hold — SOURCE_BLOCKED Removal of a verdict sentence: could not search the official homepage for support (no re-fetch); the cited quote would partly support 'white sand' and 'below the cliffs' if present — founder/re-run | removal: founder confirms every removal
sundays-beach-club,sundays-beach-club-03,copy:whyHere#1,CODE,O,keep,Most 'beach clubs' on this peninsula sit on cliffs.,,,,,,ready,skip,,,KEEP,
sundays-beach-club,sundays-beach-club-04,copy:whyHere#2,CODE,F,keep,"Sundays actually gets you onto the sand: a funicular carries you down to a sheltered lagoon with daybeds, watersports and evening bonfires.",,https://www.sundaysbeachclub.com/,Your journey to the water’s edge at Sundays is as spectacular as the destination itself thanks to our custom inclinator lift.,2026-09-28,c8420d6713a9e96d95b3f397cc074e2c58571613dac348bb9cb574ad63e08116,ready,skip,,,KEEP,
sundays-beach-club,sundays-beach-club-05,copy:whyHere#3,CODE,O,keep,For families and beach days it is the district's clearest answer.,,,,,,ready,skip,,,KEEP,
sundays-beach-club,sundays-beach-club-06,copy:whatToExpect#1,CODE,F,keep,Entry works as a daily beach pass with food-and-drink credit.,,https://www.sundaysbeachclub.com/daily-beach-pass/,"7.30am to 10pm – Daily Beach Pass Includes:
Entry via Inclinator Ride
Welcome Drink upon Arrival
Bean Bag & Beach Umbrella on the Sand
Food & Beverage Credit",2026-09-28,100bee8b5a4981730ac164400b78df4e34edc91a2f31411c61b69154d42d10b5,ready,skip,,,KEEP,
sundays-beach-club,sundays-beach-club-07,copy:whatToExpect#2,CODE,F,keep,"Below the cliff you get calm, swimmable water (tide-dependent), kayaks and snorkelling gear, a beachfront kitchen, and bonfires after sunset.",,https://www.sundaysbeachclub.com/,"Kayaks, stand up paddle boards, snorkeling or swimming – everything you need is on us. Subject to tides and availability.",2026-09-28,c8420d6713a9e96d95b3f397cc074e2c58571613dac348bb9cb574ad63e08116,ready,skip,,,KEEP,
sundays-beach-club,sundays-beach-club-08,copy:whatToExpect#3,CODE,F,keep,It is part of The Ungasan resort; the ride down is half the fun.,,https://www.sundaysbeachclub.com/,"The Ungasan Clifftop Resort
Luxury Villas",2026-09-28,c8420d6713a9e96d95b3f397cc074e2c58571613dac348bb9cb574ad63e08116,ready,skip,,,KEEP,
sundays-beach-club,sundays-beach-club-09,copy:practicalNote#1,CODE,F,keep,Beach access is via the resort's inclinator from the clifftop.,,https://www.sundaysbeachclub.com/daily-beach-pass/,Entry via Inclinator Ride,2026-09-28,100bee8b5a4981730ac164400b78df4e34edc91a2f31411c61b69154d42d10b5,ready,skip,,,KEEP,
sundays-beach-club,sundays-beach-club-10,copy:practicalNote#2,CODE,F,keep,Check tides for swimming.,,https://www.sundaysbeachclub.com/daily-beach-pass/,Bean bag availability and Watersports are tide dependent.,2026-09-28,100bee8b5a4981730ac164400b78df4e34edc91a2f31411c61b69154d42d10b5,ready,skip,,,KEEP,
sundays-beach-club,sundays-beach-club-11,copy:reservations#1,CODE,F,keep,Daily beach passes are walk-in; cabanas and VIP set-ups are pre-booked.,,https://www.sundaysbeachclub.com/,Daily Beach Passes are always available via walk-in general admission. You can also pre-book a VIP Experience with reserved spaces and premium inclusions for a more personalised day.,2026-09-28,c8420d6713a9e96d95b3f397cc074e2c58571613dac348bb9cb574ad63e08116,ready,skip,,,KEEP,
sundays-beach-club,sundays-beach-club-12,bestFor,CODE,O,keep,"beach days with kids; sunset bonfires; couples who want sand, not concrete",,,,,,ready,skip,,,KEEP,
sundays-beach-club,sundays-beach-club-13,notFor,CODE,O,keep,a quick cheap stop — the pass model rewards staying the day,,,,,,ready,skip,,,KEEP,
sundays-beach-club,sundays-beach-club-14,whatToOrder,CODE,F,keep,mahi mahi tacos; BBQ lobster; wood-fired pizza,crispy mahi mahi taco; bbq whole lobster; woodfired pizza,https://www.sundaysbeachclub.com/wp-content/uploads/2026/06/Sundays-Food-Beverage-Menu-June-2026.pdf,crispy mahi mahi taco + black pepper cabbage + avocado + hot sauce,2026-06-01,dc2900eb5b2943171386eddd5ce5e8a4e69ad7f706db2a2e577cd76ceac2cade,ready,skip,,,KEEP,
sundays-beach-club,sundays-beach-club-15,priceBand,CODE,F,keep,$$$,$$$,https://www.sundaysbeachclub.com/daily-beach-pass/,"Adults
IDR 800K per person
500K F&B Credit for our Breakfast, Lunch and Dinner Menu",2026-09-28,100bee8b5a4981730ac164400b78df4e34edc91a2f31411c61b69154d42d10b5,ready,skip,,,KEEP,
sundays-beach-club,sundays-beach-club-16,address,CODE,F,keep,"Jl. Pantai Selatan Gau, Banjar Wijaya Kusuma, Ungasan","Jalan Pantai Selatan Gau, Banjar Wijaya Kusuma, Ungasan 80362",https://www.sundaysbeachclub.com/,"Jalan Pantai Selatan Gau Banjar Wijaya
Kusuma Ungasan 80362 Bali
Indonesia",2026-09-28,c8420d6713a9e96d95b3f397cc074e2c58571613dac348bb9cb574ad63e08116,ready,skip,,,KEEP,
sundays-beach-club,sundays-beach-club-17,hours,CODE,F,add,,"{""Monday"":[""7.30am-10.00pm""],""Tuesday"":[""7.30am-10.00pm""],""Wednesday"":[""7.30am-10.00pm""],""Thursday"":[""7.30am-10.00pm""],""Friday"":[""7.30am-10.00pm""],""Saturday"":[""7.30am-10.00pm""],""Sunday"":[""7.30am-10.00pm""]}",https://www.sundaysbeachclub.com/,OPEN DAILY FROM 7:30 AM TO 10 PM,2026-09-28,c8420d6713a9e96d95b3f397cc074e2c58571613dac348bb9cb574ad63e08116,ready,pass,hold,"SOURCE_BLOCKED Official domain, 7-day 07:30–22:00 window plausible for a beach club, but the acceptor could not re-fetch sundaysbeachclub.com; quote unverified — re-run",HOLD,"acceptor: hold — SOURCE_BLOCKED Official domain, 7-day 07:30–22:00 window plausible for a beach club, but the acceptor could not re-fetch sundaysbeachclub.com; quote unverified — re-run | acceptor could not re-fetch the source: snapshot-only evidence"
sundays-beach-club,sundays-beach-club-18,opening_hours_json,DB,F,add,,"{""Monday"":[""7.30am-10.00pm""],""Tuesday"":[""7.30am-10.00pm""],""Wednesday"":[""7.30am-10.00pm""],""Thursday"":[""7.30am-10.00pm""],""Friday"":[""7.30am-10.00pm""],""Saturday"":[""7.30am-10.00pm""],""Sunday"":[""7.30am-10.00pm""]}",https://www.sundaysbeachclub.com/daily-beach-pass/,7.30am to 10pm – Daily Beach Pass Includes:,2026-09-28,100bee8b5a4981730ac164400b78df4e34edc91a2f31411c61b69154d42d10b5,ready,pass,hold,"SOURCE_BLOCKED Official daily-beach-pass page, 7-day 07:30–22:00; quote reads as beach-pass hours which may equal venue hours — could not re-fetch; re-run",HOLD,"acceptor: hold — SOURCE_BLOCKED Official daily-beach-pass page, 7-day 07:30–22:00; quote reads as beach-pass hours which may equal venue hours — could not re-fetch; re-run | acceptor could not re-fetch the source: snapshot-only evidence"
sundays-beach-club,sundays-beach-club-19,officialUrl,BOTH,F,keep,https://www.sundaysbeachclub.com/,https://www.sundaysbeachclub.com/,https://www.sundaysbeachclub.com/,Sundays Beach Club - Uluwatu Beach Club Bali,2026-09-28,c8420d6713a9e96d95b3f397cc074e2c58571613dac348bb9cb574ad63e08116,ready,skip,,,KEEP,
sundays-beach-club,sundays-beach-club-20,instagramUrl,BOTH,F,keep,https://www.instagram.com/sundaysbeachclub/,https://www.instagram.com/sundaysbeachclub/,https://www.sundaysbeachclub.com/,"Get Social
@sundaysbeachclub",2026-09-28,c8420d6713a9e96d95b3f397cc074e2c58571613dac348bb9cb574ad63e08116,ready,skip,,,KEEP,
sundays-beach-club,sundays-beach-club-21,bookingUrl,BOTH,F,keep,https://www.sundaysbeachclub.com/daily-beach-pass/,https://www.sundaysbeachclub.com/daily-beach-pass/,https://www.sundaysbeachclub.com/daily-beach-pass/,"Walk-in admission from 7.30am. Entry is first come, first served.",2026-09-28,100bee8b5a4981730ac164400b78df4e34edc91a2f31411c61b69154d42d10b5,ready,skip,,,KEEP,
sundays-beach-club,sundays-beach-club-22,menuUrl,BOTH,F,add,,https://www.sundaysbeachclub.com/wp-content/uploads/2026/06/Sundays-Food-Beverage-Menu-June-2026.pdf,https://www.sundaysbeachclub.com/wp-content/uploads/2026/06/Sundays-Food-Beverage-Menu-June-2026.pdf,All prices are in thousands of rupiah. Subject to 21 % service charge and government tax.,2026-06-01,dc2900eb5b2943171386eddd5ce5e8a4e69ad7f706db2a2e577cd76ceac2cade,ready,pass,hold,SOURCE_BLOCKED Menu PDF on the official domain; could not re-fetch the PDF to confirm the quote or that it is linked from an official page — re-run,HOLD,acceptor: hold — SOURCE_BLOCKED Menu PDF on the official domain; could not re-fetch the PDF to confirm the quote or that it is linked from an official page — re-run | acceptor could not re-fetch the source: snapshot-only evidence | quote transcribed from pdf: founder checks the file
sundays-beach-club,sundays-beach-club-23,phone,DB,F,add,,+6282144057406,https://www.sundaysbeachclub.com/daily-beach-pass/,Contact Us,2026-09-28,100bee8b5a4981730ac164400b78df4e34edc91a2f31411c61b69154d42d10b5,unclear,pass,hold,"SOURCE_BLOCKED Quote 'Contact Us' contains no number, so it cannot by itself support +6282144057406; page not re-fetched to look for the number — re-run and quote the number itself",HOLD,"collector status: unclear | acceptor: hold — SOURCE_BLOCKED Quote 'Contact Us' contains no number, so it cannot by itself support +6282144057406; page not re-fetched to look for the number — re-run and quote the number itself | acceptor could not re-fetch the source: snapshot-only evidence"
sundays-beach-club,sundays-beach-club-24,full_address,DB,F,keep,"Jl. Pantai Selatan Gau, Banjar Wijaya Kusuma, Ungasan","Jalan Pantai Selatan Gau, Banjar Wijaya Kusuma, Ungasan 80362",https://www.sundaysbeachclub.com/,"Jalan Pantai Selatan Gau Banjar Wijaya
Kusuma Ungasan 80362 Bali",2026-09-28,c8420d6713a9e96d95b3f397cc074e2c58571613dac348bb9cb574ad63e08116,ready,skip,,,KEEP,
sundays-beach-club,sundays-beach-club-25,coordinates,DB,F,add,,"[-8.8472658,115.150859]",https://www.sundaysbeachclub.com/,!3d-8.8472658!4d115.150859,2026-09-28,c8420d6713a9e96d95b3f397cc074e2c58571613dac348bb9cb574ad63e08116,unclear,fail,hold,"SOURCE_BLOCKED Coordinates inside the Uluwatu box with 6-7 decimals, quoted from an embedded map URL on the official site; could not re-fetch to confirm the fragment is on the page — re-run",HOLD,"collector status: unclear | validator: quote not found verbatim in the snapshot text | acceptor: hold — SOURCE_BLOCKED Coordinates inside the Uluwatu box with 6-7 decimals, quoted from an embedded map URL on the official site; could not re-fetch to confirm the fragment is on the page — re-run | acceptor could not re-fetch the source: snapshot-only evidence"
sundays-beach-club,sundays-beach-club-26,category,DB,F,keep,beach_club,beach_club,https://www.sundaysbeachclub.com/,Sundays Beach Club - Uluwatu Beach Club Bali,2026-09-28,c8420d6713a9e96d95b3f397cc074e2c58571613dac348bb9cb574ad63e08116,ready,skip,,,KEEP,
sundays-beach-club,sundays-beach-club-27,lastVerifiedAt,CODE,F,keep,2026-07-12,,,,,,ready,skip,,,KEEP,
the-warung-at-alila-villas-uluwatu,the-warung-at-alila-villas-uluwatu-01,name,CODE,F,keep,The Warung at Alila Villas,,,,,,unclear,skip,,,KEEP,
the-warung-at-alila-villas-uluwatu,the-warung-at-alila-villas-uluwatu-02,copy:verdict#1,CODE,F,keep,Refined Indonesian cooking on Alila's clifftop — the district's serious special-occasion table for local food.,,,,,,unclear,skip,,,KEEP,
the-warung-at-alila-villas-uluwatu,the-warung-at-alila-villas-uluwatu-03,copy:whyHere#1,CODE,O,keep,"Most upscale Bukit dining looks outward (Spanish, Japanese, Greek).",,,,,,unclear,skip,,,KEEP,
the-warung-at-alila-villas-uluwatu,the-warung-at-alila-villas-uluwatu-04,copy:whyHere#2,CODE,F,keep,"The Warung looks inward: a polished Indonesian dining room inside Alila Villas Uluwatu, where the megibung sharing banquet turns regional cooking into the occasion itself.",,,,,,unclear,skip,,,KEEP,
the-warung-at-alila-villas-uluwatu,the-warung-at-alila-villas-uluwatu-05,copy:whatToExpect#1,CODE,F,keep,An open-air pavilion on the cliff edge inside a gated resort — reserve ahead so the gate expects you.,,,,,,unclear,skip,,,KEEP,
the-warung-at-alila-villas-uluwatu,the-warung-at-alila-villas-uluwatu-06,copy:whatToExpect#2,CODE,F,keep,"Service is resort-level; the menu runs classic Indonesian (bebek goreng, rendang) with the megibung banquet as the signature format.",,,,,,unclear,skip,,,KEEP,
the-warung-at-alila-villas-uluwatu,the-warung-at-alila-villas-uluwatu-07,copy:whatToExpect#3,CODE,E,keep,"Quiet enough for conversation, composed enough for an anniversary.",,,,,,unclear,skip,,,KEEP,
the-warung-at-alila-villas-uluwatu,the-warung-at-alila-villas-uluwatu-08,copy:practicalNote#1,CODE,F,keep,"Inside Alila Villas Uluwatu (Jl. Belimbing Sari, Pecatu).",,,,,,unclear,skip,,,KEEP,
the-warung-at-alila-villas-uluwatu,the-warung-at-alila-villas-uluwatu-09,copy:practicalNote#2,CODE,F,keep,Non-guests welcome with a reservation.,,,,,,unclear,skip,,,KEEP,
the-warung-at-alila-villas-uluwatu,the-warung-at-alila-villas-uluwatu-10,copy:reservations#1,CODE,F,keep,Book via TableCheck; groups of 8+ go through the resort.,,https://www.tablecheck.com/en/alila-villas-uluwatu-the-warung/reserve,"If you encounter any issues such as reservations are not available at your requested time and / or number of persons, please contact us at +628113855729 .",2026-09-28,4c911d430d255cc84ed34e208e720bb5e5e43e455167f9846d5667b53ce51ee9,unclear,skip,,,KEEP,
the-warung-at-alila-villas-uluwatu,the-warung-at-alila-villas-uluwatu-11,bestFor,CODE,O,keep,special occasions; date nights around Indonesian food; unhurried family dinners,,,,,,unclear,skip,,,KEEP,
the-warung-at-alila-villas-uluwatu,the-warung-at-alila-villas-uluwatu-12,notFor,CODE,O,keep,a quick casual bite — this is a destination dinner,,,,,,unclear,skip,,,KEEP,
the-warung-at-alila-villas-uluwatu,the-warung-at-alila-villas-uluwatu-13,whatToOrder,CODE,F,keep,megibung banquet; bebek goreng; red bean rendang,,,,,,unclear,skip,,,KEEP,
the-warung-at-alila-villas-uluwatu,the-warung-at-alila-villas-uluwatu-14,priceBand,CODE,F,keep,$$$,,,,,,unclear,skip,,,KEEP,
the-warung-at-alila-villas-uluwatu,the-warung-at-alila-villas-uluwatu-15,address,CODE,F,keep,"Alila Villas Uluwatu, Jl. Belimbing Sari, Pecatu",,,,,,unclear,skip,,,KEEP,
the-warung-at-alila-villas-uluwatu,the-warung-at-alila-villas-uluwatu-16,hours,CODE,F,unknown,,,,,,,not_found,fail,hold,"NOT_A_SOURCE_FACT action=unknown: no value, source or quote proposed; nothing to verify, field stays null",HOLD,"identity gate failed: {""operating"":null,""current_name"":null,""branch_ok"":null,""multi_branch"":false,""evidence"":{""quote"":null,""source_url"":""https://www.alilahotels.com/uluwatu/dining/the-warung/"",""snapshot_sha256"":""6f49318d1ea7caef3d5cecaa0ab2886b6521c0d282969c8676488e4eaba25739"",""note"":""alilahotels.com 301s to hyatt.com, which returns 403 to this environment (also for the /dining/the-warung page and the menu PDF). No official page could be read today. TableCheck page 'The Warung - Alila Villas Uluwatu' is live (200) but a booking provider counts only when the official site links to it, which cannot be checked. Identity unknown → HOLD.""}}"
the-warung-at-alila-villas-uluwatu,the-warung-at-alila-villas-uluwatu-17,opening_hours_json,DB,F,unknown,,,,,,,not_found,fail,hold,"NOT_A_SOURCE_FACT action=unknown: no value, source or quote proposed; nothing to verify, field stays null",HOLD,"identity gate failed: {""operating"":null,""current_name"":null,""branch_ok"":null,""multi_branch"":false,""evidence"":{""quote"":null,""source_url"":""https://www.alilahotels.com/uluwatu/dining/the-warung/"",""snapshot_sha256"":""6f49318d1ea7caef3d5cecaa0ab2886b6521c0d282969c8676488e4eaba25739"",""note"":""alilahotels.com 301s to hyatt.com, which returns 403 to this environment (also for the /dining/the-warung page and the menu PDF). No official page could be read today. TableCheck page 'The Warung - Alila Villas Uluwatu' is live (200) but a booking provider counts only when the official site links to it, which cannot be checked. Identity unknown → HOLD.""}}"
the-warung-at-alila-villas-uluwatu,the-warung-at-alila-villas-uluwatu-18,officialUrl,BOTH,F,keep,https://www.alilahotels.com/uluwatu/dining/the-warung/,,,,,,unclear,skip,,,KEEP,
the-warung-at-alila-villas-uluwatu,the-warung-at-alila-villas-uluwatu-19,instagramUrl,BOTH,F,unknown,,,,,,,not_found,fail,hold,"NOT_A_SOURCE_FACT action=unknown: no value, source or quote proposed; nothing to verify, field stays null",HOLD,"identity gate failed: {""operating"":null,""current_name"":null,""branch_ok"":null,""multi_branch"":false,""evidence"":{""quote"":null,""source_url"":""https://www.alilahotels.com/uluwatu/dining/the-warung/"",""snapshot_sha256"":""6f49318d1ea7caef3d5cecaa0ab2886b6521c0d282969c8676488e4eaba25739"",""note"":""alilahotels.com 301s to hyatt.com, which returns 403 to this environment (also for the /dining/the-warung page and the menu PDF). No official page could be read today. TableCheck page 'The Warung - Alila Villas Uluwatu' is live (200) but a booking provider counts only when the official site links to it, which cannot be checked. Identity unknown → HOLD.""}}"
the-warung-at-alila-villas-uluwatu,the-warung-at-alila-villas-uluwatu-20,bookingUrl,BOTH,F,keep,https://www.tablecheck.com/en/alila-villas-uluwatu-the-warung/reserve,https://www.tablecheck.com/en/alila-villas-uluwatu-the-warung/reserve,https://www.tablecheck.com/en/alila-villas-uluwatu-the-warung/reserve,The Warung - Alila Villas Uluwatu - TableCheck,2026-09-28,4c911d430d255cc84ed34e208e720bb5e5e43e455167f9846d5667b53ce51ee9,unclear,skip,,,KEEP,
the-warung-at-alila-villas-uluwatu,the-warung-at-alila-villas-uluwatu-21,menuUrl,BOTH,F,unknown,,,,,,,not_found,fail,hold,"NOT_A_SOURCE_FACT action=unknown: no value, source or quote proposed; nothing to verify, field stays null",HOLD,"identity gate failed: {""operating"":null,""current_name"":null,""branch_ok"":null,""multi_branch"":false,""evidence"":{""quote"":null,""source_url"":""https://www.alilahotels.com/uluwatu/dining/the-warung/"",""snapshot_sha256"":""6f49318d1ea7caef3d5cecaa0ab2886b6521c0d282969c8676488e4eaba25739"",""note"":""alilahotels.com 301s to hyatt.com, which returns 403 to this environment (also for the /dining/the-warung page and the menu PDF). No official page could be read today. TableCheck page 'The Warung - Alila Villas Uluwatu' is live (200) but a booking provider counts only when the official site links to it, which cannot be checked. Identity unknown → HOLD.""}}"
the-warung-at-alila-villas-uluwatu,the-warung-at-alila-villas-uluwatu-22,phone,DB,F,unknown,,,,,,,unclear,fail,hold,"NOT_A_SOURCE_FACT action=unknown: no value, source or quote proposed; nothing to verify, field stays null",HOLD,"identity gate failed: {""operating"":null,""current_name"":null,""branch_ok"":null,""multi_branch"":false,""evidence"":{""quote"":null,""source_url"":""https://www.alilahotels.com/uluwatu/dining/the-warung/"",""snapshot_sha256"":""6f49318d1ea7caef3d5cecaa0ab2886b6521c0d282969c8676488e4eaba25739"",""note"":""alilahotels.com 301s to hyatt.com, which returns 403 to this environment (also for the /dining/the-warung page and the menu PDF). No official page could be read today. TableCheck page 'The Warung - Alila Villas Uluwatu' is live (200) but a booking provider counts only when the official site links to it, which cannot be checked. Identity unknown → HOLD.""}}"
the-warung-at-alila-villas-uluwatu,the-warung-at-alila-villas-uluwatu-23,full_address,DB,F,keep,"Alila Villas Uluwatu, Jl. Belimbing Sari, Pecatu",,,,,,unclear,skip,,,KEEP,
the-warung-at-alila-villas-uluwatu,the-warung-at-alila-villas-uluwatu-24,coordinates,DB,F,unknown,,,,,,,not_found,fail,hold,"NOT_A_SOURCE_FACT action=unknown: no value, source or quote proposed; nothing to verify, field stays null",HOLD,"identity gate failed: {""operating"":null,""current_name"":null,""branch_ok"":null,""multi_branch"":false,""evidence"":{""quote"":null,""source_url"":""https://www.alilahotels.com/uluwatu/dining/the-warung/"",""snapshot_sha256"":""6f49318d1ea7caef3d5cecaa0ab2886b6521c0d282969c8676488e4eaba25739"",""note"":""alilahotels.com 301s to hyatt.com, which returns 403 to this environment (also for the /dining/the-warung page and the menu PDF). No official page could be read today. TableCheck page 'The Warung - Alila Villas Uluwatu' is live (200) but a booking provider counts only when the official site links to it, which cannot be checked. Identity unknown → HOLD.""}}"
the-warung-at-alila-villas-uluwatu,the-warung-at-alila-villas-uluwatu-25,category,DB,F,keep,restaurant,,,,,,unclear,skip,,,KEEP,
the-warung-at-alila-villas-uluwatu,the-warung-at-alila-villas-uluwatu-26,lastVerifiedAt,CODE,F,keep,2026-07-12,,,,,,unclear,skip,,,KEEP,
tropical-temptation-adult-only-beach-club,tropical-temptation-adult-only-beach-club-01,name,CODE,F,keep,Tropical Temptation Beach Club,Tropical Temptation Beach Club,https://ttbeach.club/faq,Copyright © 2026 Tropical Temptation Beach Club | Collections of Wonderspace,2026-09-28,9612b6886756b84ddb3731520e3ca45da3067a8000b73817b392b238174770d7,ready,skip,,,KEEP,
tropical-temptation-adult-only-beach-club,tropical-temptation-adult-only-beach-club-02,copy:verdict#1,CODE,F,keep,"Melasti's adults-only club — three infinity pools, a beachfront bar and a spa, with no one under 18 on the daybeds.",,https://ttbeach.club/faq,"ARE KIDS ALLOWED?
To provide an exclusive atmosphere, our venue is reserved for adults only, ensuring a sophisticated experience tailored just for adults.",2026-09-28,9612b6886756b84ddb3731520e3ca45da3067a8000b73817b392b238174770d7,unclear,skip,,,KEEP,
tropical-temptation-adult-only-beach-club,tropical-temptation-adult-only-beach-club-03,copy:whyHere#1,CODE,F,keep,"If the point of the day is a pool, a drink and actual quiet from other people's kids, this is the Bukit's dedicated answer: 18+ entry, direct Melasti beach access and an on-site spa, all inside the same cliff-walled bay as White Rock.",,https://ttbeach.club/blog/tropical-temptation-beach-club-balis-adult-only-escape-with-direct-melasti-beach-access/,"Located directly on Melasti Beach , one of Bali’s most picturesque and less crowded coastlines, the club offers direct beach access from its elevated position.",2025-04-14,16abc32386818ad18d1c3f3165d8eb0548bd22697c73ae227b4d904298b5fc0a,unclear,skip,,,KEEP,
tropical-temptation-adult-only-beach-club,tropical-temptation-adult-only-beach-club-04,copy:whatToExpect#1,CODE,F,keep,"A more grown-up register than the big clubs: three pools stepping toward the beach, a restaurant and bar, and Svaha Spa on site.",,https://ttbeach.club/,"Set within the energy of Tropical Temptation, our spa lets you take a moment to unwind without stepping away from the beach club experience.",2026-09-28,7d38ba0e61f815a861d0b4fba25a687600e523a6c09043143256b80fed9c24f1,unclear,skip,,,KEEP,
tropical-temptation-adult-only-beach-club,tropical-temptation-adult-only-beach-club-05,copy:whatToExpect#2,CODE,F,replace,"Doors run 10:00–21:00, so it is a day-into-sunset venue rather than a late-night one.",Doors run 07:00–21:00 (official FAQ: 'open daily MONDAY – SUNDAY 7 AM – 9 PM'); the day-into-sunset framing holds.,https://ttbeach.club/faq,"WHAT ARE THE HOURS OF OPERATION AT TROPICAL TEMPTATION BEACH CLUB?
We are open daily MONDAY – SUNDAY 7 AM – 9 PM",2026-09-28,9612b6886756b84ddb3731520e3ca45da3067a8000b73817b392b238174770d7,ready,pass,hold,SOURCE_BLOCKED Copy rewrite citing the FAQ hours (Mon–Sun 7 AM – 9 PM); could not re-fetch ttbeach.club/faq to confirm the quote — re-run,HOLD,acceptor: hold — SOURCE_BLOCKED Copy rewrite citing the FAQ hours (Mon–Sun 7 AM – 9 PM); could not re-fetch ttbeach.club/faq to confirm the quote — re-run | acceptor could not re-fetch the source: snapshot-only evidence
tropical-temptation-adult-only-beach-club,tropical-temptation-adult-only-beach-club-06,copy:whatToExpect#3,CODE,F,remove,It opened as Cattamaran in 2021 and was renamed in 2022 — older reviews may use the old name.,,https://ttbeach.club/,,2026-09-28,7d38ba0e61f815a861d0b4fba25a687600e523a6c09043143256b80fed9c24f1,unclear,pass,hold,"SOURCE_BLOCKED Removal of the 'opened as Cattamaran in 2021, renamed 2022' sentence: a history fact the official site could support or not; could not re-fetch ttbeach.club to search — re-run",HOLD,"acceptor: hold — SOURCE_BLOCKED Removal of the 'opened as Cattamaran in 2021, renamed 2022' sentence: a history fact the official site could support or not; could not re-fetch ttbeach.club to search — re-run | removal: founder confirms every removal"
tropical-temptation-adult-only-beach-club,tropical-temptation-adult-only-beach-club-07,copy:practicalNote#1,CODE,F,keep,"Jalan Melasti Beach 88, Ungasan — same bay as White Rock.",,https://ttbeach.club/faq,"Jl. Melasti Beach 88, Ungasan, Bali",2026-09-28,9612b6886756b84ddb3731520e3ca45da3067a8000b73817b392b238174770d7,unclear,skip,,,KEEP,
tropical-temptation-adult-only-beach-club,tropical-temptation-adult-only-beach-club-08,copy:reservations#1,CODE,F,keep,Book daybeds via the club's own reservation site.,,https://ttbeach.club/faq,"IS RESERVATION REQUIRED?
Yes, it will better to make advanced reservation for having the best table as expected",2026-09-28,9612b6886756b84ddb3731520e3ca45da3067a8000b73817b392b238174770d7,ready,skip,,,KEEP,
tropical-temptation-adult-only-beach-club,tropical-temptation-adult-only-beach-club-09,bestFor,CODE,O,keep,couples' pool days; sunset drinks without the family crowd,,,,,,ready,skip,,,KEEP,
tropical-temptation-adult-only-beach-club,tropical-temptation-adult-only-beach-club-10,notFor,CODE,O,keep,families — entry is 18+ by policy,,,,,,ready,skip,,,KEEP,
tropical-temptation-adult-only-beach-club,tropical-temptation-adult-only-beach-club-11,whatToOrder,CODE,F,unknown,,,,,,,not_found,fail,hold,"NOT_A_SOURCE_FACT action=unknown: no value, source or quote proposed; nothing to verify, field stays null",HOLD,"collector status: not_found | validator: no source_url — a row without a source is not accepted | acceptor: hold — NOT_A_SOURCE_FACT action=unknown: no value, source or quote proposed; nothing to verify, field stays null | acceptor could not re-fetch the source: snapshot-only evidence"
tropical-temptation-adult-only-beach-club,tropical-temptation-adult-only-beach-club-12,priceBand,CODE,F,keep,$$$,,https://ttbeach.club/faq,"IS THERE AN ENTRANCE FEE?
There is no entrance fee to enjoy our venue. However, a minimum spend is required for selected daybeds.",2026-09-28,9612b6886756b84ddb3731520e3ca45da3067a8000b73817b392b238174770d7,unclear,skip,,,KEEP,
tropical-temptation-adult-only-beach-club,tropical-temptation-adult-only-beach-club-13,address,CODE,F,keep,"Jalan Melasti Beach 88, Ungasan","Jl. Melasti Beach 88, Ungasan, Bali",https://ttbeach.club/faq,"Jl. Melasti Beach 88, Ungasan, Bali",2026-09-28,9612b6886756b84ddb3731520e3ca45da3067a8000b73817b392b238174770d7,ready,skip,,,KEEP,
tropical-temptation-adult-only-beach-club,tropical-temptation-adult-only-beach-club-14,hours,CODE,F,replace,Daily 10:00–21:00,"{""Monday"":[""7.00am-9.00pm""],""Tuesday"":[""7.00am-9.00pm""],""Wednesday"":[""7.00am-9.00pm""],""Thursday"":[""7.00am-9.00pm""],""Friday"":[""7.00am-9.00pm""],""Saturday"":[""7.00am-9.00pm""],""Sunday"":[""7.00am-9.00pm""]}",https://ttbeach.club/faq,"WHAT ARE THE HOURS OF OPERATION AT TROPICAL TEMPTATION BEACH CLUB?
We are open daily MONDAY – SUNDAY 7 AM – 9 PM",2026-09-28,9612b6886756b84ddb3731520e3ca45da3067a8000b73817b392b238174770d7,ready,pass,hold,SOURCE_BLOCKED 7-day 07:00–21:00 from the official FAQ hours answer; plausible for a beach club; could not re-fetch to confirm the quote — re-run,HOLD,acceptor: hold — SOURCE_BLOCKED 7-day 07:00–21:00 from the official FAQ hours answer; plausible for a beach club; could not re-fetch to confirm the quote — re-run | acceptor could not re-fetch the source: snapshot-only evidence
tropical-temptation-adult-only-beach-club,tropical-temptation-adult-only-beach-club-15,opening_hours_json,DB,F,replace,Mo-Su 10:00-21:00,"{""Monday"":[""7.00am-9.00pm""],""Tuesday"":[""7.00am-9.00pm""],""Wednesday"":[""7.00am-9.00pm""],""Thursday"":[""7.00am-9.00pm""],""Friday"":[""7.00am-9.00pm""],""Saturday"":[""7.00am-9.00pm""],""Sunday"":[""7.00am-9.00pm""]}",https://ttbeach.club/faq,"Jl. Melasti Beach 88, Ungasan, Bali Open Daily : 7 AM – 9 PM",2026-09-28,9612b6886756b84ddb3731520e3ca45da3067a8000b73817b392b238174770d7,ready,pass,hold,"SOURCE_BLOCKED 7-day 07:00–21:00 from the official FAQ footer (Jl. Melasti Beach 88, Ungasan — branch named); plausible for a beach club; could not re-fetch to confirm the quote — re-run",HOLD,"acceptor: hold — SOURCE_BLOCKED 7-day 07:00–21:00 from the official FAQ footer (Jl. Melasti Beach 88, Ungasan — branch named); plausible for a beach club; could not re-fetch to confirm the quote — re-run | acceptor could not re-fetch the source: snapshot-only evidence"
tropical-temptation-adult-only-beach-club,tropical-temptation-adult-only-beach-club-16,officialUrl,BOTH,F,keep,https://ttbeach.club/,https://ttbeach.club/,https://ttbeach.club/,Tropical Temptation Beach Club Uluwatu | Sunset & Ocean Views,2026-09-28,7d38ba0e61f815a861d0b4fba25a687600e523a6c09043143256b80fed9c24f1,ready,skip,,,KEEP,
tropical-temptation-adult-only-beach-club,tropical-temptation-adult-only-beach-club-17,instagramUrl,BOTH,F,keep,https://www.instagram.com/tropicaltemptation/,https://www.instagram.com/tropicaltemptation/,https://ttbeach.club/faq,INSTAGRAM FACEBOOK TIKTOK TRIPADVISOR,2026-09-28,9612b6886756b84ddb3731520e3ca45da3067a8000b73817b392b238174770d7,ready,skip,,,KEEP,
tropical-temptation-adult-only-beach-club,tropical-temptation-adult-only-beach-club-18,bookingUrl,BOTH,F,replace,https://reserve.ttbeach.club/,https://bookings.ttbeach.club/,https://ttbeach.club/faq,Reserve,2026-09-28,9612b6886756b84ddb3731520e3ca45da3067a8000b73817b392b238174770d7,ready,pass,hold,"SOURCE_BLOCKED Quote 'Reserve' is anchor text; the link target bookings.ttbeach.club must be seen in the official page's HTML, which could not be re-fetched — re-run",HOLD,"acceptor: hold — SOURCE_BLOCKED Quote 'Reserve' is anchor text; the link target bookings.ttbeach.club must be seen in the official page's HTML, which could not be re-fetched — re-run | acceptor could not re-fetch the source: snapshot-only evidence"
tropical-temptation-adult-only-beach-club,tropical-temptation-adult-only-beach-club-19,menuUrl,BOTH,F,add,,https://ttbeach.club/menus/drinkandfood.pdf,https://ttbeach.club/menus/drinkandfood.pdf,,2026-09-28,301cf1181d8da907d88084aefd7f4232aa53573d20067aa4d627651eb33b3c37,unclear,fail,hold,"SOURCE_BLOCKED Menu PDF on the official domain, no quote given; could not re-fetch to confirm the file exists and is linked from an official page — re-run",HOLD,"collector status: unclear | validator: no quote | acceptor: hold — SOURCE_BLOCKED Menu PDF on the official domain, no quote given; could not re-fetch to confirm the file exists and is linked from an official page — re-run | acceptor could not re-fetch the source: snapshot-only evidence | quote transcribed from pdf: founder checks the file"
tropical-temptation-adult-only-beach-club,tropical-temptation-adult-only-beach-club-20,phone,DB,F,add,,+6281238868631,https://ttbeach.club/faq,+62 812-3886-8631 info@ttbeach.club,2026-09-28,9612b6886756b84ddb3731520e3ca45da3067a8000b73817b392b238174770d7,ready,pass,hold,"SOURCE_BLOCKED +62 812-3886-8631 quoted from the official FAQ next to info@ttbeach.club, in +62 form; could not re-fetch to confirm the quote — re-run",HOLD,"acceptor: hold — SOURCE_BLOCKED +62 812-3886-8631 quoted from the official FAQ next to info@ttbeach.club, in +62 form; could not re-fetch to confirm the quote — re-run | acceptor could not re-fetch the source: snapshot-only evidence"
tropical-temptation-adult-only-beach-club,tropical-temptation-adult-only-beach-club-21,full_address,DB,F,keep,"Jalan Melasti Beach 88, Ungasan","Jl. Melasti Beach 88, Ungasan, Bali",https://ttbeach.club/faq,"Jl. Melasti Beach 88, Ungasan, Bali",2026-09-28,9612b6886756b84ddb3731520e3ca45da3067a8000b73817b392b238174770d7,ready,skip,,,KEEP,
tropical-temptation-adult-only-beach-club,tropical-temptation-adult-only-beach-club-22,coordinates,DB,F,unknown,,,,,,,not_found,fail,hold,"NOT_A_SOURCE_FACT action=unknown: no value, source or quote proposed; nothing to verify, field stays null",HOLD,"collector status: not_found | validator: no source_url — a row without a source is not accepted | acceptor: hold — NOT_A_SOURCE_FACT action=unknown: no value, source or quote proposed; nothing to verify, field stays null | acceptor could not re-fetch the source: snapshot-only evidence"
tropical-temptation-adult-only-beach-club,tropical-temptation-adult-only-beach-club-23,category,DB,F,keep,beach_club,beach_club,https://ttbeach.club/,an inviting beach club in Uluwatu where people meet beneath the same sun,2026-09-28,7d38ba0e61f815a861d0b4fba25a687600e523a6c09043143256b80fed9c24f1,ready,skip,,,KEEP,
tropical-temptation-adult-only-beach-club,tropical-temptation-adult-only-beach-club-24,lastVerifiedAt,CODE,F,keep,2026-07-12,,,,,,ready,skip,,,KEEP,
ulu-artisan-ungasan,ulu-artisan-ungasan-01,name,CODE,F,keep,Ulu Artisan (Ungasan),,,,,,unclear,skip,,,KEEP,
ulu-artisan-ungasan,ulu-artisan-ungasan-02,copy:verdict#1,CODE,F,keep,Bakery-brunch café on the Ungasan road — held in review while the brand naming is reconciled.,,,,,,unclear,skip,,,KEEP,
ulu-artisan-ungasan,ulu-artisan-ungasan-03,copy:whyHere#1,CODE,F,keep,"Identity is confirmed (active Google Maps place on Jl. Raya Uluwatu, Ungasan; live Chope listing) but the venue appears under conflicting names across platforms — 'Ulu Artisan', 'Artisan Ungasan', 'ARTISAN - UNGASAN' — with parallel duplicate booking listings.",,,,,,unclear,skip,,,KEEP,
ulu-artisan-ungasan,ulu-artisan-ungasan-04,copy:whyHere#2,CODE,F,keep,Published only after the canonical name and relationship to the Artisan branch family is reconciled.,,,,,,unclear,skip,,,KEEP,
ulu-artisan-ungasan,ulu-artisan-ungasan-05,copy:whatToExpect#1,CODE,F,keep,"Artisan bakery (baguette, ciabatta, focaccia, sourdough), brunch by day and wood-fired dinner by night per its booking listings.",,,,,,unclear,skip,,,KEEP,
ulu-artisan-ungasan,ulu-artisan-ungasan-06,bestFor,CODE,O,keep,brunch after surf; quiet work sessions,,,,,,unclear,skip,,,KEEP,
ulu-artisan-ungasan,ulu-artisan-ungasan-07,notFor,CODE,O,keep,,,,,,,unclear,skip,,,KEEP,
ulu-artisan-ungasan,ulu-artisan-ungasan-08,whatToOrder,CODE,F,keep,bagels; pancakes; brunch plates,,,,,,unclear,skip,,,KEEP,
ulu-artisan-ungasan,ulu-artisan-ungasan-09,priceBand,CODE,F,keep,$$,,,,,,unclear,skip,,,KEEP,
ulu-artisan-ungasan,ulu-artisan-ungasan-10,address,CODE,F,keep,"Jl. Raya Uluwatu, Ungasan",,,,,,unclear,skip,,,KEEP,
ulu-artisan-ungasan,ulu-artisan-ungasan-11,hours,CODE,F,unknown,,,,,,,not_found,fail,hold,"NOT_A_SOURCE_FACT action=unknown: no value, source or quote proposed; nothing to verify, field stays null",HOLD,"identity gate failed: {""operating"":null,""current_name"":null,""branch_ok"":null,""multi_branch"":true,""evidence"":{""quote"":null,""source_url"":""https://artisangroup.id/"",""snapshot_sha256"":""e3b0c44298fc1c149afbf4c8996fb92427ae41e4649b934ca495991b7852b855"",""note"":""source_unreachable_env: artisangroup.id returns HTTP 500 (empty body) and www.artisangroup.id 503 today; the Ungasan menu PDF on that domain also 500s. Remaining leads are Instagram, Chope and SevenRooms — booking providers count only when linked from an official page, which cannot be checked. Multi-branch brand (Artisan Uluwatu vs Artisan Ungasan): branch cannot be tied to an official page. Identity unknown → HOLD. Registry publication is 'review' and the card is not in the live crawl.""}}"
ulu-artisan-ungasan,ulu-artisan-ungasan-12,opening_hours_json,DB,F,unknown,,,,,,,not_found,fail,hold,"NOT_A_SOURCE_FACT action=unknown: no value, source or quote proposed; nothing to verify, field stays null",HOLD,"identity gate failed: {""operating"":null,""current_name"":null,""branch_ok"":null,""multi_branch"":true,""evidence"":{""quote"":null,""source_url"":""https://artisangroup.id/"",""snapshot_sha256"":""e3b0c44298fc1c149afbf4c8996fb92427ae41e4649b934ca495991b7852b855"",""note"":""source_unreachable_env: artisangroup.id returns HTTP 500 (empty body) and www.artisangroup.id 503 today; the Ungasan menu PDF on that domain also 500s. Remaining leads are Instagram, Chope and SevenRooms — booking providers count only when linked from an official page, which cannot be checked. Multi-branch brand (Artisan Uluwatu vs Artisan Ungasan): branch cannot be tied to an official page. Identity unknown → HOLD. Registry publication is 'review' and the card is not in the live crawl.""}}"
ulu-artisan-ungasan,ulu-artisan-ungasan-13,officialUrl,BOTH,F,unknown,,,,,,,unclear,fail,hold,"NOT_A_SOURCE_FACT action=unknown: no value, source or quote proposed; nothing to verify, field stays null",HOLD,"identity gate failed: {""operating"":null,""current_name"":null,""branch_ok"":null,""multi_branch"":true,""evidence"":{""quote"":null,""source_url"":""https://artisangroup.id/"",""snapshot_sha256"":""e3b0c44298fc1c149afbf4c8996fb92427ae41e4649b934ca495991b7852b855"",""note"":""source_unreachable_env: artisangroup.id returns HTTP 500 (empty body) and www.artisangroup.id 503 today; the Ungasan menu PDF on that domain also 500s. Remaining leads are Instagram, Chope and SevenRooms — booking providers count only when linked from an official page, which cannot be checked. Multi-branch brand (Artisan Uluwatu vs Artisan Ungasan): branch cannot be tied to an official page. Identity unknown → HOLD. Registry publication is 'review' and the card is not in the live crawl.""}}"
ulu-artisan-ungasan,ulu-artisan-ungasan-14,instagramUrl,BOTH,F,keep,https://www.instagram.com/artisan.bali/,,,,,,unclear,skip,,,KEEP,
ulu-artisan-ungasan,ulu-artisan-ungasan-15,bookingUrl,BOTH,F,unknown,,,,,,,unclear,fail,hold,"NOT_A_SOURCE_FACT action=unknown: no value, source or quote proposed; nothing to verify, field stays null",HOLD,"identity gate failed: {""operating"":null,""current_name"":null,""branch_ok"":null,""multi_branch"":true,""evidence"":{""quote"":null,""source_url"":""https://artisangroup.id/"",""snapshot_sha256"":""e3b0c44298fc1c149afbf4c8996fb92427ae41e4649b934ca495991b7852b855"",""note"":""source_unreachable_env: artisangroup.id returns HTTP 500 (empty body) and www.artisangroup.id 503 today; the Ungasan menu PDF on that domain also 500s. Remaining leads are Instagram, Chope and SevenRooms — booking providers count only when linked from an official page, which cannot be checked. Multi-branch brand (Artisan Uluwatu vs Artisan Ungasan): branch cannot be tied to an official page. Identity unknown → HOLD. Registry publication is 'review' and the card is not in the live crawl.""}}"
ulu-artisan-ungasan,ulu-artisan-ungasan-16,menuUrl,BOTH,F,unknown,,,,,,,not_found,fail,hold,"NOT_A_SOURCE_FACT action=unknown: no value, source or quote proposed; nothing to verify, field stays null",HOLD,"identity gate failed: {""operating"":null,""current_name"":null,""branch_ok"":null,""multi_branch"":true,""evidence"":{""quote"":null,""source_url"":""https://artisangroup.id/"",""snapshot_sha256"":""e3b0c44298fc1c149afbf4c8996fb92427ae41e4649b934ca495991b7852b855"",""note"":""source_unreachable_env: artisangroup.id returns HTTP 500 (empty body) and www.artisangroup.id 503 today; the Ungasan menu PDF on that domain also 500s. Remaining leads are Instagram, Chope and SevenRooms — booking providers count only when linked from an official page, which cannot be checked. Multi-branch brand (Artisan Uluwatu vs Artisan Ungasan): branch cannot be tied to an official page. Identity unknown → HOLD. Registry publication is 'review' and the card is not in the live crawl.""}}"
ulu-artisan-ungasan,ulu-artisan-ungasan-17,phone,DB,F,unknown,,,,,,,not_found,fail,hold,"NOT_A_SOURCE_FACT action=unknown: no value, source or quote proposed; nothing to verify, field stays null",HOLD,"identity gate failed: {""operating"":null,""current_name"":null,""branch_ok"":null,""multi_branch"":true,""evidence"":{""quote"":null,""source_url"":""https://artisangroup.id/"",""snapshot_sha256"":""e3b0c44298fc1c149afbf4c8996fb92427ae41e4649b934ca495991b7852b855"",""note"":""source_unreachable_env: artisangroup.id returns HTTP 500 (empty body) and www.artisangroup.id 503 today; the Ungasan menu PDF on that domain also 500s. Remaining leads are Instagram, Chope and SevenRooms — booking providers count only when linked from an official page, which cannot be checked. Multi-branch brand (Artisan Uluwatu vs Artisan Ungasan): branch cannot be tied to an official page. Identity unknown → HOLD. Registry publication is 'review' and the card is not in the live crawl.""}}"
ulu-artisan-ungasan,ulu-artisan-ungasan-18,full_address,DB,F,keep,"Jl. Raya Uluwatu, Ungasan",,,,,,unclear,skip,,,KEEP,
ulu-artisan-ungasan,ulu-artisan-ungasan-19,coordinates,DB,F,unknown,,,,,,,not_found,fail,hold,"NOT_A_SOURCE_FACT action=unknown: no value, source or quote proposed; nothing to verify, field stays null",HOLD,"identity gate failed: {""operating"":null,""current_name"":null,""branch_ok"":null,""multi_branch"":true,""evidence"":{""quote"":null,""source_url"":""https://artisangroup.id/"",""snapshot_sha256"":""e3b0c44298fc1c149afbf4c8996fb92427ae41e4649b934ca495991b7852b855"",""note"":""source_unreachable_env: artisangroup.id returns HTTP 500 (empty body) and www.artisangroup.id 503 today; the Ungasan menu PDF on that domain also 500s. Remaining leads are Instagram, Chope and SevenRooms — booking providers count only when linked from an official page, which cannot be checked. Multi-branch brand (Artisan Uluwatu vs Artisan Ungasan): branch cannot be tied to an official page. Identity unknown → HOLD. Registry publication is 'review' and the card is not in the live crawl.""}}"
ulu-artisan-ungasan,ulu-artisan-ungasan-20,category,DB,F,keep,cafe,,,,,,unclear,skip,,,KEEP,
ulu-artisan-ungasan,ulu-artisan-ungasan-21,lastVerifiedAt,CODE,F,keep,2026-07-12,,,,,,unclear,skip,,,KEEP,
ulu-fishmarket,ulu-fishmarket-01,name,CODE,F,keep,Ulu Fishmarket,Ulu Fishmarket,https://ulufishmarket.com/,Copyright © 2026 ULU Fishmarket,2026-09-28,ac8a4142fc1e4591e6127da99647f00e3064d0e6a93e2161fd8acae5eb55314b,ready,skip,,,KEEP,
ulu-fishmarket,ulu-fishmarket-02,copy:verdict#1,CODE,F,keep,"Casual open-air seafood with Hawaiian roots — sushi, grilled daily catch and live music in a Labuan Sait garden.",,https://ulufishmarket.com/,Ulu Fish Market it’s a combination of the Paia Fish Market (est. 1989) with a fusion Japanese and Peruvian sushi cuisine.,2026-09-28,ac8a4142fc1e4591e6127da99647f00e3064d0e6a93e2161fd8acae5eb55314b,unclear,skip,,,KEEP,
ulu-fishmarket,ulu-fishmarket-03,copy:whyHere#1,CODE,O,keep,"A rare thing on the Bukit: relaxed, family-friendly seafood that still takes fish seriously.",,,,,,ready,skip,,,KEEP,
ulu-fishmarket,ulu-fishmarket-04,copy:whyHere#2,CODE,F,keep,The Hawaiian Paia Fish Market lineage shows in the fresh-catch counter; the garden setting and live music keep it easy rather than formal.,,https://ulufishmarket.com/about-us/,"Nestled in the heart of a sleepy fishing town on Maui’s north coast, Paia Fish Market quickly captured the hearts of locals and wanderers alike",2026-09-28,1a197fd3cc669b2828a86bf951dc99aec51e6993e710d8fde24911e87120a95b,unclear,skip,,,KEEP,
ulu-fishmarket,ulu-fishmarket-05,copy:whatToExpect#1,CODE,F,keep,"Open-air tables in a tropical garden, a Japanese-Peruvian-Hawaiian menu (sashimi, rolls, grilled mahi mahi) and a walk-in-friendly rhythm.",,https://ulufishmarket.com/menu-copy/,Savor the taste of the ocean with our selection of fresh fish caught daily.,2026-09-28,374099612f46afffed307312b88120d54a833e48c9e942e195a9f3042be076d6,unclear,skip,,,KEEP,
ulu-fishmarket,ulu-fishmarket-06,copy:whatToExpect#2,CODE,E,keep,Kids fit here without anyone flinching.,,,,,,unclear,skip,,,KEEP,
ulu-fishmarket,ulu-fishmarket-07,copy:practicalNote#1,CODE,F,keep,"Jl. Labuansait No.10 area, Pecatu — same strip as MASONRY.",,https://ulufishmarket.com/?page_id=163,"Jl. Labuansait, 10 – Pecatu, Kec. Kuta Sel., Kabupaten Badung, Bali 80361, Indonesia",2026-09-28,87c5c9ba0315faaa8c151ebc4b7856d5434adc51ce676472f1037b5308c43836,unclear,skip,,,KEEP,
ulu-fishmarket,ulu-fishmarket-08,copy:reservations#1,CODE,E,keep,Walk-ins work most nights; contact the venue directly for groups.,,https://ulufishmarket.com/,"Telephone Reservations
+62 (822)-6646-9790",2026-09-28,ac8a4142fc1e4591e6127da99647f00e3064d0e6a93e2161fd8acae5eb55314b,unclear,skip,,,KEEP,
ulu-fishmarket,ulu-fishmarket-09,bestFor,CODE,O,keep,early family dinners; group dinners over shared fish,,,,,,ready,skip,,,KEEP,
ulu-fishmarket,ulu-fishmarket-10,notFor,CODE,O,keep,a hushed anniversary table,,,,,,ready,skip,,,KEEP,
ulu-fishmarket,ulu-fishmarket-11,whatToOrder,CODE,F,replace,sashimi trio; tuna tataki; miso ramen,white crunchy roll; tuna tartare; hot phila roll,https://ulufishmarket.com/menu-copy/,"WHITE CRUNCHY ROLL
White fish tempura, cucumber, tobiko, crunchy spicy mayo wrapped white fish and
crunchy butter crumble",2026-09-28,374099612f46afffed307312b88120d54a833e48c9e942e195a9f3042be076d6,ready,pass,hold,SOURCE_BLOCKED Quote covers only 'White Crunchy Roll'; 'tuna tartare' and 'hot phila roll' are not in the quote and the menu page could not be re-fetched — re-run and quote all three items,HOLD,acceptor: hold — SOURCE_BLOCKED Quote covers only 'White Crunchy Roll'; 'tuna tartare' and 'hot phila roll' are not in the quote and the menu page could not be re-fetched — re-run and quote all three items | acceptor could not re-fetch the source: snapshot-only evidence
ulu-fishmarket,ulu-fishmarket-12,priceBand,CODE,F,keep,$$,,,,,,unclear,skip,,,KEEP,
ulu-fishmarket,ulu-fishmarket-13,address,CODE,F,keep,"Jl. Labuansait No.10, Pecatu","Jl. Labuansait 10, Pecatu, Kec. Kuta Selatan, Kabupaten Badung, Bali 80361",https://ulufishmarket.com/?page_id=163,"Jl. Labuansait, 10 – Pecatu, Kec. Kuta Sel., Kabupaten Badung, Bali 80361, Indonesia",2026-09-28,87c5c9ba0315faaa8c151ebc4b7856d5434adc51ce676472f1037b5308c43836,ready,skip,,,KEEP,
ulu-fishmarket,ulu-fishmarket-14,hours,CODE,F,add,,"{""Monday"":[""12.00pm-11.00pm""],""Tuesday"":[""12.00pm-11.00pm""],""Wednesday"":[""12.00pm-11.00pm""],""Thursday"":[""12.00pm-11.00pm""],""Friday"":[""12.00pm-11.00pm""],""Saturday"":[""12.00pm-11.00pm""],""Sunday"":[""12.00pm-11.00pm""]}",https://ulufishmarket.com/,"Opening Hours
Monday to Sunday
12pm - 11pm",2026-09-28,ac8a4142fc1e4591e6127da99647f00e3064d0e6a93e2161fd8acae5eb55314b,ready,pass,hold,"SOURCE_BLOCKED 7-day 12:00–23:00 quoted from the official homepage 'Opening Hours' block, plausible for a dinner-led restaurant; could not re-fetch ulufishmarket.com — re-run",HOLD,"acceptor: hold — SOURCE_BLOCKED 7-day 12:00–23:00 quoted from the official homepage 'Opening Hours' block, plausible for a dinner-led restaurant; could not re-fetch ulufishmarket.com — re-run | acceptor could not re-fetch the source: snapshot-only evidence"
ulu-fishmarket,ulu-fishmarket-15,opening_hours_json,DB,F,keep,"Mo 12:00-23:00, Tu 12:00-23:00, We 12:00-23:00, Th 12:00-23:00, Fr 12:00-23:00, Sa 12:00-23:00, Su 12:00-23:00","{""Monday"":[""12.00pm-11.00pm""],""Tuesday"":[""12.00pm-11.00pm""],""Wednesday"":[""12.00pm-11.00pm""],""Thursday"":[""12.00pm-11.00pm""],""Friday"":[""12.00pm-11.00pm""],""Saturday"":[""12.00pm-11.00pm""],""Sunday"":[""12.00pm-11.00pm""]}",https://ulufishmarket.com/?page_id=163,"Opening Hours
Monday to Sunday
12pm - 11pm",2026-09-28,87c5c9ba0315faaa8c151ebc4b7856d5434adc51ce676472f1037b5308c43836,ready,skip,,,KEEP,
ulu-fishmarket,ulu-fishmarket-16,officialUrl,BOTH,F,keep,https://ulufishmarket.com/,https://ulufishmarket.com/,https://ulufishmarket.com/,Home - ULU Fishmarket,2026-09-28,ac8a4142fc1e4591e6127da99647f00e3064d0e6a93e2161fd8acae5eb55314b,ready,skip,,,KEEP,
ulu-fishmarket,ulu-fishmarket-17,instagramUrl,BOTH,F,keep,https://www.instagram.com/ulu.fishmarket/,https://www.instagram.com/ulu.fishmarket/,https://ulufishmarket.com/,Follow us,2026-09-28,ac8a4142fc1e4591e6127da99647f00e3064d0e6a93e2161fd8acae5eb55314b,ready,skip,,,KEEP,
ulu-fishmarket,ulu-fishmarket-18,bookingUrl,BOTH,F,add,,https://cho.pe/ulufishmarket.ig,https://ulufishmarket.com/,BOOK A TABLE,2026-09-28,ac8a4142fc1e4591e6127da99647f00e3064d0e6a93e2161fd8acae5eb55314b,ready,pass,hold,SOURCE_BLOCKED Chope link (cho.pe) is allowed only if the official site links to it; quote 'BOOK A TABLE' is anchor text and the homepage HTML could not be re-fetched to see the href — re-run,HOLD,acceptor: hold — SOURCE_BLOCKED Chope link (cho.pe) is allowed only if the official site links to it; quote 'BOOK A TABLE' is anchor text and the homepage HTML could not be re-fetched to see the href — re-run | acceptor could not re-fetch the source: snapshot-only evidence
ulu-fishmarket,ulu-fishmarket-19,menuUrl,BOTH,F,add,,https://ulufishmarket.com/menu-copy/,https://ulufishmarket.com/,FULL MENU,2026-09-28,ac8a4142fc1e4591e6127da99647f00e3064d0e6a93e2161fd8acae5eb55314b,unclear,pass,hold,"SOURCE_BLOCKED Quote 'FULL MENU' is anchor text; the link target /menu-copy/ must be seen in the official homepage HTML, which could not be re-fetched — re-run",HOLD,"collector status: unclear | acceptor: hold — SOURCE_BLOCKED Quote 'FULL MENU' is anchor text; the link target /menu-copy/ must be seen in the official homepage HTML, which could not be re-fetched — re-run | acceptor could not re-fetch the source: snapshot-only evidence"
ulu-fishmarket,ulu-fishmarket-20,phone,DB,F,add,,+6282266469790,https://ulufishmarket.com/?page_id=163,"Reservations
+62 (822)-6646-9790",2026-09-28,87c5c9ba0315faaa8c151ebc4b7856d5434adc51ce676472f1037b5308c43836,ready,pass,hold,"SOURCE_BLOCKED +62 (822)-6646-9790 quoted under 'Reservations' on an official page, converts cleanly to +6282266469790; could not re-fetch to confirm the quote — re-run",HOLD,"acceptor: hold — SOURCE_BLOCKED +62 (822)-6646-9790 quoted under 'Reservations' on an official page, converts cleanly to +6282266469790; could not re-fetch to confirm the quote — re-run | acceptor could not re-fetch the source: snapshot-only evidence"
ulu-fishmarket,ulu-fishmarket-21,full_address,DB,F,keep,"Jl. Labuansait No.10, Pecatu","Jl. Labuansait 10, Pecatu, Kec. Kuta Selatan, Kabupaten Badung, Bali 80361",https://ulufishmarket.com/?page_id=163,"Jl. Labuansait, 10 – Pecatu, Kec. Kuta Sel., Kabupaten Badung, Bali 80361, Indonesia",2026-09-28,87c5c9ba0315faaa8c151ebc4b7856d5434adc51ce676472f1037b5308c43836,ready,skip,,,KEEP,
ulu-fishmarket,ulu-fishmarket-22,coordinates,DB,F,unknown,,,,,,,not_found,fail,hold,"NOT_A_SOURCE_FACT action=unknown: no value, source or quote proposed; nothing to verify, field stays null",HOLD,"collector status: not_found | validator: no source_url — a row without a source is not accepted | acceptor: hold — NOT_A_SOURCE_FACT action=unknown: no value, source or quote proposed; nothing to verify, field stays null | acceptor could not re-fetch the source: snapshot-only evidence"
ulu-fishmarket,ulu-fishmarket-23,category,DB,F,keep,restaurant,restaurant,https://ulufishmarket.com/,I recently visited a newly opened restaurant,2026-09-28,ac8a4142fc1e4591e6127da99647f00e3064d0e6a93e2161fd8acae5eb55314b,unclear,skip,,,KEEP,
ulu-fishmarket,ulu-fishmarket-24,lastVerifiedAt,CODE,F,keep,2026-07-12,,,,,,ready,skip,,,KEEP,
ulu-garden,ulu-garden-01,name,CODE,F,keep,Ulu Garden,Ulu Garden,https://ulutribe.com/ulu-garden/,Where is Ulu Garden located?,2026-09-28,399aa60ffe6ecaa3fdb3e6e21df9447ed5e734912c28fc8136252c5713f24144,ready,skip,,,KEEP,
ulu-garden,ulu-garden-02,copy:verdict#1,CODE,F,keep,"Open-air garden dining near Padang Padang with real cultural programming — Barong nights, Sunday markets, kids welcome.",,https://ulutribe.com/ulu-garden/,We also host signature programs such as Kampung Rasa a Sunday market featuring traditional Indonesian set menus,2026-09-28,399aa60ffe6ecaa3fdb3e6e21df9447ed5e734912c28fc8136252c5713f24144,unclear,skip,,,KEEP,
ulu-garden,ulu-garden-03,copy:whyHere#1,CODE,F,keep,"Part of the ULU Tribe collective, Ulu Garden is the Bukit venue that treats an evening as more than a meal: contemporary Indonesian cooking in a tropical garden with live music most nights, Balinese dance and ritual events, a Sunday market, a kids' corner and leashed dogs welcome.",,https://ulutribe.com/ulu-garden/,"Do you have live music performances?
Yes. Live music performances are available daily.",2026-09-28,399aa60ffe6ecaa3fdb3e6e21df9447ed5e734912c28fc8136252c5713f24144,ready,skip,,,KEEP,
ulu-garden,ulu-garden-04,copy:whatToExpect#1,CODE,F,keep,A big garden room that runs from breakfast into the evening.,,https://ulutribe.com/ulu-garden/,"We are open daily for breakfast, lunch, and dinner, from 7 AM until late.",2026-09-28,399aa60ffe6ecaa3fdb3e6e21df9447ed5e734912c28fc8136252c5713f24144,ready,skip,,,KEEP,
ulu-garden,ulu-garden-05,copy:whatToExpect#2,CODE,F,replace,"Food is seasonal and local-leaning (miso gnocchi, fresh rolls, rice bowls); programming changes weekly, so check their page for what's on.","Food is seasonal and local-leaning (rice rolls, rice bowls, nasi goreng); programming changes weekly, so check their page for what's on.",https://drive.google.com/uc?export=download&id=13AdY5yQJPKIW98QLFA22vR8-tobmJqe3,Rice rolls. smoky chicken or tempeh . wild salad . peanut herbs . sweet lime chili,2026-09-28,72463be0054e9a9531d876b7c735c195066a4551d7f04fa378aebefcba0aea41,unclear,fail,reject,VALUE_NOT_SUPPORTED_BY_QUOTE menu quote supports rice rolls/rice bowls/nasi goreng only; 'seasonal' and 'programming changes weekly' unsupported — ulutribe.com/ulu-garden says events are curated each month,REJECTED,collector status: unclear | validator: no 200 snapshot with text for this source_url (run snapshot.mjs) | acceptor: reject — VALUE_NOT_SUPPORTED_BY_QUOTE menu quote supports rice rolls/rice bowls/nasi goreng only; 'seasonal' and 'programming changes weekly' unsupported — ulutribe.com/ulu-garden says events are curated each month | quote transcribed from pdf: founder checks the file
ulu-garden,ulu-garden-06,copy:whatToExpect#3,CODE,O,keep,"One of the easiest venues here for mixed groups — families, friends, even the dog.",,https://ulutribe.com/ulu-garden/,Yes. Ulu Garden is dog-friendly. Dogs are welcome with a leash.,2026-09-28,399aa60ffe6ecaa3fdb3e6e21df9447ed5e734912c28fc8136252c5713f24144,ready,skip,,,KEEP,
ulu-garden,ulu-garden-07,copy:practicalNote#1,CODE,F,keep,"Jl. Pantai Padang-Padang, Pecatu.",,https://ulutribe.com/contact/,"Jl. Pantai Padang-Padang, Pecatu, Kec. Kuta Sel., Kabupaten Badung, Bali 80361",2026-09-28,0b0b51c83e4d414506a30da37aab8f544974eb6b24675adb6110945649e828d3,ready,skip,,,KEEP,
ulu-garden,ulu-garden-08,copy:reservations#1,CODE,F,replace,Book online (Dish Cult) for event nights and Sundays.,Book online (SevenRooms) for event nights and Sundays.,https://ulutribe.com/ulu-garden/,Reservations can be made through our booking form or via the link in our Instagram bio.,2026-09-28,399aa60ffe6ecaa3fdb3e6e21df9447ed5e734912c28fc8136252c5713f24144,ready,pass,reject,"VALUE_NOT_SUPPORTED_BY_QUOTE quote says booking form or Instagram-bio link; page FAQ says walk-ins welcome, reservation recommended at peak hours; nothing supports 'for event nights and Sundays'",HOLD,"acceptor: reject — VALUE_NOT_SUPPORTED_BY_QUOTE quote says booking form or Instagram-bio link; page FAQ says walk-ins welcome, reservation recommended at peak hours; nothing supports 'for event nights and Sundays'"
ulu-garden,ulu-garden-09,bestFor,CODE,O,keep,group dinners with something happening; early family dinners; long relaxed evenings,,https://ulutribe.com/ulu-garden/,"Yes. Ulu Garden hosts birthdays, intimate gatherings, brand events, and community celebrations",2026-09-28,399aa60ffe6ecaa3fdb3e6e21df9447ed5e734912c28fc8136252c5713f24144,ready,skip,,,KEEP,
ulu-garden,ulu-garden-10,notFor,CODE,O,keep,a strictly quiet dinner — most nights have music,,https://ulutribe.com/ulu-garden/,Live music performances are available daily.,2026-09-28,399aa60ffe6ecaa3fdb3e6e21df9447ed5e734912c28fc8136252c5713f24144,ready,skip,,,KEEP,
ulu-garden,ulu-garden-11,whatToOrder,CODE,F,replace,miso gnocchi; ulu fresh rolls; rice bowl,rice rolls; nasi goreng; smoked snapper,https://drive.google.com/uc?export=download&id=13AdY5yQJPKIW98QLFA22vR8-tobmJqe3,Rice rolls. smoky chicken or tempeh,2026-09-28,72463be0054e9a9531d876b7c735c195066a4551d7f04fa378aebefcba0aea41,unclear,fail,accept,OK quote found; Nasi goreng (RICE BOWLS) and Smoked snapper (FIRE & SPICE) also present in the same PDF; folder linked from ulutribe.com,HOLD,collector status: unclear | validator: no 200 snapshot with text for this source_url (run snapshot.mjs) | quote transcribed from pdf: founder checks the file
ulu-garden,ulu-garden-12,priceBand,CODE,F,keep,$$,$$,https://drive.google.com/uc?export=download&id=13AdY5yQJPKIW98QLFA22vR8-tobmJqe3,Nasi goreng. chicken satays . eggs . vegetables .crackers . pickled cucumber . shallot lime soy,2026-09-28,72463be0054e9a9531d876b7c735c195066a4551d7f04fa378aebefcba0aea41,unclear,skip,,,KEEP,
ulu-garden,ulu-garden-13,price_anchor,DB,F,add,,"nasi goreng (rice bowl) 145K IDR; roasted chicken 195K IDR — Night Menu VF.pdf, prices in thousands IDR excl. 10% tax & 7% service, file dated Sep 15, 2025",https://drive.google.com/uc?export=download&id=13AdY5yQJPKIW98QLFA22vR8-tobmJqe3,Prices are in thousands Indonesian Rupiah. Excluding gov. taxes 10% & service 7%,2025-09-15,72463be0054e9a9531d876b7c735c195066a4551d7f04fa378aebefcba0aea41,unclear,fail,accept,"OK PDF sha matches; Nasi goreng 145 (4th of RICE BOWLS 115/145/125/145) and Roasted chicken 195 (1st of FIRE & SPICE 195/185/195/275/345) read by column position; folder lists Night Menu VF.pdf (id 13AdY5…) modified Sep 15, 2025; ulutribe.com/contact links this folder",HOLD,collector status: unclear | validator: no 200 snapshot with text for this source_url (run snapshot.mjs) | quote transcribed from pdf: founder checks the file
ulu-garden,ulu-garden-14,address,CODE,F,keep,"Jl. Pantai Padang-Padang, Pecatu","Jl. Pantai Padang-Padang, Pecatu",https://ulutribe.com/contact/,"Jl. Pantai Padang-Padang, Pecatu, Kec. Kuta Sel., Kabupaten Badung, Bali 80361",2026-09-28,0b0b51c83e4d414506a30da37aab8f544974eb6b24675adb6110945649e828d3,ready,skip,,,KEEP,
ulu-garden,ulu-garden-15,full_address,DB,F,add,,"Jl. Pantai Padang-Padang, Pecatu, Kec. Kuta Sel., Kabupaten Badung, Bali 80361",https://ulutribe.com/contact/,"Jl. Pantai Padang-Padang, Pecatu, Kec. Kuta Sel., Kabupaten Badung, Bali 80361",2026-09-28,0b0b51c83e4d414506a30da37aab8f544974eb6b24675adb6110945649e828d3,ready,pass,accept,"OK address verbatim under Location on contact page; Jl. marker, no working notes",ACCEPTED,
ulu-garden,ulu-garden-16,hours,CODE,F,add,,"{""Monday"":[""7.00am-11.00pm""],""Tuesday"":[""7.00am-11.00pm""],""Wednesday"":[""7.00am-11.00pm""],""Thursday"":[""7.00am-11.00pm""],""Friday"":[""7.00am-11.00pm""],""Saturday"":[""7.00am-11.00pm""],""Sunday"":[""7.00am-11.00pm""]}",https://ulutribe.com/contact/,"Opening Hours
Garden 7AM – 11PM",2026-09-28,0b0b51c83e4d414506a30da37aab8f544974eb6b24675adb6110945649e828d3,ready,pass,accept,"OK same evidence as ulu-garden-17: Opening Hours — Garden 7AM – 11PM; no day qualifier, read as daily",ACCEPTED,
ulu-garden,ulu-garden-17,opening_hours_json,DB,F,add,,"{""Monday"":[""7.00am-11.00pm""],""Tuesday"":[""7.00am-11.00pm""],""Wednesday"":[""7.00am-11.00pm""],""Thursday"":[""7.00am-11.00pm""],""Friday"":[""7.00am-11.00pm""],""Saturday"":[""7.00am-11.00pm""],""Sunday"":[""7.00am-11.00pm""]}",https://ulutribe.com/contact/,Garden 7AM – 11PM,2026-09-28,0b0b51c83e4d414506a30da37aab8f544974eb6b24675adb6110945649e828d3,ready,pass,accept,"OK contact page: Opening Hours — Garden 7AM – 11PM (Shop and Active have separate windows; value is the Garden's); no day qualifier on page, read as daily; page sha differs from collector's snapshot but quote unchanged",ACCEPTED,
ulu-garden,ulu-garden-18,officialUrl,BOTH,F,keep,https://ulutribe.com/ulu-garden/,https://ulutribe.com/ulu-garden/,https://ulutribe.com/ulu-garden/,ULU Garden • Restaurant and Cultural Dining Bali,2026-09-28,399aa60ffe6ecaa3fdb3e6e21df9447ed5e734912c28fc8136252c5713f24144,ready,skip,,,KEEP,
ulu-garden,ulu-garden-19,instagramUrl,BOTH,F,keep,https://www.instagram.com/ulu.garden/,https://www.instagram.com/ulu.garden/,https://ulutribe.com/ulu-garden/,You can find us on Instagram at @ulu.garden.,2026-09-28,399aa60ffe6ecaa3fdb3e6e21df9447ed5e734912c28fc8136252c5713f24144,ready,skip,,,KEEP,
ulu-garden,ulu-garden-20,bookingUrl,BOTH,F,replace,https://www.dishcult.com/restaurant/ulugarden,https://www.sevenrooms.com/reservations/ulugarden,https://www.sevenrooms.com/reservations/ulugarden,SevenRooms,2026-09-28,89c8aec830cf86d7c1f687c6bca521933ef17879d045386e65a9d5233ecd92b6,ready,pass,accept,OK ulutribe.com/contact and /ulu-garden link https://www.sevenrooms.com/reservations/ulugarden (seen in HTML); redirects to explore/ulugarden/reservations/create/search,ACCEPTED,
ulu-garden,ulu-garden-21,menuUrl,BOTH,F,add,,https://drive.google.com/drive/folders/1RjWQo9qGTmgGaSqvuJxhWXY_-_WYGxpo?usp=drive_link,https://drive.google.com/drive/folders/1RjWQo9qGTmgGaSqvuJxhWXY_-_WYGxpo?usp=drive_link,Night Menu VF.pdf,2026-09-28,283e1392d49f9a05eb218790d26c9ffc04758c890d3c8576157ae29f90629f1d,ready,pass,accept,OK Drive folder is linked from ulutribe.com/contact and /ulu-garden (seen in HTML); folder lists Night Menu VF.pdf; folder sha differs from collector's (listing changes),ACCEPTED,
ulu-garden,ulu-garden-22,phone,DB,F,add,,+6281339545241,https://ulutribe.com/contact/,ULU GARDEN +62 813 3954 52 41,2026-09-28,0b0b51c83e4d414506a30da37aab8f544974eb6b24675adb6110945649e828d3,unclear,pass,accept,OK ULU GARDEN +62 813 3954 52 41 is the Garden's own line (Shop/Active have different numbers) → +6281339545241,HOLD,collector status: unclear
ulu-garden,ulu-garden-23,coordinates,DB,F,unknown,,,,,,,not_found,fail,hold,"QUOTE_NOT_FOUND action=unknown for coordinates: no proposed value, no source, nothing to verify; field stays null",HOLD,"collector status: not_found | validator: no source_url — a row without a source is not accepted | acceptor: hold — QUOTE_NOT_FOUND action=unknown for coordinates: no proposed value, no source, nothing to verify; field stays null"
ulu-garden,ulu-garden-24,category,DB,F,keep,restaurant,restaurant,https://ulutribe.com/ulu-garden/,Restaurant and Cultural Dining Bali,2026-09-28,399aa60ffe6ecaa3fdb3e6e21df9447ed5e734912c28fc8136252c5713f24144,ready,skip,,,KEEP,
ulu-garden,ulu-garden-25,lastVerifiedAt,CODE,F,keep,2026-07-12,,,,,,ready,skip,,,KEEP,
waatu,waatu-01,name,CODE,F,keep,WAATU,WAATU,https://waatu.com/,Waatu Restaurant Bali,2026-09-28,96b69d674c502b8709153c32b80bf0080b572eb4ed6bee55dbadf7d4431fafc0,ready,skip,,,KEEP,
waatu,waatu-02,copy:verdict#1,CODE,F,keep,"Yakitori and open-flame cooking above Sundays Beach Club — everything over coals, nothing on gas.",,https://waatu.com/,"With no gas and no electricity used to cook, our food and drinks are painstakingly conceptualised and brought to life.",2026-09-28,96b69d674c502b8709153c32b80bf0080b572eb4ed6bee55dbadf7d4431fafc0,ready,skip,,,KEEP,
waatu,waatu-03,copy:whyHere#1,CODE,F,keep,"WAATU commits to one idea completely: every dish is cooked over fire — no gas, no electric burners.",,https://waatu.com/,"fire is at the heart of waatu, where everything is cooked over coals.",2026-09-28,96b69d674c502b8709153c32b80bf0080b572eb4ed6bee55dbadf7d4431fafc0,ready,skip,,,KEEP,
waatu,waatu-04,copy:whyHere#2,CODE,F,remove,"Chef James Viles runs archipelago ingredients through a yakitori lens on The Ungasan clifftop, making this the district's most distinctive serious dinner.",,https://waatu.com/,"Lachlan Budd
Head Chef",2026-09-28,96b69d674c502b8709153c32b80bf0080b572eb4ed6bee55dbadf7d4431fafc0,ready,pass,accept,REMOVAL_UNSUPPORTED waatu.com names Lachlan Budd as Head Chef; 'Viles' appears nowhere on the site — the factual core of the sentence is unsupported,MANUAL_REVIEW,acceptor: accept — REMOVAL_UNSUPPORTED waatu.com names Lachlan Budd as Head Chef; 'Viles' appears nowhere on the site — the factual core of the sentence is unsupported | removal: founder confirms every removal
waatu,waatu-05,copy:whatToExpect#1,CODE,F,replace,"A clifftop room at The Ungasan resort, skewers and larger cuts off the coals, and signatures like the wood-fired folded mortadella flatbread.","A clifftop room at The Ungasan resort, skewers and larger cuts off the coals, and a woodfired flatbread from the wood oven.",https://waatuprd.wpenginepowered.com/wp-content/uploads/2026/05/Waatu_Dinner_Menu_-_April_2026_1-1.pdf,woodfired flatbread,2026-04-01,44be233cace2b7ebc0bc552e6bb0611b752958e69fc301c9924df4e07fc3083f,unclear,pass,reject,VALUE_NOT_SUPPORTED_BY_QUOTE flatbread/wood oven/coals supported; 'clifftop room at The Ungasan resort' not on the menu or waatu.com (only the street address mentions Ungasan),HOLD,collector status: unclear | acceptor: reject — VALUE_NOT_SUPPORTED_BY_QUOTE flatbread/wood oven/coals supported; 'clifftop room at The Ungasan resort' not on the menu or waatu.com (only the street address mentions Ungasan) | quote transcribed from pdf: founder checks the file
waatu,waatu-06,copy:whatToExpect#2,CODE,F,replace,Open from 11:00 until late; sunset slots pair naturally with a beach afternoon at Sundays below.,Open from 7:30 until late; sunset slots pair naturally with a beach afternoon at Sundays below.,https://waatu.com/,OPEN 7.30 AM TIL LATE,2026-09-28,96b69d674c502b8709153c32b80bf0080b572eb4ed6bee55dbadf7d4431fafc0,ready,pass,reject,VALUE_NOT_SUPPORTED_BY_QUOTE quote supports 7.30 until late only; 'Sundays below' (Sundays Beach Club) appears nowhere on waatu.com,HOLD,acceptor: reject — VALUE_NOT_SUPPORTED_BY_QUOTE quote supports 7.30 until late only; 'Sundays below' (Sundays Beach Club) appears nowhere on waatu.com
waatu,waatu-07,copy:whatToExpect#3,CODE,F,keep,Reserve through the venue's own page.,,https://waatu.com/,reserve table,2026-09-28,96b69d674c502b8709153c32b80bf0080b572eb4ed6bee55dbadf7d4431fafc0,ready,skip,,,KEEP,
waatu,waatu-08,bestFor,CODE,O,keep,date nights; special occasions; food-led travellers,,,,,,ready,skip,,,KEEP,
waatu,waatu-09,notFor,CODE,O,keep,picky-eater group compromise dinners,,,,,,ready,skip,,,KEEP,
waatu,waatu-10,whatToOrder,CODE,F,replace,fire-cooked local produce; yakitori,yakitori; woodfired flatbread; rice bowls,https://waatuprd.wpenginepowered.com/wp-content/uploads/2026/05/Waatu_Dinner_Menu_-_April_2026_1-1.pdf,YAKITORI / KUSHIYAKI,2026-04-01,44be233cace2b7ebc0bc552e6bb0611b752958e69fc301c9924df4e07fc3083f,unclear,pass,accept,"OK YAKITORI / KUSHIYAKI, woodfired flatbread (fl ligature in PDF) and RICE BOWLS all in the April PDF and in the current July 2026 dinner PDF linked from waatu.com",HOLD,collector status: unclear | quote transcribed from pdf: founder checks the file
waatu,waatu-11,priceBand,CODE,F,keep,$$$,$$$,https://waatuprd.wpenginepowered.com/wp-content/uploads/2026/05/Waatu_Dinner_Menu_-_April_2026_1-1.pdf,sichuan pork chop + tamarind + picked daikon 400,2026-04-01,44be233cace2b7ebc0bc552e6bb0611b752958e69fc301c9924df4e07fc3083f,ready,skip,,,KEEP,
waatu,waatu-12,price_anchor,DB,F,add,,"bbq market fish 350K IDR; wagyu beef yakitori 85K IDR — Waatu dinner menu April 2026, prices in thousands IDR subject to 21% tax & service",https://waatuprd.wpenginepowered.com/wp-content/uploads/2026/05/Waatu_Dinner_Menu_-_April_2026_1-1.pdf,Prices are in thousands of Indonesian Rupiah and subject to 21% government tax & service,2026-04-01,44be233cace2b7ebc0bc552e6bb0611b752958e69fc301c9924df4e07fc3083f,unclear,pass,hold,"BOUND_FAIL April 2026 menu is superseded: waatu.com now links the July 2026 dinner PDF; bbq market fish 350 persists in July, wagyu beef yakitori 85 confirmed only in April (July price column order unreadable in extraction) — re-anchor to the July PDF",HOLD,"collector status: unclear | acceptor: hold — BOUND_FAIL April 2026 menu is superseded: waatu.com now links the July 2026 dinner PDF; bbq market fish 350 persists in July, wagyu beef yakitori 85 confirmed only in April (July price column order unreadable in extraction) — re-anchor to the July PDF | quote transcribed from pdf: founder checks the file"
waatu,waatu-13,address,CODE,F,keep,"The Ungasan Clifftop Resort, Jl. Pantai Selatan Gau, Ungasan","The Ungasan Clifftop Resort, Jl. Pantai Selatan Gau, Ungasan",https://waatu.com/,"find us here Jl. Pantai Sel. Gau, Ungasan, Kec. Kuta Sel., Kabupaten Badung, Bali 80362, Indonesia",2026-09-28,96b69d674c502b8709153c32b80bf0080b572eb4ed6bee55dbadf7d4431fafc0,ready,skip,,,KEEP,
waatu,waatu-14,full_address,DB,F,add,,"Jl. Pantai Sel. Gau, Ungasan, Kec. Kuta Sel., Kabupaten Badung, Bali 80362",https://waatu.com/,"Jl. Pantai Sel. Gau, Ungasan, Kec. Kuta Sel., Kabupaten Badung, Bali 80362, Indonesia",2026-09-28,96b69d674c502b8709153c32b80bf0080b572eb4ed6bee55dbadf7d4431fafc0,ready,pass,accept,"OK address verbatim in footer 'find us here'; Jl. marker, no working notes",ACCEPTED,
waatu,waatu-15,hours,CODE,F,add,,Daily 7.30am until late,https://waatu.com/,OPEN 7.30 AM TIL LATE,2026-09-28,96b69d674c502b8709153c32b80bf0080b572eb4ed6bee55dbadf7d4431fafc0,ready,pass,accept,"OK OPEN 7.30 AM TIL LATE on waatu.com; no day qualifier on page, read as daily; 'until late' free-text form allowed",ACCEPTED,
waatu,waatu-16,opening_hours_json,DB,F,add,,Daily 7.30am until late,https://waatu.com/,OPEN 7.30 AM TIL LATE,2026-09-28,96b69d674c502b8709153c32b80bf0080b572eb4ed6bee55dbadf7d4431fafc0,ready,pass,accept,"OK same evidence as waatu-15: OPEN 7.30 AM TIL LATE; no day qualifier, read as daily",ACCEPTED,
waatu,waatu-17,officialUrl,BOTH,F,keep,https://waatu.com/,https://waatu.com/,https://waatu.com/,Yakitori & Open Flame Grill Restaurant - Waatu Bali,2026-09-28,96b69d674c502b8709153c32b80bf0080b572eb4ed6bee55dbadf7d4431fafc0,ready,skip,,,KEEP,
waatu,waatu-18,instagramUrl,BOTH,F,keep,https://www.instagram.com/waatu.bali/,https://www.instagram.com/waatu.bali/,https://waatu.com/,social,2026-09-28,96b69d674c502b8709153c32b80bf0080b572eb4ed6bee55dbadf7d4431fafc0,unclear,skip,,,KEEP,
waatu,waatu-19,bookingUrl,BOTH,F,replace,https://waatubali.com/reservations/,https://www.sevenrooms.com/explore/waatu/reservations/create/search,https://www.sevenrooms.com/explore/waatu/reservations/create/search/landing,SevenRooms,2026-09-28,89c8aec830cf86d7c1f687c6bca521933ef17879d045386e65a9d5233ecd92b6,ready,pass,accept,OK waatu.com 'reserve table' links sevenrooms.com/explore/waatu/reservations/create/search and /landing (seen in HTML),ACCEPTED,
waatu,waatu-20,menuUrl,BOTH,F,add,,https://waatuprd.wpenginepowered.com/wp-content/uploads/2026/07/Waatu-Dinner-Menu-July-2026.pdf,https://waatu.com/,"view our menus
subject to change
Breakfast
View Menu
Lunch
View Menu
Dinner
View Menu",2026-09-28,96b69d674c502b8709153c32b80bf0080b572eb4ed6bee55dbadf7d4431fafc0,ready,pass,accept,OK Dinner 'View Menu' on waatu.com links the July 2026 dinner PDF (seen in HTML); PDF fetched 200,ACCEPTED,
waatu,waatu-21,phone,DB,F,add,,+6281138306286,https://waatu.com/,,2026-09-28,96b69d674c502b8709153c32b80bf0080b572eb4ed6bee55dbadf7d4431fafc0,unclear,fail,hold,QUOTE_NOT_FOUND claim carries no quote; +62 811 3830 6286 appears in waatu.com HTML (tel link) but not in visible text — resubmit with a quote or the link as evidence,HOLD,collector status: unclear | validator: no quote | acceptor: hold — QUOTE_NOT_FOUND claim carries no quote; +62 811 3830 6286 appears in waatu.com HTML (tel link) but not in visible text — resubmit with a quote or the link as evidence
waatu,waatu-22,coordinates,DB,F,unknown,,,,,,,not_found,fail,hold,"QUOTE_NOT_FOUND action=unknown for coordinates: no proposed value, no source, nothing to verify; field stays null",HOLD,"collector status: not_found | validator: no source_url — a row without a source is not accepted | acceptor: hold — QUOTE_NOT_FOUND action=unknown for coordinates: no proposed value, no source, nothing to verify; field stays null"
waatu,waatu-23,category,DB,F,keep,restaurant,restaurant,https://waatu.com/,Yakitori & Open Flame Grill Restaurant,2026-09-28,96b69d674c502b8709153c32b80bf0080b572eb4ed6bee55dbadf7d4431fafc0,ready,skip,,,KEEP,
waatu,waatu-24,lastVerifiedAt,CODE,F,keep,2026-07-12,,,,,,ready,skip,,,KEEP,
white-rock-beach-club,white-rock-beach-club-01,name,CODE,F,keep,White Rock Beach Club,White Rock Beach Club,https://whiterockbali.com/,Welcome to White Rock Beach Club,2026-09-28,a0c60ae03729af3e274d33c0e8344c9d062abf183c03c5cae367c34bad336112,ready,skip,,,KEEP,
white-rock-beach-club,white-rock-beach-club-02,copy:verdict#1,CODE,F,keep,"The big-format beachfront club on Melasti — pools, daybeds and a stage, directly on one of Bali's whitest beaches.",,https://whiterockbali.com/faqs/,White Rock is located at the end of a dramatic cliff at Melasti Beach,2026-09-28,711bdb9930f15131947fd6193ffea6222ac9c13d7d8e0a0641c0e0a8f9c3a05e,unclear,skip,,,KEEP,
white-rock-beach-club,white-rock-beach-club-03,copy:whyHere#1,CODE,Q,remove,"Melasti's cliff amphitheatre is the south Bukit's most dramatic beach, and White Rock is the largest way to spend a whole day on it: infinity pools, rows of daybeds, dining decks and a proper events stage, day into night.",,,,,,ready,pass,hold,"NOT_A_SOURCE_FACT editorial sentence; official pages support Melasti Beach and daybeds/suites, but infinity pools, dining decks and an events stage are not in the fetched text — founder decides",HOLD,"acceptor: hold — NOT_A_SOURCE_FACT editorial sentence; official pages support Melasti Beach and daybeds/suites, but infinity pools, dining decks and an events stage are not in the fetched text — founder decides | removal: founder confirms every removal"
white-rock-beach-club,white-rock-beach-club-04,copy:whatToExpect#1,CODE,E,keep,A large venue that absorbs groups easily.,,https://whiterockbali.com/faqs/,"The restaurant at White Rock is a large, covered structure.",2026-09-28,711bdb9930f15131947fd6193ffea6222ac9c13d7d8e0a0641c0e0a8f9c3a05e,unclear,skip,,,KEEP,
white-rock-beach-club,white-rock-beach-club-05,copy:whatToExpect#2,CODE,F,keep,Daybeds and suites work on a minimum-spend model credited to food and drink.,,https://whiterockbali.com/faqs/,The minimum spend is a credit toward your food and beverage during your visit,2026-09-28,711bdb9930f15131947fd6193ffea6222ac9c13d7d8e0a0641c0e0a8f9c3a05e,ready,skip,,,KEEP,
white-rock-beach-club,white-rock-beach-club-06,copy:whatToExpect#3,CODE,E,keep,"The beach in front is white sand under high cliffs; the drive in comes down the carved Melasti cliff road, worth the trip on its own.",,,,,,unclear,skip,,,KEEP,
white-rock-beach-club,white-rock-beach-club-07,copy:practicalNote#1,CODE,F,keep,"On Melasti Beach on the south side of the peninsula — a real drive from the west cliffs, so plan it as its own half-day.",,https://whiterockbali.com/faqs/,"Melasti Beach, Ungasan Uluwatu Bali",2026-09-28,711bdb9930f15131947fd6193ffea6222ac9c13d7d8e0a0641c0e0a8f9c3a05e,ready,skip,,,KEEP,
white-rock-beach-club,white-rock-beach-club-08,copy:reservations#1,CODE,F,keep,Reserve daybeds and suites via the club's booking site.,,https://whiterockbali.com/faqs/,We highly recommend to book through our official website www.whiterockbali.com,2026-09-28,711bdb9930f15131947fd6193ffea6222ac9c13d7d8e0a0641c0e0a8f9c3a05e,ready,skip,,,KEEP,
white-rock-beach-club,white-rock-beach-club-09,bestFor,CODE,O,keep,group beach days; families with mixed ages; event nights,,https://whiterockbali.com/faqs/,Yes! White Rock is a family-friendly destination. We offer a dedicated kids’ pool and a curated kids’ menu,2026-09-28,711bdb9930f15131947fd6193ffea6222ac9c13d7d8e0a0641c0e0a8f9c3a05e,ready,skip,,,KEEP,
white-rock-beach-club,white-rock-beach-club-10,notFor,CODE,O,keep,"travellers after a small, quiet cove",,,,,,ready,skip,,,KEEP,
white-rock-beach-club,white-rock-beach-club-11,whatToOrder,CODE,F,unknown,,,,,,,not_found,fail,hold,"QUOTE_NOT_FOUND action=unknown for whatToOrder: no proposed value, no source, nothing to verify; field stays null",HOLD,"collector status: not_found | validator: no source_url — a row without a source is not accepted | acceptor: hold — QUOTE_NOT_FOUND action=unknown for whatToOrder: no proposed value, no source, nothing to verify; field stays null"
white-rock-beach-club,white-rock-beach-club-12,priceBand,CODE,F,unknown,,,,,,,not_found,fail,hold,"QUOTE_NOT_FOUND action=unknown for priceBand: no proposed value, no source, nothing to verify; field stays null",HOLD,"collector status: not_found | validator: no source_url — a row without a source is not accepted | acceptor: hold — QUOTE_NOT_FOUND action=unknown for priceBand: no proposed value, no source, nothing to verify; field stays null"
white-rock-beach-club,white-rock-beach-club-13,price_anchor,DB,F,add,,"single sofa (2 pax) min. spend IDR 500K++; single bed (2 pax) min. spend IDR 2,000K++ — whiterockbali.com, 2026-09-28",https://whiterockbali.com/,"SINGLE SOFA (2 pax)
MIN. SPEND IDR 500K++",2026-09-28,a0c60ae03729af3e274d33c0e8344c9d062abf183c03c5cae367c34bad336112,ready,pass,accept,"OK SINGLE SOFA (2 pax) MIN. SPEND IDR 500K++ and SINGLE BED (2 pax) MIN. SPEND IDR 2,000K++ both on whiterockbali.com; dated; values are minimum spends, not menu prices",ACCEPTED,
white-rock-beach-club,white-rock-beach-club-14,address,CODE,F,keep,"Pantai Melasti, Ungasan","Pantai Melasti, Ungasan",https://whiterockbali.com/,"Location
Melasti Beach
Ungasan 80361
Bali – Indonesia",2026-09-28,a0c60ae03729af3e274d33c0e8344c9d062abf183c03c5cae367c34bad336112,unclear,skip,,,KEEP,
white-rock-beach-club,white-rock-beach-club-15,full_address,DB,F,unknown,,,,,,,not_found,fail,hold,"QUOTE_NOT_FOUND action=unknown for full_address: no proposed value, no source, nothing to verify; field stays null",HOLD,"collector status: not_found | validator: no source_url — a row without a source is not accepted | acceptor: hold — QUOTE_NOT_FOUND action=unknown for full_address: no proposed value, no source, nothing to verify; field stays null"
white-rock-beach-club,white-rock-beach-club-16,hours,CODE,F,add,,"{""Monday"":[""10.00am-9.00pm""],""Tuesday"":[""10.00am-9.00pm""],""Wednesday"":[""10.00am-9.00pm""],""Thursday"":[""10.00am-9.00pm""],""Friday"":[""10.00am-9.00pm""],""Saturday"":[""10.00am-9.00pm""],""Sunday"":[""10.00am-9.00pm""]}",https://whiterockbali.com/,OPEN DAILY: 10AM UNTIL 9PM (FREE ENTRANCE),2026-09-28,a0c60ae03729af3e274d33c0e8344c9d062abf183c03c5cae367c34bad336112,unclear,pass,accept,OK OPEN DAILY: 10AM UNTIL 9PM (FREE ENTRANCE) on whiterockbali.com; beach-club window plausible; page sha differs from collector's but quote unchanged,HOLD,collector status: unclear
white-rock-beach-club,white-rock-beach-club-17,opening_hours_json,DB,F,add,,"{""Monday"":[""10.00am-9.00pm""],""Tuesday"":[""10.00am-9.00pm""],""Wednesday"":[""10.00am-9.00pm""],""Thursday"":[""10.00am-9.00pm""],""Friday"":[""10.00am-9.00pm""],""Saturday"":[""10.00am-9.00pm""],""Sunday"":[""10.00am-9.00pm""]}",https://whiterockbali.com/,OPEN DAILY: 10AM UNTIL 9PM (FREE ENTRANCE),2026-09-28,a0c60ae03729af3e274d33c0e8344c9d062abf183c03c5cae367c34bad336112,unclear,pass,accept,OK same evidence as -16: OPEN DAILY: 10AM UNTIL 9PM,HOLD,collector status: unclear
white-rock-beach-club,white-rock-beach-club-18,officialUrl,BOTH,F,keep,https://whiterockbali.com/,https://whiterockbali.com/,https://whiterockbali.com/,White Rock Beachfront Club,2026-09-28,a0c60ae03729af3e274d33c0e8344c9d062abf183c03c5cae367c34bad336112,ready,skip,,,KEEP,
white-rock-beach-club,white-rock-beach-club-19,instagramUrl,BOTH,F,keep,https://www.instagram.com/whiterockbeachclub/,https://www.instagram.com/whiterockbeachclub/,https://whiterockbali.com/,Instagram,2026-09-28,a0c60ae03729af3e274d33c0e8344c9d062abf183c03c5cae367c34bad336112,unclear,skip,,,KEEP,
white-rock-beach-club,white-rock-beach-club-20,bookingUrl,BOTH,F,keep,https://bookings.whiterockbali.com/,https://bookings.whiterockbali.com/,https://bookings.whiterockbali.com/,Choose Date - White Rock Beach Club,2026-09-28,a6fdcd9cd0f8490ac492cf8bc0fb209b6b0db78758e3485aecda4bd8ca4043ef,ready,skip,,,KEEP,
white-rock-beach-club,white-rock-beach-club-21,menuUrl,BOTH,F,add,,https://whiterockbali.com/menu/,https://whiterockbali.com/menu/,"FOOD MENU
DRINKS MENU
SHISHA MENU",2026-09-28,c9f6df1ef8183aeb736799e5f83663f2bdd4d81eca100e032d61155bd6a25ed9,ready,pass,accept,OK FOOD MENU / DRINKS MENU / SHISHA MENU on whiterockbali.com/menu/,ACCEPTED,
white-rock-beach-club,white-rock-beach-club-22,phone,DB,F,add,,+628113803003,https://whiterockbali.com/,[+62] 811 3803 003,2026-09-28,a0c60ae03729af3e274d33c0e8344c9d062abf183c03c5cae367c34bad336112,ready,pass,accept,OK [+62] 811 3803 003 on whiterockbali.com → +628113803003; single venue,ACCEPTED,
white-rock-beach-club,white-rock-beach-club-23,coordinates,DB,F,unknown,,,,,,,not_found,fail,hold,"QUOTE_NOT_FOUND action=unknown for coordinates: no proposed value, no source, nothing to verify; field stays null",HOLD,"collector status: not_found | validator: no source_url — a row without a source is not accepted | acceptor: hold — QUOTE_NOT_FOUND action=unknown for coordinates: no proposed value, no source, nothing to verify; field stays null"
white-rock-beach-club,white-rock-beach-club-24,category,DB,F,keep,beach_club,beach_club,https://whiterockbali.com/,White Rock Beachfront Club,2026-09-28,a0c60ae03729af3e274d33c0e8344c9d062abf183c03c5cae367c34bad336112,ready,skip,,,KEEP,
white-rock-beach-club,white-rock-beach-club-25,lastVerifiedAt,CODE,F,keep,2026-07-12,,,,,,ready,skip,,,KEEP,
yuki-uluwatu,yuki-uluwatu-01,name,CODE,F,keep,YUKI Uluwatu,YUKI Uluwatu,https://www.yuki-bali.com/uluwatu,YUKI Uluwatu is a modern Japanese izakaya,2026-09-28,03c37a297c43210e76b379f42ac77fcf9c4d3b27de166efaad6d99cf2c4fd3d8,ready,skip,,,KEEP,
yuki-uluwatu,yuki-uluwatu-02,copy:verdict#1,CODE,F,keep,"Modern Japanese izakaya on the Labuan Sait clifftop road — sharing plates, wagyu sando and real dinner energy.",,https://www.yuki-bali.com/uluwatu,YUKI Uluwatu is a modern Japanese izakaya that seamlessly blends traditional Japanese flavours with locally sourced Balinese ingredients.,2026-09-28,03c37a297c43210e76b379f42ac77fcf9c4d3b27de166efaad6d99cf2c4fd3d8,ready,skip,,,KEEP,
yuki-uluwatu,yuki-uluwatu-03,copy:whyHere#1,CODE,F,keep,"YUKI brought its Canggu izakaya formula to the Bukit and it landed: a design-forward room, communal sharing plates and a bar programme that keeps tables loud in the right way.",,https://www.yuki-bali.com/ulu-reservations,"As we operate in traditional izakaya style,
the majority of our tables are sharing tables.",2026-09-28,f50a0e4fc12e22f655ffd3931508428fd3fce8401dc10a4a51d665679d9bd00e,unclear,skip,,,KEEP,
yuki-uluwatu,yuki-uluwatu-04,copy:whyHere#2,CODE,O,keep,"When the group can't agree, torched maki settles it.",,https://www.yuki-bali.com/menu,PRAWN TEMPURA MAKI ROLL,2026-09-28,e16efa17a5e50af18a322bd531c02b6a016fbe02c130665de72e64a7bb94b692,unclear,skip,,,KEEP,
yuki-uluwatu,yuki-uluwatu-05,copy:whatToExpect#1,CODE,F,keep,"Sharing-format modern Japanese — sashimi, robata, the wagyu sando — open daily from 11:00 until late.",,https://www.yuki-bali.com/ulu-reservations,OPEN 11AM - LATE 7 DAYS WEEK,2026-09-28,f50a0e4fc12e22f655ffd3931508428fd3fce8401dc10a4a51d665679d9bd00e,ready,skip,,,KEEP,
yuki-uluwatu,yuki-uluwatu-06,copy:whatToExpect#2,CODE,E,keep,"The room leans social: bigger tables, music, occasion energy.",,,,,,unclear,skip,,,KEEP,
yuki-uluwatu,yuki-uluwatu-07,copy:whatToExpect#3,CODE,F,keep,WhatsApp reservations are the fastest route on busy nights.,,https://www.yuki-bali.com/ulu-reservations,"please contact the reservations team via WhatsApp on
+62 811 3960 8557 to book your table",2026-09-28,f50a0e4fc12e22f655ffd3931508428fd3fce8401dc10a4a51d665679d9bd00e,unclear,skip,,,KEEP,
yuki-uluwatu,yuki-uluwatu-08,copy:practicalNote#1,CODE,F,keep,"On Jl. Labuan Sait, Pecatu — minutes from the Uluwatu breaks.",,https://www.yuki-bali.com/ulu-reservations,"Jl Labuansait, Pecatu, Kec. Kuta Selatan, Kabupaten Badung, Bali, Indonesia",2026-09-28,f50a0e4fc12e22f655ffd3931508428fd3fce8401dc10a4a51d665679d9bd00e,ready,skip,,,KEEP,
yuki-uluwatu,yuki-uluwatu-09,copy:reservations#1,CODE,F,keep,Reserve via the official page or WhatsApp — weekends fill.,,https://www.yuki-bali.com/ulu-reservations,"MAKE A RESERVATION
Please note:
You are booking for YUKI ULUWATU.",2026-09-28,f50a0e4fc12e22f655ffd3931508428fd3fce8401dc10a4a51d665679d9bd00e,ready,skip,,,KEEP,
yuki-uluwatu,yuki-uluwatu-10,bestFor,CODE,O,keep,group dinners that need momentum; date nights; special occasions,,,,,,ready,skip,,,KEEP,
yuki-uluwatu,yuki-uluwatu-11,notFor,CODE,O,keep,"a silent, slow tasting-menu evening",,,,,,ready,skip,,,KEEP,
yuki-uluwatu,yuki-uluwatu-12,whatToOrder,CODE,F,replace,wagyu sando; tuna tartare; charcoal grill plates,wagyu beef sando; prawn tempura maki roll; yakitori,https://www.yuki-bali.com/menu,WAGYU BEEF SANDO,2026-09-28,e16efa17a5e50af18a322bd531c02b6a016fbe02c130665de72e64a7bb94b692,ready,pass,reject,VALUE_NOT_SUPPORTED_BY_QUOTE WAGYU BEEF SANDO and PRAWN TEMPURA MAKI ROLL are on yuki-bali.com/menu; 'yakitori' appears nowhere on the page; menu page is shared by Canggu and Uluwatu,HOLD,acceptor: reject — VALUE_NOT_SUPPORTED_BY_QUOTE WAGYU BEEF SANDO and PRAWN TEMPURA MAKI ROLL are on yuki-bali.com/menu; 'yakitori' appears nowhere on the page; menu page is shared by Canggu and Uluwatu
yuki-uluwatu,yuki-uluwatu-13,priceBand,CODE,F,keep,$$$,$$$,,,,,unclear,skip,,,KEEP,
yuki-uluwatu,yuki-uluwatu-14,price_anchor,DB,F,unknown,,,,,,,not_found,fail,hold,"QUOTE_NOT_FOUND action=unknown for price_anchor: no proposed value, no source, nothing to verify; field stays null",HOLD,"collector status: not_found | validator: no source_url — a row without a source is not accepted | acceptor: hold — QUOTE_NOT_FOUND action=unknown for price_anchor: no proposed value, no source, nothing to verify; field stays null"
yuki-uluwatu,yuki-uluwatu-15,address,CODE,F,keep,"Jl. Labuansait, Pecatu","Jl. Labuansait, Pecatu",https://www.yuki-bali.com/ulu-reservations,"Jl Labuansait, Pecatu, Kec. Kuta Selatan, Kabupaten Badung, Bali, Indonesia",2026-09-28,f50a0e4fc12e22f655ffd3931508428fd3fce8401dc10a4a51d665679d9bd00e,ready,skip,,,KEEP,
yuki-uluwatu,yuki-uluwatu-16,full_address,DB,F,add,,"Jl. Labuansait, Pecatu, Kec. Kuta Selatan, Kabupaten Badung, Bali",https://www.yuki-bali.com/ulu-reservations,"Jl Labuansait, Pecatu, Kec. Kuta Selatan, Kabupaten Badung, Bali, Indonesia",2026-09-28,f50a0e4fc12e22f655ffd3931508428fd3fce8401dc10a4a51d665679d9bd00e,ready,pass,accept,"OK address verbatim under the ULUWATU block on the Uluwatu reservations page; Jl marker, no working notes",ACCEPTED,
yuki-uluwatu,yuki-uluwatu-17,hours,CODE,F,keep,Daily from 11:00 until late,Daily 11.00am until late,https://www.yuki-bali.com/ulu-reservations,OPEN 11AM - LATE 7 DAYS WEEK,2026-09-28,f50a0e4fc12e22f655ffd3931508428fd3fce8401dc10a4a51d665679d9bd00e,ready,skip,,,KEEP,
yuki-uluwatu,yuki-uluwatu-18,opening_hours_json,DB,F,add,,Daily 11.00am until late,https://www.yuki-bali.com/ulu-reservations,OPEN 11AM - LATE 7 DAYS WEEK,2026-09-28,f50a0e4fc12e22f655ffd3931508428fd3fce8401dc10a4a51d665679d9bd00e,ready,pass,accept,"OK OPEN 11AM - LATE 7 DAYS WEEK directly under the Uluwatu block ('You are booking for YUKI ULUWATU', +62 811 3960 8557); 'until late' free-text form allowed",ACCEPTED,
yuki-uluwatu,yuki-uluwatu-19,officialUrl,BOTH,F,keep,https://www.yuki-bali.com/uluwatu,https://www.yuki-bali.com/uluwatu,https://www.yuki-bali.com/uluwatu,YUKI | Modern Japanese Restaurant Uluwatu,2026-09-28,03c37a297c43210e76b379f42ac77fcf9c4d3b27de166efaad6d99cf2c4fd3d8,ready,skip,,,KEEP,
yuki-uluwatu,yuki-uluwatu-20,instagramUrl,BOTH,F,keep,https://www.instagram.com/yukibali_/,https://www.instagram.com/yukibali_/,,,,,unclear,skip,,,KEEP,
yuki-uluwatu,yuki-uluwatu-21,bookingUrl,BOTH,F,keep,https://www.yuki-bali.com/ulu-reservations,https://www.yuki-bali.com/ulu-reservations,https://www.yuki-bali.com/ulu-reservations,Uluwatu Reservations | YUKI,2026-09-28,f50a0e4fc12e22f655ffd3931508428fd3fce8401dc10a4a51d665679d9bd00e,ready,skip,,,KEEP,
yuki-uluwatu,yuki-uluwatu-22,menuUrl,BOTH,F,keep,https://www.yuki-bali.com/menu,https://www.yuki-bali.com/menu,https://www.yuki-bali.com/menu,MENU | Yuki,2026-09-28,e16efa17a5e50af18a322bd531c02b6a016fbe02c130665de72e64a7bb94b692,ready,skip,,,KEEP,
yuki-uluwatu,yuki-uluwatu-23,phone,DB,F,add,,+6281139608557,https://www.yuki-bali.com/ulu-reservations,"ULUWATU
Location
53MV+5H5",2026-09-28,f50a0e4fc12e22f655ffd3931508428fd3fce8401dc10a4a51d665679d9bd00e,ready,pass,hold,VALUE_NOT_SUPPORTED_BY_QUOTE quote (ULUWATU / Location / 53MV+5H5) contains no phone; the page does list +62 811-3960-8557 under ULUWATU (Canggu is …8556) — resubmit with that line as the quote,HOLD,acceptor: hold — VALUE_NOT_SUPPORTED_BY_QUOTE quote (ULUWATU / Location / 53MV+5H5) contains no phone; the page does list +62 811-3960-8557 under ULUWATU (Canggu is …8556) — resubmit with that line as the quote
yuki-uluwatu,yuki-uluwatu-24,coordinates,DB,F,unknown,,,,,,,not_found,fail,hold,"QUOTE_NOT_FOUND action=unknown for coordinates: no proposed value, no source, nothing to verify; field stays null",HOLD,"collector status: not_found | validator: no source_url — a row without a source is not accepted | acceptor: hold — QUOTE_NOT_FOUND action=unknown for coordinates: no proposed value, no source, nothing to verify; field stays null"
yuki-uluwatu,yuki-uluwatu-25,category,DB,F,keep,restaurant,restaurant,https://www.yuki-bali.com/uluwatu,Modern Japanese Restaurant Uluwatu,2026-09-28,03c37a297c43210e76b379f42ac77fcf9c4d3b27de166efaad6d99cf2c4fd3d8,ready,skip,,,KEEP,
yuki-uluwatu,yuki-uluwatu-26,lastVerifiedAt,CODE,F,keep,2026-07-12,,,,,,ready,skip,,,KEEP,
zali-uluwatu,zali-uluwatu-01,name,CODE,F,keep,ZALI Uluwatu,ZALI Uluwatu,https://www.zalirestaurant.com/branches,Bali - Uluwatu,2026-09-28,21dd71e8db9c11280ecc57f310dead2b44854aff41f615abdd2efc7e92115418,ready,skip,,,KEEP,
zali-uluwatu,zali-uluwatu-02,copy:verdict#1,CODE,F,keep,Family-run Lebanese on the Suluban road — sharing feasts that work as well for kids as for a table of eight.,,https://www.zalirestaurant.com/,"it is the story of a mother’s love for her children and the belief that
sharing food is sharing stories",2026-09-28,beb781e194ab9455e5e2f59850d3b40da28a1b69662b860232e5c2a2a64741c2,unclear,skip,,,KEEP,
zali-uluwatu,zali-uluwatu-03,copy:whyHere#1,CODE,F,keep,"The Bukit's dinner scene skews steak-and-sushi; ZALI widens it with an actual Lebanese kitchen — a native Lebanese chef, mezze spreads and grilled plates built for passing around.",,https://www.zalirestaurant.com/,"Zali is an ode to Beirut: its colors, flavors and culture",2026-09-28,beb781e194ab9455e5e2f59850d3b40da28a1b69662b860232e5c2a2a64741c2,unclear,skip,,,KEEP,
zali-uluwatu,zali-uluwatu-04,copy:whyHere#2,CODE,O,keep,It is one of the few upscale-casual rooms here that genuinely fits families.,,https://www.zalirestaurant.com/menu/bali,KIDS MENU,2026-09-28,5ee3465d20178a34591f260635b2d6187ebaeafcb8ea0fab6fa82577a036da61,unclear,skip,,,KEEP,
zali-uluwatu,zali-uluwatu-05,copy:whatToExpect#1,CODE,F,keep,"A modern Levantine menu (hummus and mezze through samke harra), generous portions and a room that tolerates real conversation.",,https://www.zalirestaurant.com/menu/bali,"BREAKFAST
LUNCH & DINNER
SET MENU
DESSERT",2026-09-28,5ee3465d20178a34591f260635b2d6187ebaeafcb8ea0fab6fa82577a036da61,unclear,skip,,,KEEP,
zali-uluwatu,zali-uluwatu-06,copy:whatToExpect#2,CODE,F,keep,Multi-branch family business — the Uluwatu branch sits on Jl. Pantai Labuan Sait near Suluban.,,https://www.zalirestaurant.com/branches,Happily welcoming you in our 3 locations.,2026-09-28,21dd71e8db9c11280ecc57f310dead2b44854aff41f615abdd2efc7e92115418,unclear,skip,,,KEEP,
zali-uluwatu,zali-uluwatu-07,copy:practicalNote#1,CODE,F,keep,"Jl. Pantai Labuan Sait, Suluban, Pecatu.",,,,,,unclear,skip,,,KEEP,
zali-uluwatu,zali-uluwatu-08,copy:reservations#1,CODE,F,keep,Contact the restaurant for reservations and larger groups.,,https://www.zalirestaurant.com/,"For reservations, big groups or special events
please contact the restaurant.",2026-09-28,beb781e194ab9455e5e2f59850d3b40da28a1b69662b860232e5c2a2a64741c2,ready,skip,,,KEEP,
zali-uluwatu,zali-uluwatu-09,bestFor,CODE,O,keep,group dinners over shared plates; early family dinners; date nights that need warmth over show,,,,,,ready,skip,,,KEEP,
zali-uluwatu,zali-uluwatu-10,notFor,CODE,O,keep,solo bar-seat dining,,,,,,ready,skip,,,KEEP,
zali-uluwatu,zali-uluwatu-11,whatToOrder,CODE,F,keep,samke harra,samke harra,https://www.zalirestaurant.com/menu/bali,,2026-09-28,5ee3465d20178a34591f260635b2d6187ebaeafcb8ea0fab6fa82577a036da61,unclear,skip,,,KEEP,
zali-uluwatu,zali-uluwatu-12,priceBand,CODE,F,unknown,,,,,,,not_found,fail,hold,"QUOTE_NOT_FOUND action=unknown for priceBand: no proposed value, no source, nothing to verify; field stays null",HOLD,"collector status: not_found | validator: no source_url — a row without a source is not accepted | acceptor: hold — QUOTE_NOT_FOUND action=unknown for priceBand: no proposed value, no source, nothing to verify; field stays null"
zali-uluwatu,zali-uluwatu-13,price_anchor,DB,F,unknown,,,,,,,not_found,fail,hold,"QUOTE_NOT_FOUND action=unknown for price_anchor: no proposed value, no source, nothing to verify; field stays null",HOLD,"collector status: not_found | validator: no source_url — a row without a source is not accepted | acceptor: hold — QUOTE_NOT_FOUND action=unknown for price_anchor: no proposed value, no source, nothing to verify; field stays null"
zali-uluwatu,zali-uluwatu-14,address,CODE,F,keep,"Jl. Pantai Labuan Sait, Suluban, Pecatu","Jl. Pantai Labuan Sait, Suluban, Pecatu",,,,,unclear,skip,,,KEEP,
zali-uluwatu,zali-uluwatu-15,full_address,DB,F,unknown,,,,,,,not_found,fail,hold,"QUOTE_NOT_FOUND action=unknown for full_address: no proposed value, no source, nothing to verify; field stays null",HOLD,"collector status: not_found | validator: no source_url — a row without a source is not accepted | acceptor: hold — QUOTE_NOT_FOUND action=unknown for full_address: no proposed value, no source, nothing to verify; field stays null"
zali-uluwatu,zali-uluwatu-16,hours,CODE,F,replace,"Mo 08:00-23:30, Tu 08:00-23:30, We 08:00-23:30, Th 08:00-23:30, Fr 08:00-23:30, Sa 08:00-23:30, Su 08:00-23:30","{""Monday"":[""8.00am-23.59pm""],""Tuesday"":[""8.00am-23.59pm""],""Wednesday"":[""8.00am-23.59pm""],""Thursday"":[""8.00am-23.59pm""],""Friday"":[""8.00am-23.59pm""],""Saturday"":[""8.00am-23.59pm""],""Sunday"":[""8.00am-23.59pm""]}",https://www.zalirestaurant.com/,"Uluwatu
+62 877 7813 7273
Everyday 8:00AM &ndash; 12:00AM",2026-09-28,beb781e194ab9455e5e2f59850d3b40da28a1b69662b860232e5c2a2a64741c2,ready,pass,accept,"OK zalirestaurant.com lists 'Uluwatu / +62 877 7813 7273 / Everyday 8:00AM &ndash; 12:00AM' (entity literal in text); 12:00AM = midnight, truncated to 23:59 per midnight rule; span written '8.00am-23.59pm' parses as 08:00–23:59 but '8.00am-11.59pm' is the cleaner form",ACCEPTED,
zali-uluwatu,zali-uluwatu-17,opening_hours_json,DB,F,replace,"Mo 08:00-23:30, Tu 08:00-23:30, We 08:00-23:30, Th 08:00-23:30, Fr 08:00-23:30, Sa 08:00-23:30, Su 08:00-23:30","{""Monday"":[""8.00am-23.59pm""],""Tuesday"":[""8.00am-23.59pm""],""Wednesday"":[""8.00am-23.59pm""],""Thursday"":[""8.00am-23.59pm""],""Friday"":[""8.00am-23.59pm""],""Saturday"":[""8.00am-23.59pm""],""Sunday"":[""8.00am-23.59pm""]}",https://www.zalirestaurant.com/,"Uluwatu
+62 877 7813 7273
Everyday 8:00AM &ndash; 12:00AM",2026-09-28,beb781e194ab9455e5e2f59850d3b40da28a1b69662b860232e5c2a2a64741c2,ready,pass,accept,OK same evidence as zali-uluwatu-16; branch named (Uluwatu) in the quote,ACCEPTED,
zali-uluwatu,zali-uluwatu-18,officialUrl,BOTH,F,keep,https://www.zalirestaurant.com/,https://www.zalirestaurant.com/,https://www.zalirestaurant.com/,ZALI | Lebanese Restaurant Bali,2026-09-28,beb781e194ab9455e5e2f59850d3b40da28a1b69662b860232e5c2a2a64741c2,ready,skip,,,KEEP,
zali-uluwatu,zali-uluwatu-19,instagramUrl,BOTH,F,keep,https://www.instagram.com/zali.inbali/,https://www.instagram.com/zali.inbali/,,,,,unclear,skip,,,KEEP,
zali-uluwatu,zali-uluwatu-20,bookingUrl,BOTH,F,unknown,,,,,,,not_found,fail,hold,"QUOTE_NOT_FOUND action=unknown for bookingUrl: no proposed value, no source, nothing to verify; field stays null",HOLD,"collector status: not_found | validator: no source_url — a row without a source is not accepted | acceptor: hold — QUOTE_NOT_FOUND action=unknown for bookingUrl: no proposed value, no source, nothing to verify; field stays null"
zali-uluwatu,zali-uluwatu-21,menuUrl,BOTH,F,keep,https://www.zalirestaurant.com/menu/bali,https://www.zalirestaurant.com/menu/bali,https://www.zalirestaurant.com/menu/bali,"BREAKFAST
LUNCH & DINNER
SET MENU
DESSERT
MOUNEH
KIDS MENU
HAPPY HOUR
DRINKS",2026-09-28,5ee3465d20178a34591f260635b2d6187ebaeafcb8ea0fab6fa82577a036da61,ready,skip,,,KEEP,
zali-uluwatu,zali-uluwatu-22,phone,DB,F,keep,+62 877-7813-7273,+6287778137273,https://www.zalirestaurant.com/,"Uluwatu
+62 877 7813 7273",2026-09-28,beb781e194ab9455e5e2f59850d3b40da28a1b69662b860232e5c2a2a64741c2,ready,skip,,,KEEP,
zali-uluwatu,zali-uluwatu-23,coordinates,DB,F,unknown,"{""lat"":-8.8168586,""lng"":115.0941454}",,,,,,not_found,fail,hold,"QUOTE_NOT_FOUND action=unknown for coordinates: no proposed value, no source, nothing to verify; field stays null",HOLD,"collector status: not_found | validator: no source_url — a row without a source is not accepted | acceptor: hold — QUOTE_NOT_FOUND action=unknown for coordinates: no proposed value, no source, nothing to verify; field stays null"
zali-uluwatu,zali-uluwatu-24,category,DB,F,keep,restaurant,restaurant,https://www.zalirestaurant.com/,Lebanese Restaurant Bali,2026-09-28,beb781e194ab9455e5e2f59850d3b40da28a1b69662b860232e5c2a2a64741c2,ready,skip,,,KEEP,
zali-uluwatu,zali-uluwatu-25,lastVerifiedAt,CODE,F,keep,2026-07-12,,,,,,ready,skip,,,KEEP,
