file,path,line,verdict,problems,before,after,lint_before,lint_after,warns
lib/guides.ts,GUIDES[0].description,61,PASS,,"A resident-curated Bali travel guide: how long to go and when, where to stay, how to get around, what to do, and where to eat — the whole trip, planned by area.","A resident-curated Bali travel guide, planned by area. How long to go and when, where to stay, how to get around, what to do and where to eat.",A4 A7,,
lib/guides.ts,GUIDES[1].description,68,PASS,,"Canggu, Seminyak, Uluwatu, Ubud or Sanur? How Bali's five first-timer areas actually differ — and how to pick the right base for your first trip.","How Bali's five first-timer areas (Canggu, Seminyak, Uluwatu, Ubud and Sanur) actually differ, and how to pick the right base for your first trip.",A4 A6,,
lib/guides.ts,GUIDES[2].description,77,PASS,,"Bali's best beach clubs by area — clifftop sunsets in Uluwatu, the Seminyak classics, Canggu's Echo Beach line-up, and calm family options in the south.","Bali's best beach clubs by area: clifftop sunsets in Uluwatu, the Seminyak classics, Canggu's Echo Beach line-up and calm family options in the south.",A4,,
lib/guides.ts,GUIDES[3].description,86,PASS,,"Where to find serious coffee in Bali — the roasters and specialty cafés across Canggu, Seminyak, Ubud and Uluwatu that treat coffee as the craft.","Where to find specialty coffee in Bali: the roasters and cafés across Canggu, Seminyak, Ubud and Uluwatu that treat coffee as the craft.",A4 A10,,
lib/guides.ts,GUIDES[4].description,94,PASS,,"Bali's best spas and wellness by area — Ubud's healing centres, the Seminyak spa strip, Canggu recovery, and calm coastal treatments. Sorted by district.","Bali's best spas and wellness by area: Ubud's healing centres, the Seminyak spa strip, Canggu recovery and calm coastal treatments. Sorted by district.",A4,,
lib/guides.ts,GUIDES[5].description,101,PASS,,"The best sunset spots in Bali by area — Uluwatu's clifftop bars, the Seminyak and Canggu beach clubs, and calm-bay options in the south. Where to be at golden hour.","Bali's best sunset spots by area: Uluwatu's clifftop bars, Seminyak and Canggu beach clubs, and calm-bay options in the south. Where to be at golden hour.",A4,,
lib/guides.ts,GUIDES[6].description,108,PASS,,"Where to eat cheap, authentic local food in Bali — the warungs and babi guling stalls we rate, district by district, from Canggu and Ubud to the south.","Where to eat cheap local food in Bali. The warungs and babi guling stalls we rate, district by district, from Canggu and Ubud to the south.",A4 A7,,
lib/guides.ts,GUIDES[7].description,115,PASS,,"Bali's best restaurants by area — Canggu's buzzy dinner scene, Seminyak fine dining, Ubud's jungle-view tables, Jimbaran seafood and clifftop Uluwatu. Sorted by district.","Bali's best restaurants by area: Canggu's dinner scene, Seminyak fine dining, Ubud's jungle-view tables, Jimbaran seafood and clifftop Uluwatu.",A4,,
lib/guides.ts,GUIDES[8].description,122,PASS,,"Bali's best cafés by area — Canggu's laptop-friendly brunch and specialty coffee, Ubud's health-food spots, Seminyak all-day cafés and clifftop Uluwatu. Sorted by district.","Bali's best cafés by area: Canggu's laptop-friendly brunch and specialty coffee, Ubud's health-food spots, Seminyak all-day cafés and clifftop Uluwatu.",A4,,
lib/guides.ts,GUIDES[9].description,129,PASS,,"The best things to do in Bali, sorted by what you want: the island icons (temples, volcanoes, waterfalls and Nusa Penida) and what to do in each area, from Ubud's rice terraces to Uluwatu's cliffs.","The best things to do in Bali, by what you want. Temples, volcanoes, waterfalls and Nusa Penida, then each area, from Ubud's rice terraces to Uluwatu's cliffs.",A7,,
lib/guides.ts,GUIDES[10].description,137,PASS,,"Yes — Bali is broadly safe for tourists. The real risks are mundane and preventable: scooters, rip currents, stomach bugs and petty scams. Here's how to handle each.","Yes, Bali is broadly safe for tourists. The real risks are mundane and preventable: scooters, rip currents, stomach bugs and petty scams. How to handle each.",A1 A4,,
lib/guides.ts,GUIDES[10].lede,138,PASS,,"Yes — Bali is broadly safe for mainstream travel, and no major government rates it a danger zone. The honest picture is that the real risks are ordinary and largely preventable — rented scooters, rip currents, stomach bugs, dodgy drinks and petty scams — not terrorism or violent crime. Handle those few things well and Bali is as safe as most popular holiday destinations.","Yes, Bali is broadly safe for mainstream travel, and no major government rates it a danger zone. The real risks are not terrorism or violent crime. They are ordinary and largely preventable: rented scooters, rip currents, stomach bugs, dodgy drinks and petty scams. Handle those few things well and Bali is as safe as most popular holiday destinations.",A4 A7,,
lib/guides.ts,GUIDES[10].sections[0].paras[0],143,PASS,,"Traffic accidents — overwhelmingly on rented scooters — are the number-one cause of tourist injury and death in Bali. This is the risk to take seriously, not crime.","Traffic accidents, overwhelmingly on rented scooters, are the number-one cause of tourist injury and death in Bali. This is the risk to take seriously, not crime.",A4,,
lib/guides.ts,GUIDES[10].sections[0].paras[1],144,PASS,,"You legally need your home licence plus an International Driving Permit that carries the motorcycle (Class A) endorsement — a car-only IDP doesn't cover even a 110cc scooter. Helmets are mandatory. Critically, most travel-insurance policies void your medical cover if you ride without the correct licence or a helmet, which can leave you personally liable for a very large hospital bill.",You legally need your home licence plus an International Driving Permit with the motorcycle (Class A) endorsement. A car-only IDP doesn't cover even a 110cc scooter. Helmets are mandatory. Most travel-insurance policies void your medical cover if you ride without the correct licence or a helmet. That can leave you personally liable for a large hospital bill.,A3 A7 A7,,POLARITY:large
lib/guides.ts,GUIDES[10].sections[0].paras[2],145,PASS,,"Get the motorcycle-endorsed IDP before you fly, always wear the helmet, and confirm in writing that your insurer covers motorbikes. If you're not a confident rider, use Grab, Gojek or a private driver instead — it's cheap and removes the single biggest danger.","Get the motorcycle-endorsed IDP before you fly and confirm in writing that your insurer covers motorbikes. Always wear the helmet. If you're not a confident rider, use Grab, Gojek or a private driver instead. It's cheap and removes the single biggest danger.",A4 A5,,
lib/guides.ts,GUIDES[10].sections[1].paras[0],151,PASS,,"Bali's west and south coasts — Kuta, Legian, Echo Beach and the Uluwatu stretch — have year-round surf and permanent rip currents that catch swimmers every year, often at unpatrolled beaches. Calmer, family-friendly swimming is on the east and south-east: Sanur, Nusa Dua's protected bay, and Jimbaran Bay.","Bali's west and south coasts (Kuta, Legian, Echo Beach and the Uluwatu stretch) have year-round surf and permanent rip currents. They catch swimmers every year, often at unpatrolled beaches. Calmer, family-friendly swimming is on the east and south-east: Sanur, Nusa Dua's protected bay, and Jimbaran Bay.",A4 A5 A7,A5,
lib/guides.ts,GUIDES[10].sections[1].paras[1],152,PASS,,"Patrolled beaches use Balawista lifeguards and a flag system: swim only between the red-and-yellow flags, and never when a red flag is flying. If you're caught in a rip, don't fight it — stay calm, float, and swim parallel to the beach to escape the channel before heading in.","Patrolled beaches use Balawista lifeguards and a flag system: swim only between the red-and-yellow flags, and never when a red flag is flying. If you're caught in a rip, don't fight it. Stay calm, float, and swim parallel to the beach to escape the channel before heading in.",A4,,
lib/guides.ts,GUIDES[10].sections[2].paras[0],158,PASS,,"""Bali belly"" — traveller's diarrhoea — is the most common traveller ailment, usually from tap water, ice or undercooked food. Bali tap water isn't safe to drink: use sealed bottled or filtered water (including for brushing teeth), skip ice unless you know it's from purified water, and favour freshly cooked, hot, busy-kitchen food.","""Bali belly"" (traveller's diarrhoea) is the most common traveller ailment, usually from tap water, ice or undercooked food. Bali tap water isn't safe to drink. Use sealed bottled or filtered water, including for brushing teeth. Skip ice unless you know it's from purified water, and favour freshly cooked, hot, busy-kitchen food.",A4 A7,,
lib/guides.ts,GUIDES[10].sections[2].paras[1],159,PASS,,"Rabies is present in Bali, carried mainly by stray dogs; the monkeys at Ubud's Monkey Forest and Uluwatu Temple also bite and scratch. Don't touch or feed stray animals. A bite or scratch is a time-critical emergency — wash it with soap under running water for about 15 minutes and get to a clinic (BIMC, Siloam) the same day for post-exposure treatment, which works well when started promptly.","Rabies is present in Bali, carried mainly by stray dogs; the monkeys at Ubud's Monkey Forest and Uluwatu Temple also bite and scratch. Don't touch or feed stray animals. A bite or scratch is a time-critical emergency. Wash it with soap under running water for about 15 minutes and get to a clinic (BIMC, Siloam) the same day for post-exposure treatment. It works well when started promptly.",A7,,
lib/guides.ts,GUIDES[10].sections[2].paras[2],160,PASS,,"Dengue fever is endemic, worst in the rainy season, and its mosquitoes bite by day — use a DEET or picaridin repellent and cover up at dawn and dusk. Malaria is essentially not a risk in Bali's tourist areas, so antimalarial tablets aren't normally recommended for a standard Bali trip.","Dengue fever is endemic, worst in the rainy season, and its mosquitoes bite by day. Use a DEET or picaridin repellent and cover up at dawn and dusk. Malaria is essentially not a risk in Bali's tourist areas, so antimalarial tablets aren't normally recommended for a standard Bali trip.",A4 A7,,
lib/guides.ts,GUIDES[10].sections[3].paras[0],166,PASS,,"This is a documented, occasionally fatal risk rather than a myth: bootleg local spirits (arak) and very cheap ""free-pour"" cocktails have been contaminated with methanol, which can blind or kill, and there have been tourist deaths on record.","This is a documented, occasionally fatal risk rather than a myth. Bootleg local spirits (arak) and cheap ""free-pour"" cocktails have been contaminated with methanol, which can blind or kill. There have been tourist deaths on record.",A3 A7,,
lib/guides.ts,GUIDES[10].sections[3].paras[1],167,PASS,,"The rule is simple: stick to sealed, reputable-brand bottles and cans with intact seals, and be wary of unusually cheap cocktails, free arak shots and drinks from unlicensed sellers. Severe next-day illness or blurred vision after drinking warrants immediate hospital care.","The rule is simple: stick to sealed bottles and cans from reputable brands, with intact seals. Be wary of unusually cheap cocktails, free arak shots and drinks from unlicensed sellers. Severe next-day illness or blurred vision after drinking warrants immediate hospital care.",A5 A7,,
lib/guides.ts,GUIDES[10].sections[4].paras[0],173,PASS,,"Crime against tourists is mostly petty and opportunistic, not violent. The usual scams: money-changers short-changing you (use authorised changers with a posted licence, not ""amazing rate"" street booths, and count the cash yourself before leaving); ATM skimming (use machines inside bank branches); bag-snatching by passing scooters (carry bags on the side away from the road); and inflated taxi fares (use the Grab or Gojek apps, or metered Bluebird).","Crime against tourists is mostly petty and opportunistic, not violent. The usual scams are money-changers short-changing you, ATM skimming, bag-snatching by passing scooters and inflated taxi fares. With changers, use authorised ones with a posted licence, not ""amazing rate"" street booths, and count the cash yourself before leaving. Use ATMs inside bank branches. Carry bags on the side away from the road. Book taxis through the Grab or Gojek apps, or use metered Bluebird.",A7,,
lib/guides.ts,GUIDES[10].sections[4].paras[1],174,PASS,,"The classic scooter-rental trick is an invented ""damage"" claim on return. Before you ride off, film a slow, narrated video of every panel, mirror and the seat compartment — it ends the argument instantly.","The classic scooter-rental trick is an invented ""damage"" claim on return. Before you ride off, film a slow, narrated video of every panel, mirror and the seat compartment. It ends the argument instantly.",A4,,
lib/guides.ts,GUIDES[10].sections[5].paras[0],180,PASS,,"Bali sits on the Ring of Fire, so earthquakes and volcanic activity are routine and tsunami risk is low but real (coastal areas have evacuation signage). Bali's own Mount Agung has been calm recently, but volcanoes elsewhere in the region periodically send ash over the flight paths and cancel Bali flights — which is a safety measure, not an over-reaction.","Bali sits on the Ring of Fire, so earthquakes and volcanic activity are routine. Tsunami risk is low but real, and coastal areas have evacuation signage. Bali's own Mount Agung has been calm recently. But volcanoes elsewhere in the region periodically send ash over the flight paths and cancel Bali flights. That's a safety measure, not an over-reaction.",A7 A7,,
lib/guides.ts,GUIDES[10].sections[5].paras[1],181,PASS,,"Volcano status changes fast, so check the live alert level on Indonesia's official MAGMA Indonesia service before you travel, and build a buffer day into tight flight connections during any eruption period.","Volcano status changes fast, so check the live alert level on Indonesia's official MAGMA Indonesia service before you travel. During any eruption period, build a buffer day into tight flight connections.",A7,,
lib/guides.ts,GUIDES[10].sections[6].paras[0],187,PASS,,"Bali is a very popular and generally safe destination for solo and female travellers with standard precautions. The honest caveats: reports of sexual assault are relatively high in Bali and Lombok, and drink-spiking has been reported around nightlife — so vigilance at bars and clubs matters.","Bali is a generally safe destination for solo and female travellers with standard precautions. Still, reports of sexual assault are relatively high in Bali and Lombok. Drink-spiking has been reported around nightlife, so vigilance at bars and clubs matters.",A3 A4 A7,,
lib/guides.ts,GUIDES[10].sections[6].paras[1],188,PASS,,"Watch your drink being made or choose sealed bottles, never leave it unattended, avoid solo scooter rides on unlit roads late at night, and dress modestly at temples. These are the same precautions you'd take in any busy nightlife destination.","Watch your drink being made or choose sealed bottles, and never leave it unattended. Avoid solo scooter rides on unlit roads late at night, and dress modestly at temples. These are the same precautions you'd take in any busy nightlife destination.",A7,,POLARITY:late
lib/guides.ts,GUIDES[10].sections[7].paras[0],194,PASS,,"Drugs are genuinely zero-tolerance: Indonesia imposes long prison terms for even small amounts, and serious trafficking can carry life imprisonment or the death penalty, with no exemption for foreigners. Decline entirely — nothing is worth the risk.","Indonesia's drug laws are zero-tolerance. Even small amounts bring long prison terms, and major trafficking can carry life imprisonment or the death penalty. There is no exemption for foreigners. Decline entirely. Nothing is worth the risk.",A3 A4 A7 A10,,NEW_TERM:laws
lib/guides.ts,GUIDES[10].sections[7].paras[1],195,PASS,,"Indonesia's new criminal code (in force from January 2026) was widely misreported. It technically restricts sex outside marriage and unmarried cohabitation, but these are complaint-based offences that can only be acted on if a close family member files a formal complaint, and the government has confirmed there are no marital-status checks at hotels. Ordinary couples sharing a room are not the target.","Indonesia's new criminal code (in force from January 2026) was widely misreported. It technically restricts sex outside marriage and unmarried cohabitation, but these are complaint-based offences. They can only be acted on if a close family member files a formal complaint. The government has confirmed there are no marital-status checks at hotels. Ordinary couples sharing a room are not the target.",A7,,
lib/guides.ts,GUIDES[10].sections[8].paras[0],202,PASS,,"Indonesia's emergency number is 112. Bali has good private hospitals used to foreign patients — BIMC and Siloam — but treatment, and especially medical evacuation, are expensive without cover: an evacuation can run into tens of thousands of dollars.","Indonesia's emergency number is 112. Bali has good private hospitals used to foreign patients (BIMC and Siloam). Treatment, and especially medical evacuation, is expensive without cover: an evacuation can run into tens of thousands of dollars.",A4 A7,,
lib/guides.ts,GUIDES[10].sections[8].paras[1],203,PASS,,"This is why comprehensive travel insurance is non-negotiable. Buy a policy that explicitly covers scooter use (with a valid licence) and medical evacuation with a high limit, and save your insurer's 24-hour assistance line and the hospital numbers in your phone before you need them.",This is why comprehensive travel insurance is non-negotiable. Buy a policy that explicitly covers scooter use (with a valid licence) and medical evacuation with a high limit. Save your insurer's 24-hour assistance line and the hospital numbers in your phone before you need them.,A7,,
lib/guides.ts,GUIDES[10].faq[0].a,208,PASS,,"Broadly, yes. Major government advisories keep Indonesia in the middle ""exercise increased/high caution"" band — the same as many popular destinations — rather than a ""do not travel"" rating, and Bali specifically has no blanket warning. Check your own government's page and any live volcano status the week you fly.","Broadly, yes. Major government advisories keep Indonesia in the middle ""exercise increased/high caution"" band, the same as many popular destinations, rather than a ""do not travel"" rating. Bali specifically has no blanket warning. Check your own government's page and any live volcano status the week you fly.",A4 A7,,POLARITY:popular
lib/guides.ts,GUIDES[10].faq[2].a,210,PASS,,"Yes, it's a popular and generally safe solo destination with standard precautions. Be alert around nightlife (drink-spiking has been reported), avoid solo night scooter rides on dark roads, and dress modestly at temples.","Yes, it's a generally safe solo destination with standard precautions. Be alert around nightlife (drink-spiking has been reported), avoid solo night scooter rides on dark roads, and dress modestly at temples.",,,
lib/guides.ts,GUIDES[10].faq[3].a,211,PASS,,"No — tap water isn't safe to drink. Use sealed bottled or filtered water (including for brushing teeth), avoid ice of uncertain source, and eat freshly cooked hot food to avoid ""Bali belly.""","No, tap water isn't safe to drink. Use sealed bottled or filtered water (including for brushing teeth), avoid ice of uncertain source, and eat freshly cooked hot food to avoid ""Bali belly.""",A4,,
lib/guides.ts,GUIDES[10].faq[4].a,212,PASS,,"Not for a standard Bali trip — the tourist areas are considered malaria-free. Dengue is present, though, so focus on daytime mosquito-bite prevention with repellent and covering up at dawn and dusk.","Not for a standard Bali trip: the tourist areas are considered malaria-free. Dengue is present, though, so focus on daytime mosquito-bite prevention with repellent and covering up at dawn and dusk.",A4,,
lib/guides.ts,GUIDES[10].faq[5].a,213,PASS,,"In practice, no. The 2026 criminal code's cohabitation and extramarital-sex provisions are complaint-based — only actionable if a close family member formally complains — and officials have confirmed there are no marital-status checks at hotels. Ordinary couples sharing a room are not the target.","In practice, no. The 2026 criminal code's cohabitation and extramarital-sex provisions are complaint-based: they're only actionable if a close family member formally complains. Officials have confirmed there are no marital-status checks at hotels. Ordinary couples sharing a room are not the target.",A4 A7,,
lib/guides.ts,GUIDES[11].description,228,PASS,,"How to visit Nusa Penida from Bali — the fast boat from Sanur, the west-coast loop (Kelingking, Angel's Billabong), the quieter east, snorkelling with mantas, and whether to day-trip or stay overnight.","Nusa Penida from Bali as a day trip or overnight: the Sanur fast boat, the west-coast loop (Kelingking, Angel's Billabong), the quieter east and mantas.",A4 A7,,
lib/guides.ts,GUIDES[11].lede,229,PASS,,"You can do Nusa Penida as a day trip from Bali — it's a 30–45 minute fast boat from Sanur — and most people do. The honest catch is that it's a long, rushed day on rough roads, so you realistically see one side of the island. If you can spare a night, staying over is the single biggest upgrade: you split the island east and west, and you get the big sights near-empty once the day-trippers leave.","You can do Nusa Penida as a day trip from Bali, and most people do. It's a 30–45 minute fast boat from Sanur. But it's a long, rushed day on rough roads, so you realistically see one side of the island. If you can spare a night, staying over is the single biggest upgrade. You split the island east and west, and you get the big sights near-empty once the day-trippers leave.",A1 A4 A7,,
lib/guides.ts,GUIDES[11].sections[0].paras[0],234,PASS,,"Sanur is the main gateway. Since late 2022 most boats leave from the government-built Sanur Harbour on Jl. Matahari Terbit — a proper terminal with indoor check-in and a dry pier, not the old wade-through-the-surf boarding. The crossing is roughly 30–45 minutes, and fast boats run frequently from early morning (around 6.30–7.30am) to a last boat around 5pm.","Sanur is the main gateway. Since late 2022 most boats leave from the government-built Sanur Harbour on Jl. Matahari Terbit. It's a terminal with indoor check-in and a dry pier, not the old wade-through-the-surf boarding. The crossing is roughly 30–45 minutes, and fast boats run frequently from early morning (around 6.30–7.30am) to a last boat around 5pm.",A7 A10,,
lib/guides.ts,GUIDES[11].sections[0].paras[1],235,PASS,,"If you're staying in east Bali, Kusamba is an alternative departure point with a slightly shorter crossing. Book online ahead — especially the first morning boat and in peak season — and arrive at least 30 minutes before departure to swap your voucher for a boarding pass. Exact times vary by operator, so check your own boat's timetable.","If you're staying in east Bali, Kusamba is an alternative departure point with a slightly shorter crossing. Book online ahead, especially for the first morning boat and in peak season. Arrive at least 30 minutes before departure to swap your voucher for a boarding pass. Exact times vary by operator, so check your own boat's timetable.",A4 A7,,
lib/guides.ts,GUIDES[11].sections[1].paras[0],241,PASS,,"A day trip works, but be realistic: ferry check-in, waiting for your group, potholed roads that turn short distances into 40-minute drives, and photo queues at Kelingking all eat the clock. In one day you comfortably see one side of the island — usually the west.","A day trip works, but be realistic. Ferry check-in, waiting for your group, potholed roads that turn short distances into 40-minute drives, and photo queues at Kelingking all eat the clock. In one day you comfortably see one side of the island, usually the west.",A4 A7,,
lib/guides.ts,GUIDES[11].sections[1].paras[1],242,PASS,,"An overnight changes the trip entirely. You cover the west one day and the east the other, fit in a snorkel, and — the real prize — reach the headline sites in the late afternoon and early morning, after the day boats have gone and before they arrive.","An overnight changes the trip entirely. You cover the west one day and the east the other, with a snorkel fitted in. And you reach the headline sites in the late afternoon and early morning, after the day boats have gone and before they arrive.",A4 A7,,
lib/guides.ts,GUIDES[11].sections[2].paras[0],248,PASS,,"The west and south-west cluster is closest to the harbour and makes a natural single-day loop. Kelingking Beach is the famous ""T-Rex"" cliff — the viewpoint is a short walk, but the descent to the sand is steep, strenuous and optional, and swimming at the beach is forbidden because the currents are deadly.","The west and south-west cluster is closest to the harbour and makes a natural single-day loop. Kelingking Beach is the ""T-Rex"" cliff. The viewpoint is a short walk, but the descent to the sand is steep, strenuous and optional. Swimming at the beach is forbidden because the currents are deadly.",A7,,
lib/guides.ts,GUIDES[11].sections[2].paras[1],249,PASS,,"Angel's Billabong is a natural infinity tidal pool that is only safe at low tide — never enter on a rising or high tide, as rogue waves have swept people out to sea here. Broken Beach (Pasih Uug) next door is a photogenic rock-arch cove, but a viewpoint rather than a swim. Crystal Bay is the calm, palm-lined west-side beach for a swim, a snorkel and the sunset.","Angel's Billabong is a natural infinity tidal pool that is only safe at low tide. Never enter on a rising or high tide: rogue waves have swept people out to sea here. Broken Beach (Pasih Uug) next door is a photogenic rock-arch cove, but a viewpoint rather than a swim. Crystal Bay is the calm, palm-lined west-side beach for a swim, a snorkel and the sunset.",A7,,
lib/guides.ts,GUIDES[11].sections[3].paras[1],256,PASS,,"Nearby, the Thousand Islands viewpoint (Raja Lima) looks out over scattered islets and the famous cliffside tree house, and the rolling Teletubbies Hills are named for their resemblance to the children's show. The stairways down to the beaches are a real climb in the heat — do them earlier and carry water.","Nearby, the Thousand Islands viewpoint (Raja Lima) looks out over scattered islets and the cliffside tree house. The rolling Teletubbies Hills are named for their resemblance to the children's show. The stairways down to the beaches are a real climb in the heat, so do them earlier and carry water.",A7,,
lib/guides.ts,GUIDES[11].sections[4].paras[0],262,PASS,,"Manta rays are a genuine headline draw, and snorkelling with them is a common half-day boat trip, usually stopping at three or four spots — Manta Point or Manta Bay, Crystal Bay and Gamat Bay among them, depending on the day's water. Mantas are present at the cleaning stations essentially year-round, so there's no strictly wrong season, though sightings are very likely rather than guaranteed.","Snorkelling with manta rays is a common half-day boat trip. It usually stops at three or four spots, depending on the day's water. Manta Point or Manta Bay, Crystal Bay and Gamat Bay are among them. Mantas are present at the cleaning stations essentially year-round, so there's no strictly wrong season. Sightings are likely rather than guaranteed.",A3 A5 A7,,
lib/guides.ts,GUIDES[11].sections[4].paras[1],263,PASS,,"Manta Point water is often colder and choppier than the calmer bays, so a rash guard helps and seasickness precautions are worth taking if you're prone.","Manta Point water is often colder and choppier than the calmer bays. A rash guard helps, and seasickness precautions are worth taking if you're prone.",A7,,
lib/guides.ts,GUIDES[11].sections[5].paras[0],269,PASS,,"The roads are genuinely rough in places — potholes, steep descents and sections barely wide enough for two vehicles — though some main routes have been resurfaced. There is no Grab, Gojek or taxi network on the island.","The roads are rough in places: potholes, steep descents and sections barely wide enough for two vehicles. Some main routes have been resurfaced. There is no Grab or Gojek on the island, and no taxi network.",A3 A4 A5,,
lib/guides.ts,GUIDES[11].sections[5].paras[1],270,PASS,,"For most visitors the clear choice is a hired car with a driver or an organised tour, not a self-drive scooter day: the descents to beaches like Kelingking are steep enough to overwhelm scooter brakes. Arrange your driver or tour before you arrive, expect parking bottlenecks at Kelingking, and start at the far or less-crowded stop first to stay ahead of the crowd.","For most visitors the clear choice is a hired car with a driver or an organised tour, not a self-drive scooter day. The descents to beaches like Kelingking are steep enough to overwhelm scooter brakes. Arrange your driver or tour before you arrive, and expect parking bottlenecks at Kelingking. Start at the far or less-crowded stop first to stay ahead of the crowd.",A7 A7,,
lib/guides.ts,GUIDES[11].sections[6].paras[0],276,PASS,,"Wear proper closed shoes for the steep stairs and rocky terrain, and carry flip-flops for the beach. Bring plenty of cash — ATMs are few, often don't take foreign cards and frequently run empty, so withdraw on mainland Bali before you cross.","Wear closed shoes for the steep stairs and rocky terrain, and carry flip-flops for the beach. Bring plenty of cash. ATMs are few, often don't take foreign cards and frequently run empty, so withdraw on mainland Bali before you cross.",A4 A10,,
lib/guides.ts,GUIDES[11].sections[6].paras[1],277,PASS,,"Pack high-SPF reef-safe sunscreen and water, start on the first morning boat to maximise daylight and beat the crowds, and take the water safety seriously: only enter Angel's Billabong at low tide, obey the no-swimming signs at Kelingking, and check ocean conditions before getting in anywhere. The channel crossing can be choppy, so bring motion-sickness medication if you're susceptible.","Pack high-SPF reef-safe sunscreen and water, and start on the first morning boat to maximise daylight and beat the crowds. Take the water safety seriously. Only enter Angel's Billabong at low tide, obey the no-swimming signs at Kelingking, and check ocean conditions before getting in anywhere. The channel crossing can be choppy, so bring motion-sickness medication if you're susceptible.",A7,,
lib/guides.ts,GUIDES[11].sections[7].paras[0],283,PASS,,"One day is realistic for one side (usually the west) or a snorkel plus a couple of sights — doable but rushed. Two days with a night on the island is the sweet spot: west one day, east the other, with a snorkel fitted in and far fewer crowds.","One day is realistic for one side (usually the west) or a snorkel plus a couple of sights. It's doable but rushed. Two days with a night on the island works well. Do the west one day and the east the other, with a snorkel fitted in and far fewer crowds.",A1 A4 A7,,
lib/guides.ts,GUIDES[11].sections[8].paras[0],290,PASS,,"Sanur is easiest — it's the main departure harbour, so a day trip from here loses the least time to transfers. Seminyak and Kuta work fine with enough buffer before the boat. Nusa Dua and Jimbaran are workable depending on which port your boat uses.","Sanur is easiest. It's the main departure harbour, so a day trip from here loses the least time to transfers. Seminyak and Kuta work fine with enough buffer before the boat. Nusa Dua and Jimbaran are workable depending on which port your boat uses.",A4,,
lib/guides.ts,GUIDES[11].sections[8].paras[1],291,PASS,,"Canggu needs more caution during heavy traffic to Sanur; Ubud, Uluwatu, Amed and Lovina are the furthest from the harbour and make an already-long day longer — an overnight on the island is worth considering from any of these.","Canggu needs more caution during heavy traffic to Sanur. Ubud, Uluwatu, Amed and Lovina are the furthest from the harbour and make an already-long day longer. From any of these, an overnight on the island is worth considering.",A4 A7,,
lib/guides.ts,GUIDES[11].faq[0].a,302,PASS,,"Yes — it's a 30–45 minute fast boat from Sanur, and a day trip is what most people do. But it's a long, rushed day on rough roads, so you'll realistically see just one side (usually the west). An overnight lets you see both sides comfortably and avoid the crowds.","Yes. It's a 30–45 minute fast boat from Sanur, and a day trip is what most people do. But it's a long, rushed day on rough roads, so you'll realistically see just one side (usually the west). An overnight lets you see both sides comfortably and avoid the crowds.",A4,,
lib/guides.ts,GUIDES[11].faq[2].a,304,PASS,,"For one side of the island, yes. Trying to combine the west (Kelingking, Angel's Billabong) and the east (Diamond, Atuh) in a single day means spending most of it in the car on rough roads. Pick one side, or stay a night.","For one side of the island, yes. Combining the west (Kelingking, Angel's Billabong) and the east (Diamond, Atuh) in one day means spending most of it in the car on rough roads. Pick one side, or stay a night.",A7,,
lib/guides.ts,GUIDES[11].faq[3].a,305,PASS,,"At some, not others. Swimming is forbidden at Kelingking (deadly currents), and Angel's Billabong is only safe to enter at low tide — never on a rising tide, where people have been swept out. Crystal Bay is the calm, swimmable west-side beach.","At some, not others. Swimming is forbidden at Kelingking (deadly currents). Angel's Billabong is only safe to enter at low tide. Never go in on a rising tide: people have been swept out there. Crystal Bay is the calm, swimmable west-side beach.",A4 A7,,
lib/guides.ts,GUIDES[11].faq[4].a,306,PASS,,"Only if you're a confident, experienced rider — the roads are rough and the descents to the beaches are steep enough to overwhelm scooter brakes. For most visitors a hired driver or an organised tour is the safer, easier choice, and there's no Grab or taxi network on the island.","Only if you're a confident, experienced rider. The roads are rough and the descents to the beaches are steep enough to overwhelm scooter brakes. For most visitors a hired driver or an organised tour is the safer, easier choice, and there's no Grab or taxi network on the island.",A4,,
lib/guides.ts,GUIDES[11].faq[5].a,307,PASS,,"Yes — snorkelling with manta rays is a popular half-day boat trip, with mantas present at the cleaning stations essentially year-round. Sightings are very likely but never guaranteed.","Yes. Snorkelling with manta rays is a common half-day boat trip, and mantas are present at the cleaning stations essentially year-round. Sightings are likely but never guaranteed.",A3 A4,,
lib/guides.ts,GUIDES[11].faq[6].a,308,PASS,,"Yes — bring plenty. ATMs are few, often don't accept foreign cards and frequently run empty, and most tours, rentals and eateries are cash-only. Withdraw on mainland Bali before you cross.","Yes, bring plenty. ATMs are few, often don't accept foreign cards and frequently run empty, and most tours, rentals and eateries are cash-only. Withdraw on mainland Bali before you cross.",A4,,
lib/guides.ts,GUIDES[13].lede,371,PASS,,"Three days in Bali is short, so the winning move is restraint: choose one base, keep each day to one main area, and avoid pretending you can see the whole island. This plan gives you a soft landing, one culture or nature day, and one coast/sunset day without turning the trip into traffic.","Three days in Bali is short, so plan with restraint. Choose one base, keep each day to one main area, and don't pretend you can see the whole island. This plan gives you a soft landing, one culture or nature day, and one coast/sunset day without turning the trip into traffic.",A7,,
lib/guides.ts,GUIDES[13].sections[0].paras[0],376,PASS,,"Pick a base that matches the trip: Canggu or Seminyak for food and sunset, Ubud for jungle and culture, Sanur for a calmer family start, or Uluwatu for cliffs and surf.",Pick a base that matches the trip. Canggu or Seminyak for food and sunset; Ubud for jungle and culture; Sanur for a calmer family start; Uluwatu for cliffs and surf.,A5 A7,,
lib/guides.ts,GUIDES[13].sections[1].paras[0],383,PASS,,"If you are based inland, make this the rice terrace, temple, waterfall or workshop day. If you are based on the coast, book one driver-led Ubud or Bukit day instead of trying to stitch three districts together.","If you are based inland, make this the rice terrace, temple, waterfall or workshop day. If you are based on the coast, book one driver-led day in Ubud or the Bukit instead of trying to stitch three districts together.",A5,,
lib/guides.ts,GUIDES[13].sections[2].paras[0],390,PASS,,"Keep the last day close to your base: breakfast, beach or pool, a spa/reset stop, then a sunset and dinner nearby if your flight allows it.","Keep the last day close to your base: breakfast, beach or pool, and a spa/reset stop. Then a sunset and dinner nearby, if your flight allows it.",A5 A7,,
lib/guides.ts,GUIDES[14].lede,413,PASS,,"Five days is enough for one area done well, plus one or two deliberate day trips. It is not enough for every famous stop on the island. Keep one main base, add a driver day when it earns its place, and leave one flexible day for weather, traffic or the place you want to repeat.","Five days is enough to do one area well and add one or two deliberate day trips. It is not enough for every famous stop on the island. Keep one main base and add a driver day when it earns its place. Leave one flexible day for weather, traffic or the place you want to repeat.",A5 A7,,
lib/guides.ts,GUIDES[14].sections[0].paras[0],418,PASS,,"Land, check in and stay within your area. Use the first evening to understand your base: where breakfast is, where sunset works, and how long short rides actually take.","After you land and check in, stay within your area. Use the first evening to understand your base: where breakfast is, where sunset works, and how long short rides actually take.",A5,,
lib/guides.ts,GUIDES[14].sections[1].paras[0],424,PASS,,"Do the version of Bali your base is good at: Canggu for surf, cafés and sunset; Ubud for rice fields and culture; Sanur for calm beach logistics; Uluwatu for cliffs and beach time.","Do the version of Bali your base is good at. Canggu for surf, cafés and sunset; Ubud for rice fields and culture; Sanur for calm beach logistics; Uluwatu for cliffs and beach time.",A7,,
lib/guides.ts,GUIDES[14].sections[2].paras[0],430,PASS,,"Add one bigger day outside your base — Ubud from the coast, the Bukit from Canggu/Seminyak, or East Bali if you are already positioned well. Keep stops tight and sequenced.","Add one bigger day outside your base: Ubud from the coast, the Bukit from Canggu/Seminyak, or East Bali if you are already positioned well. Keep stops tight and sequenced.",A4,,
lib/guides.ts,GUIDES[15].sections[2].paras[0],483,PASS,,"A good no-scooter day is compact: breakfast near your stay, one beach or pool stop, a massage or café reset, then sunset and dinner in the same area.","A good no-scooter day is compact. Have breakfast near your stay, then one beach or pool stop and a massage or café reset. Finish with sunset and dinner in the same area.",A5 A7,,
lib/guides.ts,GUIDES[15].faq[1].a,490,PASS,,"Within small pockets, yes. Across Canggu, no — traffic, narrow roads and heat make it unrealistic as a single walking area.","Within small pockets, yes. Across Canggu, no: traffic, narrow roads and heat make it unrealistic as a single walking area.",A4,,
lib/guides.ts,GUIDES[16].description,505,PASS,,"A relaxed 7-day Bali itinerary for a first trip: a few nights in Ubud for jungle and culture, then the coast for surf, cafés and sunsets — with minimal driving.","A relaxed 7-day Bali itinerary for a first trip, with minimal driving. A few nights in Ubud for jungle and culture, then the coast for surf, cafés and sunsets.",A4 A7,,
lib/guides.ts,GUIDES[16].lede,506,PASS,,"This is a calm, first-timer 7-day Bali itinerary built around two bases and one transfer: three nights in Ubud for jungle, temples and slow mornings, then four on the coast for surf, cafés and sunsets. It keeps driving to a minimum so the week feels like a holiday, not a road trip.","This calm 7-day Bali itinerary for first-timers is built around two bases and one transfer. Spend three nights in Ubud for jungle, temples and slow mornings, then four on the coast for surf, cafés and sunsets. It keeps driving to a minimum so the week feels like a holiday, not a road trip.",A5 A7,A5,
lib/guides.ts,GUIDES[16].sections[0].paras[0],511,PASS,,"Land, settle, and let the first evening be an easy dinner near your stay — don't schedule anything after a long flight.","Land, settle, and let the first evening be an easy dinner near your stay. Don't schedule anything after a long flight.",A4,,
lib/guides.ts,GUIDES[16].sections[0].paras[2],513,PASS,,"Keep the pace gentle. Ubud rewards mornings — go early to the terraces and temples before the tour buses, then rest through the heat.","Keep the pace gentle. Ubud rewards mornings: go early to the terraces and temples before the tour buses, then rest through the heat.",A4,,
lib/guides.ts,GUIDES[16].sections[1].paras[0],519,PASS,,"Move to your beach base — Canggu for surf-and-café energy, Seminyak for polished dining, or Uluwatu for clifftop drama. The drive from Ubud is roughly 1.5–2 hours depending on traffic and where you land.","Move to your beach base: Canggu for surf and cafés, Seminyak for polished dining, or Uluwatu for the cliffs. The drive from Ubud is roughly 1.5–2 hours depending on traffic and where you land.",A4,,
lib/guides.ts,GUIDES[16].sections[2].paras[0],526,PASS,,"Fall into the coastal rhythm: a work-friendly café or surf in the morning, a long lunch, a spa or a pool through the heat, then a sunset spot and dinner near where you sleep.","Fall into the coastal rhythm. Work from a café or surf in the morning, then have a long lunch. Sit out the heat at a spa or a pool, then finish with a sunset spot and dinner near where you sleep.",A5 A7,,
lib/guides.ts,GUIDES[16].sections[2].paras[1],527,PASS,,"Book the few things worth booking — a sunset table, a proper dinner — before you land, so you're never deciding at 7pm with a hungry group.","Book the few things worth booking before you land: a sunset table, a good dinner. That way you're never deciding at 7pm with a hungry group.",A4 A10,,
lib/guides.ts,GUIDES[16].faq[0].a,533,PASS,,"Yes — a week is the sweet spot. Split it between one inland base (Ubud) and one coastal base, with a single transfer, and you'll see the highlights without living in traffic.","Yes, a week works well. Split it between one inland base (Ubud) and one coastal base, with a single transfer, and you'll see the highlights without living in traffic.",A1 A4,,
lib/guides.ts,GUIDES[17].description,545,PASS,,"A 10–14 day Bali itinerary that adds a third pace to the first-timer route: Ubud, the coast, and the quieter islands or east — without rushing.","A 10–14 day Bali itinerary that adds a third pace to the first-timer route: Ubud, the coast, and the quieter islands or east, without rushing.",A4,,
lib/guides.ts,GUIDES[17].lede,546,PASS,,"With 10 to 14 days you can keep the relaxed first-timer core — Ubud plus a beach base — and add a third pace: the Nusa islands, the quieter east, or clifftop Uluwatu. The trick is still restraint: three or four bases at most, so the trip stays a holiday rather than a logistics exercise.","With 10 to 14 days you can keep the relaxed first-timer core of Ubud plus a beach base. Then add a third pace: the Nusa islands, the quieter east, or clifftop Uluwatu. The trick is still restraint. Keep to three or four bases at most, so the trip stays a holiday rather than a logistics exercise.",A4 A7,,
lib/guides.ts,GUIDES[17].sections[1].paras[1],558,PASS,,"Book sunset tables and popular dinners ahead — these fill up, especially in July and August.","Book sunset tables and popular dinners ahead. They fill up, especially in July and August.",A4,,
lib/guides.ts,GUIDES[17].sections[2].paras[1],565,PASS,,Prefer to stay on the mainland? Base in Uluwatu on the southern Bukit for clifftop sunsets and surf beaches.,"If you'd rather stay on the mainland, base in Uluwatu on the southern Bukit for clifftop sunsets and surf beaches.",A6,,
lib/guides.ts,GUIDES[17].sections[3].paras[0],571,PASS,,"Two full weeks is enough to reach the calm east — Amed for diving and black-sand quiet, or Sidemen for rice-valley stillness — or to add a few nights on Gili or Lombok.","Two full weeks is enough to reach the calm east: Amed for diving and black-sand quiet, or Sidemen for rice-valley stillness. Or use the time to add a few nights on Gili or Lombok.",A4 A7,,
lib/guides.ts,GUIDES[17].faq[0].a,577,PASS,,"No — 10 days is the most comfortable length for a first visit, with room for a rest day, a day trip and a spontaneous afternoon on top of the highlights.","No. Ten days is the most comfortable length for a first visit. There's room for a rest day, a day trip and a spontaneous afternoon on top of the highlights.",A4 A7,,
lib/guides.ts,GUIDES[18].description,589,PASS,,Bali's dry season (roughly April–October) brings the best weather; the wet season (November–March) is greener and quieter. Here's how to choose.,Bali's dry season (roughly April–October) brings the best weather; the wet season (November–March) is greener and quieter. How to choose between them.,A1,,
lib/guides.ts,GUIDES[18].lede,590,PASS,,"The best time to visit Bali is the dry season, roughly April to October, when days are sunny and humidity is lower. The shoulder months — May, June and September — hit the sweet spot: good weather without the July–August peak crowds. The wet season, November to March, is greener, cheaper and quieter, with short heavy downpours rather than all-day rain.","The best time to visit Bali is the dry season, roughly April to October, when the days are sunny and humidity is lower. May, June and September, the shoulder months, give you good weather without the July–August peak crowds. From November to March the wet season is greener and quieter. It's also cheaper, with short heavy downpours rather than all-day rain.",A1 A4 A5 A11,,
lib/guides.ts,GUIDES[18].sections[0].paras[1],596,PASS,,July and August are the busiest and priciest months — European and Australian holidays overlap. Book accommodation and popular dinners well ahead if you travel then.,"July and August are the busiest and priciest months, when European and Australian holidays overlap. Book accommodation and popular dinners well ahead if you travel then.",A4,,
lib/guides.ts,GUIDES[18].sections[2].paras[0],608,PASS,,"Rain usually comes as short, heavy afternoon downpours rather than all-day grey — you can still plan around it. The landscape is at its greenest and the rice terraces most photogenic.","Rain usually comes as short, heavy afternoon downpours rather than all-day grey, so you can still plan around it. The landscape is at its greenest and the rice terraces most photogenic.",A4,,
lib/guides.ts,GUIDES[18].faq[0].a,615,PASS,,"May, June and September offer the best balance — dry-season weather without the July–August crowds and prices.","May, June and September offer the best balance: dry-season weather without the July–August crowds and prices.",A4,,
lib/guides.ts,GUIDES[18].faq[3].a,618,PASS,,"Nyepi is the Balinese Day of Silence, usually in March. For 24 hours the island — including the airport — shuts down. Check the date if you travel in early spring.","Nyepi is the Balinese Day of Silence, usually in March. For 24 hours the island shuts down, including the airport. Check the date if you travel in early spring.",A4,,
lib/guides.ts,GUIDES[19].description,628,PASS,,"Scooter, private driver, or ride-hailing apps? How to get around Bali, what each option roughly costs, and when to use which.","How to get around Bali by scooter, private driver or ride-hailing app, what each option roughly costs, and when to use which.",A6,,
lib/guides.ts,GUIDES[19].lede,629,PASS,,"Most travellers get around Bali three ways: a rented scooter for short local hops, a private driver for day trips and longer transfers, and ride-hailing apps (Grab and Gojek) for quick point-to-point rides. There's no train and no metro, traffic is heavy all day, and distances that look short on a map can take an hour — so plan by time, not kilometres.","Most travellers get around Bali three ways. A rented scooter covers short local hops, and a private driver handles day trips and longer transfers. Ride-hailing apps (Grab and Gojek) are for quick point-to-point rides. There's no train and no metro, and traffic is heavy all day. Distances that look short on a map can take an hour, so plan by time, not kilometres.",A7 A7,,POLARITY:an hour
lib/guides.ts,GUIDES[19].sections[0].paras[1],635,PASS,,"Ride only if you're confident: Bali traffic is chaotic, roads can be rough, and accidents are common. You legally need an International Driving Permit with a motorcycle category — police do check, and your travel insurance won't pay out without it. Always wear a helmet.","Ride only if you're confident: Bali traffic is chaotic, roads can be rough, and accidents are common. You legally need an International Driving Permit with a motorcycle category. Police do check, and your travel insurance won't pay out without it. Always wear a helmet.",A4,,
lib/guides.ts,GUIDES[19].sections[1].paras[0],641,PASS,,"For airport transfers, temple-and-waterfall day trips, or moving between bases, a private driver is the easy, comfortable option — usually booked by the day or the trip.","For airport transfers, temple-and-waterfall day trips or moving between bases, a private driver is the easy, comfortable option. It's usually booked by the day or the trip.",A4 A7,,
lib/guides.ts,GUIDES[19].sections[2].paras[0],648,PASS,,The Grab and Gojek apps handle quick point-to-point rides (car or motorbike) at metered app prices — the simplest way to get a fair fare without haggling.,The Grab and Gojek apps handle quick point-to-point rides (car or motorbike) at metered app prices. It's the simplest way to get a fair fare without haggling.,A4 A7,,
lib/guides.ts,GUIDES[19].sections[2].paras[1],649,PASS,,"In some tourist areas local transport cooperatives restrict app pickups, so you may be asked to walk to a nearby meeting point. Metered Bluebird taxis are a reliable fallback.","In some tourist areas local transport cooperatives restrict app pickups, so you may be asked to walk to a nearby meeting point. Metered Bluebird taxis are a good fallback.",A10,,
lib/guides.ts,GUIDES[19].sections[3].paras[1],656,PASS,,"This is why choosing one or two bases matters more than any transport hack — the less you move between areas, the more of Bali you actually see.","This is why choosing one or two bases matters more than any transport hack. The less you move between areas, the more of Bali you actually see.",A4 A7,,
lib/guides.ts,GUIDES[19].faq[0].a,661,PASS,,"Yes — an International Driving Permit with a motorcycle category, plus your home licence. Police do check, and travel insurance won't cover an accident without it.","Yes. You need an International Driving Permit with a motorcycle category, plus your home licence. Police do check, and travel insurance won't cover an accident without it.",A4,,
lib/guides.ts,GUIDES[19].faq[3].a,664,PASS,,"Yes — ride-hailing apps and private drivers cover most needs. Just plan by travel time, because traffic makes even short distances slow.","Yes. Ride-hailing apps and private drivers cover most needs. Just plan by travel time, because traffic makes even short distances slow.",A4,,
lib/guides.ts,GUIDES[20].description,674,PASS,,"For couples, Uluwatu brings clifftop sunsets and romance, Ubud brings jungle calm, and Seminyak brings polished dining. Here's how to choose.","For couples: Uluwatu for clifftop sunsets and romance, Ubud for jungle calm, Seminyak for polished dining. How to choose between them.",A1,,
lib/guides.ts,GUIDES[20].lede,675,PASS,,"For a couples' trip, three Bali areas do romance best: Uluwatu for clifftop sunsets and drama, Ubud for jungle calm and spa mornings, and Seminyak for polished dinners and easy beach-club evenings. Which one depends on whether you want views, greenery, or effortless comfort — and many couples pair two.","For a couples' trip, three Bali areas do romance best. Uluwatu for clifftop sunsets and drama; Ubud for jungle calm and spa mornings; Seminyak for polished dinners and easy beach-club evenings. It depends on what you want: views, greenery or effortless comfort. Many couples pair two.",A1 A4 A5 A7,,
lib/guides.ts,GUIDES[20].sections[0].paras[0],680,PASS,,"The southern Bukit is Bali at its most cinematic: limestone cliffs, turquoise coves and clifftop bars where the sunset is the whole evening. It's spread out and you'll drive between spots, which trades convenience for views and quiet.","The southern Bukit means limestone cliffs, turquoise coves and clifftop bars where the sunset is the whole evening. It's spread out and you'll drive between spots, which trades convenience for views and quiet.",,,NEW_TERM:means
lib/guides.ts,GUIDES[20].sections[0].paras[1],681,PASS,,"Best for couples who want the wow — big scenery, long sunset dinners, and a sense of escape.","Best for couples who want big scenery, long sunset dinners and a sense of escape.",A4,,
lib/guides.ts,GUIDES[20].sections[1].paras[1],688,PASS,,"Pair it with a coastal area for the best of both — a few nights inland, a few by the sea.","Pair it with a coastal area for the best of both: a few nights inland, a few by the sea.",A4,,
lib/guides.ts,GUIDES[20].sections[2].paras[0],694,PASS,,"If you'd rather everything be close and effortless, Seminyak delivers: a spa in the afternoon, a west-facing sunset, and a considered dinner, all walkable. It's the low-effort romantic base.","If you'd rather everything be close and effortless, base yourself in Seminyak. A spa in the afternoon, a west-facing sunset and a considered dinner are all walkable. It's the low-effort romantic base.",,,NEW_TERM:yourself
lib/guides.ts,GUIDES[20].faq[1].a,700,PASS,,"Both — many couples split the trip, a few nights inland in Ubud for calm and nature, then a few by the sea in Uluwatu or Seminyak for sunsets and dining.",Both. Many couples split the trip: a few nights inland in Ubud for calm and nature. Then they spend a few by the sea in Uluwatu or Seminyak for sunsets and dining.,A4 A7,,
lib/guides.ts,GUIDES[20].faq[2].a,701,PASS,,"The west and south coasts — Uluwatu, Seminyak and Canggu all face the sunset. Uluwatu's clifftop bars are the most dramatic.","The west and south coasts: Uluwatu, Seminyak and Canggu all face the sunset. Uluwatu's clifftop bars are the most dramatic.",A4,,
lib/guides.ts,GUIDES[21].lede,717,PASS,,"For a family trip, the calmest, easiest Bali bases are Sanur and Nusa Dua — both have gentle, swimmable water, flat walkable fronts and short, simple days. Ubud adds nature and space for older kids. The livelier surf towns work too, but with more traffic and stronger currents to manage.","For a family trip, the calmest, easiest Bali bases are Sanur and Nusa Dua. Both have gentle, swimmable water, flat walkable fronts and short, simple days. Ubud adds nature and space for older kids. The livelier surf towns work too. Expect more traffic and stronger currents to manage.",A4 A5 A7,,
lib/guides.ts,GUIDES[21].sections[0].paras[0],722,PASS,,"A quiet east-coast town with a long, flat paved beach path (great for strollers and bikes), calm swimmable water and easy fast boats to the Nusa islands. It faces east, so mornings are bright and gentle.","A quiet east-coast town with a long, flat paved beach path that's great for strollers and bikes. The water is calm and swimmable, and fast boats to the Nusa islands are easy to catch. It faces east, so mornings are bright and gentle.",A5 A7,,NEW_TERM:catch
lib/guides.ts,GUIDES[21].sections[1].paras[0],729,PASS,,"A gated enclave of big resorts with calm, reef-protected beaches and lots of on-site facilities. It's the most hands-off, resort-holiday option — safe and easy, if less local in feel.","A gated enclave of big resorts with calm, reef-protected beaches and lots of on-site facilities. It's the most hands-off, resort-holiday option: safe and easy, if less local in feel.",A4,,
lib/guides.ts,GUIDES[21].faq[0].a,746,PASS,,"Sanur or Nusa Dua — both have calm, swimmable water, flat walkable fronts and easy short days. Sanur feels more like a town; Nusa Dua is resort-style.","Sanur or Nusa Dua. Both have calm, swimmable water, flat walkable fronts and easy short days. Sanur feels more like a town; Nusa Dua is resort-style.",A4,,
lib/guides.ts,GUIDES[21].faq[2].a,748,PASS,,"For families with older kids, yes — nature, space and cooler air. There's no beach, so pair it with a calm coastal area like Sanur.","For families with older kids, yes: nature, space and cooler air. There's no beach, so pair it with a calm coastal area like Sanur.",A4,,
lib/guides.ts,GUIDES[22].lede,764,PASS,,"Choose Canggu for energy — cafés, co-working, beach clubs and a big dinner-and-nightlife scene in one busy hub. Choose Uluwatu for scenery — clifftop sunsets, turquoise coves and reef-break surf, spread out across the southern Bukit. Canggu is more convenient; Uluwatu is more beautiful and more of an escape.","Choose Canggu for energy: cafés, co-working, beach clubs and a big dinner-and-nightlife scene in one busy hub. Choose Uluwatu for scenery: clifftop sunsets, turquoise coves and reef-break surf, spread out across the southern Bukit. Canggu is more convenient; Uluwatu is more beautiful and more of an escape.",A4 A5,A5,
lib/guides.ts,GUIDES[22].sections[2].paras[0],783,PASS,,"Easily — they're both in the south. A few nights of Canggu energy followed by a few of Uluwatu scenery is a popular first-trip combination, with roughly an hour's drive between them.","Easily. They're both in the south. A few nights of Canggu energy followed by a few of Uluwatu scenery is a popular first-trip combination, with roughly an hour's drive between them.",A4,,
lib/guides.ts,GUIDES[22].faq[1].a,789,PASS,,Uluwatu — white-sand coves and turquoise water below the cliffs. Canggu's beaches are grey-sand and more about surf and beach clubs than swimming.,"Uluwatu, with white-sand coves and turquoise water below the cliffs. Canggu's beaches are grey-sand and more about surf and beach clubs than swimming.",A4,,
lib/guides.ts,GUIDES[23].lede,805,PASS,,"Choose Seminyak for the polished, comfortable side of Bali — good restaurants, sunset beach clubs, spas and walkable streets. Choose Canggu for the younger, more laid-back version — surf, laptop cafés, and a scruffier, more energetic vibe. They're neighbours, about 20–40 minutes apart, and share a coastline.","Choose Seminyak for the polished, comfortable side of Bali: good restaurants, sunset beach clubs, spas and walkable streets. Choose Canggu for the younger, more laid-back version, with surf, laptop cafés and a scruffier, more energetic vibe. They're neighbours, about 20–40 minutes apart, and share a coastline.",A4 A5,A5,
lib/guides.ts,GUIDES[23].faq[1].a,830,PASS,,"Generally Canggu offers more budget-friendly warungs and stays, while Seminyak leans more upscale — though both have options across the range.","Generally Canggu has more budget-friendly warungs and stays, while Seminyak leans more upscale. Both have options across the range.",A4,,
lib/guides.ts,GUIDES[24].description,845,PASS,,"Ubud for jungle, culture and calm; Canggu for surf, cafés and beach-town buzz. The two most popular first-timer bases, compared — and how to do both.","Ubud for jungle, culture and calm; Canggu for surf, cafés and beach-town buzz. The two most popular first-timer bases, compared, and how to do both.",A4 A5,A5,
lib/guides.ts,GUIDES[24].sections[2].paras[0],865,PASS,,"The most popular first-timer route is a few nights inland in Ubud for culture and calm, then a few in Canggu for surf and the coast. One transfer, roughly 1.5–2 hours, and you get both sides of Bali.","The most popular first-timer route is a few nights inland in Ubud for culture and calm. Then a few in Canggu for surf and the coast. One transfer, roughly 1.5–2 hours, and you get both sides of Bali.",A7,,
lib/guides.ts,GUIDES[24].faq[1].a,871,PASS,,"Canggu — it's Bali's hub for co-working and laptop cafés. Ubud is the calmer, wellness-leaning alternative.","Canggu. It's Bali's hub for co-working and laptop cafés. Ubud is the calmer, wellness-leaning alternative.",A4,,
lib/guides.ts,GUIDES[24].faq[2].a,872,PASS,,"No — Ubud is inland in the hills, about an hour from the coast. If beach time matters, pair it with Canggu or another coastal area.","No. Ubud is inland in the hills, about an hour from the coast. If beach time matters, pair it with Canggu or another coastal area.",A4,,
lib/guides.ts,GUIDES[25].description,887,PASS,,"Bali can be very affordable: eat at warungs, rent a scooter, stay in guesthouses, and skip the beach-club minimums. How to travel Bali cheaply.","Bali can be affordable: eat at warungs, rent a scooter, stay in guesthouses, and skip the beach-club minimums. How to travel Bali cheaply.",A3,,
lib/guides.ts,GUIDES[25].lede,888,PASS,,"Bali is one of the better-value destinations in the world if you lean local: eat at warungs, get around by scooter or ride-hailing app, stay in guesthouses or homestays, and treat beach clubs and fine dining as occasional splurges rather than daily habits. The gap between a shoestring day and a luxury day here is enormous — you choose where you sit on it.","Bali is one of the better-value destinations in the world if you lean local. Eat at warungs and stay in guesthouses or homestays. Get around by scooter or ride-hailing app. Treat beach clubs and fine dining as occasional splurges rather than daily habits. The gap between a shoestring day and a luxury day here is enormous, and you choose where you sit on it.",A5 A7,,
lib/guides.ts,GUIDES[25].sections[0].paras[0],893,PASS,,Warungs — small family-run local eateries — serve honest Indonesian food for a fraction of the price of Western cafés. A plate of nasi campur costs a little; the same money at a beach club buys a single coffee.,"Warungs, small family-run local eateries, serve Indonesian food for a fraction of the price of Western cafés. A plate of nasi campur costs a little; the same money at a beach club buys a single coffee.",A4,,
lib/guides.ts,GUIDES[25].sections[0].paras[1],894,PASS,,"You don't have to give up nice meals — just make the Western brunch spots and beach clubs the exception, not the rule.","You don't have to give up nice meals. Just make the Western brunch spots and beach clubs the exception, not the rule.",A4,,
lib/guides.ts,GUIDES[25].sections[2].paras[1],908,PASS,,"Longer stays get big discounts — if you're around for weeks, negotiate a monthly rate.","Longer stays get big discounts. If you're around for weeks, negotiate a monthly rate.",A4,,
lib/guides.ts,GUIDES[25].sections[3].paras[0],914,PASS,,Ubud and Canggu have the deepest cheap-eats and guesthouse scenes. Uluwatu and Nusa Dua skew pricier and more resort-driven. Sanur sits in the middle — calm and good value.,Ubud and Canggu have the deepest cheap-eats and guesthouse scenes. Uluwatu and Nusa Dua skew pricier and more resort-driven. Sanur sits in the middle: calm and good value.,A4,,
lib/guides.ts,GUIDES[25].faq[0].a,919,PASS,,"It can be very affordable if you eat at warungs, use a scooter or ride-hailing apps, and stay in guesthouses. It can also be expensive — beach clubs and fine dining add up fast. You control the range.","It can be affordable if you eat at warungs, use a scooter or ride-hailing apps, and stay in guesthouses. It can also be expensive: beach clubs and fine dining add up fast. You control the range.",A3 A4,,
lib/guides.ts,GUIDES[26].description,931,PASS,,"Canggu is Bali's digital-nomad capital — co-working, café work and a big community. Ubud and Uluwatu are the calmer alternatives. Where to base yourself.","Canggu is Bali's digital-nomad capital, with co-working, café work and a big community. Ubud and Uluwatu are the calmer alternatives. Where to base yourself.",A4,,
lib/guides.ts,GUIDES[26].lede,932,PASS,,"Canggu is Bali's digital-nomad capital: dense co-working spaces, laptop-friendly cafés, fast-ish internet and a big, easy-to-plug-into community. Ubud is the calmer, wellness-leaning alternative, and Uluwatu suits surfers who work around the swell. Where you base depends on whether you want community and convenience, calm and nature, or waves at the door.","Canggu is Bali's digital-nomad capital: dense co-working spaces, laptop-friendly cafés, fast-ish internet and a big, easy-to-plug-into community. Ubud is the calmer, wellness-leaning alternative, and Uluwatu suits surfers who work around the swell. Your base depends on what you want: community and convenience, calm and nature, or waves at the door.",A1 A5,A5,
lib/guides.ts,GUIDES[26].sections[0].paras[0],937,PASS,,"This is where most remote workers land: co-working spaces, cafés built for laptops (power, wifi, all-day seating), and the easiest community to join, from surf sessions to networking. Everything you need is close, if busy.","This is where most remote workers land. There are co-working spaces, cafés built for laptops (power, wifi, all-day seating) and the easiest community to join, from surf sessions to networking. Everything you need is close, if busy.",A7,,
lib/guides.ts,GUIDES[26].sections[3].paras[0],957,PASS,,"Internet is generally good in cafés and co-working spaces in the main areas; back it up with a local SIM and a mobile hotspot for call-heavy days. Get a scooter (with the required International Driving Permit) for freedom, and consider a monthly rental for a big discount.","Internet is generally good in cafés and co-working spaces in the main areas. Back it up with a local SIM and a mobile hotspot for call-heavy days. Get a scooter (with the required International Driving Permit) for freedom, and consider a monthly rental for a big discount.",A7,,
lib/guides.ts,GUIDES[26].sections[3].paras[1],958,PASS,,"Check current visa options before you plan a long stay — rules change, so confirm what fits your length and situation with an official source.","Check current visa options before you plan a long stay. Rules change, so confirm what fits your length and situation with an official source.",A4,,
lib/guides.ts,GUIDES[26].faq[0].a,963,PASS,,"Mostly Canggu — the hub for co-working, café work and community. Ubud is the calmer, wellness-focused alternative, and Uluwatu suits surfers who work around the waves.","Mostly Canggu, the hub for co-working, café work and community. Ubud is the calmer, wellness-focused alternative. Uluwatu suits surfers who work around the waves.",A4 A5,,
lib/guides.ts,GUIDES[26].faq[2].a,965,PASS,,"Yes — it's Bali's densest cluster of co-working spaces and laptop-friendly cafés, with the easiest community to join. The trade-off is crowds and traffic.","Yes. It's Bali's densest cluster of co-working spaces and laptop-friendly cafés, with the easiest community to join. The trade-off is crowds and traffic.",A4,,
lib/guides.ts,GUIDES[27].description,981,PASS,,"Rain in Bali usually comes in waves, not all day. Make it a soft day — spa, a long lunch, a café, yoga or a cooking class — and save waterfalls and beach clubs for clearer skies.","Bali rain usually comes in waves. Make it a soft day: spa, a long lunch, a café, yoga or a cooking class. Save waterfalls and beach clubs for clear skies.",A4,,
lib/guides.ts,GUIDES[27].lede,982,PASS,,"Don't write the day off — rain in Bali usually arrives in short, heavy waves rather than all-day grey. The move is to make it a soft day close to where you're staying: a spa, a long lunch, a café, a yoga class or a cooking class, then an easy dinner. Save the waterfalls, cliff walks and sunset-only plans for a clearer sky.","Don't write the day off. Rain in Bali usually arrives in short, heavy waves rather than all-day grey. Make it a soft day close to where you're staying. Book a spa or a yoga class, or take a cooking class. Have a long lunch or settle into a café, then finish with an easy dinner. Save the waterfalls, cliff walks and sunset-only plans for a clearer sky.",A5 A7,,
lib/guides.ts,GUIDES[27].sections[0].paras[0],987,PASS,,"Especially in the wet season (roughly November to March), Bali rain tends to fall as intense afternoon downpours that pass, not a solid grey day. Keep the plan loose and you can often slot the outdoor bits into the dry windows.","Especially in the wet season (roughly November to March), Bali rain tends to fall as intense afternoon downpours that pass, not all-day grey. Keep the plan loose and you can often slot the outdoor bits into the dry windows.",A10,,
lib/guides.ts,GUIDES[27].sections[0].paras[1],988,PASS,,"The mistake isn't the rain — it's forcing a waterfall marathon or a sunset beach club through it. Move those, and the day is still good.","Don't force a waterfall marathon or a sunset beach club through the rain. Move those, and the day is still good.",A4,,
lib/guides.ts,GUIDES[27].sections[1].paras[0],994,PASS,,"This is the day for the things you'd otherwise skip: a proper spa treatment, an unhurried long lunch, a café you can sit in for hours, boutique shopping, a yoga or sound-healing session, or a cooking class.","This is the day for the things you'd otherwise skip. Book a spa treatment, take an unhurried long lunch, or find a café you can sit in for hours. Boutique shopping, a yoga or sound-healing session and a cooking class all work too.",A7 A10,,
lib/guides.ts,GUIDES[27].sections[1].paras[1],995,PASS,,"Pick things close to your base. In rain, location beats hype — a comfortable place five minutes away is worth more than a famous one across town in traffic.","Pick things close to your base. In rain, location beats hype: a comfortable place five minutes away is worth more than a famous one across town in traffic.",A4,,
lib/guides.ts,GUIDES[27].sections[2].paras[1],1002,PASS,,"Ubud: a spa, sound healing, a cooking class, a jewellery or craft workshop, an art gallery, or a calm hotel day with a tea or coffee tasting. Ubud does the slow, restorative rainy day best.","Ubud: a spa, sound healing, a cooking class, or a jewellery or craft workshop. Or an art gallery, or a calm hotel day with a tea or coffee tasting. Ubud does the slow, restorative rainy day best.",A5 A7,,
lib/guides.ts,GUIDES[27].sections[3].paras[0],1009,PASS,,"Waterfalls (slippery paths, and the flow can turn dangerous in heavy rain), cliff and beach staircases, outdoor temples with lots of steps, long scooter rides, and anything that only works at sunset.","Waterfalls, where paths are slippery and the flow can turn dangerous in heavy rain. Cliff and beach staircases, outdoor temples with lots of steps and long scooter rides. And anything that only works at sunset.",A5 A7,,
lib/guides.ts,GUIDES[27].sections[3].paras[1],1010,PASS,,"Beach clubs are a maybe: if you want the pool, drinks and music they still deliver, but if the point was the sunset and the sand, wait for a brighter day.","Beach clubs are a maybe. If you want the pool, drinks and music, they still deliver. If the point was the sunset and the sand, wait for a brighter day.",A7,,
lib/guides.ts,GUIDES[27].sections[4].paras[0],1016,PASS,,"Keep it short and indoors: an early lunch, a covered pool if it's safe, a kids-friendly café, a craft or cooking activity, nap time, and an early dinner. Don't try to fill the whole day.","Keep it short and indoors. An early lunch, a covered pool if it's safe and a kids-friendly café. Then a craft or cooking activity, nap time and an early dinner. Don't try to fill the whole day.",A5 A7,,
lib/guides.ts,GUIDES[27].faq[0].a,1022,PASS,,"Make it a soft day close to your base: a spa, a long lunch, a café, yoga, shopping or a cooking class, then an easy dinner. All-day rain is actually uncommon — it usually comes in heavy waves you can plan around.","Make it a soft day close to your base. A spa, a long lunch, a café, yoga, shopping or a cooking class, then an easy dinner. All-day rain is uncommon. It usually comes in heavy waves you can plan around.",A4 A7,,
lib/guides.ts,GUIDES[27].faq[2].a,1024,PASS,,"In heavy rain, postpone them. Paths get slippery and water flow can change fast. Go after stable weather, with proper shoes and ideally a driver.","In heavy rain, postpone them. Paths get slippery and water flow can change fast. Go after stable weather, with good shoes and ideally a driver.",A10,,
lib/guides.ts,GUIDES[28].description,1042,PASS,,"One calm day in Ubud without rushing: go early to Monkey Forest or the rice terraces, lunch in the centre, one wellness or cultural stop, then an early dinner. Don't turn it into a marathon.","One calm day in Ubud: Monkey Forest or the rice terraces early, lunch in the centre, one wellness or cultural stop, an early dinner. Not a marathon.",A7,,POLARITY:calm
lib/guides.ts,GUIDES[28].lede,1043,PASS,,"With one day in Ubud, go early and keep the rest of the day soft. Do one main thing in the morning — Monkey Forest or the rice terraces — then lunch in the centre, one calm wellness or cultural stop, and an early dinner. The mistake first-timers make is cramming Monkey Forest, Tegallalang, a waterfall, a temple and shopping into a single day and leaving exhausted.","With one day in Ubud, go early, then keep the rest of the day soft. Do one main thing in the morning: Monkey Forest or the rice terraces. Then have lunch in the centre and add one calm wellness or cultural stop before an early dinner. The mistake first-timers make is cramming Monkey Forest, Tegallalang, a waterfall, a temple and shopping into a single day and leaving exhausted.",A4 A5 A7,,
lib/guides.ts,GUIDES[28].sections[2].paras[0],1062,PASS,,"Monkey Forest is worth it if you go early, keep your belongings secure (the macaques will grab sunglasses, water bottles and loose bags) and don't mind animals close to you. It's popular and busy — that's the trade-off.","Monkey Forest is worth it if you go early and keep your belongings secure, and if you don't mind animals close to you. The macaques will grab sunglasses, water bottles and loose bags. It's popular and busy, and that's the trade-off.",A4 A7,,
lib/guides.ts,GUIDES[28].sections[3].paras[0],1069,PASS,,"Tegallalang is close to Ubud, easy and photogenic — but more touristy. It's the natural add-on for a single Ubud day.","Tegallalang is close to Ubud, easy and photogenic, but more touristy. It's the natural add-on for a single Ubud day.",A4,,
lib/guides.ts,GUIDES[28].sections[3].paras[1],1070,PASS,,"Jatiluwih is bigger, calmer and more scenic, but much farther — better suited to a dedicated day with a driver than a quick morning stop. On a one-day visit, Tegallalang is the easier call.","Jatiluwih is bigger, calmer and more scenic, but much farther. It's better suited to a dedicated day with a driver than a quick morning stop. On a one-day visit, Tegallalang is the easier call.",A4,,
lib/guides.ts,GUIDES[28].sections[4].paras[1],1077,PASS,,Ubud is one of the best places in Bali for a genuinely calm day — let it be one.,"Ubud is one of the best places in Bali for a calm day, so let it be one.",A3 A4,,
lib/guides.ts,GUIDES[28].faq[0].a,1082,PASS,,"Start early with one main sight — Monkey Forest or the rice terraces — then lunch in the centre, one calm wellness or cultural stop, and an early dinner. Don't try to see everything in a day.","Start early with one main sight: Monkey Forest or the rice terraces. Then lunch in the centre, one calm wellness or cultural stop, and an early dinner. Don't try to see everything in a day.",A4 A7,,
lib/guides.ts,GUIDES[28].faq[2].a,1084,PASS,,"Stay nearby: lunch in Ubud Centre, a short walk, a market or art stop, or a spa. If you still have energy, add the rice terraces — not a far waterfall marathon.","Stay nearby: lunch in Ubud Centre, a short walk, a market or art stop, or a spa. If you still have energy, add the rice terraces, not a far waterfall marathon.",A4,,
lib/guides.ts,GUIDES[28].faq[3].a,1085,PASS,,"Tegallalang for a short, easy Ubud add-on (more touristy). Jatiluwih for a bigger, calmer landscape — but it's far and better as its own day. For one Ubud day, choose Tegallalang.","Tegallalang for a short, easy Ubud add-on (more touristy). Jatiluwih for a bigger, calmer landscape, but it's far and better as its own day. For one Ubud day, choose Tegallalang.",A4,,
lib/guides.ts,GUIDES[28].faq[4].a,1086,PASS,,"Very. Rice fields, a spa, yoga, a slow lunch, art and an early dinner make it one of the best areas in Bali for an unhurried day.","Yes. It's one of the best areas in Bali for an unhurried day: rice fields, a spa, yoga, a slow lunch, art and an early dinner.",A3 A7,,
lib/guides.ts,GUIDES[29].description,1102,PASS,,"Landed in Canggu? Keep the first day easy — a brunch, a beach walk, a massage, a sunset drink and a simple dinner near your villa. Don't fight traffic trying to see all of Bali on day one.","Keep your first day in Canggu easy: a brunch, a beach walk, a massage, a sunset drink and a simple dinner near your villa. Don't fight traffic on day one.",A4 A6,,
lib/guides.ts,GUIDES[29].lede,1103,PASS,,"Keep your first day in Canggu easy. After a flight, the move is a brunch or lunch near your villa, a beach walk, a massage, a sunset drink and a simple dinner close by — not a far-flung tour or a race to see the whole island. Bali feels much better when day one is about settling in rather than fighting traffic.","Keep your first day in Canggu easy. Have brunch or lunch near your villa after the flight, then a beach walk, a massage, a sunset drink and a simple dinner close by. Skip the far-flung tour and the race to see the whole island. Bali feels much better when day one is about settling in rather than fighting traffic.",A7,,
lib/guides.ts,GUIDES[29].sections[2].paras[1],1123,PASS,,You don't need to move between them on day one — settle into your own pocket first and explore the others once you've found your feet.,You don't need to move between them on day one. Settle into your own pocket first and explore the others once you've found your feet.,A4,,
lib/guides.ts,GUIDES[29].sections[3].paras[1],1130,PASS,,Arrive at the sunset spot early — Canggu's beachfront fills up — and don't plan to move far right after.,"Canggu's beachfront fills up, so arrive at the sunset spot early. Don't plan to move far right after.",A4,,
lib/guides.ts,GUIDES[29].sections[4].paras[0],1136,PASS,,"Canggu works without a scooter if you stay local: cafés, beach, gym, spa, shopping and dinner are all close, and Grab or Gojek covers the short hops. Just choose a base near where you want to be.","Canggu works without a scooter if you stay local. Cafés, beach, gym, spa, shopping and dinner are all close. Grab or Gojek covers the short hops. Just choose a base near where you want to be.",A5 A7,,
lib/guides.ts,GUIDES[29].sections[4].paras[1],1137,PASS,,"If you'll explore beyond Canggu — Uluwatu, Ubud day trips — a private driver for those days is easier and safer than a scooter you're not confident on.","For day trips beyond Canggu, to Uluwatu or Ubud, hire a private driver. It's easier and safer than a scooter you're not confident on.",A4 A7,,
lib/guides.ts,GUIDES[29].faq[4].a,1146,PASS,,"Yes — stay local and use Grab or Gojek for short hops. Cafés, beach, gym, spa and dinner are all close. For day trips beyond Canggu, a private driver is easier than a scooter.","Yes. Stay local and use Grab or Gojek for short hops. Cafés, beach, gym, spa and dinner are all close. For day trips beyond Canggu, a private driver is easier than a scooter.",A4,,
lib/guides.ts,GUIDES[30].description,1162,PASS,,"The secret to Bali with kids is shorter days: calm beaches, pools, animals, rice fields and easy cafés — based in Sanur or Nusa Dua, with early dinners and rest through the heat.","Shorter days make Bali work with kids: calm beaches, pools, animals, rice fields and easy cafés. Base in Sanur or Nusa Dua; eat early and rest through the heat.",A4 A5 A7,,
lib/guides.ts,GUIDES[30].lede,1163,PASS,,"Bali is a good family destination if you keep the days short and the base calm. Sanur and Nusa Dua are the easiest bases — gentle, swimmable water and flat, walkable fronts — while Ubud adds nature for older kids. Fill the day with one main thing (a beach morning, a pool, animals, rice fields or a workshop), an early lunch, rest through the heat, and an early dinner. Don't run an adult itinerary with children.","Bali is a good family destination if you keep the days short and the base calm. Sanur and Nusa Dua are the easiest bases: the water is gentle and swimmable, and the fronts are flat and walkable. Ubud adds nature for older kids. Fill the day with one main thing: a beach morning, a pool, animals, rice fields or a workshop. Then an early lunch, a rest through the heat and an early dinner. Don't run an adult itinerary with children.",A4 A5 A7,,
lib/guides.ts,GUIDES[30].sections[0].paras[1],1169,PASS,,"Ubud suits families with older kids who'll enjoy nature, rice fields and cooler air — pair it with a few calm-beach nights in Sanur.","Ubud suits families with older kids who'll enjoy nature, rice fields and cooler air. Pair it with a few calm-beach nights in Sanur.",A4,,
lib/guides.ts,GUIDES[30].sections[2].paras[0],1182,PASS,,"Breakfast, one main activity, an early lunch, then pool or rest. That's genuinely enough for a good day — the rest is bonus.","Breakfast, one main activity, an early lunch, then pool or rest. That's enough for a good day, and the rest is bonus.",A3 A4,,
lib/guides.ts,GUIDES[30].sections[4].paras[1],1197,PASS,,"Temples are fine with kids if you pick one, go early or late afternoon, keep it short, bring water and dress properly — don't chain several together in the heat.","Temples are fine with kids if you pick one and go early or late afternoon. Keep it short, bring water and dress properly. Don't chain several together in the heat.",A4 A5 A7,,
lib/guides.ts,GUIDES[30].faq[0].a,1202,PASS,,"Sanur and Nusa Dua — calm, swimmable water, flat walkable fronts and short days. Seminyak can work; Canggu works with the right villa and a driver; Ubud is good for older kids who like nature.","Sanur and Nusa Dua: calm, swimmable water, flat walkable fronts and short days. Seminyak can work; Canggu works with the right villa and a driver; Ubud is good for older kids who like nature.",A4,,
lib/guides.ts,GUIDES[30].faq[2].a,1204,PASS,,"Sanur and Nusa Dua's protected bay are the easiest for calm family swimming. The west and south-coast surf beaches have stronger currents — watch tide, waves and flags closely.","Sanur and Nusa Dua's protected bay are the easiest for calm family swimming. The west and south-coast surf beaches have stronger currents, so watch tide, waves and flags closely.",A4,,
lib/guides.ts,GUIDES[30].faq[3].a,1205,PASS,,"Yes, for families with older kids — animals, rice fields, pools and short walks. Avoid stacking stairs, heat and long drives into one day.","Yes, for families with older kids: animals, rice fields, pools and short walks. Avoid stacking stairs, heat and long drives into one day.",A4 A5,A5,
lib/guides.ts,GUIDES[30].faq[5].a,1207,PASS,,"Yes — pick one, go early or late afternoon, keep it short, bring water and dress properly (covered shoulders and knees). Don't combine several temples in the midday heat.","Yes. Pick one and go early or late afternoon. Keep it short, bring water and dress properly (covered shoulders and knees). Don't combine several temples in the midday heat.",A4 A5,,
lib/guides.ts,GUIDES[31].lede,1223,PASS,,"Both are the calm, easy side of Bali — the opposite of Canggu's buzz — so it comes down to feel. Choose Sanur for a real, walkable town with local texture, a long flat beach path and the fast boats to the Nusa islands. Choose Nusa Dua for a gated, hands-off resort enclave with reef-protected beaches and everything on site. Sanur has more soul; Nusa Dua has more polish.","Both are the calm, easy side of Bali, the opposite of Canggu's buzz, so it comes down to feel. Choose Sanur for a real, walkable town with local texture, a long flat beach path and the fast boats to the Nusa islands. Choose Nusa Dua for a gated, hands-off resort enclave with reef-protected beaches and everything on site. Sanur has more soul; Nusa Dua has more polish.",A4,,
lib/guides.ts,GUIDES[31].sections[0].paras[0],1228,PASS,,"You want a low-key coastal town, not a resort bubble: a roughly 5 km flat, paved beachfront path made for walking, cycling and strollers, calm swimmable water on the sunrise coast, and local warungs and cafés with a genuine neighbourhood feel.","You want a low-key coastal town, not a resort bubble. Sanur has a roughly 5 km flat, paved beachfront path made for walking, cycling and strollers. The water on the sunrise coast is calm and swimmable. Local warungs and cafés have a neighbourhood feel.",A5 A7,,
lib/guides.ts,GUIDES[31].sections[1].paras[0],1235,PASS,,"You want resort-easy and secure: a gated enclave of big five-star resorts, manicured reef-protected beaches, resort fine dining and large spas, with a walkable seafront promenade tying it together.","You want resort-easy and secure. Nusa Dua is a gated enclave of big five-star resorts, manicured reef-protected beaches, resort fine dining and large spas. A walkable seafront promenade ties it together.",A7,,NEW_TERM:ties
lib/guides.ts,GUIDES[31].sections[1].paras[1],1236,PASS,,"It's the most hands-off, low-friction base in Bali — safe, clean and effortless. The trade-off is that it feels more like a resort zone than a Balinese town.","It's the most hands-off, low-friction base in Bali: safe, clean and effortless. The trade-off is that it feels more like a resort zone than a Balinese town.",A4,,
lib/guides.ts,GUIDES[31].sections[2].paras[0],1242,PASS,,"Both are among the easiest family bases in Bali thanks to calm, swimmable water and flat, walkable fronts. Nusa Dua leans further into resort facilities and security; Sanur is gentler on the wallet and easier to step out into a real town for dinner.","Both are among the easiest family bases in Bali thanks to calm, swimmable water and flat, walkable fronts. Nusa Dua leans further into resort facilities and security. Sanur is gentler on the wallet and easier to step out into a real town for dinner.",A7,,
lib/guides.ts,GUIDES[31].sections[2].paras[1],1243,PASS,,"Either way, favour these two over the surf coasts if you're travelling with small kids — the water is calmer and the days are simpler.","Either way, favour these two over the surf coasts if you're travelling with small kids. The water is calmer and the days are simpler.",A4,,
lib/guides.ts,GUIDES[31].sections[3].paras[0],1249,PASS,,"Both are calm to move around, with short local hops by Grab, Gojek or a driver. Sanur's flat path makes it genuinely walkable end to end; Nusa Dua's promenade links the resort strip.","Both are calm to move around, with short local hops by Grab, Gojek or a driver. Sanur's flat path makes it walkable end to end; Nusa Dua's promenade links the resort strip.",A3,,
lib/guides.ts,GUIDES[31].sections[3].paras[1],1250,PASS,,"For anything beyond your base — Uluwatu, Ubud, the Nusa islands — a driver for the day is the easy call from either. Sanur has the edge if the islands are on your list.","For anything beyond your base (Uluwatu, Ubud, the Nusa islands), a driver for the day is the easy call from either. Sanur has the edge if the islands are on your list.",A4,,
lib/guides.ts,GUIDES[31].sections[4].paras[0],1256,PASS,,"You rarely need to — they're close and similar in pace, so most people pick one and pair it with a livelier area (Canggu, Seminyak or Ubud) for contrast rather than splitting between two calm bases.","You rarely need to. They're close and similar in pace. Most people pick one and pair it with a livelier area (Canggu, Seminyak or Ubud) for contrast, rather than splitting between two calm bases.",A4 A7,,
lib/guides.ts,GUIDES[31].faq[0].a,1261,PASS,,Both are calm and family-easy. Sanur is a walkable town with local texture and fast boats to the Nusa islands; Nusa Dua is a gated resort enclave with reef-protected beaches and everything on site. Pick by whether you want soul or polish.,Both are calm and family-easy. Sanur is a walkable town with local texture and fast boats to the Nusa islands. Nusa Dua is a gated resort enclave with reef-protected beaches and everything on site. It comes down to soul or polish.,A1 A7,,
lib/guides.ts,GUIDES[31].faq[1].a,1262,PASS,,"Both are excellent for families — calm, swimmable water and flat, walkable fronts. Nusa Dua leans into resort facilities and security; Sanur is gentler on budget and easier to step into a real town.","Both are excellent for families, with calm, swimmable water and flat, walkable fronts. Nusa Dua leans into resort facilities and security; Sanur is gentler on budget and easier to step into a real town.",A4,,
lib/guides.ts,GUIDES[31].faq[2].a,1263,PASS,,"It's calm, not boring — a walkable beach town for people who want gentle days, sunrise, cycling and easy restaurants rather than nightlife or beach-club energy.","It's calm, not boring: a walkable beach town for people who want gentle days, sunrise, cycling and easy restaurants rather than nightlife or beach-club energy.",A4,,
lib/guides.ts,GUIDES[31].faq[3].a,1264,PASS,,"It is very resort-focused — that's the point. It suits families, honeymooners and older travellers who want clean beaches, security and effortless service over local street life.","It's resort-focused, and that's the point. It suits families, honeymooners and older travellers who want clean beaches, security and effortless service over local street life.",A3 A4 A5,A5,
lib/guides.ts,GUIDES[31].faq[4].a,1265,PASS,,"Sanur — it's the main fast-boat harbour for Nusa Penida and Lembongan, which makes it the better base if island day-trips are on your plan.","Sanur. It's the main fast-boat harbour for Nusa Penida and Lembongan, which makes it the better base if island day-trips are on your plan.",A4,,
lib/guides.ts,GUIDES[32].description,1280,PASS,,"Jimbaran Bay's signature night: fresh grilled seafood at tables on the sand as the sun sets over a calm, west-facing bay. When to go, what to expect, how to do it well.","Jimbaran's classic evening: fresh grilled seafood at tables on the sand as the sun sets over a calm, west-facing bay. When to go and what to expect.",A10,,NEW_TERM:classic
lib/guides.ts,GUIDES[32].lede,1281,PASS,,"Jimbaran's signature experience is simple and hard to beat: fresh grilled seafood eaten at a table set right on the sand while the sun goes down over the calm, west-facing bay. Arrive before sunset for a beach table at golden hour, confirm the price up front (seafood is usually sold by weight), and treat the bare-bones setting as part of the charm.","A Jimbaran evening is simple: fresh grilled seafood at a table on the sand while the sun goes down over the calm, west-facing bay. Arrive before sunset for a beach table at golden hour. Confirm the price up front, since seafood is usually sold by weight. Treat the bare-bones setting as part of the charm.",A7 A7 A10,,
lib/guides.ts,GUIDES[32].sections[0].paras[0],1286,PASS,,"Along Jimbaran Bay, clusters of seafood restaurants and warungs set tables out on the beach and grill the day's fish, prawns and squid over coconut husk, served with rice, sambal and vegetables.","Clusters of seafood restaurants and warungs along Jimbaran Bay set tables out on the beach. They grill the day's fish, prawns and squid over coconut husk and serve them with rice, sambal and vegetables.",A5 A7,A5,
lib/guides.ts,GUIDES[32].sections[0].paras[1],1287,PASS,,"The draw isn't fine dining — it's the setting: your feet in the sand, the grill smoke, and the sun dropping into the bay. That combination is the whole point.","You come for the setting, not fine dining: your feet in the sand, the grill smoke, and the sun dropping into the bay. That combination is the whole point.",A4,,
lib/guides.ts,GUIDES[32].sections[1].paras[0],1293,PASS,,Sunset is the moment. Aim to arrive a little before it so you get a table on the sand for golden hour rather than in the back once the front rows fill.,Sunset is the moment. Aim to arrive a little before it so you get a table on the sand for golden hour. Otherwise you end up in the back once the front rows fill.,A7,,
lib/guides.ts,GUIDES[32].sections[1].paras[1],1294,PASS,,"It's calm and west-facing, so the light is the show. Weekends and peak season are busier — earlier is better.","It's calm and west-facing, so the light is the show. Weekends and peak season are busier; earlier is better.",A4,,
lib/guides.ts,GUIDES[32].sections[2].paras[0],1300,PASS,,"The seafood grills gather in a few stretches along the bay — the Muaya beach area, the Kelan end nearer the airport, and the Kedonganan side. They offer much the same experience, so pick by which is closest to where you're staying rather than agonising over the choice.","The seafood grills gather in a few stretches along the bay: the Muaya beach area, the Kelan end nearer the airport, and the Kedonganan side. They offer much the same experience, so pick by which is closest to where you're staying rather than agonising over the choice.",A4,,
lib/guides.ts,GUIDES[32].sections[3].paras[0],1306,PASS,,"Seafood is typically priced by weight, so confirm the weight and the price before it goes on the grill — that one step avoids the only common surprise. It's a relaxed, hands-on meal, not a polished restaurant.","Seafood is typically priced by weight, so confirm the weight and the price before it goes on the grill. That one step avoids the only common surprise. It's a relaxed, hands-on meal, not a polished restaurant.",A4 A7,,
lib/guides.ts,GUIDES[32].sections[3].paras[1],1307,PASS,,"The bay is calm and swimmable earlier in the day, and Jimbaran sits close to the airport — which makes this a great first-night or last-night dinner. Bring a little mosquito repellent for dusk.","The bay is calm and swimmable earlier in the day. Jimbaran sits close to the airport, which makes this a great first-night or last-night dinner. Bring a little mosquito repellent for dusk.",A4 A7,,
lib/guides.ts,GUIDES[32].sections[4].paras[0],1313,PASS,,"It's made for a memorable sunset dinner — couples, groups and anyone who wants the toes-in-the-sand version of a Bali evening.","It's made for a sunset dinner: couples, groups and anyone who wants the toes-in-the-sand version of a Bali evening.",A4,,
lib/guides.ts,GUIDES[32].sections[4].paras[1],1314,PASS,,"If you're after a slick, air-conditioned fine-dining room, this isn't that: expect plastic chairs, simple settings and a bit of grill smoke. That's the trade for the setting, and most people find it more than worth it.","If you're after a slick, air-conditioned fine-dining room, this isn't that: expect plastic chairs, simple settings and a bit of grill smoke. That's the trade for the setting.",,,
lib/guides.ts,GUIDES[32].faq[0].a,1319,PASS,,"Grilled seafood eaten at tables set on the sand at sunset, along its calm, west-facing bay. It's one of Bali's classic evenings — the setting is as much the draw as the food.","Grilled seafood eaten at tables set on the sand at sunset, along its calm, west-facing bay. It's one of Bali's classic evenings, and the setting is as much the draw as the food.",A4,,
lib/guides.ts,GUIDES[32].faq[1].a,1320,PASS,,Around sunset — arrive a little before it to get a table on the sand for golden hour before the front rows fill. Earlier is better on weekends and in peak season.,"Around sunset. Arrive a little before it to get a table on the sand for golden hour, before the front rows fill. Earlier is better on weekends and in peak season.",A4,,
lib/guides.ts,GUIDES[32].faq[2].a,1321,PASS,,Usually by weight. Confirm the weight and the price before your fish goes on the grill — that single step avoids the only common surprise.,Usually by weight. Confirm the weight and the price before your fish goes on the grill. That single step avoids the only common surprise.,A4,,
lib/guides.ts,GUIDES[32].faq[3].a,1322,PASS,,"Yes — it's a favourite for a memorable sunset dinner for couples and groups. Just set expectations: it's a relaxed, feet-in-the-sand meal, not a polished dining room.","Yes. It suits a sunset dinner for couples and groups. Just set expectations: it's a relaxed, feet-in-the-sand meal, not a polished dining room.",A4,,NEW_TERM:suits
lib/guides.ts,GUIDES[33].description,1338,PASS,,"You don't need to see them all. Pick a Bali temple by what you want — sunset, ceremony, scenery or the photo — and go early or late. Plus the etiquette that matters.","You don't need them all. Pick a Bali temple by what you want (sunset, ceremony, scenery or the photo) and go early or late. Plus the etiquette that matters.",A4,,
lib/guides.ts,GUIDES[33].lede,1339,PASS,,"You don't need to visit every temple — pick one or two by what you actually want. For sunset and a show, Uluwatu or Tanah Lot; for a ceremony and holy water, Tirta Empul; for scale and significance, Besakih; for the famous photo, Lempuyang; for serene highland calm, Ulun Danu Beratan. Whichever you choose, dress respectfully and go early or late to dodge the heat and crowds.","You don't need to visit every temple. Pick one or two by what you actually want. For sunset and a show, Uluwatu or Tanah Lot; for a ceremony and holy water, Tirta Empul; for scale and significance, Besakih. For the famous photo, Lempuyang; for serene highland calm, Ulun Danu Beratan. Whichever you choose, dress respectfully. Go early or late to dodge the heat and crowds.",A5 A7,,
lib/guides.ts,GUIDES[33].sections[0].paras[0],1344,PASS,,Pura Luhur Uluwatu sits on the southern cliffs and pairs a dramatic clifftop setting with the evening Kecak fire dance — the classic sunset-and-spectacle combination.,Pura Luhur Uluwatu sits on the southern cliffs and pairs a dramatic clifftop setting with the evening Kecak fire dance. It's the classic sunset-and-spectacle combination.,A4,,
lib/guides.ts,GUIDES[33].sections[0].paras[1],1345,PASS,,"Tanah Lot is the much-photographed temple on an offshore rock, another sunset favourite. Both are popular and busy at golden hour, so arrive with time to spare and lower your expectations of solitude.","Tanah Lot is the much-photographed temple on an offshore rock, another sunset spot. Both are popular and busy at golden hour, so arrive with time to spare and lower your expectations of solitude.",,,
lib/guides.ts,GUIDES[33].sections[1].paras[0],1351,PASS,,"Tirta Empul, near Ubud, is a working temple built around sacred spring pools where Balinese come for melukat, a purification ritual. Visitors can often take part respectfully — go with a calm, unhurried mindset rather than treating it as a photo stop.","Tirta Empul, near Ubud, is a working temple built around sacred spring pools where Balinese come for melukat, a purification ritual. Visitors can often take part respectfully. Go with a calm, unhurried mindset rather than treating it as a photo stop.",A4,,
lib/guides.ts,GUIDES[33].sections[2].paras[0],1357,PASS,,"Besakih, on the slopes of Mount Agung, is Bali's largest and most important temple complex — the ""mother temple."" It's a bigger, more of-the-day trip up into the highlands, best paired with the drive out east rather than squeezed onto a busy south-Bali day.","Besakih, on the slopes of Mount Agung, is Bali's largest and most important temple complex, the ""mother temple"". It's a bigger trip up into the highlands, best paired with the drive out east rather than squeezed onto a busy south-Bali day.",A4 A7,,
lib/guides.ts,GUIDES[33].sections[3].paras[0],1363,PASS,,"Lempuyang, in the far east, is the ""Gates of Heaven"" shot — stunning, but expect a long queue for the photo and a real trip to reach it. Go for the view and the journey, not a quick tick.","Lempuyang, in the far east, is the ""Gates of Heaven"" shot. Expect a long queue for the photo and a real trip to reach it. Go for the view and the journey, not a quick tick.",F:H1 A4 A7,,
lib/guides.ts,GUIDES[33].sections[3].paras[1],1364,PASS,,"Ulun Danu Beratan sits on a lake in the cool Bedugul highlands and is the serene, mist-and-water counterpoint to the coastal sunset temples — a calm, scenic half-day if you're heading north.","Ulun Danu Beratan sits on a lake in the cool Bedugul highlands, a mist-and-water counterpoint to the coastal sunset temples. It makes a calm, scenic half-day if you're heading north.",A4 A7,,
lib/guides.ts,GUIDES[33].sections[4].paras[1],1371,PASS,,"Practically: go early morning or late afternoon to avoid the heat and the biggest crowds, carry water, and pick temples that fit your route rather than chaining several across the island in one hot day.","Go early morning or late afternoon to avoid the heat and the biggest crowds, and carry water. Pick temples that fit your route rather than chaining several across the island in one hot day.",A7,,
lib/guides.ts,GUIDES[33].faq[0].a,1376,PASS,,"It depends what you want: Uluwatu or Tanah Lot for sunset and a show, Tirta Empul for a purification ceremony, Besakih for scale, Lempuyang for the famous 'Gates of Heaven' photo, and Ulun Danu Beratan for serene highland calm.",It depends what you want. Uluwatu or Tanah Lot for sunset and a show; Tirta Empul for a purification ceremony; Besakih for scale. Lempuyang for the famous 'Gates of Heaven' photo; Ulun Danu Beratan for serene highland calm.,A7,,
lib/guides.ts,GUIDES[33].faq[4].a,1380,PASS,,"That's Lempuyang, in far-east Bali — famous for the framed shot between two gates. It's stunning but involves a real trip and often a long queue for the photo, so go for the view and the journey.","That's Lempuyang, in far-east Bali, with its framed shot between two gates. It involves a real trip and often a long queue for the photo, so go for the view and the journey.",F:R2 F:H1 A4,,
lib/guides.ts,GUIDES[34].lede,1408,PASS,,"Most Bali tour pages show the same beautiful stops. What they rarely explain is whether the day actually works from your hotel area, with your energy level, traffic, queues, walking distance, weather and return timing. Other Bali is not a tour marketplace — we help you decide whether a route fits before you book it with a driver or operator.","Most Bali tour pages show the same beautiful stops. What they rarely explain is whether the day works from your hotel area, with your energy level, traffic, queues, walking distance, weather and return timing. Other Bali is not a tour marketplace — we help you decide whether a route fits before you book it with a driver or operator.",A7,,
lib/guides.ts,GUIDES[34].sections[0].paras[0],1413,PASS,,"Start with the kind of day you want, then check the practical risks: how far the route is from your starting area, whether the day is overloaded, what needs an early start, what depends on weather, sea conditions or volcanic status, whether the stops involve stairs, cliffs, boat transfers or dress codes, and what to verify with the operator before paying.","Start with the kind of day you want. Then check the practical risks: how far the route is from your starting area, whether the day is overloaded and what needs an early start. Note what depends on weather, sea conditions or volcanic status. Check whether the stops involve stairs, cliffs, boat transfers or dress codes, and what to verify with the operator before paying.",A5 A7,A5,
lib/guides.ts,GUIDES[34].sections[1].paras[0],1420,PASS,,"Ubud culture, rice terraces and waterfalls — a classic central Bali day for culture, greenery and light nature; best for first-time visitors and photos; watch out for traffic, waterfall stairs and stacking too many stops.","Ubud culture, rice terraces and waterfalls: a classic central Bali day for culture, greenery and light nature. It's best for first-time visitors and photos. Watch out for traffic, waterfall stairs and stacking too many stops.",A4 A5 A7,A5,
lib/guides.ts,GUIDES[34].sections[1].paras[1],1421,PASS,,"Uluwatu sunset and Kecak — a South Bali route built around cliffs, sunset and a cultural performance; best for a sunset-focused evening; watch out for crowds, temple rules, performance tickets and return traffic.","Uluwatu sunset and Kecak: a South Bali route built around cliffs, sunset and a cultural performance. It's best for a sunset-focused evening. Watch out for crowds, temple rules, performance tickets and return traffic.",A4 A5 A7,A5,
lib/guides.ts,GUIDES[34].sections[1].paras[2],1422,PASS,,"East Bali temples and water palaces — a long-drive day for Lempuyang, Tirta Gangga and East Bali scenery; watch out for early departure, queues and distance from South Bali.","East Bali temples and water palaces: a long-drive day for Lempuyang, Tirta Gangga and East Bali scenery. Watch out for early departure, queues and distance from South Bali.",A4 A5 A7,A5,
lib/guides.ts,GUIDES[34].sections[1].paras[3],1423,PASS,,"Nusa Penida day trip — a high-demand island day usually built around the west-coast loop (Kelingking, Angel's Billabong, Broken Beach, Crystal Bay); watch out for boat timing, road time and overpacked schedules.","Nusa Penida day trip: a high-demand island day, usually built around the west-coast loop (Kelingking, Angel's Billabong, Broken Beach, Crystal Bay). Watch out for boat timing, road time and overpacked schedules.",A4 A7,,
lib/guides.ts,GUIDES[34].sections[1].paras[4],1424,PASS,,"Mount Batur sunrise jeep and hot spring — an early-morning volcano-area experience, often paired with a hot spring; watch out for wake-up time, weather, terrain and volcanic status.","Mount Batur sunrise jeep and hot spring: an early-morning volcano-area experience, often paired with a hot spring. Watch out for wake-up time, weather, terrain and volcanic status.",A4 A7,,
lib/guides.ts,GUIDES[35].description,1455,PASS,,"A practical Ubud day trip guide for culture, rice terraces and waterfalls — with route-fit notes, access questions and what to verify before booking.","A practical Ubud day trip guide for culture, rice terraces and waterfalls, with route-fit notes, access questions and what to verify before booking.",A4 A5,A5,
lib/guides.ts,GUIDES[35].sections[0].paras[0],1461,PASS,,"Common stop types are an Ubud cultural or village stop, the Monkey Forest or a temple stop, a rice terrace, a waterfall, and sometimes Tirta Empul or a Kintamani viewpoint. The exact route should depend on your starting area, walking ability, interest in temples, and how much time you want at each stop.","Common stop types are an Ubud cultural or village stop, the Monkey Forest or a temple stop, a rice terrace and a waterfall. Some versions add Tirta Empul or a Kintamani viewpoint. The exact route should depend on your starting area, walking ability, interest in temples, and how much time you want at each stop.",A5 A7,A5,NEW_TERM:versions
lib/guides.ts,GUIDES[35].sections[1].paras[0],1467,PASS,,"It can work well for a first-time Bali overview, a mix of culture and nature, photogenic landscapes without a full hiking day, a day that starts or ends around Ubud, or flexible private-driver routing rather than a fixed group schedule.","It can work well for a first-time Bali overview or a mix of culture and nature. It also works for photogenic landscapes without a full hiking day, or a day that starts or ends around Ubud. And it fits flexible private-driver routing rather than a fixed group schedule.",A5 A7,,POLARITY:first NEW_TERM:fits
lib/guides.ts,GUIDES[35].sections[2].paras[0],1473,PASS,,"The main risk is trying to fit too much into one day. A route that looks easy on a map can become tiring once you add traffic, parking, walking, queues, meals and photo stops. Before booking, check which waterfall is included, how many stairs or slippery sections are involved, whether temple dress is required, whether the rice terrace is a quick viewpoint or a longer walk, whether Kintamani is included and what gets removed to make space for it, and exactly where pickup and drop-off happen.","The main risk is trying to fit too much into one day. A route that looks easy on a map can become tiring once you add traffic, parking, walking, queues, meals and photo stops. Before booking, check which waterfall is included and how many stairs or slippery sections are involved. Ask whether temple dress is required, and whether the rice terrace is a quick viewpoint or a longer walk. Check whether Kintamani is included and what gets removed to make space for it. And confirm exactly where pickup and drop-off happen.",A7,,
lib/guides.ts,GUIDES[35].sections[4].paras[0],1485,PASS,,"A good version of this day should have a clear priority — culture, nature, photos or easy family pacing — rather than simply stacking every famous Ubud-area stop into one long day. A resident-curated version would choose fewer stops and give more time to the ones that actually match the traveller.","A good version of this day should have a clear priority: culture, nature, photos or easy family pacing. It shouldn't simply stack every famous Ubud-area stop into one long day. A resident-curated version would choose fewer stops and give more time to the ones that actually match the traveller.",A4 A7,,POLARITY:famous
lib/guides.ts,GUIDES[35].sections[5].paras[0],1491,PASS,,"What are the exact stops, in order? What time is pickup from my area? Which costs are excluded — entrance, parking, guide, lunch, sarong or donations? How much walking is involved at each stop? Are there toilets and food stops? What happens if it rains?","What are the exact stops, in order? What time is pickup from my area? Which costs are excluded: entrance, parking, guide, lunch, sarong or donations? How much walking is involved at each stop? Are there toilets and food stops? What happens if it rains?",A4 A6 A6 A6 A6 A6 A6,A6 A6 A6 A6 A6 A6,
lib/guides.ts,GUIDES[35].faq[1].a,1497,PASS,,Only if you're comfortable with a longer day and fewer slow stops — adding Kintamani changes the whole rhythm of the route.,Only if you're comfortable with a longer day and fewer slow stops. Adding Kintamani changes the whole rhythm of the route.,A4,,
lib/guides.ts,GUIDES[35].faq[2].a,1498,PASS,,"Maybe, but it depends on the waterfall, walking distance, heat and pacing — check these specifics before booking.","Maybe, but it depends on the waterfall, walking distance, heat and pacing. Check these specifics before booking.",A4,,
lib/guides.ts,GUIDES[36].sections[0].paras[0],1519,PASS,,"Common stop types are Garuda Wisnu Kencana or another South Bali cultural stop, Uluwatu Temple, sunset viewpoint time, a Kecak or fire dance performance, and sometimes beaches or cliff stops.","Common stop types are Garuda Wisnu Kencana or another South Bali cultural stop, Uluwatu Temple, sunset viewpoint time and a Kecak or fire dance performance. Some versions add beaches or cliff stops.",A5 A7,,NEW_TERM:versions
lib/guides.ts,GUIDES[36].sections[1].paras[0],1525,PASS,,"It can work well for a sunset-focused plan, South Bali scenery, a cultural performance, a route that doesn't require starting before dawn, or a strong option from Uluwatu, Jimbaran or Nusa Dua.","It can work well for a sunset-focused plan and South Bali scenery, or for a cultural performance. It doesn't require starting before dawn. And it's a strong option from Uluwatu, Jimbaran or Nusa Dua.",A7,,POLARITY:South Bali POLARITY:Uluwatu
lib/guides.ts,GUIDES[36].sections[2].paras[0],1531,PASS,,"The risk isn't distance alone — it's timing. Sunset, temple access, performance tickets, crowds, traffic and return travel all sit in the same narrow window. Before booking, check whether the Kecak ticket is included or separate, what time the performance starts on your date, how early you need to arrive, what dress code or temple rules apply, whether the route includes risky cliff or beach access, and what the return plan is after the performance.","The risk is timing, not just distance. Sunset, temple access, performance tickets, crowds, traffic and return travel all sit in the same narrow window. Before booking, check whether the Kecak ticket is included or separate, and what time the performance starts on your date. Ask how early you need to arrive and what dress code or temple rules apply. Check whether the route includes risky cliff or beach access, and what the return plan is after the performance.",A5 A7,,
lib/guides.ts,GUIDES[36].sections[4].paras[0],1543,PASS,,The strongest version isn't the one with the most stops — it's the one that protects the sunset and performance window and avoids a rushed cliff-to-temple-to-ticket sequence. A better route may remove a daytime stop so the evening feels calm instead of chaotic.,The strongest version isn't the one with the most stops. It protects the sunset and performance window and avoids a rushed cliff-to-temple-to-ticket sequence. A better route may remove a daytime stop so the evening feels calm instead of chaotic.,A4 A7,,
lib/guides.ts,GUIDES[36].faq[1].a,1555,PASS,,"Sometimes — but the route should protect enough time for temple entry, sunset and the performance.","Sometimes, but the route should protect enough time for temple entry, sunset and the performance.",A4,,
lib/guides.ts,GUIDES[37].lede,1572,PASS,,"East Bali is often sold as a photo-friendly temple and water-palace day. The common pattern includes Lempuyang, Tirta Gangga and sometimes additional temples, waterfalls or scenic stops. The appeal is obvious — the practical question is whether the route makes sense from your starting area and on your travel date.","East Bali is often sold as a photo-friendly temple and water-palace day. The common pattern includes Lempuyang and Tirta Gangga, sometimes with additional temples, waterfalls or scenic stops. The appeal is obvious. But the practical question is whether the route makes sense from your starting area and on your travel date.",A4 A5,,
lib/guides.ts,GUIDES[37].sections[0].paras[0],1577,PASS,,"Common stop types are Lempuyang Temple or the ""Gate of Heaven"" viewpoint, Tirta Gangga Water Palace, another East Bali temple or water palace, a waterfall or scenic stop in some versions, and long road transfers from South or Central Bali.","Common stop types are Lempuyang Temple or the ""Gate of Heaven"" viewpoint, Tirta Gangga Water Palace, and another East Bali temple or water palace. Some versions add a waterfall or scenic stop. Expect long road transfers from South or Central Bali.",A5 A7,,
lib/guides.ts,GUIDES[37].sections[1].paras[0],1583,PASS,,"It can work for temple scenery, East Bali landscapes, a photography-heavy day, a private-driver route with an early start, or a trip that prioritises one region rather than mixing too many parts of Bali.","It can work for temple scenery, East Bali landscapes or a photography-heavy day. It works as a private-driver route with an early start. And it fits a trip that prioritises one region rather than mixing too many parts of Bali.",A7,,NEW_TERM:fits
lib/guides.ts,GUIDES[37].sections[2].paras[0],1589,PASS,,"The main risks are distance, queues and unrealistic stop stacking — if the route starts far away and includes too many famous places, the day can become mostly car time. Before booking, check the pickup time, how long is expected at Lempuyang, whether photo queues are built into the plan, what temple dress code applies, which fees are included and which are separate, and whether any stops were added only because they're popular online.","The main risks are distance, queues and unrealistic stop stacking. If the route starts far away and includes too many famous places, the day can become mostly car time. Before booking, check what time pickup is and how long is expected at Lempuyang. Ask whether photo queues are built into the plan and what temple dress code applies. Check which fees are included and which are separate, and whether any stops were added only because they're popular online.",A5 A7 A7,,
lib/guides.ts,GUIDES[37].sections[4].paras[0],1601,PASS,,"A better East Bali route should choose a clear focus — temple etiquette, water-palace beauty, mountain scenery or photography — rather than pretending every famous East Bali stop can fit comfortably into one relaxed day from any hotel area.","A better East Bali route should choose a clear focus: temple etiquette, water-palace beauty, mountain scenery or photography. It shouldn't pretend every famous East Bali stop can fit comfortably into one relaxed day from any hotel area.",A4 A7,,POLARITY:East Bali POLARITY:famous
lib/guides.ts,GUIDES[37].faq[0].a,1612,PASS,,"Yes, but it's often a long day, especially from South Bali — the route should be planned around realistic travel time.","Yes, but it's often a long day, especially from South Bali. Plan the route around realistic travel time.",A4,,
lib/guides.ts,GUIDES[37].faq[1].a,1613,PASS,,"No. It's a working temple site, so dress code, etiquette and visitor rules matter — photo expectations shouldn't override respectful behaviour.","No. It's a working temple site, so dress code, etiquette and visitor rules matter. Photo expectations shouldn't override respectful behaviour.",A4,,
lib/guides.ts,GUIDES[37].faq[2].a,1614,PASS,,Usually only with a very selective route — combining too many regions can make the day inefficient.,Usually only with a selective route. Combining too many regions can make the day inefficient.,A3 A4,,
lib/guides.ts,GUIDES[38].sections[0].paras[0],1635,PASS,,"Common elements are a very early pickup, sunrise viewpoint time around the Mount Batur/Kintamani area, a jeep route over volcanic terrain or black lava areas, a hot spring stop in some versions, and a breakfast or coffee stop in some versions. Exact access, terrain, restrictions and safety status must be verified before booking.","Common elements are an early pickup, sunrise viewpoint time around the Mount Batur/Kintamani area and a jeep route over volcanic terrain or black lava areas. Some versions add a hot spring stop; some add a breakfast or coffee stop. Exact access, terrain, restrictions and safety status must be verified before booking.",A3 A5 A7,,
lib/guides.ts,GUIDES[38].sections[1].paras[0],1641,PASS,,"It can work for sunrise scenery, a highland or volcano landscape, an adventure-feeling route without committing to a full hike, or a trip that finishes earlier than many full-day sightseeing routes.","It can work for sunrise scenery or a highland or volcano landscape. It also fits an adventure-feeling route without committing to a full hike, or a trip that finishes earlier than many full-day sightseeing routes.",A7,,NEW_TERM:fits
lib/guides.ts,GUIDES[38].sections[2].paras[0],1647,PASS,,"The main risks are wake-up time, weather, operator quality, terrain, comfort and volcanic status — a jeep route isn't automatically easy for every traveller. Before booking, check the pickup time from your area, what vehicle is used, what terrain is covered, whether age, pregnancy, back/neck or mobility restrictions apply, what happens in bad weather, whether volcanic status is checked against official sources, and whether the hot spring is included or optional.","The main risks are wake-up time, weather, operator quality, terrain, comfort and volcanic status. A jeep route isn't automatically easy for every traveller. Before booking, check the pickup time from your area, what vehicle is used and what terrain is covered. Ask whether age, pregnancy, back/neck or mobility restrictions apply, and what happens in bad weather. Find out whether volcanic status is checked against official sources, and whether the hot spring is included or optional.",A5 A7,A5,
lib/guides.ts,GUIDES[38].sections[3].paras[0],1653,PASS,,"Likely easier from Ubud, Kintamani, Amed or Sidemen depending on the route, or Sanur with an early pickup. Needs more caution from Uluwatu, Nusa Dua/Jimbaran, or Canggu/Seminyak if you dislike very early transfers.","Likely easier from Ubud, Kintamani, Amed or Sidemen depending on the route, or Sanur with an early pickup. Needs more caution from Uluwatu, Nusa Dua/Jimbaran, or Canggu/Seminyak if you dislike early transfers.",A3 A5,A5,
lib/guides.ts,GUIDES[38].sections[5].paras[0],1665,PASS,,"Is this a jeep route, a hike, or a mixed route? What time is pickup and return? What's included — hot spring, breakfast, entrance, parking, guide, equipment? What safety rules apply? What official source is used for volcanic status? What's the fallback if visibility is poor?","Is this a jeep route, a hike, or a mixed route? What time is pickup and return? What's included: hot spring, breakfast, entrance, parking, guide, equipment? What safety rules apply? What official source is used for volcanic status? What's the fallback if visibility is poor?",A4 A6 A6 A6 A6 A6 A6,A6 A6 A6 A6 A6 A6,
lib/guides.ts,GUIDES[38].faq[1].a,1671,PASS,,No. Visibility depends on weather — treat any operator guarantee with caution.,"No. Visibility depends on weather, so treat any operator guarantee with caution.",A4,,
lib/guides.ts,GUIDES[38].faq[2].a,1672,PASS,,"Indonesia's volcanic activity is monitored by PVMBG, the national volcanology agency. Check the current alert level before a Kintamani-area trip, and follow your driver or operator's guidance on the day — access can change quickly if conditions shift.","Indonesia's volcanic activity is monitored by PVMBG, the national volcanology agency. Check the current alert level before a Kintamani-area trip, and follow your driver or operator's guidance on the day. Access can change quickly if conditions shift.",A4 A7,,
