file,path,line,verdict,problems,before,after,lint_before,lint_after,warns
lib/bali-things.ts,BALI_ICONS[0].blurb,33,PASS,,"A clifftop sea temple perched ~70m above the ocean, with a daily sunset Kecak fire dance in the open-air amphitheatre next door. A sarong and sash are required and handed out free at the gate; the resident macaques will grab loose glasses and phones, so keep them secured.","A clifftop sea temple about 70m above the ocean, with a daily sunset Kecak fire dance in the open-air amphitheatre next door. A sarong and sash are required and handed out free at the gate. The resident macaques grab loose glasses and phones, so keep yours secured.",A7,,
lib/bali-things.ts,BALI_ICONS[1].blurb,41,PASS,,"Bali's most photographed sea temple, set on an offshore rock and framed by the sunset. The sanctum is closed to non-worshippers, but you can walk the rock base and the clifftop grounds — access to the base is only possible at low tide, so check the tide and come by late afternoon.","A sea temple set on an offshore rock and framed by the sunset. The sanctum is closed to non-worshippers, but you can walk the rock base and the clifftop grounds. You can only reach the base at low tide, so check the tide and come by late afternoon.",A7,,NEW_TERM:reach
lib/bali-things.ts,BALI_ICONS[2].blurb,49,PASS,,"The lake temple whose shrines appear to float on Lake Beratan when the water is high — the scene on the 50,000-rupiah note. It sits at ~1,200m, so mornings are cool and misty; go early for calm-water reflections.","The lake temple whose shrines appear to float on Lake Beratan when the water is high. It's the scene on the 50,000-rupiah note. At about 1,200m the mornings are cool and misty, so go early for calm-water reflections.",A4,,
lib/bali-things.ts,BALI_ICONS[3].blurb,57,PASS,,"A temple built around a sacred spring where Balinese Hindus — and visitors — perform melukat, a purification ritual moving spout to spout through the bathing pool. A sarong is required (provided); bring dry clothes if you bathe.","A temple built around a sacred spring. Balinese Hindus and visitors perform melukat here, a purification ritual that moves spout to spout through the bathing pool. You need a sarong, which is provided. Bring dry clothes if you bathe.",A4,,
lib/bali-things.ts,BALI_ICONS[4].blurb,65,PASS,,"Bali's largest and holiest temple complex, on the slopes of Mount Agung. Since the new visitor centre opened, a single foreigner ticket bundles a mandatory local guide, sarong and a short shuttle up to the gate — you can no longer self-tour it, so plan for the managed route.","Bali's largest and holiest temple complex, on the slopes of Mount Agung. Since the new visitor centre opened, a single foreigner ticket bundles a mandatory local guide, sarong and a short shuttle up to the gate. You can no longer tour it on your own, so plan for the managed route.",A4 A7,,
lib/bali-things.ts,BALI_ICONS[5].blurb,73,PASS,,"An active clifftop temple famous for the split-gate photo with the mountain behind. Be warned: the mirror-lake reflection is a trick done with a small mirror under a phone — there is no pool, and the managed photo queue can run 1–3 hours, so arrive at opening.","An active clifftop temple and the site of the split-gate photo, with the mountain behind. The mirror-lake reflection is a trick done with a small mirror under a phone, and there is no pool. The managed photo queue can run 1–3 hours, so arrive at opening.",F:R2 A4 A7,,
lib/bali-things.ts,BALI_ICONS[6].blurb,82,PASS,,"The classic pre-dawn hike up an active volcano (1,717m) to watch sunrise over the caldera and Lake Batur — about two hours up, starting around 3.30–4am. A registered local guide is mandatory and enforced; you can't do it solo.","The classic pre-dawn hike up an active volcano (1,717m) to watch sunrise over the caldera and Lake Batur. It's about two hours up, starting around 3.30–4am. A registered local guide is mandatory and enforced; you can't do it solo.",A4,,
lib/bali-things.ts,BALI_ICONS[7].blurb,90,PASS,,"A steep, sculpted valley of terraced paddies watered by Bali's traditional subak cooperative irrigation, with paid jungle swings on site. Go 7–9am before the crowds and heat. (It's a subak example, not one of the island's UNESCO-inscribed terraces — that's Jatiluwih, further west.)","A steep, sculpted valley of terraced paddies watered by Bali's traditional subak cooperative irrigation, with paid jungle swings on site. Go 7–9am, before the crowds and heat. It's a subak example but not one of the island's UNESCO-inscribed terraces; that's Jatiluwih, further west.",A4,,
lib/bali-things.ts,BALI_ICONS[8].blurb,98,PASS,,"Tegenungan (near Ubud) is the easy one — big falls, steps down, minimal effort. Tibumana is the calm, swimmable alternative. Sekumpul in the north is the most spectacular but a proper trek with river crossings and, since 2025, a mandatory village guide — go in the dry season.","Tegenungan, near Ubud, is the easy one: big falls, steps down, minimal effort. Tibumana is the calm, swimmable alternative. Sekumpul in the north is the most spectacular, but it's a real trek with river crossings and, since 2025, a mandatory village guide. Go in the dry season.",A4 A7 A10,,NEW_TERM:real
lib/bali-things.ts,BALI_ICONS[9].blurb,106,PASS,,"A 30–45 minute fast boat from Sanur reaches the island of Kelingking's T-Rex cliff, Broken Beach, Angel's Billabong (only safe at low tide — never swim on a rising tide) and Crystal Bay. The roads are rough and distances long, so do it as a full day with a tour or hired driver, not a self-drive scooter loop.","A 30–45 minute fast boat from Sanur reaches the island of Kelingking's T-Rex cliff, Broken Beach, Angel's Billabong and Crystal Bay. Angel's Billabong is only safe at low tide; never swim there on a rising tide. The roads are rough and distances long, so do it as a full day with a tour or hired driver, not a self-drive scooter loop.",A7,,POLARITY:30–45 minute
lib/bali-things.ts,BALI_ICONS[10].blurb,114,PASS,,"A free-standing Balinese split gate framing forested crater hills — a pure photo stop rather than a temple, at the entrance to the Handara golf resort. Best early for the light and a shorter queue.","A free-standing Balinese split gate framing forested crater hills, at the entrance to the Handara golf resort. It's a photo stop rather than a temple, and best early for the light and a shorter queue.",A4,,
lib/bali-things.ts,BALI_ICONS[11].blurb,122,PASS,,"A quiet rural valley of rice terraces, rivers and weaving villages under Mount Agung — the slower, less-developed alternative to Ubud. It's a scenic base to stay and walk rather than a single ticketed sight; best over an overnight.","A quiet rural valley of rice terraces, rivers and weaving villages under Mount Agung. Slower and less developed than Ubud, it's a base to stay and walk rather than a single ticketed sight, and best as an overnight.",A4,,
lib/bali-things.ts,BALI_ICONS[12].blurb,131,PASS,,"Kecak, Legong and Barong are a standard evening out: Ubud Palace stages a different nightly dance around 7.30pm, Uluwatu runs the sunset Kecak, and GWK includes daytime dances and an evening Kecak. Ubud is the easiest base for picking a different style each night.","Kecak, Legong and Barong are a standard evening out. Ubud Palace stages a different nightly dance around 7.30pm, Uluwatu runs the sunset Kecak, and GWK includes daytime dances and an evening Kecak. Ubud is the easiest base for picking a different style each night.",A7,,
lib/bali-things.ts,BALI_ICONS[13].blurb,139,PASS,,"A common half-day: a plantation tour with free tastings of Balinese coffees and teas, with kopi luwak (civet coffee) sold as the premium pour. Worth doing for the tasting — but much tourist luwak coffee comes from caged civets, so ask whether the civets are caged or wild-sourced and skip the caged operations.","A common half-day: a plantation tour with free tastings of Balinese coffees and teas, with kopi luwak (civet coffee) sold as the premium pour. It's worth doing for the tasting, but much tourist luwak coffee comes from caged civets. Ask whether the civets are caged or wild-sourced, and skip the caged operations.",A7,,
lib/bali-things.ts,BALI_THINGS_FAQ[0].a,153,PASS,,"The island icons are Uluwatu Temple and its sunset Kecak, Tanah Lot, the Tegallalang rice terraces, a Mount Batur sunrise trek, a waterfall like Tegenungan or Sekumpul, and a Nusa Penida day trip. Beyond those, each area has its own things to do — Ubud for culture and rice fields, the Bukit for cliffs and surf, Sanur and Nusa Dua for calm beaches.","The island icons are Uluwatu Temple and its sunset Kecak, Tanah Lot and the Tegallalang rice terraces. Add a Mount Batur sunrise trek, a waterfall like Tegenungan or Sekumpul, and a Nusa Penida day trip. Beyond those, each area has its own things to do. Ubud is for culture and rice fields, the Bukit for cliffs and surf, and Sanur and Nusa Dua for calm beaches.",A5 A7 A7,A5,
lib/bali-things.ts,BALI_THINGS_FAQ[1].a,157,PASS,,"Bali's icons are spread across the island, so plan around your base rather than trying to see everything. A week lets you pair one inland stay (Ubud, for temples, terraces and Batur) with one by the sea, and still fit a Nusa Penida day. See our how-many-days and itinerary guides.","Bali's icons are spread across the island, so plan around your base rather than trying to see everything. A week lets you pair one inland stay (Ubud, for temples, terraces and Batur) with one by the sea. You can still fit a Nusa Penida day. See our how-many-days and itinerary guides.",A7,,
lib/bali-things.ts,BALI_THINGS_FAQ[2].a,161,PASS,,"Most temples and sights charge a small cash entry fee in rupiah, and some — Besakih, Mount Batur and Sekumpul waterfall — now require a paid local guide. Bali also charges a one-time foreign-tourist levy you can pay online via the official Love Bali site; check current amounts before you go, as fees change.","Most temples and sights charge a small cash entry fee in rupiah. Some now require a paid local guide: Besakih, Mount Batur and Sekumpul waterfall. Bali also charges a one-time foreign-tourist levy you can pay online via the official Love Bali site. Check current amounts before you go, as fees change.",A4 A7 A7,,
lib/bali-things.ts,BALI_THINGS_FAQ[4].a,169,PASS,,"The temple (Lempuyang) is real and active, but the mirror-lake 'reflection' is created with a small mirror held under a phone camera — there's no pool. Expect a long managed queue for the photo, so arrive at opening.","The temple (Lempuyang) is real and active, but the mirror-lake 'reflection' is created with a small mirror held under a phone camera. There's no pool. Expect a long managed queue for the photo, so arrive at opening.",A4,,
lib/nusa-penida/content.ts,NUSA_PENIDA_ZONES[1].character,46,PASS,,"At least as beautiful as the west and far less crowded: Diamond and Atuh beaches under east-facing cliffs, the Thousand Islands viewpoint and the rolling Teletubbies Hills. Usually a separate day because of the drive.","Diamond and Atuh beaches under east-facing cliffs, the Thousand Islands viewpoint and the rolling Teletubbies Hills. It's at least as beautiful as the west and far less crowded. Because of the drive, it's usually a separate day.",A7,,
lib/nusa-penida/content.ts,NUSA_PENIDA_THINGS_TO_DO[0].blurb,70,PASS,,"The image that put Nusa Penida on every feed: a green headland shaped like a dinosaur's back above a curl of white sand. The clifftop viewpoint is a short walk; the descent to the beach is steep, strenuous and optional, and swimming below is forbidden — the currents are deadly. Come early to beat the parking and photo queues.","A green headland shaped like a dinosaur's back, above a curl of white sand. The clifftop viewpoint is a short walk. The descent to the beach is steep, strenuous and optional, and swimming below is forbidden because the currents are deadly. Come early to beat the parking and photo queues.",A7,,
lib/nusa-penida/content.ts,NUSA_PENIDA_THINGS_TO_DO[3].blurb,91,PASS,,"The calm, palm-lined west-side beach — the island's easiest swim and snorkel, and its best sunset. Also a common stop on manta snorkelling trips. The one west-coast spot built for slowing down rather than climbing stairs.","The calm, palm-lined west-side beach, with the island's easiest swim and snorkel and its best sunset. It's also a common stop on manta snorkelling trips, and the one west-coast spot built for slowing down rather than climbing stairs.",A4,,
lib/nusa-penida/content.ts,NUSA_PENIDA_THINGS_TO_DO[4].blurb,98,PASS,,"A dramatic white-sand cove under east-facing cliffs, reached by a steep carved stairway past rock pinnacles. One of the island's signature east-side sights; the climb back up is a real effort in the heat, so go earlier and carry water.","A dramatic white-sand cove under east-facing cliffs, reached by a steep carved stairway past rock pinnacles. The climb back up is a real effort in the heat, so go earlier and carry water.",A10,,
lib/nusa-penida/content.ts,NUSA_PENIDA_THINGS_TO_DO[6].blurb,112,PASS,,"A clifftop lookout over a scatter of green islets in a blue sea, with the famous cliffside tree house nearby. One of the east's defining views and an easy add-on to a Diamond and Atuh day.","A clifftop lookout over a scatter of green islets in a blue sea, with the cliffside tree house nearby. It's one of the east's defining views, and an easy add-on to a Diamond and Atuh day.",,,
lib/nusa-penida/content.ts,NUSA_PENIDA_THINGS_TO_DO[7].blurb,119,PASS,,"A genuine headline: a half-day boat trip to the manta cleaning stations, usually stopping at three or four spots among Manta Point or Manta Bay, Crystal Bay and Gamat Bay. Mantas are present essentially year-round, so sightings are very likely — though never guaranteed. Manta Point water is often colder and choppier, so a rash guard and seasickness precautions help.","A half-day boat trip to the manta cleaning stations. It usually stops at three or four spots among Manta Point or Manta Bay, Crystal Bay and Gamat Bay. Mantas are present essentially year-round, so sightings are likely, though never guaranteed. Manta Point water is often colder and choppier. A rash guard and seasickness precautions help.",A3 A5 A7,,
lib/nusa-penida/content.ts,NUSA_PENIDA_THINGS_TO_DO[8].blurb,126,PASS,,"Rolling green mounds named for their resemblance to the children's show — a quiet, uncrowded stop that shows a softer, greener side of an island best known for its cliffs. Greenest in and just after the wet season.","Rolling green mounds named for their resemblance to the children's show. It's a quiet, uncrowded stop that shows a softer, greener side of an island best known for its cliffs. Greenest in and just after the wet season.",A4 A7,,
lib/nusa-penida/content.ts,NUSA_PENIDA_FAQ[0].a,134,PASS,,"Dramatic cliff-and-cove scenery and manta snorkelling. It's a rugged island off Bali's south-east coast, famous for the Kelingking 'T-Rex' cliff, Angel's Billabong, Broken Beach and Diamond Beach, plus year-round manta rays. It's about big landscapes and adventure over comfort — the roads are rough and it's short on the polished resorts of mainland Bali.","Dramatic cliff-and-cove scenery and manta snorkelling. It's a rugged island off Bali's south-east coast, with the Kelingking 'T-Rex' cliff, Angel's Billabong, Broken Beach and Diamond Beach, plus year-round manta rays. Come for big landscapes and adventure over comfort. The roads are rough, and the island is short on the polished resorts of mainland Bali.",F:R2,,
lib/nusa-penida/content.ts,NUSA_PENIDA_FAQ[1].a,138,PASS,,"The west (Kelingking, Angel's Billabong, Broken Beach, Crystal Bay) is closest to the harbour and holds the postcard icons — the natural choice for a single day. The east (Diamond, Atuh, Thousand Islands) is quieter and just as beautiful but a longer drive, so it's usually a second day. Trying to combine both in one day means spending most of it in the car.","The west (Kelingking, Angel's Billabong, Broken Beach, Crystal Bay) is closest to the harbour and holds the postcard icons. It's the natural choice for a single day. The east (Diamond, Atuh, Thousand Islands) is quieter and just as beautiful but a longer drive, so it's usually a second day. Trying to combine both in one day means spending most of it in the car.",A7,,
lib/nusa-penida/content.ts,NUSA_PENIDA_FAQ[2].a,142,PASS,,"At some, not others. Swimming is forbidden at Kelingking (deadly currents), and Angel's Billabong is only safe to enter at low tide — never on a rising tide, where people have been swept out. Crystal Bay is the calm, swimmable west-side beach; Diamond and Atuh are cove beaches better for scenery than serious swimming.","At some, not others. Swimming is forbidden at Kelingking because of deadly currents. Angel's Billabong is only safe to enter at low tide. Never go in on a rising tide; people have been swept out. Crystal Bay is the calm, swimmable west-side beach. Diamond and Atuh are cove beaches, better for scenery than for a real swim.",A7 A10,,NEW_TERM:real
lib/nusa-penida/content.ts,NUSA_PENIDA_FAQ[3].a,146,PASS,,"For one side of the island, yes. A day trip from Sanur is what most people do and it comfortably covers the west or a manta snorkel plus a couple of sights — but it's a rushed day on rough roads. If you can spare a night, staying over lets you see both sides and reach the headline spots near-empty, before and after the day boats.","For one side of the island, yes. Most people do a day trip from Sanur, and it comfortably covers the west or a manta snorkel plus a couple of sights. It's a rushed day on rough roads, though. If you can spare a night, staying over lets you see both sides and reach the headline spots near-empty, before and after the day boats.",A7,,
lib/nusa-penida/content.ts,NUSA_PENIDA_FAQ[4].a,150,PASS,,"Yes — snorkelling with manta rays is one of the island's headline experiences, on a half-day boat trip to the cleaning stations around Manta Point or Manta Bay. Mantas are present essentially year-round, so sightings are very likely, though never guaranteed. The water there is often colder and choppier than the calm bays.","Yes, on a half-day boat trip to the cleaning stations around Manta Point or Manta Bay. Snorkelling with manta rays is one of the island's headline experiences. Mantas are present essentially year-round, so sightings are likely, though never guaranteed. The water there is often colder and choppier than the calm bays.",A3 A7,,
lib/nusa-penida/content.ts,NUSA_PENIDA_FAQ[5].a,154,PASS,,"The roads are genuinely rough, and there's no Grab, Gojek or taxi network on the island. For most visitors a hired car with a driver or an organised tour is the safer, easier choice over a self-drive scooter — the descents to beaches like Kelingking are steep enough to overwhelm scooter brakes. Bring plenty of cash, since ATMs are few and often empty.","The roads are rough, and there's no Grab, Gojek or taxi network on the island. For most visitors, a hired car with a driver or an organised tour is safer and easier than a self-drive scooter. The descents to beaches like Kelingking are steep enough to overwhelm scooter brakes. Bring plenty of cash. ATMs are few and often empty.",A3 A5 A7,,
lib/sanur/content.ts,SANUR_HOTELS[3].fact,70,PASS,,Boutique beachfront classic in the centre of Sanur; bungalow rates include daily à la carte breakfast. (A July 2026 repair notice was live — check before booking.),"Boutique beachfront classic in the centre of Sanur; bungalow rates include daily à la carte breakfast. A July 2026 repair notice was live, so check before booking.",A4,,
lib/sanur/content.ts,SANUR_THINGS_TO_DO[0].blurb,160,PASS,,"Sanur is Bali's east-facing sunrise coast, with roughly 5 km of flat paved promenade from the harbour side down to Mertasari. The morning walk is the defining local ritual — coffee, sea air, no negotiations.","Sanur is Bali's east-facing sunrise coast, with roughly 5 km of flat paved promenade from the harbour side down to Mertasari. The morning walk is the local ritual: coffee, sea air and no haggling.",A4,,NEW_TERM:haggling
lib/sanur/content.ts,SANUR_THINGS_TO_DO[1].blurb,166,PASS,,The same ~5 km path is cycle-friendly and genuinely continuous — rare in Bali. Rent along Jl. Danau Tamblingan and ride the coast rather than fighting traffic.,"The same ~5 km path is cycle-friendly and continuous, which is rare in Bali. Rent a bike along Jl. Danau Tamblingan and ride the coast rather than fighting traffic.",A3 A4,,NEW_TERM:bike
lib/sanur/content.ts,SANUR_THINGS_TO_DO[2].blurb,172,PASS,,"The offshore reef makes Sanur calmer and shallower than south Bali's surf beaches: good for gentle bathing and family play. Honest caveat — at low tide the lagoon can get too shallow for a satisfying swim, so go when the tide is in.","The offshore reef makes Sanur calmer and shallower than south Bali's surf beaches, which suits gentle bathing and family play. At low tide the lagoon can get too shallow for a satisfying swim, so go when the tide is in.",A4,,NEW_TERM:suits
lib/sanur/content.ts,SANUR_THINGS_TO_DO[4].blurb,185,PASS,,"The quieter, family-friendlier southern end of the promenade — a good place to reset when central Sanur feels too built-up.","The quieter, family-friendlier southern end of the promenade, and a good place to reset when central Sanur feels too built-up.",A4,,
lib/sanur/content.ts,SANUR_THINGS_TO_DO[5].blurb,192,PASS,,A low-key local-food option for the evening. Sanur nights are mild rather than wild — a food stop and a promenade walk suit the town better than manufactured nightlife.,A low-key local-food option for the evening. Sanur nights are mild rather than wild. A food stop and a promenade walk suit the town better than manufactured nightlife.,A4,,
lib/sanur/content.ts,SANUR_THINGS_TO_DO[6].blurb,199,PASS,,The calm reef-protected water makes Sanur one of the more reasonable places in Bali to try SUP or aqua yoga — balance over adrenaline.,The calm reef-protected water makes Sanur one of the more reasonable places in Bali to try SUP or aqua yoga. Both are about balance rather than adrenaline.,A4,,
lib/sanur/content.ts,SANUR_THINGS_TO_DO[7].blurb,205,PASS,,"Sanur's tactical advantage: the modern harbour terminal (operational since 2022) runs daily fast boats to the Nusa islands, typically a 30–60 minute crossing. Sleep somewhere calm and still make the islands work — verify your operator's exact departure point, luggage and weather rules before booking.","From Sanur's modern harbour terminal (operational since 2022), daily fast boats run to the Nusa islands, typically a 30–60 minute crossing. You can sleep somewhere calm and still make the islands work. Check your operator's exact departure point, luggage and weather rules before booking.",A4,,
lib/sanur/content.ts,SANUR_FAQ[0].a,213,PASS,,"It depends on what you want. Sanur is the calm, walkable, family-friendly base — flat promenade, gentle sea, easy mornings, and one of Bali's cleanest fast-boat gateways to the Nusa islands. If your trip is built around nightlife, beach clubs or dense café-hopping, it will feel too gentle; choose Canggu, Seminyak or Uluwatu instead.","It depends on what you want. Sanur is the calm, walkable, family-friendly base: a flat promenade, a gentle sea and easy mornings. It's also one of Bali's cleanest fast-boat gateways to the Nusa islands. If your trip is built around nightlife, beach clubs or dense café-hopping, it will feel too gentle; choose Canggu, Seminyak or Uluwatu instead.",A5,A5,
lib/sanur/content.ts,SANUR_FAQ[2].a,221,PASS,,"Yes, gently. The reef makes the water calm and shallow — good for family play and relaxed bathing. But low tide can leave the lagoon too shallow for a proper swim, so it's best when the tide is in, not an all-day surf coast.","Yes, gently. The reef makes the water calm and shallow, which suits family play and relaxed bathing. Low tide can leave the lagoon too shallow for a real swim, so it's best when the tide is in. Sanur isn't an all-day surf coast.",A4 A7 A10,,POLARITY:best NEW_TERM:suits NEW_TERM:real
lib/sanur/content.ts,SANUR_FAQ[3].a,225,PASS,,"Sunrise. Sanur faces east and is known as Bali's 'Sunrise Beach' — the morning on the promenade is the emotional centre of a stay here. For sunset rituals, the west coast (Canggu, Seminyak, Uluwatu) is the move.","Sunrise. Sanur faces east and is known as Bali's 'Sunrise Beach'. The morning on the promenade is the centre of a stay here. For sunset, head to the west coast: Canggu, Seminyak or Uluwatu.",A4,,
lib/sanur/content.ts,SANUR_FAQ[4].a,229,PASS,,"Unusually so. The promenade is flat and stroller-friendly, the water is calmer, and moving around is simply less tiring than busier parts of south Bali — which is why it's popular with families, long-stay travellers and retirees.","Unusually so. The promenade is flat and stroller-friendly, and the water is calmer. Moving around is less tiring than in busier parts of south Bali. That's why it suits families, long-stay travellers and retirees.",F:R2 A4 A5 A7,,NEW_TERM:suits
lib/seminyak-guides.ts,SEMINYAK_GUIDES[0].lede,26,PASS,,"Seminyak is Bali's original dining strip — polished rooms on Eat Street, big-flavour sharing joints and honest warungs. These are the tables we send people to.","Seminyak is Bali's original dining strip, with polished rooms on Eat Street, big-flavour sharing joints and local warungs. These are the tables we send people to.",A4,,NEW_TERM:local
lib/seminyak-guides.ts,SEMINYAK_GUIDES[0].sectionNote,29,PASS,,"Curated picks across fine dining, sharing tables and local warungs — book the popular rooms ahead in high season.","Picks across fine dining, sharing tables and local warungs. Book the popular rooms ahead in high season.",A4,,
lib/seminyak-guides.ts,SEMINYAK_GUIDES[0].faq[0].a,31,PASS,,"Jl. Kayu Aya — 'Eat Street' — is the dense core, with more spread along Petitenget and out toward Batu Belig and Umalas.","Jl. Kayu Aya ('Eat Street') is the dense core, with more spread along Petitenget and out toward Batu Belig and Umalas.",A4,,
lib/seminyak-guides.ts,SEMINYAK_GUIDES[0].faq[1].a,32,PASS,,The popular dinner rooms fill on weekends and in high season — reserve a day or two ahead. Warungs and casual spots are walk-in.,"The popular dinner rooms fill on weekends and in high season, so reserve a day or two ahead. Warungs and casual spots are walk-in.",A4,,
lib/seminyak-guides.ts,SEMINYAK_GUIDES[1].metaDescription,40,PASS,,"Seminyak's beachfront and rooftop sunset spots compared: iconic beach clubs and sundowner bars on the sand, and whether to reserve. Resident-curated.","Seminyak's beachfront and rooftop sunset spots compared: beach clubs and sundowner bars on the sand, and whether to reserve. Resident-curated.",F:H1,,
lib/seminyak-guides.ts,SEMINYAK_GUIDES[1].sectionNote,44,PASS,,"Be there before golden hour — daybeds and weekend sunsets book out, so reserve where you can.","Be there before golden hour. Daybeds and weekend sunsets book out, so reserve where you can.",A4,,
lib/seminyak-guides.ts,SEMINYAK_GUIDES[1].faq[0].a,46,PASS,,"For daybeds and weekend sunsets, yes — reserve ahead. Bar seating and standing areas are usually walk-in earlier in the day.","For daybeds and weekend sunsets, yes. Reserve ahead. Bar seating and standing areas are usually walk-in earlier in the day.",A4,,
lib/seminyak-guides.ts,SEMINYAK_GUIDES[2].metaDescription,55,PASS,,"Seminyak cafés worth a morning: specialty coffee, all-day brunch and the spots that hold up for a work session. Resident-curated, honest about which is which.","Seminyak cafés worth a morning: specialty coffee, all-day brunch and the spots that hold up for a work session. Resident-curated, and we say which is which.",,,
lib/seminyak-guides.ts,SEMINYAK_GUIDES[2].lede,56,PASS,,"Seminyak runs on good coffee and long brunches. These are the cafés we rate — for the espresso, the brunch and the ones you can actually work from.","Seminyak runs on good coffee and long brunches. These are the cafés we rate for the espresso and the brunch, plus the ones you can work from.",A4,,NEW_TERM:plus
lib/seminyak-guides.ts,SEMINYAK_GUIDES[2].sectionNote,59,PASS,,"Specialty coffee and all-day brunch — some better for a laptop, some just for a slow start.","Specialty coffee and all-day brunch. Some are better for a laptop, some just for a slow start.",A4,,
lib/seminyak-guides.ts,SEMINYAK_GUIDES[2].faq[0].a,61,PASS,,The specialty roasters and espresso bars we tag here — look for house-roasted beans and a proper brew bar rather than a hotel breakfast counter.,At the specialty roasters and espresso bars we tag here. Look for house-roasted beans and a real brew bar rather than a hotel breakfast counter.,A4 A10,,NEW_TERM:real
lib/seminyak-guides.ts,SEMINYAK_GUIDES[3].metaDescription,69,PASS,,"Seminyak is Bali's spa-and-salon capital: where to book a serious massage, a hair or nail appointment, or a yoga and fitness class. Resident-curated, honest about what each is for.","Seminyak is Bali's spa-and-salon capital: where to book a massage, a hair or nail appointment, or a yoga and fitness class. Resident-curated, and we say what each is for.",A5 A10,A5,
lib/seminyak-guides.ts,SEMINYAK_GUIDES[3].lede,70,PASS,,"Seminyak is where Bali comes to be looked after — heritage massage houses, design-forward day spas, proper salons and studios. Here's where to book, by what you actually want.","Seminyak is where Bali comes to be looked after: heritage massage houses, design-forward day spas, salons and studios. Choose by what you want, then book.",A4 A10,,
lib/seminyak-guides.ts,SEMINYAK_GUIDES[3].sectionNote,73,PASS,,"Massage and spa rituals, hair and beauty salons, and yoga/fitness studios — honest about which is a treatment, a salon day or a class.","Massage and spa rituals, hair and beauty salons, and yoga/fitness studios. We say which is a treatment, a salon day or a class.",A4 A5,A5,
lib/seminyak-guides.ts,SEMINYAK_GUIDES[3].faq[0].a,75,PASS,,"It's arguably Bali's densest spa-and-salon scene — from heritage massage houses to full day spas and Western-standard hair salons, mostly walkable in the central strips.","Yes. It's arguably Bali's densest spa-and-salon scene, from heritage massage houses to full day spas and Western-standard hair salons. Most of it is walkable in the central strips.",A4,,
lib/seminyak-guides.ts,SEMINYAK_GUIDES[3].faq[1].a,76,PASS,,"For evenings, weekends and the well-known names, yes — reserve a day ahead. Quieter neighbourhood spots often take walk-ins earlier in the day.","Yes, for evenings, weekends and the well-known names. Reserve a day ahead. Quieter neighbourhood spots often take walk-ins earlier in the day.",A4,,
lib/canggu-guides.ts,CANGGU_GUIDES[0].metaDescription,50,PASS,,"The best brunch in Canggu, sorted by the morning you want: café brunch and specialty coffee, all-day and weekend spreads, or a table by the beach.","The best brunch in Canggu by the morning you want: café brunch and specialty coffee, all-day and weekend spreads, or a table by the beach.",A7,,
lib/canggu-guides.ts,CANGGU_GUIDES[0].lede,51,PASS,,"Brunch is Canggu's best meal. These are the spots we rate, sorted by the morning you're after — a laptop-and-coffee café, a proper weekend spread, or toes-near-sand by the beach.","Brunch is Canggu's best meal. These are the spots we rate, sorted by the morning you're after: a laptop-and-coffee café, a weekend spread, or toes-near-sand by the beach.",A4 A10,,
lib/canggu-guides.ts,CANGGU_GUIDES[0].faq[7].a,84,PASS,,"Berawa has the most choice on this list. Batu Bolong is the beach-road strip, closest to the surf and the busiest. Pererenan, Umalas and Seseh sit further out and quieter, with rice fields instead of traffic.","Berawa has the most choice on this list. Batu Bolong, the beach-road strip, is closest to the surf and the busiest. Pererenan, Umalas and Seseh sit further out and quieter, with rice fields instead of traffic.",A5,,
lib/canggu-guides.ts,CANGGU_GUIDES[1].faq[0].a,102,PASS,,"A warung is a small, family-run Indonesian eatery serving affordable local food — nasi campur, satay and daily home-style dishes. They're the backbone of everyday eating in Bali.","A warung is a small, family-run Indonesian eatery serving affordable local food: nasi campur, satay and daily home-style dishes. They're the backbone of everyday eating in Bali.",A4,,
lib/canggu-guides.ts,CANGGU_GUIDES[1].faq[1].a,103,PASS,,"At the warungs and babi guling stalls above — clustered around Batu Bolong, Pererenan and Padang Linjong. Nasi campur (build-your-own mixed rice) is the everyday plate; babi guling is the Balinese roast-pork specialty.","At the warungs and babi guling stalls above, clustered around Batu Bolong, Pererenan and Padang Linjong. Nasi campur (build-your-own mixed rice) is the everyday plate; babi guling is the Balinese roast-pork specialty.",A4,,
lib/canggu-guides.ts,CANGGU_GUIDES[2].faq[0].a,122,PASS,,"The popular dinner rooms do, and weekends book out — reserve a table in a tap where you see the Reserve button. Casual and warung spots are walk-in.","The popular dinner rooms do, and weekends book out. Reserve a table in a tap where you see the Reserve button. Casual and warung spots are walk-in.",A4,,
lib/canggu-guides.ts,CANGGU_GUIDES[2].faq[1].a,123,PASS,,Look under Groups & sharing — rooms with the space and sharing menus that actually work for a full table.,Look under Groups & sharing for rooms with the space and sharing menus that work for a full table.,A4,,
lib/canggu-guides.ts,CANGGU_GUIDES[3].metaDescription,131,PASS,,"Where to actually work in Canggu: cafés with wifi, sockets, AC and a seat you can hold — plus the calm morning spots before the brunch rush. Resident-curated.","Where to work in Canggu: cafés with wifi, sockets, AC and a seat you can hold, plus the calm morning spots before the brunch rush. Resident-curated.",A4 A7,,
lib/canggu-guides.ts,CANGGU_GUIDES[3].lede,132,PASS,,Canggu runs on laptops. These are the cafés that hold up for a work morning — not every pretty brunch spot does.,"Canggu runs on laptops. These are the cafés that hold up for a work morning, and not every pretty brunch spot does.",A4,,
lib/canggu-guides.ts,CANGGU_GUIDES[3].faq[0].a,140,PASS,,"We tag the ones with the wifi, sockets and seating to actually work — a packed brunch café at 10am usually isn't one of them.","We tag the ones with the wifi, sockets and seating to work from. A packed brunch café at 10am usually isn't one of them.",A4,,
lib/canggu-guides.ts,CANGGU_GUIDES[4].metaDescription,148,PASS,,"Where to reset in Canggu: massage, spa and recovery spots worth booking. Resident-curated, honest about what each is best for.","Where to reset in Canggu: massage, spa and recovery spots worth booking. Resident-curated, and we say what each is best for.",,,
lib/canggu-guides.ts,CANGGU_GUIDES[4].faq[0].a,155,PASS,,"For evenings and weekends, yes — the good rooms fill. Book where you can, and walk in earlier in the day.","Yes, for evenings and weekends, when the good rooms fill. Book where you can, and walk in earlier in the day.",A4,,
lib/canggu-guides.ts,CANGGU_GUIDES[5].metaDescription,163,PASS,,"Canggu beach clubs and sunset spots compared: pool-and-day-club energy vs a quiet sunset drink, and whether you should reserve. Resident-curated.","Canggu beach clubs and sunset spots compared: pool-and-day-club energy vs a quiet sunset drink, and whether to reserve. Resident-curated.",A1,,
lib/canggu-guides.ts,CANGGU_GUIDES[5].lede,164,PASS,,"Canggu's sunset stretch runs from big day clubs to quiet beach bars. Here's where to be, by the evening you want.",Canggu's sunset stretch runs from big day clubs to quiet beach bars. Choose where to be by the evening you want.,,,
lib/canggu-guides.ts,CANGGU_GUIDES[5].faq[0].a,171,PASS,,"Daybeds and weekend sunsets, usually yes — reserve where you can. Beach bars are mostly walk-in.","Usually yes for daybeds and weekend sunsets, so reserve where you can. Beach bars are mostly walk-in.",A4,,
lib/collections.ts,COLLECTIONS[0].metaDescription,91,PASS,,"Babi guling, nasi campur, bebek betutu — the island's own kitchen, calm and inexpensive. A resident-curated map of real Balinese and local food, by area.","Babi guling, nasi campur, bebek betutu: the island's own kitchen, calm and inexpensive. A resident-curated map of real Balinese and local food, by area.",A4,,
lib/collections.ts,COLLECTIONS[0].intro,93,PASS,,"Babi guling before noon, nasi campur the way a warung makes it, bebek betutu ordered a day ahead. This is the island's own kitchen — calm, generous and inexpensive — and where to find it done right.","Babi guling before noon, nasi campur the way a warung makes it, bebek betutu ordered a day ahead. This is the island's own kitchen: calm, generous and inexpensive. These are the places that do it right.",A4,,
lib/collections.ts,COLLECTIONS[0].faq[0].a,95,PASS,,"In warungs and family kitchens across the island — Ubud and the villages inland for the most traditional cooking, and pockets of Canggu, Sanur and Uluwatu for local food alongside the international scene. The places here are sorted by area.","In warungs and family kitchens across the island. Go to Ubud and the villages inland for the most traditional cooking. Canggu, Sanur and Uluwatu have pockets of local food alongside the international scene. The places here are sorted by area.",A4 A7,,
lib/collections.ts,COLLECTIONS[0].faq[1].a,96,PASS,,"Babi guling (suckling pig), nasi/mie goreng, nasi campur (a rice plate of small dishes), bebek betutu (slow-cooked duck, often ordered a day ahead) and sate lilit. Each venue's page notes what to order.","Try babi guling (suckling pig), nasi/mie goreng and nasi campur (a rice plate of small dishes). Also look for bebek betutu (slow-cooked duck, often ordered a day ahead) and sate lilit. Each venue's page notes what to order.",A7,,
lib/collections.ts,COLLECTIONS[0].faq[2].a,97,PASS,,Yes — a warung meal is one of the best-value plates in Asia. Each place shows its price band; for the cheapest authentic spots see our best warungs guide.,"Yes. A warung meal is one of the best-value plates in Asia. Each place shows its price band; for the cheapest authentic spots, see our best warungs guide.",A4,,
lib/collections.ts,COLLECTIONS[2].faq[0].a,137,PASS,,"Jimbaran Bay is the classic — grilled fish on the sand at sunset. Sanur has easy beachfront warungs, and Seminyak the polished raw bars and fine dining. The places here are sorted by area.","Jimbaran Bay is the classic: grilled fish on the sand at sunset. Sanur has easy beachfront warungs, and Seminyak the polished raw bars and fine dining. The places here are sorted by area.",A4,,
lib/collections.ts,COLLECTIONS[3].metaDescription,151,PASS,,"A short, honest list — Bali's Japanese scene is small but serious. Izakaya evenings, sushi counters and ramen, chosen the way residents choose them.","A short list, because Bali's Japanese scene is small. Izakaya evenings, sushi counters and ramen, chosen the way residents choose them.",A4 A10,,
lib/collections.ts,COLLECTIONS[3].intro,153,PASS,,"A short, honest list — Bali's Japanese scene is small but serious. Izakaya evenings, sushi counters and ramen for a rainy day, chosen the way residents choose them.","A short list, because Bali's Japanese scene is small. Izakaya evenings, sushi counters and ramen for a rainy day, chosen the way residents choose them.",A4 A10,,
lib/collections.ts,COLLECTIONS[3].faq[0].a,155,PASS,,"Yes, though the scene is small — a handful of serious sushi counters, izakayas and ramen spots, concentrated in Seminyak, Canggu and the south. The places here are the ones residents return to.","Yes, though the scene is small: a handful of sushi counters and izakayas, plus ramen spots, concentrated in Seminyak, Canggu and the south. The places here are the ones residents return to.",A4 A5 A10,,NEW_TERM:plus
lib/collections.ts,COLLECTIONS[4].metaDescription,167,PASS,,"Proper gelato after a beach day, pastry that survives the humidity, dessert tasting rooms. A resident-curated sweet map of Bali, by area.","Real gelato after a beach day, pastry that survives the humidity, dessert tasting rooms. A resident-curated sweet map of Bali, by area.",A10,,
lib/collections.ts,COLLECTIONS[4].intro,169,PASS,,"Proper gelato after a beach day, pastry that survives the humidity, dessert tasting rooms worth dressing up for. The island's sweetest stops, mapped by area.","Real gelato after a beach day, pastry that survives the humidity, dessert tasting rooms worth dressing up for. The island's sweetest stops, mapped by area.",A10,,
lib/collections.ts,COLLECTIONS[5].metaDescription,183,PASS,,"From Ubud's pioneering plant-based tables to Canggu's health cafés — the places where vegetarian is the point, not the compromise. Resident-curated, by area.","From Ubud's pioneering plant-based tables to Canggu's health cafés: the places where vegetarian is the point, not the compromise. Resident-curated, by area.",A4,,
lib/collections.ts,COLLECTIONS[5].intro,185,PASS,,"Bali might be the easiest island in Asia to eat green — if you know which kitchens actually care. From Ubud's pioneering plant-based tables to Canggu's health cafés, these are the places where vegetarian is the point, not the compromise.","Bali might be the easiest island in Asia to eat green, if you know which kitchens care. From Ubud's pioneering plant-based tables to Canggu's health cafés, these are the places where vegetarian is the point, not the compromise.",A4,,
lib/collections.ts,COLLECTIONS[5].faq[0].a,187,PASS,,"Very — Ubud in particular is one of Asia's best places to eat plant-based, and Canggu's health-café scene is strong. The places here put vegetarian food at the centre, not as an afterthought.","Yes. Ubud in particular is one of Asia's best places to eat plant-based, and Canggu's health-café scene is strong. The places here put vegetarian food at the centre, not as an afterthought.",A3 A4,,
lib/collections.ts,COLLECTIONS[7].metaDescription,218,PASS,,"Sharing plates, big tables, a room that can take the noise. Where a group of eight still gets looked after — across Bali, by area.","Sharing plates, big tables, a room that can take the noise. The places across Bali where a group of eight still gets looked after, by area.",A4,,
lib/collections.ts,COLLECTIONS[7].faq[0].a,222,PASS,,Canggu and Seminyak have the most rooms built for sharing plates and larger tables; beach clubs work for a celebration. Booking ahead is worth it for six or more — each venue's page notes if it takes reservations.,Canggu and Seminyak have the most rooms built for sharing plates and larger tables; beach clubs work for a celebration. Book ahead for six or more. Each venue's page notes if it takes reservations.,A4,,
lib/collections.ts,COLLECTIONS[8].metaDescription,234,PASS,,"Space to move, food that lands fast, no waiting out a tasting menu. Relaxed early dinners in Bali that actually work with children — by area.","Space to move, food that lands fast, no waiting out a tasting menu. Relaxed early dinners in Bali that work with children, by area.",A4,,
lib/collections.ts,COLLECTIONS[8].intro,236,PASS,,"Space to move, food that lands fast, and no waiting out a tasting menu. Relaxed early dinners that work with children — no fuss, no drama.","Space to move, food that lands fast, and no waiting out a tasting menu. Relaxed early dinners that work with children.",A4,,
lib/collections.ts,COLLECTIONS[8].faq[0].a,238,PASS,,"Casual, open-air places with room to move — many in Canggu, Sanur and Ubud. Sanur and Nusa Dua are the easiest family bases. The spots here are grouped by area.","Casual, open-air places with room to move, many of them in Canggu, Sanur and Ubud. Sanur and Nusa Dua are the easiest family bases. The spots here are grouped by area.",A4,,
lib/collections.ts,COLLECTIONS[9].metaDescription,250,PASS,,"A birthday, an anniversary, the night that has to land. Bali's special-occasion tables — the rooms, the views and the kitchens worth dressing up for.","A birthday, an anniversary, the night that has to land. Bali's special-occasion tables: the rooms, the views and the kitchens worth dressing up for.",A4,,
lib/collections.ts,COLLECTIONS[9].intro,252,PASS,,"A birthday, an anniversary, the night that has to land. Bali's special-occasion tables — the rooms, the views and the kitchens worth dressing up for.","A birthday, an anniversary, the night that has to land. Bali's special-occasion tables: the rooms, the views and the kitchens worth dressing up for.",A4,,
lib/collections.ts,COLLECTIONS[9].faq[0].a,254,PASS,,"Uluwatu for clifftop views, Seminyak and Ubud for signature dining rooms and tasting menus. Book well ahead for the headline tables — each venue's page shows whether it needs a reservation.","Uluwatu for clifftop views, Seminyak and Ubud for dining rooms and tasting menus. Book well ahead for the headline tables. Each venue's page shows whether it needs a reservation.",A4 A10,,
lib/collections.ts,COLLECTIONS[10].metaDescription,266,PASS,,"A plug you can reach, a seat no one hurries you out of, and coffee worth staying for. The Bali cafés where people settle in to work — by area.","A plug you can reach, a seat no one hurries you out of, and coffee worth staying for. The Bali cafés where people settle in to work, by area.",A4,,
lib/collections.ts,COLLECTIONS[10].intro,268,PASS,,"A plug you can actually reach, a seat no one hurries you out of, and coffee worth staying for. The cafés where a coffee turns into a productive morning.","A plug you can reach, a seat no one hurries you out of, and coffee worth staying for. The cafés where a coffee turns into a productive morning.",,,
lib/collections.ts,COLLECTIONS[10].faq[0].a,270,PASS,,"Canggu and Ubud have the deepest work-café scenes, with Sanur and Uluwatu catching up. These are places where people settle in to work — comfortable seating and an unhurried welcome, rather than a promised connection speed. Check with the venue for current conditions.","Canggu and Ubud have the deepest work-café scenes, with Sanur and Uluwatu catching up. These are places where people settle in to work. Expect comfortable seating and an unhurried welcome rather than a promised connection speed. Check with the venue for current conditions.",A4,,
lib/collections.ts,COLLECTIONS[11].metaDescription,282,PASS,,"The west coast does this best — cliff edges, beach sand and rooftop rails where the day signs off. Bali's sunset drinks, mapped for golden hour.","The west coast does this best: cliff edges, beach sand and rooftop rails where the day signs off. Bali's sunset drinks, mapped for golden hour.",A4,,
lib/collections.ts,COLLECTIONS[11].intro,284,PASS,,"The west coast does this best. Cliff edges, beach sand and rooftop rails where the day signs off — timed and mapped for golden hour.","The west coast does this best. Cliff edges, beach sand and rooftop rails where the day signs off. Timed and mapped for golden hour.",A4,,
lib/collections.ts,COLLECTIONS[12].metaDescription,301,PASS,,"Local food, unhurried. Family warungs and calm neighbourhood kitchens where the plate is honest, the bill is small and no one rushes you — by area.","Local food, unhurried. Family warungs and calm neighbourhood kitchens where the plate is honest, the bill is small and no one rushes you, sorted by area.",A4,,
lib/collections.ts,COLLECTIONS[12].faq[0].a,305,PASS,,"Away from the busiest strips — quiet warungs and neighbourhood kitchens across Ubud, Sanur, Canggu and the south. The spots here are chosen for a calm, local meal, sorted by area.","Away from the busiest strips: quiet warungs and neighbourhood kitchens across Ubud, Sanur, Canggu and the south. The spots here are chosen for a calm, local meal, sorted by area.",A4,,
lib/collections.ts,COLLECTIONS[13].metaDescription,317,PASS,,"Jet-lagged, hungry, don't want a project. Easy, nearby, no-fuss first dinners in Bali for the night you arrive — by area.","Jet-lagged, hungry, don't want a project. Easy, nearby, no-fuss first dinners in Bali for the night you arrive, by area.",A4,,
lib/collections.ts,COLLECTIONS[13].faq[0].a,321,PASS,,"Somewhere easy and close to where you're staying — a relaxed local kitchen or a reliable all-rounder, not a big night out. The picks here are grouped by area so you can find one near your first hotel.","Somewhere easy and close to where you're staying: a relaxed local kitchen or an all-rounder, not a big night out. The picks here are grouped by area so you can find one near your first hotel.",A4 A10,,
lib/collections.ts,COLLECTIONS[14].metaDescription,334,PASS,,"Small bills, big flavour. The warungs and street kitchens where a handful of rupiah still buys one of the best plates of your trip — across Bali, by area.","Small bills, big flavour. The warungs and street kitchens where a handful of rupiah still buys one of the best plates of your trip. Across Bali, by area.",A4,,
lib/collections.ts,COLLECTIONS[14].faq[0].a,338,PASS,,"Local warungs, island-wide — a full plate for the price of a coffee back home. These are the budget spots we stand behind, sorted by area; each page shows its price band.","Local warungs, island-wide: a full plate for the price of a coffee back home. These are the budget spots we stand behind, sorted by area; each page shows its price band.",A4,,
lib/collections.ts,COLLECTIONS[15].metaDescription,350,PASS,,"For the night you go all in. Tasting menus, clifftop rooms and signature kitchens in Bali where the bill is real and the evening earns it — by area.","For the night you go all in. Tasting menus, clifftop rooms and kitchens in Bali where the bill is real and the evening earns it, by area.",A4 A10,,
lib/collections.ts,COLLECTIONS[15].intro,352,PASS,,"For the night you go all in. Tasting menus, clifftop rooms and signature kitchens where the bill is real and the evening earns it.","For the night you go all in. Tasting menus, clifftop rooms and kitchens where the bill is real and the evening earns it.",A10,,
lib/collections.ts,COLLECTIONS[15].faq[0].a,354,PASS,,"Seminyak, Ubud and the Uluwatu cliffs hold most of the island's signature tasting menus and destination dining rooms. Book well ahead — each venue's page shows its price band and whether it needs a reservation.","Seminyak, Ubud and the Uluwatu cliffs hold most of the island's headline tasting menus and destination dining rooms. Book well ahead. Each venue's page shows its price band and whether it needs a reservation.",A4 A10,,NEW_TERM:headline
lib/jimbaran-guides.ts,JIMBARAN_GUIDES[0].metaDescription,25,PASS,,"Where to eat in Jimbaran: the grilled-seafood tables on the bay, cliff-edge sunset bars and the resort fine-dining rooms. Resident-curated, honest about what each is for.","Where to eat in Jimbaran: the grilled-seafood tables on the bay, cliff-edge sunset bars and the resort fine-dining rooms. Resident-curated, and we say what each is for.",,,
lib/jimbaran-guides.ts,JIMBARAN_GUIDES[0].lede,27,PASS,,"Jimbaran dining runs on two things — grilled seafood eaten with your feet near the sand at sunset, and polished resort rooms up on the headland. These are the tables and bars we rate, and what each is actually for.","Jimbaran dining runs on two things: grilled seafood eaten with your feet near the sand at sunset, and polished resort rooms up on the headland. These are the tables and bars we rate, and what each is for.",A4,,
lib/jimbaran-guides.ts,JIMBARAN_GUIDES[0].sectionNote,35,PASS,,"Bay seafood, sunset bars and resort fine dining — the destination rooms and sunset seats book out, so reserve ahead.","Bay seafood, sunset bars and resort fine dining. The destination rooms and sunset seats book out, so reserve ahead.",A4,,
lib/jimbaran-guides.ts,JIMBARAN_GUIDES[0].faq[0].a,39,PASS,,"It's the reason most people come — Jimbaran Bay is lined with grilled-seafood spots where the catch is chosen fresh and cooked over coconut husk, eaten at tables set out near the sand, best timed for sunset.","It's the reason most people come. Jimbaran Bay is lined with grilled-seafood spots where the catch is chosen fresh and cooked over coconut husk. You eat at tables set out near the sand, and it's best timed for sunset.",A4 A7,,
lib/jimbaran-guides.ts,JIMBARAN_GUIDES[0].faq[1].a,43,PASS,,"The resort fine-dining rooms and the sunset bars do, and should be booked ahead — especially for a sunset table at weekends or a special occasion.","The resort fine-dining rooms and the sunset bars do, so book ahead, especially for a sunset table at weekends or a special occasion.",A4,,
lib/jimbaran-guides.ts,JIMBARAN_GUIDES[0].faq[2].a,47,PASS,,"It spans both ends: the bay seafood grills are mid-range and pay-by-weight, while the headland resort restaurants and cliff bars sit at the top of the price scale. Each place's price band is on its page.","It spans both ends. The bay seafood grills are mid-range and pay-by-weight, while the headland resort restaurants and cliff bars sit at the top of the price scale. Each place's price band is on its page.",A7,,
lib/jimbaran-guides.ts,JIMBARAN_GUIDES[1].metaDescription,56,PASS,,"Jimbaran's headland resorts hold some of Bali's most serious spas, plus fitness and yoga. Where to book, by what you want. Resident-curated, honest about what each is for.","The resort spas on Jimbaran's headland, plus fitness and yoga. Where to book, by what you want. Resident-curated, and we say what each is for.",A10,,
lib/jimbaran-guides.ts,JIMBARAN_GUIDES[1].lede,58,PASS,,"The Jimbaran headland is resort-spa country — some of Bali's most awarded treatment rooms sit inside the cliff-top five-stars, alongside well-kitted fitness and calm yoga. Here's where to book, by what you're after.","The Jimbaran headland is resort-spa country. Some of Bali's most awarded treatment rooms sit inside the cliff-top five-stars, alongside well-kitted fitness and calm yoga. Choose by what you're after, then book.",A4,,
lib/jimbaran-guides.ts,JIMBARAN_GUIDES[1].sectionNote,66,PASS,,"Cliff-top resort spas, hotel fitness centres and yoga — honest about which is a treatment, a workout or a class.","Cliff-top resort spas and hotel fitness centres, plus yoga. We say which is a treatment, a workout or a class.",A4 A5,,NEW_TERM:plus
lib/jimbaran-guides.ts,JIMBARAN_GUIDES[1].faq[0].a,70,PASS,,"Very — the headland five-stars hold several of Bali's most awarded spas, many with clifftop treatment rooms and sea views, plus full hydrotherapy facilities.","Yes. The headland five-stars hold several of Bali's most awarded spas, many with clifftop treatment rooms and sea views, plus full hydrotherapy facilities.",A3 A4,,
lib/jimbaran-guides.ts,JIMBARAN_GUIDES[1].faq[1].a,74,PASS,,"Many resort spas take outside bookings and some fitness centres sell day passes — confirm directly with the venue, as access varies by resort.","Many resort spas take outside bookings and some fitness centres sell day passes. Confirm directly with the venue, as access varies by resort.",A4,,
lib/jimbaran/content.ts,JIMBARAN_ZONES[0].swimming,34,PASS,,"Calm and swimmable — the bay blocks the heavy swell that hits the surf coast, so it's family-safe.","Calm and swimmable. The bay blocks the heavy swell that hits the surf coast, so it's family-safe.",A4,,
lib/jimbaran/content.ts,JIMBARAN_ZONES[1].swimming,40,PASS,,"Not an open-swim beach — the draw is the natural low-tide rock pools (the 'natural jacuzzi'), best and safest at low tide.","Not an open-swim beach. The draw is the natural low-tide rock pools (the 'natural jacuzzi'), best and safest at low tide.",A4,,
lib/jimbaran/content.ts,JIMBARAN_THINGS_TO_DO[0].blurb,56,PASS,,"Jimbaran's signature: rows of open-air grills set tables directly on the sand. You pick fish, prawns, squid or clams from the chilled display, it's weighed and grilled over coconut-husk coals, and served at candlelit beachside tables as the bay faces the sunset. Three clusters run north to south — Kelan, Kedonganan (by the fish market) and Muaya. Agree the price by weight before ordering.","The Jimbaran classic: rows of open-air grills set tables directly on the sand. You pick fish, prawns, squid or clams from the chilled display. It's weighed and grilled over coconut-husk coals, then served at candlelit beachside tables as the bay faces the sunset. Three clusters run north to south: Kelan, Kedonganan (by the fish market) and Muaya. Agree the price by weight before ordering.",A5 A7 A10,,NEW_TERM:classic
lib/jimbaran/content.ts,JIMBARAN_THINGS_TO_DO[1].blurb,63,PASS,,"Bali's big fresh-catch market, where the fishermen land the daily haul and sell by the kilo — snapper, tuna, lobster, crab, prawns, squid. Come early (around 6–7am) for the landings; nearby warungs will grill what you buy for a per-kilo fee.","Bali's big fresh-catch market, where the fishermen land the daily haul and sell by the kilo: snapper, tuna, lobster, crab, prawns, squid. Come early (around 6–7am) for the landings. Nearby warungs will grill what you buy for a per-kilo fee.",A4,,
lib/jimbaran/content.ts,JIMBARAN_THINGS_TO_DO[2].blurb,70,PASS,,"A hidden cliff cove reached down a steep limestone path just south of the bay. At low tide, natural rock pools fill with seawater — the 'natural jacuzzi' — and it's a quiet, west-facing sunset spot. Wear proper shoes for the descent; it's a wild beach, not a serviced one.","A cliff cove reached down a steep limestone path just south of the bay. At low tide, natural rock pools fill with seawater (the 'natural jacuzzi'), and it's a quiet, west-facing sunset spot. Wear good shoes for the descent; it's a wild beach, not a serviced one.",A4 A10,,
lib/jimbaran/content.ts,JIMBARAN_THINGS_TO_DO[3].blurb,77,PASS,,"The main swimming beach: white sand, calm water with no heavy surf, and the local sunset gathering spot from around 5.30pm. Family-safe bathing by day, seafood grills by evening — the two-in-one that defines a Jimbaran stay.","The main swimming beach: white sand, calm water with no heavy surf, and the local sunset gathering spot from around 5.30pm. It's family-safe bathing by day and seafood grills by evening.",A4,,
lib/jimbaran/content.ts,JIMBARAN_THINGS_TO_DO[4].blurb,84,PASS,,"Bali's best-known cliff-base sunset bar, set on natural rocks low to the sea and reached by the resort's cliff-side inclinator. Open from late afternoon; sunset seats are reservation-prioritised and it's cashless. Come for the setting and the light on the water.","A cliff-base sunset bar set on natural rocks low to the sea, reached by the resort's cliff-side inclinator. Open from late afternoon; sunset seats are reservation-prioritised and it's cashless. Come for the setting and the light on the water.",,,
lib/jimbaran/content.ts,JIMBARAN_THINGS_TO_DO[5].blurb,91,PASS,,"The 121-metre Garuda Wisnu Kencana statue and its cliff-cut cultural park — hourly Balinese dance, a Barong show mid-afternoon and the big Kecak fire dance around 6pm at Lotus Pond. It sits up in Ungasan on the Bukit rather than Jimbaran proper, but it's the bay's standard half-day pairing. Open daily ~8am–10pm.","The 121-metre Garuda Wisnu Kencana statue and its cliff-cut cultural park. There's hourly Balinese dance, a Barong show mid-afternoon and the big Kecak fire dance around 6pm at Lotus Pond. It sits up in Ungasan on the Bukit rather than in Jimbaran itself, but it's the bay's standard half-day pairing. Open daily ~8am–10pm.",A7 A10,,NEW_TERM:itself
lib/jimbaran/content.ts,JIMBARAN_THINGS_TO_DO[6].blurb,98,PASS,,"An open-air 'cultural mall' of dining, shops and services with regular Balinese cultural performances — the easy evening option if you want something beyond the beach without leaving Jimbaran.","An open-air 'cultural mall' of dining, shops and services, with regular Balinese cultural performances. It's the easy evening option if you want something beyond the beach without leaving Jimbaran.",A4 A7,,
lib/jimbaran/content.ts,JIMBARAN_THINGS_TO_DO[7].blurb,105,PASS,,"Jimbaran's own historic temple (believed 18th-century), on the village crossroads facing the traditional market — dedicated to the prosperity of the rice fields, with tiered meru shrines. An active temple: sarong required, no fee, visit outside ceremony days.","Jimbaran's own historic temple (believed 18th-century), on the village crossroads facing the traditional market. It's dedicated to the prosperity of the rice fields, with tiered meru shrines. An active temple: sarong required, no fee, visit outside ceremony days.",A4 A7,,
lib/jimbaran/content.ts,JIMBARAN_FAQ[0].a,113,PASS,,"Seafood at sunset and a calmer, resort-leaning base close to the airport. It suits couples and families who want swimmable bay beaches, a famous grilled-seafood dinner on the sand, and cliff-top resort dining — over an independent café or nightlife scene, which lives up in Canggu and Seminyak.","Seafood at sunset and a calmer, resort-leaning base close to the airport. It suits couples and families who want swimmable bay beaches, a grilled-seafood dinner on the sand and cliff-top resort dining. For an independent café or nightlife scene, look to Canggu and Seminyak.",A4 A7,,
lib/jimbaran/content.ts,JIMBARAN_FAQ[1].a,117,PASS,,"Yes, if you time it right. The bay grills serve fresh seafood cooked over coconut husk at tables near the sand — go for sunset, agree the price by weight before ordering, and treat it as the experience it is. Three grill clusters run along the bay: Kelan, Kedonganan (by the fish market) and Muaya.","Yes, if you time it right. The bay grills serve fresh seafood cooked over coconut husk at tables near the sand. Go for sunset, agree the price by weight before ordering, and treat it as the experience it is. Three grill clusters run along the bay: Kelan, Kedonganan (by the fish market) and Muaya.",A7,,
lib/jimbaran/content.ts,JIMBARAN_FAQ[2].a,121,PASS,,"Yes — Jimbaran Bay is calm and swimmable because the bay's shape blocks the heavy swell that hits Bali's exposed surf coast, which makes it one of the more family-safe beaches in the south. Tegal Wangi, just south, is a cliff cove for low-tide rock pools rather than an open swim.","Yes. Jimbaran Bay is calm and swimmable because the bay's shape blocks the heavy swell that hits Bali's exposed surf coast. That makes it one of the more family-safe beaches in the south. Tegal Wangi, just south, is a cliff cove for low-tide rock pools rather than an open swim.",A7,,
lib/jimbaran/content.ts,JIMBARAN_FAQ[3].a,125,PASS,,"It's one of the closest calm areas to the airport (roughly 15–30 minutes depending on which end), which makes it an easy first or last night. The bay is swimmable and family-friendly; the headland resorts are quiet and polished.","It's one of the closest calm areas to the airport, roughly 15–30 minutes depending on which end. That makes it an easy first or last night. The bay is swimmable and family-friendly; the headland resorts are quiet and polished.",A7,,
lib/jimbaran/content.ts,JIMBARAN_FAQ[4].a,129,PASS,,"The Kedonganan fish market in the morning, Tegal Wangi's hidden tide pools, a swim and sunset at Muaya, the Rock Bar for cliff-base sundowners, Samasta lifestyle village, and the village temple Pura Ulun Siwi — plus the GWK Cultural Park a short drive up in Ungasan.","The Kedonganan fish market in the morning, Tegal Wangi's tide pools, a swim and sunset at Muaya, and the Rock Bar for cliff-base sundowners. There's also Samasta lifestyle village, the village temple Pura Ulun Siwi, and the GWK Cultural Park a short drive up in Ungasan.",A4 A5 A7,,
lib/light-districts.ts,LIGHT_DISTRICTS[0].metaDescription,53,PASS,,"A resident-curated Sidemen guide: the terraced rice-field valley under Mount Agung, who it suits, its slow village days, weaving heritage and the walks — often called the Ubud of a generation ago.","Sidemen, the rice-terrace valley under Mount Agung often called the Ubud of a generation ago: slow village days, weaving heritage and walks. Resident-curated.",A4 A7,,
lib/light-districts.ts,LIGHT_DISTRICTS[0].intro,55,PASS,,"Sidemen is a quiet river valley in east Bali, an hour or so beyond Ubud, where terraced rice fields climb toward Mount Agung and the pace drops to almost nothing. It's often described as the Ubud of a generation ago — the same emerald terraces and village calm, without the traffic or the crowds. Come for the view, the walks and the quiet; not for beaches, nightlife or a dense café strip.","Sidemen is a quiet river valley in east Bali, about an hour beyond Ubud. Terraced rice fields climb toward Mount Agung and the pace drops to almost nothing. It's often described as the Ubud of a generation ago: the same green terraces and village calm without the traffic or the crowds. Come for the view, the walks and the quiet. Don't come for beaches or nightlife, or a dense café strip.",A5 A7,,NEW_TERM:green
lib/light-districts.ts,LIGHT_DISTRICTS[0].suits,57,PASS,,"Slow travellers, couples and photographers who want rice-terrace scenery, gentle valley walks and a genuinely quiet base — and anyone curious about traditional Balinese weaving, which the valley has long been known for.","Slow travellers, couples and photographers who want rice-terrace scenery and gentle valley walks from a quiet base. Also anyone curious about traditional Balinese weaving, which the valley has long been known for.",A3 A4 A5 A7,,
lib/light-districts.ts,LIGHT_DISTRICTS[0].knownFor[0].blurb,64,PASS,,"The reason to come: green terraces stepping up the valley, with Mount Agung at the head on a clear morning. Gentle, unhurried walks rather than serious hikes.","The reason to come: green terraces stepping up the valley, with Mount Agung at the head on a clear morning. The walks are gentle and unhurried rather than tough hikes.",A10,,NEW_TERM:tough
lib/light-districts.ts,LIGHT_DISTRICTS[0].practical[0],87,PASS,,It's spread out — you'll want a scooter or a hired driver; there's no walkable centre.,"It's spread out, so you'll want a scooter or a hired driver. There's no walkable centre.",A4,,
lib/light-districts.ts,LIGHT_DISTRICTS[0].practical[1],88,PASS,,"Come for a clear morning — Agung and the terraces show best early, before the valley clouds over.","Come for a clear morning. Agung and the terraces show best early, before the valley clouds over.",A4,,
lib/light-districts.ts,LIGHT_DISTRICTS[0].practical[2],89,PASS,,"Pair it with the east — Besakih, Tirta Gangga and the road to Amed all link from here.","Pair it with the east: Besakih, Tirta Gangga and the road to Amed all link from here.",A4,,
lib/light-districts.ts,LIGHT_DISTRICTS[0].practical[3],90,PASS,,"It's rural — ATMs, shops and dining are limited and mostly at guesthouses, so bring what you need.","It's rural. ATMs, shops and dining are limited and mostly at guesthouses, so bring what you need.",A4,,
lib/light-districts.ts,LIGHT_DISTRICTS[0].faq[0].a,95,PASS,,"Quiet rice-terrace scenery and slow village days in east Bali — often called the Ubud of a generation ago. It suits couples, photographers and anyone who wants stillness and green valley views over sights and nightlife.","Quiet rice-terrace scenery and slow village days in east Bali. It's often called the Ubud of a generation ago. It suits couples, photographers and anyone who wants stillness and green valley views over sights and nightlife.",A4,,
lib/light-districts.ts,LIGHT_DISTRICTS[0].faq[1].a,99,PASS,,"If you want landscape and calm, yes — the terraced valley under Mount Agung is among Bali's prettiest and far quieter than Ubud. If you want beaches, nightlife or lots to do, it isn't the base for you.","If you want landscape and calm, yes. The terraced valley under Mount Agung is among Bali's prettiest and far quieter than Ubud. If you want beaches, nightlife or lots to do, it isn't the base for you.",A4,,
lib/light-districts.ts,LIGHT_DISTRICTS[0].related[0].blurb,111,PASS,,"The busier, greener culture hub an hour west — jungle, terraces and long dinners.","The busier, greener culture hub an hour west, with jungle, terraces and long dinners.",A4,,
lib/light-districts.ts,LIGHT_DISTRICTS[1].intro,124,PASS,,"Amed is a string of black-sand fishing villages along Bali's dry, quiet far-east coast, where traditional jukung outriggers still line the beach and the sea is calm and clear. It's the island's easy underwater base — snorkelling straight off the beach, coral gardens, and, just up the coast at Tulamben, the USAT Liberty shipwreck, one of the world's most accessible wreck dives. Come for the water, the sunrises and the low-key pace.","Amed is a string of black-sand fishing villages along Bali's dry, quiet far-east coast. Traditional jukung outriggers still line the beach, and the sea is calm and clear. It's the island's easy underwater base, with snorkelling straight off the beach and coral gardens. Just up the coast at Tulamben is the USAT Liberty shipwreck, one of the world's most accessible wreck dives. Come for the water, the sunrises and the low-key pace.",A7 A7,,
lib/light-districts.ts,LIGHT_DISTRICTS[1].suits,126,PASS,,"Snorkellers, freedivers and divers, and travellers who want a calm sea and a slow, unpolished coast — sunrise over the water with Mount Agung rising behind.","Snorkellers, freedivers and divers, and travellers who want a calm sea and a slow, unpolished coast. Expect sunrise over the water, with Mount Agung rising behind.",A4,,
lib/light-districts.ts,LIGHT_DISTRICTS[1].knownFor[0].blurb,133,PASS,,"Jemeluk Bay's coral garden and a small sunken Japanese wreck are reachable straight from shore — some of Bali's easiest, most rewarding snorkelling.","Jemeluk Bay's coral garden and a small sunken Japanese wreck are reachable straight from shore. It's some of Bali's easiest, most rewarding snorkelling.",A4,,
lib/light-districts.ts,LIGHT_DISTRICTS[1].knownFor[1].blurb,139,PASS,,"A large WWII-era shipwreck lying in shallow water just up the coast, dived and even snorkelled from the beach. One of Bali's signature dive sites.","A large WWII-era shipwreck lying in shallow water just up the coast, dived and even snorkelled from the beach.",A10,,
lib/light-districts.ts,LIGHT_DISTRICTS[1].practical[0],156,PASS,,"It's a long, spread-out coast — “Amed” covers several villages over roughly 10 km, so pick your bay and expect to scooter between them.","It's a long, spread-out coast. “Amed” covers several villages over roughly 10 km, so pick your bay and expect to scooter between them.",A4,,
lib/light-districts.ts,LIGHT_DISTRICTS[1].practical[2],158,PASS,,Bring cash — ATMs are limited along the coast.,Bring cash. ATMs are limited along the coast.,A4,,
lib/light-districts.ts,LIGHT_DISTRICTS[1].practical[3],159,PASS,,"Pair it with the east — Sidemen, Tirta Gangga and the round-the-east road all connect from here.","Pair it with the east: Sidemen, Tirta Gangga and the round-the-east road all connect from here.",A4,,
lib/light-districts.ts,LIGHT_DISTRICTS[1].faq[0].a,164,PASS,,"Snorkelling and diving. It's a calm, quiet stretch of black-sand fishing villages on Bali's far-east coast, with coral gardens off the beach and the famous USAT Liberty wreck nearby at Tulamben.","Snorkelling and diving. It's a calm, quiet stretch of black-sand fishing villages on Bali's far-east coast. There are coral gardens off the beach and the USAT Liberty wreck nearby at Tulamben.",A7,,
lib/light-districts.ts,LIGHT_DISTRICTS[1].faq[1].a,168,PASS,,"Yes — it's among Bali's best and easiest. Jemeluk Bay has coral and a small wreck reachable straight from the beach, and the Tulamben Liberty wreck is a short drive up the coast.","Yes, it's among Bali's best and easiest. Jemeluk Bay has coral and a small wreck reachable straight from the beach, and the Tulamben Liberty wreck is a short drive up the coast.",A4,,
lib/light-districts.ts,LIGHT_DISTRICTS[1].faq[2].a,172,PASS,,"For divers, snorkellers and travellers who want a slow, low-key coast, very much so. It's quiet and spread out with black-sand beaches rather than white — not a resort or party base.","For divers, snorkellers and travellers who want a slow, low-key coast, yes. It's quiet and spread out, with black-sand beaches rather than white. It's not a resort or party base.",A3 A4,,
lib/light-districts.ts,LIGHT_DISTRICTS[2].intro,193,PASS,,"Munduk is a mountain village in Bali's cool northern highlands, set among coffee and clove plantations above the twin crater lakes of Buyan and Tamblingan. It's waterfall-and-hiking country — misty mornings, forest trails and a string of falls within a short drive — at an altitude where you'll actually want a jumper at night. Come for the green, the cool and the walks.","Munduk is a mountain village in Bali's cool northern highlands. It sits among coffee and clove plantations above the twin crater lakes of Buyan and Tamblingan. It's waterfall-and-hiking country: misty mornings and forest trails, with a string of falls within a short drive. At this altitude you'll want a jumper at night. Come for the green, the cool and the walks.",A4 A5 A7,,
lib/light-districts.ts,LIGHT_DISTRICTS[2].suits,195,PASS,,"Hikers, nature lovers and travellers who want cool air, waterfalls and lake scenery — a complete change of climate from the hot coast.","Hikers and nature lovers, and travellers who want cool air, waterfalls and lake scenery. It's a complete change of climate from the hot coast.",A4 A5,,
lib/light-districts.ts,LIGHT_DISTRICTS[2].knownFor[0].blurb,202,PASS,,Munduk is ringed by falls — the Munduk and Melanting falls and the Banyumala twin waterfalls among them — several linked by short forest walks.,"Munduk is ringed by falls, among them the Munduk and Melanting falls and the Banyumala twin waterfalls. Several are linked by short forest walks.",A4,,
lib/light-districts.ts,LIGHT_DISTRICTS[2].knownFor[3].blurb,220,PASS,,"The Bedugul highlands, including the much-photographed Ulun Danu Beratan lake temple, are within reach on the main north road.","The Bedugul highlands, including the Ulun Danu Beratan lake temple, are within reach on the main north road.",,,
lib/light-districts.ts,LIGHT_DISTRICTS[2].practical[0],225,PASS,,"Bring a layer — it's high and cool, especially mornings and evenings, and rain is common.","Bring a layer. It's high and cool, especially mornings and evenings, and rain is common.",A4,,
lib/light-districts.ts,LIGHT_DISTRICTS[2].practical[2],227,PASS,,Waterfall trails can be steep and slippery — wear shoes with grip.,"Waterfall trails can be steep and slippery, so wear shoes with grip.",A4,,
lib/light-districts.ts,LIGHT_DISTRICTS[2].practical[3],228,PASS,,Pair it with Bedugul — the lake temple and the highlands sit on the same north road.,Pair it with Bedugul: the lake temple and the highlands sit on the same north road.,A4,,
lib/light-districts.ts,LIGHT_DISTRICTS[2].faq[0].a,233,PASS,,"Waterfalls, hiking and cool mountain air. It's a highland village above Bali's twin northern lakes, surrounded by coffee plantations and a cluster of accessible waterfalls.","Waterfalls, hiking and cool mountain air. It's a highland village above Bali's twin northern lakes. Coffee plantations and a cluster of accessible waterfalls surround it.",A5,,
lib/light-districts.ts,LIGHT_DISTRICTS[2].faq[1].a,237,PASS,,"If you like nature, walks and a cool change from the coast, yes — it's one of Bali's prettiest highland areas. It's remote and quiet, so it suits beach and nightlife travellers less.","If you like nature, walks and a cool change from the coast, yes. It's one of Bali's prettiest highland areas. It's remote and quiet, so it's less suited to travellers after beaches or nightlife.",A4 A5,,
lib/light-districts.ts,LIGHT_DISTRICTS[2].faq[3].a,245,PASS,,"Cool by Bali standards — the altitude means comfortable days and genuinely chilly, often misty mornings and evenings. Bring a warm layer and a rain jacket.","Cool by Bali standards. The altitude means comfortable days and chilly, often misty mornings and evenings. Bring a warm layer and a rain jacket.",A3 A4,,
lib/light-districts.ts,LIGHT_DISTRICTS[3].metaDescription,260,PASS,,"A resident-curated Lovina guide: the calm black-sand beaches of Bali's quiet north coast, who it suits, the dawn dolphin trips (and their welfare caveat), hot springs and nearby temples.","A resident-curated Lovina guide: calm black-sand beaches on Bali's quiet north coast, hot springs, nearby temples and the dawn dolphin trips, with their welfare caveat.",A7,,
lib/light-districts.ts,LIGHT_DISTRICTS[3].intro,262,PASS,,"Lovina is a stretch of calm, black-sand beach on Bali's quiet north coast, centred on the village of Kalibukbuk. It's a slower, cheaper, far less crowded side of the island — flat, gentle sea, low-key evenings, and a handful of hot springs and temples nearby. It's best known for its dawn dolphin boat trips, though those come with a welfare caveat worth reading before you book. Come for calm and quiet, not for surf or a scene.","Lovina is a stretch of calm, black-sand beach on Bali's quiet north coast, centred on the village of Kalibukbuk. It's a slower, cheaper, far less crowded side of the island, with a flat, gentle sea. Evenings are low-key, and a handful of hot springs and temples are nearby. It's best known for its dawn dolphin boat trips, though those come with a welfare caveat worth reading before you book. Come for calm and quiet, not for surf or a scene.",A5,,
lib/light-districts.ts,LIGHT_DISTRICTS[3].suits,264,PASS,,"Budget and long-stay travellers, and anyone wanting a genuinely quiet, low-key base far from the southern crowds, with calm water and easy mornings.","Budget and long-stay travellers, and anyone wanting a quiet, low-key base far from the southern crowds, with calm water and easy mornings.",A3,,
lib/light-districts.ts,LIGHT_DISTRICTS[3].knownFor[0].blurb,271,PASS,,"Calm, flat black-sand shoreline — good for easy swims, long stays and slow mornings well away from the southern crowds.","Calm, flat black-sand shoreline, good for easy swims, long stays and slow mornings well away from the southern crowds.",A4,,
lib/light-districts.ts,LIGHT_DISTRICTS[3].knownFor[1].blurb,277,PASS,,"The local signature: small boats head out at sunrise to see wild dolphins. They're popular but have drawn criticism for crowding and pressuring the animals — if you go, choose an operator that keeps a respectful distance, and many travellers now skip it on welfare grounds.","Small boats head out at sunrise to see wild dolphins. The trips are popular but have drawn criticism for crowding and pressuring the animals. If you go, choose an operator that keeps a respectful distance. Many travellers now skip them on welfare grounds.",A4 A7 A10,,NEW_TERM:trips
lib/light-districts.ts,LIGHT_DISTRICTS[3].knownFor[2].blurb,283,PASS,,"Natural sulphur hot-spring pools in a garden setting, a short drive west — an easy, relaxed half-day from the beach.","Natural sulphur hot-spring pools in a garden setting, a short drive west. It's an easy, relaxed half-day from the beach.",A4,,
lib/light-districts.ts,LIGHT_DISTRICTS[3].knownFor[3].blurb,289,PASS,,"Bali's largest Buddhist monastery, set in the hills nearby with valley views — a quiet, contemplative stop.","Bali's largest Buddhist monastery, set in the hills nearby with valley views. It's a quiet, contemplative stop.",A4,,
lib/light-districts.ts,LIGHT_DISTRICTS[3].practical[0],294,PASS,,"It's a long way from the south — roughly three hours by car over the central mountains; plan it as its own leg, not a day trip.","It's a long way from the south: roughly three hours by car over the central mountains. Plan it as its own leg, not a day trip.",A4 A7,,
lib/light-districts.ts,LIGHT_DISTRICTS[3].practical[1],295,PASS,,"Black sand and calm sea — gentle for swimming, but not a surf or white-sand beach.","Black sand and calm sea: gentle for swimming, but not a surf or white-sand beach.",A4,,
lib/light-districts.ts,LIGHT_DISTRICTS[3].practical[2],296,PASS,,"Choose dolphin trips carefully — if you go, pick a responsible operator; many travellers now skip the trip on welfare grounds.","Choose dolphin trips carefully. If you go, pick a responsible operator; many travellers now skip the trip on welfare grounds.",A4,,
lib/light-districts.ts,LIGHT_DISTRICTS[3].practical[3],297,PASS,,"Pair it with the highlands — Munduk, the lakes and the hot springs make a natural north-Bali loop.","Pair it with the highlands: Munduk, the lakes and the hot springs make a natural north-Bali loop.",A4,,
lib/light-districts.ts,LIGHT_DISTRICTS[3].faq[1].a,306,PASS,,"If you want quiet and calm water far from the crowds — and you're happy with black sand over white — yes. It's remote from the south's sights, so it works best as part of a north-Bali loop.","Yes, if you want quiet and calm water far from the crowds and you're happy with black sand over white. It's remote from the south's sights, so it works best as part of a north-Bali loop.",A4,,
lib/light-districts.ts,LIGHT_DISTRICTS[3].faq[2].a,310,PASS,,"They're the area's signature trip but controversial: boats can crowd and pressure the wild dolphins. If you go, choose an operator that keeps a respectful distance — and be aware many travellers now skip it on welfare grounds.","They're controversial: boats can crowd and pressure the wild dolphins. If you go, choose an operator that keeps a respectful distance. Be aware that many travellers now skip them on welfare grounds.",A4 A10,,
lib/light-districts.ts,LIGHT_DISTRICTS[3].faq[3].a,314,PASS,,"By car over the central mountains from the south, roughly three hours, often combined with Munduk and the lakes. There's no fast route — it's the far north coast.","By car over the central mountains from the south, roughly three hours, often combined with Munduk and the lakes. There's no fast route to the far north coast.",A4,,
lib/light-districts.ts,LIGHT_DISTRICTS[3].related[0].blurb,318,PASS,,The waterfall highlands just up the mountain road — a natural north-Bali pairing.,The waterfall highlands just up the mountain road make a natural north-Bali pairing.,A4,,
lib/nusa-dua-guides.ts,NUSA_DUA_GUIDES[0].metaDescription,25,PASS,,"Where to eat in Nusa Dua: the resort fine-dining rooms, beachfront tables and the local warungs worth leaving the resort for. Resident-curated, honest about what each is for.","Where to eat in Nusa Dua: the resort fine-dining rooms, beachfront tables and the local warungs worth leaving the resort for. Resident-curated, and we say what each is for.",,,
lib/nusa-dua-guides.ts,NUSA_DUA_GUIDES[0].lede,26,PASS,,"Nusa Dua dining is resort-led — polished fine-dining rooms and beachfront tables inside the five-stars, plus a few local spots worth the short trip out. These are the ones we rate.","Nusa Dua dining is resort-led: polished fine-dining rooms and beachfront tables inside the five-stars, plus a few local spots worth the short trip out. These are the ones we rate.",A4,,
lib/nusa-dua-guides.ts,NUSA_DUA_GUIDES[0].sectionNote,29,PASS,,"Resort fine dining, beachfront tables and local warungs — the destination rooms book out, so reserve ahead.","Resort fine dining, beachfront tables and local warungs. The destination rooms book out, so reserve ahead.",A4,,
lib/nusa-dua-guides.ts,NUSA_DUA_GUIDES[0].faq[0].a,31,PASS,,"A little — the enclave is resort-led, but a short trip to Bualu village reaches local warungs, and the Bali Collection has casual options. For a proper local meal, look under the warung picks.","A little. The enclave is resort-led, but a short trip to Bualu village reaches local warungs, and the Bali Collection has casual options. For a local meal, look under the warung picks.",A4 A10,,
lib/nusa-dua-guides.ts,NUSA_DUA_GUIDES[1].metaDescription,40,PASS,,"Nusa Dua is a resort-spa heartland: where to book a massage, use a proper fitness centre, or take a yoga class. Resident-curated, honest about what each is for.","Nusa Dua is a resort-spa heartland: where to book a massage, use a fitness centre, or take a yoga class. Resident-curated, and we say what each is for.",A10,,
lib/nusa-dua-guides.ts,NUSA_DUA_GUIDES[1].lede,41,PASS,,"Nusa Dua is built for being looked after — some of Bali's largest and most awarded resort spas, plus well-kitted fitness centres and calm yoga. Here's where to book, by what you want.","Nusa Dua is built for being looked after. It has some of Bali's largest and most awarded resort spas, plus well-kitted fitness centres and calm yoga. Choose by what you want, then book.",A4,,
lib/nusa-dua-guides.ts,NUSA_DUA_GUIDES[1].sectionNote,44,PASS,,"Award-winning resort spas, hotel fitness centres and yoga — honest about which is a treatment, a workout or a class.","Award-winning resort spas and hotel fitness centres, plus yoga. We say which is a treatment, a workout or a class.",A4 A5,,NEW_TERM:plus
lib/nusa-dua-guides.ts,NUSA_DUA_GUIDES[1].faq[0].a,46,PASS,,"It's arguably Bali's resort-spa heartland — several of the island's biggest and most awarded spas sit inside the Nusa Dua five-stars, many with hydrotherapy and thalassotherapy facilities.","It's arguably Bali's resort-spa heartland. Several of the island's biggest and most awarded spas sit inside the Nusa Dua five-stars, many with hydrotherapy and thalassotherapy facilities.",A4 A7,,
lib/nusa-dua-guides.ts,NUSA_DUA_GUIDES[1].faq[1].a,47,PASS,,"Many resort spas take outside bookings, and some fitness centres offer day passes — confirm directly with the venue, as access varies by resort.","Many resort spas take outside bookings, and some fitness centres offer day passes. Confirm directly with the venue, as access varies by resort.",A4,,
lib/nusa-dua/content.ts,NUSA_DUA_THINGS_TO_DO[0].blurb,66,PASS,,"A paved coastal path (commonly cited at around 5 km) runs behind the beachfront and links the resorts, beaches and public access points. The defining low-effort Nusa Dua ritual — flat, shaded in parts and genuinely walkable, which is rare in south Bali.","A paved coastal path (commonly cited at around 5 km) runs behind the beachfront and links the resorts and beaches with the public access points. It's the low-effort Nusa Dua ritual: flat, shaded in parts and walkable, which is rare in south Bali.",A3 A4 A5,,
lib/nusa-dua/content.ts,NUSA_DUA_THINGS_TO_DO[2].blurb,80,PASS,,"The quieter, more local beach at the south end, with the clifftop Pura Geger temple above it. One of the few South Bali spots where traditional seaweed farming still shows at low tide — swim at high tide, wander the temple (sarong etiquette) outside ceremony days.","The quieter, more local beach at the south end, with the clifftop Pura Geger temple above it. It's one of the few South Bali spots where traditional seaweed farming still shows at low tide. Swim at high tide, and wander the temple (sarong etiquette) outside ceremony days.",A4 A7,,
lib/nusa-dua/content.ts,NUSA_DUA_THINGS_TO_DO[3].blurb,87,PASS,,"An art museum holding a large Asia–Pacific collection — paintings and sculpture from Indonesia, the Pacific, Polynesia and Indochina, plus European artists who worked in the region (Le Mayeur, Theo Meier). Themed rooms; open daily, roughly 10am–6pm.","An art museum holding a large Asia–Pacific collection: paintings and sculpture from Indonesia, the Pacific, Polynesia and Indochina. The collection also covers European artists who worked in the region (Le Mayeur, Theo Meier). Themed rooms; open daily, roughly 10am–6pm.",A4 A7,,NEW_TERM:covers
lib/nusa-dua/content.ts,NUSA_DUA_THINGS_TO_DO[5].blurb,101,PASS,,"A standard Tanjung Benoa half-day trip: a glass-bottom boat over the shallows to a turtle conservation island in Benoa harbour, where you can see sea turtles and other animals. An easy add-on to a watersports morning.",A standard Tanjung Benoa half-day trip: a glass-bottom boat over the shallows to a turtle conservation island in Benoa harbour. You can see sea turtles and other animals there. It's an easy add-on to a watersports morning.,A7,,
lib/nusa-dua/content.ts,NUSA_DUA_THINGS_TO_DO[6].blurb,108,PASS,,"A theatrical stage production — traditional and contemporary Indonesian dance, aerial acrobatics, costume and illusion, themed around the archipelago (Bali, Java, Sumatra, Borneo, Papua). Runs Mon/Wed/Fri/Sat at 7.30pm; book ahead.","A theatrical stage production of traditional and contemporary Indonesian dance, aerial acrobatics, costume and illusion, themed around the archipelago (Bali, Java, Sumatra, Borneo, Papua). Runs Mon/Wed/Fri/Sat at 7.30pm; book ahead.",A4,,
lib/nusa-dua/content.ts,NUSA_DUA_THINGS_TO_DO[7].blurb,115,PASS,,"The enclave's open-air shopping-and-dining complex — fashion outlets, restaurants, spas and services, with occasional cultural performances and a free shuttle loop serving the Nusa Dua and Tanjung Benoa resorts.","The enclave's open-air shopping-and-dining complex: fashion outlets, restaurants, spas and services. There are occasional cultural performances, and a free shuttle loop serves the Nusa Dua and Tanjung Benoa resorts.",A4 A7,,
lib/nusa-dua/content.ts,NUSA_DUA_THINGS_TO_DO[8].blurb,122,PASS,,"A single compound of five side-by-side places of worship — mosque, Catholic church, Protestant church, Buddhist vihara and Hindu temple — built as a symbol of religious harmony. A short, quietly striking stop just inland from the resorts.","A single compound of five side-by-side places of worship, built as a symbol of religious harmony. There's a mosque, a Catholic church, a Protestant church, a Buddhist vihara and a Hindu temple. It's a short stop just inland from the resorts.",A4 A7,,
lib/nusa-dua/content.ts,NUSA_DUA_FAQ[1].a,134,PASS,,"Yes — the enclave sits inside a reef-protected bay, so unlike Bali's exposed west and south surf coasts the water is calm and family-safe for much of the year. Mengiat (Nusa Dua Beach) is the main resort strip; Geger to the south is quieter and more natural, best swum at high tide when the seaweed flats are covered.","Yes. The enclave sits inside a reef-protected bay, so the water is calm and family-safe for much of the year. That's unlike Bali's exposed west and south surf coasts. Mengiat (Nusa Dua Beach) is the main resort strip. Geger to the south is quieter and more natural, best swum at high tide when the seaweed flats are covered.",A7 A7,,
lib/nusa-dua/content.ts,NUSA_DUA_FAQ[2].a,138,PASS,,"It's manicured and quiet rather than lively — great for a stroll along the ~5 km beach promenade or the Bali Collection shops, but independent nightlife and cafés live elsewhere. Tanjung Benoa, just north, is the watersports hub.","It's manicured and quiet rather than lively. It's great for a stroll along the ~5 km beach promenade or the Bali Collection shops, but independent nightlife and cafés live elsewhere. Tanjung Benoa, just north, is the watersports hub.",A4 A7,,
lib/nusa-dua/content.ts,NUSA_DUA_FAQ[3].a,142,PASS,,"More than it looks: the beach promenade, the Water Blow, Geger Beach and its clifftop temple, Museum Pasifika at the Bali Collection, the Devdan Show, watersports and a glass-bottom boat to Turtle Island at Tanjung Benoa, and the five-faith Puja Mandala inland.","More than it looks: the beach promenade, the Water Blow, Geger Beach and its clifftop temple, and Museum Pasifika at the Bali Collection. Tanjung Benoa has watersports and a glass-bottom boat to Turtle Island. There's also the Devdan Show and, inland, the five-faith Puja Mandala.",A5 A7,,
lib/nusa-dua/content.ts,NUSA_DUA_FAQ[4].a,146,PASS,,"Tanjung Benoa, the peninsula immediately north. Its calm, shallow, reef-sheltered lagoon is Bali's main motorised-watersports zone — parasailing, jet ski, banana boat, flyboard, sea walker and glass-bottom-boat trips, mostly beginner-friendly.","Tanjung Benoa, the peninsula immediately north. Its calm, shallow, reef-sheltered lagoon is Bali's main motorised-watersports zone. Expect parasailing, jet ski, banana boat, flyboard, sea walker and glass-bottom-boat trips, mostly beginner-friendly.",A4,,
lib/pillars.ts,PILLARS[0].tagline,22,PASS,,"Surf mornings, café work, sunset beach clubs — the deep guide.","The deep guide to surf mornings, café work and sunset beach clubs.",A4,,
lib/sanur-guides.ts,SANUR_GUIDES[0].metaDescription,26,PASS,,"Where to eat in Sanur: the beachfront tables, long-running institutions and honest local warungs worth your time on Bali's calm east coast. Resident-curated.","Where to eat in Sanur: the beachfront tables, long-running institutions and local warungs worth your time on Bali's calm east coast. Resident-curated.",,,
lib/sanur-guides.ts,SANUR_GUIDES[0].lede,27,PASS,,"Sanur's dining leans calm and dependable — beachfront classics, a few destination kitchens and some of Bali's best-loved warungs. These are the tables we send people to.","Sanur's dining leans calm and dependable: beachfront classics, a few destination kitchens and local warungs. These are the tables we send people to.",A4,,NEW_TERM:local
lib/sanur-guides.ts,SANUR_GUIDES[0].sectionNote,30,PASS,,"Curated picks from beachfront dining to local warungs — most are walk-in, but the popular rooms fill on weekends.","Picks from beachfront dining to local warungs. Most are walk-in, but the popular rooms fill on weekends.",A4,,
lib/sanur-guides.ts,SANUR_GUIDES[0].faq[0].a,32,PASS,,The long-running beachfront warungs — think fresh fish soup and grilled seafood on Jl. Hang Tuah — are the local institutions people come back for.,"The long-running beachfront warungs on Jl. Hang Tuah, for fresh fish soup and grilled seafood. These are the local institutions people come back for.",A4,,
lib/sanur-guides.ts,SANUR_GUIDES[0].faq[1].a,33,PASS,,Very — evenings are mild and low-key. It's a place for an easy beachfront dinner rather than a party; nightlife lives on the west coast.,Yes. Evenings are mild and low-key. It's a place for an easy beachfront dinner rather than a party; nightlife lives on the west coast.,A3 A4,,
lib/sanur-guides.ts,SANUR_GUIDES[1].lede,42,PASS,,"Sanur mornings are made for coffee by the beach path, and its bars are the easy, low-key kind. Here's where to sit for both.","Sanur mornings are made for coffee by the beach path, and its bars are the easy, low-key kind. These are our picks for both.",,,
lib/sanur-guides.ts,SANUR_GUIDES[1].sectionNote,45,PASS,,"Specialty coffee and brunch for the morning, plus the relaxed beachside bars for a drink — this is a calm coast, not a party strip.","Specialty coffee and brunch for the morning, plus the relaxed beachside bars for a drink. This is a calm coast, not a party strip.",A4,,
lib/sanur-guides.ts,SANUR_GUIDES[1].faq[0].a,47,PASS,,"Yes — a small but solid set of specialty cafés along and just off the beach path, good for a slow brunch or a work morning.","Yes. There's a small but good set of specialty cafés along and just off the beach path, good for a slow brunch or a work morning.",A4 A10,,
lib/sanur-guides.ts,SANUR_GUIDES[2].metaDescription,55,PASS,,"Where to reset in Sanur: beachfront resort spas, boutique massage, yoga shalas and salons on Bali's calm east coast. Resident-curated, honest about what each is for.","Where to reset in Sanur: beachfront resort spas, boutique massage, yoga shalas and salons on Bali's calm east coast. Resident-curated, and we say what each is for.",,,
lib/sanur-guides.ts,SANUR_GUIDES[2].lede,56,PASS,,"Sanur's calm suits a reset — beachfront resort spas, garden massage, bamboo yoga shalas and proper salons. Here's where to book, by what you actually want.","Sanur's calm suits a reset: beachfront resort spas, garden massage, bamboo yoga shalas and salons. Choose by what you want, then book.",A4 A10,,
lib/sanur-guides.ts,SANUR_GUIDES[2].sectionNote,59,PASS,,"Resort and boutique spas, yoga studios and salons — honest about which is a beachfront treatment, a drop-in class or a salon visit.","Resort and boutique spas and yoga studios, plus salons. We say which is a beachfront treatment, a drop-in class or a salon visit.",A4 A5,,NEW_TERM:plus
lib/sanur-guides.ts,SANUR_GUIDES[2].faq[0].a,61,PASS,,"It's quietly strong — beachfront bamboo shalas and resort wellness programmes suit a calm morning practice, without the intensity of the Ubud or Canggu scenes.","It's quietly strong. Beachfront bamboo shalas and resort wellness programmes suit a calm morning practice, without the intensity of the Ubud or Canggu scenes.",A4,,
lib/sanur-guides.ts,SANUR_GUIDES[2].faq[1].a,62,PASS,,"For the resort spas and evenings, yes — reserve a day ahead. Smaller garden spots often take walk-ins earlier in the day.","Yes, for the resort spas and evenings. Reserve a day ahead. Smaller garden spots often take walk-ins earlier in the day.",A4,,
lib/scenarios.ts,SCENARIOS[0].promise,38,PASS,,"Land, settle, get one good day — before you try to see the whole island.","Land, settle and get one good day before you try to see the whole island.",A4,,
lib/scenarios.ts,SCENARIOS[0].intro,40,PASS,,"Bali is not one place, and day one is where most first-timers lose a day to traffic, a tourist trap, or the wrong neighbourhood. Pick one base, do it well, and let the island come to you.","Bali is not one place, and day one is where most first-timers lose a day to traffic, a tourist trap, or the wrong neighbourhood. Pick one base and do it well.",A5,,
lib/scenarios.ts,SCENARIOS[0].forWho,41,PASS,,"First-timers who want an easy, confident first day — no three-hour drives for a photo.","First-timers who want an easy, confident first day, without three-hour drives for a photo.",A4,,POLARITY:three-hour
lib/scenarios.ts,SCENARIOS[0].sections[0].body,46,PASS,,"Choose a single area for your first days — Canggu for cafés and surf energy, Seminyak for polished dinners, Ubud for jungle and slower mornings. Moving every day is what burns the trip.","Choose a single area for your first days: Canggu for cafés and surf energy, Seminyak for polished dinners, Ubud for jungle and slower mornings. Moving every day is what burns the trip.",A4,,
lib/scenarios.ts,SCENARIOS[0].sections[1].body,50,PASS,,"Easy coffee to shake off the flight, a relaxed lunch nearby, a sunset spot you don't have to fight a crowd for, and an early dinner close to where you sleep.","Start with an easy coffee to shake off the flight and a relaxed lunch nearby. Then find a sunset spot you don't have to fight a crowd for, and eat an early dinner close to where you sleep.",A7,,POLARITY:coffee
lib/scenarios.ts,SCENARIOS[0].sections[2].body,54,PASS,,Sunset tables and proper dinners fill up. A couple of reservations before you land means you're never stuck deciding at 7pm with a hungry group.,Sunset tables and good dinner spots fill up. A couple of reservations before you land means you're never stuck deciding at 7pm with a hungry group.,A10,,
lib/scenarios.ts,SCENARIOS[0].sections[3].body,58,PASS,,The famous temples and waterfalls can wait. Keep the first day inside one area so you actually rest instead of sitting in scooter traffic.,The temples and waterfalls can wait. Keep the first day inside one area so you rest instead of sitting in scooter traffic.,,,
lib/scenarios.ts,SCENARIOS[1].promise,71,PASS,,"Coffee, work, gym, sunset, dinner — the same island, lived at a slower speed.","Coffee, work, gym, sunset, dinner: the same island, lived at a slower speed.",A4,,
lib/scenarios.ts,SCENARIOS[1].intro,73,PASS,,"Staying a few weeks changes what you need. Not a bucket list — a rhythm: a café you can actually work from, a gym, a lunch under budget, and a sunset walk that resets the day.","Staying a few weeks changes what you need. You want a rhythm, not a bucket list. That means a café you can work from, a gym, a lunch under budget and a sunset walk that resets the day.",A4 A7,,NEW_TERM:want NEW_TERM:means
lib/scenarios.ts,SCENARIOS[1].metaDescription,101,PASS,,"Staying a month in Bali? Build a routine: work-friendly cafés, gyms, healthy lunches, and a weekly rhythm. Curated, honest picks. Travellers never pay.","For a month in Bali, build a routine: work-friendly cafés, gyms, healthy lunches and a weekly rhythm. Curated picks. Travellers never pay.",A6,,
lib/scenarios.ts,SCENARIOS[2].promise,108,PASS,,"A sunset that fits a date, a table worth dressing for — not a crowd and a queue.","A sunset that fits a date and a table worth dressing for, not a crowd and a queue.",A4,,
lib/scenarios.ts,SCENARIOS[2].intro,110,PASS,,"The most-photographed spots are often the most crowded. For a honeymoon, an anniversary, or just a good night out for two, the win is a place that fits the moment — the right light, the right table, no long drive home.","The most-photographed spots are often the most crowded. For a honeymoon, an anniversary or just a good night out for two, look for a place that fits the moment. That means the right light and the right table, with no long drive home.",A4 A7,,NEW_TERM:means
lib/scenarios.ts,SCENARIOS[2].forWho,111,PASS,,"Couples, honeymoons, anniversaries — anyone who wants two, not two hundred.","Couples, honeymoons, anniversaries: anyone who wants two, not two hundred.",A4,,
lib/scenarios.ts,SCENARIOS[3].promise,141,PASS,,"Yoga, spa, clean food, quiet cafés — a reset without the performance wellness.","Yoga, spa, clean food, quiet cafés: a reset without the performance wellness.",A4,,
lib/scenarios.ts,SCENARIOS[3].intro,143,PASS,,"A reset trip has a different job: slow the day down. Less scrolling for the trendiest studio, more quiet mornings, clean food, and space to breathe — in the areas that actually stay calm.","A reset trip has a different job: slow the day down. Spend less time scrolling for the trendiest studio and more on quiet mornings, clean food and space to breathe, in the areas that stay calm.",A4,,
lib/scenarios.ts,SCENARIOS[3].forWho,144,PASS,,"Anyone here to slow down — solo resetters, post-burnout, yoga-and-silence travellers.","Anyone here to slow down: solo resetters, post-burnout, yoga-and-silence travellers.",A4,,
lib/scenarios.ts,SCENARIOS[3].metaDescription,167,PASS,,"A calmer Bali week: yoga, spa, clean food, and quiet cafés in the areas that actually stay calm — without the performance wellness. Curated picks. Travellers never pay.","A calmer Bali week: yoga, spa, clean food and quiet cafés in the areas that stay calm, without the performance wellness. Curated picks. Travellers never pay.",A4,,
lib/ubud-guides.ts,UBUD_GUIDES[0].metaDescription,26,PASS,,"Where to eat in Ubud: the restaurants we actually rate, from long slow dinners to healthy plates — curated, honest about trade-offs.","Where to eat in Ubud: the restaurants we rate, from long slow dinners to healthy plates. Curated, trade-offs included.",A4,,
lib/ubud-guides.ts,UBUD_GUIDES[0].sectionNote,30,PASS,,Curated picks — book ahead for the popular rooms.,Curated picks. Book ahead for the popular rooms.,A4,,
lib/ubud-guides.ts,UBUD_GUIDES[0].faq[0].a,32,PASS,,The popular dinner rooms fill in high season — book a day or two ahead. Casual spots and warungs are walk-in.,"The popular dinner rooms fill in high season, so book a day or two ahead. Casual spots and warungs are walk-in.",A4,,
lib/ubud-guides.ts,UBUD_GUIDES[0].faq[1].a,33,PASS,,Very — Ubud has one of Bali's deepest plant-based scenes; most kitchens do strong vegetarian and vegan plates.,"Yes. Ubud has one of Bali's deepest plant-based scenes, and most kitchens do strong vegetarian and vegan plates.",A3 A4,,
lib/ubud-guides.ts,UBUD_GUIDES[1].metaDescription,41,PASS,,"Where to eat cheap, authentic Balinese and Indonesian food in Ubud — the warungs we rate for nasi campur, home-style plates and honest local eating.","Where to eat cheap, authentic Balinese and Indonesian food in Ubud: the warungs we rate for nasi campur and home-style plates.",A4 A5,,
lib/ubud-guides.ts,UBUD_GUIDES[1].sectionNote,47,PASS,,"Cheap, authentic and unfussy — the local plates worth seeking out.","Cheap, authentic and unfussy: the local plates worth seeking out.",A4,,
lib/ubud-guides.ts,UBUD_GUIDES[1].faq[0].a,49,PASS,,"A warung is a small, family-run Indonesian eatery serving affordable local food — nasi campur, satay and daily home-style dishes. They're the backbone of everyday eating in Bali.","A warung is a small, family-run Indonesian eatery serving affordable local food: nasi campur, satay and daily home-style dishes. They're the backbone of everyday eating in Bali.",A4,,
lib/ubud-guides.ts,UBUD_GUIDES[1].faq[1].a,50,PASS,,"At warungs — small local eateries away from the tourist strip. The picks here are the ones we rate for authentic, affordable Balinese and Indonesian food.","At warungs, the small local eateries away from the tourist strip. The picks here are the ones we rate for authentic, affordable Balinese and Indonesian food.",A4,,
lib/ubud-guides.ts,UBUD_GUIDES[1].faq[2].a,51,PASS,,"Yes — warungs are among the best value in Bali, with generous plates for a fraction of café or restaurant prices.","Yes. Warungs are among the best value in Bali, with generous plates for a fraction of café or restaurant prices.",A4,,
lib/ubud-guides.ts,UBUD_GUIDES[2].metaDescription,59,PASS,,"Ubud cafés worth a morning: serious coffee, calm rooms and green views. Resident-curated, honest about which are for work and which are for slowing down.","Ubud cafés worth a morning: good coffee, calm rooms and green views. Resident-curated, and we say which are for work and which are for slowing down.",A10,,
lib/ubud-guides.ts,UBUD_GUIDES[2].sectionNote,63,PASS,,"Serious coffee and calm rooms — some better for work, some for slowing down.","Good coffee and calm rooms. Some are better for work, some for slowing down.",A4 A10,,
lib/ubud-guides.ts,UBUD_GUIDES[2].faq[0].a,65,PASS,,"Ubud has a strong café-work culture, but rooms vary — look for the ones we note as calm with room to sit; some jungle cafés are for the view, not a laptop.","Ubud has a strong café-work culture, but rooms vary. Look for the ones we note as calm with room to sit. Some jungle cafés are for the view, not a laptop.",A4 A7,,
lib/ubud-guides.ts,UBUD_GUIDES[3].metaDescription,73,PASS,,"Ubud's yoga, spa and wellness scene, curated: where to drop into a class, book a massage, sit in a sound bath or commit to a retreat. Resident-curated, honest about what each is for.","Ubud's yoga, spa and wellness scene: where to drop into a class, book a massage, sit in a sound bath or commit to a retreat. Resident-curated, and we say what each is for.",A7,,
lib/ubud-guides.ts,UBUD_GUIDES[3].lede,74,PASS,,"Ubud is Bali's wellness capital — this is where to practise, reset and be worked on, from big drop-in studios to quiet Ayurvedic spas and sound healing.","Ubud is Bali's wellness capital. This is where to practise, reset and be worked on, from big drop-in studios to quiet Ayurvedic spas and sound healing.",A4 A7,,
lib/ubud-guides.ts,UBUD_GUIDES[3].sectionNote,77,PASS,,"Studios, spas, sound and retreats — honest about which is a drop-in class, a treatment or a multi-day commitment.","Everything from studios and spas to sound and retreats. We say which is a drop-in class, a treatment or a multi-day commitment.",A4 A5,,
lib/ubud-guides.ts,UBUD_GUIDES[3].faq[0].a,79,PASS,,The big drop-in studios — the kind with a full daily timetable across styles — are the easiest starting point; smaller shalas suit you once you know what you want to practise.,"The big drop-in studios, with a full daily timetable across styles, are the easiest starting point. Smaller shalas suit you once you know what you want to practise.",A4 A7,,
lib/ubud-guides.ts,UBUD_GUIDES[3].faq[1].a,80,PASS,,Popular classes and the well-known spas fill in high season — reserve a day ahead where you can. Some hillside studios and village spas are quieter and easier to walk into.,"Popular classes and the well-known spas fill in high season, so reserve a day ahead where you can. Some hillside studios and village spas are quieter and easier to walk into.",A4,,
lib/ubud-guides.ts,UBUD_GUIDES[3].faq[2].a,81,PASS,,"We note it on each: a drop-in class is an hour or two, a spa or Ayurvedic treatment is a single booking, and a retreat is a multi-day, often doctor- or teacher-led programme.","We note it on each. A drop-in class is an hour or two. Spa or Ayurvedic treatments are single bookings. A retreat is a multi-day programme, often led by a doctor or teacher.",A5 A7,,
lib/ubud-things.ts,UBUD_THINGS_TO_DO[0].blurb,24,PASS,,"A free, easy ridge walk on a paved path between two river valleys, with open grass hills on either side. Go at sunrise or late afternoon — there's little shade, so the middle of the day is hot.","A free, easy ridge walk on a paved path between two river valleys, with open grass hills on either side. Go at sunrise or late afternoon. There's little shade, so the middle of the day is hot.",A4,,
lib/ubud-things.ts,UBUD_THINGS_TO_DO[1].blurb,31,PASS,,"A forest temple complex in the middle of town, home to hundreds of long-tailed macaques among ancient banyans and moss-covered shrines. Keep bags zipped and don't carry loose food — the monkeys are bold.","A forest temple complex in the middle of town, home to hundreds of long-tailed macaques among ancient banyans and moss-covered shrines. Keep bags zipped and don't carry loose food, because the monkeys are bold.",A4,,
lib/ubud-things.ts,UBUD_THINGS_TO_DO[2].blurb,38,PASS,,The famous stepped rice valley carved along the traditional Balinese subak irrigation system. Go early to beat the crowds and the heat; expect small donation gates and swings on the way down into the terraces.,A stepped rice valley carved along the traditional Balinese subak irrigation system. Go early to beat the crowds and the heat; expect small donation gates and swings on the way down into the terraces.,,,
lib/ubud-things.ts,UBUD_THINGS_TO_DO[5].blurb,59,PASS,,"Pasar Seni Ubud sells crafts, textiles, baskets and souvenirs across two floors, busiest in the morning. Prices are negotiable — bargaining is expected.","Pasar Seni Ubud sells crafts, textiles, baskets and souvenirs across two floors, busiest in the morning. Prices are negotiable, and bargaining is expected.",A4,,
lib/ubud-things.ts,UBUD_THINGS_TO_DO[8].blurb,80,PASS,,"Ubud is Bali's art heartland. Museum Puri Lukisan (in town), ARMA (Agung Rai Museum of Art, Peliatan) and the Blanco Renaissance Museum each hold strong collections of Balinese and Indonesian painting.","Ubud is Bali's art heartland. Museum Puri Lukisan (in town) and ARMA (Agung Rai Museum of Art, Peliatan) hold strong collections of Balinese and Indonesian painting. So does the Blanco Renaissance Museum.",A7,,
lib/ubud-things.ts,UBUD_ZONES[0].character,103,PASS,,"The walkable core around Jl. Raya Ubud, the Palace, the market and Monkey Forest Road — everything within about a 10-minute walk. Also the busiest, with a congested one-way loop in the evenings.","The walkable core around Jl. Raya Ubud, the Palace, the market and Monkey Forest Road, with everything within about a 10-minute walk. It's also the busiest, with a congested one-way loop in the evenings.",A4,,
lib/ubud-things.ts,UBUD_ZONES[1].character,109,PASS,,"A quiet, clean village just south of the Monkey Forest — you can walk to the centre through the forest. One of the few Ubud areas where you barely need a scooter.","A quiet, clean village just south of the Monkey Forest. You can walk to the centre through the forest, and it's one of the few Ubud areas where you barely need a scooter.",A4,,
lib/ubud-things.ts,UBUD_ZONES[2].character,115,PASS,,"The hillside painters' village west of the centre, above the Campuhan ravine, ringed by rice paddies — quieter, with pedestrian lanes and a long art history. About 15–20 minutes' walk in (uphill back).","The hillside painters' village west of the centre, above the Campuhan ravine, is ringed by rice paddies. It's quieter, with pedestrian lanes and a long art history. About 15–20 minutes' walk in (uphill back).",A4,,
lib/ubud-things.ts,UBUD_ZONES[3].character,121,PASS,,"The gallery-and-ridge belt northwest of the centre — the Campuhan Ridge Walk, the Blanco and Neka art museums, and some more spacious upscale hotels. Walkable to town via the ridge.","The gallery-and-ridge belt northwest of the centre: the Campuhan Ridge Walk, the Blanco and Neka art museums, and some more spacious upscale hotels. It's walkable to town via the ridge.",A4,,
lib/ubud-things.ts,UBUD_ZONES[4].character,127,PASS,,"A traditional-arts village a short hop east of downtown — painting, gamelan and especially Legong dance, with regular evening performances at the Peliatan Palace. Quieter and more local.","A traditional-arts village a short hop east of downtown: painting, gamelan and especially Legong dance, with regular evening performances at the Peliatan Palace. It's quieter and more local.",A4,,
lib/ubud-things.ts,UBUD_ZONES[5].character,133,PASS,,The river-valley luxury belt outside the centre — dramatic Ayung and Wos gorge settings and Bali's original jungle-resort cluster. Secluded and scenic; you'll drive to town.,"The river-valley luxury belt outside the centre, with dramatic Ayung and Wos gorge settings and Bali's original jungle-resort cluster. It's secluded and scenic, and you'll drive to town.",A4,,
