venue_id,venue_name,source_url,source_tier,date_crawled
obs-f0218b9e95,Spring Spa,https://www.springspa.com/,official_site,2026-08-25T06:22:51+00:00
obs-f0218b9e95,Spring Spa,https://www.springspa.com/sitemaps-1-section-baliBridalTreatments-1-sitemap.xml,official_site,2026-08-25T06:22:51+00:00
obs-c1f3a33e65,Svaha Spa Seminyak,https://svahawellness.com/svahaspasanur,official_site,2026-08-25T06:22:51+00:00
obs-c1f3a33e65,Svaha Spa Seminyak,https://svahawellness.com/svahaspasanur/treatment,official_site,2026-08-25T06:22:51+00:00
obs-c1f3a33e65,Svaha Spa Seminyak,https://svahawellness.com/svahaspaseminyak/treatment,official_site,2026-08-25T06:22:51+00:00
obs-c1f3a33e65,Svaha Spa Seminyak,https://svahawellness.com/svahaspaseminyaksanctuary/treatment,official_site,2026-08-25T06:22:51+00:00
obs-7d8476bc95,Four Seasons Spa,https://www.fourseasons.com/sayan/spa/,official_site,2026-08-25T06:22:51+00:00
obs-7d8476bc95,Four Seasons Spa,https://www.fourseasons.com/stlouis/spa/treatment_packages,official_site,2026-08-25T06:22:51+00:00
obs-7d8476bc95,Four Seasons Spa,https://www.fourseasons.com/washington/spa/body_treatments,official_site,2026-08-25T06:22:51+00:00
obs-7d8476bc95,Four Seasons Spa,https://www.fourseasons.com/westlakevillage/spa/facial_treatments,official_site,2026-08-25T06:22:51+00:00
obs-dbd43cd5b1,Nikara Spa Berawa,https://www.nikaraspa.com/,official_site,2026-08-25T06:22:51+00:00
obs-dbd43cd5b1,Nikara Spa Berawa,https://www.nikaraspa.com/nikara-spa-berawa-price,official_site,2026-08-25T06:22:51+00:00
obs-ad418782ce,Ambiente Spa & Wellness – Rama Residence Seminyak,https://www.ambientespabali.com/special_offer/midday-bliss-at-ambiente-spa-wellness-rama-residence-seminyak,official_site,2026-08-25T06:22:51+00:00
obs-5aa0145e7f,Taman Air Spa,https://tamanairspa.com/,official_site,2026-08-25T06:22:51+00:00
obs-5aa0145e7f,Taman Air Spa,https://tamanairspa.com/taman-air-spa-price-list,official_site,2026-08-25T06:22:51+00:00
obs-aa7c1d3452,Jimbaran Puri Spa,https://pdfs.belmond.com/RSG-Spa_Menu_Mayu_Willka.pdf,official_site,2026-08-25T06:22:51+00:00
obs-aa7c1d3452,Jimbaran Puri Spa,https://www.belmond.com/en/hotels/asia/indonesia/jimbaran-puri-bali/wellness?srsltid=AfmBOor2D9uIgoVdKJpOpU0RIX6r9-DCv5JrA-3KAEKFIPywRXvNk1UC,official_site,2026-08-25T06:22:51+00:00
obs-82c92aef18,Santhika Retreat Center,https://www.santhikaretreatcenter.com/spa-bali?srsltid=AfmBOoqAFKqsR1J8jfOY3rldkJKNQgO2DSZ3v2RlJeLQiwB2ubQrHL-Y,official_site,2026-08-25T06:22:51+00:00
obs-82c92aef18,Santhika Retreat Center,https://www.santhikaretreatcenter.com/spa-booking,official_site,2026-08-25T06:22:51+00:00
obs-65b3c39d43,Munduk Moding Plantation,https://mundukmodingplantation.com/spa-wellness,official_site,2026-08-25T06:22:51+00:00
obs-0cb50840c7,Hesa Wellness Spa,https://hesaspa.com/,official_site,2026-08-25T06:22:51+00:00
obs-0cb50840c7,Hesa Wellness Spa,https://hesaspa.com/booking-thanks,official_site,2026-08-25T06:22:51+00:00
obs-0cb50840c7,Hesa Wellness Spa,https://web.hesa.app,official_site,2026-08-25T06:22:51+00:00
obs-9418172cef,Ubud Traditional Spa,https://ubudtraditionalspa.com/,official_site,2026-08-25T06:22:51+00:00
obs-9418172cef,Ubud Traditional Spa,https://ubudtraditionalspa.com/massage-treatments,official_site,2026-08-25T06:22:51+00:00
obs-a392490bb4,Putri Bali Spa,https://www.putribalispa.com/,official_site,2026-08-25T06:22:51+00:00
obs-a392490bb4,Putri Bali Spa,https://www.putribalispa.com/services/ear-candle-therapy-massage,official_site,2026-08-25T06:22:51+00:00
obs-7a754a01b6,Marissa Spa,https://www.lemon8-app.com/@mandatoryjoys/7450805315559473681?region=sg,official_site,2026-08-25T06:22:51+00:00
obs-7a754a01b6,Marissa Spa,https://www.lemon8-app.com/experience/benefits-of-a-head-spa-treatment-in-nyc-wellness-centers,official_site,2026-08-25T06:22:51+00:00
obs-36d7498e99,Therapy Day Spa,https://therapy.co.id/,official_site,2026-08-25T06:22:51+00:00
obs-36d7498e99,Therapy Day Spa,https://therapy.co.id/pages/spa-menu,official_site,2026-08-25T06:22:51+00:00
obs-84fe1f6c5b,Spa Bali Moon,https://spabalimoon.com/outcall-home-service-massage,official_site,2026-08-25T06:22:51+00:00
obs-84fe1f6c5b,Spa Bali Moon,https://spabalimoon.com/seminyak/,official_site,2026-08-25T06:22:51+00:00
obs-4aefbf7037,Prana Spa,https://pranaspaseminyakbali.com/,official_site,2026-08-25T06:22:51+00:00
obs-4aefbf7037,Prana Spa,https://pranaspaseminyakbali.com/images/PranaSpa_Nov2024.pdf,official_site,2026-08-25T06:22:51+00:00
obs-4aefbf7037,Prana Spa,https://www.impianaseminyak.com/spa-wellness-massage/chill-reflexology,official_site,2026-08-25T06:22:51+00:00
obs-4aefbf7037,Prana Spa,https://www.impianaseminyak.com/spa-wellness-massage/chill-reflexology/,official_site,2026-08-25T06:22:51+00:00
obs-326eda49df,Ritual Spa Kuta,https://ramayanaexperience.com/sanctuaries-of-wellness/,official_site,2026-08-25T06:22:51+00:00
obs-326eda49df,Ritual Spa Kuta,https://ramayanaexperience.com/spa/royal-rama-spa-kuta-beach,official_site,2026-08-25T06:22:51+00:00
obs-be77ce65f9,Mercure Bali Sanur Resort,https://www.mercureresortsanur.com/offers/reflexology-treatment/,official_site,2026-08-25T06:22:51+00:00
obs-be77ce65f9,Mercure Bali Sanur Resort,https://www.mercureresortsanur.com/offers/wellness-and-spa-discovery-stay,official_site,2026-08-25T06:22:51+00:00
obs-401d8d1df9,Zahra Spa Nusa Dua,https://zahraspa.com/,official_site,2026-08-25T06:22:51+00:00
obs-401d8d1df9,Zahra Spa Nusa Dua,https://zahraspa.com/booking,official_site,2026-08-25T06:22:51+00:00
obs-b8dda5f9a8,The Spa at Hotel Nikko Bali Benoa Beach,https://hotelnikkobali-benoabeach.com/spa/,official_site,2026-08-25T06:22:51+00:00
obs-b8dda5f9a8,The Spa at Hotel Nikko Bali Benoa Beach,https://hotelnikkobali-benoabeach.com/special-offers/rejuvenate-reborn-spa-packages,official_site,2026-08-25T06:22:51+00:00
obs-57da146754,Tunjungsari Spa,https://www.tunjungsarispabali.com/,official_site,2026-08-25T06:22:51+00:00
obs-57da146754,Tunjungsari Spa,https://www.tunjungsarispabali.com/spa-menu,official_site,2026-08-25T06:22:51+00:00
obs-31d06dca75,Citrine Day Spa,https://movenpick.accor.com/content/dam/movenpick/pdf/hotels/united_arab_emirates/al-marjan-island/aug_2024/Citrine%20Spa%20Menu%202024%20.pdf,official_site,2026-08-25T06:22:51+00:00
obs-31d06dca75,Citrine Day Spa,https://movenpick.accor.com/en/asia/indonesia/bali/jimbaran-bali.html,official_site,2026-08-25T06:22:51+00:00
obs-31d06dca75,Citrine Day Spa,https://movenpick.accor.com/en/middle-east/jordan/aqaba/resort-aqaba/zara-spa-/massage-treatments-at-aqaba.html,official_site,2026-08-25T06:22:51+00:00
obs-4473dfe037,Bali Bliss Massage,https://baliblissmassage.com/,official_site,2026-08-25T06:22:51+00:00
obs-4473dfe037,Bali Bliss Massage,https://baliblissmassage.com/spa-services,official_site,2026-08-25T06:22:51+00:00
obs-71f66716f9,LaiA Spa,https://www.laiaspa.com/pecatu,official_site,2026-08-25T06:22:51+00:00
obs-71f66716f9,LaiA Spa,https://www.laiaspa.com/pecatu/spa-menu,official_site,2026-08-25T06:22:51+00:00
obs-71f66716f9,LaiA Spa,https://www.laiaspa.com/social/spa-menu,official_site,2026-08-25T06:22:51+00:00
obs-71f66716f9,LaiA Spa,https://www.laiaspa.com/ungasan/spa-menu,official_site,2026-08-25T06:22:51+00:00
obs-3f3f4a94de,Xin Spa Beauty Pecatu Uluwatu Bali,https://massagepecatu.github.io/massagepecatu/,official_site,2026-08-25T06:22:51+00:00
obs-3f3f4a94de,Xin Spa Beauty Pecatu Uluwatu Bali,https://xinspabeauty.com/,official_site,2026-08-25T06:22:51+00:00
obs-3f3f4a94de,Xin Spa Beauty Pecatu Uluwatu Bali,https://xinspabeauty.com/services,official_site,2026-08-25T06:22:51+00:00
obs-3f3f4a94de,Xin Spa Beauty Pecatu Uluwatu Bali,https://xinspabeauty.com/services/massage/balinese-spa,official_site,2026-08-25T06:22:51+00:00
obs-3f3f4a94de,Xin Spa Beauty Pecatu Uluwatu Bali,https://xinspabeauty.com/services/massage/reflexology,official_site,2026-08-25T06:22:51+00:00
obs-89108a3bd7,The Ungasan,https://theungasan.com/wellness-retreat-bali,official_site,2026-08-25T06:22:51+00:00
obs-d6082ef322,Kapha Spa,https://kaphaspa.com/,official_site,2026-08-25T06:22:51+00:00
obs-d6082ef322,Kapha Spa,https://kaphaspa.com/menu,official_site,2026-08-25T06:22:51+00:00
obs-1f7dc98c95,Andre Bali Spa,https://www.andrebalispa.com/,official_site,2026-08-25T06:22:51+00:00
obs-1f7dc98c95,Andre Bali Spa,https://www.andrebalispa.com/packages.html,official_site,2026-08-25T06:22:51+00:00
obs-71878e1c7f,Bloo Lagoon Spa & Wellness,https://bloolagoon.com/,official_site,2026-08-25T06:22:51+00:00
obs-71878e1c7f,Bloo Lagoon Spa & Wellness,https://bloolagoon.com/bloo-lagoon-spa-wellness,official_site,2026-08-25T06:22:51+00:00
obs-c3cfa8b03f,Spa at The Lovina Bali,https://bali.com/places/nusa-dua-spa-by-lily-treatment,official_site,2026-08-25T06:22:51+00:00
obs-c3cfa8b03f,Spa at The Lovina Bali,https://bali.com/places/spa-at-the-lovina-bali/,official_site,2026-08-25T06:22:51+00:00
obs-fe2164b5e6,Pala Spa,https://www.umahlusa.com/pala-spa-balinese-wellness-rituals,official_site,2026-08-25T06:22:51+00:00
obs-fe2164b5e6,Pala Spa,https://www.umahlusa.com/pala-spa-munduk-bali,official_site,2026-08-25T06:22:51+00:00
obs-fe2164b5e6,Pala Spa,https://www.umahlusa.com/pala-spa-munduk-bali/,official_site,2026-08-25T06:22:51+00:00
obs-c44fd25e80,Munduk Tentrem Resort,https://munduktentrem.com/spa,official_site,2026-08-25T06:22:51+00:00
obs-c44fd25e80,Munduk Tentrem Resort,https://munduktentrem.com/spa/,official_site,2026-08-25T06:22:51+00:00
obs-c44fd25e80,Munduk Tentrem Resort,https://munduktentrem.com/spa/body-treatment,official_site,2026-08-25T06:22:51+00:00
obs-7de0856528,INKA Ubud Spa,https://inkaubudspa.com/,official_site,2026-08-25T06:22:51+00:00
obs-bb9c199175,The Samaya Ubud-Bali,https://thesamaya.com/lumonata-plugins/custom-post/pdf/spa-menu-the-samaya-ubud-1751273163.pdf,official_site,2026-08-25T06:22:51+00:00
obs-bb9c199175,The Samaya Ubud-Bali,https://thesamaya.com/ubud/spa,official_site,2026-08-25T06:22:51+00:00
obs-f15b120009,Karsa Spa,https://karsaspa.com/,official_site,2026-08-25T06:22:51+00:00
obs-7e44d6b756,Pendray Inn and Teahouse,https://www.ramblynjazz.com/post/blissful-escapes-exploring-salons-and-spas-in-ubud,official_site,2026-08-25T06:22:51+00:00
obs-7e44d6b756,Pendray Inn and Teahouse,https://www.ramblynjazz.com/post/indulgence-in-victoria-bc-afternoon-tea-and-spa-time,official_site,2026-08-25T06:22:51+00:00
obs-1a45b6a69e,Jaens Spa Ubud,https://jaensspa.com/,official_site,2026-08-25T06:22:51+00:00
obs-1a45b6a69e,Jaens Spa Ubud,https://jaensspa.com/visit-jaens-spa-3-reason-why-to-get-massage-therapy,official_site,2026-08-25T06:22:51+00:00
obs-d324f3ecd3,Sang Spa,https://sangspa.com/,official_site,2026-08-25T06:22:51+00:00
obs-d324f3ecd3,Sang Spa,https://sangspa.com/why-ubud-is-the-perfect-place-for-a-spa-and-wellness-experience-in-bali,official_site,2026-08-25T06:22:51+00:00
obs-f59cc4b683,Kaveri Spa at The Udaya,https://kaverispa.theudayaresort.com/,official_site,2026-08-25T06:22:51+00:00
obs-086516de1e,Reflexology Ubud,https://reflexologyubud.com/,official_site,2026-08-25T06:22:51+00:00
obs-086516de1e,Reflexology Ubud,https://reflexologyubud.com/sln_service/hair-keratin-therapy-treatment,official_site,2026-08-25T06:22:51+00:00
obs-086516de1e,Reflexology Ubud,https://www.waze.com/live-map/directions/id/bali/reflexology-ubud?to=place.ChIJVWkFeGw90i0RpAHEE4ApBag,official_site,2026-08-25T06:22:51+00:00
obs-77332edd04,Goldust Spa,https://goldustspa.com/,official_site,2026-08-25T06:22:51+00:00
obs-77332edd04,Goldust Spa,https://goldustspa.com/treatments/the-signature-massage,official_site,2026-08-25T06:22:51+00:00
obs-70e01307a4,Alma Spa,https://almaspabali.com/,official_site,2026-08-25T06:22:51+00:00
obs-70e01307a4,Alma Spa,https://almaspabali.com/sample-page,official_site,2026-08-25T06:22:51+00:00
obs-9a983ce874,Fajar Bali Luxury Spa,https://fajarbalispa.com/,official_site,2026-08-25T06:22:51+00:00
obs-9a983ce874,Fajar Bali Luxury Spa,https://fajarbalispa.com/spa-menu-luxury,official_site,2026-08-25T06:22:51+00:00
obs-cdfbf431e0,Beach House by Tonic,https://www.beachhousebytonic.com/,official_site,2026-08-25T06:22:51+00:00
obs-cdfbf431e0,Beach House by Tonic,https://www.beachhousebytonic.com/treatments,official_site,2026-08-25T06:22:51+00:00
obs-3ff7376720,Espace Spa Bali,https://espacespabali.com/,official_site,2026-08-25T06:22:51+00:00
obs-3ff7376720,Espace Spa Bali,https://espacespabali.com/our-services/aromatherapy-therapeutic-massages,official_site,2026-08-25T06:22:51+00:00
obs-eae39125bf,Hati Thai,https://hatithai.id/hati-thai-canggu/,official_site,2026-08-25T06:22:51+00:00
obs-eae39125bf,Hati Thai,https://hatithai.id/massage-school,official_site,2026-08-25T06:22:51+00:00
obs-9bb117e811,Chill Reflexology,https://chillreflexologybali.com/,official_site,2026-08-25T06:22:51+00:00
obs-9bb117e811,Chill Reflexology,https://www.chillreflexologybali.com/chill-reflexology-treatment-menu.html,official_site,2026-08-25T06:22:51+00:00
obs-caef9dc4b4,KOYA SPA,http://koyaspabali.com,official_site,2026-08-25T06:22:51+00:00
obs-caef9dc4b4,KOYA SPA,http://koyaspabali.com/,official_site,2026-08-25T06:22:51+00:00
obs-0c754d860f,Korra Spa,https://korraspa.com/,official_site,2026-08-25T06:22:51+00:00
obs-0c754d860f,Korra Spa,https://korraspa.com/best-spa-package-bali-new-year-2026,official_site,2026-08-25T06:22:51+00:00
obs-0c754d860f,Korra Spa,https://korraspa.com/best-spa-treatments-bali-guide,official_site,2026-08-25T06:22:51+00:00
obs-0c754d860f,Korra Spa,https://korraspa.com/wellness-day-itinerary-bali-korra-spa,official_site,2026-08-25T06:22:51+00:00
obs-019eb2412b,The Rustic Sun,https://therusticsunbali.com/,official_site,2026-08-25T06:22:51+00:00
obs-019eb2412b,The Rustic Sun,https://therusticsunbali.com/services/spa,official_site,2026-08-25T06:22:51+00:00
obs-658f535ee7,Beautyfulspa,https://beautyfulspabali.com/,official_site,2026-08-25T06:22:51+00:00
obs-3394875582,Shosan Holistic Spa,https://www.shosanspa.com/,official_site,2026-08-25T06:22:51+00:00
obs-3394875582,Shosan Holistic Spa,https://www.shosanspa.com/service-page/shosan-signature-massage,official_site,2026-08-25T06:22:51+00:00
obs-c153c38aa0,Alam Wellness Bali,https://www.alamwellnessbali.com/,official_site,2026-08-25T06:22:51+00:00
obs-c153c38aa0,Alam Wellness Bali,https://www.alamwellnessbali.com/booking-services-sitemap.xml,official_site,2026-08-25T06:22:51+00:00
obs-c153c38aa0,Alam Wellness Bali,https://www.alamwellnessbali.com/service-page/signature-massage,official_site,2026-08-25T06:22:51+00:00
obs-c153c38aa0,Alam Wellness Bali,https://www.alamwellnessbali.com/the-spaces,official_site,2026-08-25T06:22:51+00:00
obs-f4c979b13a,The Ark Recovery,https://thearkrecovery.com/,official_site,2026-08-25T06:22:51+00:00
obs-f4c979b13a,The Ark Recovery,https://www.thearkrecovery.com/sauna-night,official_site,2026-08-25T06:22:51+00:00
obs-e3961fbf8b,Urban Oasis,https://www.urbanoasis.world/,official_site,2026-08-25T06:22:51+00:00
obs-cfe10ecd08,reSPAwn Spa Bali,https://www.respawnspabali.com/massage-prices,official_site,2026-08-25T06:22:51+00:00
obs-cfe10ecd08,reSPAwn Spa Bali,https://www.respawnspabali.com/spa-programs-canggu,official_site,2026-08-25T06:22:51+00:00
obs-a69f94b020,Tyce Spa Bali,https://tychespabali.com/,official_site,2026-08-25T06:22:51+00:00
obs-a69f94b020,Tyce Spa Bali,https://tychespabali.com/our-treatment,official_site,2026-08-25T06:22:51+00:00
obs-3255a76e2d,Cloud Spa,https://www.bali-interiors.com/business-directory/cloud-spa/,official_site,2026-08-25T06:22:51+00:00
obs-cec48c5c75,Air Seseh Recovery Club,https://www.airseseh.com,official_site,2026-08-25T06:22:51+00:00
obs-cec48c5c75,Air Seseh Recovery Club,https://www.airseseh.com/,official_site,2026-08-25T06:22:51+00:00
obs-ceb79f9405,Udara Bali Spa,https://www.udara-bali.com/udara-spa-treatments,official_site,2026-08-25T06:22:51+00:00
obs-ceb79f9405,Udara Bali Spa,https://www.udara-bali.com/udara-spa-treatments/,official_site,2026-08-25T06:22:51+00:00
obs-a4aa109448,Bali Serene Nature,https://baliserenenature.com/,official_site,2026-08-25T06:22:51+00:00
obs-e16842e3cc,Wave House Bali,https://wavehousebali.com/post/balinese-spa,official_site,2026-08-25T06:22:51+00:00
obs-a5eecf05b4,Six Senses Spas,https://www.sixsenses.com/en/hotels-resorts/asia-the-pacific/indonesia/bali/wellness-spa/,official_site,2026-08-25T06:22:51+00:00
obs-a5eecf05b4,Six Senses Spas,https://www.sixsenses.com/en/spas,official_site,2026-08-25T06:22:51+00:00
obs-a5eecf05b4,Six Senses Spas,https://www.sixsenses.com/en/wellness-spa,official_site,2026-08-25T06:22:51+00:00
obs-a5eecf05b4,Six Senses Spas,https://www.sixsenses.com/en/wellness-spa/spa,official_site,2026-08-25T06:22:51+00:00
obs-cbd1fa1c2e,SUNDARI Wellness,http://sundari-wellness.com/,official_site,2026-08-25T06:22:51+00:00
obs-460095d02f,Bodyworks Bali,https://www.bodyworksbali.com/,official_site,2026-08-25T06:22:51+00:00
obs-460095d02f,Bodyworks Bali,https://www.bodyworksbali.com/treatments,official_site,2026-08-25T06:22:51+00:00
obs-ef4c8b12c6,Hotel Indigo Bali Seminyak Beach,https://seminyak.hotelindigo.com/en/wellness/sava-spa,official_site,2026-08-25T06:22:51+00:00
obs-ef4c8b12c6,Hotel Indigo Bali Seminyak Beach,https://seminyak.hotelindigo.com/id/wellness/sava-spa,official_site,2026-08-25T06:22:51+00:00
obs-ef4c8b12c6,Hotel Indigo Bali Seminyak Beach,https://seminyak.hotelindigo.com/wellness/sava-spa,official_site,2026-08-25T06:22:51+00:00
obs-06f1fdd9d0,SPA BALI,https://spabali.co.id/,official_site,2026-08-25T06:22:51+00:00
obs-06f1fdd9d0,SPA BALI,https://spabali.co.id/services/aromatherapy-massage,official_site,2026-08-25T06:22:51+00:00
obs-06f1fdd9d0,SPA BALI,https://spabali.co.id/services_group/packages,official_site,2026-08-25T06:22:51+00:00
obs-06f1fdd9d0,SPA BALI,https://spabali.co.id/spa-package,official_site,2026-08-25T06:22:51+00:00
obs-9eb4eb37ad,Spa at Peppers Seminyak,https://www.peppersseminyak.com,official_site,2026-08-25T06:22:51+00:00
obs-9eb4eb37ad,Spa at Peppers Seminyak,https://www.peppersseminyak.com/day-spa,official_site,2026-08-25T06:22:51+00:00
obs-d4c5481362,The Spa at The Samaya Seminyak,https://thesamayaspabali.com/,official_site,2026-08-25T06:22:51+00:00
obs-d4c5481362,The Spa at The Samaya Seminyak,https://www.thesamayaspabali.com/spa-menu/spa-packages.html,official_site,2026-08-25T06:22:51+00:00
obs-0add32a9f6,COZY SPA BALI,https://cozyspabali.com,official_site,2026-08-25T06:22:51+00:00
obs-0add32a9f6,COZY SPA BALI,https://cozyspabali.com/,official_site,2026-08-25T06:22:51+00:00
obs-af9256f314,Atman Spa Kerobokan,https://atmanspabali.com/best-massage-spa-in-ubud-why-it-stands-out,official_site,2026-08-25T06:22:51+00:00
obs-af9256f314,Atman Spa Kerobokan,https://atmanspabali.com/kerobokan/,official_site,2026-08-25T06:22:51+00:00
obs-8464717c43,Asha Wellness& Spa,https://www.asha-spa-wellness.com/,official_site,2026-08-25T06:22:51+00:00
obs-edd7be93c8,2 aces massage and spa,https://www.corner.inc/guides/manila/manila/pure-bliss-best-full-service-spas-in-manila,official_site,2026-08-25T06:22:51+00:00
obs-edd7be93c8,2 aces massage and spa,https://www.corner.inc/place/pdHEnpy8y11j,official_site,2026-08-25T06:22:51+00:00
obs-4739e8d064,Deanna Spa & Café,https://deannadayspa.com/,official_site,2026-08-25T06:22:51+00:00
obs-4739e8d064,Deanna Spa & Café,https://deannadayspa.com/spa-packages-seminyak,official_site,2026-08-25T06:22:51+00:00
obs-4739e8d064,Deanna Spa & Café,https://deannadayspa.com/tag/kiddies-spa-package,official_site,2026-08-25T06:22:51+00:00
obs-4739e8d064,Deanna Spa & Café,https://deannadayspa.com/tag/kids-spa-package-in-seminyak,official_site,2026-08-25T06:22:51+00:00
obs-c0f5072e5c,Ortus Wellness,https://www.hyatt.com/alila-hotels-and-resorts/en-US/dpsas-alila-seminyak/wellness,official_site,2026-08-25T06:22:51+00:00
obs-c0f5072e5c,Ortus Wellness,https://www.hyatt.com/en-US/spas/Ortus-Wellness/treatments,official_site,2026-08-25T06:22:51+00:00
obs-c0f5072e5c,Ortus Wellness,https://www.hyatt.com/grand-hyatt/en-US/auhgh-grand-hyatt-abu-dhabi-hotel-and-residences-emirates-pearl/lum-a-spa,official_site,2026-08-25T06:22:51+00:00
obs-494e383462,Jari Menari Spa Seminyak Bali,https://jarimenari.com/,official_site,2026-08-25T06:22:51+00:00
obs-494e383462,Jari Menari Spa Seminyak Bali,https://www.jarimenari.com/chinese-spa-menu,official_site,2026-08-25T06:22:51+00:00
obs-a463e0556a,Bali Gift Spa,https://seminyakgiftspa.com/,official_site,2026-08-25T06:22:51+00:00
obs-168c5c5a7d,Lagoon Spa Seminyak,https://www.lagoonspaseminyak.com/spa-treatments/foot-reflexology-1-5-hours/,official_site,2026-08-25T06:22:51+00:00
obs-168c5c5a7d,Lagoon Spa Seminyak,https://www.lagoonspaseminyak.com/spa-treatments/therapeutic-body-massage-1-hours,official_site,2026-08-25T06:22:51+00:00
obs-ac4bd549ca,Padma Resort Legian,https://padmaresortlegian.com/wellness/nature-hair-spa.php,official_site,2026-08-25T06:22:51+00:00
obs-ac4bd549ca,Padma Resort Legian,https://padmaresortlegian.com/wellness/the-spa.php,official_site,2026-08-25T06:22:51+00:00
obs-a0800bae85,Usadha Spa,https://legianbeachbali.com/wellness,official_site,2026-08-25T06:22:51+00:00
obs-a0800bae85,Usadha Spa,https://legianbeachbali.com/wellness/,official_site,2026-08-25T06:22:51+00:00
obs-8e80af4ce3,Anjali Spa,https://astaginaresort.com/facilities/anjali-spa,official_site,2026-08-25T06:22:51+00:00
obs-8e80af4ce3,Anjali Spa,https://astaginaresort.com/facilities/anjali-spa/,official_site,2026-08-25T06:22:51+00:00
obs-20d8fac616,Pullman Bali Legian Beach,https://www.pullman-bali-legianbeach.com/offers/wellness-and-spa-stay,official_site,2026-08-25T06:22:51+00:00
obs-20d8fac616,Pullman Bali Legian Beach,https://www.pullman-bali-legianbeach.com/offers/wellness-and-spa-stay/,official_site,2026-08-25T06:22:51+00:00
obs-a979d43f92,Glow Spa Mandira,https://www.ministryofvillas.com/affordable-spas-in-legian-bali/,official_site,2026-08-25T06:22:51+00:00
obs-6c5ed40f6b,Revitalize Massage,https://asianitinerary.com/rehat-massage-reflexology-legian-bali/,official_site,2026-08-25T06:22:51+00:00
obs-6c5ed40f6b,Revitalize Massage,https://asianitinerary.com/tia-wellness-resort-new-signature-detox-treatments,official_site,2026-08-25T06:22:51+00:00
obs-6c5ed40f6b,Revitalize Massage,https://www.rehatbali.com/,official_site,2026-08-25T06:22:51+00:00
obs-6c5ed40f6b,Revitalize Massage,https://www.rehatbali.com/service-page/rehat-bliss-packages,official_site,2026-08-25T06:22:51+00:00
obs-6c5ed40f6b,Revitalize Massage,https://www.rehatbali.com/service-page/revitalize-massage,official_site,2026-08-25T06:22:51+00:00
obs-5c2781d12d,Glow Spa Bali,https://www.balimandira.com/spa-treatments,official_site,2026-08-25T06:22:51+00:00
obs-5c2781d12d,Glow Spa Bali,https://www.balimandira.com/spa-treatments/,official_site,2026-08-25T06:22:51+00:00
obs-7c29a005ce,Body Worship Bali,https://bodyworshipbali.com/magical-spa-and-wellness-place,official_site,2026-08-25T06:22:51+00:00
obs-7c29a005ce,Body Worship Bali,https://bodyworshipbali.com/our-services/,official_site,2026-08-25T06:22:51+00:00
obs-7e59432a5b,Yes Spa Bali & Yes Hair Bliss,https://yesspabali.com/services,official_site,2026-08-25T06:22:51+00:00
obs-7e59432a5b,Yes Spa Bali & Yes Hair Bliss,https://yesspabali.com/services/,official_site,2026-08-25T06:22:51+00:00
obs-2b55540c7b,Lux Day Spa,https://luxspaday.com/,official_site,2026-08-25T06:22:51+00:00
obs-04dfebe3de,Th home service spa and massage,https://salonist.io/cs/en/ct/reflexology/in/id-bali/a/legian,official_site,2026-08-25T06:22:51+00:00
obs-04dfebe3de,Th home service spa and massage,https://salonist.io/cs/s/Thhomeservicespaandmassage,official_site,2026-08-25T06:22:51+00:00
obs-135522295b,Bali Green Spa,https://baligreenspa.com/,official_site,2026-08-25T06:22:51+00:00
obs-135522295b,Bali Green Spa,https://baligreenspa.com/services/treatment/herbal-massage,official_site,2026-08-25T06:22:51+00:00
obs-b3227bc8fc,Bhava Spa,https://www.bhavaspa.com/,official_site,2026-08-25T06:22:51+00:00
obs-b3227bc8fc,Bhava Spa,https://www.bhavaspa.com/wechatid,official_site,2026-08-25T06:22:51+00:00
obs-50a5415ae2,Glory Massage Bali,https://glorybalimassage.com/,official_site,2026-08-25T06:22:51+00:00
obs-e1d76072e8,Kokuo Family Massage & Reflexology,https://lokasi.kokuo.co.id/kokuo-family-massage-reflexology-bali-discovery-massage-therapy-kec-kuta-badung-525735/Home,official_site,2026-08-25T06:22:51+00:00
obs-e1d76072e8,Kokuo Family Massage & Reflexology,https://lokasi.kokuo.co.id/kokuo-family-massage-reflexology-surabaya-massage-therapy-tegalsari-kota-surabaya-563218/Contact-Us,official_site,2026-08-25T06:22:51+00:00
obs-9c26db1a8a,Location 1,https://www.spaatmaya.com/sanur,official_site,2026-08-25T06:22:51+00:00
obs-9c26db1a8a,Location 1,https://www.spaatmaya.com/service-page/reflexology-massage,official_site,2026-08-25T06:22:51+00:00
obs-83ecccba2d,The Nest Beachside Spa,https://www.thenestbeachsidespa.com/,official_site,2026-08-25T06:22:51+00:00
obs-83ecccba2d,The Nest Beachside Spa,https://www.thenestbeachsidespa.com/spa-menu,official_site,2026-08-25T06:22:51+00:00
obs-54e837703c,The Nest Boutique Spa,https://www.thenestboutiquespa.com/,official_site,2026-08-25T06:22:51+00:00
obs-54e837703c,The Nest Boutique Spa,https://www.thenestboutiquespa.com/spa-menu,official_site,2026-08-25T06:22:51+00:00
obs-a86bda216f,Sari Day Spa,https://saridayspa.com/,official_site,2026-08-25T06:22:51+00:00
obs-a86bda216f,Sari Day Spa,https://saridayspa.com/spa-menu,official_site,2026-08-25T06:22:51+00:00
obs-1bc4c199bd,Koa Spa,https://www.koashala.com/contact,official_site,2026-08-25T06:22:51+00:00
obs-1bc4c199bd,Koa Spa,https://www.koashala.com/spa,official_site,2026-08-25T06:22:51+00:00
obs-ea01f95e1c,The Lotus Spa,https://thelotuspabali.com,official_site,2026-08-25T06:22:51+00:00
obs-ea01f95e1c,The Lotus Spa,https://thelotuspabali.com/,official_site,2026-08-25T06:22:51+00:00
obs-a38a08e667,Bali Orchid Spa,https://baliorchidspa.com/,official_site,2026-08-25T06:22:51+00:00
obs-a38a08e667,Bali Orchid Spa,https://baliorchidspa.com/what-is-shirodhara-the-ayurvedic-treatment-bali-spa-goers-are-booking-this-summer,official_site,2026-08-25T06:22:51+00:00
obs-04f66b7ad2,RPS Spa Bali,https://rspabali.com/,official_site,2026-08-25T06:22:51+00:00
obs-04f66b7ad2,RPS Spa Bali,https://rspabali.com/form/simple-contact-form,official_site,2026-08-25T06:22:51+00:00
obs-ea07ff7450,Serene Bali Spa,https://www.serenebalispa.com/,official_site,2026-08-25T06:22:51+00:00
obs-ea07ff7450,Serene Bali Spa,https://www.serenebalispa.com/spa/aromatherapy-massage,official_site,2026-08-25T06:22:51+00:00
obs-a0173cdaa5,Spa Spa Bali,https://sparsabali.com/,official_site,2026-08-25T06:22:51+00:00
obs-a0173cdaa5,Spa Spa Bali,https://sparsabali.com/index.php/body-treatments-menu,official_site,2026-08-25T06:22:51+00:00
obs-e69e44bc95,"The Ritz-Carlton Spa, Amelia Island",https://www.ritzcarlton.com/content/dam/marriott-digital/rz/us-canada/hws/j/jaxam/en_us/document/assets/rz-jaxam-6-23-spa-menu-21182.pdf,official_site,2026-08-25T06:22:51+00:00
obs-e69e44bc95,"The Ritz-Carlton Spa, Amelia Island",https://www.ritzcarlton.com/content/dam/marriott-digital/rz/us-canada/hws/p/pspps/en_us/document/assets/rz-pspps-spa-menu-38025.pdf,official_site,2026-08-25T06:22:51+00:00
obs-e69e44bc95,"The Ritz-Carlton Spa, Amelia Island",https://www.ritzcarlton.com/en/hotels/dpssw-the-ritz-carlton-bali/spa/,official_site,2026-08-25T06:22:51+00:00
obs-e69e44bc95,"The Ritz-Carlton Spa, Amelia Island",https://www.ritzcarlton.com/en/hotels/yyzrz-the-ritz-carlton-toronto/spa,official_site,2026-08-25T06:22:51+00:00
obs-52fe94fa9e,Nusa Dua Spa,https://all.accor.com/a/en/offers/ena/wellness-and-spa-offers.html,official_site,2026-08-25T06:22:51+00:00
obs-52fe94fa9e,Nusa Dua Spa,https://all.accor.com/hotel/C150/index.en.shtml,official_site,2026-08-25T06:22:51+00:00
obs-52fe94fa9e,Nusa Dua Spa,https://www.nusaduahotel.com/facility/nusa-dua-spa/,official_site,2026-08-25T06:22:51+00:00
obs-52fe94fa9e,Nusa Dua Spa,https://www.nusaduahotel.com/time-to-celebrate-the-festive-season-at-nusa-dua-beach-hotel-spa-bali,official_site,2026-08-25T06:22:51+00:00
obs-d7f6be246d,Sofitel Spa with Clarins,https://sofitel.accor.com/en/hotels/9078/wellness-spa.html,official_site,2026-08-25T06:22:51+00:00
obs-d7f6be246d,Sofitel Spa with Clarins,https://sofitel.accor.com/en/hotels/B9F8/wellness-spa.html,official_site,2026-08-25T06:22:51+00:00
obs-d7f6be246d,Sofitel Spa with Clarins,https://sofitel.accor.com/en/hotels/C3J2/wellness-spa.html,official_site,2026-08-25T06:22:51+00:00
obs-d7f6be246d,Sofitel Spa with Clarins,https://sofitel.accor.com/pt-br/hotels/6308/wellness-spa.html,official_site,2026-08-25T06:22:51+00:00
obs-9bac70a2bd,Heavenly Spa by Westin,https://www.heavenlyspabali.com/,official_site,2026-08-25T06:22:51+00:00
obs-9bac70a2bd,Heavenly Spa by Westin,https://www.heavenlyspabali.com/wellness-ambassador,official_site,2026-08-25T06:22:51+00:00
obs-841eb9fa87,Chi Massage & Luxury Spa Nusa Dua Bali,https://www.chidayspas.com/nusa-dua-bali,official_site,2026-08-25T06:22:51+00:00
obs-841eb9fa87,Chi Massage & Luxury Spa Nusa Dua Bali,https://www.chidayspas.com/service-page/reflexology-massage,official_site,2026-08-25T06:22:51+00:00
obs-1ddefe38cd,Kayumanis Spa Nusa Dua,http://kayumanisspanusadua.com/menus,official_site,2026-08-25T06:22:51+00:00
obs-1ddefe38cd,Kayumanis Spa Nusa Dua,http://kayumanisspanusadua.com/spa-etiquette,official_site,2026-08-25T06:22:51+00:00
obs-1ddefe38cd,Kayumanis Spa Nusa Dua,https://kayumanisnusadua.com/contact,official_site,2026-08-25T06:22:51+00:00
obs-1ddefe38cd,Kayumanis Spa Nusa Dua,https://kayumanisspanusadua.com/,official_site,2026-08-25T06:22:51+00:00
obs-1ddefe38cd,Kayumanis Spa Nusa Dua,https://www.kayumanisnusadua.com/spa,official_site,2026-08-25T06:22:51+00:00
obs-5e189ae814,Royal Orchid Spa,https://royalorchidspa.com/,official_site,2026-08-25T06:22:51+00:00
obs-5e189ae814,Royal Orchid Spa,https://royalorchidspa.com/treatment/strawberry-spa-massage,official_site,2026-08-25T06:22:51+00:00
obs-57e9e3d81d,Rosehill Spa,https://www.rosehillspa.com/,official_site,2026-08-25T06:22:51+00:00
obs-57e9e3d81d,Rosehill Spa,https://www.rosehillspa.com/post/introducing-rosehill-spa-a-beloved-destination-for-those-seeking-spa-massage-in-bali,official_site,2026-08-25T06:22:51+00:00
obs-7ad8ea9215,The Bale Nusa Dua,https://lifestyleretreats.com/the-bale-nusa-dua/the-spa-reservation/,official_site,2026-08-25T06:22:51+00:00
obs-7ad8ea9215,The Bale Nusa Dua,https://lifestyleretreats.com/the-santai/the-spa,official_site,2026-08-25T06:22:51+00:00
obs-c779ee49d2,Spa at The Ayodya,https://ayodyaresortbali.com/spa,official_site,2026-08-25T06:22:51+00:00
obs-91e2f6a245,Zahra Luxury Spa,https://zahraluxuryspa.com/,official_site,2026-08-25T06:22:51+00:00
obs-91e2f6a245,Zahra Luxury Spa,https://zahraluxuryspa.com/booking,official_site,2026-08-25T06:22:51+00:00
obs-91e2f6a245,Zahra Luxury Spa,https://zahraluxuryspa.com/packages,official_site,2026-08-25T06:22:51+00:00
obs-91e2f6a245,Zahra Luxury Spa,https://zahraluxuryspa.com/treatments,official_site,2026-08-25T06:22:51+00:00
obs-6a1684de5c,myBALIhealing,https://mybalihealing.com/foot-massage-reflexology-nusa-dua/,official_site,2026-08-25T06:22:51+00:00
obs-6a1684de5c,myBALIhealing,https://mybalihealing.com/how-to-match-spa-treatments-with-your-needs,official_site,2026-08-25T06:22:51+00:00
obs-6a1684de5c,myBALIhealing,https://mybalihealing.com/spa-treatments-nusa-dua,official_site,2026-08-25T06:22:51+00:00
obs-90136b15f5,Karma Spa Therapy,https://karmaspatherapy.com/,official_site,2026-08-25T06:22:51+00:00
obs-0d361c688e,MIM SPA,https://dam.melia.com/melia/file/7Au2WmQgzALqfbfQkGZc.pdf,official_site,2026-08-25T06:22:51+00:00
obs-0d361c688e,MIM SPA,https://sites.melia.com/en/concepts/yhi-spa,official_site,2026-08-25T06:22:51+00:00
obs-0d361c688e,MIM SPA,https://www.melia.com/en/hotels/indonesia/bali/sol-benoa-bali/highlighted/spa-body-and-sol,official_site,2026-08-25T06:22:51+00:00
obs-4dbbdecde6,Wellness Spa at The Sakala Resort Bali,https://www.sakalaresortbali.com/facility/wellness-spa/,official_site,2026-08-25T06:22:51+00:00
obs-4dbbdecde6,Wellness Spa at The Sakala Resort Bali,https://www.sakalaresortbali.com/spa,official_site,2026-08-25T06:22:51+00:00
obs-ceeae0164d,Ijen Spa,https://ijenspa.com/,official_site,2026-08-25T06:22:51+00:00
obs-ceeae0164d,Ijen Spa,https://ijenspa.com/treatments,official_site,2026-08-25T06:22:51+00:00
obs-354191e2f9,The U Spa by Bali Relaxing Resort,https://www.balirelaxing.com,official_site,2026-08-25T06:22:51+00:00
obs-354191e2f9,The U Spa by Bali Relaxing Resort,https://www.balirelaxing.com/spa.php,official_site,2026-08-25T06:22:51+00:00
obs-6e0f2615dd,Calma Spa Jimbaran,https://calmaspabali.com/,official_site,2026-08-25T06:22:51+00:00
obs-6e0f2615dd,Calma Spa Jimbaran,https://calmaspabali.com/services-3,official_site,2026-08-25T06:22:51+00:00
obs-b3de7aba9a,The Westin San Diego Gaslamp Quarter,https://westin.marriott.com/wellness/feel-heavenly-spa,official_site,2026-08-25T06:22:51+00:00
obs-b3de7aba9a,The Westin San Diego Gaslamp Quarter,https://www.marriott.com/content/dam/marriott-digital/wi/us-canada/hws/s/sanwi/en_us/document/assets/wi-sanwi-spa-menu-massage-20279.pdf,official_site,2026-08-25T06:22:51+00:00
obs-b3de7aba9a,The Westin San Diego Gaslamp Quarter,https://www.marriott.com/en-us/hotels/dpsmd-le-meridien-bali-jimbaran/experiences/,official_site,2026-08-25T06:22:51+00:00
obs-bd1ea7ce18,Swara Spa,https://swarnaspa.com/,official_site,2026-08-25T06:22:51+00:00
obs-bd1ea7ce18,Swara Spa,https://swarnaspa.com/cpt_services_group-sitemap.xml,official_site,2026-08-25T06:22:51+00:00
obs-bd1ea7ce18,Swara Spa,https://swarnaspa.com/services_group/couple-spa-ritual,official_site,2026-08-25T06:22:51+00:00
obs-bd1ea7ce18,Swara Spa,https://swarnaspa.com/services_group/therapeutic-massages,official_site,2026-08-25T06:22:51+00:00
obs-d02823cf64,Avisha Wellness & Spa Bali,https://avishaspabali.com/,official_site,2026-08-25T06:22:51+00:00
obs-d02823cf64,Avisha Wellness & Spa Bali,https://avishaspabali.com/3d-flip-book/avisha-spa-menu,official_site,2026-08-25T06:22:51+00:00
obs-d02823cf64,Avisha Wellness & Spa Bali,https://avishaspabali.com/avisha-spa-signature-massage,official_site,2026-08-25T06:22:51+00:00
obs-d02823cf64,Avisha Wellness & Spa Bali,https://avishaspabali.com/wp-sitemap-posts-mphb_room_service-1.xml,official_site,2026-08-25T06:22:51+00:00
obs-409b87b685,Bamboo Spa,https://www.bamboospabali.com/,official_site,2026-08-25T06:22:51+00:00
obs-409b87b685,Bamboo Spa,https://www.bamboospabali.com/bamboo-spa-booking.html,official_site,2026-08-25T06:22:51+00:00
obs-e7f43a3703,De WAVE Family Massage & Beauty Salon,https://www.dewave.id/jimbaran,official_site,2026-08-25T06:22:51+00:00
obs-e7f43a3703,De WAVE Family Massage & Beauty Salon,https://www.dewave.id/post/de-wave-family-massage-beauty-salon-akan-hadir-di-palangka-raya-dengan-treatment-lebih-lengkap,official_site,2026-08-25T06:22:51+00:00
obs-83c0ba77ba,The Spa,https://theedgebali.com/the-spa,official_site,2026-08-25T06:22:51+00:00
obs-83c0ba77ba,The Spa,https://theedgebali.com/the-spa/,official_site,2026-08-25T06:22:51+00:00
obs-83c0ba77ba,The Spa,https://www.theedgebali.com/the-spa,official_site,2026-08-25T06:22:51+00:00
obs-e4a2e88d5d,Spa Uluwatu,https://bali.intercontinental.com/id/wellness-spa,official_site,2026-08-25T06:22:51+00:00
obs-e4a2e88d5d,Spa Uluwatu,https://bali.intercontinental.com/wellness-spa,official_site,2026-08-25T06:22:51+00:00
obs-70e52b7f45,Anantara Spa,https://www.anantara.com/en/uluwatu-bali/spa,official_site,2026-08-25T06:22:51+00:00
obs-70e52b7f45,Anantara Spa,https://www.anantara.com/uploads/minor/anantara/documents/anantara-uluwatu-bali-resort/spa/spa-menu--price-list-2022.pdf,official_site,2026-08-25T06:22:51+00:00
obs-df564391b2,Professional Massage Uluwatu,https://massageuluwatu.id,official_site,2026-08-25T06:22:51+00:00
obs-df564391b2,Professional Massage Uluwatu,https://massageuluwatu.id/,official_site,2026-08-25T06:22:51+00:00
obs-a0d0ddbbb2,Our Spa & Boutique Bali,https://oursspabali.com/,official_site,2026-08-25T06:22:51+00:00
obs-a0d0ddbbb2,Our Spa & Boutique Bali,https://oursspabali.com/spa-treatments,official_site,2026-08-25T06:22:51+00:00
obs-a0d0ddbbb2,Our Spa & Boutique Bali,https://oursspabali.com/treatment-body-spa,official_site,2026-08-25T06:22:51+00:00
obs-a0d0ddbbb2,Our Spa & Boutique Bali,https://oursspabali.com/treatment-menu,official_site,2026-08-25T06:22:51+00:00
obs-cb93c765f2,The Istana Spa,https://theistana.com/facilities/spa/,official_site,2026-08-25T06:22:51+00:00
obs-cb93c765f2,The Istana Spa,https://theistana.com/spa-booking-thank-you,official_site,2026-08-25T06:22:51+00:00
obs-29a9550a4c,Win Bali Spa,https://winbalispa.com/,official_site,2026-08-25T06:22:51+00:00
obs-29a9550a4c,Win Bali Spa,https://winbalispa.com/spa-treatments,official_site,2026-08-25T06:22:51+00:00
obs-c8893cf542,Zahra Spa Uluwatu,https://zahraspauluwatu.com/booking,official_site,2026-08-25T06:22:51+00:00
obs-c8893cf542,Zahra Spa Uluwatu,https://zahraspauluwatu.com/treatments/,official_site,2026-08-25T06:22:51+00:00
obs-4dc8632726,ATMOS BodyLab,https://atmos-steam.com/bali/bodylab,official_site,2026-08-25T06:22:51+00:00
obs-4dc8632726,ATMOS BodyLab,https://atmos-steam.com/bali/wellness-experience,official_site,2026-08-25T06:22:51+00:00
obs-d4d85a4c44,Laniakea,https://www.laniakeaspabali.com,official_site,2026-08-25T06:22:51+00:00
obs-d4d85a4c44,Laniakea,https://www.laniakeaspabali.com/,official_site,2026-08-25T06:22:51+00:00
obs-1810e793b9,Sean Spa Bali,https://www.seanspabali.com/,official_site,2026-08-25T06:22:51+00:00
obs-1810e793b9,Sean Spa Bali,https://www.seanspabali.com/booking-ungasan,official_site,2026-08-25T06:22:51+00:00
obs-1810e793b9,Sean Spa Bali,https://www.seanspabali.com/price-list-jimbaran,official_site,2026-08-25T06:22:51+00:00
obs-1810e793b9,Sean Spa Bali,https://www.seanspabali.com/price-list-ungasan,official_site,2026-08-25T06:22:51+00:00
obs-5e0c074beb,OAZA Uluwatu,https://oazabali.com/thermal-therapy,official_site,2026-08-25T06:22:51+00:00
obs-5e0c074beb,OAZA Uluwatu,https://oazabali.com/uluwatu/,official_site,2026-08-25T06:22:51+00:00
obs-983218dc3a,Wapa di Ume Sidemen,https://wapadiumesidemen.com/wellness,official_site,2026-08-25T06:22:51+00:00
obs-983218dc3a,Wapa di Ume Sidemen,https://wapadiumesidemen.com/wellness/,official_site,2026-08-25T06:22:51+00:00
obs-4c1e3815ff,Anandinii,https://anandinii.com/balinese-massage/,official_site,2026-08-25T06:22:51+00:00
obs-55534b4885,Kims Massage Spa Phuket Thai Massage Wellness and Body Treatments,https://lokalee.app/tours/body-massage-experience-in-sidemen-traditional-spa?srsltid,official_site,2026-08-25T06:22:51+00:00
obs-55534b4885,Kims Massage Spa Phuket Thai Massage Wellness and Body Treatments,https://www.lokalee.app/en/tours/kims-massage-spa-phuket-thai-massage-wellness-and-body-treatments,official_site,2026-08-25T06:22:51+00:00
obs-55534b4885,Kims Massage Spa Phuket Thai Massage Wellness and Body Treatments,https://www.lokalee.app/tours/kims-massage-spa-phuket-thai-massage-wellness-and-body-treatments,official_site,2026-08-25T06:22:51+00:00
obs-faccb5aadb,Pelangi Villa Sidemen,https://pelangivillassidemen.com/experience/,official_site,2026-08-25T06:22:51+00:00
obs-c99350c0ac,Riverside Spa at Ulaman,https://riversidespabyulaman.com/,official_site,2026-08-25T06:22:51+00:00
obs-c99350c0ac,Riverside Spa at Ulaman,https://riversidespabyulaman.com/treatments,official_site,2026-08-25T06:22:51+00:00
obs-35ce5a2478,Lattranaya,https://www.lattranaya.com/,official_site,2026-08-25T06:22:51+00:00
obs-35ce5a2478,Lattranaya,https://www.lattranaya.com/booking-services-sitemap.xml,official_site,2026-08-25T06:22:51+00:00
obs-39639660f2,Spa Sidemen,https://www.spasidemen.com/2023/10/balinese-massage-traditional-healing.html,official_site,2026-08-25T06:22:51+00:00
obs-25a38b68c6,Mountain Wellness Resort near Ubud,https://www.baliwellnessretreat.com/retreat-venues/mountain-wellness-resort-bali-yoga,official_site,2026-08-25T06:22:51+00:00
obs-c5446187b1,Blue Karma Village,https://dijiwasanctuaries.com/at/mathislodgeamed/facility/spa-at-mathis-amed,official_site,2026-08-25T06:22:51+00:00
obs-c5446187b1,Blue Karma Village,https://dijiwasanctuaries.com/magazine/top-best-spa-in-ubud-2025-luxury-traditional-spas-packages-and-scenic-views,official_site,2026-08-25T06:22:51+00:00
obs-c5446187b1,Blue Karma Village,https://offers.dijiwasanctuaries.com/wp-content/uploads/2025/03/Guest-Directory-compendium-BKV-2025.pdf,official_site,2026-08-25T06:22:51+00:00
obs-a5057ea531,Channa Spa,https://www.thegriya.com/,official_site,2026-08-25T06:22:51+00:00
obs-a5057ea531,Channa Spa,https://www.thegriya.com/channa-spa-and-sauna,official_site,2026-08-25T06:22:51+00:00
obs-437d7bec19,Blue Earth Village,https://www.blueearthvillage.com/therapies,official_site,2026-08-25T06:22:51+00:00
obs-1f8f11eca1,Amed Roda Spa,https://amedrodaspa.com/,official_site,2026-08-25T06:22:51+00:00
obs-5780d8027b,Akasha Amed Spa,https://akashaamed.lovable.app/,official_site,2026-08-25T06:22:51+00:00
obs-5780d8027b,Akasha Amed Spa,https://akashaamed.lovable.app/spa-packages-amed,official_site,2026-08-25T06:22:51+00:00
obs-5e260e4d5c,Alala Amed Spa & Boutique,https://www.alalaamedspaboutique.com/,official_site,2026-08-25T06:22:51+00:00
obs-5e260e4d5c,Alala Amed Spa & Boutique,https://www.alalaamedspaboutique.com/spa-packages,official_site,2026-08-25T06:22:51+00:00
obs-2e991ef377,Hotel Uyah Amed & Spa Resort,https://www.hoteluyah.com/en/hotel-uyah-amed-bali/spa-massage-reflexology-therapies,official_site,2026-08-25T06:22:51+00:00
obs-2e991ef377,Hotel Uyah Amed & Spa Resort,https://www.hoteluyah.com/en/hotel-uyah-amed-bali/spa-massage-reflexology-therapies/,official_site,2026-08-25T06:22:51+00:00
obs-36b22699be,Palm Garden Spa,https://www.palmgardenamed.com/SPA.html,official_site,2026-08-25T06:22:51+00:00
obs-826ceeb11a,Candi Beach Resort & Spa,https://candibeachbali.com/spa,official_site,2026-08-25T06:22:51+00:00
obs-826ceeb11a,Candi Beach Resort & Spa,https://candibeachbali.com/spa-sitemap.xml,official_site,2026-08-25T06:22:51+00:00
obs-826ceeb11a,Candi Beach Resort & Spa,https://candibeachbali.com/spa-wellness,official_site,2026-08-25T06:22:51+00:00
obs-826ceeb11a,Candi Beach Resort & Spa,https://candibeachbali.com/spa/welcome-to-ocean-spa/,official_site,2026-08-25T06:22:51+00:00
obs-6afc3131c9,Karma Spa,https://karmagroup.com/karma-spa/karma-spa-karma-royal-candidasa/,official_site,2026-08-25T06:22:51+00:00
obs-6afc3131c9,Karma Spa,https://storage.karmagroup.com/assets/karmagroup.com/2024/07/K_Spa-Menu_20240531.pdf,official_site,2026-08-25T06:22:51+00:00
obs-5ecab9fac3,Aquaria's Inner Temple spa sanctuary,http://www.aquariabali.com/spa.html,official_site,2026-08-25T06:22:51+00:00
obs-5ecab9fac3,Aquaria's Inner Temple spa sanctuary,https://www.aquariabali.com/spa.html,official_site,2026-08-25T06:22:51+00:00
obs-5f997114eb,Harmony Beauty and Spa Bali,https://www.harmonybeautyandspabali.com/,official_site,2026-08-25T06:22:51+00:00
obs-5f997114eb,Harmony Beauty and Spa Bali,https://www.harmonybeautyandspabali.com/services,official_site,2026-08-25T06:22:51+00:00
obs-5f997114eb,Harmony Beauty and Spa Bali,https://www.harmonybeautyandspabali.com/tag/affordable-spa-treatments-in-bali,official_site,2026-08-25T06:22:51+00:00
obs-5f997114eb,Harmony Beauty and Spa Bali,https://www.harmonybeautyandspabali.com/tag/top-beauty-spa-in-karangasem-bali,official_site,2026-08-25T06:22:51+00:00
obs-17337802fd,Jaya Spa,https://www.puribaguscandidasa.com/spa-wellness,official_site,2026-08-25T06:22:51+00:00
obs-17337802fd,Jaya Spa,https://www.puribaguscandidasa.com/spa-wellness/,official_site,2026-08-25T06:22:51+00:00
obs-4f79f27879,Nusa Indah Bungalows & Villa,https://www.nusaindahbali.com/SPA.html,official_site,2026-08-25T06:22:51+00:00
obs-4f79f27879,Nusa Indah Bungalows & Villa,https://www.nusaindahbali.com/Services.html,official_site,2026-08-25T06:22:51+00:00
obs-735bcfb227,Daura CandiDasa Spa,https://dauracandidasaspa.com/,official_site,2026-08-25T06:22:51+00:00
obs-735bcfb227,Daura CandiDasa Spa,https://dauracandidasaspa.com/author/balispaauragmail-com,official_site,2026-08-25T06:22:51+00:00
obs-735bcfb227,Daura CandiDasa Spa,https://dauracandidasaspa.com/services,official_site,2026-08-25T06:22:51+00:00
obs-453ee237e8,The Green Spa,https://www.okdiversbali.com/resort-spa,official_site,2026-08-25T06:22:51+00:00
obs-28e7ccaef6,Orientala Wellness Spa,https://www.crazysexyfuntraveler.com/deevana-plaza-phuket-orientala-wellness-spa,official_site,2026-08-25T06:22:51+00:00
obs-28e7ccaef6,Orientala Wellness Spa,https://www.crazysexyfuntraveler.com/spa-in-village-of-padangbai-ok-divers-resort-spa,official_site,2026-08-25T06:22:51+00:00
obs-28e7ccaef6,Orientala Wellness Spa,https://www.crazysexyfuntraveler.com/spa-in-village-of-padangbai-ok-divers-resort-spa/,official_site,2026-08-25T06:22:51+00:00
obs-fd52f61930,Bali Healing Touch,https://wayanartamassage.com/,official_site,2026-08-25T06:22:51+00:00
obs-75f20c1c20,AMO Spa,https://amospa.com/balinese-traditions-in-spa-treatments-ancient-healing-meets-modern-wellness,official_site,2026-08-25T06:22:51+00:00
obs-75f20c1c20,AMO Spa,https://amospa.com/healing-massage-relaxation-techniques-in-bali/,official_site,2026-08-25T06:22:51+00:00
obs-181e520ba3,RND Lovina Spa,https://rndlovinaspa.com/,official_site,2026-08-25T06:22:51+00:00
obs-181e520ba3,RND Lovina Spa,https://rndlovinaspa.com/cookie-policy-uk,official_site,2026-08-25T06:22:51+00:00
obs-6cd0e00b11,Jaya Spa,https://puribaguslovina.com/index.php/spa-wellness,official_site,2026-08-25T06:22:51+00:00
obs-f5ed37a476,Bali Dream Spa - Lovina,https://balidreamspa.com/,official_site,2026-08-25T06:22:51+00:00
obs-f5ed37a476,Bali Dream Spa - Lovina,https://balidreamspa.com/traditional-massage,official_site,2026-08-25T06:22:51+00:00
obs-fce9eb13ec,Aneka Lovina Villas & Spa,https://www.anekalovinabali.com/,official_site,2026-08-25T06:22:51+00:00
obs-fce9eb13ec,Aneka Lovina Villas & Spa,https://www.anekalovinabali.com/spa.php,official_site,2026-08-25T06:22:51+00:00
obs-c3ece75aaa,Swan Spa,https://villandra.com/spa/,official_site,2026-08-25T06:22:51+00:00
obs-3fbd42663f,Lohkah Hotel & Spa Xiamen,https://spahotelsguide.com/xiamen,official_site,2026-08-25T06:22:51+00:00
obs-d05d262737,Earthbound,https://www.weekendnotes.com/high-tea-regent-club-spa,official_site,2026-08-25T06:22:51+00:00
obs-d05d262737,Earthbound,https://www.weekendnotes.com/reflexology-massage-at-earthbound-lovina-beach-bali/,official_site,2026-08-25T06:22:51+00:00
obs-d05d262737,Earthbound,https://www.weekendnotes.com/total-e-day-spa-wellness,official_site,2026-08-25T06:22:51+00:00
obs-d05d262737,Earthbound,https://www.weekendnotes.com/wensha-spa,official_site,2026-08-25T06:22:51+00:00
obs-d6477080f2,Grand Hyatt Kauai Resort and Spa,https://www.scottdunn.com/usa/hotels/grand-hyatt-kauai-resort-and-spa,official_site,2026-08-25T06:22:51+00:00
obs-b820192b72,Mahony Spa & Wellness,https://mundukheavenluxuryvillas.com/spa,official_site,2026-08-25T06:22:51+00:00
obs-b820192b72,Mahony Spa & Wellness,https://mundukheavenluxuryvillas.com/spa/,official_site,2026-08-25T06:22:51+00:00
obs-645c47c413,Sanak Retreat Bali,https://sanakbali.com/,official_site,2026-08-25T06:22:51+00:00
obs-645c47c413,Sanak Retreat Bali,https://sanakbali.com/spa-yoga,official_site,2026-08-25T06:22:51+00:00
obs-62b5f6288e,Mondo Surf & Lifestyle Village,https://mondosurfvillage.com/services/massage,official_site,2026-08-25T06:22:51+00:00
obs-62b5f6288e,Mondo Surf & Lifestyle Village,https://mondosurfvillage.com/services/massage/,official_site,2026-08-25T06:22:51+00:00
obs-ecfe40ad78,Bamboo Spa at Munduk Moding Plantation Nature Resort,https://www.gowabi.com/en/organization_services/relaxing-head-massage-with-vietnamese-keratin-spa-treatment-hot-oil,official_site,2026-08-25T06:22:51+00:00
obs-ecfe40ad78,Bamboo Spa at Munduk Moding Plantation Nature Resort,https://www.gowabi.com/en/provider/bamboo-spa-at-munduk-moding-plantation-nature-resort,official_site,2026-08-25T06:22:51+00:00
obs-ecfe40ad78,Bamboo Spa at Munduk Moding Plantation Nature Resort,https://www.gowabi.com/th/organization_services/glowsue-treatment,official_site,2026-08-25T06:22:51+00:00
obs-354599dd54,Jiwa Spa,https://www.myguidebali.com/body-and-soul/chill-reflexology--acupressure,official_site,2026-08-25T06:22:51+00:00
obs-354599dd54,Jiwa Spa,https://www.myguidebali.com/body-and-soul/jiwa-spa-at-the-conrad-bali,official_site,2026-08-25T06:22:51+00:00
obs-cc9ff83cf4,JANE’S HOUSE & SPA BEDUGUL BALI,https://www.searchspot.ai/places/jane-s-house-spa-bedugul-bali-indonesia,official_site,2026-08-25T06:22:51+00:00
obs-b359d6c60b,Sanctua Bedugul,https://sanctua.id/services,official_site,2026-08-25T06:22:51+00:00
obs-b359d6c60b,Sanctua Bedugul,https://sanctua.id/services/couple-spa-massage,official_site,2026-08-25T06:22:51+00:00
obs-b359d6c60b,Sanctua Bedugul,https://sanctua.id/spa-wellness,official_site,2026-08-25T06:22:51+00:00
obs-b359d6c60b,Sanctua Bedugul,https://sanctua.id/spa-wellness/,official_site,2026-08-25T06:22:51+00:00
obs-7dd5402059,Wandernesia,https://www.wandernesia.com/bali-spa-massage,official_site,2026-08-25T06:22:51+00:00
obs-7dd5402059,Wandernesia,https://www.wandernesia.com/product/bali-spa-package-la-nusa-bali-spa,official_site,2026-08-25T06:22:51+00:00
obs-7dd5402059,Wandernesia,https://www.wandernesia.com/product/balinese-massage-home-service-bali/,official_site,2026-08-25T06:22:51+00:00
obs-7dd5402059,Wandernesia,https://www.wandernesia.com/product/thalasso-spa-bali,official_site,2026-08-25T06:22:51+00:00
obs-3135ac63bd,OKANA Spa,https://mycurlyadventures.com/a-spa-day-at-taman-air-spa-bali/,official_site,2026-08-25T06:22:51+00:00
obs-3135ac63bd,OKANA Spa,https://mycurlyadventures.com/okana-spa-okc-everything-you-need-to-know-our-experience,official_site,2026-08-25T06:22:51+00:00
obs-3135ac63bd,OKANA Spa,https://mycurlyadventures.com/pampering-perfection-at-the-winstar-spa-a-detailed-review,official_site,2026-08-25T06:22:51+00:00
obs-3135ac63bd,OKANA Spa,https://mycurlyadventures.com/ultimate-relaxation-at-winstar-spa-day-pass,official_site,2026-08-25T06:22:51+00:00
obs-6edec51c72,Putu Bali Spa Home Care,https://putubalispahomecare.com/Aromatherapy-Massage-Bali,official_site,2026-08-25T06:22:51+00:00
obs-6edec51c72,Putu Bali Spa Home Care,https://putubalispahomecare.com/Foot-Massage-Bali,official_site,2026-08-25T06:22:51+00:00
obs-7386f9047b,Soori Spa,https://www.sooribali.com/spa,official_site,2026-08-25T06:22:51+00:00
obs-b2314678a8,LKP Tirtasari Spa,https://www.lkptirtasarispa.com,official_site,2026-08-25T06:22:51+00:00
obs-b2314678a8,LKP Tirtasari Spa,https://www.lkptirtasarispa.com/,official_site,2026-08-25T06:22:51+00:00
obs-29a7ecae3e,Suenyo Eco Retreat,https://suenyo-bali.com/wellness,official_site,2026-08-25T06:22:51+00:00
obs-29a7ecae3e,Suenyo Eco Retreat,https://suenyo-bali.com/wellness/,official_site,2026-08-25T06:22:51+00:00
obs-af92bdc472,Bali Reflexology,https://bali-reflexology.com,official_site,2026-08-25T06:22:51+00:00
obs-af92bdc472,Bali Reflexology,https://bali-reflexology.com/,official_site,2026-08-25T06:22:51+00:00
obs-e905de403d,The Udaya Resorts & Spa,https://theudayaresort.com/,official_site,2026-08-25T06:22:51+00:00
obs-5f24cb935c,tlaga spa,https://tlagaspabali.com/,official_site,2026-08-25T06:22:51+00:00
obs-5f24cb935c,tlaga spa,https://tlagaspabali.com/spa-treatments/tlaga-stress-relief-massage-60-minutes,official_site,2026-08-25T06:22:51+00:00
obs-477687ed91,The Garcia Ubud,https://thegarciaubud.com/cms/storage/app/media/treatment-list-alma-spa-wellness.pdf,official_site,2026-08-25T06:22:51+00:00
obs-477687ed91,The Garcia Ubud,https://thegarciaubud.com/spa-and-wellness/traditional-balinese-massage,official_site,2026-08-25T06:22:51+00:00
obs-1fdc3a4099,Green Tara Spa,https://greentaraspa.com/our-massages/,official_site,2026-08-25T06:22:51+00:00
obs-f4a86d6d58,Bali Botanica Ubud,https://balibotanica.com/,official_site,2026-08-25T06:22:51+00:00
obs-f4a86d6d58,Bali Botanica Ubud,https://balibotanica.com/packages,official_site,2026-08-25T06:22:51+00:00
obs-f4a86d6d58,Bali Botanica Ubud,https://balibotanica.com/traditional-treatments,official_site,2026-08-25T06:22:51+00:00
obs-f4a86d6d58,Bali Botanica Ubud,https://balibotanica.com/treatments,official_site,2026-08-25T06:22:51+00:00
obs-ede062fd17,Jhagat Spa Centre,https://jhagatspa.com/spa-categories/sole-rejuvenation/,official_site,2026-08-25T06:22:51+00:00
obs-ede062fd17,Jhagat Spa Centre,https://jhagatspa.com/wp-content/uploads/2026/04/Jhagat_Spa_Merged_Menu-1_compressed.pdf,official_site,2026-08-25T06:22:51+00:00
obs-16fe0224f8,Chatraka Spa,https://www.tejapranaresort.com/,official_site,2026-08-25T06:22:51+00:00
obs-16fe0224f8,Chatraka Spa,https://www.tejapranaresort.com/service/treatment-packages,official_site,2026-08-25T06:22:51+00:00
obs-3b90c53a90,Hotel Spa massage,https://www.spadreams.com/hotel/bagus-jati-tegalalang-island-of-bali-87J/,official_site,2026-08-25T06:22:51+00:00
obs-3b90c53a90,Hotel Spa massage,https://www.spadreams.com/spa/spa-hotel-with-massage,official_site,2026-08-25T06:22:51+00:00
obs-9b49ae666c,Ubud Home Massage Service,https://www.ubudcenter.com/ubud-massage-spa,official_site,2026-08-25T06:22:51+00:00
obs-21fbcf2ac5,Taru Pramana Spa & Wellness,https://balibeachsanur.com/hotel-facilities/taru-pramana-spa-wellness,official_site,2026-08-25T06:22:51+00:00
obs-fca10ad9b2,Leha Leha Spa,https://balilehaleha.com,official_site,2026-08-25T06:22:51+00:00
obs-fca10ad9b2,Leha Leha Spa,https://www.balilehaleha.com/bali-spa-nail-hand-foot-massage-facials-bodyscrub-treatments.html,official_site,2026-08-25T06:22:51+00:00
obs-f3344ec387,Blue Karma Wellness,https://bluekarmasecrets.dijiwasanctuaries.com,official_site,2026-08-25T06:22:51+00:00
obs-f3344ec387,Blue Karma Wellness,https://bluekarmasecrets.dijiwasanctuaries.com/wellness,official_site,2026-08-25T06:22:51+00:00
obs-aba49fde5a,BULGARI SPA MILANO,https://www.bulgarihotels.com/dam/jcr:f090eaf0-6d04-4b3b-b0d4-7f951487bdff/price-list-bulgari-spa-2018.pdf,official_site,2026-08-25T06:22:51+00:00
obs-a4d596779a,Cocoon Medical Spa,https://cocoonmedicalspa.com,official_site,2026-08-25T06:22:51+00:00
obs-a4d596779a,Cocoon Medical Spa,https://cocoonmedicalspa.com/treatment/vitamin-iv-packages,official_site,2026-08-25T06:22:51+00:00
obs-d7306f53a3,COMO Metropolitan Bangkok,https://www.comohotels.com/thailand/como-metropolitan-bangkok/wellness/curated-como-shambhala-therapies,official_site,2026-08-25T06:22:51+00:00
obs-2ff028aec2,Cutiepai Nails,https://cutiepainails.com,official_site,2026-08-25T06:22:51+00:00
obs-abb7f9d2c7,De Nyuh Spa,https://denyuhspa.com,official_site,2026-08-25T06:22:51+00:00
obs-a1d9159518,Desa Seni,https://desaseni.com,official_site,2026-08-25T06:22:51+00:00
obs-94d3f3d145,D’Nailbar,http://dnailbar.com/other-treatments,official_site,2026-08-25T06:22:51+00:00
obs-94d3f3d145,D’Nailbar,https://dnailbar.com,official_site,2026-08-25T06:22:51+00:00
obs-da4f63dcdd,Ecosfera Hotel,https://ecosferahotel.com,official_site,2026-08-25T06:22:51+00:00
obs-da4f63dcdd,Ecosfera Hotel,https://ecosferahotel.com/packages/direct-booking,official_site,2026-08-25T06:22:51+00:00
obs-aee89ef5dd,Estetica Belle,https://esteticabelle.com,official_site,2026-08-25T06:22:51+00:00
obs-aee89ef5dd,Estetica Belle,https://www.esteticabelle.com/booking-services-sitemap.xml,official_site,2026-08-25T06:22:51+00:00
obs-ee4f72cc11,Glo Bali,https://glospabali.com,official_site,2026-08-25T06:22:51+00:00
obs-ee4f72cc11,Glo Bali,https://www.glospabali.com/glo-day-spa-salon-real-benefits-of-massage-therapy,official_site,2026-08-25T06:22:51+00:00
obs-72364b11fa,Heart Space Bali,https://heartspacebali.com,official_site,2026-08-25T06:22:51+00:00
obs-72364b11fa,Heart Space Bali,https://www.heartspacebali.com/booking-services-sitemap.xml,official_site,2026-08-25T06:22:51+00:00
obs-c9d2d78748,House of Orange,https://houseoforangebali.com,official_site,2026-08-25T06:22:51+00:00
obs-be2d0d8491,voco Lythe Hill Hotel & Spa,https://www.ihg.com/explore/guest-picks/10-best-spa-hotels,official_site,2026-08-25T06:22:51+00:00
obs-0a0c27b220,Jet Black Ginger,https://jetblackginger.com,official_site,2026-08-25T06:22:51+00:00
obs-bf160ed4af,Jiwa Bali,https://jiwabali.com,official_site,2026-08-25T06:22:51+00:00
obs-a945924284,Wellness by The Legian,https://lhm-hotels.com,official_site,2026-08-25T06:22:51+00:00
obs-a945924284,Wellness by The Legian,https://lhm-hotels.com/en/wellness-packages,official_site,2026-08-25T06:22:51+00:00
obs-c7f35f8c0f,Luna & Sol Bali,https://luna-solpilates.com/contact,official_site,2026-08-25T06:22:51+00:00
obs-80b8a41e58,Mango Tree Spa,https://mangotreespabali.com,official_site,2026-08-25T06:22:51+00:00
obs-8cc8f5bfde,Martha Tilaar Spa,https://marthatilaarspa.com,official_site,2026-08-25T06:22:51+00:00
obs-4bdab381e5,Maya Ubud Resort & Spa,https://mayaresorts.com,official_site,2026-08-25T06:22:51+00:00
obs-d2eff94340,Mû Boutique Resort,https://mu-bali.com,official_site,2026-08-25T06:22:51+00:00
obs-d2eff94340,Mû Boutique Resort,https://mu-bali.com/spa,official_site,2026-08-25T06:22:51+00:00
obs-fa958bceee,Oneworld Ayurveda,https://oneworldayurveda.com,official_site,2026-08-25T06:22:51+00:00
obs-9430d58644,Only Nails Bali,https://onlynailsbali.com,official_site,2026-08-25T06:22:51+00:00
obs-9430d58644,Only Nails Bali,https://onlynailsbali.com/our-services,official_site,2026-08-25T06:22:51+00:00
obs-23a814a750,Piccolina Bali,https://piccolinabali.com/menu,official_site,2026-08-25T06:22:51+00:00
obs-eccc07655b,Power of Now Oasis,https://powerofnowoasis.com,official_site,2026-08-25T06:22:51+00:00
obs-eda4e23a79,Rejuvie Aesthetic & Dermatology Bali,https://rejuvieclinic.com,official_site,2026-08-25T06:22:51+00:00
obs-eda4e23a79,Rejuvie Aesthetic & Dermatology Bali,https://rejuvieclinic.com/price-list,official_site,2026-08-25T06:22:51+00:00
obs-30642febb4,REVIVE + PILATES,https://reviveandpilates.studio,official_site,2026-08-25T06:22:51+00:00
obs-b8bf526575,RITE Bali,https://ritebali.com/pages/spa,official_site,2026-08-25T06:22:51+00:00
obs-b9317f11b6,Rob Peetoom,https://robpeetoom.com,official_site,2026-08-25T06:22:51+00:00
obs-2a68fadbb9,Rose Petal Beauty Center,https://rosepetalbali.com,official_site,2026-08-25T06:22:51+00:00
obs-2a68fadbb9,Rose Petal Beauty Center,https://rosepetalbali.com/about,official_site,2026-08-25T06:22:51+00:00
obs-7147a670a1,Samadi Bali,https://samadibali.com,official_site,2026-08-25T06:22:51+00:00
obs-7147a670a1,Samadi Bali,https://samadibali.com/holistic-treatments-and-wellness-offerings,official_site,2026-08-25T06:22:51+00:00
obs-a9f6e0c1d9,Griya Santrian Beach Resort & Spa,https://santrian.com/griya-santrian/spa/treatment-at-ayodhya-bale.html,official_site,2026-08-25T06:22:51+00:00
obs-38b467e693,Serenity Bali Yogi Spa,https://www.serenitybali.com/spa-price-list,official_site,2026-08-25T06:22:51+00:00
obs-a7bebe8bf6,The Shampoo Lounge,https://shampoolounge.com,official_site,2026-08-25T06:22:51+00:00
obs-a7bebe8bf6,The Shampoo Lounge,https://www.shampoolounge.com/bookingseminyak,official_site,2026-08-25T06:22:51+00:00
obs-4788bc4542,Soham Wellness Center,https://sohamwellnesscenter.com,official_site,2026-08-25T06:22:51+00:00
obs-b75d438b88,Svaha Wellness,https://svahaspa.com,official_site,2026-08-25T06:22:51+00:00
obs-9111410fbe,Taksu,https://taksu.org,official_site,2026-08-25T06:22:51+00:00
obs-9111410fbe,Taksu,https://taksu.org/booking/spa,official_site,2026-08-25T06:22:51+00:00
obs-ec8f2f6231,The Asa Maia,https://theasamaia.com,official_site,2026-08-25T06:22:51+00:00
obs-ec8f2f6231,The Asa Maia,https://www.theasamaia.com/resources/media/user/1774856811-Spa_Menu.pdf,official_site,2026-08-25T06:22:51+00:00
obs-a3e85fe0a4,The Freebird Studio,https://thefreebirdstudio.com,official_site,2026-08-25T06:22:51+00:00
obs-a3e85fe0a4,The Freebird Studio,https://thefreebirdstudio.com/bookings,official_site,2026-08-25T06:22:51+00:00
obs-12325fccf1,Taru Pramana Spa & Wellness,https://themerusanur.com,official_site,2026-08-25T06:22:51+00:00
obs-12325fccf1,Taru Pramana Spa & Wellness,https://themerusanur.com/spa-wellness,official_site,2026-08-25T06:22:51+00:00
obs-2b604253c5,The Shala Bali,https://theshalabali.com,official_site,2026-08-25T06:22:51+00:00
obs-2b604253c5,The Shala Bali,https://www.theshalabali.com/single-post/2019/09/02/how-ayurvedic-spa-treatments-clear-the-mind-body-and-soul,official_site,2026-08-25T06:22:51+00:00
obs-6c594fd149,The Temple Lodge,https://thetemplelodge.com,official_site,2026-08-25T06:22:51+00:00
obs-6c594fd149,The Temple Lodge,https://www.thetemplelodge.com,official_site,2026-08-25T06:22:51+00:00
obs-9edb8ab4fa,Yoga Barn Wellness,https://theyogabarn.com,official_site,2026-08-25T06:22:51+00:00
obs-9edb8ab4fa,Yoga Barn Wellness,https://theyogabarn.com/wp-content/uploads/2026/05/YBW-All-Menu-Mei2026-A3.pdf,official_site,2026-08-25T06:22:51+00:00
obs-0955c12271,Think Pink Salon,https://thinkpinksalon.com,official_site,2026-08-25T06:22:51+00:00
obs-2c16239379,Tonic,https://tonic.co.id,official_site,2026-08-25T06:22:51+00:00
obs-2c16239379,Tonic,https://tonic.co.id/sitemap.xml,official_site,2026-08-25T06:22:51+00:00
obs-a5a3d43767,Tugu Hotels & Restaurants,https://tuguhotels.com/spa-wellness,official_site,2026-08-25T06:22:51+00:00
obs-2b21bda6a5,Pyramids of Chi,https://ubud.pyramidsofchi.com,official_site,2026-08-25T06:22:51+00:00
obs-2b21bda6a5,Pyramids of Chi,https://ubud.pyramidsofchi.com/free-shuttle-service,official_site,2026-08-25T06:22:51+00:00
obs-1a40e999d8,Ubud Sari Spa,https://ubudsari.com,official_site,2026-08-25T06:22:51+00:00
obs-1a40e999d8,Ubud Sari Spa,https://ubudsari.com/ubud-sari-basic-spa-treatment,official_site,2026-08-25T06:22:51+00:00
obs-77c58f504f,Ubud Yoga House,https://ubudyogahouse.com,official_site,2026-08-25T06:22:51+00:00
obs-77c58f504f,Ubud Yoga House,https://ubudyogahouse.com/contact,official_site,2026-08-25T06:22:51+00:00
obs-9671b9e0a1,Wrong Gym,https://wronggym.com/pages/spa,official_site,2026-08-25T06:22:51+00:00
obs-943e075f77,Yoga Searcher Bali,http://www.yogasearcher-bali.com,official_site,2026-08-25T06:22:51+00:00
obs-b65fe80b54,UMALAS,https://youspaexperience.com,official_site,2026-08-25T06:22:51+00:00
obs-b65fe80b54,UMALAS,https://youspaexperience.com/wp-content/uploads/2025/03/You-Spa-Umalas-Menu_compressed.pdf,official_site,2026-08-25T06:22:51+00:00
obs-d1a65681dd,Rika Beauty & Spa,https://rikaspa.com/services/massage-therapy,official_site,2026-08-25T06:22:51+00:00
obs-d1a65681dd,Rika Beauty & Spa,https://rikaspa.com/spa-uluwatu/,official_site,2026-08-25T06:22:51+00:00
obs-0456d13ab9,StarChild Spa,https://starchildubudspa.com/,official_site,2026-08-25T06:22:51+00:00
obs-0456d13ab9,StarChild Spa,https://starchildubudspa.com/all-spa-2-services,official_site,2026-08-25T06:22:51+00:00
obs-679e02a0a0,Sri Ratih Spa,https://sriratih.com/spa,official_site,2026-08-25T06:22:51+00:00
obs-679e02a0a0,Sri Ratih Spa,https://sriratih.com/spa/,official_site,2026-08-25T06:22:51+00:00
obs-f6660d32c7,Lemuria Spa by Arya Arkananta Resort & Spa,https://aryaarkanantabali.com/unique-spa-in-ubud,official_site,2026-08-25T06:22:51+00:00
obs-88ba0c65e5,Swatma,https://www.swatma.com/,official_site,2026-08-25T06:22:51+00:00
obs-22661e564f,Soulshine Bali,https://www.soulshinebali.com/,official_site,2026-08-25T06:22:51+00:00
obs-22661e564f,Soulshine Bali,https://www.soulshinebali.com/packages,official_site,2026-08-25T06:22:51+00:00
obs-979f55b631,Mahamaya Spa,https://nyuhbalivillas.com/ubud/spa/,official_site,2026-08-25T06:22:51+00:00
obs-979f55b631,Mahamaya Spa,https://nyuhbalivillas.com/wp-content/uploads/2024/02/Spa-Menu-Ubud-Villa.pdf,official_site,2026-08-25T06:22:51+00:00
obs-1233a24884,Parina Spa,https://parinaspa.com/,official_site,2026-08-25T06:22:51+00:00
obs-1233a24884,Parina Spa,https://parinaspa.com/ubud-massage-spa-complete-massage-and-treatment-options,official_site,2026-08-25T06:22:51+00:00
obs-898d1e0ff9,Sanggraloka Ubud,https://www.sanggralokaubud.com/en/wellness-center,official_site,2026-08-25T06:22:51+00:00
obs-b51a00b0de,Aura Therapy Spa,http://ubudaura.com/spa,official_site,2026-08-25T06:22:51+00:00
obs-7f41d3238d,Ubud Village Resort & Spa,https://theubudvillage.com/hotel/spa,official_site,2026-08-25T06:22:51+00:00
obs-7f41d3238d,Ubud Village Resort & Spa,https://theubudvillage.com/resort/,official_site,2026-08-25T06:22:51+00:00
obs-3a00284c0c,Alam Shanti Wellness,https://alamindahbali.com/page/alamshantispa,official_site,2026-08-25T06:22:51+00:00
obs-e892659418,Bali Spirit Hotel and Spa,https://balispirithotel.com,official_site,2026-08-25T06:22:51+00:00
obs-e892659418,Bali Spirit Hotel and Spa,https://balispirithotel.com/,official_site,2026-08-25T06:22:51+00:00
obs-6c29ffdccb,Villa Sonia Ubud,https://www.villasoniaubud.com/,official_site,2026-08-25T06:22:51+00:00
obs-6c29ffdccb,Villa Sonia Ubud,https://www.villasoniaubud.com/en/stay-calm-and-down-to-harmony-place-with-traditional-healing-at-villa-sonia-ubud,official_site,2026-08-25T06:22:51+00:00
obs-69cc985877,Aaron Spa,https://balispaguide.com/index.php/en/treatment/reflexology,official_site,2026-08-25T06:22:51+00:00
obs-69cc985877,Aaron Spa,https://www.balispaguide.com/en/bali/ubud,official_site,2026-08-25T06:22:51+00:00
obs-377d2ca784,Campuhan Spa,https://thetravellinglight.com/Campuhan-Spa-at-Sunset,official_site,2026-08-25T06:22:51+00:00
obs-614b0890d6,Tjampuhan Spa,https://tjampuhan-bali.com/spa/,official_site,2026-08-25T06:22:51+00:00
obs-614b0890d6,Tjampuhan Spa,https://tjampuhan-bali.com/spa/spa-treatment,official_site,2026-08-25T06:22:51+00:00
obs-a02760bf6c,Gratia Spa Monkey Forest,https://gratiaspa.com/,official_site,2026-08-25T06:22:51+00:00
obs-a02760bf6c,Gratia Spa Monkey Forest,https://gratiaspa.com/home-8,official_site,2026-08-25T06:22:51+00:00
obs-db472451ae,Tegal Mesari Spa,https://www.tegalmesarispa.com/,official_site,2026-08-25T06:22:51+00:00
obs-db472451ae,Tegal Mesari Spa,https://www.tegalmesarispa.com/treatments_type/signature-spa-packages,official_site,2026-08-25T06:22:51+00:00
obs-e9ff6f404b,Anantara Ubud Bali Resort,https://balidaylight.com/wellness/thai-warrior-therapy-comes-to-the-rainforest-of-ubud-,official_site,2026-08-25T06:22:51+00:00
obs-59102391d9,Maja,https://www.thisismaja.com/,official_site,2026-08-25T06:22:51+00:00
obs-59102391d9,Maja,https://www.thisismaja.com/spa/treatments/the-wellness-escape,official_site,2026-08-25T06:22:51+00:00
obs-2d929c35cd,TopGym & TopStretching Studio Batu Bolong,https://www.satlantis.io/location/134178,official_site,2026-08-25T06:22:51+00:00
obs-92f5835e9b,Tonic Canggu,https://canggu.tonic.co.id/,official_site,2026-08-25T06:22:51+00:00
obs-92f5835e9b,Tonic Canggu,https://canggu.tonic.co.id/treatments,official_site,2026-08-25T06:22:51+00:00
obs-162e4a507a,Spring Spa,https://www.villa-finder.com/magazine/massage-spa-canggu,official_site,2026-08-25T06:22:51+00:00
obs-162e4a507a,Spring Spa,https://www.villa-finder.com/magazine/massage-spa-canggu/,official_site,2026-08-25T06:22:51+00:00
obs-84fc2941c8,Rosies Nail Bar,https://www.rosiesnailbar.com/price-list-nusalembongan2,official_site,2026-08-25T06:22:51+00:00
obs-84fc2941c8,Rosies Nail Bar,https://www.rosiesnailbar.com/price-list-pedicures,official_site,2026-08-25T06:22:51+00:00
obs-5cdd16b2ba,Ameline Beauty & Spa,https://www.rexby.com/travelwithhol/ttd/luxury-spa-and-wellness-paradise,official_site,2026-08-25T06:22:51+00:00
obs-5cdd16b2ba,Ameline Beauty & Spa,https://www.rexby.com/zayamardika/ttd/relaxing-beach-spa-in-canggu,official_site,2026-08-25T06:22:51+00:00
obs-7cf85eeefd,COMO Shambhala Uma Canggu,https://www.comoshambhala.com/como-shambhala-the-treasury/experiences/wellness-packages,official_site,2026-08-25T06:22:51+00:00
obs-7cf85eeefd,COMO Shambhala Uma Canggu,https://www.comoshambhala.com/como-shambhala-uma-canggu,official_site,2026-08-25T06:22:51+00:00
obs-aeaab64662,Bali Dream Villa Resort Echo Beach Canggu,https://www.thebalidreamvillaresort.com/facilities,official_site,2026-08-25T06:22:51+00:00
obs-aeaab64662,Bali Dream Villa Resort Echo Beach Canggu,https://www.thebalidreamvillaresort.com/special-offers,official_site,2026-08-25T06:22:51+00:00
obs-35ead514d2,Revive Bali,https://revivebali.com/treatments,official_site,2026-08-25T06:22:51+00:00
obs-35ead514d2,Revive Bali,https://revivebali.com/treatments/,official_site,2026-08-25T06:22:51+00:00
obs-8f9219209a,The Path Yoga Center,https://www.thepathyogacenter.com/,official_site,2026-08-25T06:22:51+00:00
obs-2a0dcc768f,Aliya Salon and Day Spa,https://www.aliyaspa.com/,official_site,2026-08-25T06:22:51+00:00
obs-2a0dcc768f,Aliya Salon and Day Spa,https://www.aliyaspa.com/service-page/the-aliya-massage-reflexology-90-min,official_site,2026-08-25T06:22:51+00:00
obs-7ed88690e6,Manori Spa,http://imanivillas.com/pages/spa,official_site,2026-08-25T06:22:51+00:00
obs-7ed88690e6,Manori Spa,https://imanivillas.com/pages/spa,official_site,2026-08-25T06:22:51+00:00
obs-d0c0a42925,Bali Yoga School,https://yoganearme.net/listing/10-day-meditation-and-yoga-retreat-with-3-ayurvedic-massages-in-ubud-bali,official_site,2026-08-25T06:22:51+00:00
obs-f1ccfb6d79,Umalas Creek,https://wanderluxe.theluxenomad.com/guys-guide-5-unique-bali-spa-experiences,official_site,2026-08-25T06:22:51+00:00
obs-f1ccfb6d79,Umalas Creek,https://wanderluxe.theluxenomad.com/heres-why-umalas-creek-in-bali-is-the-ultimate-wellness-villa-escape/,official_site,2026-08-25T06:22:51+00:00
obs-d88582a505,Body & Soul Massage,https://inivie.com/experience_room/ayonacanggu/menu-spa.pdf,official_site,2026-08-25T06:22:51+00:00
obs-4b59e25de3,The Garden Spa,https://www.scribd.com/document/687915707/the-garden-spa-treatment-menu-july-web-20230519-1,official_site,2026-08-25T06:22:51+00:00
obs-4b59e25de3,The Garden Spa,https://www.scribd.com/document/790714266/Menu,official_site,2026-08-25T06:22:51+00:00
obs-e5dd2ea988,Mello Spa Canggu,https://mellospa.co/canggu/spa-prices-canggu,official_site,2026-08-25T06:22:51+00:00
obs-e5dd2ea988,Mello Spa Canggu,https://mellospa.co/features-list/monthly-exclusive-packages/,official_site,2026-08-25T06:22:51+00:00
obs-4d6b9e3273,Ssamaya Day Spa,https://ssamayaspabali.com/,official_site,2026-08-25T06:22:51+00:00
obs-478d14026e,No.1 Wellness,https://www.no1wellness.com/,official_site,2026-08-25T06:22:51+00:00
obs-478d14026e,No.1 Wellness,https://www.no1wellness.com/services/slimming-massage,official_site,2026-08-25T06:22:51+00:00
obs-51110ed2e1,The Art of Body,https://www.theartofbody.com/,official_site,2026-08-25T06:22:51+00:00
obs-51110ed2e1,The Art of Body,https://www.theartofbody.com/our-services,official_site,2026-08-25T06:22:51+00:00
obs-3c3eea2f01,CasaMagna Marriott Puerto Vallarta Resort & Spa,https://www.travelweekly.com/Mexico-Travel/CasaMagna-incorporates-ancient-treatments-into-new-spa,official_site,2026-08-25T06:22:51+00:00
obs-12f1f32c79,Executive Bali Massage,https://www.executivebalimassage.com/executive-bali-spa-seminyak,official_site,2026-08-25T06:22:51+00:00
obs-12f1f32c79,Executive Bali Massage,https://www.executivebalimassage.com/massage-di-kerobokan/,official_site,2026-08-25T06:22:51+00:00
obs-f5c961ca88,The Care Day Spa,https://thecaredayspa.com/,official_site,2026-08-25T06:22:51+00:00
obs-f5c961ca88,The Care Day Spa,https://thecaredayspa.com/services-2,official_site,2026-08-25T06:22:51+00:00
obs-15ac7bc631,La Karma Spa,https://www.lakarmaspa.com/,official_site,2026-08-25T06:22:51+00:00
obs-c2fe073235,Prana Spa,https://www.balispirit.com/wellness/spa-list,official_site,2026-08-25T06:22:51+00:00
obs-92231e4c88,Celestine Spa,https://www.thestoneshotellegian.com/facilities/wellness-serene-spa,official_site,2026-08-25T06:22:51+00:00
obs-a0d2ae1c29,Ayu Spa & Salon,https://www.aquariusbeachhotel.com/en/ayuspa-salon,official_site,2026-08-25T06:22:51+00:00
obs-9c4a0ed60d,Massage Sanur,https://massagesanur.id/,official_site,2026-08-25T06:22:51+00:00
obs-9c4a0ed60d,Massage Sanur,https://massagesanur.id/sitemap.xml,official_site,2026-08-25T06:22:51+00:00
obs-3ffd6cd2fa,Blissful Senja,https://blissfulsenja.com/price-list,official_site,2026-08-25T06:22:51+00:00
obs-3ffd6cd2fa,Blissful Senja,https://blissfulsenja.com/sanur/,official_site,2026-08-25T06:22:51+00:00
obs-2c246c0531,The Sanur,https://thesanur.id/,official_site,2026-08-25T06:22:51+00:00
obs-2c246c0531,The Sanur,https://thesanur.id/sitemap.xml,official_site,2026-08-25T06:22:51+00:00
obs-23979c475f,Parigata Resorts and Spa - Sanur Bali,https://www.parigatahotelsbali.com/parigata-resort,official_site,2026-08-25T06:22:51+00:00
obs-23979c475f,Parigata Resorts and Spa - Sanur Bali,https://www.parigatahotelsbali.com/spa-package,official_site,2026-08-25T06:22:51+00:00
obs-21041ff1d2,Maya Sanur Resort & Spa,https://www.travelup.com/en-gb/south-africa/johannesburg/the-houghton-hotel-spa-wellness-and-golf,official_site,2026-08-25T06:22:51+00:00
obs-21041ff1d2,Maya Sanur Resort & Spa,https://www.travelup.com/en-se/indonesia/sanur/maya-sanur-resort-and-spa,official_site,2026-08-25T06:22:51+00:00
obs-3fa917ff86,Sunny Wellness SPA,https://sunny-wellness-spa.com/,official_site,2026-08-25T06:22:51+00:00
obs-dfcf3d20b4,Revive Spa & Wellness,https://www.reviveuluwatu.com/,official_site,2026-08-25T06:22:51+00:00
obs-74629ca22b,Spring Spa Bingin,https://www.balifoodandtravel.com/place/spring-spa-bingin/,official_site,2026-08-25T06:22:51+00:00
obs-74629ca22b,Spring Spa Bingin,https://www.balifoodandtravel.com/the-5-best-value-legian-spas,official_site,2026-08-25T06:22:51+00:00
obs-1b751cd7ca,Regent,https://digital.ihg.com/is/content/ihg/Spa-Brochure_digital_ENG,official_site,2026-08-25T06:22:51+00:00
obs-1b751cd7ca,Regent,https://digital.ihg.com/is/content/ihg/intercontinental-bali-9337597287-original?fmt=pdf,official_site,2026-08-25T06:22:51+00:00
obs-e775dac4a3,salty face Bali,https://saltyfacebali.com/service-menu,official_site,2026-08-25T06:22:51+00:00
obs-e775dac4a3,salty face Bali,https://saltyfacebali.com/services,official_site,2026-08-25T06:22:51+00:00
obs-360a108418,The Resting Koala,https://restingkoala.com/,official_site,2026-08-25T06:22:51+00:00
obs-360a108418,The Resting Koala,https://restingkoala.com/menu,official_site,2026-08-25T06:22:51+00:00
obs-5fb5cba7b5,Fresh Beauty Lounge,https://freshbeautylounge.com/services/spa-packages,official_site,2026-08-25T06:22:51+00:00
obs-5fb5cba7b5,Fresh Beauty Lounge,https://freshbeautylounge.com/uluwatu/,official_site,2026-08-25T06:22:51+00:00
obs-f1534059a4,Suarga Padang Padang,https://www.suargapadangpadang.com/,official_site,2026-08-25T06:22:51+00:00
obs-1b67531011,Bali Surfing Camp,https://www.balisurfingcamp.com/yoga-wellness,official_site,2026-08-25T06:22:51+00:00
obs-8f9ffb3103,Mantra Wellness Bali,https://mantrawellnessbali.com/,official_site,2026-08-25T06:22:51+00:00
obs-8f9ffb3103,Mantra Wellness Bali,https://mantrawellnessbali.com/wellness-packages,official_site,2026-08-25T06:22:51+00:00
obs-d21813d6f2,Spa Shell,https://spashell.id/,official_site,2026-08-25T06:22:51+00:00
obs-d21813d6f2,Spa Shell,https://spashell.id/packages,official_site,2026-08-25T06:22:51+00:00
obs-a94e9aaf46,Flex & Flow,https://flexandflow.fit/,official_site,2026-08-25T06:22:51+00:00
obs-a94e9aaf46,Flex & Flow,https://flexandflow.fit/uluwatu-bali/pregnancy-massage-service,official_site,2026-08-25T06:22:51+00:00
obs-082743738e,Body Studio Bali,https://bodystudiobali.com/contact-us/,official_site,2026-08-25T06:22:51+00:00
obs-082743738e,Body Studio Bali,https://bodystudiobali.com/lymphatic-drainage-massage,official_site,2026-08-25T06:22:51+00:00
obs-98a7918448,Senses Spa at Biu Biu Resort,https://biubiuresortbali.com/balangan-beach-surf-sunset-and-wellness-at-biu-biu-resort/,official_site,2026-08-25T06:22:51+00:00
obs-98a7918448,Senses Spa at Biu Biu Resort,https://biubiuresortbali.com/wellness-spa-experience,official_site,2026-08-25T06:22:51+00:00
obs-a7f42ec0c4,La Joya,https://lajoyaresorts.com/special-offers/spa-retreat-at-la-joya,official_site,2026-08-25T06:22:51+00:00
obs-a7f42ec0c4,La Joya,https://lajoyaresorts.com/special-offers/spa-retreat-at-la-joya/,official_site,2026-08-25T06:22:51+00:00
obs-75def2a3ca,Balangan Surf Resort,https://balangansurfresort.com/services-facilities,official_site,2026-08-25T06:22:51+00:00
obs-75def2a3ca,Balangan Surf Resort,https://balangansurfresort.com/services-facilities/,official_site,2026-08-25T06:22:51+00:00
obs-db546baba3,Sean Spa Balangan,https://yandex.ru/maps/org/massage_spa_relax/88914939347/prices,official_site,2026-08-25T06:22:51+00:00
obs-db546baba3,Sean Spa Balangan,https://yandex.ru/maps/org/sean_spa_balangan/206520867806/,official_site,2026-08-25T06:22:51+00:00
obs-3c2348e336,AYANA Spa,https://www.ayana.com/bali/spa/list/,official_site,2026-08-25T06:22:51+00:00
obs-9e4d7181af,Bombora Balangan Resort,https://bomborabalangan.com/spa-wellness,official_site,2026-08-25T06:22:51+00:00
obs-9e4d7181af,Bombora Balangan Resort,https://bomborabalangan.com/spa-wellness/,official_site,2026-08-25T06:22:51+00:00
obs-133318ee7f,Holis Spa and Wellness Center,https://www.bookyogaretreats.com/holis-spa-and-wellness-center/8-days-acro-yoga-and-thai-massage-retreat-in-costa-rica,official_site,2026-08-25T06:22:51+00:00
obs-dfc4b46db4,Empower Balance,https://retreat.guru/centers/8386-1/empower-balance,official_site,2026-08-25T06:22:51+00:00
obs-f56d8463b0,Nirjhara,https://www.nirjhara.com/en/wellness,official_site,2026-08-25T06:22:51+00:00
obs-f56d8463b0,Nirjhara,https://www.nirjhara.com/en/wellness/,official_site,2026-08-25T06:22:51+00:00
obs-d245c8dbda,Katie's Spa Treatment Massage,https://www.mapquest.com/id/widjane-massage-and-spa-525045992,official_site,2026-08-25T06:22:51+00:00
obs-d245c8dbda,Katie's Spa Treatment Massage,https://www.mapquest.com/us/indiana/katies-spa-treatment-massage-428508740,official_site,2026-08-25T06:22:51+00:00
obs-5488714021,Royal Spa & Wellness,https://royalkirana.com/,official_site,2026-08-25T06:22:51+00:00
obs-5488714021,Royal Spa & Wellness,https://royalkirana.com/spa/ayung-treatment-villa,official_site,2026-08-25T06:22:51+00:00
obs-eff3add25e,Terra Spa & Wellness,https://www.terraspaandwellness.com/contact/index.php,official_site,2026-08-25T06:22:51+00:00
obs-eff3add25e,Terra Spa & Wellness,https://www.terraspaandwellness.com/menu/index.php,official_site,2026-08-25T06:22:51+00:00
obs-18696fb8d2,Lotus Spa,https://www.jimbaranbaybeach.com/spa/,official_site,2026-08-25T06:22:51+00:00
obs-eb957eab82,The Spa at Padma Resort Ubud,https://padmaresortubud.com/facilities/the-spa.php,official_site,2026-08-25T06:22:51+00:00
obs-b5a9b44ba6,Terakota Spa,https://terakotaspa.com/,official_site,2026-08-25T06:22:51+00:00
obs-b5a9b44ba6,Terakota Spa,https://terakotaspa.com/contact-terakota-spa-ubud,official_site,2026-08-25T06:22:51+00:00
obs-e600552edb,Fresh! Spa,https://mitziemee.com/fresh-the-cutest-spa-in-ubud/?srsltid=AfmBOoqEwAq3xZQrnc6vZvIu6YzFYg1dWdKlNViIk7wKIhY1hA_Medm7,official_site,2026-08-25T06:22:51+00:00
obs-30ef3c27e1,Amandari,https://www.theluxuryspaedit.com/spa/amandari/,official_site,2026-08-25T06:22:51+00:00
obs-30ef3c27e1,Amandari,https://www.theluxuryspaedit.com/spa/vila-vita-parc-resort-spa,official_site,2026-08-25T06:22:51+00:00
obs-1885be9031,The Sacred River Spa at Sayan,https://www.forbestravelguide.com/spas/bali-indonesia/the-sacred-river-spa-at-sayan,official_site,2026-08-25T06:22:51+00:00
obs-1885be9031,The Sacred River Spa at Sayan,https://www.forbestravelguide.com/spas/san-diego-california/fairmont-spa-wellness,official_site,2026-08-25T06:22:51+00:00
obs-8d0b319ae5,Lake Vyrnwy Hotel & Spa,https://www.kayak.com/Ubud-Hotels-Junjungan-Ubud-Hotel-Spa.118273.ksp,official_site,2026-08-25T06:22:51+00:00
obs-8d0b319ae5,Lake Vyrnwy Hotel & Spa,https://www.za.kayak.com/Oswestry-Hotels-Lake-Vyrnwy-Hotel-Spa.55841.ksp,official_site,2026-08-25T06:22:51+00:00
obs-5b56c63cee,KKday Spa Listings,https://www.kkday.com/en-us/category/id-indonesia/spa-massages/list?srsltid=AfmBOoqdiJ9WwDOT7txW7zJiso1mbafxqIVZbi4R74ZMbOOMXLS4xr9Y,official_site,2026-08-25T06:22:51+00:00
obs-2a4df9e17f,Grand Seminyak Spa,https://grandseminyak.com/wp-content/uploads/2025/12/Spa-Menu-GS-9_compressed.pdf,official_site,2026-08-25T06:22:51+00:00
obs-824853cc42,LuxMe Bali,https://www.luxmebalispa.com/services/luxme-bali-spa-four-hands-massage,official_site,2026-08-25T06:22:51+00:00
obs-a2ff2b5cab,Eden Gardens Wellness Resort & Spa,https://www.orbitz.com/Kingston-Hotels-Eden-Gardens-Wellness-Resort-Spa.h8462918.Hotel-Information,official_site,2026-08-25T06:22:51+00:00
obs-d619a22c5b,Luhur Spa,https://backup.bluepointresortandspa.com/my-bookings,official_site,2026-08-25T06:22:51+00:00
obs-d619a22c5b,Luhur Spa,https://backup.bluepointresortandspa.com/spa/,official_site,2026-08-25T06:22:51+00:00
obs-d619a22c5b,Luhur Spa,https://bluepointresortandspa.com/explore/,official_site,2026-08-25T06:22:51+00:00
obs-d619a22c5b,Luhur Spa,https://bluepointresortandspa.com/spa,official_site,2026-08-25T06:22:51+00:00
obs-5115cdd3e0,Bali Relaxing Resort & Spa,https://www.trivago.ae/en-AE/oar/bali-relaxing-resort-spa-tanjung-benoa?search=100-1989051,official_site,2026-08-25T06:22:51+00:00
obs-5115cdd3e0,Bali Relaxing Resort & Spa,https://www.trivago.sg/en-SG/oar/bali-relaxing-resort-and-spa-tanjung-benoa?search=100-1989051,official_site,2026-08-25T06:22:51+00:00
obs-4e2ca9fc1c,Galuh Bali Spa Kuta,https://adeevatours.com/book-galuh-bali-spa-kuta-online/,official_site,2026-08-25T06:22:51+00:00
obs-4e2ca9fc1c,Galuh Bali Spa Kuta,https://adeevatours.com/product/nusa-dua-bali-collection-spa-package-price/?srsltid=AfmBOor8WMsX22CqU0L8pr7oGOcd4HerRvLknBM1XiJUIv3pqaXsK8F2,official_site,2026-08-25T06:22:51+00:00
obs-bcb80fbd36,Hair Spa Melbourne,https://luxuryescapes.com/au/partner/bali-relaxing-resort-and-spa/c3ddcd6c-9841-4929-949c-7ce1aeb4749d?srsltid=AfmBOoqemFfmDMYVEphaPWQiEoTN41wcXOm7vwfevmgMaGzPfyycsfbu,official_site,2026-08-25T06:22:51+00:00
obs-bcb80fbd36,Hair Spa Melbourne,https://luxuryescapes.com/id/experience/melbourne-luxurious-hair-spa-packages-with-japanese-waterfall-massage-scalp-restoration-personalised-treatments-and-more/led:006Ii000002JL73IAG,official_site,2026-08-25T06:22:51+00:00
obs-134d64050a,Ubud Bodyworks Centre,https://ubudbodyworks.com/deep-tissue-massage-in-ubud/,official_site,2026-08-25T06:22:51+00:00
obs-134d64050a,Ubud Bodyworks Centre,https://ubudbodyworks.com/services/rejuvenate-spa-treatment,official_site,2026-08-25T06:22:51+00:00
obs-4d54311af1,Parina Spa Ubud,https://activities.marriott.com/asia/indonesia/bali/ubud/activities/parina_spa_ubud_private_day_spa_experience_near_monkey_forest-XLQ9B2,official_site,2026-08-25T06:22:51+00:00
obs-4d54311af1,Parina Spa Ubud,https://activities.marriott.com/south-america/colombia/medellin/activities/medellin_provence_spa_themed_massage_water_therapy_experience-XHI1SB,official_site,2026-08-25T06:22:51+00:00
obs-ad641328f7,Shambala Massage,https://ubudmassage.com/index-7.html,official_site,2026-08-25T06:22:51+00:00
obs-ad641328f7,Shambala Massage,https://ubudmassage.com/spa,official_site,2026-08-25T06:22:51+00:00
obs-27ecdbc3c4,Tejas Spa,https://tejasspa.com/,official_site,2026-08-25T06:22:51+00:00
obs-27ecdbc3c4,Tejas Spa,https://tejasspa.com/menu-tejas-adiwana-warnakali,official_site,2026-08-25T06:22:51+00:00
obs-d0047b59b5,Kappa Senses Ubud,https://ubud.kappasenses.com/offers,official_site,2026-08-25T06:22:51+00:00
obs-d0047b59b5,Kappa Senses Ubud,https://ubud.kappasenses.com/spa,official_site,2026-08-25T06:22:51+00:00
obs-4ddeff185b,Alaya Ubud,https://celebrate-indonesia.com/dala-spa-2/,official_site,2026-08-25T06:22:51+00:00
obs-4ddeff185b,Alaya Ubud,https://dalaspa.com/alaya-ubud/,official_site,2026-08-25T06:22:51+00:00
obs-9afea4d92c,Ubud Spa,https://www.ubudguide.com/post/ubud-spas,official_site,2026-08-25T06:22:51+00:00
obs-e46ba0968d,Kush Day Spa,https://www.wellnesswa.com.au/tag/ubud-day-spa/,official_site,2026-08-25T06:22:51+00:00
obs-e46ba0968d,Kush Day Spa,https://www.wellnesswa.com.au/treatment-and-price-list-nail-sensation-southlands-boulevarde,official_site,2026-08-25T06:22:51+00:00
obs-6bdda4e6b6,the spa@kamandalu,https://kamandaluresort.com/en/spa-wellness/forest-spa/,official_site,2026-08-25T06:22:51+00:00
obs-6bdda4e6b6,the spa@kamandalu,https://www.kamandaluresort.com/images/spa-menu09.pdf,official_site,2026-08-25T06:22:51+00:00
obs-18c3f815cd,Civitatis Ubud,https://www.civitatis.com/en/marrakech/hammam-spa-bath-massage/,official_site,2026-08-25T06:22:51+00:00
obs-18c3f815cd,Civitatis Ubud,https://www.civitatis.com/en/ubud/balinese-massage/?srsltid=AfmBOooXoT4ipVpBBs62zuKCc-MvBwh6G2TqILBh1MUr5yJ7gNkr7X7a,official_site,2026-08-25T06:22:51+00:00
obs-713cdcfa24,Bliss Ubud Spa Resort,https://www.blissubudsparesort.com/,official_site,2026-08-25T06:22:51+00:00
obs-f32929aceb,Nusa Therapy,https://nusatherapy.com/,official_site,2026-08-25T06:22:51+00:00
obs-cb61e3d59b,Putri Ubud Spa,https://www.putriubudspa.com/,official_site,2026-08-25T06:22:51+00:00
obs-cb61e3d59b,Putri Ubud Spa,https://www.putriubudspa.com/treatment-categories/signature-therapy-massage,official_site,2026-08-25T06:22:51+00:00
obs-af01621db4,The Kasih Spa,https://thekasihspa.com/,official_site,2026-08-25T06:22:51+00:00
obs-af01621db4,The Kasih Spa,https://thekasihspa.com/2025/07/30/the-ultimate-guide-to-spa-packages-at-the-kasih-spa-ubud,official_site,2026-08-25T06:22:51+00:00
obs-18911cf380,Old Orchard Inn & Spa,https://www.hotelplanner.com/Hotels/117405/Reservations-Maya-Ubud-Resort-Spa-Chse-Certified-Bali-Jl-Gunung-Sari-Peliatan-Ubud-80571,official_site,2026-08-25T06:22:51+00:00
obs-18911cf380,Old Orchard Inn & Spa,https://www.hotelplanner.com/Hotels/37828/Reservations-Old-Orchard-Inn-Spa-Greenwich-Wolfville-153-Greenwich-Rd-South-B0P1X0,official_site,2026-08-25T06:22:51+00:00
obs-e1f1e2cb59,The Sanctoo Spa & Wellness,https://wolipop.detik.com/makeup-and-skincare/d-3429507/menikmati-spa-dengan-pemandangan-kota-jakarta-di-the-westin-hotel,official_site,2026-08-25T06:22:51+00:00
obs-e1f1e2cb59,The Sanctoo Spa & Wellness,https://www.detik.com/bali/wisata/d-6086632/4-tempat-spa-bali-di-ubud,official_site,2026-08-25T06:22:51+00:00
obs-e3e9a65e4c,Royal Kirana Spa,https://royalkirana.reserveonline.id/book/793/activities,official_site,2026-08-25T06:22:51+00:00
obs-e3e9a65e4c,Royal Kirana Spa,https://royalkirana.reserveonline.id/book/793/activities?category=743,official_site,2026-08-25T06:22:51+00:00
obs-a4860b7c34,The Key Massage,https://thekeymassage.com/contact,official_site,2026-08-25T06:22:51+00:00
obs-a4860b7c34,The Key Massage,https://thekeymassage.com/menu-%2F-pricing,official_site,2026-08-25T06:22:51+00:00
obs-b2d62f0f95,Gadsden Massage Studio,https://gadsdenmassage.com/prices,official_site,2026-08-25T06:22:51+00:00
obs-b2d62f0f95,Gadsden Massage Studio,https://gadsdenmassage.com/respect-massage,official_site,2026-08-25T06:22:51+00:00
obs-1c461da71c,True Thai Massage & Spa,http://www.truethaimassage.com/massage-pricing,official_site,2026-08-25T06:22:51+00:00
obs-1c461da71c,True Thai Massage & Spa,http://www.truethaimassage.com/massage-services,official_site,2026-08-25T06:22:51+00:00
obs-1ef65cec0b,Therapeutic Thai Massage,http://www.thaimassagehouston.com/services,official_site,2026-08-25T06:22:51+00:00
obs-1ef65cec0b,Therapeutic Thai Massage,http://www.thaimassagehouston.com/services/,official_site,2026-08-25T06:22:51+00:00
obs-cae7b99c91,Balian Springs,https://baliansprings.com/spamenu-2,official_site,2026-08-25T06:22:51+00:00
obs-cae7b99c91,Balian Springs,https://baliansprings.com/spamenu/,official_site,2026-08-25T06:22:51+00:00
obs-fbdeda97ed,Vita Healing Massage Spa,https://healingmassagefacial.com/facial%26beauty-enhancement,official_site,2026-08-25T06:22:51+00:00
obs-fbdeda97ed,Vita Healing Massage Spa,https://healingmassagefacial.com/massage-service-%26-price,official_site,2026-08-25T06:22:51+00:00
obs-ed34eae2b5,The Faces World,http://www.thefacesworld.com/prices,official_site,2026-08-25T06:22:51+00:00
obs-ed34eae2b5,The Faces World,https://thefacesworld.com/,official_site,2026-08-25T06:22:51+00:00
obs-c67b6521fc,Shinto Spa,https://shintospa.com/menu/,official_site,2026-08-25T06:22:51+00:00
obs-c67b6521fc,Shinto Spa,https://shintospa.com/treatments/youthful-skin-massage,official_site,2026-08-25T06:22:51+00:00
obs-90f97f248a,ĀMAN SPA,https://www.aman.com/Amandari-Bali-Spa-Menu.pdf,official_site,2026-08-25T06:22:51+00:00
obs-90f97f248a,ĀMAN SPA,https://www.aman.com/Spa-Menu-Amankora-Punakha-Lodge.pdf,official_site,2026-08-25T06:22:51+00:00
obs-eb6c786399,Bali TAO Center,https://smartscheduling.com/balitaocenter,official_site,2026-08-25T06:22:51+00:00
obs-eb6c786399,Bali TAO Center,https://smartscheduling.com/zeespa/booking,official_site,2026-08-25T06:22:51+00:00
obs-1b23869202,Kayumanis Spa Ubud,https://www.kayumanisspaubud.com/,official_site,2026-08-25T06:22:51+00:00
obs-1b23869202,Kayumanis Spa Ubud,https://www.kayumanisspaubud.com/spa-menu/massage-therapies,official_site,2026-08-25T06:22:51+00:00
obs-0fa5e13a4c,Serayu Spa At The Kayon Resort,https://thekayonresort.com/wellness-entertainment/serayu-spa-menu,official_site,2026-08-25T06:22:51+00:00
obs-0fa5e13a4c,Serayu Spa At The Kayon Resort,https://thekayonresort.com/wellness-entertainment/serayu-spa-menu/,official_site,2026-08-25T06:22:51+00:00
obs-6f87f6fc04,Banyan Tree Spa Macau,https://www.banyantree.com/assets/2026-04/BT_SPA_EN_Menu_20260401_v1%20%281%29.pdf,official_site,2026-08-25T06:22:51+00:00
obs-6f87f6fc04,Banyan Tree Spa Macau,https://www.banyantree.com/escape/indonesia/buahan-a-banyan-tree-escape/spa/toja-spa,official_site,2026-08-25T06:22:51+00:00
obs-69f6972da6,Jero Traditional Spa & Therapy,https://www.jerotraditionalspa.com/,official_site,2026-08-25T06:22:51+00:00
obs-69f6972da6,Jero Traditional Spa & Therapy,https://www.jerotraditionalspa.com/spa-packages-jero-traditional-spa-therapy,official_site,2026-08-25T06:22:51+00:00
obs-0a530b1943,Junjungan Serenity Villas & Spa,https://junjunganubud.villas/,official_site,2026-08-25T06:22:51+00:00
obs-7b9efc15b8,Reflexology Bali,https://www.probuddy.io/l/623e31b9-c274-41a1-afe3-fdc867faac3f,official_site,2026-08-25T06:22:51+00:00
obs-914325e1fb,lumiere spa bali,https://lumierespa.id/,official_site,2026-08-25T06:22:51+00:00
obs-914325e1fb,lumiere spa bali,https://lumierespa.id/services/classical-aromatherapy-oil-massage,official_site,2026-08-25T06:22:51+00:00
obs-80c250f4ae,Pengosekan Spa Hotels,https://www.survivorsofsuicide.com/en/posts/spa-hotels-pengosekan-ubud-bali/,official_site,2026-08-25T06:22:51+00:00
obs-80c250f4ae,Pengosekan Spa Hotels,https://www.survivorsofsuicide.com/en/posts/spa-hotels-sanur-beach-bali,official_site,2026-08-25T06:22:51+00:00
obs-34c931ee39,Melati Spa,https://bali-floatingleaf.com/facilities/melati-spa/,official_site,2026-08-25T06:22:51+00:00
obs-3283095b6f,Nikmatul choiroh SeMassage (Vaccinated),https://www.sejasa.com/businesses/jari-lentik-spa-massage/albums/price-list-treatment,official_site,2026-08-25T06:22:51+00:00
obs-3283095b6f,Nikmatul choiroh SeMassage (Vaccinated),https://www.sejasa.com/mitra-kami/body-massage/bali/gianyar/sukawati,official_site,2026-08-25T06:22:51+00:00
obs-3b07b72bb5,Smart Wellness Center,https://desty.page/spa_terdekat_massage_jakarta_barat,official_site,2026-08-25T06:22:51+00:00
obs-3b07b72bb5,Smart Wellness Center,https://desty.page/tempat_pijat_gianyar,official_site,2026-08-25T06:22:51+00:00
obs-ae71940ec3,Bali Wellness Spa,https://thebodhileafwellness.com/bali-wellness-spa/,official_site,2026-08-25T06:22:51+00:00
obs-ae71940ec3,Bali Wellness Spa,https://thebodhileafwellness.com/services-at-bali-wellness-resort,official_site,2026-08-25T06:22:51+00:00
obs-8fe71fcf02,Essential Health & Rejuvenation Spa,https://essentialbodytreatments.com/,official_site,2026-08-25T06:22:51+00:00
obs-8fe71fcf02,Essential Health & Rejuvenation Spa,https://widget.essentialbodytreatments.com/essentials-booking/seminyak.php,official_site,2026-08-25T06:22:51+00:00
obs-a6aaaff4bd,Spring Spa,https://seminyakvillage.com/shop/spring-spa,official_site,2026-08-25T06:22:51+00:00
obs-a6aaaff4bd,Spring Spa,https://seminyakvillage.com/unwind-and-relax-spa-and-wellness-options-at-seminyak-village-mall/,official_site,2026-08-25T06:22:51+00:00
obs-18c1fc4f7f,Jazb Beauty Space,https://jazb-beautyspace.com/beautyspace/services/price-list,official_site,2026-08-25T06:22:51+00:00
obs-18c1fc4f7f,Jazb Beauty Space,https://jazb-beautyspace.com/beautyspace/services/price-list/,official_site,2026-08-25T06:22:51+00:00
obs-8dc1b968f7,One Eleven Luxe Spa,https://111resorts.com/spa/menu/,official_site,2026-08-25T06:22:51+00:00
obs-e48f0e08de,Essential Spa,https://essentialbodytreatmentscom.localo.site/reviews,official_site,2026-08-25T06:22:51+00:00
obs-2c335bf54c,The Merrion Spa and Health Club,https://www.lhw.com/hotel/Legian-Seminyak-Bali-Indonesia/services-amenities/spa,official_site,2026-08-25T06:22:51+00:00
obs-2c335bf54c,The Merrion Spa and Health Club,https://www.lhw.com/hotel/The-Merrion-Dublin-Ireland/services-amenities/spa,official_site,2026-08-25T06:22:51+00:00
obs-f036c0ac50,Coolcontours Spa & Beauty,https://www.contourspabeauty.com/category/spa-treatments,official_site,2026-08-25T06:22:51+00:00
obs-f036c0ac50,Coolcontours Spa & Beauty,https://www.contourspabeauty.com/reflexology-seminyak/,official_site,2026-08-25T06:22:51+00:00
obs-855983454f,The Seminyak Beach Resort & Spa,https://www.theseminyak.com/wellness,official_site,2026-08-25T06:22:51+00:00
obs-855983454f,The Seminyak Beach Resort & Spa,https://www.theseminyak.com/wellness/,official_site,2026-08-25T06:22:51+00:00
obs-ab934ba22d,Lluvia Spa,https://www.nibble.id/japanese-head-spa-jakarta,official_site,2026-08-25T06:22:51+00:00
obs-ab934ba22d,Lluvia Spa,https://www.nibble.id/tempat-spa-di-seminyak/,official_site,2026-08-25T06:22:51+00:00
obs-f4df5fdcee,Pandawa Cliff Estate,http://www.pandawacliffestate.com/spa.html,official_site,2026-08-25T06:22:51+00:00
obs-f4df5fdcee,Pandawa Cliff Estate,https://www.pandawacliffestate.com/spa.html,official_site,2026-08-25T06:22:51+00:00
obs-71ced70545,The Wellness Spa,https://www.secure-booker.com/apurvaspa/Services/Services.aspx,official_site,2026-08-25T06:22:51+00:00
obs-71ced70545,The Wellness Spa,https://www.secure-booker.com/thewellnessspa/Services/Services.aspx,official_site,2026-08-25T06:22:51+00:00
obs-4232af4f37,Panda Spa Da Nang,https://pandaspa.vn/price-list,official_site,2026-08-25T06:22:51+00:00
obs-4232af4f37,Panda Spa Da Nang,https://pandaspa.vn/tin-tuc/the-herbal-head-spa-price,official_site,2026-08-25T06:22:51+00:00
obs-974f69c22e,Supernatural Wellbeing,https://supernaturalwellbeing.com/massage-rates,official_site,2026-08-25T06:22:51+00:00
obs-7bff734dce,Sohamsa Ocean Estate,https://www.sohamsaoceanestate.com/spa.html,official_site,2026-08-25T06:22:51+00:00
obs-a37855d7ba,Svaha Spa Melasti,https://ttbeach.club/svahaspamelasti,official_site,2026-08-25T06:22:51+00:00
obs-f36f24009a,Blue Point Resort and Spa,https://www.trivago.com/en-US/oar/hotel-blue-point-resort-and-spa-uluwatu?search=100-344411,official_site,2026-08-25T06:22:51+00:00
obs-475f4cc3dd,Nomads Haus,https://www.nomadshaus.com/,official_site,2026-08-25T06:22:51+00:00
obs-9ce811a218,Merusaka Spa,https://merusaka.com/spa/,official_site,2026-08-25T06:22:51+00:00
obs-9ce811a218,Merusaka Spa,https://merusaka.com/wp-content/uploads/2026/03/New-Spa-Menu-2026.pdf,official_site,2026-08-25T06:22:51+00:00
obs-d3b93efdca,Grand Mirage Resort & Thalasso,https://www.grandmirage.com/thalasso-bali-spa/en/,official_site,2026-08-25T06:22:51+00:00
obs-d3b93efdca,Grand Mirage Resort & Thalasso,https://www.grandmirage.com/thalasso-bali-spa/ru/thalasso-therapy-and-hydrotherapy.php,official_site,2026-08-25T06:22:51+00:00
obs-56725bfda0,The Tanjung Benoa Beach Resort,https://www.globalassetsolutions.com/the-tanjung-benoa-beach-resort,official_site,2026-08-25T06:22:51+00:00
obs-56725bfda0,The Tanjung Benoa Beach Resort,https://www.globalassetsolutions.com/w-ibiza,official_site,2026-08-25T06:22:51+00:00
obs-459a4903b7,Bali Relaxing Resort And Spa Nusa Dua,https://bali-relaxing-resort-spa-nusa-dua.all-balihotels.net/en,official_site,2026-08-25T06:22:51+00:00
obs-459a4903b7,Bali Relaxing Resort And Spa Nusa Dua,https://bali-relaxing-resort-spa-nusa-dua.all-balihotels.net/en/,official_site,2026-08-25T06:22:51+00:00
obs-aef7816065,Galangal Spa,https://www.samabe.com/en/spa,official_site,2026-08-25T06:22:51+00:00
obs-1873bbf601,Mulia Spa,https://www.themulia.com/bali/experiences/mulia-spa,official_site,2026-08-25T06:22:51+00:00
obs-1873bbf601,Mulia Spa,https://www.themulia.com/bali/experiences/spas/revitalizing-wellness-treatments,official_site,2026-08-25T06:22:51+00:00
obs-9c90f85223,"Bualu, Golf, Spa",https://www.travelmyth.ie/Bualu/Hotels/spa-golf,official_site,2026-08-25T06:22:51+00:00
obs-fc6819a2d2,Sofitel SPA - Sofitel Bali Spa in Nusa Dua,https://sofitelbalinusadua.com/activities/sospa/,official_site,2026-08-25T06:22:51+00:00
obs-9a617168fa,The Lotus Spa,https://lotuswellnessjimbaran.com/,official_site,2026-08-25T06:22:51+00:00
obs-9a617168fa,The Lotus Spa,https://lotuswellnessjimbaran.com/relaxing-massage-60-minutes,official_site,2026-08-25T06:22:51+00:00
obs-8200123651,The Elysian,https://theelysian.com/facilities/spa-wellness/spa-menu,official_site,2026-08-25T06:22:51+00:00
obs-8200123651,The Elysian,https://theelysian.com/facilities/spa-wellness/spa-menu/,official_site,2026-08-25T06:22:51+00:00
obs-c4761c82bd,Holiday Inn Resort Baruna Bali - Tea Tree Spa,https://barunabali.holidayinnresorts.com/en/spa,official_site,2026-08-25T06:22:51+00:00
obs-0b86681429,Shiki Spa,https://www.shikispa.com/,official_site,2026-08-25T06:22:51+00:00
obs-0b86681429,Shiki Spa,https://www.shikispa.com/price-list,official_site,2026-08-25T06:22:51+00:00
obs-f378a32d09,Sekar Jagat Spa Nusa Dua,https://sekarjagatspa.com/id/,official_site,2026-08-25T06:22:51+00:00
obs-f378a32d09,Sekar Jagat Spa Nusa Dua,https://sekarjagatspa.com/spa-online-booking,official_site,2026-08-25T06:22:51+00:00
obs-6d46dfea18,Luxury Spa,https://www.kempinski.com/en/the-apurva-kempinski-bali/luxury-spa,official_site,2026-08-25T06:22:51+00:00
obs-6d46dfea18,Luxury Spa,https://www.kempinski.com/en/the-apurva-kempinski-bali/luxury-spa/treatments-and-massages,official_site,2026-08-25T06:22:51+00:00
obs-197d2dcec2,Bali Tropic Resort,https://www.balitropic-resort.com/,official_site,2026-08-25T06:22:51+00:00
obs-197d2dcec2,Bali Tropic Resort,https://www.balitropic-resort.com/spa/warm-herbal-pouch-massage,official_site,2026-08-25T06:22:51+00:00
obs-1b569c0a16,YHI Spa,https://sites.melia.com/en/concepts/snow/sierra-nevada/spa,official_site,2026-08-25T06:22:51+00:00
obs-1b569c0a16,YHI Spa,https://sites.melia.com/en/concepts/yhi-spa,official_site,2026-08-25T06:22:51+00:00
obs-1a1b90a2b5,Bahari Balinese Spa - 芭荷蕊巴里岛Spa精油按摩养生馆,https://baharibalispa.com,official_site,2026-08-25T06:22:51+00:00
obs-1a1b90a2b5,Bahari Balinese Spa - 芭荷蕊巴里岛Spa精油按摩养生馆,https://baharibalispa.com/,official_site,2026-08-25T06:22:51+00:00
obs-a3d5a13098,Frangipani Bali Spa,https://frangipanibalispa.id/en/,official_site,2026-08-25T06:22:51+00:00
obs-a3d5a13098,Frangipani Bali Spa,https://frangipanibalispa.id/time-date,official_site,2026-08-25T06:22:51+00:00
obs-ff333830fc,Kallima Health Club & Spa,https://brochures.hilton.com/Kallima-Health-Club-and-Spa-Menu,official_site,2026-08-25T06:22:51+00:00
obs-14e1bc914b,3D Relaxation Center,https://www.3drelaxationcenter.com/,official_site,2026-08-25T06:22:51+00:00
obs-14e1bc914b,3D Relaxation Center,https://www.3drelaxationcenter.com/spa-menu,official_site,2026-08-25T06:22:51+00:00
obs-152952ea88,ZEN Family Spa & Reflexology,https://www.zenfamilyspa.com,official_site,2026-08-25T06:22:51+00:00
obs-152952ea88,ZEN Family Spa & Reflexology,https://www.zenfamilyspa.com/,official_site,2026-08-25T06:22:51+00:00
obs-75241ab595,Adi Spa Healing healthy and Wellness Nusa Dua,https://adispahealingwellness.com/,official_site,2026-08-25T06:22:51+00:00
obs-75241ab595,Adi Spa Healing healthy and Wellness Nusa Dua,https://adispahealingwellness.com/harmony-of-senses-balinese-aromatherapy-and-reflexology,official_site,2026-08-25T06:22:51+00:00
obs-f7e13f6752,Sunshine Spa Nusa Dua,https://sunshinespanusadua.net/,official_site,2026-08-25T06:22:51+00:00
obs-f7e13f6752,Sunshine Spa Nusa Dua,https://sunshinespanusadua.net/services,official_site,2026-08-25T06:22:51+00:00
obs-cf53f652dc,Samantha Spa at Santika Beach Resort,https://www.balihealthandspa.com/baliwis-spa.html,official_site,2026-08-25T06:22:51+00:00
obs-cf53f652dc,Samantha Spa at Santika Beach Resort,https://www.balihealthandspa.com/samantha-spa-packages.html,official_site,2026-08-25T06:22:51+00:00
