canonical_intent_id,canonical_name,publication_risk,required_data_fields,observed_evidence,data_readiness,blocking_field,remediation,auto_decision_reason,created_at,generator,source_version
OB-CAN-0001,Find where to go on arrival day when jet-lagged,LOW,venues.publication_status;venues.jobs;venues.district;venues.name;venues.slug,fixture total=53;published=0;with_jobs=0;districts=nusa-dua|tanjung-benoa;supabase_configured=false,BLOCKED_BY_DATA,venues.publication_status=published AND venues.jobs non-empty,"publish job-tagged venues, or provide read-only aggregate coverage counts per district/job","venue selection requires published venues with jobs tags; observed fixture has total=53, published=0, with_jobs=0, districts=[nusa-dua|tanjung-benoa]; .env.local absent so no live Supabase read is possible. Coverage was not observed and must not be inferred.",2026-07-29T18:47:12.866Z,other-bali-intent-os-autopilot,OB-INT-0001..0200@2026-07-29
OB-CAN-0002,Choose first-night dinner near landing area,LOW,venues.publication_status;venues.jobs;venues.district;venues.name;venues.slug,fixture total=53;published=0;with_jobs=0;districts=nusa-dua|tanjung-benoa;supabase_configured=false,BLOCKED_BY_DATA,venues.publication_status=published AND venues.jobs non-empty,"publish job-tagged venues, or provide read-only aggregate coverage counts per district/job","venue selection requires published venues with jobs tags; observed fixture has total=53, published=0, with_jobs=0, districts=[nusa-dua|tanjung-benoa]; .env.local absent so no live Supabase read is possible. Coverage was not observed and must not be inferred.",2026-07-29T18:47:12.866Z,other-bali-intent-os-autopilot,OB-INT-0001..0200@2026-07-29
OB-CAN-0003,Handle Visa-on-Arrival + cash on landing,LEGAL_REGULATORY,authoritative_source;reviewed_by;reviewed_at,fixture total=53;published=0;with_jobs=0;districts=nusa-dua|tanjung-benoa;supabase_configured=false,HIGH_RISK_NOT_READY,authoritative_source;reviewed_by;reviewed_at,owner authority + authoritative answer evidence required before any publication,risk_class=LEGAL_REGULATORY: 04_AUTONOMOUS_DECISION_POLICY.yaml risk_policy sets auto_build_allowed=false and publication_status=RESEARCH_ONLY for SAFETY/MEDICAL/LEGAL_REGULATORY,2026-07-29T18:47:12.866Z,other-bali-intent-os-autopilot,OB-INT-0001..0200@2026-07-29
OB-CAN-0004,Sleep near airport before/after red-eye flight,LOW,venues.publication_status;venues.jobs;venues.district;venues.name;venues.slug,fixture total=53;published=0;with_jobs=0;districts=nusa-dua|tanjung-benoa;supabase_configured=false,BLOCKED_BY_DATA,venues.publication_status=published AND venues.jobs non-empty,"publish job-tagged venues, or provide read-only aggregate coverage counts per district/job","venue selection requires published venues with jobs tags; observed fixture has total=53, published=0, with_jobs=0, districts=[nusa-dua|tanjung-benoa]; .env.local absent so no live Supabase read is possible. Coverage was not observed and must not be inferred.",2026-07-29T18:47:12.866Z,other-bali-intent-os-autopilot,OB-INT-0001..0200@2026-07-29
OB-CAN-0005,Kill 3–6 hours near airport before flight,LOW,venues.publication_status;venues.jobs;venues.district;venues.name;venues.slug,fixture total=53;published=0;with_jobs=0;districts=nusa-dua|tanjung-benoa;supabase_configured=false,BLOCKED_BY_DATA,venues.publication_status=published AND venues.jobs non-empty,"publish job-tagged venues, or provide read-only aggregate coverage counts per district/job","venue selection requires published venues with jobs tags; observed fixture has total=53, published=0, with_jobs=0, districts=[nusa-dua|tanjung-benoa]; .env.local absent so no live Supabase read is possible. Coverage was not observed and must not be inferred.",2026-07-29T18:47:12.866Z,other-bali-intent-os-autopilot,OB-INT-0001..0200@2026-07-29
OB-CAN-0006,Have a proper last-day meal before evening flight,LOW,venues.publication_status;venues.jobs;venues.district;venues.name;venues.slug,fixture total=53;published=0;with_jobs=0;districts=nusa-dua|tanjung-benoa;supabase_configured=false,BLOCKED_BY_DATA,venues.publication_status=published AND venues.jobs non-empty,"publish job-tagged venues, or provide read-only aggregate coverage counts per district/job","venue selection requires published venues with jobs tags; observed fixture has total=53, published=0, with_jobs=0, districts=[nusa-dua|tanjung-benoa]; .env.local absent so no live Supabase read is possible. Coverage was not observed and must not be inferred.",2026-07-29T18:47:12.866Z,other-bali-intent-os-autopilot,OB-INT-0001..0200@2026-07-29
OB-CAN-0007,Find breakfast open before 7 AM,OPERATIONAL,venues.publication_status;venues.jobs;venues.district;venues.name;venues.slug,fixture total=53;published=0;with_jobs=0;districts=nusa-dua|tanjung-benoa;supabase_configured=false,BLOCKED_BY_DATA,venues.publication_status=published AND venues.jobs non-empty,"publish job-tagged venues, or provide read-only aggregate coverage counts per district/job","venue selection requires published venues with jobs tags; observed fixture has total=53, published=0, with_jobs=0, districts=[nusa-dua|tanjung-benoa]; .env.local absent so no live Supabase read is possible. Coverage was not observed and must not be inferred.",2026-07-29T18:47:12.866Z,other-bali-intent-os-autopilot,OB-INT-0001..0200@2026-07-29
OB-CAN-0008,"Grab a quick, cheap lunch mid-day between activities",OPERATIONAL,venues.publication_status;venues.jobs;venues.district;venues.name;venues.slug,fixture total=53;published=0;with_jobs=0;districts=nusa-dua|tanjung-benoa;supabase_configured=false,BLOCKED_BY_DATA,venues.publication_status=published AND venues.jobs non-empty,"publish job-tagged venues, or provide read-only aggregate coverage counts per district/job","venue selection requires published venues with jobs tags; observed fixture has total=53, published=0, with_jobs=0, districts=[nusa-dua|tanjung-benoa]; .env.local absent so no live Supabase read is possible. Coverage was not observed and must not be inferred.",2026-07-29T18:47:12.866Z,other-bali-intent-os-autopilot,OB-INT-0001..0200@2026-07-29
OB-CAN-0009,Have a lunch with a view (rice field / cliff / ocean),LOW,venues.publication_status;venues.jobs;venues.district;venues.name;venues.slug,fixture total=53;published=0;with_jobs=0;districts=nusa-dua|tanjung-benoa;supabase_configured=false,BLOCKED_BY_DATA,venues.publication_status=published AND venues.jobs non-empty,"publish job-tagged venues, or provide read-only aggregate coverage counts per district/job","venue selection requires published venues with jobs tags; observed fixture has total=53, published=0, with_jobs=0, districts=[nusa-dua|tanjung-benoa]; .env.local absent so no live Supabase read is possible. Coverage was not observed and must not be inferred.",2026-07-29T18:47:12.866Z,other-bali-intent-os-autopilot,OB-INT-0001..0200@2026-07-29
OB-CAN-0010,Order food to villa via Grab/Gojek when tired,OPERATIONAL,venues.publication_status;venues.jobs;venues.district;venues.name;venues.slug,fixture total=53;published=0;with_jobs=0;districts=nusa-dua|tanjung-benoa;supabase_configured=false,BLOCKED_BY_DATA,venues.publication_status=published AND venues.jobs non-empty,"publish job-tagged venues, or provide read-only aggregate coverage counts per district/job","venue selection requires published venues with jobs tags; observed fixture has total=53, published=0, with_jobs=0, districts=[nusa-dua|tanjung-benoa]; .env.local absent so no live Supabase read is possible. Coverage was not observed and must not be inferred.",2026-07-29T18:47:12.866Z,other-bali-intent-os-autopilot,OB-INT-0001..0200@2026-07-29
OB-CAN-0011,Choose a romantic dinner in Ubud,LOW,venues.publication_status;venues.jobs;venues.district;venues.name;venues.slug,fixture total=53;published=0;with_jobs=0;districts=nusa-dua|tanjung-benoa;supabase_configured=false,BLOCKED_BY_DATA,venues.publication_status=published AND venues.jobs non-empty,"publish job-tagged venues, or provide read-only aggregate coverage counts per district/job","venue selection requires published venues with jobs tags; observed fixture has total=53, published=0, with_jobs=0, districts=[nusa-dua|tanjung-benoa]; .env.local absent so no live Supabase read is possible. Coverage was not observed and must not be inferred.",2026-07-29T18:47:12.866Z,other-bali-intent-os-autopilot,OB-INT-0001..0200@2026-07-29
OB-CAN-0012,Choose a special-occasion / birthday dinner,LOW,venues.publication_status;venues.jobs;venues.district;venues.name;venues.slug,fixture total=53;published=0;with_jobs=0;districts=nusa-dua|tanjung-benoa;supabase_configured=false,BLOCKED_BY_DATA,venues.publication_status=published AND venues.jobs non-empty,"publish job-tagged venues, or provide read-only aggregate coverage counts per district/job","venue selection requires published venues with jobs tags; observed fixture has total=53, published=0, with_jobs=0, districts=[nusa-dua|tanjung-benoa]; .env.local absent so no live Supabase read is possible. Coverage was not observed and must not be inferred.",2026-07-29T18:47:12.866Z,other-bali-intent-os-autopilot,OB-INT-0001..0200@2026-07-29
OB-CAN-0013,Find a dinner spot without loud music,LOW,venues.publication_status;venues.jobs;venues.district;venues.name;venues.slug,fixture total=53;published=0;with_jobs=0;districts=nusa-dua|tanjung-benoa;supabase_configured=false,BLOCKED_BY_DATA,venues.publication_status=published AND venues.jobs non-empty,"publish job-tagged venues, or provide read-only aggregate coverage counts per district/job","venue selection requires published venues with jobs tags; observed fixture has total=53, published=0, with_jobs=0, districts=[nusa-dua|tanjung-benoa]; .env.local absent so no live Supabase read is possible. Coverage was not observed and must not be inferred.",2026-07-29T18:47:12.866Z,other-bali-intent-os-autopilot,OB-INT-0001..0200@2026-07-29
OB-CAN-0014,Find a fine-dining tasting-menu experience,LOW,venues.publication_status;venues.jobs;venues.district;venues.name;venues.slug,fixture total=53;published=0;with_jobs=0;districts=nusa-dua|tanjung-benoa;supabase_configured=false,BLOCKED_BY_DATA,venues.publication_status=published AND venues.jobs non-empty,"publish job-tagged venues, or provide read-only aggregate coverage counts per district/job","venue selection requires published venues with jobs tags; observed fixture has total=53, published=0, with_jobs=0, districts=[nusa-dua|tanjung-benoa]; .env.local absent so no live Supabase read is possible. Coverage was not observed and must not be inferred.",2026-07-29T18:47:12.866Z,other-bali-intent-os-autopilot,OB-INT-0001..0200@2026-07-29
OB-CAN-0015,Eat after midnight in Canggu,LOW,venues.publication_status;venues.jobs;venues.district;venues.name;venues.slug,fixture total=53;published=0;with_jobs=0;districts=nusa-dua|tanjung-benoa;supabase_configured=false,BLOCKED_BY_DATA,venues.publication_status=published AND venues.jobs non-empty,"publish job-tagged venues, or provide read-only aggregate coverage counts per district/job","venue selection requires published venues with jobs tags; observed fixture has total=53, published=0, with_jobs=0, districts=[nusa-dua|tanjung-benoa]; .env.local absent so no live Supabase read is possible. Coverage was not observed and must not be inferred.",2026-07-29T18:47:12.866Z,other-bali-intent-os-autopilot,OB-INT-0001..0200@2026-07-29
OB-CAN-0016,Find a really good specialty coffee shop,LOW,venues.publication_status;venues.jobs;venues.district;venues.name;venues.slug,fixture total=53;published=0;with_jobs=0;districts=nusa-dua|tanjung-benoa;supabase_configured=false,BLOCKED_BY_DATA,venues.publication_status=published AND venues.jobs non-empty,"publish job-tagged venues, or provide read-only aggregate coverage counts per district/job","venue selection requires published venues with jobs tags; observed fixture has total=53, published=0, with_jobs=0, districts=[nusa-dua|tanjung-benoa]; .env.local absent so no live Supabase read is possible. Coverage was not observed and must not be inferred.",2026-07-29T18:47:12.866Z,other-bali-intent-os-autopilot,OB-INT-0001..0200@2026-07-29
OB-CAN-0017,Find quiet cafe suitable for Zoom / video calls,LOW,venues.publication_status;venues.jobs;venues.district;venues.name;venues.slug,fixture total=53;published=0;with_jobs=0;districts=nusa-dua|tanjung-benoa;supabase_configured=false,BLOCKED_BY_DATA,venues.publication_status=published AND venues.jobs non-empty,"publish job-tagged venues, or provide read-only aggregate coverage counts per district/job","venue selection requires published venues with jobs tags; observed fixture has total=53, published=0, with_jobs=0, districts=[nusa-dua|tanjung-benoa]; .env.local absent so no live Supabase read is possible. Coverage was not observed and must not be inferred.",2026-07-29T18:47:12.866Z,other-bali-intent-os-autopilot,OB-INT-0001..0200@2026-07-29
OB-CAN-0018,Find laptop-friendly cafe with power outlets and fast Wi-Fi,LOW,venues.publication_status;venues.jobs;venues.district;venues.name;venues.slug,fixture total=53;published=0;with_jobs=0;districts=nusa-dua|tanjung-benoa;supabase_configured=false,BLOCKED_BY_DATA,venues.publication_status=published AND venues.jobs non-empty,"publish job-tagged venues, or provide read-only aggregate coverage counts per district/job","venue selection requires published venues with jobs tags; observed fixture has total=53, published=0, with_jobs=0, districts=[nusa-dua|tanjung-benoa]; .env.local absent so no live Supabase read is possible. Coverage was not observed and must not be inferred.",2026-07-29T18:47:12.866Z,other-bali-intent-os-autopilot,OB-INT-0001..0200@2026-07-29
OB-CAN-0019,"Buy a coworking day pass (drop-in, no membership)",OPERATIONAL,venues.publication_status;venues.jobs;venues.district;venues.name;venues.slug,fixture total=53;published=0;with_jobs=0;districts=nusa-dua|tanjung-benoa;supabase_configured=false,BLOCKED_BY_DATA,venues.publication_status=published AND venues.jobs non-empty,"publish job-tagged venues, or provide read-only aggregate coverage counts per district/job","venue selection requires published venues with jobs tags; observed fixture has total=53, published=0, with_jobs=0, districts=[nusa-dua|tanjung-benoa]; .env.local absent so no live Supabase read is possible. Coverage was not observed and must not be inferred.",2026-07-29T18:47:12.866Z,other-bali-intent-os-autopilot,OB-INT-0001..0200@2026-07-29
OB-CAN-0020,Choose a sunset dinner in Uluwatu,LOW,venues.publication_status;venues.jobs;venues.district;venues.name;venues.slug,fixture total=53;published=0;with_jobs=0;districts=nusa-dua|tanjung-benoa;supabase_configured=false,BLOCKED_BY_DATA,venues.publication_status=published AND venues.jobs non-empty,"publish job-tagged venues, or provide read-only aggregate coverage counts per district/job","venue selection requires published venues with jobs tags; observed fixture has total=53, published=0, with_jobs=0, districts=[nusa-dua|tanjung-benoa]; .env.local absent so no live Supabase read is possible. Coverage was not observed and must not be inferred.",2026-07-29T18:47:12.866Z,other-bali-intent-os-autopilot,OB-INT-0001..0200@2026-07-29
OB-CAN-0021,Find a quiet sunset spot away from big beach clubs,LOW,venues.publication_status;venues.jobs;venues.district;venues.name;venues.slug,fixture total=53;published=0;with_jobs=0;districts=nusa-dua|tanjung-benoa;supabase_configured=false,BLOCKED_BY_DATA,venues.publication_status=published AND venues.jobs non-empty,"publish job-tagged venues, or provide read-only aggregate coverage counts per district/job","venue selection requires published venues with jobs tags; observed fixture has total=53, published=0, with_jobs=0, districts=[nusa-dua|tanjung-benoa]; .env.local absent so no live Supabase read is possible. Coverage was not observed and must not be inferred.",2026-07-29T18:47:12.866Z,other-bali-intent-os-autopilot,OB-INT-0001..0200@2026-07-29
OB-CAN-0022,Find sunset spot with sunset happy-hour cocktails,LOW,venues.publication_status;venues.jobs;venues.district;venues.name;venues.slug,fixture total=53;published=0;with_jobs=0;districts=nusa-dua|tanjung-benoa;supabase_configured=false,BLOCKED_BY_DATA,venues.publication_status=published AND venues.jobs non-empty,"publish job-tagged venues, or provide read-only aggregate coverage counts per district/job","venue selection requires published venues with jobs tags; observed fixture has total=53, published=0, with_jobs=0, districts=[nusa-dua|tanjung-benoa]; .env.local absent so no live Supabase read is possible. Coverage was not observed and must not be inferred.",2026-07-29T18:47:12.866Z,other-bali-intent-os-autopilot,OB-INT-0001..0200@2026-07-29
OB-CAN-0023,Do Mount Batur sunrise trek,LOW,venues.publication_status;venues.jobs;venues.district;venues.name;venues.slug,fixture total=53;published=0;with_jobs=0;districts=nusa-dua|tanjung-benoa;supabase_configured=false,BLOCKED_BY_DATA,venues.publication_status=published AND venues.jobs non-empty,"publish job-tagged venues, or provide read-only aggregate coverage counts per district/job","venue selection requires published venues with jobs tags; observed fixture has total=53, published=0, with_jobs=0, districts=[nusa-dua|tanjung-benoa]; .env.local absent so no live Supabase read is possible. Coverage was not observed and must not be inferred.",2026-07-29T18:47:12.866Z,other-bali-intent-os-autopilot,OB-INT-0001..0200@2026-07-29
OB-CAN-0024,Watch sunrise at Sanur beach walk,LOW,venues.publication_status;venues.jobs;venues.district;venues.name;venues.slug,fixture total=53;published=0;with_jobs=0;districts=nusa-dua|tanjung-benoa;supabase_configured=false,BLOCKED_BY_DATA,venues.publication_status=published AND venues.jobs non-empty,"publish job-tagged venues, or provide read-only aggregate coverage counts per district/job","venue selection requires published venues with jobs tags; observed fixture has total=53, published=0, with_jobs=0, districts=[nusa-dua|tanjung-benoa]; .env.local absent so no live Supabase read is possible. Coverage was not observed and must not be inferred.",2026-07-29T18:47:12.866Z,other-bali-intent-os-autopilot,OB-INT-0001..0200@2026-07-29
OB-CAN-0025,Find what to do in Bali on a rainy day,LOW,venues.publication_status;venues.jobs;venues.district;venues.name;venues.slug,fixture total=53;published=0;with_jobs=0;districts=nusa-dua|tanjung-benoa;supabase_configured=false,BLOCKED_BY_DATA,venues.publication_status=published AND venues.jobs non-empty,"publish job-tagged venues, or provide read-only aggregate coverage counts per district/job","venue selection requires published venues with jobs tags; observed fixture has total=53, published=0, with_jobs=0, districts=[nusa-dua|tanjung-benoa]; .env.local absent so no live Supabase read is possible. Coverage was not observed and must not be inferred.",2026-07-29T18:47:12.866Z,other-bali-intent-os-autopilot,OB-INT-0001..0200@2026-07-29
OB-CAN-0026,Find family cafe / restaurant with kids' play area,LOW,venues.publication_status;venues.jobs;venues.district;venues.name;venues.slug,fixture total=53;published=0;with_jobs=0;districts=nusa-dua|tanjung-benoa;supabase_configured=false,BLOCKED_BY_DATA,venues.publication_status=published AND venues.jobs non-empty,"publish job-tagged venues, or provide read-only aggregate coverage counts per district/job","venue selection requires published venues with jobs tags; observed fixture has total=53, published=0, with_jobs=0, districts=[nusa-dua|tanjung-benoa]; .env.local absent so no live Supabase read is possible. Coverage was not observed and must not be inferred.",2026-07-29T18:47:12.866Z,other-bali-intent-os-autopilot,OB-INT-0001..0200@2026-07-29
OB-CAN-0027,Choose Canggu vs Sanur for first trip with young kids,LOW,venues.publication_status;venues.jobs;venues.district;venues.name;venues.slug,fixture total=53;published=0;with_jobs=0;districts=nusa-dua|tanjung-benoa;supabase_configured=false,BLOCKED_BY_DATA,venues.publication_status=published AND venues.jobs non-empty,"publish job-tagged venues, or provide read-only aggregate coverage counts per district/job","venue selection requires published venues with jobs tags; observed fixture has total=53, published=0, with_jobs=0, districts=[nusa-dua|tanjung-benoa]; .env.local absent so no live Supabase read is possible. Coverage was not observed and must not be inferred.",2026-07-29T18:47:12.866Z,other-bali-intent-os-autopilot,OB-INT-0001..0200@2026-07-29
OB-CAN-0028,Spend a day at Waterbom Bali with kids,LOW,venues.publication_status;venues.name;venues.slug,fixture total=53;published=0;with_jobs=0;districts=nusa-dua|tanjung-benoa;supabase_configured=false,BLOCKED_BY_DATA,venues.publication_status=published AND venues.jobs non-empty,"publish job-tagged venues, or provide read-only aggregate coverage counts per district/job","venue selection requires published venues with jobs tags; observed fixture has total=53, published=0, with_jobs=0, districts=[nusa-dua|tanjung-benoa]; .env.local absent so no live Supabase read is possible. Coverage was not observed and must not be inferred.",2026-07-29T18:47:12.866Z,other-bali-intent-os-autopilot,OB-INT-0001..0200@2026-07-29
OB-CAN-0029,Book a couples spa treatment,LOW,venues.publication_status;venues.jobs;venues.district;venues.name;venues.slug,fixture total=53;published=0;with_jobs=0;districts=nusa-dua|tanjung-benoa;supabase_configured=false,BLOCKED_BY_DATA,venues.publication_status=published AND venues.jobs non-empty,"publish job-tagged venues, or provide read-only aggregate coverage counts per district/job","venue selection requires published venues with jobs tags; observed fixture has total=53, published=0, with_jobs=0, districts=[nusa-dua|tanjung-benoa]; .env.local absent so no live Supabase read is possible. Coverage was not observed and must not be inferred.",2026-07-29T18:47:12.866Z,other-bali-intent-os-autopilot,OB-INT-0001..0200@2026-07-29
OB-CAN-0030,Have a private-chef in-villa dinner for two,LOW,venues.publication_status;venues.jobs;venues.district;venues.name;venues.slug,fixture total=53;published=0;with_jobs=0;districts=nusa-dua|tanjung-benoa;supabase_configured=false,BLOCKED_BY_DATA,venues.publication_status=published AND venues.jobs non-empty,"publish job-tagged venues, or provide read-only aggregate coverage counts per district/job","venue selection requires published venues with jobs tags; observed fixture has total=53, published=0, with_jobs=0, districts=[nusa-dua|tanjung-benoa]; .env.local absent so no live Supabase read is possible. Coverage was not observed and must not be inferred.",2026-07-29T18:47:12.866Z,other-bali-intent-os-autopilot,OB-INT-0001..0200@2026-07-29
OB-CAN-0031,Find a private / secluded spot to propose,LOW,venues.publication_status;venues.jobs;venues.district;venues.name;venues.slug,fixture total=53;published=0;with_jobs=0;districts=nusa-dua|tanjung-benoa;supabase_configured=false,BLOCKED_BY_DATA,venues.publication_status=published AND venues.jobs non-empty,"publish job-tagged venues, or provide read-only aggregate coverage counts per district/job","venue selection requires published venues with jobs tags; observed fixture has total=53, published=0, with_jobs=0, districts=[nusa-dua|tanjung-benoa]; .env.local absent so no live Supabase read is possible. Coverage was not observed and must not be inferred.",2026-07-29T18:47:12.866Z,other-bali-intent-os-autopilot,OB-INT-0001..0200@2026-07-29
OB-CAN-0032,Hire a proposal / engagement photographer in Bali,LOW,venues.publication_status;venues.jobs;venues.district;venues.name;venues.slug,fixture total=53;published=0;with_jobs=0;districts=nusa-dua|tanjung-benoa;supabase_configured=false,BLOCKED_BY_DATA,venues.publication_status=published AND venues.jobs non-empty,"publish job-tagged venues, or provide read-only aggregate coverage counts per district/job","venue selection requires published venues with jobs tags; observed fixture has total=53, published=0, with_jobs=0, districts=[nusa-dua|tanjung-benoa]; .env.local absent so no live Supabase read is possible. Coverage was not observed and must not be inferred.",2026-07-29T18:47:12.866Z,other-bali-intent-os-autopilot,OB-INT-0001..0200@2026-07-29
OB-CAN-0033,Feel safe as a solo female traveller,SAFETY,authoritative_source;reviewed_by;reviewed_at,fixture total=53;published=0;with_jobs=0;districts=nusa-dua|tanjung-benoa;supabase_configured=false,HIGH_RISK_NOT_READY,authoritative_source;reviewed_by;reviewed_at,owner authority + authoritative answer evidence required before any publication,risk_class=SAFETY: 04_AUTONOMOUS_DECISION_POLICY.yaml risk_policy sets auto_build_allowed=false and publication_status=RESEARCH_ONLY for SAFETY/MEDICAL/LEGAL_REGULATORY,2026-07-29T18:47:12.866Z,other-bali-intent-os-autopilot,OB-INT-0001..0200@2026-07-29
OB-CAN-0034,Find social coworking to meet people as a solo nomad,LOW,venues.publication_status;venues.jobs;venues.district;venues.name;venues.slug,fixture total=53;published=0;with_jobs=0;districts=nusa-dua|tanjung-benoa;supabase_configured=false,BLOCKED_BY_DATA,venues.publication_status=published AND venues.jobs non-empty,"publish job-tagged venues, or provide read-only aggregate coverage counts per district/job","venue selection requires published venues with jobs tags; observed fixture has total=53, published=0, with_jobs=0, districts=[nusa-dua|tanjung-benoa]; .env.local absent so no live Supabase read is possible. Coverage was not observed and must not be inferred.",2026-07-29T18:47:12.866Z,other-bali-intent-os-autopilot,OB-INT-0001..0200@2026-07-29
OB-CAN-0035,Book a solo yoga retreat in Ubud,LOW,venues.publication_status;venues.jobs;venues.district;venues.name;venues.slug,fixture total=53;published=0;with_jobs=0;districts=nusa-dua|tanjung-benoa;supabase_configured=false,BLOCKED_BY_DATA,venues.publication_status=published AND venues.jobs non-empty,"publish job-tagged venues, or provide read-only aggregate coverage counts per district/job","venue selection requires published venues with jobs tags; observed fixture has total=53, published=0, with_jobs=0, districts=[nusa-dua|tanjung-benoa]; .env.local absent so no live Supabase read is possible. Coverage was not observed and must not be inferred.",2026-07-29T18:47:12.866Z,other-bali-intent-os-autopilot,OB-INT-0001..0200@2026-07-29
OB-CAN-0036,Find a big party villa for a bachelorette / birthday group,LOW,venues.publication_status;venues.jobs;venues.district;venues.name;venues.slug,fixture total=53;published=0;with_jobs=0;districts=nusa-dua|tanjung-benoa;supabase_configured=false,BLOCKED_BY_DATA,venues.publication_status=published AND venues.jobs non-empty,"publish job-tagged venues, or provide read-only aggregate coverage counts per district/job","venue selection requires published venues with jobs tags; observed fixture has total=53, published=0, with_jobs=0, districts=[nusa-dua|tanjung-benoa]; .env.local absent so no live Supabase read is possible. Coverage was not observed and must not be inferred.",2026-07-29T18:47:12.866Z,other-bali-intent-os-autopilot,OB-INT-0001..0200@2026-07-29
OB-CAN-0037,Book bottomless Sunday brunch for a group,LOW,venues.publication_status;venues.jobs;venues.district;venues.name;venues.slug,fixture total=53;published=0;with_jobs=0;districts=nusa-dua|tanjung-benoa;supabase_configured=false,BLOCKED_BY_DATA,venues.publication_status=published AND venues.jobs non-empty,"publish job-tagged venues, or provide read-only aggregate coverage counts per district/job","venue selection requires published venues with jobs tags; observed fixture has total=53, published=0, with_jobs=0, districts=[nusa-dua|tanjung-benoa]; .env.local absent so no live Supabase read is possible. Coverage was not observed and must not be inferred.",2026-07-29T18:47:12.866Z,other-bali-intent-os-autopilot,OB-INT-0001..0200@2026-07-29
OB-CAN-0038,Book a Balinese traditional massage / spa in Ubud,LOW,venues.publication_status;venues.jobs;venues.district;venues.name;venues.slug,fixture total=53;published=0;with_jobs=0;districts=nusa-dua|tanjung-benoa;supabase_configured=false,BLOCKED_BY_DATA,venues.publication_status=published AND venues.jobs non-empty,"publish job-tagged venues, or provide read-only aggregate coverage counts per district/job","venue selection requires published venues with jobs tags; observed fixture has total=53, published=0, with_jobs=0, districts=[nusa-dua|tanjung-benoa]; .env.local absent so no live Supabase read is possible. Coverage was not observed and must not be inferred.",2026-07-29T18:47:12.866Z,other-bali-intent-os-autopilot,OB-INT-0001..0200@2026-07-29
OB-CAN-0039,Find affordable clean 1-hour massage anywhere,LOW,venues.publication_status;venues.jobs;venues.district;venues.name;venues.slug,fixture total=53;published=0;with_jobs=0;districts=nusa-dua|tanjung-benoa;supabase_configured=false,BLOCKED_BY_DATA,venues.publication_status=published AND venues.jobs non-empty,"publish job-tagged venues, or provide read-only aggregate coverage counts per district/job","venue selection requires published venues with jobs tags; observed fixture has total=53, published=0, with_jobs=0, districts=[nusa-dua|tanjung-benoa]; .env.local absent so no live Supabase read is possible. Coverage was not observed and must not be inferred.",2026-07-29T18:47:12.866Z,other-bali-intent-os-autopilot,OB-INT-0001..0200@2026-07-29
OB-CAN-0040,Find safe swimming beach in Sanur for calm water,LOW,venues.publication_status;venues.jobs;venues.district;venues.name;venues.slug,fixture total=53;published=0;with_jobs=0;districts=nusa-dua|tanjung-benoa;supabase_configured=false,BLOCKED_BY_DATA,venues.publication_status=published AND venues.jobs non-empty,"publish job-tagged venues, or provide read-only aggregate coverage counts per district/job","venue selection requires published venues with jobs tags; observed fixture has total=53, published=0, with_jobs=0, districts=[nusa-dua|tanjung-benoa]; .env.local absent so no live Supabase read is possible. Coverage was not observed and must not be inferred.",2026-07-29T18:47:12.866Z,other-bali-intent-os-autopilot,OB-INT-0001..0200@2026-07-29
OB-CAN-0041,Pick a beach club for chill day (not party),LOW,venues.publication_status;venues.jobs;venues.district;venues.name;venues.slug,fixture total=53;published=0;with_jobs=0;districts=nusa-dua|tanjung-benoa;supabase_configured=false,BLOCKED_BY_DATA,venues.publication_status=published AND venues.jobs non-empty,"publish job-tagged venues, or provide read-only aggregate coverage counts per district/job","venue selection requires published venues with jobs tags; observed fixture has total=53, published=0, with_jobs=0, districts=[nusa-dua|tanjung-benoa]; .env.local absent so no live Supabase read is possible. Coverage was not observed and must not be inferred.",2026-07-29T18:47:12.866Z,other-bali-intent-os-autopilot,OB-INT-0001..0200@2026-07-29
OB-CAN-0042,Buy a hotel day pass (pool for non-guests),OPERATIONAL,venues.publication_status;venues.jobs;venues.district;venues.name;venues.slug,fixture total=53;published=0;with_jobs=0;districts=nusa-dua|tanjung-benoa;supabase_configured=false,BLOCKED_BY_DATA,venues.publication_status=published AND venues.jobs non-empty,"publish job-tagged venues, or provide read-only aggregate coverage counts per district/job","venue selection requires published venues with jobs tags; observed fixture has total=53, published=0, with_jobs=0, districts=[nusa-dua|tanjung-benoa]; .env.local absent so no live Supabase read is possible. Coverage was not observed and must not be inferred.",2026-07-29T18:47:12.866Z,other-bali-intent-os-autopilot,OB-INT-0001..0200@2026-07-29
OB-CAN-0043,Learn to surf as a beginner (safe waves),LOW,venues.publication_status;venues.jobs;venues.district;venues.name;venues.slug,fixture total=53;published=0;with_jobs=0;districts=nusa-dua|tanjung-benoa;supabase_configured=false,BLOCKED_BY_DATA,venues.publication_status=published AND venues.jobs non-empty,"publish job-tagged venues, or provide read-only aggregate coverage counts per district/job","venue selection requires published venues with jobs tags; observed fixture has total=53, published=0, with_jobs=0, districts=[nusa-dua|tanjung-benoa]; .env.local absent so no live Supabase read is possible. Coverage was not observed and must not be inferred.",2026-07-29T18:47:12.866Z,other-bali-intent-os-autopilot,OB-INT-0001..0200@2026-07-29
OB-CAN-0044,Post-surf smoothie / brunch spot near the break,LOW,venues.publication_status;venues.jobs;venues.district;venues.name;venues.slug,fixture total=53;published=0;with_jobs=0;districts=nusa-dua|tanjung-benoa;supabase_configured=false,BLOCKED_BY_DATA,venues.publication_status=published AND venues.jobs non-empty,"publish job-tagged venues, or provide read-only aggregate coverage counts per district/job","venue selection requires published venues with jobs tags; observed fixture has total=53, published=0, with_jobs=0, districts=[nusa-dua|tanjung-benoa]; .env.local absent so no live Supabase read is possible. Coverage was not observed and must not be inferred.",2026-07-29T18:47:12.866Z,other-bali-intent-os-autopilot,OB-INT-0001..0200@2026-07-29
OB-CAN-0045,See major Bali waterfalls in a single day trip,LOW,venues.publication_status;venues.jobs;venues.district;venues.name;venues.slug,fixture total=53;published=0;with_jobs=0;districts=nusa-dua|tanjung-benoa;supabase_configured=false,BLOCKED_BY_DATA,venues.publication_status=published AND venues.jobs non-empty,"publish job-tagged venues, or provide read-only aggregate coverage counts per district/job","venue selection requires published venues with jobs tags; observed fixture has total=53, published=0, with_jobs=0, districts=[nusa-dua|tanjung-benoa]; .env.local absent so no live Supabase read is possible. Coverage was not observed and must not be inferred.",2026-07-29T18:47:12.866Z,other-bali-intent-os-autopilot,OB-INT-0001..0200@2026-07-29
OB-CAN-0046,Understand temple dress code before visit,LOW,editorial_source;verified_at,fixture total=53;published=0;with_jobs=0;districts=nusa-dua|tanjung-benoa;supabase_configured=false,NEEDS_ENRICHMENT,editorial_source;verified_at,create sourced editorial record with capture date,editorial topic requires a sourced editorial record with verified_at; no such record observed in repository,2026-07-29T18:47:12.866Z,other-bali-intent-os-autopilot,OB-INT-0001..0200@2026-07-29
OB-CAN-0047,Watch Kecak fire dance at Uluwatu Temple,LOW,venues.publication_status;venues.jobs;venues.district;venues.name;venues.slug,fixture total=53;published=0;with_jobs=0;districts=nusa-dua|tanjung-benoa;supabase_configured=false,BLOCKED_BY_DATA,venues.publication_status=published AND venues.jobs non-empty,"publish job-tagged venues, or provide read-only aggregate coverage counts per district/job","venue selection requires published venues with jobs tags; observed fixture has total=53, published=0, with_jobs=0, districts=[nusa-dua|tanjung-benoa]; .env.local absent so no live Supabase read is possible. Coverage was not observed and must not be inferred.",2026-07-29T18:47:12.866Z,other-bali-intent-os-autopilot,OB-INT-0001..0200@2026-07-29
OB-CAN-0048,Take an authentic Balinese cooking class,LOW,venues.publication_status;venues.jobs;venues.district;venues.name;venues.slug,fixture total=53;published=0;with_jobs=0;districts=nusa-dua|tanjung-benoa;supabase_configured=false,BLOCKED_BY_DATA,venues.publication_status=published AND venues.jobs non-empty,"publish job-tagged venues, or provide read-only aggregate coverage counts per district/job","venue selection requires published venues with jobs tags; observed fixture has total=53, published=0, with_jobs=0, districts=[nusa-dua|tanjung-benoa]; .env.local absent so no live Supabase read is possible. Coverage was not observed and must not be inferred.",2026-07-29T18:47:12.866Z,other-bali-intent-os-autopilot,OB-INT-0001..0200@2026-07-29
OB-CAN-0049,Do a day trip to Nusa Penida from mainland,LOW,venues.publication_status;venues.jobs;venues.district;venues.name;venues.slug,fixture total=53;published=0;with_jobs=0;districts=nusa-dua|tanjung-benoa;supabase_configured=false,BLOCKED_BY_DATA,venues.publication_status=published AND venues.jobs non-empty,"publish job-tagged venues, or provide read-only aggregate coverage counts per district/job","venue selection requires published venues with jobs tags; observed fixture has total=53, published=0, with_jobs=0, districts=[nusa-dua|tanjung-benoa]; .env.local absent so no live Supabase read is possible. Coverage was not observed and must not be inferred.",2026-07-29T18:47:12.866Z,other-bali-intent-os-autopilot,OB-INT-0001..0200@2026-07-29
OB-CAN-0050,Go snorkelling / diving in Amed or Nusa Lembongan,LOW,venues.publication_status;venues.jobs;venues.district;venues.name;venues.slug,fixture total=53;published=0;with_jobs=0;districts=nusa-dua|tanjung-benoa;supabase_configured=false,BLOCKED_BY_DATA,venues.publication_status=published AND venues.jobs non-empty,"publish job-tagged venues, or provide read-only aggregate coverage counts per district/job","venue selection requires published venues with jobs tags; observed fixture has total=53, published=0, with_jobs=0, districts=[nusa-dua|tanjung-benoa]; .env.local absent so no live Supabase read is possible. Coverage was not observed and must not be inferred.",2026-07-29T18:47:12.866Z,other-bali-intent-os-autopilot,OB-INT-0001..0200@2026-07-29
OB-CAN-0051,Do a one-day Ubud loop (rice terrace + waterfall + temple),LOW,venues.publication_status;venues.jobs;venues.district;venues.name;venues.slug,fixture total=53;published=0;with_jobs=0;districts=nusa-dua|tanjung-benoa;supabase_configured=false,BLOCKED_BY_DATA,venues.publication_status=published AND venues.jobs non-empty,"publish job-tagged venues, or provide read-only aggregate coverage counts per district/job","venue selection requires published venues with jobs tags; observed fixture has total=53, published=0, with_jobs=0, districts=[nusa-dua|tanjung-benoa]; .env.local absent so no live Supabase read is possible. Coverage was not observed and must not be inferred.",2026-07-29T18:47:12.866Z,other-bali-intent-os-autopilot,OB-INT-0001..0200@2026-07-29
OB-CAN-0052,Pick luxury honeymoon villa with private pool,LOW,venues.publication_status;venues.jobs;venues.district;venues.name;venues.slug,fixture total=53;published=0;with_jobs=0;districts=nusa-dua|tanjung-benoa;supabase_configured=false,BLOCKED_BY_DATA,venues.publication_status=published AND venues.jobs non-empty,"publish job-tagged venues, or provide read-only aggregate coverage counts per district/job","venue selection requires published venues with jobs tags; observed fixture has total=53, published=0, with_jobs=0, districts=[nusa-dua|tanjung-benoa]; .env.local absent so no live Supabase read is possible. Coverage was not observed and must not be inferred.",2026-07-29T18:47:12.866Z,other-bali-intent-os-autopilot,OB-INT-0001..0200@2026-07-29
OB-CAN-0053,Book Locavore NXT / Apéritif tasting-menu experience,LOW,venues.publication_status;venues.name;venues.slug,fixture total=53;published=0;with_jobs=0;districts=nusa-dua|tanjung-benoa;supabase_configured=false,BLOCKED_BY_DATA,venues.publication_status=published AND venues.jobs non-empty,"publish job-tagged venues, or provide read-only aggregate coverage counts per district/job","venue selection requires published venues with jobs tags; observed fixture has total=53, published=0, with_jobs=0, districts=[nusa-dua|tanjung-benoa]; .env.local absent so no live Supabase read is possible. Coverage was not observed and must not be inferred.",2026-07-29T18:47:12.866Z,other-bali-intent-os-autopilot,OB-INT-0001..0200@2026-07-29
OB-CAN-0054,Travel Bali on a tight daily budget,OPERATIONAL,venues.publication_status;venues.jobs;venues.district;venues.name;venues.slug,fixture total=53;published=0;with_jobs=0;districts=nusa-dua|tanjung-benoa;supabase_configured=false,BLOCKED_BY_DATA,venues.publication_status=published AND venues.jobs non-empty,"publish job-tagged venues, or provide read-only aggregate coverage counts per district/job","venue selection requires published venues with jobs tags; observed fixture has total=53, published=0, with_jobs=0, districts=[nusa-dua|tanjung-benoa]; .env.local absent so no live Supabase read is possible. Coverage was not observed and must not be inferred.",2026-07-29T18:47:12.866Z,other-bali-intent-os-autopilot,OB-INT-0001..0200@2026-07-29
OB-CAN-0055,Find warungs where locals actually eat (cheap authentic),OPERATIONAL,venues.publication_status;venues.jobs;venues.district;venues.name;venues.slug,fixture total=53;published=0;with_jobs=0;districts=nusa-dua|tanjung-benoa;supabase_configured=false,BLOCKED_BY_DATA,venues.publication_status=published AND venues.jobs non-empty,"publish job-tagged venues, or provide read-only aggregate coverage counts per district/job","venue selection requires published venues with jobs tags; observed fixture has total=53, published=0, with_jobs=0, districts=[nusa-dua|tanjung-benoa]; .env.local absent so no live Supabase read is possible. Coverage was not observed and must not be inferred.",2026-07-29T18:47:12.866Z,other-bali-intent-os-autopilot,OB-INT-0001..0200@2026-07-29
OB-CAN-0056,Find vegan restaurants in Ubud,LOW,venues.publication_status;venues.jobs;venues.district;venues.name;venues.slug,fixture total=53;published=0;with_jobs=0;districts=nusa-dua|tanjung-benoa;supabase_configured=false,BLOCKED_BY_DATA,venues.publication_status=published AND venues.jobs non-empty,"publish job-tagged venues, or provide read-only aggregate coverage counts per district/job","venue selection requires published venues with jobs tags; observed fixture has total=53, published=0, with_jobs=0, districts=[nusa-dua|tanjung-benoa]; .env.local absent so no live Supabase read is possible. Coverage was not observed and must not be inferred.",2026-07-29T18:47:12.866Z,other-bali-intent-os-autopilot,OB-INT-0001..0200@2026-07-29
OB-CAN-0057,Find açaí / smoothie bowls in Bali,LOW,venues.publication_status;venues.jobs;venues.district;venues.name;venues.slug,fixture total=53;published=0;with_jobs=0;districts=nusa-dua|tanjung-benoa;supabase_configured=false,BLOCKED_BY_DATA,venues.publication_status=published AND venues.jobs non-empty,"publish job-tagged venues, or provide read-only aggregate coverage counts per district/job","venue selection requires published venues with jobs tags; observed fixture has total=53, published=0, with_jobs=0, districts=[nusa-dua|tanjung-benoa]; .env.local absent so no live Supabase read is possible. Coverage was not observed and must not be inferred.",2026-07-29T18:47:12.866Z,other-bali-intent-os-autopilot,OB-INT-0001..0200@2026-07-29
OB-CAN-0058,Find gluten-free / celiac-safe restaurants,LOW,venues.publication_status;venues.jobs;venues.district;venues.name;venues.slug,fixture total=53;published=0;with_jobs=0;districts=nusa-dua|tanjung-benoa;supabase_configured=false,BLOCKED_BY_DATA,venues.publication_status=published AND venues.jobs non-empty,"publish job-tagged venues, or provide read-only aggregate coverage counts per district/job","venue selection requires published venues with jobs tags; observed fixture has total=53, published=0, with_jobs=0, districts=[nusa-dua|tanjung-benoa]; .env.local absent so no live Supabase read is possible. Coverage was not observed and must not be inferred.",2026-07-29T18:47:12.866Z,other-bali-intent-os-autopilot,OB-INT-0001..0200@2026-07-29
OB-CAN-0059,Find halal restaurants for Muslim travellers,LOW,venues.publication_status;venues.jobs;venues.district;venues.name;venues.slug,fixture total=53;published=0;with_jobs=0;districts=nusa-dua|tanjung-benoa;supabase_configured=false,BLOCKED_BY_DATA,venues.publication_status=published AND venues.jobs non-empty,"publish job-tagged venues, or provide read-only aggregate coverage counts per district/job","venue selection requires published venues with jobs tags; observed fixture has total=53, published=0, with_jobs=0, districts=[nusa-dua|tanjung-benoa]; .env.local absent so no live Supabase read is possible. Coverage was not observed and must not be inferred.",2026-07-29T18:47:12.866Z,other-bali-intent-os-autopilot,OB-INT-0001..0200@2026-07-29
OB-CAN-0060,Find wheelchair-accessible places in Bali (limited),LOW,venues.publication_status;venues.jobs;venues.district;venues.name;venues.slug,fixture total=53;published=0;with_jobs=0;districts=nusa-dua|tanjung-benoa;supabase_configured=false,BLOCKED_BY_DATA,venues.publication_status=published AND venues.jobs non-empty,"publish job-tagged venues, or provide read-only aggregate coverage counts per district/job","venue selection requires published venues with jobs tags; observed fixture has total=53, published=0, with_jobs=0, districts=[nusa-dua|tanjung-benoa]; .env.local absent so no live Supabase read is possible. Coverage was not observed and must not be inferred.",2026-07-29T18:47:12.866Z,other-bali-intent-os-autopilot,OB-INT-0001..0200@2026-07-29
OB-CAN-0061,"Travel with elderly parents in Sanur (walkable, flat)",LOW,venues.publication_status;venues.jobs;venues.district;venues.name;venues.slug,fixture total=53;published=0;with_jobs=0;districts=nusa-dua|tanjung-benoa;supabase_configured=false,BLOCKED_BY_DATA,venues.publication_status=published AND venues.jobs non-empty,"publish job-tagged venues, or provide read-only aggregate coverage counts per district/job","venue selection requires published venues with jobs tags; observed fixture has total=53, published=0, with_jobs=0, districts=[nusa-dua|tanjung-benoa]; .env.local absent so no live Supabase read is possible. Coverage was not observed and must not be inferred.",2026-07-29T18:47:12.866Z,other-bali-intent-os-autopilot,OB-INT-0001..0200@2026-07-29
OB-CAN-0062,Get around Bali without renting a scooter,OPERATIONAL,venues.publication_status;venue_action_capability,fixture total=53;published=0;with_jobs=0;districts=nusa-dua|tanjung-benoa;supabase_configured=false,BLOCKED_BY_DATA,venues.publication_status=published AND venues.jobs non-empty,"publish job-tagged venues, or provide read-only aggregate coverage counts per district/job","venue selection requires published venues with jobs tags; observed fixture has total=53, published=0, with_jobs=0, districts=[nusa-dua|tanjung-benoa]; .env.local absent so no live Supabase read is possible. Coverage was not observed and must not be inferred.",2026-07-29T18:47:12.866Z,other-bali-intent-os-autopilot,OB-INT-0001..0200@2026-07-29
OB-CAN-0063,Understand where Grab/Gojek can and can't pick up (Ubud),OPERATIONAL,venues.publication_status;venue_action_capability,fixture total=53;published=0;with_jobs=0;districts=nusa-dua|tanjung-benoa;supabase_configured=false,BLOCKED_BY_DATA,venues.publication_status=published AND venues.jobs non-empty,"publish job-tagged venues, or provide read-only aggregate coverage counts per district/job","venue selection requires published venues with jobs tags; observed fixture has total=53, published=0, with_jobs=0, districts=[nusa-dua|tanjung-benoa]; .env.local absent so no live Supabase read is possible. Coverage was not observed and must not be inferred.",2026-07-29T18:47:12.866Z,other-bali-intent-os-autopilot,OB-INT-0001..0200@2026-07-29
OB-CAN-0064,Hire a private driver for a full-day tour,OPERATIONAL,venues.publication_status;venue_action_capability,fixture total=53;published=0;with_jobs=0;districts=nusa-dua|tanjung-benoa;supabase_configured=false,BLOCKED_BY_DATA,venues.publication_status=published AND venues.jobs non-empty,"publish job-tagged venues, or provide read-only aggregate coverage counts per district/job","venue selection requires published venues with jobs tags; observed fixture has total=53, published=0, with_jobs=0, districts=[nusa-dua|tanjung-benoa]; .env.local absent so no live Supabase read is possible. Coverage was not observed and must not be inferred.",2026-07-29T18:47:12.866Z,other-bali-intent-os-autopilot,OB-INT-0001..0200@2026-07-29
OB-CAN-0065,Bring a dog / find pet-friendly cafes,LOW,venues.publication_status;venues.jobs;venues.district;venues.name;venues.slug,fixture total=53;published=0;with_jobs=0;districts=nusa-dua|tanjung-benoa;supabase_configured=false,BLOCKED_BY_DATA,venues.publication_status=published AND venues.jobs non-empty,"publish job-tagged venues, or provide read-only aggregate coverage counts per district/job","venue selection requires published venues with jobs tags; observed fixture has total=53, published=0, with_jobs=0, districts=[nusa-dua|tanjung-benoa]; .env.local absent so no live Supabase read is possible. Coverage was not observed and must not be inferred.",2026-07-29T18:47:12.866Z,other-bali-intent-os-autopilot,OB-INT-0001..0200@2026-07-29
OB-CAN-0066,Understand safety as a solo female / at ATMs,SAFETY,authoritative_source;reviewed_by;reviewed_at,fixture total=53;published=0;with_jobs=0;districts=nusa-dua|tanjung-benoa;supabase_configured=false,HIGH_RISK_NOT_READY,authoritative_source;reviewed_by;reviewed_at,owner authority + authoritative answer evidence required before any publication,risk_class=SAFETY: 04_AUTONOMOUS_DECISION_POLICY.yaml risk_policy sets auto_build_allowed=false and publication_status=RESEARCH_ONLY for SAFETY/MEDICAL/LEGAL_REGULATORY,2026-07-29T18:47:12.866Z,other-bali-intent-os-autopilot,OB-INT-0001..0200@2026-07-29
OB-CAN-0067,Withdraw cash safely (avoid ATM skimming),SAFETY,authoritative_source;reviewed_by;reviewed_at,fixture total=53;published=0;with_jobs=0;districts=nusa-dua|tanjung-benoa;supabase_configured=false,HIGH_RISK_NOT_READY,authoritative_source;reviewed_by;reviewed_at,owner authority + authoritative answer evidence required before any publication,risk_class=SAFETY: 04_AUTONOMOUS_DECISION_POLICY.yaml risk_policy sets auto_build_allowed=false and publication_status=RESEARCH_ONLY for SAFETY/MEDICAL/LEGAL_REGULATORY,2026-07-29T18:47:12.866Z,other-bali-intent-os-autopilot,OB-INT-0001..0200@2026-07-29
OB-CAN-0068,Find medical clinic / hospital in emergency,MEDICAL,authoritative_source;reviewed_by;reviewed_at,fixture total=53;published=0;with_jobs=0;districts=nusa-dua|tanjung-benoa;supabase_configured=false,HIGH_RISK_NOT_READY,authoritative_source;reviewed_by;reviewed_at,owner authority + authoritative answer evidence required before any publication,risk_class=MEDICAL: 04_AUTONOMOUS_DECISION_POLICY.yaml risk_policy sets auto_build_allowed=false and publication_status=RESEARCH_ONLY for SAFETY/MEDICAL/LEGAL_REGULATORY,2026-07-29T18:47:12.866Z,other-bali-intent-os-autopilot,OB-INT-0001..0200@2026-07-29
OB-CAN-0069,Book a restaurant tonight last-minute,OPERATIONAL,venues.publication_status;venues.jobs;venues.district;venues.name;venues.slug,fixture total=53;published=0;with_jobs=0;districts=nusa-dua|tanjung-benoa;supabase_configured=false,BLOCKED_BY_DATA,venues.publication_status=published AND venues.jobs non-empty,"publish job-tagged venues, or provide read-only aggregate coverage counts per district/job","venue selection requires published venues with jobs tags; observed fixture has total=53, published=0, with_jobs=0, districts=[nusa-dua|tanjung-benoa]; .env.local absent so no live Supabase read is possible. Coverage was not observed and must not be inferred.",2026-07-29T18:47:12.866Z,other-bali-intent-os-autopilot,OB-INT-0001..0200@2026-07-29
OB-CAN-0070,Find something to do right now (no plan),OPERATIONAL,venues.publication_status;venues.jobs;venues.district;venues.name;venues.slug,fixture total=53;published=0;with_jobs=0;districts=nusa-dua|tanjung-benoa;supabase_configured=false,BLOCKED_BY_DATA,venues.publication_status=published AND venues.jobs non-empty,"publish job-tagged venues, or provide read-only aggregate coverage counts per district/job","venue selection requires published venues with jobs tags; observed fixture has total=53, published=0, with_jobs=0, districts=[nusa-dua|tanjung-benoa]; .env.local absent so no live Supabase read is possible. Coverage was not observed and must not be inferred.",2026-07-29T18:47:12.866Z,other-bali-intent-os-autopilot,OB-INT-0001..0200@2026-07-29
OB-CAN-0071,Choose which town to explore first upon landing,LOW,venues.publication_status;venues.jobs;venues.district;venues.name;venues.slug,fixture total=53;published=0;with_jobs=0;districts=nusa-dua|tanjung-benoa;supabase_configured=false,BLOCKED_BY_DATA,venues.publication_status=published AND venues.jobs non-empty,"publish job-tagged venues, or provide read-only aggregate coverage counts per district/job","venue selection requires published venues with jobs tags; observed fixture has total=53, published=0, with_jobs=0, districts=[nusa-dua|tanjung-benoa]; .env.local absent so no live Supabase read is possible. Coverage was not observed and must not be inferred.",2026-07-29T18:47:12.866Z,other-bali-intent-os-autopilot,OB-INT-0001..0200@2026-07-29
OB-CAN-0072,Fit an activity into a 3-hour time window,LOW,venues.publication_status;venues.jobs;venues.district;venues.name;venues.slug,fixture total=53;published=0;with_jobs=0;districts=nusa-dua|tanjung-benoa;supabase_configured=false,BLOCKED_BY_DATA,venues.publication_status=published AND venues.jobs non-empty,"publish job-tagged venues, or provide read-only aggregate coverage counts per district/job","venue selection requires published venues with jobs tags; observed fixture has total=53, published=0, with_jobs=0, districts=[nusa-dua|tanjung-benoa]; .env.local absent so no live Supabase read is possible. Coverage was not observed and must not be inferred.",2026-07-29T18:47:12.866Z,other-bali-intent-os-autopilot,OB-INT-0001..0200@2026-07-29
OB-CAN-0073,Plan an efficient 7-day first-time Bali itinerary,LOW,venues.publication_status;venues.jobs;venues.district;venues.name;venues.slug,fixture total=53;published=0;with_jobs=0;districts=nusa-dua|tanjung-benoa;supabase_configured=false,BLOCKED_BY_DATA,venues.publication_status=published AND venues.jobs non-empty,"publish job-tagged venues, or provide read-only aggregate coverage counts per district/job","venue selection requires published venues with jobs tags; observed fixture has total=53, published=0, with_jobs=0, districts=[nusa-dua|tanjung-benoa]; .env.local absent so no live Supabase read is possible. Coverage was not observed and must not be inferred.",2026-07-29T18:47:12.866Z,other-bali-intent-os-autopilot,OB-INT-0001..0200@2026-07-29
OB-CAN-0074,Find offbeat / non-touristy places as a returning visitor,LOW,venues.publication_status;venues.jobs;venues.district;venues.name;venues.slug,fixture total=53;published=0;with_jobs=0;districts=nusa-dua|tanjung-benoa;supabase_configured=false,BLOCKED_BY_DATA,venues.publication_status=published AND venues.jobs non-empty,"publish job-tagged venues, or provide read-only aggregate coverage counts per district/job","venue selection requires published venues with jobs tags; observed fixture has total=53, published=0, with_jobs=0, districts=[nusa-dua|tanjung-benoa]; .env.local absent so no live Supabase read is possible. Coverage was not observed and must not be inferred.",2026-07-29T18:47:12.866Z,other-bali-intent-os-autopilot,OB-INT-0001..0200@2026-07-29
OB-CAN-0075,Do something in Bali as a pregnant traveller,MEDICAL,authoritative_source;reviewed_by;reviewed_at,fixture total=53;published=0;with_jobs=0;districts=nusa-dua|tanjung-benoa;supabase_configured=false,HIGH_RISK_NOT_READY,authoritative_source;reviewed_by;reviewed_at,owner authority + authoritative answer evidence required before any publication,risk_class=MEDICAL: 04_AUTONOMOUS_DECISION_POLICY.yaml risk_policy sets auto_build_allowed=false and publication_status=RESEARCH_ONLY for SAFETY/MEDICAL/LEGAL_REGULATORY,2026-07-29T18:47:12.866Z,other-bali-intent-os-autopilot,OB-INT-0001..0200@2026-07-29
OB-CAN-0076,Choose an area to stay in Bali based on lifestyle (Canggu vs Ubud vs Uluwatu vs Sanur vs Seminyak),LOW,venues.publication_status;venues.jobs;venues.district;venues.name;venues.slug,fixture total=53;published=0;with_jobs=0;districts=nusa-dua|tanjung-benoa;supabase_configured=false,BLOCKED_BY_DATA,venues.publication_status=published AND venues.jobs non-empty,"publish job-tagged venues, or provide read-only aggregate coverage counts per district/job","venue selection requires published venues with jobs tags; observed fixture has total=53, published=0, with_jobs=0, districts=[nusa-dua|tanjung-benoa]; .env.local absent so no live Supabase read is possible. Coverage was not observed and must not be inferred.",2026-07-29T18:47:12.866Z,other-bali-intent-os-autopilot,OB-INT-0001..0200@2026-07-29
OB-CAN-0077,Protect skin from intense tropical sun (15-minute burn),MEDICAL,authoritative_source;reviewed_by;reviewed_at,fixture total=53;published=0;with_jobs=0;districts=nusa-dua|tanjung-benoa;supabase_configured=false,HIGH_RISK_NOT_READY,authoritative_source;reviewed_by;reviewed_at,owner authority + authoritative answer evidence required before any publication,risk_class=MEDICAL: 04_AUTONOMOUS_DECISION_POLICY.yaml risk_policy sets auto_build_allowed=false and publication_status=RESEARCH_ONLY for SAFETY/MEDICAL/LEGAL_REGULATORY,2026-07-29T18:47:12.866Z,other-bali-intent-os-autopilot,OB-INT-0001..0200@2026-07-29
OB-CAN-0078,Understand and avoid rip currents at Bali beaches,SAFETY,authoritative_source;reviewed_by;reviewed_at,fixture total=53;published=0;with_jobs=0;districts=nusa-dua|tanjung-benoa;supabase_configured=false,HIGH_RISK_NOT_READY,authoritative_source;reviewed_by;reviewed_at,owner authority + authoritative answer evidence required before any publication,risk_class=SAFETY: 04_AUTONOMOUS_DECISION_POLICY.yaml risk_policy sets auto_build_allowed=false and publication_status=RESEARCH_ONLY for SAFETY/MEDICAL/LEGAL_REGULATORY,2026-07-29T18:47:12.866Z,other-bali-intent-os-autopilot,OB-INT-0001..0200@2026-07-29
OB-CAN-0079,Decide whether to rent a motorbike or use apps,SAFETY,authoritative_source;reviewed_by;reviewed_at,fixture total=53;published=0;with_jobs=0;districts=nusa-dua|tanjung-benoa;supabase_configured=false,HIGH_RISK_NOT_READY,authoritative_source;reviewed_by;reviewed_at,owner authority + authoritative answer evidence required before any publication,risk_class=SAFETY: 04_AUTONOMOUS_DECISION_POLICY.yaml risk_policy sets auto_build_allowed=false and publication_status=RESEARCH_ONLY for SAFETY/MEDICAL/LEGAL_REGULATORY,2026-07-29T18:47:12.866Z,other-bali-intent-os-autopilot,OB-INT-0001..0200@2026-07-29
OB-CAN-0080,Recover from motorbike accident injuries,MEDICAL,authoritative_source;reviewed_by;reviewed_at,fixture total=53;published=0;with_jobs=0;districts=nusa-dua|tanjung-benoa;supabase_configured=false,HIGH_RISK_NOT_READY,authoritative_source;reviewed_by;reviewed_at,owner authority + authoritative answer evidence required before any publication,risk_class=MEDICAL: 04_AUTONOMOUS_DECISION_POLICY.yaml risk_policy sets auto_build_allowed=false and publication_status=RESEARCH_ONLY for SAFETY/MEDICAL/LEGAL_REGULATORY,2026-07-29T18:47:12.866Z,other-bali-intent-os-autopilot,OB-INT-0001..0200@2026-07-29
OB-CAN-0081,Prevent jewelry theft while on Gojek/Grab bike,SAFETY,authoritative_source;reviewed_by;reviewed_at,fixture total=53;published=0;with_jobs=0;districts=nusa-dua|tanjung-benoa;supabase_configured=false,HIGH_RISK_NOT_READY,authoritative_source;reviewed_by;reviewed_at,owner authority + authoritative answer evidence required before any publication,risk_class=SAFETY: 04_AUTONOMOUS_DECISION_POLICY.yaml risk_policy sets auto_build_allowed=false and publication_status=RESEARCH_ONLY for SAFETY/MEDICAL/LEGAL_REGULATORY,2026-07-29T18:47:12.866Z,other-bali-intent-os-autopilot,OB-INT-0001..0200@2026-07-29
OB-CAN-0082,Avoid bank card being blocked during travel,OPERATIONAL,venues.publication_status;venue_action_capability,fixture total=53;published=0;with_jobs=0;districts=nusa-dua|tanjung-benoa;supabase_configured=false,BLOCKED_BY_DATA,venues.publication_status=published AND venues.jobs non-empty,"publish job-tagged venues, or provide read-only aggregate coverage counts per district/job","venue selection requires published venues with jobs tags; observed fixture has total=53, published=0, with_jobs=0, districts=[nusa-dua|tanjung-benoa]; .env.local absent so no live Supabase read is possible. Coverage was not observed and must not be inferred.",2026-07-29T18:47:12.866Z,other-bali-intent-os-autopilot,OB-INT-0001..0200@2026-07-29
OB-CAN-0083,Handle monkey bite and get rabies treatment,MEDICAL,authoritative_source;reviewed_by;reviewed_at,fixture total=53;published=0;with_jobs=0;districts=nusa-dua|tanjung-benoa;supabase_configured=false,HIGH_RISK_NOT_READY,authoritative_source;reviewed_by;reviewed_at,owner authority + authoritative answer evidence required before any publication,risk_class=MEDICAL: 04_AUTONOMOUS_DECISION_POLICY.yaml risk_policy sets auto_build_allowed=false and publication_status=RESEARCH_ONLY for SAFETY/MEDICAL/LEGAL_REGULATORY,2026-07-29T18:47:12.866Z,other-bali-intent-os-autopilot,OB-INT-0001..0200@2026-07-29
OB-CAN-0084,Understand Indonesia drug laws and penalties,LEGAL_REGULATORY,authoritative_source;reviewed_by;reviewed_at,fixture total=53;published=0;with_jobs=0;districts=nusa-dua|tanjung-benoa;supabase_configured=false,HIGH_RISK_NOT_READY,authoritative_source;reviewed_by;reviewed_at,owner authority + authoritative answer evidence required before any publication,risk_class=LEGAL_REGULATORY: 04_AUTONOMOUS_DECISION_POLICY.yaml risk_policy sets auto_build_allowed=false and publication_status=RESEARCH_ONLY for SAFETY/MEDICAL/LEGAL_REGULATORY,2026-07-29T18:47:12.866Z,other-bali-intent-os-autopilot,OB-INT-0001..0200@2026-07-29
OB-CAN-0085,Identify fake taxi meters and scams,SAFETY,authoritative_source;reviewed_by;reviewed_at,fixture total=53;published=0;with_jobs=0;districts=nusa-dua|tanjung-benoa;supabase_configured=false,HIGH_RISK_NOT_READY,authoritative_source;reviewed_by;reviewed_at,owner authority + authoritative answer evidence required before any publication,risk_class=SAFETY: 04_AUTONOMOUS_DECISION_POLICY.yaml risk_policy sets auto_build_allowed=false and publication_status=RESEARCH_ONLY for SAFETY/MEDICAL/LEGAL_REGULATORY,2026-07-29T18:47:12.866Z,other-bali-intent-os-autopilot,OB-INT-0001..0200@2026-07-29
OB-CAN-0086,Recover from tropical hangover,MEDICAL,authoritative_source;reviewed_by;reviewed_at,fixture total=53;published=0;with_jobs=0;districts=nusa-dua|tanjung-benoa;supabase_configured=false,HIGH_RISK_NOT_READY,authoritative_source;reviewed_by;reviewed_at,owner authority + authoritative answer evidence required before any publication,risk_class=MEDICAL: 04_AUTONOMOUS_DECISION_POLICY.yaml risk_policy sets auto_build_allowed=false and publication_status=RESEARCH_ONLY for SAFETY/MEDICAL/LEGAL_REGULATORY,2026-07-29T18:47:12.866Z,other-bali-intent-os-autopilot,OB-INT-0001..0200@2026-07-29
OB-CAN-0087,Manage luggage across multiple locations,OPERATIONAL,venues.publication_status;venue_action_capability,fixture total=53;published=0;with_jobs=0;districts=nusa-dua|tanjung-benoa;supabase_configured=false,BLOCKED_BY_DATA,venues.publication_status=published AND venues.jobs non-empty,"publish job-tagged venues, or provide read-only aggregate coverage counts per district/job","venue selection requires published venues with jobs tags; observed fixture has total=53, published=0, with_jobs=0, districts=[nusa-dua|tanjung-benoa]; .env.local absent so no live Supabase read is possible. Coverage was not observed and must not be inferred.",2026-07-29T18:47:12.866Z,other-bali-intent-os-autopilot,OB-INT-0001..0200@2026-07-29
OB-CAN-0088,Find local laundry services (not hotel),OPERATIONAL,venues.publication_status;venue_action_capability,fixture total=53;published=0;with_jobs=0;districts=nusa-dua|tanjung-benoa;supabase_configured=false,BLOCKED_BY_DATA,venues.publication_status=published AND venues.jobs non-empty,"publish job-tagged venues, or provide read-only aggregate coverage counts per district/job","venue selection requires published venues with jobs tags; observed fixture has total=53, published=0, with_jobs=0, districts=[nusa-dua|tanjung-benoa]; .env.local absent so no live Supabase read is possible. Coverage was not observed and must not be inferred.",2026-07-29T18:47:12.866Z,other-bali-intent-os-autopilot,OB-INT-0001..0200@2026-07-29
OB-CAN-0089,Get Visa on Arrival (VoA) vs online eVisa,LEGAL_REGULATORY,authoritative_source;reviewed_by;reviewed_at,fixture total=53;published=0;with_jobs=0;districts=nusa-dua|tanjung-benoa;supabase_configured=false,HIGH_RISK_NOT_READY,authoritative_source;reviewed_by;reviewed_at,owner authority + authoritative answer evidence required before any publication,risk_class=LEGAL_REGULATORY: 04_AUTONOMOUS_DECISION_POLICY.yaml risk_policy sets auto_build_allowed=false and publication_status=RESEARCH_ONLY for SAFETY/MEDICAL/LEGAL_REGULATORY,2026-07-29T18:47:12.866Z,other-bali-intent-os-autopilot,OB-INT-0001..0200@2026-07-29
OB-CAN-0090,Register phone with Indonesian customs,LEGAL_REGULATORY,authoritative_source;reviewed_by;reviewed_at,fixture total=53;published=0;with_jobs=0;districts=nusa-dua|tanjung-benoa;supabase_configured=false,HIGH_RISK_NOT_READY,authoritative_source;reviewed_by;reviewed_at,owner authority + authoritative answer evidence required before any publication,risk_class=LEGAL_REGULATORY: 04_AUTONOMOUS_DECISION_POLICY.yaml risk_policy sets auto_build_allowed=false and publication_status=RESEARCH_ONLY for SAFETY/MEDICAL/LEGAL_REGULATORY,2026-07-29T18:47:12.866Z,other-bali-intent-os-autopilot,OB-INT-0001..0200@2026-07-29
OB-CAN-0091,Avoid tap water and use bottled water safely,MEDICAL,authoritative_source;reviewed_by;reviewed_at,fixture total=53;published=0;with_jobs=0;districts=nusa-dua|tanjung-benoa;supabase_configured=false,HIGH_RISK_NOT_READY,authoritative_source;reviewed_by;reviewed_at,owner authority + authoritative answer evidence required before any publication,risk_class=MEDICAL: 04_AUTONOMOUS_DECISION_POLICY.yaml risk_policy sets auto_build_allowed=false and publication_status=RESEARCH_ONLY for SAFETY/MEDICAL/LEGAL_REGULATORY,2026-07-29T18:47:12.866Z,other-bali-intent-os-autopilot,OB-INT-0001..0200@2026-07-29
OB-CAN-0092,Avoid raw vegetables and salads (food safety),MEDICAL,authoritative_source;reviewed_by;reviewed_at,fixture total=53;published=0;with_jobs=0;districts=nusa-dua|tanjung-benoa;supabase_configured=false,HIGH_RISK_NOT_READY,authoritative_source;reviewed_by;reviewed_at,owner authority + authoritative answer evidence required before any publication,risk_class=MEDICAL: 04_AUTONOMOUS_DECISION_POLICY.yaml risk_policy sets auto_build_allowed=false and publication_status=RESEARCH_ONLY for SAFETY/MEDICAL/LEGAL_REGULATORY,2026-07-29T18:47:12.866Z,other-bali-intent-os-autopilot,OB-INT-0001..0200@2026-07-29
OB-CAN-0093,Bargain at local markets (not tourist prices),OPERATIONAL,venues.publication_status;venues.jobs;venues.district;venues.name;venues.slug,fixture total=53;published=0;with_jobs=0;districts=nusa-dua|tanjung-benoa;supabase_configured=false,BLOCKED_BY_DATA,venues.publication_status=published AND venues.jobs non-empty,"publish job-tagged venues, or provide read-only aggregate coverage counts per district/job","venue selection requires published venues with jobs tags; observed fixture has total=53, published=0, with_jobs=0, districts=[nusa-dua|tanjung-benoa]; .env.local absent so no live Supabase read is possible. Coverage was not observed and must not be inferred.",2026-07-29T18:47:12.866Z,other-bali-intent-os-autopilot,OB-INT-0001..0200@2026-07-29
OB-CAN-0094,Find correct prices for Bali souvenirs,OPERATIONAL,venues.publication_status;venues.jobs;venues.district;venues.name;venues.slug,fixture total=53;published=0;with_jobs=0;districts=nusa-dua|tanjung-benoa;supabase_configured=false,BLOCKED_BY_DATA,venues.publication_status=published AND venues.jobs non-empty,"publish job-tagged venues, or provide read-only aggregate coverage counts per district/job","venue selection requires published venues with jobs tags; observed fixture has total=53, published=0, with_jobs=0, districts=[nusa-dua|tanjung-benoa]; .env.local absent so no live Supabase read is possible. Coverage was not observed and must not be inferred.",2026-07-29T18:47:12.866Z,other-bali-intent-os-autopilot,OB-INT-0001..0200@2026-07-29
OB-CAN-0095,Buy sunscreen locally (expensive) vs bring from home,OPERATIONAL,venues.publication_status;venue_action_capability,fixture total=53;published=0;with_jobs=0;districts=nusa-dua|tanjung-benoa;supabase_configured=false,BLOCKED_BY_DATA,venues.publication_status=published AND venues.jobs non-empty,"publish job-tagged venues, or provide read-only aggregate coverage counts per district/job","venue selection requires published venues with jobs tags; observed fixture has total=53, published=0, with_jobs=0, districts=[nusa-dua|tanjung-benoa]; .env.local absent so no live Supabase read is possible. Coverage was not observed and must not be inferred.",2026-07-29T18:47:12.866Z,other-bali-intent-os-autopilot,OB-INT-0001..0200@2026-07-29
OB-CAN-0096,Plan loosely and go with the flow,LOW,editorial_source;verified_at,fixture total=53;published=0;with_jobs=0;districts=nusa-dua|tanjung-benoa;supabase_configured=false,NEEDS_ENRICHMENT,editorial_source;verified_at,create sourced editorial record with capture date,editorial topic requires a sourced editorial record with verified_at; no such record observed in repository,2026-07-29T18:47:12.866Z,other-bali-intent-os-autopilot,OB-INT-0001..0200@2026-07-29
OB-CAN-0097,Manage first impression of Canggu (touristy),LOW,editorial_source;verified_at,fixture total=53;published=0;with_jobs=0;districts=nusa-dua|tanjung-benoa;supabase_configured=false,NEEDS_ENRICHMENT,editorial_source;verified_at,create sourced editorial record with capture date,editorial topic requires a sourced editorial record with verified_at; no such record observed in repository,2026-07-29T18:47:12.866Z,other-bali-intent-os-autopilot,OB-INT-0001..0200@2026-07-29
OB-CAN-0098,Use Bluebird taxi (safest option),OPERATIONAL,venues.publication_status;venues.name;venues.slug,fixture total=53;published=0;with_jobs=0;districts=nusa-dua|tanjung-benoa;supabase_configured=false,BLOCKED_BY_DATA,venues.publication_status=published AND venues.jobs non-empty,"publish job-tagged venues, or provide read-only aggregate coverage counts per district/job","venue selection requires published venues with jobs tags; observed fixture has total=53, published=0, with_jobs=0, districts=[nusa-dua|tanjung-benoa]; .env.local absent so no live Supabase read is possible. Coverage was not observed and must not be inferred.",2026-07-29T18:47:12.866Z,other-bali-intent-os-autopilot,OB-INT-0001..0200@2026-07-29
OB-CAN-0099,Choose between Grab and Gojek apps,OPERATIONAL,venues.publication_status;venues.jobs;venues.district;venues.name;venues.slug,fixture total=53;published=0;with_jobs=0;districts=nusa-dua|tanjung-benoa;supabase_configured=false,BLOCKED_BY_DATA,venues.publication_status=published AND venues.jobs non-empty,"publish job-tagged venues, or provide read-only aggregate coverage counts per district/job","venue selection requires published venues with jobs tags; observed fixture has total=53, published=0, with_jobs=0, districts=[nusa-dua|tanjung-benoa]; .env.local absent so no live Supabase read is possible. Coverage was not observed and must not be inferred.",2026-07-29T18:47:12.866Z,other-bali-intent-os-autopilot,OB-INT-0001..0200@2026-07-29
OB-CAN-0100,Understand Gojek bike safety (no helmet for passenger),SAFETY,authoritative_source;reviewed_by;reviewed_at,fixture total=53;published=0;with_jobs=0;districts=nusa-dua|tanjung-benoa;supabase_configured=false,HIGH_RISK_NOT_READY,authoritative_source;reviewed_by;reviewed_at,owner authority + authoritative answer evidence required before any publication,risk_class=SAFETY: 04_AUTONOMOUS_DECISION_POLICY.yaml risk_policy sets auto_build_allowed=false and publication_status=RESEARCH_ONLY for SAFETY/MEDICAL/LEGAL_REGULATORY,2026-07-29T18:47:12.866Z,other-bali-intent-os-autopilot,OB-INT-0001..0200@2026-07-29
OB-CAN-0101,Respect Balinese religious customs,LOW,editorial_source;verified_at,fixture total=53;published=0;with_jobs=0;districts=nusa-dua|tanjung-benoa;supabase_configured=false,NEEDS_ENRICHMENT,editorial_source;verified_at,create sourced editorial record with capture date,editorial topic requires a sourced editorial record with verified_at; no such record observed in repository,2026-07-29T18:47:12.866Z,other-bali-intent-os-autopilot,OB-INT-0001..0200@2026-07-29
OB-CAN-0102,"Say no politely to street vendors (""tidak mau"")",LOW,editorial_source;verified_at,fixture total=53;published=0;with_jobs=0;districts=nusa-dua|tanjung-benoa;supabase_configured=false,NEEDS_ENRICHMENT,editorial_source;verified_at,create sourced editorial record with capture date,editorial topic requires a sourced editorial record with verified_at; no such record observed in repository,2026-07-29T18:47:12.866Z,other-bali-intent-os-autopilot,OB-INT-0001..0200@2026-07-29
OB-CAN-0103,Avoid close-up photos of people without permission,LOW,editorial_source;verified_at,fixture total=53;published=0;with_jobs=0;districts=nusa-dua|tanjung-benoa;supabase_configured=false,NEEDS_ENRICHMENT,editorial_source;verified_at,create sourced editorial record with capture date,editorial topic requires a sourced editorial record with verified_at; no such record observed in repository,2026-07-29T18:47:12.866Z,other-bali-intent-os-autopilot,OB-INT-0001..0200@2026-07-29
OB-CAN-0104,Photograph during temple ceremonies respectfully,LOW,editorial_source;verified_at,fixture total=53;published=0;with_jobs=0;districts=nusa-dua|tanjung-benoa;supabase_configured=false,NEEDS_ENRICHMENT,editorial_source;verified_at,create sourced editorial record with capture date,editorial topic requires a sourced editorial record with verified_at; no such record observed in repository,2026-07-29T18:47:12.866Z,other-bali-intent-os-autopilot,OB-INT-0001..0200@2026-07-29
OB-CAN-0105,Find underrated photography spots (not Instagram),LOW,venues.publication_status;venues.jobs;venues.district;venues.name;venues.slug,fixture total=53;published=0;with_jobs=0;districts=nusa-dua|tanjung-benoa;supabase_configured=false,BLOCKED_BY_DATA,venues.publication_status=published AND venues.jobs non-empty,"publish job-tagged venues, or provide read-only aggregate coverage counts per district/job","venue selection requires published venues with jobs tags; observed fixture has total=53, published=0, with_jobs=0, districts=[nusa-dua|tanjung-benoa]; .env.local absent so no live Supabase read is possible. Coverage was not observed and must not be inferred.",2026-07-29T18:47:12.866Z,other-bali-intent-os-autopilot,OB-INT-0001..0200@2026-07-29
OB-CAN-0106,Photograph Trunyan Village,LOW,venues.publication_status;venues.name;venues.slug,fixture total=53;published=0;with_jobs=0;districts=nusa-dua|tanjung-benoa;supabase_configured=false,BLOCKED_BY_DATA,venues.publication_status=published AND venues.jobs non-empty,"publish job-tagged venues, or provide read-only aggregate coverage counts per district/job","venue selection requires published venues with jobs tags; observed fixture has total=53, published=0, with_jobs=0, districts=[nusa-dua|tanjung-benoa]; .env.local absent so no live Supabase read is possible. Coverage was not observed and must not be inferred.",2026-07-29T18:47:12.866Z,other-bali-intent-os-autopilot,OB-INT-0001..0200@2026-07-29
OB-CAN-0107,Visit abandoned Taman Festival theme park,LOW,venues.publication_status;venues.name;venues.slug,fixture total=53;published=0;with_jobs=0;districts=nusa-dua|tanjung-benoa;supabase_configured=false,BLOCKED_BY_DATA,venues.publication_status=published AND venues.jobs non-empty,"publish job-tagged venues, or provide read-only aggregate coverage counts per district/job","venue selection requires published venues with jobs tags; observed fixture has total=53, published=0, with_jobs=0, districts=[nusa-dua|tanjung-benoa]; .env.local absent so no live Supabase read is possible. Coverage was not observed and must not be inferred.",2026-07-29T18:47:12.866Z,other-bali-intent-os-autopilot,OB-INT-0001..0200@2026-07-29
OB-CAN-0108,Drive to Amed for fishing boat photography,LOW,venues.publication_status;venues.name;venues.slug,fixture total=53;published=0;with_jobs=0;districts=nusa-dua|tanjung-benoa;supabase_configured=false,BLOCKED_BY_DATA,venues.publication_status=published AND venues.jobs non-empty,"publish job-tagged venues, or provide read-only aggregate coverage counts per district/job","venue selection requires published venues with jobs tags; observed fixture has total=53, published=0, with_jobs=0, districts=[nusa-dua|tanjung-benoa]; .env.local absent so no live Supabase read is possible. Coverage was not observed and must not be inferred.",2026-07-29T18:47:12.866Z,other-bali-intent-os-autopilot,OB-INT-0001..0200@2026-07-29
OB-CAN-0109,Photograph Ayung River gorges,LOW,venues.publication_status;venues.name;venues.slug,fixture total=53;published=0;with_jobs=0;districts=nusa-dua|tanjung-benoa;supabase_configured=false,BLOCKED_BY_DATA,venues.publication_status=published AND venues.jobs non-empty,"publish job-tagged venues, or provide read-only aggregate coverage counts per district/job","venue selection requires published venues with jobs tags; observed fixture has total=53, published=0, with_jobs=0, districts=[nusa-dua|tanjung-benoa]; .env.local absent so no live Supabase read is possible. Coverage was not observed and must not be inferred.",2026-07-29T18:47:12.866Z,other-bali-intent-os-autopilot,OB-INT-0001..0200@2026-07-29
OB-CAN-0110,Visit Sideman for rice terraces (harvest season),LOW,venues.publication_status;venues.name;venues.slug,fixture total=53;published=0;with_jobs=0;districts=nusa-dua|tanjung-benoa;supabase_configured=false,BLOCKED_BY_DATA,venues.publication_status=published AND venues.jobs non-empty,"publish job-tagged venues, or provide read-only aggregate coverage counts per district/job","venue selection requires published venues with jobs tags; observed fixture has total=53, published=0, with_jobs=0, districts=[nusa-dua|tanjung-benoa]; .env.local absent so no live Supabase read is possible. Coverage was not observed and must not be inferred.",2026-07-29T18:47:12.866Z,other-bali-intent-os-autopilot,OB-INT-0001..0200@2026-07-29
OB-CAN-0111,Photograph Lempuyang Temple (Gate of Heaven) drive,LOW,venues.publication_status;venues.name;venues.slug,fixture total=53;published=0;with_jobs=0;districts=nusa-dua|tanjung-benoa;supabase_configured=false,BLOCKED_BY_DATA,venues.publication_status=published AND venues.jobs non-empty,"publish job-tagged venues, or provide read-only aggregate coverage counts per district/job","venue selection requires published venues with jobs tags; observed fixture has total=53, published=0, with_jobs=0, districts=[nusa-dua|tanjung-benoa]; .env.local absent so no live Supabase read is possible. Coverage was not observed and must not be inferred.",2026-07-29T18:47:12.866Z,other-bali-intent-os-autopilot,OB-INT-0001..0200@2026-07-29
OB-CAN-0112,Photograph Melasti Beach,LOW,venues.publication_status;venues.name;venues.slug,fixture total=53;published=0;with_jobs=0;districts=nusa-dua|tanjung-benoa;supabase_configured=false,BLOCKED_BY_DATA,venues.publication_status=published AND venues.jobs non-empty,"publish job-tagged venues, or provide read-only aggregate coverage counts per district/job","venue selection requires published venues with jobs tags; observed fixture has total=53, published=0, with_jobs=0, districts=[nusa-dua|tanjung-benoa]; .env.local absent so no live Supabase read is possible. Coverage was not observed and must not be inferred.",2026-07-29T18:47:12.866Z,other-bali-intent-os-autopilot,OB-INT-0001..0200@2026-07-29
OB-CAN-0113,Photograph moon above airport runway (4-5 AM),LOW,venues.publication_status;venues.jobs;venues.district;venues.name;venues.slug,fixture total=53;published=0;with_jobs=0;districts=nusa-dua|tanjung-benoa;supabase_configured=false,BLOCKED_BY_DATA,venues.publication_status=published AND venues.jobs non-empty,"publish job-tagged venues, or provide read-only aggregate coverage counts per district/job","venue selection requires published venues with jobs tags; observed fixture has total=53, published=0, with_jobs=0, districts=[nusa-dua|tanjung-benoa]; .env.local absent so no live Supabase read is possible. Coverage was not observed and must not be inferred.",2026-07-29T18:47:12.866Z,other-bali-intent-os-autopilot,OB-INT-0001..0200@2026-07-29
OB-CAN-0114,Visit Botanical Gardens near Bedugal,LOW,venues.publication_status;venues.name;venues.slug,fixture total=53;published=0;with_jobs=0;districts=nusa-dua|tanjung-benoa;supabase_configured=false,BLOCKED_BY_DATA,venues.publication_status=published AND venues.jobs non-empty,"publish job-tagged venues, or provide read-only aggregate coverage counts per district/job","venue selection requires published venues with jobs tags; observed fixture has total=53, published=0, with_jobs=0, districts=[nusa-dua|tanjung-benoa]; .env.local absent so no live Supabase read is possible. Coverage was not observed and must not be inferred.",2026-07-29T18:47:12.866Z,other-bali-intent-os-autopilot,OB-INT-0001..0200@2026-07-29
OB-CAN-0115,Photograph Dutch colonial buildings in Denpasar,LOW,venues.publication_status;venues.name;venues.slug,fixture total=53;published=0;with_jobs=0;districts=nusa-dua|tanjung-benoa;supabase_configured=false,BLOCKED_BY_DATA,venues.publication_status=published AND venues.jobs non-empty,"publish job-tagged venues, or provide read-only aggregate coverage counts per district/job","venue selection requires published venues with jobs tags; observed fixture has total=53, published=0, with_jobs=0, districts=[nusa-dua|tanjung-benoa]; .env.local absent so no live Supabase read is possible. Coverage was not observed and must not be inferred.",2026-07-29T18:47:12.866Z,other-bali-intent-os-autopilot,OB-INT-0001..0200@2026-07-29
OB-CAN-0116,Shop at Pasar Badung night market (local prices),OPERATIONAL,venues.publication_status;venues.name;venues.slug,fixture total=53;published=0;with_jobs=0;districts=nusa-dua|tanjung-benoa;supabase_configured=false,BLOCKED_BY_DATA,venues.publication_status=published AND venues.jobs non-empty,"publish job-tagged venues, or provide read-only aggregate coverage counts per district/job","venue selection requires published venues with jobs tags; observed fixture has total=53, published=0, with_jobs=0, districts=[nusa-dua|tanjung-benoa]; .env.local absent so no live Supabase read is possible. Coverage was not observed and must not be inferred.",2026-07-29T18:47:12.866Z,other-bali-intent-os-autopilot,OB-INT-0001..0200@2026-07-29
OB-CAN-0117,Find night market for crafts (not food),LOW,venues.publication_status;venues.jobs;venues.district;venues.name;venues.slug,fixture total=53;published=0;with_jobs=0;districts=nusa-dua|tanjung-benoa;supabase_configured=false,BLOCKED_BY_DATA,venues.publication_status=published AND venues.jobs non-empty,"publish job-tagged venues, or provide read-only aggregate coverage counts per district/job","venue selection requires published venues with jobs tags; observed fixture has total=53, published=0, with_jobs=0, districts=[nusa-dua|tanjung-benoa]; .env.local absent so no live Supabase read is possible. Coverage was not observed and must not be inferred.",2026-07-29T18:47:12.866Z,other-bali-intent-os-autopilot,OB-INT-0001..0200@2026-07-29
OB-CAN-0118,Shop at Artedesana in Sanur for local crafts,LOW,venues.publication_status;venues.name;venues.slug,fixture total=53;published=0;with_jobs=0;districts=nusa-dua|tanjung-benoa;supabase_configured=false,BLOCKED_BY_DATA,venues.publication_status=published AND venues.jobs non-empty,"publish job-tagged venues, or provide read-only aggregate coverage counts per district/job","venue selection requires published venues with jobs tags; observed fixture has total=53, published=0, with_jobs=0, districts=[nusa-dua|tanjung-benoa]; .env.local absent so no live Supabase read is possible. Coverage was not observed and must not be inferred.",2026-07-29T18:47:12.866Z,other-bali-intent-os-autopilot,OB-INT-0001..0200@2026-07-29
OB-CAN-0119,Find craft shops in Ubud (wholesale prices),OPERATIONAL,venues.publication_status;venues.jobs;venues.district;venues.name;venues.slug,fixture total=53;published=0;with_jobs=0;districts=nusa-dua|tanjung-benoa;supabase_configured=false,BLOCKED_BY_DATA,venues.publication_status=published AND venues.jobs non-empty,"publish job-tagged venues, or provide read-only aggregate coverage counts per district/job","venue selection requires published venues with jobs tags; observed fixture has total=53, published=0, with_jobs=0, districts=[nusa-dua|tanjung-benoa]; .env.local absent so no live Supabase read is possible. Coverage was not observed and must not be inferred.",2026-07-29T18:47:12.866Z,other-bali-intent-os-autopilot,OB-INT-0001..0200@2026-07-29
OB-CAN-0120,Visit Kuta Art Market,LOW,venues.publication_status;venues.name;venues.slug,fixture total=53;published=0;with_jobs=0;districts=nusa-dua|tanjung-benoa;supabase_configured=false,BLOCKED_BY_DATA,venues.publication_status=published AND venues.jobs non-empty,"publish job-tagged venues, or provide read-only aggregate coverage counts per district/job","venue selection requires published venues with jobs tags; observed fixture has total=53, published=0, with_jobs=0, districts=[nusa-dua|tanjung-benoa]; .env.local absent so no live Supabase read is possible. Coverage was not observed and must not be inferred.",2026-07-29T18:47:12.866Z,other-bali-intent-os-autopilot,OB-INT-0001..0200@2026-07-29
OB-CAN-0121,Shop at Monkey Forest Road for antiques,LOW,venues.publication_status;venues.name;venues.slug,fixture total=53;published=0;with_jobs=0;districts=nusa-dua|tanjung-benoa;supabase_configured=false,BLOCKED_BY_DATA,venues.publication_status=published AND venues.jobs non-empty,"publish job-tagged venues, or provide read-only aggregate coverage counts per district/job","venue selection requires published venues with jobs tags; observed fixture has total=53, published=0, with_jobs=0, districts=[nusa-dua|tanjung-benoa]; .env.local absent so no live Supabase read is possible. Coverage was not observed and must not be inferred.",2026-07-29T18:47:12.866Z,other-bali-intent-os-autopilot,OB-INT-0001..0200@2026-07-29
OB-CAN-0122,Shop at Celuk Village for gold/silver jewelry,LOW,venues.publication_status;venues.name;venues.slug,fixture total=53;published=0;with_jobs=0;districts=nusa-dua|tanjung-benoa;supabase_configured=false,BLOCKED_BY_DATA,venues.publication_status=published AND venues.jobs non-empty,"publish job-tagged venues, or provide read-only aggregate coverage counts per district/job","venue selection requires published venues with jobs tags; observed fixture has total=53, published=0, with_jobs=0, districts=[nusa-dua|tanjung-benoa]; .env.local absent so no live Supabase read is possible. Coverage was not observed and must not be inferred.",2026-07-29T18:47:12.866Z,other-bali-intent-os-autopilot,OB-INT-0001..0200@2026-07-29
OB-CAN-0123,Attend authentic Barong ceremony (non-touristy),LOW,editorial_source;verified_at,fixture total=53;published=0;with_jobs=0;districts=nusa-dua|tanjung-benoa;supabase_configured=false,NEEDS_ENRICHMENT,editorial_source;verified_at,create sourced editorial record with capture date,editorial topic requires a sourced editorial record with verified_at; no such record observed in repository,2026-07-29T18:47:12.866Z,other-bali-intent-os-autopilot,OB-INT-0001..0200@2026-07-29
OB-CAN-0124,Witness temple ceremonies during Odalan,LOW,editorial_source;verified_at,fixture total=53;published=0;with_jobs=0;districts=nusa-dua|tanjung-benoa;supabase_configured=false,NEEDS_ENRICHMENT,editorial_source;verified_at,create sourced editorial record with capture date,editorial topic requires a sourced editorial record with verified_at; no such record observed in repository,2026-07-29T18:47:12.866Z,other-bali-intent-os-autopilot,OB-INT-0001..0200@2026-07-29
OB-CAN-0125,Attend Purnama (full moon ceremony),LOW,editorial_source;verified_at,fixture total=53;published=0;with_jobs=0;districts=nusa-dua|tanjung-benoa;supabase_configured=false,NEEDS_ENRICHMENT,editorial_source;verified_at,create sourced editorial record with capture date,editorial topic requires a sourced editorial record with verified_at; no such record observed in repository,2026-07-29T18:47:12.866Z,other-bali-intent-os-autopilot,OB-INT-0001..0200@2026-07-29
OB-CAN-0126,Participate in water temple cleansing ritual,LOW,venues.publication_status;venues.jobs;venues.district;venues.name;venues.slug,fixture total=53;published=0;with_jobs=0;districts=nusa-dua|tanjung-benoa;supabase_configured=false,BLOCKED_BY_DATA,venues.publication_status=published AND venues.jobs non-empty,"publish job-tagged venues, or provide read-only aggregate coverage counts per district/job","venue selection requires published venues with jobs tags; observed fixture has total=53, published=0, with_jobs=0, districts=[nusa-dua|tanjung-benoa]; .env.local absent so no live Supabase read is possible. Coverage was not observed and must not be inferred.",2026-07-29T18:47:12.866Z,other-bali-intent-os-autopilot,OB-INT-0001..0200@2026-07-29
OB-CAN-0127,Understand women's restrictions during menstruation,LOW,editorial_source;verified_at,fixture total=53;published=0;with_jobs=0;districts=nusa-dua|tanjung-benoa;supabase_configured=false,NEEDS_ENRICHMENT,editorial_source;verified_at,create sourced editorial record with capture date,editorial topic requires a sourced editorial record with verified_at; no such record observed in repository,2026-07-29T18:47:12.866Z,other-bali-intent-os-autopilot,OB-INT-0001..0200@2026-07-29
OB-CAN-0128,Book Airbnb vs hotel (risks and benefits),LOW,venues.publication_status;venues.jobs;venues.district;venues.name;venues.slug,fixture total=53;published=0;with_jobs=0;districts=nusa-dua|tanjung-benoa;supabase_configured=false,BLOCKED_BY_DATA,venues.publication_status=published AND venues.jobs non-empty,"publish job-tagged venues, or provide read-only aggregate coverage counts per district/job","venue selection requires published venues with jobs tags; observed fixture has total=53, published=0, with_jobs=0, districts=[nusa-dua|tanjung-benoa]; .env.local absent so no live Supabase read is possible. Coverage was not observed and must not be inferred.",2026-07-29T18:47:12.866Z,other-bali-intent-os-autopilot,OB-INT-0001..0200@2026-07-29
OB-CAN-0129,Avoid Airbnb double-booking and fake listings,SAFETY,authoritative_source;reviewed_by;reviewed_at,fixture total=53;published=0;with_jobs=0;districts=nusa-dua|tanjung-benoa;supabase_configured=false,HIGH_RISK_NOT_READY,authoritative_source;reviewed_by;reviewed_at,owner authority + authoritative answer evidence required before any publication,risk_class=SAFETY: 04_AUTONOMOUS_DECISION_POLICY.yaml risk_policy sets auto_build_allowed=false and publication_status=RESEARCH_ONLY for SAFETY/MEDICAL/LEGAL_REGULATORY,2026-07-29T18:47:12.866Z,other-bali-intent-os-autopilot,OB-INT-0001..0200@2026-07-29
OB-CAN-0130,Find long-term villa rental (3-6 months),LOW,venues.publication_status;venues.jobs;venues.district;venues.name;venues.slug,fixture total=53;published=0;with_jobs=0;districts=nusa-dua|tanjung-benoa;supabase_configured=false,BLOCKED_BY_DATA,venues.publication_status=published AND venues.jobs non-empty,"publish job-tagged venues, or provide read-only aggregate coverage counts per district/job","venue selection requires published venues with jobs tags; observed fixture has total=53, published=0, with_jobs=0, districts=[nusa-dua|tanjung-benoa]; .env.local absent so no live Supabase read is possible. Coverage was not observed and must not be inferred.",2026-07-29T18:47:12.866Z,other-bali-intent-os-autopilot,OB-INT-0001..0200@2026-07-29
OB-CAN-0131,Understand noise complaints from neighbors,LOW,editorial_source;verified_at,fixture total=53;published=0;with_jobs=0;districts=nusa-dua|tanjung-benoa;supabase_configured=false,NEEDS_ENRICHMENT,editorial_source;verified_at,create sourced editorial record with capture date,editorial topic requires a sourced editorial record with verified_at; no such record observed in repository,2026-07-29T18:47:12.866Z,other-bali-intent-os-autopilot,OB-INT-0001..0200@2026-07-29
OB-CAN-0132,Book yoga and meditation retreat in Bali,LOW,venues.publication_status;venues.jobs;venues.district;venues.name;venues.slug,fixture total=53;published=0;with_jobs=0;districts=nusa-dua|tanjung-benoa;supabase_configured=false,BLOCKED_BY_DATA,venues.publication_status=published AND venues.jobs non-empty,"publish job-tagged venues, or provide read-only aggregate coverage counts per district/job","venue selection requires published venues with jobs tags; observed fixture has total=53, published=0, with_jobs=0, districts=[nusa-dua|tanjung-benoa]; .env.local absent so no live Supabase read is possible. Coverage was not observed and must not be inferred.",2026-07-29T18:47:12.866Z,other-bali-intent-os-autopilot,OB-INT-0001..0200@2026-07-29
OB-CAN-0133,Evaluate healing retreat legitimacy,LEGAL_REGULATORY,authoritative_source;reviewed_by;reviewed_at,fixture total=53;published=0;with_jobs=0;districts=nusa-dua|tanjung-benoa;supabase_configured=false,HIGH_RISK_NOT_READY,authoritative_source;reviewed_by;reviewed_at,owner authority + authoritative answer evidence required before any publication,risk_class=LEGAL_REGULATORY: 04_AUTONOMOUS_DECISION_POLICY.yaml risk_policy sets auto_build_allowed=false and publication_status=RESEARCH_ONLY for SAFETY/MEDICAL/LEGAL_REGULATORY,2026-07-29T18:47:12.866Z,other-bali-intent-os-autopilot,OB-INT-0001..0200@2026-07-29
OB-CAN-0134,Combine yoga retreat with diving trip,LOW,venues.publication_status;venues.jobs;venues.district;venues.name;venues.slug,fixture total=53;published=0;with_jobs=0;districts=nusa-dua|tanjung-benoa;supabase_configured=false,BLOCKED_BY_DATA,venues.publication_status=published AND venues.jobs non-empty,"publish job-tagged venues, or provide read-only aggregate coverage counts per district/job","venue selection requires published venues with jobs tags; observed fixture has total=53, published=0, with_jobs=0, districts=[nusa-dua|tanjung-benoa]; .env.local absent so no live Supabase read is possible. Coverage was not observed and must not be inferred.",2026-07-29T18:47:12.866Z,other-bali-intent-os-autopilot,OB-INT-0001..0200@2026-07-29
OB-CAN-0135,Understand traffic fatality rates in Bali,SAFETY,authoritative_source;reviewed_by;reviewed_at,fixture total=53;published=0;with_jobs=0;districts=nusa-dua|tanjung-benoa;supabase_configured=false,HIGH_RISK_NOT_READY,authoritative_source;reviewed_by;reviewed_at,owner authority + authoritative answer evidence required before any publication,risk_class=SAFETY: 04_AUTONOMOUS_DECISION_POLICY.yaml risk_policy sets auto_build_allowed=false and publication_status=RESEARCH_ONLY for SAFETY/MEDICAL/LEGAL_REGULATORY,2026-07-29T18:47:12.866Z,other-bali-intent-os-autopilot,OB-INT-0001..0200@2026-07-29
OB-CAN-0136,Understand Bali belly prevention,MEDICAL,authoritative_source;reviewed_by;reviewed_at,fixture total=53;published=0;with_jobs=0;districts=nusa-dua|tanjung-benoa;supabase_configured=false,HIGH_RISK_NOT_READY,authoritative_source;reviewed_by;reviewed_at,owner authority + authoritative answer evidence required before any publication,risk_class=MEDICAL: 04_AUTONOMOUS_DECISION_POLICY.yaml risk_policy sets auto_build_allowed=false and publication_status=RESEARCH_ONLY for SAFETY/MEDICAL/LEGAL_REGULATORY,2026-07-29T18:47:12.866Z,other-bali-intent-os-autopilot,OB-INT-0001..0200@2026-07-29
OB-CAN-0137,Find quality deodorant in Bali,LOW,venues.publication_status;venue_action_capability,fixture total=53;published=0;with_jobs=0;districts=nusa-dua|tanjung-benoa;supabase_configured=false,BLOCKED_BY_DATA,venues.publication_status=published AND venues.jobs non-empty,"publish job-tagged venues, or provide read-only aggregate coverage counts per district/job","venue selection requires published venues with jobs tags; observed fixture has total=53, published=0, with_jobs=0, districts=[nusa-dua|tanjung-benoa]; .env.local absent so no live Supabase read is possible. Coverage was not observed and must not be inferred.",2026-07-29T18:47:12.866Z,other-bali-intent-os-autopilot,OB-INT-0001..0200@2026-07-29
OB-CAN-0138,Understand Kopi Luwak coffee scam,SAFETY,authoritative_source;reviewed_by;reviewed_at,fixture total=53;published=0;with_jobs=0;districts=nusa-dua|tanjung-benoa;supabase_configured=false,HIGH_RISK_NOT_READY,authoritative_source;reviewed_by;reviewed_at,owner authority + authoritative answer evidence required before any publication,risk_class=SAFETY: 04_AUTONOMOUS_DECISION_POLICY.yaml risk_policy sets auto_build_allowed=false and publication_status=RESEARCH_ONLY for SAFETY/MEDICAL/LEGAL_REGULATORY,2026-07-29T18:47:12.866Z,other-bali-intent-os-autopilot,OB-INT-0001..0200@2026-07-29
OB-CAN-0139,Buy authentic local snacks and chips,LOW,venues.publication_status;venue_action_capability,fixture total=53;published=0;with_jobs=0;districts=nusa-dua|tanjung-benoa;supabase_configured=false,BLOCKED_BY_DATA,venues.publication_status=published AND venues.jobs non-empty,"publish job-tagged venues, or provide read-only aggregate coverage counts per district/job","venue selection requires published venues with jobs tags; observed fixture has total=53, published=0, with_jobs=0, districts=[nusa-dua|tanjung-benoa]; .env.local absent so no live Supabase read is possible. Coverage was not observed and must not be inferred.",2026-07-29T18:47:12.866Z,other-bali-intent-os-autopilot,OB-INT-0001..0200@2026-07-29
OB-CAN-0140,Understand visa extension process,LEGAL_REGULATORY,authoritative_source;reviewed_by;reviewed_at,fixture total=53;published=0;with_jobs=0;districts=nusa-dua|tanjung-benoa;supabase_configured=false,HIGH_RISK_NOT_READY,authoritative_source;reviewed_by;reviewed_at,owner authority + authoritative answer evidence required before any publication,risk_class=LEGAL_REGULATORY: 04_AUTONOMOUS_DECISION_POLICY.yaml risk_policy sets auto_build_allowed=false and publication_status=RESEARCH_ONLY for SAFETY/MEDICAL/LEGAL_REGULATORY,2026-07-29T18:47:12.866Z,other-bali-intent-os-autopilot,OB-INT-0001..0200@2026-07-29
OB-CAN-0141,Handle visa system downtime at immigration,LEGAL_REGULATORY,authoritative_source;reviewed_by;reviewed_at,fixture total=53;published=0;with_jobs=0;districts=nusa-dua|tanjung-benoa;supabase_configured=false,HIGH_RISK_NOT_READY,authoritative_source;reviewed_by;reviewed_at,owner authority + authoritative answer evidence required before any publication,risk_class=LEGAL_REGULATORY: 04_AUTONOMOUS_DECISION_POLICY.yaml risk_policy sets auto_build_allowed=false and publication_status=RESEARCH_ONLY for SAFETY/MEDICAL/LEGAL_REGULATORY,2026-07-29T18:47:12.866Z,other-bali-intent-os-autopilot,OB-INT-0001..0200@2026-07-29
OB-CAN-0142,Solve C1 visa online application issues,LEGAL_REGULATORY,authoritative_source;reviewed_by;reviewed_at,fixture total=53;published=0;with_jobs=0;districts=nusa-dua|tanjung-benoa;supabase_configured=false,HIGH_RISK_NOT_READY,authoritative_source;reviewed_by;reviewed_at,owner authority + authoritative answer evidence required before any publication,risk_class=LEGAL_REGULATORY: 04_AUTONOMOUS_DECISION_POLICY.yaml risk_policy sets auto_build_allowed=false and publication_status=RESEARCH_ONLY for SAFETY/MEDICAL/LEGAL_REGULATORY,2026-07-29T18:47:12.866Z,other-bali-intent-os-autopilot,OB-INT-0001..0200@2026-07-29
OB-CAN-0143,Find travel clinic for vaccinations,MEDICAL,authoritative_source;reviewed_by;reviewed_at,fixture total=53;published=0;with_jobs=0;districts=nusa-dua|tanjung-benoa;supabase_configured=false,HIGH_RISK_NOT_READY,authoritative_source;reviewed_by;reviewed_at,owner authority + authoritative answer evidence required before any publication,risk_class=MEDICAL: 04_AUTONOMOUS_DECISION_POLICY.yaml risk_policy sets auto_build_allowed=false and publication_status=RESEARCH_ONLY for SAFETY/MEDICAL/LEGAL_REGULATORY,2026-07-29T18:47:12.866Z,other-bali-intent-os-autopilot,OB-INT-0001..0200@2026-07-29
OB-CAN-0144,Find menthol powder (Herocyn) for skin,LOW,venues.publication_status;venues.name;venues.slug,fixture total=53;published=0;with_jobs=0;districts=nusa-dua|tanjung-benoa;supabase_configured=false,BLOCKED_BY_DATA,venues.publication_status=published AND venues.jobs non-empty,"publish job-tagged venues, or provide read-only aggregate coverage counts per district/job","venue selection requires published venues with jobs tags; observed fixture has total=53, published=0, with_jobs=0, districts=[nusa-dua|tanjung-benoa]; .env.local absent so no live Supabase read is possible. Coverage was not observed and must not be inferred.",2026-07-29T18:47:12.866Z,other-bali-intent-os-autopilot,OB-INT-0001..0200@2026-07-29
OB-CAN-0145,Understand Balinese offering culture,LOW,editorial_source;verified_at,fixture total=53;published=0;with_jobs=0;districts=nusa-dua|tanjung-benoa;supabase_configured=false,NEEDS_ENRICHMENT,editorial_source;verified_at,create sourced editorial record with capture date,editorial topic requires a sourced editorial record with verified_at; no such record observed in repository,2026-07-29T18:47:12.866Z,other-bali-intent-os-autopilot,OB-INT-0001..0200@2026-07-29
OB-CAN-0146,Participate respectfully in local ceremonies,LOW,editorial_source;verified_at,fixture total=53;published=0;with_jobs=0;districts=nusa-dua|tanjung-benoa;supabase_configured=false,NEEDS_ENRICHMENT,editorial_source;verified_at,create sourced editorial record with capture date,editorial topic requires a sourced editorial record with verified_at; no such record observed in repository,2026-07-29T18:47:12.866Z,other-bali-intent-os-autopilot,OB-INT-0001..0200@2026-07-29
OB-CAN-0147,Understand cremation ceremony etiquette,LOW,editorial_source;verified_at,fixture total=53;published=0;with_jobs=0;districts=nusa-dua|tanjung-benoa;supabase_configured=false,NEEDS_ENRICHMENT,editorial_source;verified_at,create sourced editorial record with capture date,editorial topic requires a sourced editorial record with verified_at; no such record observed in repository,2026-07-29T18:47:12.866Z,other-bali-intent-os-autopilot,OB-INT-0001..0200@2026-07-29
OB-CAN-0148,Understand tooth filing ceremony,LOW,editorial_source;verified_at,fixture total=53;published=0;with_jobs=0;districts=nusa-dua|tanjung-benoa;supabase_configured=false,NEEDS_ENRICHMENT,editorial_source;verified_at,create sourced editorial record with capture date,editorial topic requires a sourced editorial record with verified_at; no such record observed in repository,2026-07-29T18:47:12.866Z,other-bali-intent-os-autopilot,OB-INT-0001..0200@2026-07-29
OB-CAN-0149,Find authentic local restaurants (not tourist),LOW,venues.publication_status;venues.jobs;venues.district;venues.name;venues.slug,fixture total=53;published=0;with_jobs=0;districts=nusa-dua|tanjung-benoa;supabase_configured=false,BLOCKED_BY_DATA,venues.publication_status=published AND venues.jobs non-empty,"publish job-tagged venues, or provide read-only aggregate coverage counts per district/job","venue selection requires published venues with jobs tags; observed fixture has total=53, published=0, with_jobs=0, districts=[nusa-dua|tanjung-benoa]; .env.local absent so no live Supabase read is possible. Coverage was not observed and must not be inferred.",2026-07-29T18:47:12.866Z,other-bali-intent-os-autopilot,OB-INT-0001..0200@2026-07-29
OB-CAN-0150,Understand Balinese hospitality and friendliness,LOW,editorial_source;verified_at,fixture total=53;published=0;with_jobs=0;districts=nusa-dua|tanjung-benoa;supabase_configured=false,NEEDS_ENRICHMENT,editorial_source;verified_at,create sourced editorial record with capture date,editorial topic requires a sourced editorial record with verified_at; no such record observed in repository,2026-07-29T18:47:12.866Z,other-bali-intent-os-autopilot,OB-INT-0001..0200@2026-07-29
OB-CAN-0151,Learn basic Balinese greetings and phrases,LOW,editorial_source;verified_at,fixture total=53;published=0;with_jobs=0;districts=nusa-dua|tanjung-benoa;supabase_configured=false,NEEDS_ENRICHMENT,editorial_source;verified_at,create sourced editorial record with capture date,editorial topic requires a sourced editorial record with verified_at; no such record observed in repository,2026-07-29T18:47:12.866Z,other-bali-intent-os-autopilot,OB-INT-0001..0200@2026-07-29
OB-CAN-0152,Understand local tipping customs,LOW,editorial_source;verified_at,fixture total=53;published=0;with_jobs=0;districts=nusa-dua|tanjung-benoa;supabase_configured=false,NEEDS_ENRICHMENT,editorial_source;verified_at,create sourced editorial record with capture date,editorial topic requires a sourced editorial record with verified_at; no such record observed in repository,2026-07-29T18:47:12.866Z,other-bali-intent-os-autopilot,OB-INT-0001..0200@2026-07-29
OB-CAN-0153,Avoid being complacent with valuables,SAFETY,authoritative_source;reviewed_by;reviewed_at,fixture total=53;published=0;with_jobs=0;districts=nusa-dua|tanjung-benoa;supabase_configured=false,HIGH_RISK_NOT_READY,authoritative_source;reviewed_by;reviewed_at,owner authority + authoritative answer evidence required before any publication,risk_class=SAFETY: 04_AUTONOMOUS_DECISION_POLICY.yaml risk_policy sets auto_build_allowed=false and publication_status=RESEARCH_ONLY for SAFETY/MEDICAL/LEGAL_REGULATORY,2026-07-29T18:47:12.866Z,other-bali-intent-os-autopilot,OB-INT-0001..0200@2026-07-29
OB-CAN-0154,Use phone safely on motorbike (don't use),SAFETY,authoritative_source;reviewed_by;reviewed_at,fixture total=53;published=0;with_jobs=0;districts=nusa-dua|tanjung-benoa;supabase_configured=false,HIGH_RISK_NOT_READY,authoritative_source;reviewed_by;reviewed_at,owner authority + authoritative answer evidence required before any publication,risk_class=SAFETY: 04_AUTONOMOUS_DECISION_POLICY.yaml risk_policy sets auto_build_allowed=false and publication_status=RESEARCH_ONLY for SAFETY/MEDICAL/LEGAL_REGULATORY,2026-07-29T18:47:12.866Z,other-bali-intent-os-autopilot,OB-INT-0001..0200@2026-07-29
OB-CAN-0155,Understand garbage and pollution issues,LOW,editorial_source;verified_at,fixture total=53;published=0;with_jobs=0;districts=nusa-dua|tanjung-benoa;supabase_configured=false,NEEDS_ENRICHMENT,editorial_source;verified_at,create sourced editorial record with capture date,editorial topic requires a sourced editorial record with verified_at; no such record observed in repository,2026-07-29T18:47:12.866Z,other-bali-intent-os-autopilot,OB-INT-0001..0200@2026-07-29
OB-CAN-0156,Manage expectations about Bali's development,LOW,editorial_source;verified_at,fixture total=53;published=0;with_jobs=0;districts=nusa-dua|tanjung-benoa;supabase_configured=false,NEEDS_ENRICHMENT,editorial_source;verified_at,create sourced editorial record with capture date,editorial topic requires a sourced editorial record with verified_at; no such record observed in repository,2026-07-29T18:47:12.866Z,other-bali-intent-os-autopilot,OB-INT-0001..0200@2026-07-29
OB-CAN-0157,Understand Bali's tourism impact on locals,LOW,editorial_source;verified_at,fixture total=53;published=0;with_jobs=0;districts=nusa-dua|tanjung-benoa;supabase_configured=false,NEEDS_ENRICHMENT,editorial_source;verified_at,create sourced editorial record with capture date,editorial topic requires a sourced editorial record with verified_at; no such record observed in repository,2026-07-29T18:47:12.866Z,other-bali-intent-os-autopilot,OB-INT-0001..0200@2026-07-29
