# одна строка = одно наблюдение (проверка × URL × поле); P0..P3 по docs/AUDIT_GENERAL_TZ.md; «канд.» = наводка, не утверждение
check,severity,url,slug,field,observed,rule,evidence,reproduce,reference,measured_at,recheck
T2,P2,https://www.otherbali.com/together,,canonical,нет,ровно один self-canonical на https://www.otherbali.com,посчитано,"curl -s https://www.otherbali.com/together | grep -o 'rel=""canonical""[^>]*'",,2026-09-28,
T9,P2,,,cache-control,1840 из 1841 HTML-страниц отдают no-store (кешируемых: 1),"публичные страницы должны кешироваться (исправлено в main PR #309, на прод не выкачено)",посчитано,curl -sI https://www.otherbali.com/places/single-fin | grep -i cache-control,PR #309; docs/HANDOFF_2026-09-02.md §1,2026-09-28,
T9,P2,https://www.otherbali.com/bali/kuta-legian,,ItemList,ItemList 132 элементов,"подборка, а не каталог (курированный лимит 30–36)",посчитано,,PR #309; handoff 02.09 §2,2026-09-28,
T9,P3,https://www.otherbali.com/sidemen,,BreadcrumbList,2,не больше одного BreadcrumbList,посчитано,,PR #309; handoff 02.09 §4,2026-09-28,
T9,P3,https://www.otherbali.com/amed,,BreadcrumbList,2,не больше одного BreadcrumbList,посчитано,,PR #309; handoff 02.09 §4,2026-09-28,
T9,P3,https://www.otherbali.com/munduk,,BreadcrumbList,2,не больше одного BreadcrumbList,посчитано,,PR #309; handoff 02.09 §4,2026-09-28,
T9,P3,https://www.otherbali.com/lovina,,BreadcrumbList,2,не больше одного BreadcrumbList,посчитано,,PR #309; handoff 02.09 §4,2026-09-28,
T9,P3,https://www.otherbali.com/bali-travel-guide,,BreadcrumbList,2,не больше одного BreadcrumbList,посчитано,,PR #309; handoff 02.09 §4,2026-09-28,
T9,P3,https://www.otherbali.com/my-day,,BreadcrumbList,2,не больше одного BreadcrumbList,посчитано,,PR #309; handoff 02.09 §4,2026-09-28,
T9,P2,https://www.otherbali.com/best-spas-in-bali,,ItemList,ItemList 295 элементов,"подборка, а не каталог (курированный лимит 30–36)",посчитано,,PR #309; handoff 02.09 §2,2026-09-28,
T9,P3,https://www.otherbali.com/things-to-do-in-bali,,BreadcrumbList,2,не больше одного BreadcrumbList,посчитано,,PR #309; handoff 02.09 §4,2026-09-28,
T9,P2,https://www.otherbali.com/best-restaurants-in-bali,,ItemList,ItemList 718 элементов,"подборка, а не каталог (курированный лимит 30–36)",посчитано,,PR #309; handoff 02.09 §2,2026-09-28,
T9,P3,https://www.otherbali.com/canggu,,BreadcrumbList,2,не больше одного BreadcrumbList,посчитано,,PR #309; handoff 02.09 §4,2026-09-28,
T9,P3,https://www.otherbali.com/canggu/best-restaurants,,BreadcrumbList,2,не больше одного BreadcrumbList,посчитано,,PR #309; handoff 02.09 §4,2026-09-28,
T9,P2,https://www.otherbali.com/canggu/best-restaurants,,ItemList,ItemList 136 vs отрисовано 41,ItemList должен совпадать с отрисованным списком,посчитано,,PR #309,2026-09-28,
T9,P3,https://www.otherbali.com/canggu/best-brunch,,BreadcrumbList,2,не больше одного BreadcrumbList,посчитано,,PR #309; handoff 02.09 §4,2026-09-28,
T9,P2,https://www.otherbali.com/canggu/best-brunch,,ItemList,ItemList 44 vs отрисовано 43,ItemList должен совпадать с отрисованным списком,посчитано,,PR #309,2026-09-28,
T9,P3,https://www.otherbali.com/canggu/best-warungs,,BreadcrumbList,2,не больше одного BreadcrumbList,посчитано,,PR #309; handoff 02.09 §4,2026-09-28,
T9,P3,https://www.otherbali.com/canggu/best-spas,,BreadcrumbList,2,не больше одного BreadcrumbList,посчитано,,PR #309; handoff 02.09 §4,2026-09-28,
T9,P3,https://www.otherbali.com/canggu/work-friendly-cafes,,BreadcrumbList,2,не больше одного BreadcrumbList,посчитано,,PR #309; handoff 02.09 §4,2026-09-28,
T9,P3,https://www.otherbali.com/canggu/beach-clubs-sunset,,BreadcrumbList,2,не больше одного BreadcrumbList,посчитано,,PR #309; handoff 02.09 §4,2026-09-28,
T9,P2,https://www.otherbali.com/canggu/beach-clubs-sunset,,ItemList,ItemList 16 vs отрисовано 13,ItemList должен совпадать с отрисованным списком,посчитано,,PR #309,2026-09-28,
T9,P2,https://www.otherbali.com/uluwatu/best-restaurants,,ItemList,ItemList 12 vs отрисовано 15,ItemList должен совпадать с отрисованным списком,посчитано,,PR #309,2026-09-28,
T9,P2,https://www.otherbali.com/uluwatu/best-brunch,,ItemList,ItemList 9 vs отрисовано 8,ItemList должен совпадать с отрисованным списком,посчитано,,PR #309,2026-09-28,
T9,P2,https://www.otherbali.com/uluwatu/date-night-restaurants,,ItemList,ItemList 8 vs отрисовано 10,ItemList должен совпадать с отрисованным списком,посчитано,,PR #309,2026-09-28,
T9,P3,https://www.otherbali.com/ubud/best-warungs,,BreadcrumbList,2,не больше одного BreadcrumbList,посчитано,,PR #309; handoff 02.09 §4,2026-09-28,
T9,P3,https://www.otherbali.com/ubud/best-restaurants,,BreadcrumbList,2,не больше одного BreadcrumbList,посчитано,,PR #309; handoff 02.09 §4,2026-09-28,
T9,P2,https://www.otherbali.com/ubud/best-restaurants,,ItemList,ItemList 236 элементов,"подборка, а не каталог (курированный лимит 30–36)",посчитано,,PR #309; handoff 02.09 §2,2026-09-28,
T9,P3,https://www.otherbali.com/ubud/best-cafes-coffee,,BreadcrumbList,2,не больше одного BreadcrumbList,посчитано,,PR #309; handoff 02.09 §4,2026-09-28,
T9,P3,https://www.otherbali.com/ubud/best-yoga-wellness,,BreadcrumbList,2,не больше одного BreadcrumbList,посчитано,,PR #309; handoff 02.09 §4,2026-09-28,
T9,P3,https://www.otherbali.com/sanur/best-restaurants,,BreadcrumbList,2,не больше одного BreadcrumbList,посчитано,,PR #309; handoff 02.09 §4,2026-09-28,
T9,P3,https://www.otherbali.com/sanur/cafes-and-bars,,BreadcrumbList,2,не больше одного BreadcrumbList,посчитано,,PR #309; handoff 02.09 §4,2026-09-28,
T9,P3,https://www.otherbali.com/sanur/spas-wellness,,BreadcrumbList,2,не больше одного BreadcrumbList,посчитано,,PR #309; handoff 02.09 §4,2026-09-28,
T9,P3,https://www.otherbali.com/seminyak,,BreadcrumbList,2,не больше одного BreadcrumbList,посчитано,,PR #309; handoff 02.09 §4,2026-09-28,
T9,P3,https://www.otherbali.com/seminyak/beach-clubs-sunset,,BreadcrumbList,2,не больше одного BreadcrumbList,посчитано,,PR #309; handoff 02.09 §4,2026-09-28,
T9,P3,https://www.otherbali.com/seminyak/cafes-coffee,,BreadcrumbList,2,не больше одного BreadcrumbList,посчитано,,PR #309; handoff 02.09 §4,2026-09-28,
T9,P3,https://www.otherbali.com/seminyak/best-restaurants,,BreadcrumbList,2,не больше одного BreadcrumbList,посчитано,,PR #309; handoff 02.09 §4,2026-09-28,
T9,P2,https://www.otherbali.com/seminyak/best-restaurants,,ItemList,ItemList 139 элементов,"подборка, а не каталог (курированный лимит 30–36)",посчитано,,PR #309; handoff 02.09 §2,2026-09-28,
T9,P3,https://www.otherbali.com/seminyak/spas-salons-wellness,,BreadcrumbList,2,не больше одного BreadcrumbList,посчитано,,PR #309; handoff 02.09 §4,2026-09-28,
T9,P3,https://www.otherbali.com/nusa-dua,,BreadcrumbList,2,не больше одного BreadcrumbList,посчитано,,PR #309; handoff 02.09 §4,2026-09-28,
T9,P3,https://www.otherbali.com/nusa-dua/spas-wellness,,BreadcrumbList,2,не больше одного BreadcrumbList,посчитано,,PR #309; handoff 02.09 §4,2026-09-28,
T9,P3,https://www.otherbali.com/nusa-dua/best-restaurants,,BreadcrumbList,2,не больше одного BreadcrumbList,посчитано,,PR #309; handoff 02.09 §4,2026-09-28,
T9,P3,https://www.otherbali.com/jimbaran,,BreadcrumbList,2,не больше одного BreadcrumbList,посчитано,,PR #309; handoff 02.09 §4,2026-09-28,
T9,P3,https://www.otherbali.com/jimbaran/best-restaurants,,BreadcrumbList,2,не больше одного BreadcrumbList,посчитано,,PR #309; handoff 02.09 §4,2026-09-28,
T9,P3,https://www.otherbali.com/jimbaran/spas-wellness,,BreadcrumbList,2,не больше одного BreadcrumbList,посчитано,,PR #309; handoff 02.09 §4,2026-09-28,
T9,P3,https://www.otherbali.com/nusa-penida,,BreadcrumbList,2,не больше одного BreadcrumbList,посчитано,,PR #309; handoff 02.09 §4,2026-09-28,
T9,P2,https://www.otherbali.com/places,,ItemList,ItemList 104 элементов,"подборка, а не каталог (курированный лимит 30–36)",посчитано,,PR #309; handoff 02.09 §2,2026-09-28,
T9,P3,https://www.otherbali.com/collections,,BreadcrumbList,2,не больше одного BreadcrumbList,посчитано,,PR #309; handoff 02.09 §4,2026-09-28,
T9,P3,https://www.otherbali.com/collections/brunch-and-breakfast,,BreadcrumbList,2,не больше одного BreadcrumbList,посчитано,,PR #309; handoff 02.09 §4,2026-09-28,
T9,P3,https://www.otherbali.com/collections/balinese-and-local-food,,BreadcrumbList,2,не больше одного BreadcrumbList,посчитано,,PR #309; handoff 02.09 §4,2026-09-28,
T9,P2,https://www.otherbali.com/collections/balinese-and-local-food,,ItemList,ItemList 136 элементов,"подборка, а не каталог (курированный лимит 30–36)",посчитано,,PR #309; handoff 02.09 §2,2026-09-28,
T9,P3,https://www.otherbali.com/collections/seafood,,BreadcrumbList,2,не больше одного BreadcrumbList,посчитано,,PR #309; handoff 02.09 §4,2026-09-28,
T9,P3,https://www.otherbali.com/collections/japanese,,BreadcrumbList,2,не больше одного BreadcrumbList,посчитано,,PR #309; handoff 02.09 §4,2026-09-28,
T9,P3,https://www.otherbali.com/collections/desserts-gelato-and-pastry,,BreadcrumbList,2,не больше одного BreadcrumbList,посчитано,,PR #309; handoff 02.09 §4,2026-09-28,
T9,P3,https://www.otherbali.com/collections/vegetarian-and-plant-based,,BreadcrumbList,2,не больше одного BreadcrumbList,посчитано,,PR #309; handoff 02.09 §4,2026-09-28,
T9,P3,https://www.otherbali.com/collections/date-night,,BreadcrumbList,2,не больше одного BreadcrumbList,посчитано,,PR #309; handoff 02.09 §4,2026-09-28,
T9,P3,https://www.otherbali.com/collections/group-dinners,,BreadcrumbList,2,не больше одного BreadcrumbList,посчитано,,PR #309; handoff 02.09 §4,2026-09-28,
T9,P3,https://www.otherbali.com/collections/family-easy-dinners,,BreadcrumbList,2,не больше одного BreadcrumbList,посчитано,,PR #309; handoff 02.09 §4,2026-09-28,
T9,P3,https://www.otherbali.com/collections/special-occasion,,BreadcrumbList,2,не больше одного BreadcrumbList,посчитано,,PR #309; handoff 02.09 §4,2026-09-28,
T9,P3,https://www.otherbali.com/collections/work-friendly-cafes,,BreadcrumbList,2,не больше одного BreadcrumbList,посчитано,,PR #309; handoff 02.09 §4,2026-09-28,
T9,P3,https://www.otherbali.com/collections/sunset-drinks,,BreadcrumbList,2,не больше одного BreadcrumbList,посчитано,,PR #309; handoff 02.09 §4,2026-09-28,
T9,P3,https://www.otherbali.com/collections/local-and-calm,,BreadcrumbList,2,не больше одного BreadcrumbList,посчитано,,PR #309; handoff 02.09 §4,2026-09-28,
T9,P3,https://www.otherbali.com/collections/just-landed,,BreadcrumbList,2,не больше одного BreadcrumbList,посчитано,,PR #309; handoff 02.09 §4,2026-09-28,
T9,P3,https://www.otherbali.com/collections/cheap-and-brilliant,,BreadcrumbList,2,не больше одного BreadcrumbList,посчитано,,PR #309; handoff 02.09 §4,2026-09-28,
T9,P3,https://www.otherbali.com/bali-free-beach-clubs,,BreadcrumbList,2,не больше одного BreadcrumbList,посчитано,,PR #309; handoff 02.09 §4,2026-09-28,
T9,P3,https://www.otherbali.com/bali-hotel-brunches,,BreadcrumbList,2,не больше одного BreadcrumbList,посчитано,,PR #309; handoff 02.09 §4,2026-09-28,
T9,P3,https://www.otherbali.com/bali-resort-day-passes,,BreadcrumbList,2,не больше одного BreadcrumbList,посчитано,,PR #309; handoff 02.09 §4,2026-09-28,
T9,P3,https://www.otherbali.com/collections/worth-the-splurge,,BreadcrumbList,2,не больше одного BreadcrumbList,посчитано,,PR #309; handoff 02.09 §4,2026-09-28,
T9,P3,https://www.otherbali.com/canggu/beach-club-day-passes,,BreadcrumbList,2,не больше одного BreadcrumbList,посчитано,,PR #309; handoff 02.09 §4,2026-09-28,
T9,P3,https://www.otherbali.com/jimbaran/hotel-brunches,,BreadcrumbList,2,не больше одного BreadcrumbList,посчитано,,PR #309; handoff 02.09 §4,2026-09-28,
T9,P3,https://www.otherbali.com/bali-sunset-clubs,,BreadcrumbList,2,не больше одного BreadcrumbList,посчитано,,PR #309; handoff 02.09 §4,2026-09-28,
T9,P3,https://www.otherbali.com/jimbaran/resort-day-passes,,BreadcrumbList,2,не больше одного BreadcrumbList,посчитано,,PR #309; handoff 02.09 §4,2026-09-28,
T9,P3,https://www.otherbali.com/jimbaran/sunset-seafood,,BreadcrumbList,2,не больше одного BreadcrumbList,посчитано,,PR #309; handoff 02.09 §4,2026-09-28,
T9,P3,https://www.otherbali.com/nusa-dua/hotel-brunches,,BreadcrumbList,2,не больше одного BreadcrumbList,посчитано,,PR #309; handoff 02.09 §4,2026-09-28,
T9,P3,https://www.otherbali.com/nusa-dua/resort-day-passes,,BreadcrumbList,2,не больше одного BreadcrumbList,посчитано,,PR #309; handoff 02.09 §4,2026-09-28,
T9,P3,https://www.otherbali.com/sanur/hotel-brunches,,BreadcrumbList,2,не больше одного BreadcrumbList,посчитано,,PR #309; handoff 02.09 §4,2026-09-28,
T9,P3,https://www.otherbali.com/sanur/resort-day-passes,,BreadcrumbList,2,не больше одного BreadcrumbList,посчитано,,PR #309; handoff 02.09 §4,2026-09-28,
T9,P3,https://www.otherbali.com/seminyak/beach-club-day-passes,,BreadcrumbList,2,не больше одного BreadcrumbList,посчитано,,PR #309; handoff 02.09 §4,2026-09-28,
T9,P3,https://www.otherbali.com/seminyak/hotel-brunches,,BreadcrumbList,2,не больше одного BreadcrumbList,посчитано,,PR #309; handoff 02.09 §4,2026-09-28,
T9,P3,https://www.otherbali.com/ubud/hotel-brunches,,BreadcrumbList,2,не больше одного BreadcrumbList,посчитано,,PR #309; handoff 02.09 §4,2026-09-28,
T9,P3,https://www.otherbali.com/ubud/jungle-pool-day-passes,,BreadcrumbList,2,не больше одного BreadcrumbList,посчитано,,PR #309; handoff 02.09 §4,2026-09-28,
T9,P3,https://www.otherbali.com/day-passes/holiday-inn-resort-bali-nusa-dua--fun-day-pass,,BreadcrumbList,2,не больше одного BreadcrumbList,посчитано,,PR #309; handoff 02.09 §4,2026-09-28,
T9,P3,https://www.otherbali.com/day-passes/hotel-nikko-bali-benoa-beach--nikko-day-pass,,BreadcrumbList,2,не больше одного BreadcrumbList,посчитано,,PR #309; handoff 02.09 §4,2026-09-28,
T9,P3,https://www.otherbali.com/day-passes/samabe-bali-suites-and-villas--a-day-at-beach-cabanas,,BreadcrumbList,2,не больше одного BreadcrumbList,посчитано,,PR #309; handoff 02.09 §4,2026-09-28,
T9,P3,https://www.otherbali.com/uluwatu/resort-pool-day-passes,,BreadcrumbList,2,не больше одного BreadcrumbList,посчитано,,PR #309; handoff 02.09 §4,2026-09-28,
T9,P3,https://www.otherbali.com/day-passes/novotel-bali-benoa--day-pass,,BreadcrumbList,2,не больше одного BreadcrumbList,посчитано,,PR #309; handoff 02.09 §4,2026-09-28,
T9,P3,https://www.otherbali.com/day-passes/the-royal-santrian--dip-and-dine,,BreadcrumbList,2,не больше одного BreadcrumbList,посчитано,,PR #309; handoff 02.09 §4,2026-09-28,
T9,P3,https://www.otherbali.com/day-passes/the-royal-santrian--day-dream-experience,,BreadcrumbList,2,не больше одного BreadcrumbList,посчитано,,PR #309; handoff 02.09 §4,2026-09-28,
T9,P3,https://www.otherbali.com/day-passes/the-sakala-resort-bali--sakala-beach-club-day-pass,,BreadcrumbList,2,не больше одного BreadcrumbList,посчитано,,PR #309; handoff 02.09 §4,2026-09-28,
T9,P3,https://www.otherbali.com/brunches/the-apurva-kempinski-bali--brunchcation-at-pala,,BreadcrumbList,2,не больше одного BreadcrumbList,посчитано,,PR #309; handoff 02.09 §4,2026-09-28,
T9,P3,https://www.otherbali.com/brunches/sofitel-bali-nusa-dua-beach-resort--cucina-sunday-brunch,,BreadcrumbList,2,не больше одного BreadcrumbList,посчитано,,PR #309; handoff 02.09 §4,2026-09-28,
T9,P3,https://www.otherbali.com/brunches/the-apurva-kempinski-bali--dim-sum-brunch-at-bai-yun,,BreadcrumbList,2,не больше одного BreadcrumbList,посчитано,,PR #309; handoff 02.09 §4,2026-09-28,
T9,P3,https://www.otherbali.com/brunches/the-st-regis-bali-resort--astor-brunch-at-kayuputi,,BreadcrumbList,2,не больше одного BreadcrumbList,посчитано,,PR #309; handoff 02.09 §4,2026-09-28,
T9,P3,https://www.otherbali.com/brunches/the-apurva-kempinski-bali--izakaya-journey,,BreadcrumbList,2,не больше одного BreadcrumbList,посчитано,,PR #309; handoff 02.09 §4,2026-09-28,
T9,P3,https://www.otherbali.com/brunches/the-st-regis-bali-resort--the-st-regis-bali-brunch-at-kayuputi,,BreadcrumbList,2,не больше одного BreadcrumbList,посчитано,,PR #309; handoff 02.09 §4,2026-09-28,
T9,P3,https://www.otherbali.com/brunches/the-westin-resort-nusa-dua-bali--prego-monthly-brunch,,BreadcrumbList,2,не больше одного BreadcrumbList,посчитано,,PR #309; handoff 02.09 §4,2026-09-28,
T9,P3,https://www.otherbali.com/brunches/the-st-regis-bali-resort--boneka-sunday-brunch,,BreadcrumbList,2,не больше одного BreadcrumbList,посчитано,,PR #309; handoff 02.09 §4,2026-09-28,
T10,P2,https://www.otherbali.com/bali/kuta-legian,,html bytes,937359,HTML > 500 КБ,посчитано,,,2026-09-28,
T10,P2,https://www.otherbali.com/best-restaurants-in-bali,,html bytes,708946,HTML > 500 КБ,посчитано,,,2026-09-28,
T10,P2,https://www.otherbali.com/canggu/best-restaurants,,html bytes,620252,HTML > 500 КБ,посчитано,,,2026-09-28,
T10,P2,https://www.otherbali.com/canggu/work-friendly-cafes,,html bytes,609823,HTML > 500 КБ,посчитано,,,2026-09-28,
T10,P2,https://www.otherbali.com/ubud/best-restaurants,,html bytes,1646524,HTML > 500 КБ,посчитано,,,2026-09-28,
T10,P2,https://www.otherbali.com/ubud/best-yoga-wellness,,html bytes,519280,HTML > 500 КБ,посчитано,,,2026-09-28,
T10,P2,https://www.otherbali.com/seminyak/best-restaurants,,html bytes,1003760,HTML > 500 КБ,посчитано,,,2026-09-28,
T10,P2,https://www.otherbali.com/seminyak/spas-salons-wellness,,html bytes,552669,HTML > 500 КБ,посчитано,,,2026-09-28,
T10,P2,https://www.otherbali.com/nusa-dua/best-restaurants,,html bytes,599997,HTML > 500 КБ,посчитано,,,2026-09-28,
T10,P2,https://www.otherbali.com/places,,html bytes,811093,HTML > 500 КБ,посчитано,,,2026-09-28,
T10,P2,https://www.otherbali.com/collections/brunch-and-breakfast,,html bytes,666662,HTML > 500 КБ,посчитано,,,2026-09-28,
T10,P2,https://www.otherbali.com/collections/balinese-and-local-food,,html bytes,976348,HTML > 500 КБ,посчитано,,,2026-09-28,
T10,P2,https://www.otherbali.com/collections/date-night,,html bytes,639784,HTML > 500 КБ,посчитано,,,2026-09-28,
T10,P2,https://www.otherbali.com/collections/group-dinners,,html bytes,726000,HTML > 500 КБ,посчитано,,,2026-09-28,
T10,P2,https://www.otherbali.com/collections/cheap-and-brilliant,,html bytes,646443,HTML > 500 КБ,посчитано,,,2026-09-28,
T4,P2,https://www.otherbali.com/together,,description,нет,meta description обязателен,посчитано,,,2026-09-28,
T4,P3,https://www.otherbali.com/first-time-in-bali,,title,72: First time in Bali — your first day without rookie mistakes · Other Bali,title ≤ 60 символов (WARN стандарта),посчитано,,,2026-09-28,
T4,P3,https://www.otherbali.com/romantic-bali,,title,71: Romantic Bali — sunset and dinner without the tourist trap · Other Bali,title ≤ 60 символов (WARN стандарта),посчитано,,,2026-09-28,
T4,P3,https://www.otherbali.com/bali-retreat-reset,,title,63: Bali reset — a calmer week for your nervous system · Other Bali,title ≤ 60 символов (WARN стандарта),посчитано,,,2026-09-28,
T4,P3,https://www.otherbali.com/guides,,title,"61: Bali travel guides — planning, areas and best-of · Other Bali",title ≤ 60 символов (WARN стандарта),посчитано,,,2026-09-28,
T4,P3,https://www.otherbali.com/my-day,,title,66: Today in Bali — find a place for the moment you're in · Other Bali,title ≤ 60 символов (WARN стандарта),посчитано,,,2026-09-28,
T4,P3,https://www.otherbali.com/nusa-penida-day-trip,,title,62: Nusa Penida day trip from Bali: how to do it well · Other Bali,title ≤ 60 символов (WARN стандарта),посчитано,,,2026-09-28,
T4,P3,https://www.otherbali.com/canggu-without-a-scooter,,title,68: Canggu without a scooter: where to stay and how to move · Other Bali,title ≤ 60 символов (WARN стандарта),посчитано,,,2026-09-28,
T4,P3,https://www.otherbali.com/bali-for-digital-nomads,,title,"65: Bali for digital nomads: where to live, work and eat · Other Bali",title ≤ 60 символов (WARN стандарта),посчитано,,,2026-09-28,
T4,P3,https://www.otherbali.com/jimbaran-seafood,,title,65: Jimbaran seafood: grilled fish on the sand at sunset · Other Bali,title ≤ 60 символов (WARN стандарта),посчитано,,,2026-09-28,
T4,P3,https://www.otherbali.com/bali-day-trips,,title,72: Bali day trip ideas: choose the right route before you book · Other Bali,title ≤ 60 символов (WARN стандарта),посчитано,,,2026-09-28,
T4,P3,https://www.otherbali.com/uluwatu-sunset-kecak,,title,75: Uluwatu sunset and Kecak: is this Bali day trip right for you? · Other Bali,title ≤ 60 символов (WARN стандарта),посчитано,,,2026-09-28,
T4,P3,https://www.otherbali.com/east-bali-temples-water-palaces,,title,"93: East Bali day trip idea: temples, water palaces and the long-drive reality check · Other Bali",title ≤ 60 символов (WARN стандарта),посчитано,,,2026-09-28,
T4,P3,https://www.otherbali.com/ubud-culture-rice-terraces-waterfalls,,title,"70: Ubud day trip idea: culture, rice terraces and waterfalls · Other Bali",title ≤ 60 символов (WARN стандарта),посчитано,,,2026-09-28,
T4,P3,https://www.otherbali.com/mount-batur-sunrise-jeep-hot-spring,,title,77: Mount Batur sunrise jeep and hot spring: who this Bali trip fits · Other Bali,title ≤ 60 символов (WARN стандарта),посчитано,,,2026-09-28,
T4,P3,https://www.otherbali.com/canggu,,title,"74: Canggu guide — where to eat, work, reset and watch the sunset · Other Bali",title ≤ 60 символов (WARN стандарта),посчитано,,,2026-09-28,
T4,P3,https://www.otherbali.com/canggu/best-restaurants,,title,78: Best restaurants in Canggu — sorted by the dinner you're planning · Other Bali,title ≤ 60 символов (WARN стандарта),посчитано,,,2026-09-28,
T4,P3,https://www.otherbali.com/canggu/best-brunch,,title,"72: Best brunch in Canggu — cafés, all-day spots and beachfront · Other Bali",title ≤ 60 символов (WARN стандарта),посчитано,,,2026-09-28,
T4,P3,https://www.otherbali.com/canggu/best-warungs,,title,"65: Best warungs in Canggu — cheap, authentic local food · Other Bali",title ≤ 60 символов (WARN стандарта),посчитано,,,2026-09-28,
T4,P3,https://www.otherbali.com/canggu/best-spas,,title,"62: Best spas in Canggu — massage, reset and recovery · Other Bali",title ≤ 60 символов (WARN стандарта),посчитано,,,2026-09-28,
T4,P3,https://www.otherbali.com/canggu/work-friendly-cafes,,title,"77: Work-friendly cafés in Canggu — wifi, sockets, a seat that lasts · Other Bali",title ≤ 60 символов (WARN стандарта),посчитано,,,2026-09-28,
T4,P3,https://www.otherbali.com/canggu/beach-clubs-sunset,,title,70: Canggu beach clubs & sunset — where to be for golden hour · Other Bali,title ≤ 60 символов (WARN стандарта),посчитано,,,2026-09-28,
T4,P3,https://www.otherbali.com/uluwatu,,title,62: Uluwatu Bali guide: is it the right base for you? · Other Bali,title ≤ 60 символов (WARN стандарта),посчитано,,,2026-09-28,
T4,P3,https://www.otherbali.com/uluwatu/best-restaurants,,title,"74: Best restaurants in Uluwatu — chosen by decision, not by list · Other Bali",title ≤ 60 символов (WARN стандарта),посчитано,,,2026-09-28,
T4,P3,https://www.otherbali.com/uluwatu/best-brunch,,title,"79: Best brunch in Uluwatu — coffee, post-surf plates & quiet mornings · Other Bali",title ≤ 60 символов (WARN стандарта),посчитано,,,2026-09-28,
T4,P3,https://www.otherbali.com/uluwatu/beach-clubs-sunset,,title,67: Uluwatu beach clubs & sunset spots — compared honestly · Other Bali,title ≤ 60 символов (WARN стандарта),посчитано,,,2026-09-28,
T4,P3,https://www.otherbali.com/uluwatu/date-night-restaurants,,title,"72: Date-night restaurants in Uluwatu — quiet, view or occasion · Other Bali",title ≤ 60 символов (WARN стандарта),посчитано,,,2026-09-28,
T4,P3,https://www.otherbali.com/ubud/things-to-do,,title,"72: Best things to do in Ubud — temples, rice terraces & jungle · Other Bali",title ≤ 60 символов (WARN стандарта),посчитано,,,2026-09-28,
T4,P3,https://www.otherbali.com/ubud/best-warungs,,title,"63: Best warungs in Ubud — cheap, authentic local food · Other Bali",title ≤ 60 символов (WARN стандарта),посчитано,,,2026-09-28,
T4,P3,https://www.otherbali.com/ubud/best-restaurants,,title,"70: Best restaurants in Ubud — resident-curated, honest picks · Other Bali",title ≤ 60 символов (WARN стандарта),посчитано,,,2026-09-28,
T4,P3,https://www.otherbali.com/ubud/best-cafes-coffee,,title,"75: Best cafés & coffee in Ubud — where to sit, work and slow down · Other Bali",title ≤ 60 символов (WARN стандарта),посчитано,,,2026-09-28,
T4,P3,https://www.otherbali.com/sanur/best-hotels,,title,63: Best hotels in Sanur — beachfront classics by zone · Other Bali,title ≤ 60 символов (WARN стандарта),посчитано,,,2026-09-28,
T4,P3,https://www.otherbali.com/ubud/best-yoga-wellness,,title,"75: Best yoga & wellness in Ubud — studios, spas, sound & retreats · Other Bali",title ≤ 60 символов (WARN стандарта),посчитано,,,2026-09-28,
T4,P3,https://www.otherbali.com/sanur/things-to-do,,title,69: Best things to do in Sanur — beyond sitting at the hotel · Other Bali,title ≤ 60 символов (WARN стандарта),посчитано,,,2026-09-28,
T4,P3,https://www.otherbali.com/sanur/best-restaurants,,title,"71: Best restaurants in Sanur — resident-curated, honest picks · Other Bali",title ≤ 60 символов (WARN стандарта),посчитано,,,2026-09-28,
T4,P3,https://www.otherbali.com/sanur/cafes-and-bars,,title,"72: Best cafés & bars in Sanur — coffee, brunch and easy drinks · Other Bali",title ≤ 60 символов (WARN стандарта),посчитано,,,2026-09-28,
T4,P3,https://www.otherbali.com/sanur/spas-wellness,,title,"67: Best spas & wellness in Sanur — massage, yoga & salons · Other Bali",title ≤ 60 символов (WARN стандарта),посчитано,,,2026-09-28,
T4,P3,https://www.otherbali.com/seminyak,,title,"79: Seminyak guide — where to eat, drink at sunset and be looked after · Other Bali",title ≤ 60 символов (WARN стандарта),посчитано,,,2026-09-28,
T4,P3,https://www.otherbali.com/seminyak/beach-clubs-sunset,,title,72: Seminyak beach clubs & sunset — where to be for golden hour · Other Bali,title ≤ 60 символов (WARN стандарта),посчитано,,,2026-09-28,
T4,P3,https://www.otherbali.com/seminyak/cafes-coffee,,title,"77: Best cafés & coffee in Seminyak — brunch, specialty coffee, work · Other Bali",title ≤ 60 символов (WARN стандарта),посчитано,,,2026-09-28,
T4,P3,https://www.otherbali.com/seminyak/best-restaurants,,title,73: Best restaurants in Seminyak — resident-curated dinner picks · Other Bali,title ≤ 60 символов (WARN стандарта),посчитано,,,2026-09-28,
T4,P3,https://www.otherbali.com/seminyak/spas-salons-wellness,,title,"77: Best spas & salons in Seminyak — massage, beauty, yoga & fitness · Other Bali",title ≤ 60 символов (WARN стандарта),посчитано,,,2026-09-28,
T4,P3,https://www.otherbali.com/nusa-dua/things-to-do,,title,67: Best things to do in Nusa Dua — beyond the resort pool · Other Bali,title ≤ 60 символов (WARN стандарта),посчитано,,,2026-09-28,
T4,P3,https://www.otherbali.com/nusa-dua,,title,"63: Nusa Dua guide — the calm, polished resort enclave · Other Bali",title ≤ 60 символов (WARN стандарта),посчитано,,,2026-09-28,
T4,P3,https://www.otherbali.com/nusa-dua/spas-wellness,,title,"75: Best spas & wellness in Nusa Dua — resort spas, fitness & yoga · Other Bali",title ≤ 60 символов (WARN стандарта),посчитано,,,2026-09-28,
T4,P3,https://www.otherbali.com/nusa-dua/best-restaurants,,title,"75: Best restaurants in Nusa Dua — fine dining, beachfront & local · Other Bali",title ≤ 60 символов (WARN стандарта),посчитано,,,2026-09-28,
T4,P3,https://www.otherbali.com/jimbaran/things-to-do,,title,70: Best things to do in Jimbaran — beyond the seafood dinner · Other Bali,title ≤ 60 символов (WARN стандарта),посчитано,,,2026-09-28,
T4,P3,https://www.otherbali.com/jimbaran,,title,"74: Jimbaran guide — the seafood bay, sunset bars & resort dining · Other Bali",title ≤ 60 символов (WARN стандарта),посчитано,,,2026-09-28,
T4,P3,https://www.otherbali.com/jimbaran/best-restaurants,,title,"78: Best restaurants in Jimbaran — seafood, sunset bars & fine dining · Other Bali",title ≤ 60 символов (WARN стандарта),посчитано,,,2026-09-28,
T4,P3,https://www.otherbali.com/jimbaran/spas-wellness,,title,"75: Best spas & wellness in Jimbaran — resort spas, fitness & yoga · Other Bali",title ≤ 60 символов (WARN стандарта),посчитано,,,2026-09-28,
T4,P3,https://www.otherbali.com/nusa-penida,,title,"61: Nusa Penida guide — cliffs, coves and manta rays · Other Bali",title ≤ 60 символов (WARN стандарта),посчитано,,,2026-09-28,
T4,P3,https://www.otherbali.com/places/amed-roda-spa-amed,amed-roda-spa-amed,description,…inese Massage is 170K IDR for 60 minutes,описание обрезано посреди слова/фразы,посчитано,"curl -s https://www.otherbali.com/places/amed-roda-spa-amed | grep -o 'name=""description""[^>]*'",PR #311 (черновик) — исправление в работе,2026-09-28,
T4,P3,https://www.otherbali.com/places,,title,"66: Explore Bali — places to eat, drink & go, by district · Other Bali",title ≤ 60 символов (WARN стандарта),посчитано,,,2026-09-28,
T4,P3,https://www.otherbali.com/places/hotel-uyah-amed-spa-resort-amed,hotel-uyah-amed-spa-resort-amed,description,…l Full Body “Pijat” Massage (60 minutes),описание обрезано посреди слова/фразы,посчитано,"curl -s https://www.otherbali.com/places/hotel-uyah-amed-spa-resort-amed | grep -o 'name=""description""[^>]*'",PR #311 (черновик) — исправление в работе,2026-09-28,
T4,P3,https://www.otherbali.com/places/monkey-bar-bali,monkey-bar-bali,description,… with valley views toward the sea and pr,описание обрезано посреди слова/фразы,посчитано,"curl -s https://www.otherbali.com/places/monkey-bar-bali | grep -o 'name=""description""[^>]*'",PR #311 (черновик) — исправление в работе,2026-09-28,
T4,P3,https://www.otherbali.com/places/tirta-padma-tribhuwana-padma,tirta-padma-tribhuwana-padma,description,…eal around Mount Batur and the surroundi,описание обрезано посреди слова/фразы,посчитано,"curl -s https://www.otherbali.com/places/tirta-padma-tribhuwana-padma | grep -o 'name=""description""[^>]*'",PR #311 (черновик) — исправление в работе,2026-09-28,
T4,P3,https://www.otherbali.com/places/desa-wisata-tembuku,desa-wisata-tembuku,description,…narrow rock crevice about 15 metres high,описание обрезано посреди слова/фразы,посчитано,"curl -s https://www.otherbali.com/places/desa-wisata-tembuku | grep -o 'name=""description""[^>]*'",PR #311 (черновик) — исправление в работе,2026-09-28,
T4,P3,https://www.otherbali.com/places/desa-wisata-undisan,desa-wisata-undisan,description,…arming and craft traditions -- including,описание обрезано посреди слова/фразы,посчитано,"curl -s https://www.otherbali.com/places/desa-wisata-undisan | grep -o 'name=""description""[^>]*'",PR #311 (черновик) — исправление в работе,2026-09-28,
T4,P3,https://www.otherbali.com/places/12-kitchen-and-wine,12-kitchen-and-wine,description,…ing done on the grill using local ingred,описание обрезано посреди слова/фразы,посчитано,"curl -s https://www.otherbali.com/places/12-kitchen-and-wine | grep -o 'name=""description""[^>]*'",PR #311 (черновик) — исправление в работе,2026-09-28,
T4,P3,https://www.otherbali.com/places/12-urban-cafe-breakfast-and-dinner-movie-night-cocktail-bar-canggu,12-urban-cafe-breakfast-and-dinner-movie-night-cocktail-bar-canggu,description,"…asta and risotto to schnitzel, seafood a",описание обрезано посреди слова/фразы,посчитано,"curl -s https://www.otherbali.com/places/12-urban-cafe-breakfast-and-dinner-movie-night-cocktail-bar-canggu | grep -o 'name=""description""[^>]*'",PR #311 (черновик) — исправление в работе,2026-09-28,
T4,P3,https://www.otherbali.com/places/adda-yoga,adda-yoga,description,"…atha, yin and restorative classes plus p",описание обрезано посреди слова/фразы,посчитано,"curl -s https://www.otherbali.com/places/adda-yoga | grep -o 'name=""description""[^>]*'",PR #311 (черновик) — исправление в работе,2026-09-28,
T4,P3,https://www.otherbali.com/places/7am-bakers-umalas,7am-bakers-umalas,description,… own outlet page describes freshly baked,описание обрезано посреди слова/фразы,посчитано,"curl -s https://www.otherbali.com/places/7am-bakers-umalas | grep -o 'name=""description""[^>]*'",PR #311 (черновик) — исправление в работе,2026-09-28,
T4,P3,https://www.otherbali.com/places/aliya-salon-and-day-spa-canggu,aliya-salon-and-day-spa-canggu,description,…IDR for 60 minutes. Booking runs through,описание обрезано посреди слова/фразы,посчитано,"curl -s https://www.otherbali.com/places/aliya-salon-and-day-spa-canggu | grep -o 'name=""description""[^>]*'",PR #311 (черновик) — исправление в работе,2026-09-28,
T4,P3,https://www.otherbali.com/places/amavi-canggu-bali,amavi-canggu-bali,description,…nasi goreng and sate ayam to Angus ribey,описание обрезано посреди слова/фразы,посчитано,"curl -s https://www.otherbali.com/places/amavi-canggu-bali | grep -o 'name=""description""[^>]*'",PR #311 (черновик) — исправление в работе,2026-09-28,
T4,P3,https://www.otherbali.com/places/alma-tapas-bar,alma-tapas-bar,description,…he February 2026 menu runs from jamon an,описание обрезано посреди слова/фразы,посчитано,"curl -s https://www.otherbali.com/places/alma-tapas-bar | grep -o 'name=""description""[^>]*'",PR #311 (черновик) — исправление в работе,2026-09-28,
T4,P3,https://www.otherbali.com/places/amplitude-skate-and-bike-park,amplitude-skate-and-bike-park,description,…he largest an Olympic-size 10ft. Its own,описание обрезано посреди слова/фразы,посчитано,"curl -s https://www.otherbali.com/places/amplitude-skate-and-bike-park | grep -o 'name=""description""[^>]*'",PR #311 (черновик) — исправление в работе,2026-09-28,
T4,P3,https://www.otherbali.com/places/amo-spa-canggu-canggu,amo-spa-canggu-canggu,description,…h and mineral-soak recovery circuit -- p,описание обрезано посреди слова/фразы,посчитано,"curl -s https://www.otherbali.com/places/amo-spa-canggu-canggu | grep -o 'name=""description""[^>]*'",PR #311 (черновик) — исправление в работе,2026-09-28,
T4,P3,https://www.otherbali.com/places/amo-spa-canggu,amo-spa-canggu,description,… Balinese Massage is 500K IDR for 60 min,описание обрезано посреди слова/фразы,посчитано,"curl -s https://www.otherbali.com/places/amo-spa-canggu | grep -o 'name=""description""[^>]*'",PR #311 (черновик) — исправление в работе,2026-09-28,
T4,P3,https://www.otherbali.com/places/artisan-pererenan,artisan-pererenan,description,"…n risotto with grilled prawn, and gnocch",описание обрезано посреди слова/фразы,посчитано,"curl -s https://www.otherbali.com/places/artisan-pererenan | grep -o 'name=""description""[^>]*'",PR #311 (черновик) — исправление в работе,2026-09-28,
T4,P3,https://www.otherbali.com/places/ashe-grill-and-bar,ashe-grill-and-bar,description,"…e fire, with cooking drawn from Global S",описание обрезано посреди слова/фразы,посчитано,"curl -s https://www.otherbali.com/places/ashe-grill-and-bar | grep -o 'name=""description""[^>]*'",PR #311 (черновик) — исправление в работе,2026-09-28,
T4,P3,https://www.otherbali.com/places/at06,at06,description,…gym has a cold plunge and a jacuzzi. Reb,описание обрезано посреди слова/фразы,посчитано,"curl -s https://www.otherbali.com/places/at06 | grep -o 'name=""description""[^>]*'",PR #311 (черновик) — исправление в работе,2026-09-28,
T4,P3,https://www.otherbali.com/places/aunty-ji-s,aunty-ji-s,description,…t food like vada pav -- open to midnight,описание обрезано посреди слова/фразы,посчитано,"curl -s https://www.otherbali.com/places/aunty-ji-s | grep -o 'name=""description""[^>]*'",PR #311 (черновик) — исправление в работе,2026-09-28,
T4,P3,https://www.otherbali.com/places/atlas-beach-club,atlas-beach-club,description,… Wellness Club and a padel club. Its own,описание обрезано посреди слова/фразы,посчитано,"curl -s https://www.otherbali.com/places/atlas-beach-club | grep -o 'name=""description""[^>]*'",PR #311 (черновик) — исправление в работе,2026-09-28,
T4,P3,https://www.otherbali.com/places/babi-guling-men-agus,babi-guling-men-agus,description,…ith sides. Its Tripadvisor listing shows,описание обрезано посреди слова/фразы,посчитано,"curl -s https://www.otherbali.com/places/babi-guling-men-agus | grep -o 'name=""description""[^>]*'",PR #311 (черновик) — исправление в работе,2026-09-28,
T4,P3,https://www.otherbali.com/places/baked-pererenan,baked-pererenan,description,…. Pantai Pererenan. The brand's own site,описание обрезано посреди слова/фразы,посчитано,"curl -s https://www.otherbali.com/places/baked-pererenan | grep -o 'name=""description""[^>]*'",PR #311 (черновик) — исправление в работе,2026-09-28,
T4,P3,https://www.otherbali.com/places/babi-guling-men-lari,babi-guling-men-lari,description,"…st pork, usually served over rice with s",описание обрезано посреди слова/фразы,посчитано,"curl -s https://www.otherbali.com/places/babi-guling-men-lari | grep -o 'name=""description""[^>]*'",PR #311 (черновик) — исправление в работе,2026-09-28,
T4,P3,https://www.otherbali.com/places/babi-guling-sari-kembar-99,babi-guling-sari-kembar-99,description,…nd Denpasar. Babi guling is Balinese spi,описание обрезано посреди слова/фразы,посчитано,"curl -s https://www.otherbali.com/places/babi-guling-sari-kembar-99 | grep -o 'name=""description""[^>]*'",PR #311 (черновик) — исправление в работе,2026-09-28,
T4,P3,https://www.otherbali.com/places/bali-buda-canggu,bali-buda-canggu,description,"… eating well and living simply, operatin",описание обрезано посреди слова/фразы,посчитано,"curl -s https://www.otherbali.com/places/bali-buda-canggu | grep -o 'name=""description""[^>]*'",PR #311 (черновик) — исправление в работе,2026-09-28,
T4,P3,https://www.otherbali.com/places/baked-berawa,baked-berawa,description,…ts in Bali. The brand's own site describ,описание обрезано посреди слова/фразы,посчитано,"curl -s https://www.otherbali.com/places/baked-berawa | grep -o 'name=""description""[^>]*'",PR #311 (черновик) — исправление в работе,2026-09-28,
T4,P3,https://www.otherbali.com/places/bali-climbing-bouldering-gym,bali-climbing-bouldering-gym,description,"…es. Shoes and chalk are on site, kids cl",описание обрезано посреди слова/фразы,посчитано,"curl -s https://www.otherbali.com/places/bali-climbing-bouldering-gym | grep -o 'name=""description""[^>]*'",PR #311 (черновик) — исправление в работе,2026-09-28,
T4,P3,https://www.otherbali.com/places/bali-mma-canggu,bali-mma-canggu,description,…g and MMA sparring across daily sessions,описание обрезано посреди слова/фразы,посчитано,"curl -s https://www.otherbali.com/places/bali-mma-canggu | grep -o 'name=""description""[^>]*'",PR #311 (черновик) — исправление в работе,2026-09-28,
T4,P3,https://www.otherbali.com/places/bali-dream-villa-resort-echo-beach-canggu-canggu,bali-dream-villa-resort-echo-beach-canggu-canggu,description,…ple Dinner is 1500K IDR. Booking is on t,описание обрезано посреди слова/фразы,посчитано,"curl -s https://www.otherbali.com/places/bali-dream-villa-resort-echo-beach-canggu-canggu | grep -o 'name=""description""[^>]*'",PR #311 (черновик) — исправление в работе,2026-09-28,
T4,P3,https://www.otherbali.com/places/bali-padel-academy,bali-padel-academy,description,…e Playtomic app. It runs one-hour coache,описание обрезано посреди слова/фразы,посчитано,"curl -s https://www.otherbali.com/places/bali-padel-academy | grep -o 'name=""description""[^>]*'",PR #311 (черновик) — исправление в работе,2026-09-28,
T4,P3,https://www.otherbali.com/places/bar-vera-bistro-and-wine-bar,bar-vera-bistro-and-wine-bar,description,…ith classic technique and produce-driven,описание обрезано посреди слова/фразы,посчитано,"curl -s https://www.otherbali.com/places/bar-vera-bistro-and-wine-bar | grep -o 'name=""description""[^>]*'",PR #311 (черновик) — исправление в работе,2026-09-28,
T4,P3,https://www.otherbali.com/places/beach-boy-canggu,beach-boy-canggu,description,"…ooftop. The kitchen runs steaks, seafood",описание обрезано посреди слова/фразы,посчитано,"curl -s https://www.otherbali.com/places/beach-boy-canggu | grep -o 'name=""description""[^>]*'",PR #311 (черновик) — исправление в работе,2026-09-28,
T4,P3,https://www.otherbali.com/places/bambou-cafe-and-lagree-cemagi,bambou-cafe-and-lagree-cemagi,description,… site. Its own Instagram bills the venue,описание обрезано посреди слова/фразы,посчитано,"curl -s https://www.otherbali.com/places/bambou-cafe-and-lagree-cemagi | grep -o 'name=""description""[^>]*'",PR #311 (черновик) — исправление в работе,2026-09-28,
T4,P3,https://www.otherbali.com/places/beach-house-by-tonic-canggu,beach-house-by-tonic-canggu,description,…sue. Super Relaxing Foot Massage is 250K,описание обрезано посреди слова/фразы,посчитано,"curl -s https://www.otherbali.com/places/beach-house-by-tonic-canggu | grep -o 'name=""description""[^>]*'",PR #311 (черновик) — исправление в работе,2026-09-28,
T4,P3,https://www.otherbali.com/places/beachtown-grocer,beachtown-grocer,description,"…ith a rotating 99K daily special, indoor",описание обрезано посреди слова/фразы,посчитано,"curl -s https://www.otherbali.com/places/beachtown-grocer | grep -o 'name=""description""[^>]*'",PR #311 (черновик) — исправление в работе,2026-09-28,
T4,P3,https://www.otherbali.com/places/beautyfulspa-canggu,beautyfulspa-canggu,description,…Massage is 270K IDR for 90 minutes. Book,описание обрезано посреди слова/фразы,посчитано,"curl -s https://www.otherbali.com/places/beautyfulspa-canggu | grep -o 'name=""description""[^>]*'",PR #311 (черновик) — исправление в работе,2026-09-28,
T4,P3,https://www.otherbali.com/places/bella-canggu,bella-canggu,description,"…ludes ‘It was all a dream’, ‘Geisha’ and",описание обрезано посреди слова/фразы,посчитано,"curl -s https://www.otherbali.com/places/bella-canggu | grep -o 'name=""description""[^>]*'",PR #311 (черновик) — исправление в работе,2026-09-28,
T4,P3,https://www.otherbali.com/places/body-factory-bali-canggu,body-factory-bali-canggu,description,"…t pilates, mobility and yoga. A recovery",описание обрезано посреди слова/фразы,посчитано,"curl -s https://www.otherbali.com/places/body-factory-bali-canggu | grep -o 'name=""description""[^>]*'",PR #311 (черновик) — исправление в работе,2026-09-28,
T4,P3,https://www.otherbali.com/places/billy-ho-japanese-restaurant,billy-ho-japanese-restaurant,description,"…-to-dinner run, with weekend DJs and han",описание обрезано посреди слова/фразы,посчитано,"curl -s https://www.otherbali.com/places/billy-ho-japanese-restaurant | grep -o 'name=""description""[^>]*'",PR #311 (черновик) — исправление в работе,2026-09-28,
T4,P3,https://www.otherbali.com/places/boheme-canggu,boheme-canggu,description,…and day guests alike. The kitchen serves,описание обрезано посреди слова/фразы,посчитано,"curl -s https://www.otherbali.com/places/boheme-canggu | grep -o 'name=""description""[^>]*'",PR #311 (черновик) — исправление в работе,2026-09-28,
T4,P3,https://www.otherbali.com/places/bokashi-berawa,bokashi-berawa,description,"…e menu is Japanese-leaning brunch, bento",описание обрезано посреди слова/фразы,посчитано,"curl -s https://www.otherbali.com/places/bokashi-berawa | grep -o 'name=""description""[^>]*'",PR #311 (черновик) — исправление в работе,2026-09-28,
T4,P3,https://www.otherbali.com/places/bottega-italiana,bottega-italiana,description,"… desserts. The Berawa location (""Origano",описание обрезано посреди слова/фразы,посчитано,"curl -s https://www.otherbali.com/places/bottega-italiana | grep -o 'name=""description""[^>]*'",PR #311 (черновик) — исправление в работе,2026-09-28,
T4,P3,https://www.otherbali.com/places/bonito-restaurant,bonito-restaurant,description,"…k -- handmade pasta, daily fresh seafood",описание обрезано посреди слова/фразы,посчитано,"curl -s https://www.otherbali.com/places/bonito-restaurant | grep -o 'name=""description""[^>]*'",PR #311 (черновик) — исправление в работе,2026-09-28,
T4,P3,https://www.otherbali.com/places/brunch-club-pererenan,brunch-club-pererenan,description,"…nch of Brunch Club Bali, which also runs",описание обрезано посреди слова/фразы,посчитано,"curl -s https://www.otherbali.com/places/brunch-club-pererenan | grep -o 'name=""description""[^>]*'",PR #311 (черновик) — исправление в работе,2026-09-28,
T4,P3,https://www.otherbali.com/places/cafe-vida-healthy-organic-restaurant-canggu,cafe-vida-healthy-organic-restaurant-canggu,description,"…h vegan, vegetarian and gluten-free opti",описание обрезано посреди слова/фразы,посчитано,"curl -s https://www.otherbali.com/places/cafe-vida-healthy-organic-restaurant-canggu | grep -o 'name=""description""[^>]*'",PR #311 (черновик) — исправление в работе,2026-09-28,
T4,P3,https://www.otherbali.com/places/cafe-del-mar-bali,cafe-del-mar-bali,description,…ets and events. Its kitchen describes it,описание обрезано посреди слова/фразы,посчитано,"curl -s https://www.otherbali.com/places/cafe-del-mar-bali | grep -o 'name=""description""[^>]*'",PR #311 (черновик) — исправление в работе,2026-09-28,
T4,P3,https://www.otherbali.com/places/cafe-coach,cafe-coach,description,"…h-dinner menu — benedicts, poke bowls, b",описание обрезано посреди слова/фразы,посчитано,"curl -s https://www.otherbali.com/places/cafe-coach | grep -o 'name=""description""[^>]*'",PR #311 (черновик) — исправление в работе,2026-09-28,
T4,P3,https://www.otherbali.com/places/canggu-yoga-centre-canggu,canggu-yoga-centre-canggu,description,…afe and gear on-site. The published time,описание обрезано посреди слова/фразы,посчитано,"curl -s https://www.otherbali.com/places/canggu-yoga-centre-canggu | grep -o 'name=""description""[^>]*'",PR #311 (черновик) — исправление в работе,2026-09-28,
T4,P3,https://www.otherbali.com/places/caffe-torino-by-venticinque-group-at-grand-srikandi-mansion,caffe-torino-by-venticinque-group-at-grand-srikandi-mansion,description,"…alung, inland from the Canggu coast. Its",описание обрезано посреди слова/фразы,посчитано,"curl -s https://www.otherbali.com/places/caffe-torino-by-venticinque-group-at-grand-srikandi-mansion | grep -o 'name=""description""[^>]*'",PR #311 (черновик) — исправление в работе,2026-09-28,
T4,P3,https://www.otherbali.com/places/canggu-club-tennis-centre,canggu-club-tennis-centre,description,"…th a Flexipave surface, a pro shop, cafe",описание обрезано посреди слова/фразы,посчитано,"curl -s https://www.otherbali.com/places/canggu-club-tennis-centre | grep -o 'name=""description""[^>]*'",PR #311 (черновик) — исправление в работе,2026-09-28,
T4,P3,https://www.otherbali.com/places/cantina-classe-canggu,cantina-classe-canggu,description,…cine truffle carbonara and a four-cheese,описание обрезано посреди слова/фразы,посчитано,"curl -s https://www.otherbali.com/places/cantina-classe-canggu | grep -o 'name=""description""[^>]*'",PR #311 (черновик) — исправление в работе,2026-09-28,
T4,P3,https://www.otherbali.com/places/dandelion,dandelion,description,…lant-filled setting split between open-a,описание обрезано посреди слова/фразы,посчитано,"curl -s https://www.otherbali.com/places/dandelion | grep -o 'name=""description""[^>]*'",PR #311 (черновик) — исправление в работе,2026-09-28,
T4,P3,https://www.otherbali.com/places/chow-chow-bali,chow-chow-bali,description,"…, and poke bowls, open daily from late m",описание обрезано посреди слова/фразы,посчитано,"curl -s https://www.otherbali.com/places/chow-chow-bali | grep -o 'name=""description""[^>]*'",PR #311 (черновик) — исправление в работе,2026-09-28,
T4,P3,https://www.otherbali.com/places/cocomo-at-canggu,cocomo-at-canggu,description,…listing describes a recent repositioning,описание обрезано посреди слова/фразы,посчитано,"curl -s https://www.otherbali.com/places/cocomo-at-canggu | grep -o 'name=""description""[^>]*'",PR #311 (черновик) — исправление в работе,2026-09-28,
T4,P3,https://www.otherbali.com/places/como-beach-club-canggu,como-beach-club-canggu,description,…er close with live music and DJ sets. It,описание обрезано посреди слова/фразы,посчитано,"curl -s https://www.otherbali.com/places/como-beach-club-canggu | grep -o 'name=""description""[^>]*'",PR #311 (черновик) — исправление в работе,2026-09-28,
T4,P3,https://www.otherbali.com/places/como-uma-canggu-wellness-spa-canggu,como-uma-canggu-wellness-spa-canggu,description,…The treatment menu runs massages and bod,описание обрезано посреди слова/фразы,посчитано,"curl -s https://www.otherbali.com/places/como-uma-canggu-wellness-spa-canggu | grep -o 'name=""description""[^>]*'",PR #311 (черновик) — исправление в работе,2026-09-28,
T4,P3,https://www.otherbali.com/places/copenhagen-cafe-berawa,copenhagen-cafe-berawa,description,"… - alongside smørrebrød, lunch bowls and",описание обрезано посреди слова/фразы,посчитано,"curl -s https://www.otherbali.com/places/copenhagen-cafe-berawa | grep -o 'name=""description""[^>]*'",PR #311 (черновик) — исправление в работе,2026-09-28,
T4,P3,https://www.otherbali.com/places/crate-cafe,crate-cafe,description,…rotating menu chalked on the wall behind,описание обрезано посреди слова/фразы,посчитано,"curl -s https://www.otherbali.com/places/crate-cafe | grep -o 'name=""description""[^>]*'",PR #311 (черновик) — исправление в работе,2026-09-28,
T4,P3,https://www.otherbali.com/places/deus-ex-machina,deus-ex-machina,description,"…e workshop, retail store, gallery and li",описание обрезано посреди слова/фразы,посчитано,"curl -s https://www.otherbali.com/places/deus-ex-machina | grep -o 'name=""description""[^>]*'",PR #311 (черновик) — исправление в работе,2026-09-28,
T4,P3,https://www.otherbali.com/places/cutiepai-nails,cutiepai-nails,description,"…ils, extensions, manicures, pedicures an",описание обрезано посреди слова/фразы,посчитано,"curl -s https://www.otherbali.com/places/cutiepai-nails | grep -o 'name=""description""[^>]*'",PR #311 (черновик) — исправление в работе,2026-09-28,
T4,P3,https://www.otherbali.com/places/desa-seni-yoga,desa-seni-yoga,description,… that has long been one of Canggu's most,описание обрезано посреди слова/фразы,посчитано,"curl -s https://www.otherbali.com/places/desa-seni-yoga | grep -o 'name=""description""[^>]*'",PR #311 (черновик) — исправление в работе,2026-09-28,
T4,P3,https://www.otherbali.com/places/downtown-kedungu-restaurant-and-bar,downtown-kedungu-restaurant-and-bar,description,"… from Canggu, running a different themed",описание обрезано посреди слова/фразы,посчитано,"curl -s https://www.otherbali.com/places/downtown-kedungu-restaurant-and-bar | grep -o 'name=""description""[^>]*'",PR #311 (черновик) — исправление в работе,2026-09-28,
T4,P3,https://www.otherbali.com/places/e-a-r-t-h-by-ulaman,e-a-r-t-h-by-ulaman,description,"…, river and waterfalls. Chef Alvin's kit",описание обрезано посреди слова/фразы,посчитано,"curl -s https://www.otherbali.com/places/e-a-r-t-h-by-ulaman | grep -o 'name=""description""[^>]*'",PR #311 (черновик) — исправление в работе,2026-09-28,
T4,P3,https://www.otherbali.com/places/ele-restaurant-bar-and-terrace,ele-restaurant-bar-and-terrace,description,…er. The venue publishes no website — onl,описание обрезано посреди слова/фразы,посчитано,"curl -s https://www.otherbali.com/places/ele-restaurant-bar-and-terrace | grep -o 'name=""description""[^>]*'",PR #311 (черновик) — исправление в работе,2026-09-28,
T4,P3,https://www.otherbali.com/places/eskq-bar-steak-house,eskq-bar-steak-house,description,…. Wood-fired cuts run from Australian gr,описание обрезано посреди слова/фразы,посчитано,"curl -s https://www.otherbali.com/places/eskq-bar-steak-house | grep -o 'name=""description""[^>]*'",PR #311 (черновик) — исправление в работе,2026-09-28,
T4,P3,https://www.otherbali.com/places/espace-spa-canggu-canggu,espace-spa-canggu-canggu,description,"…ubs and wraps, facials, cream bath, mani",описание обрезано посреди слова/фразы,посчитано,"curl -s https://www.otherbali.com/places/espace-spa-canggu-canggu | grep -o 'name=""description""[^>]*'",PR #311 (черновик) — исправление в работе,2026-09-28,
T4,P3,https://www.otherbali.com/places/estetica-belle,estetica-belle,description,"…ng, laser tattoo removal and clinical fa",описание обрезано посреди слова/фразы,посчитано,"curl -s https://www.otherbali.com/places/estetica-belle | grep -o 'name=""description""[^>]*'",PR #311 (черновик) — исправление в работе,2026-09-28,
T4,P3,https://www.otherbali.com/places/espace-spa-bali-canggu,espace-spa-bali-canggu,description,…s Massage. Crystal aromatheraphy foot re,описание обрезано посреди слова/фразы,посчитано,"curl -s https://www.otherbali.com/places/espace-spa-bali-canggu | grep -o 'name=""description""[^>]*'",PR #311 (черновик) — исправление в работе,2026-09-28,
T4,P3,https://www.otherbali.com/places/face-therapy-spa-pererenan,face-therapy-spa-pererenan,description,… lymphatic and jetlag-recovery face trea,описание обрезано посреди слова/фразы,посчитано,"curl -s https://www.otherbali.com/places/face-therapy-spa-pererenan | grep -o 'name=""description""[^>]*'",PR #311 (черновик) — исправление в работе,2026-09-28,
T4,P3,https://www.otherbali.com/places/finns-beach-club,finns-beach-club,description,"…wim-up bars), many bars and kitchens, an",описание обрезано посреди слова/фразы,посчитано,"curl -s https://www.otherbali.com/places/finns-beach-club | grep -o 'name=""description""[^>]*'",PR #311 (черновик) — исправление в работе,2026-09-28,
T4,P3,https://www.otherbali.com/places/fajar-bali-luxury-spa-canggu,fajar-bali-luxury-spa-canggu,description,… Be Massage is 505K IDR. Booking is by W,описание обрезано посреди слова/фразы,посчитано,"curl -s https://www.otherbali.com/places/fajar-bali-luxury-spa-canggu | grep -o 'name=""description""[^>]*'",PR #311 (черновик) — исправление в работе,2026-09-28,
T4,P3,https://www.otherbali.com/places/fitness-plus-canggu,fitness-plus-canggu,description,"…+ machines, a sauna, lockers, showers, t",описание обрезано посреди слова/фразы,посчитано,"curl -s https://www.otherbali.com/places/fitness-plus-canggu | grep -o 'name=""description""[^>]*'",PR #311 (черновик) — исправление в работе,2026-09-28,
T4,P3,https://www.otherbali.com/places/finns-recreation-club-finns-lifestyle-village,finns-recreation-club-finns-lifestyle-village,description,"…ombining a full gym, Olympic-sized pool,",описание обрезано посреди слова/фразы,посчитано,"curl -s https://www.otherbali.com/places/finns-recreation-club-finns-lifestyle-village | grep -o 'name=""description""[^>]*'",PR #311 (черновик) — исправление в работе,2026-09-28,
T4,P3,https://www.otherbali.com/places/flex-gym-bali,flex-gym-bali,description,…ks and machines - and a cardio area with,описание обрезано посреди слова/фразы,посчитано,"curl -s https://www.otherbali.com/places/flex-gym-bali | grep -o 'name=""description""[^>]*'",PR #311 (черновик) — исправление в работе,2026-09-28,
T4,P3,https://www.otherbali.com/places/gather-canggu,gather-canggu,description,"…e, The Avo Set and The Gather Plate. Boo",описание обрезано посреди слова/фразы,посчитано,"curl -s https://www.otherbali.com/places/gather-canggu | grep -o 'name=""description""[^>]*'",PR #311 (черновик) — исправление в работе,2026-09-28,
T4,P3,https://www.otherbali.com/places/genius-bistro,genius-bistro,description,…r and al fresco seating for about 50. Th,описание обрезано посреди слова/фразы,посчитано,"curl -s https://www.otherbali.com/places/genius-bistro | grep -o 'name=""description""[^>]*'",PR #311 (черновик) — исправление в работе,2026-09-28,
T4,P3,https://www.otherbali.com/places/glo-day-spa-salon-canggu-canggu,glo-day-spa-salon-canggu-canggu,description,…upermarket. The Canggu salon covers hair,описание обрезано посреди слова/фразы,посчитано,"curl -s https://www.otherbali.com/places/glo-day-spa-salon-canggu-canggu | grep -o 'name=""description""[^>]*'",PR #311 (черновик) — исправление в работе,2026-09-28,
T4,P3,https://www.otherbali.com/places/gravity-stretching-canggu,gravity-stretching-canggu,description,…es the load off the muscles. The Bali op,описание обрезано посреди слова/фразы,посчитано,"curl -s https://www.otherbali.com/places/gravity-stretching-canggu | grep -o 'name=""description""[^>]*'",PR #311 (черновик) — исправление в работе,2026-09-28,
T4,P3,https://www.otherbali.com/places/goldust-spa-canggu,goldust-spa-canggu,description,…l lounge and a couple's room. The list r,описание обрезано посреди слова/фразы,посчитано,"curl -s https://www.otherbali.com/places/goldust-spa-canggu | grep -o 'name=""description""[^>]*'",PR #311 (черновик) — исправление в работе,2026-09-28,
T4,P3,https://www.otherbali.com/places/green-spot-cafe,green-spot-cafe,description,"…ts, burgers, bowls and grills. Its own m",описание обрезано посреди слова/фразы,посчитано,"curl -s https://www.otherbali.com/places/green-spot-cafe | grep -o 'name=""description""[^>]*'",PR #311 (черновик) — исправление в работе,2026-09-28,
T4,P3,https://www.otherbali.com/places/grillos-cafe-and-eatery,grillos-cafe-and-eatery,description,…ting describes the kitchen as Western co,описание обрезано посреди слова/фразы,посчитано,"curl -s https://www.otherbali.com/places/grillos-cafe-and-eatery | grep -o 'name=""description""[^>]*'",PR #311 (черновик) — исправление в работе,2026-09-28,
T4,P3,https://www.otherbali.com/places/guan-yin-yoga-canggu,guan-yin-yoga-canggu,description,"… runs Vinyasa, Yin, Hatha Flow, Ashtanga",описание обрезано посреди слова/фразы,посчитано,"curl -s https://www.otherbali.com/places/guan-yin-yoga-canggu | grep -o 'name=""description""[^>]*'",PR #311 (черновик) — исправление в работе,2026-09-28,
T4,P3,https://www.otherbali.com/places/the-shampoo-lounge-canggu,the-shampoo-lounge-canggu,description,"…ng stylists in a relaxed, air-conditione",описание обрезано посреди слова/фразы,посчитано,"curl -s https://www.otherbali.com/places/the-shampoo-lounge-canggu | grep -o 'name=""description""[^>]*'",PR #311 (черновик) — исправление в работе,2026-09-28,
T4,P3,https://www.otherbali.com/places/hati-thai-canggu,hati-thai-canggu,description,…age. Foot Serenity – Foot Reflexology is,описание обрезано посреди слова/фразы,посчитано,"curl -s https://www.otherbali.com/places/hati-thai-canggu | grep -o 'name=""description""[^>]*'",PR #311 (черновик) — исправление в работе,2026-09-28,
T4,P3,https://www.otherbali.com/places/hippie-fish-pererenan-beach,hippie-fish-pererenan-beach,description,…dining room is air-conditioned and overl,описание обрезано посреди слова/фразы,посчитано,"curl -s https://www.otherbali.com/places/hippie-fish-pererenan-beach | grep -o 'name=""description""[^>]*'",PR #311 (черновик) — исправление в работе,2026-09-28,
T4,P3,https://www.otherbali.com/places/honey-kitchen,honey-kitchen,description,…nean and vegetarian-friendly cooking wit,описание обрезано посреди слова/фразы,посчитано,"curl -s https://www.otherbali.com/places/honey-kitchen | grep -o 'name=""description""[^>]*'",PR #311 (черновик) — исправление в работе,2026-09-28,
T4,P3,https://www.otherbali.com/places/house-of-orange-beauty-canggu-canggu,house-of-orange-beauty-canggu-canggu,description,"…s only, with no extensions or electric f",описание обрезано посреди слова/фразы,посчитано,"curl -s https://www.otherbali.com/places/house-of-orange-beauty-canggu-canggu | grep -o 'name=""description""[^>]*'",PR #311 (черновик) — исправление в работе,2026-09-28,
T4,P3,https://www.otherbali.com/places/hungry-bird-coffee,hungry-bird-coffee,description,"…, sells single-origin bags through its o",описание обрезано посреди слова/фразы,посчитано,"curl -s https://www.otherbali.com/places/hungry-bird-coffee | grep -o 'name=""description""[^>]*'",PR #311 (черновик) — исправление в работе,2026-09-28,
T4,P3,https://www.otherbali.com/places/indigo,indigo,description,…shimi selection alongside yakimono cooke,описание обрезано посреди слова/фразы,посчитано,"curl -s https://www.otherbali.com/places/indigo | grep -o 'name=""description""[^>]*'",PR #311 (черновик) — исправление в работе,2026-09-28,
T4,P3,https://www.otherbali.com/places/inklusiv-warung,inklusiv-warung,description,…ugh employment. It serves Indonesian and,описание обрезано посреди слова/фразы,посчитано,"curl -s https://www.otherbali.com/places/inklusiv-warung | grep -o 'name=""description""[^>]*'",PR #311 (черновик) — исправление в работе,2026-09-28,
T4,P3,https://www.otherbali.com/places/isla-by-earth-island,isla-by-earth-island,description,…runs from breakfast and coffee through s,описание обрезано посреди слова/фразы,посчитано,"curl -s https://www.otherbali.com/places/isla-by-earth-island | grep -o 'name=""description""[^>]*'",PR #311 (черновик) — исправление в работе,2026-09-28,
T4,P3,https://www.otherbali.com/places/jade-by-todd-english,jade-by-todd-english,description,"… designed for sharing. Dinner only, Tues",описание обрезано посреди слова/фразы,посчитано,"curl -s https://www.otherbali.com/places/jade-by-todd-english | grep -o 'name=""description""[^>]*'",PR #311 (черновик) — исправление в работе,2026-09-28,
T4,P3,https://www.otherbali.com/places/jalapeno,jalapeno,description,"…dern Tex-Mex serving since 2014, with tw",описание обрезано посреди слова/фразы,посчитано,"curl -s https://www.otherbali.com/places/jalapeno | grep -o 'name=""description""[^>]*'",PR #311 (черновик) — исправление в работе,2026-09-28,
T4,P3,https://www.otherbali.com/places/ji-restaurant-bali,ji-restaurant-bali,description,"…terrace and sweeping ocean views. Sushi,",описание обрезано посреди слова/фразы,посчитано,"curl -s https://www.otherbali.com/places/ji-restaurant-bali | grep -o 'name=""description""[^>]*'",PR #311 (черновик) — исправление в работе,2026-09-28,
T4,P3,https://www.otherbali.com/places/ju-bali,ju-bali,description,…ood-fired pizza. Vegetarian and vegan pl,описание обрезано посреди слова/фразы,посчитано,"curl -s https://www.otherbali.com/places/ju-bali | grep -o 'name=""description""[^>]*'",PR #311 (черновик) — исправление в работе,2026-09-28,
T4,P3,https://www.otherbali.com/places/kecambah-restaurant-at-lalasa-villas,kecambah-restaurant-at-lalasa-villas,description,"…hrough late, with an Indonesian emphasis",описание обрезано посреди слова/фразы,посчитано,"curl -s https://www.otherbali.com/places/kecambah-restaurant-at-lalasa-villas | grep -o 'name=""description""[^>]*'",PR #311 (черновик) — исправление в работе,2026-09-28,
T4,P3,https://www.otherbali.com/places/jungle-padel-canggu-shortcut,jungle-padel-canggu-shortcut,description,…y. Courts are booked by the hour through,описание обрезано посреди слова/фразы,посчитано,"curl -s https://www.otherbali.com/places/jungle-padel-canggu-shortcut | grep -o 'name=""description""[^>]*'",PR #311 (черновик) — исправление в работе,2026-09-28,
T4,P3,https://www.otherbali.com/places/koya-spa-canggu,koya-spa-canggu,description,…s Massage. BALI BLISS MASSAGE is 350K ID,описание обрезано посреди слова/фразы,посчитано,"curl -s https://www.otherbali.com/places/koya-spa-canggu | grep -o 'name=""description""[^>]*'",PR #311 (черновик) — исправление в работе,2026-09-28,
T4,P3,https://www.otherbali.com/places/la-brisa-bali,la-brisa-bali,description,"…m old Indonesian fishing boats, with a s",описание обрезано посреди слова/фразы,посчитано,"curl -s https://www.otherbali.com/places/la-brisa-bali | grep -o 'name=""description""[^>]*'",PR #311 (черновик) — исправление в работе,2026-09-28,
T4,P3,https://www.otherbali.com/places/loop-cafe,loop-cafe,description,…ats and sourdough. Six protein shakes fo,описание обрезано посреди слова/фразы,посчитано,"curl -s https://www.otherbali.com/places/loop-cafe | grep -o 'name=""description""[^>]*'",PR #311 (черновик) — исправление в работе,2026-09-28,
T4,P3,https://www.otherbali.com/places/lopodo-catering-and-events,lopodo-catering-and-events,description,"…an and Western menus for villas, wedding",описание обрезано посреди слова/фразы,посчитано,"curl -s https://www.otherbali.com/places/lopodo-catering-and-events | grep -o 'name=""description""[^>]*'",PR #311 (черновик) — исправление в работе,2026-09-28,
T4,P3,https://www.otherbali.com/places/luigis-hot-pizza,luigis-hot-pizza,description,…ed oven and weekly party nights. Pizza a,описание обрезано посреди слова/фразы,посчитано,"curl -s https://www.otherbali.com/places/luigis-hot-pizza | grep -o 'name=""description""[^>]*'",PR #311 (черновик) — исправление в работе,2026-09-28,
T4,P3,https://www.otherbali.com/places/lowcal-cheatery-and-bar,lowcal-cheatery-and-bar,description,"…embers across kitchen, bar and service r",описание обрезано посреди слова/фразы,посчитано,"curl -s https://www.otherbali.com/places/lowcal-cheatery-and-bar | grep -o 'name=""description""[^>]*'",PR #311 (черновик) — исправление в работе,2026-09-28,
T4,P3,https://www.otherbali.com/places/luma,luma,description,… grazing — from chefs Cameron Emirali (1,описание обрезано посреди слова/фразы,посчитано,"curl -s https://www.otherbali.com/places/luma | grep -o 'name=""description""[^>]*'",PR #311 (черновик) — исправление в работе,2026-09-28,
T4,P3,https://www.otherbali.com/places/manhattan-cocktail-hookah-kitchen,manhattan-cocktail-hookah-kitchen,description,…y a link page — and its menu is not read,описание обрезано посреди слова/фразы,посчитано,"curl -s https://www.otherbali.com/places/manhattan-cocktail-hookah-kitchen | grep -o 'name=""description""[^>]*'",PR #311 (черновик) — исправление в работе,2026-09-28,
T4,P3,https://www.otherbali.com/places/manori-spa-canggu,manori-spa-canggu,description,… Massage. Therapeutic massage - Traditio,описание обрезано посреди слова/фразы,посчитано,"curl -s https://www.otherbali.com/places/manori-spa-canggu | grep -o 'name=""description""[^>]*'",PR #311 (черновик) — исправление в работе,2026-09-28,
T4,P3,https://www.otherbali.com/places/mason,mason,description,… in-house charcuterie and a serious wine,описание обрезано посреди слова/фразы,посчитано,"curl -s https://www.otherbali.com/places/mason | grep -o 'name=""description""[^>]*'",PR #311 (черновик) — исправление в работе,2026-09-28,
T4,P3,https://www.otherbali.com/places/mello-spa-canggu-canggu,mello-spa-canggu-canggu,description,…ello Signature Massage is 650K IDR for 6,описание обрезано посреди слова/фразы,посчитано,"curl -s https://www.otherbali.com/places/mello-spa-canggu-canggu | grep -o 'name=""description""[^>]*'",PR #311 (черновик) — исправление в работе,2026-09-28,
T4,P3,https://www.otherbali.com/places/mavammy,mavammy,description,"…rot cake with mango and passion fruit, a",описание обрезано посреди слова/фразы,посчитано,"curl -s https://www.otherbali.com/places/mavammy | grep -o 'name=""description""[^>]*'",PR #311 (черновик) — исправление в работе,2026-09-28,
T4,P3,https://www.otherbali.com/places/miel-specialty-coffee-canggu,miel-specialty-coffee-canggu,description,"…beans, set in a bright, plant-filled, hi",описание обрезано посреди слова/фразы,посчитано,"curl -s https://www.otherbali.com/places/miel-specialty-coffee-canggu | grep -o 'name=""description""[^>]*'",PR #311 (черновик) — исправление в работе,2026-09-28,
T4,P3,https://www.otherbali.com/places/mia-asian-modern-inspired-restaurant-and-bar,mia-asian-modern-inspired-restaurant-and-bar,description,"…curries, wok and grill — running from ev",описание обрезано посреди слова/фразы,посчитано,"curl -s https://www.otherbali.com/places/mia-asian-modern-inspired-restaurant-and-bar | grep -o 'name=""description""[^>]*'",PR #311 (черновик) — исправление в работе,2026-09-28,
T4,P3,https://www.otherbali.com/places/milu-by-nook,milu-by-nook,description,…e-Western dishes and coffee from morning,описание обрезано посреди слова/фразы,посчитано,"curl -s https://www.otherbali.com/places/milu-by-nook | grep -o 'name=""description""[^>]*'",PR #311 (черновик) — исправление в работе,2026-09-28,
T4,P3,https://www.otherbali.com/places/milk-and-madu-berawa,milk-and-madu-berawa,description,"…d family-friendly dinners. A dependable,",описание обрезано посреди слова/фразы,посчитано,"curl -s https://www.otherbali.com/places/milk-and-madu-berawa | grep -o 'name=""description""[^>]*'",PR #311 (черновик) — исправление в работе,2026-09-28,
T4,P3,https://www.otherbali.com/places/milk-and-madu-beach-road,milk-and-madu-beach-road,description,"…pizzas, part of the well-known Milk & Ma",описание обрезано посреди слова/фразы,посчитано,"curl -s https://www.otherbali.com/places/milk-and-madu-beach-road | grep -o 'name=""description""[^>]*'",PR #311 (черновик) — исправление в работе,2026-09-28,
T4,P3,https://www.otherbali.com/places/mission-flow-studio,mission-flow-studio,description,"…indows minutes from the sea, offering Vi",описание обрезано посреди слова/фразы,посчитано,"curl -s https://www.otherbali.com/places/mission-flow-studio | grep -o 'name=""description""[^>]*'",PR #311 (черновик) — исправление в работе,2026-09-28,
T4,P3,https://www.otherbali.com/places/moana-fish-eatery,moana-fish-eatery,description,…rtare and BBQ fish — in a laid-back sett,описание обрезано посреди слова/фразы,посчитано,"curl -s https://www.otherbali.com/places/moana-fish-eatery | grep -o 'name=""description""[^>]*'",PR #311 (черновик) — исправление в работе,2026-09-28,
T4,P3,https://www.otherbali.com/places/mosto-berawa,mosto-berawa,description,…h a compact room of around 60 covers and,описание обрезано посреди слова/фразы,посчитано,"curl -s https://www.otherbali.com/places/mosto-berawa | grep -o 'name=""description""[^>]*'",PR #311 (черновик) — исправление в работе,2026-09-28,
T4,P3,https://www.otherbali.com/places/murmur-restaurant-lounge,murmur-restaurant-lounge,description,… and tables looking over the rice fields,описание обрезано посреди слова/фразы,посчитано,"curl -s https://www.otherbali.com/places/murmur-restaurant-lounge | grep -o 'name=""description""[^>]*'",PR #311 (черновик) — исправление в работе,2026-09-28,
T4,P3,https://www.otherbali.com/places/nail-lesss-canggu,nail-lesss-canggu,description,"…h extensions, known for a clean space an",описание обрезано посреди слова/фразы,посчитано,"curl -s https://www.otherbali.com/places/nail-lesss-canggu | grep -o 'name=""description""[^>]*'",PR #311 (черновик) — исправление в работе,2026-09-28,
T4,P3,https://www.otherbali.com/places/neighbourhood-food-berawa,neighbourhood-food-berawa,description,…nacks and simple wholesome dishes made f,описание обрезано посреди слова/фразы,посчитано,"curl -s https://www.otherbali.com/places/neighbourhood-food-berawa | grep -o 'name=""description""[^>]*'",PR #311 (черновик) — исправление в работе,2026-09-28,
T4,P3,https://www.otherbali.com/places/neighbourhood-food-seseh,neighbourhood-food-seseh,description,"…s and weekend dinners with fresh, simple",описание обрезано посреди слова/фразы,посчитано,"curl -s https://www.otherbali.com/places/neighbourhood-food-seseh | grep -o 'name=""description""[^>]*'",PR #311 (черновик) — исправление в работе,2026-09-28,
T4,P3,https://www.otherbali.com/places/nikara-spa-berawa-canggu,nikara-spa-berawa-canggu,description,…nese Harmony Healing Massage is 590K IDR,описание обрезано посреди слова/фразы,посчитано,"curl -s https://www.otherbali.com/places/nikara-spa-berawa-canggu | grep -o 'name=""description""[^>]*'",PR #311 (черновик) — исправление в работе,2026-09-28,
T4,P3,https://www.otherbali.com/places/nirvana-strength-tibubeneng,nirvana-strength-tibubeneng,description,"…d sound. Recovery runs to ice baths, sau",описание обрезано посреди слова/фразы,посчитано,"curl -s https://www.otherbali.com/places/nirvana-strength-tibubeneng | grep -o 'name=""description""[^>]*'",PR #311 (черновик) — исправление в работе,2026-09-28,
T4,P3,https://www.otherbali.com/places/nude-berawa,nude-berawa,description,…es and coffee from breakfast to evening;,описание обрезано посреди слова/фразы,посчитано,"curl -s https://www.otherbali.com/places/nude-berawa | grep -o 'name=""description""[^>]*'",PR #311 (черновик) — исправление в работе,2026-09-28,
T4,P3,https://www.otherbali.com/places/nook-umalas,nook-umalas,description,…breakfast to late (8am–11pm). Known as a,описание обрезано посреди слова/фразы,посчитано,"curl -s https://www.otherbali.com/places/nook-umalas | grep -o 'name=""description""[^>]*'",PR #311 (черновик) — исправление в работе,2026-09-28,
T4,P3,https://www.otherbali.com/places/oma-jamu,oma-jamu,description,"…cold-pressed juices, kombucha and tradit",описание обрезано посреди слова/фразы,посчитано,"curl -s https://www.otherbali.com/places/oma-jamu | grep -o 'name=""description""[^>]*'",PR #311 (черновик) — исправление в работе,2026-09-28,
T4,P3,https://www.otherbali.com/places/only-nails-pererenan,only-nails-pererenan,description,"…g-wear gel systems, with an option for 4",описание обрезано посреди слова/фразы,посчитано,"curl -s https://www.otherbali.com/places/only-nails-pererenan | grep -o 'name=""description""[^>]*'",PR #311 (черновик) — исправление в работе,2026-09-28,
T4,P3,https://www.otherbali.com/places/paed-thai-canggu,paed-thai-canggu,description,…mango sticky rice. Indoor and outdoor se,описание обрезано посреди слова/фразы,посчитано,"curl -s https://www.otherbali.com/places/paed-thai-canggu | grep -o 'name=""description""[^>]*'",PR #311 (черновик) — исправление в работе,2026-09-28,
T4,P3,https://www.otherbali.com/places/only-nails-bali-canggu,only-nails-bali-canggu,description,…is 50K IDR. Booking is on the venue's ow,описание обрезано посреди слова/фразы,посчитано,"curl -s https://www.otherbali.com/places/only-nails-bali-canggu | grep -o 'name=""description""[^>]*'",PR #311 (черновик) — исправление в работе,2026-09-28,
T4,P3,https://www.otherbali.com/places/paradise-padel-bali,paradise-padel-bali,description,"… Playtomic, and a 60-minute session with",описание обрезано посреди слова/фразы,посчитано,"curl -s https://www.otherbali.com/places/paradise-padel-bali | grep -o 'name=""description""[^>]*'",PR #311 (черновик) — исправление в работе,2026-09-28,
T4,P3,https://www.otherbali.com/places/pizza-fabbrica,pizza-fabbrica,description,"…l-chic space, with a second branch in Um",описание обрезано посреди слова/фразы,посчитано,"curl -s https://www.otherbali.com/places/pizza-fabbrica | grep -o 'name=""description""[^>]*'",PR #311 (черновик) — исправление в работе,2026-09-28,
T4,P3,https://www.otherbali.com/places/poule-de-luxe-bali,poule-de-luxe-bali,description,"…ns, tarts and viennoiserie. Take-away/ea",описание обрезано посреди слова/фразы,посчитано,"curl -s https://www.otherbali.com/places/poule-de-luxe-bali | grep -o 'name=""description""[^>]*'",PR #311 (черновик) — исправление в работе,2026-09-28,
T4,P3,https://www.otherbali.com/places/pranava-yoga,pranava-yoga,description,…elow the premium Canggu studios so local,описание обрезано посреди слова/фразы,посчитано,"curl -s https://www.otherbali.com/places/pranava-yoga | grep -o 'name=""description""[^>]*'",PR #311 (черновик) — исправление в работе,2026-09-28,
T4,P3,https://www.otherbali.com/places/revolver-canggu,revolver-canggu,description,"…n Jl. Nelayan doing serious espresso, fu",описание обрезано посреди слова/фразы,посчитано,"curl -s https://www.otherbali.com/places/revolver-canggu | grep -o 'name=""description""[^>]*'",PR #311 (черновик) — исправление в работе,2026-09-28,
T4,P3,https://www.otherbali.com/places/respawn-spa-bali-canggu,respawn-spa-bali-canggu,description,…se Massage. Head massage is 250K IDR for,описание обрезано посреди слова/фразы,посчитано,"curl -s https://www.otherbali.com/places/respawn-spa-bali-canggu | grep -o 'name=""description""[^>]*'",PR #311 (черновик) — исправление в работе,2026-09-28,
T4,P3,https://www.otherbali.com/places/rite-bali,rite-bali,description,"…held at 7-9°C, a jacuzzi and a steam roo",описание обрезано посреди слова/фразы,посчитано,"curl -s https://www.otherbali.com/places/rite-bali | grep -o 'name=""description""[^>]*'",PR #311 (черновик) — исправление в работе,2026-09-28,
T4,P3,https://www.otherbali.com/places/rise-and-shine-cafe,rise-and-shine-cafe,description,"…resh, health-conscious comfort food, cof",описание обрезано посреди слова/фразы,посчитано,"curl -s https://www.otherbali.com/places/rise-and-shine-cafe | grep -o 'name=""description""[^>]*'",PR #311 (черновик) — исправление в работе,2026-09-28,
T4,P3,https://www.otherbali.com/places/riviera-bistro-berawa,riviera-bistro-berawa,description,… and a daily Aperitivo hour; open from l,описание обрезано посреди слова/фразы,посчитано,"curl -s https://www.otherbali.com/places/riviera-bistro-berawa | grep -o 'name=""description""[^>]*'",PR #311 (черновик) — исправление в работе,2026-09-28,
T4,P3,https://www.otherbali.com/places/riviera-cafe-cemagi,riviera-cafe-cemagi,description,…enery and live acoustic music on Saturda,описание обрезано посреди слова/фразы,посчитано,"curl -s https://www.otherbali.com/places/riviera-cafe-cemagi | grep -o 'name=""description""[^>]*'",PR #311 (черновик) — исправление в работе,2026-09-28,
T4,P3,https://www.otherbali.com/places/riviera-trattoria-pererenan,riviera-trattoria-pererenan,description,"…wine and cocktail list in a cozy, lively",описание обрезано посреди слова/фразы,посчитано,"curl -s https://www.otherbali.com/places/riviera-trattoria-pererenan | grep -o 'name=""description""[^>]*'",PR #311 (черновик) — исправление в работе,2026-09-28,
T4,P3,https://www.otherbali.com/places/rize-cafe,rize-cafe,description,…ith spices ground daily and dishes roote,описание обрезано посреди слова/фразы,посчитано,"curl -s https://www.otherbali.com/places/rize-cafe | grep -o 'name=""description""[^>]*'",PR #311 (черновик) — исправление в работе,2026-09-28,
T4,P3,https://www.otherbali.com/places/roots-pererenan,roots-pererenan,description,"…lus bold drinks, serving vegans, vegetar",описание обрезано посреди слова/фразы,посчитано,"curl -s https://www.otherbali.com/places/roots-pererenan | grep -o 'name=""description""[^>]*'",PR #311 (черновик) — исправление в работе,2026-09-28,
T4,P3,https://www.otherbali.com/places/ruko-cafe,ruko-cafe,description,"…Indonesian coffee blend, with 40-50% loc",описание обрезано посреди слова/фразы,посчитано,"curl -s https://www.otherbali.com/places/ruko-cafe | grep -o 'name=""description""[^>]*'",PR #311 (черновик) — исправление в работе,2026-09-28,
T4,P3,https://www.otherbali.com/places/s2s-crossfit,s2s-crossfit,description,…rdio and personal training. A drop-in is,описание обрезано посреди слова/фразы,посчитано,"curl -s https://www.otherbali.com/places/s2s-crossfit | grep -o 'name=""description""[^>]*'",PR #311 (черновик) — исправление в работе,2026-09-28,
T4,P3,https://www.otherbali.com/places/sa-mesa-canggu-experience-dining,sa-mesa-canggu-experience-dining,description,…no menu: guests are served a set process,описание обрезано посреди слова/фразы,посчитано,"curl -s https://www.otherbali.com/places/sa-mesa-canggu-experience-dining | grep -o 'name=""description""[^>]*'",PR #311 (черновик) — исправление в работе,2026-09-28,
T4,P3,https://www.otherbali.com/places/sama-sama-prime,sama-sama-prime,description,…t two ways — a steakhouse sushi bar on t,описание обрезано посреди слова/фразы,посчитано,"curl -s https://www.otherbali.com/places/sama-sama-prime | grep -o 'name=""description""[^>]*'",PR #311 (черновик) — исправление в работе,2026-09-28,
T4,P3,https://www.otherbali.com/places/samadi-bali,samadi-bali,description,"…by the Slow Food movement, serving super",описание обрезано посреди слова/фразы,посчитано,"curl -s https://www.otherbali.com/places/samadi-bali | grep -o 'name=""description""[^>]*'",PR #311 (черновик) — исправление в работе,2026-09-28,
T4,P3,https://www.otherbali.com/places/santanera,santanera,description,…ue and local ingredients across a sharin,описание обрезано посреди слова/фразы,посчитано,"curl -s https://www.otherbali.com/places/santanera | grep -o 'name=""description""[^>]*'",PR #311 (черновик) — исправление в работе,2026-09-28,
T4,P3,https://www.otherbali.com/places/satu-satu-coffee-company,satu-satu-coffee-company,description,"…house, with a bright, eco-minded white s",описание обрезано посреди слова/фразы,посчитано,"curl -s https://www.otherbali.com/places/satu-satu-coffee-company | grep -o 'name=""description""[^>]*'",PR #311 (черновик) — исправление в работе,2026-09-28,
T4,P3,https://www.otherbali.com/places/saya-club,saya-club,description,"…nd yoga. Ice bath, sauna, pool and a caf",описание обрезано посреди слова/фразы,посчитано,"curl -s https://www.otherbali.com/places/saya-club | grep -o 'name=""description""[^>]*'",PR #311 (черновик) — исправление в работе,2026-09-28,
T4,P3,https://www.otherbali.com/places/seabird-bistro-and-coworking-canggu-by-wonderspace,seabird-bistro-and-coworking-canggu-by-wonderspace,description,"…lled lobster tagliatelle, wagyu steak fr",описание обрезано посреди слова/фразы,посчитано,"curl -s https://www.otherbali.com/places/seabird-bistro-and-coworking-canggu-by-wonderspace | grep -o 'name=""description""[^>]*'",PR #311 (черновик) — исправление в работе,2026-09-28,
T4,P3,https://www.otherbali.com/places/secana-rooftop-bali,secana-rooftop-bali,description,"…11pm, with daybeds by day, a menu moving",описание обрезано посреди слова/фразы,посчитано,"curl -s https://www.otherbali.com/places/secana-rooftop-bali | grep -o 'name=""description""[^>]*'",PR #311 (черновик) — исправление в работе,2026-09-28,
T4,P3,https://www.otherbali.com/places/secret-spot-bali,secret-spot-bali,description,… coffee roasted weekly on the island. Ex,описание обрезано посреди слова/фразы,посчитано,"curl -s https://www.otherbali.com/places/secret-spot-bali | grep -o 'name=""description""[^>]*'",PR #311 (черновик) — исправление в работе,2026-09-28,
T4,P3,https://www.otherbali.com/places/sensorium-bali,sensorium-bali,description,"…minimalist design, from a chef with Aust",описание обрезано посреди слова/фразы,посчитано,"curl -s https://www.otherbali.com/places/sensorium-bali | grep -o 'name=""description""[^>]*'",PR #311 (черновик) — исправление в работе,2026-09-28,
T4,P3,https://www.otherbali.com/places/seseh-general-store,seseh-general-store,description,…hes and salads a short step from the bea,описание обрезано посреди слова/фразы,посчитано,"curl -s https://www.otherbali.com/places/seseh-general-store | grep -o 'name=""description""[^>]*'",PR #311 (черновик) — исправление в работе,2026-09-28,
T4,P3,https://www.otherbali.com/places/shelter-restaurant,shelter-restaurant,description,"…illed architecture, a UK chef and a rota",описание обрезано посреди слова/фразы,посчитано,"curl -s https://www.otherbali.com/places/shelter-restaurant | grep -o 'name=""description""[^>]*'",PR #311 (черновик) — исправление в работе,2026-09-28,
T4,P3,https://www.otherbali.com/places/shichirin-japanese-restaurant-canggu,shichirin-japanese-restaurant-canggu,description,…hi and sashimi. Black cod in saikyo miso,описание обрезано посреди слова/фразы,посчитано,"curl -s https://www.otherbali.com/places/shichirin-japanese-restaurant-canggu | grep -o 'name=""description""[^>]*'",PR #311 (черновик) — исправление в работе,2026-09-28,
T4,P3,https://www.otherbali.com/places/shosan-holistic-spa-canggu,shosan-holistic-spa-canggu,description,…00K IDR for 90 minutes. Booking runs thr,описание обрезано посреди слова/фразы,посчитано,"curl -s https://www.otherbali.com/places/shosan-holistic-spa-canggu | grep -o 'name=""description""[^>]*'",PR #311 (черновик) — исправление в работе,2026-09-28,
T4,P3,https://www.otherbali.com/places/sia-grill-and-seafood-bar,sia-grill-and-seafood-bar,description,"…nfluences, with a cocktail programme alo",описание обрезано посреди слова/фразы,посчитано,"curl -s https://www.otherbali.com/places/sia-grill-and-seafood-bar | grep -o 'name=""description""[^>]*'",PR #311 (черновик) — исправление в работе,2026-09-28,
T4,P3,https://www.otherbali.com/places/sista-dumpling,sista-dumpling,description,…rom late morning to 11pm. There is a sec,описание обрезано посреди слова/фразы,посчитано,"curl -s https://www.otherbali.com/places/sista-dumpling | grep -o 'name=""description""[^>]*'",PR #311 (черновик) — исправление в работе,2026-09-28,
T4,P3,https://www.otherbali.com/places/skool-kitchen,skool-kitchen,description,…longside à la carte plates and cuts pric,описание обрезано посреди слова/фразы,посчитано,"curl -s https://www.otherbali.com/places/skool-kitchen | grep -o 'name=""description""[^>]*'",PR #311 (черновик) — исправление в работе,2026-09-28,
T4,P3,https://www.otherbali.com/places/smoke-grill-master-and-barbeque-bali,smoke-grill-master-and-barbeque-bali,description,… backyard barn and a chef's table for gr,описание обрезано посреди слова/фразы,посчитано,"curl -s https://www.otherbali.com/places/smoke-grill-master-and-barbeque-bali | grep -o 'name=""description""[^>]*'",PR #311 (черновик) — исправление в работе,2026-09-28,
T4,P3,https://www.otherbali.com/places/spring-spa-canggu,spring-spa-canggu,description,"…waxing, massage and facials in a bright,",описание обрезано посреди слова/фразы,посчитано,"curl -s https://www.otherbali.com/places/spring-spa-canggu | grep -o 'name=""description""[^>]*'",PR #311 (черновик) — исправление в работе,2026-09-28,
T4,P3,https://www.otherbali.com/places/surya-fitness-gym,surya-fitness-gym,description,"… kettlebells, benches and conditioning m",описание обрезано посреди слова/фразы,посчитано,"curl -s https://www.otherbali.com/places/surya-fitness-gym | grep -o 'name=""description""[^>]*'",PR #311 (черновик) — исправление в работе,2026-09-28,
T4,P3,https://www.otherbali.com/places/sushimi-bali,sushimi-bali,description,…arte range. The menu extends to poke bow,описание обрезано посреди слова/фразы,посчитано,"curl -s https://www.otherbali.com/places/sushimi-bali | grep -o 'name=""description""[^>]*'",PR #311 (черновик) — исправление в работе,2026-09-28,
T4,P3,https://www.otherbali.com/places/swarna-spa-and-wellness,swarna-spa-and-wellness,description,…signature thermal ritual combining hot p,описание обрезано посреди слова/фразы,посчитано,"curl -s https://www.otherbali.com/places/swarna-spa-and-wellness | grep -o 'name=""description""[^>]*'",PR #311 (черновик) — исправление в работе,2026-09-28,
T4,P3,https://www.otherbali.com/places/the-ark-recovery-canggu,the-ark-recovery-canggu,description,…ep Tissue. The Flow traditional balinese,описание обрезано посреди слова/фразы,посчитано,"curl -s https://www.otherbali.com/places/the-ark-recovery-canggu | grep -o 'name=""description""[^>]*'",PR #311 (черновик) — исправление в работе,2026-09-28,
T4,P3,https://www.otherbali.com/places/the-avocado-factory,the-avocado-factory,description,…e eggs benedict to avo pancakes and avoc,описание обрезано посреди слова/фразы,посчитано,"curl -s https://www.otherbali.com/places/the-avocado-factory | grep -o 'name=""description""[^>]*'",PR #311 (черновик) — исправление в работе,2026-09-28,
T4,P3,https://www.otherbali.com/places/the-flow-bali,the-flow-bali,description,…rom croquettas and carpaccio up to prime,описание обрезано посреди слова/фразы,посчитано,"curl -s https://www.otherbali.com/places/the-flow-bali | grep -o 'name=""description""[^>]*'",PR #311 (черновик) — исправление в работе,2026-09-28,
T4,P3,https://www.otherbali.com/places/the-freebird-studio-canggu,the-freebird-studio-canggu,description,…or 60 minutes. Booking is on the venue's,описание обрезано посреди слова/фразы,посчитано,"curl -s https://www.otherbali.com/places/the-freebird-studio-canggu | grep -o 'name=""description""[^>]*'",PR #311 (черновик) — исправление в работе,2026-09-28,
T4,P3,https://www.otherbali.com/places/the-loft-bali,the-loft-bali,description,"… to healthy breakfast staples, bowls and",описание обрезано посреди слова/фразы,посчитано,"curl -s https://www.otherbali.com/places/the-loft-bali | grep -o 'name=""description""[^>]*'",PR #311 (черновик) — исправление в работе,2026-09-28,
T4,P3,https://www.otherbali.com/places/the-path-yoga-center-canggu,the-path-yoga-center-canggu,description,…for 75 minutes. Booking is on the venue',описание обрезано посреди слова/фразы,посчитано,"curl -s https://www.otherbali.com/places/the-path-yoga-center-canggu | grep -o 'name=""description""[^>]*'",PR #311 (черновик) — исправление в работе,2026-09-28,
T4,P3,https://www.otherbali.com/places/the-lawn-canggu-beach-club,the-lawn-canggu-beach-club,description,…ds and a bar-restaurant known for sunset,описание обрезано посреди слова/фразы,посчитано,"curl -s https://www.otherbali.com/places/the-lawn-canggu-beach-club | grep -o 'name=""description""[^>]*'",PR #311 (черновик) — исправление в работе,2026-09-28,
T4,P3,https://www.otherbali.com/places/the-shady-shack,the-shady-shack,description,"…efood menu — all-day breakfast, smoothie",описание обрезано посреди слова/фразы,посчитано,"curl -s https://www.otherbali.com/places/the-shady-shack | grep -o 'name=""description""[^>]*'",PR #311 (черновик) — исправление в работе,2026-09-28,
T4,P3,https://www.otherbali.com/places/the-slow,the-slow,description,…red kitchen runs all day and the room do,описание обрезано посреди слова/фразы,посчитано,"curl -s https://www.otherbali.com/places/the-slow | grep -o 'name=""description""[^>]*'",PR #311 (черновик) — исправление в работе,2026-09-28,
T4,P3,https://www.otherbali.com/places/therapy-day-spa-canggu,therapy-day-spa-canggu,description,…y is 300K IDR for 30 minutes. Booking is,описание обрезано посреди слова/фразы,посчитано,"curl -s https://www.otherbali.com/places/therapy-day-spa-canggu | grep -o 'name=""description""[^>]*'",PR #311 (черновик) — исправление в работе,2026-09-28,
T4,P3,https://www.otherbali.com/places/therapy-day-spa-pererenan,therapy-day-spa-pererenan,description,"…facials, body scrubs and scalp treatment",описание обрезано посреди слова/фразы,посчитано,"curl -s https://www.otherbali.com/places/therapy-day-spa-pererenan | grep -o 'name=""description""[^>]*'",PR #311 (черновик) — исправление в работе,2026-09-28,
T4,P3,https://www.otherbali.com/places/tonic-canggu-canggu,tonic-canggu-canggu,description,…sue. Super Relaxing Foot Massage is 250K,описание обрезано посреди слова/фразы,посчитано,"curl -s https://www.otherbali.com/places/tonic-canggu-canggu | grep -o 'name=""description""[^>]*'",PR #311 (черновик) — исправление в работе,2026-09-28,
T4,P3,https://www.otherbali.com/places/top-gym,top-gym,description,"…ry area has a panoramic terrace, two ice",описание обрезано посреди слова/фразы,посчитано,"curl -s https://www.otherbali.com/places/top-gym | grep -o 'name=""description""[^>]*'",PR #311 (черновик) — исправление в работе,2026-09-28,
T4,P3,https://www.otherbali.com/places/tropical-nomad,tropical-nomad,description,"…ilt for people who want to eat, sit with",описание обрезано посреди слова/фразы,посчитано,"curl -s https://www.otherbali.com/places/tropical-nomad | grep -o 'name=""description""[^>]*'",PR #311 (черновик) — исправление в работе,2026-09-28,
T4,P3,https://www.otherbali.com/places/udara-bali,udara-bali,description,"…d earth-conscious cooking, open daily to",описание обрезано посреди слова/фразы,посчитано,"curl -s https://www.otherbali.com/places/udara-bali | grep -o 'name=""description""[^>]*'",PR #311 (черновик) — исправление в работе,2026-09-28,
T4,P3,https://www.otherbali.com/places/udara-bali-spa-canggu,udara-bali-spa-canggu,description,…t Massage is 540K IDR for 60 minutes. Bo,описание обрезано посреди слова/фразы,посчитано,"curl -s https://www.otherbali.com/places/udara-bali-spa-canggu | grep -o 'name=""description""[^>]*'",PR #311 (черновик) — исправление в работе,2026-09-28,
T4,P3,https://www.otherbali.com/places/udara-bali-yoga-detox-and-spa-organic-ocean,udara-bali-yoga-detox-and-spa-organic-ocean,description,"…oga shalas, Quantum Sound Domes for soun",описание обрезано посреди слова/фразы,посчитано,"curl -s https://www.otherbali.com/places/udara-bali-yoga-detox-and-spa-organic-ocean | grep -o 'name=""description""[^>]*'",PR #311 (черновик) — исправление в работе,2026-09-28,
T4,P3,https://www.otherbali.com/places/ulekan-berawa,ulekan-berawa,description,"… or palm oil, ingredients sourced from s",описание обрезано посреди слова/фразы,посчитано,"curl -s https://www.otherbali.com/places/ulekan-berawa | grep -o 'name=""description""[^>]*'",PR #311 (черновик) — исправление в работе,2026-09-28,
T4,P3,https://www.otherbali.com/places/uma-garden-canggu,uma-garden-canggu,description,…eafood. Booking is on the venue's own si,описание обрезано посреди слова/фразы,посчитано,"curl -s https://www.otherbali.com/places/uma-garden-canggu | grep -o 'name=""description""[^>]*'",PR #311 (черновик) — исправление в работе,2026-09-28,
T4,P3,https://www.otherbali.com/places/umalas-canggu,umalas-canggu,description,…E full body massage is 400K IDR for 60 m,описание обрезано посреди слова/фразы,посчитано,"curl -s https://www.otherbali.com/places/umalas-canggu | grep -o 'name=""description""[^>]*'",PR #311 (черновик) — исправление в работе,2026-09-28,
T4,P3,https://www.otherbali.com/places/urban-oasis-canggu,urban-oasis-canggu,description,…s 550K IDR for 60 minutes. Booking is on,описание обрезано посреди слова/фразы,посчитано,"curl -s https://www.otherbali.com/places/urban-oasis-canggu | grep -o 'name=""description""[^>]*'",PR #311 (черновик) — исправление в работе,2026-09-28,
T4,P3,https://www.otherbali.com/places/victory-fitness-club,victory-fitness-club,description,…h a punching bag and loan gloves upstair,описание обрезано посреди слова/фразы,посчитано,"curl -s https://www.otherbali.com/places/victory-fitness-club | grep -o 'name=""description""[^>]*'",PR #311 (черновик) — исправление в работе,2026-09-28,
T4,P3,https://www.otherbali.com/places/babi-guling-swari,babi-guling-swari,description,…nggu branch and ordering through GrabFoo,описание обрезано посреди слова/фразы,посчитано,"curl -s https://www.otherbali.com/places/babi-guling-swari | grep -o 'name=""description""[^>]*'",PR #311 (черновик) — исправление в работе,2026-09-28,
T4,P3,https://www.otherbali.com/places/warung-local,warung-local,description,…y — with an outdoor seating section. Ope,описание обрезано посреди слова/фразы,посчитано,"curl -s https://www.otherbali.com/places/warung-local | grep -o 'name=""description""[^>]*'",PR #311 (черновик) — исправление в работе,2026-09-28,
T4,P3,https://www.otherbali.com/places/warung-nonii,warung-nonii,description,… open breakfast through dinner with nasi,описание обрезано посреди слова/фразы,посчитано,"curl -s https://www.otherbali.com/places/warung-nonii | grep -o 'name=""description""[^>]*'",PR #311 (черновик) — исправление в работе,2026-09-28,
T4,P3,https://www.otherbali.com/places/warung-yess,warung-yess,description,…ck from a daily fresh display to build a,описание обрезано посреди слова/фразы,посчитано,"curl -s https://www.otherbali.com/places/warung-yess | grep -o 'name=""description""[^>]*'",PR #311 (черновик) — исправление в работе,2026-09-28,
T4,P3,https://www.otherbali.com/places/warung-sika,warung-sika,description,…ne of Canggu's most popular local rice s,описание обрезано посреди слова/фразы,посчитано,"curl -s https://www.otherbali.com/places/warung-sika | grep -o 'name=""description""[^>]*'",PR #311 (черновик) — исправление в работе,2026-09-28,
T4,P3,https://www.otherbali.com/places/woods-bali,woods-bali,description,"…lled chalet setting. Cafe by day, dinner",описание обрезано посреди слова/фразы,посчитано,"curl -s https://www.otherbali.com/places/woods-bali | grep -o 'name=""description""[^>]*'",PR #311 (черновик) — исправление в работе,2026-09-28,
T4,P3,https://www.otherbali.com/places/workmates-coworking-space-and-cafe,workmates-coworking-space-and-cafe,description,"…oes chicken parmigiana, Indonesian plate",описание обрезано посреди слова/фразы,посчитано,"curl -s https://www.otherbali.com/places/workmates-coworking-space-and-cafe | grep -o 'name=""description""[^>]*'",PR #311 (черновик) — исправление в работе,2026-09-28,
T4,P3,https://www.otherbali.com/places/wrong-gym-pererenan,wrong-gym-pererenan,description,"…aining area, functional/jungle gym, fitn",описание обрезано посреди слова/фразы,посчитано,"curl -s https://www.otherbali.com/places/wrong-gym-pererenan | grep -o 'name=""description""[^>]*'",PR #311 (черновик) — исправление в работе,2026-09-28,
T4,P3,https://www.otherbali.com/places/yema-kitchen,yema-kitchen,description,"…ican and Levantine — tajine, couscous, p",описание обрезано посреди слова/фразы,посчитано,"curl -s https://www.otherbali.com/places/yema-kitchen | grep -o 'name=""description""[^>]*'",PR #311 (черновик) — исправление в работе,2026-09-28,
T4,P3,https://www.otherbali.com/places/yuki-canggu,yuki-canggu,description,…tails in a stylish yet laid-back room; b,описание обрезано посреди слова/фразы,посчитано,"curl -s https://www.otherbali.com/places/yuki-canggu | grep -o 'name=""description""[^>]*'",PR #311 (черновик) — исправление в работе,2026-09-28,
T4,P3,https://www.otherbali.com/places/zin-cafe-canggu,zin-cafe-canggu,description,"…st tables, fast wifi, a quiet upper room",описание обрезано посреди слова/фразы,посчитано,"curl -s https://www.otherbali.com/places/zin-cafe-canggu | grep -o 'name=""description""[^>]*'",PR #311 (черновик) — исправление в работе,2026-09-28,
T4,P3,https://www.otherbali.com/places/ayam-betutu-khas-gilimanuk,ayam-betutu-khas-gilimanuk,description,…il it falls off the bone. It is a focuse,описание обрезано посреди слова/фразы,посчитано,"curl -s https://www.otherbali.com/places/ayam-betutu-khas-gilimanuk | grep -o 'name=""description""[^>]*'",PR #311 (черновик) — исправление в работе,2026-09-28,
T4,P3,https://www.otherbali.com/places/toko-kopi-tuku,toko-kopi-tuku,description,…-sugar milk coffee — that made Tuku famo,описание обрезано посреди слова/фразы,посчитано,"curl -s https://www.otherbali.com/places/toko-kopi-tuku | grep -o 'name=""description""[^>]*'",PR #311 (черновик) — исправление в работе,2026-09-28,
T4,P3,https://www.otherbali.com/places/warung-wardani,warung-wardani,description,… rice. It is a longtime local institutio,описание обрезано посреди слова/фразы,посчитано,"curl -s https://www.otherbali.com/places/warung-wardani | grep -o 'name=""description""[^>]*'",PR #311 (черновик) — исправление в работе,2026-09-28,
T4,P3,https://www.otherbali.com/places/akua-mediterranean,akua-mediterranean,description,"…ving Spanish tapas, handmade pastas, sou",описание обрезано посреди слова/фразы,посчитано,"curl -s https://www.otherbali.com/places/akua-mediterranean | grep -o 'name=""description""[^>]*'",PR #311 (черновик) — исправление в работе,2026-09-28,
T4,P3,https://www.otherbali.com/places/ayana-fitness-centre,ayana-fitness-centre,description,"…d sauna rooms, a jacuzzi grotto and cold",описание обрезано посреди слова/фразы,посчитано,"curl -s https://www.otherbali.com/places/ayana-fitness-centre | grep -o 'name=""description""[^>]*'",PR #311 (черновик) — исправление в работе,2026-09-28,
T4,P3,https://www.otherbali.com/places/ayana-bali-yoga,ayana-bali-yoga,description,…o guests across the estate's shared faci,описание обрезано посреди слова/фразы,посчитано,"curl -s https://www.otherbali.com/places/ayana-bali-yoga | grep -o 'name=""description""[^>]*'",PR #311 (черновик) — исправление в работе,2026-09-28,
T4,P3,https://www.otherbali.com/places/azure-beach-restaurant,azure-beach-restaurant,description,"…chef Frederic Boulay, with daybeds, dire",описание обрезано посреди слова/фразы,посчитано,"curl -s https://www.otherbali.com/places/azure-beach-restaurant | grep -o 'name=""description""[^>]*'",PR #311 (черновик) — исправление в работе,2026-09-28,
T4,P3,https://www.otherbali.com/places/bamboo-spa-jimbaran,bamboo-spa-jimbaran,description,…Massage. Foot Reflexology is 350K IDR fo,описание обрезано посреди слова/фразы,посчитано,"curl -s https://www.otherbali.com/places/bamboo-spa-jimbaran | grep -o 'name=""description""[^>]*'",PR #311 (черновик) — исправление в работе,2026-09-28,
T4,P3,https://www.otherbali.com/places/bawang-merah-beachfront,bawang-merah-beachfront,description,"…and charcoal-grilled whole fish, prawns,",описание обрезано посреди слова/фразы,посчитано,"curl -s https://www.otherbali.com/places/bawang-merah-beachfront | grep -o 'name=""description""[^>]*'",PR #311 (черновик) — исправление в работе,2026-09-28,
T4,P3,https://www.otherbali.com/places/calma-spa-jimbaran-jimbaran,calma-spa-jimbaran-jimbaran,description,…inese Massage is 250K IDR for 60 minutes,описание обрезано посреди слова/фразы,посчитано,"curl -s https://www.otherbali.com/places/calma-spa-jimbaran-jimbaran | grep -o 'name=""description""[^>]*'",PR #311 (черновик) — исправление в работе,2026-09-28,
T4,P3,https://www.otherbali.com/places/cuca-restaurant,cuca-restaurant,description,"…g globally inspired tapas, cocktails and",описание обрезано посреди слова/фразы,посчитано,"curl -s https://www.otherbali.com/places/cuca-restaurant | grep -o 'name=""description""[^>]*'",PR #311 (черновик) — исправление в работе,2026-09-28,
T4,P3,https://www.otherbali.com/places/dava-steak-and-seafood,dava-steak-and-seafood,description,"…ian lobster over a wood-fired grill, wit",описание обрезано посреди слова/фразы,посчитано,"curl -s https://www.otherbali.com/places/dava-steak-and-seafood | grep -o 'name=""description""[^>]*'",PR #311 (черновик) — исправление в работе,2026-09-28,
T4,P3,https://www.otherbali.com/places/fore-coffee-jimbaran,fore-coffee-jimbaran,description,…nsistent everyday espresso and signature,описание обрезано посреди слова/фразы,посчитано,"curl -s https://www.otherbali.com/places/fore-coffee-jimbaran | grep -o 'name=""description""[^>]*'",PR #311 (черновик) — исправление в работе,2026-09-28,
T4,P3,https://www.otherbali.com/places/de-wave-family-massage-beauty-salon-jimbaran,de-wave-family-massage-beauty-salon-jimbaran,description,…logy. reflexology is 80K IDR for 60 minu,описание обрезано посреди слова/фразы,посчитано,"curl -s https://www.otherbali.com/places/de-wave-family-massage-beauty-salon-jimbaran | grep -o 'name=""description""[^>]*'",PR #311 (черновик) — исправление в работе,2026-09-28,
T4,P3,https://www.otherbali.com/places/four-seasons-jimbaran-fitness-centre,four-seasons-jimbaran-fitness-centre,description,…studio. Personal trainers are on hand fo,описание обрезано посреди слова/фразы,посчитано,"curl -s https://www.otherbali.com/places/four-seasons-jimbaran-fitness-centre | grep -o 'name=""description""[^>]*'",PR #311 (черновик) — исправление в работе,2026-09-28,
T4,P3,https://www.otherbali.com/places/four-seasons-jimbaran-yoga,four-seasons-jimbaran-yoga,description,"…yles: Yin, Kundalini, hot stone yoga, an",описание обрезано посреди слова/фразы,посчитано,"curl -s https://www.otherbali.com/places/four-seasons-jimbaran-yoga | grep -o 'name=""description""[^>]*'",PR #311 (черновик) — исправление в работе,2026-09-28,
T4,P3,https://www.otherbali.com/places/intercontinental-bali-resort-fitness-centre,intercontinental-bali-resort-fitness-centre,description,…with machines. A jogging track runs thro,описание обрезано посреди слова/фразы,посчитано,"curl -s https://www.otherbali.com/places/intercontinental-bali-resort-fitness-centre | grep -o 'name=""description""[^>]*'",PR #311 (черновик) — исправление в работе,2026-09-28,
T4,P3,https://www.otherbali.com/places/kayumanis-resto-jimbaran,kayumanis-resto-jimbaran,description,…in a replica Javanese joglo built almost,описание обрезано посреди слова/фразы,посчитано,"curl -s https://www.otherbali.com/places/kayumanis-resto-jimbaran | grep -o 'name=""description""[^>]*'",PR #311 (черновик) — исправление в работе,2026-09-28,
T4,P3,https://www.otherbali.com/places/le-meridien-bali-jimbaran-fitness,le-meridien-bali-jimbaran-fitness,description,…free weights and weight machines. Explor,описание обрезано посреди слова/фразы,посчитано,"curl -s https://www.otherbali.com/places/le-meridien-bali-jimbaran-fitness | grep -o 'name=""description""[^>]*'",PR #311 (черновик) — исправление в работе,2026-09-28,
T4,P3,https://www.otherbali.com/places/lotus-spa-jimbaran,lotus-spa-jimbaran,description,…l Massage. Pregnancy Massage is 342K IDR,описание обрезано посреди слова/фразы,посчитано,"curl -s https://www.otherbali.com/places/lotus-spa-jimbaran | grep -o 'name=""description""[^>]*'",PR #311 (черновик) — исправление в работе,2026-09-28,
T4,P3,https://www.otherbali.com/places/mapogu-coffee-and-eatery-mapogu-restaurant,mapogu-coffee-and-eatery-mapogu-restaurant,description,"…national plates. Free wifi, parking, and",описание обрезано посреди слова/фразы,посчитано,"curl -s https://www.otherbali.com/places/mapogu-coffee-and-eatery-mapogu-restaurant | grep -o 'name=""description""[^>]*'",PR #311 (черновик) — исправление в работе,2026-09-28,
T4,P3,https://www.otherbali.com/places/martha-tilaar-salon-day-spa-jimbaran,martha-tilaar-salon-day-spa-jimbaran,description,…e rituals with everyday hair and nail se,описание обрезано посреди слова/фразы,посчитано,"curl -s https://www.otherbali.com/places/martha-tilaar-salon-day-spa-jimbaran | grep -o 'name=""description""[^>]*'",PR #311 (черновик) — исправление в работе,2026-09-28,
T4,P3,https://www.otherbali.com/places/menega-cafe,menega-cafe,description,…r coconut-husk fires. Tables sit directl,описание обрезано посреди слова/фразы,посчитано,"curl -s https://www.otherbali.com/places/menega-cafe | grep -o 'name=""description""[^>]*'",PR #311 (черновик) — исправление в работе,2026-09-28,
T4,P3,https://www.otherbali.com/places/movenpick-jimbaran-yoga,movenpick-jimbaran-yoga,description,"…classes are free, including the Sunday v",описание обрезано посреди слова/фразы,посчитано,"curl -s https://www.otherbali.com/places/movenpick-jimbaran-yoga | grep -o 'name=""description""[^>]*'",PR #311 (черновик) — исправление в работе,2026-09-28,
T4,P3,https://www.otherbali.com/places/movenpick-resort-and-spa-jimbaran-fitness,movenpick-resort-and-spa-jimbaran-fitness,description,…programme runs alongside it covering yog,описание обрезано посреди слова/фразы,посчитано,"curl -s https://www.otherbali.com/places/movenpick-resort-and-spa-jimbaran-fitness | grep -o 'name=""description""[^>]*'",PR #311 (черновик) — исправление в работе,2026-09-28,
T4,P3,https://www.otherbali.com/places/nyoman-cafe,nyoman-cafe,description,"…prawns, crab, snapper and squid from the",описание обрезано посреди слова/фразы,посчитано,"curl -s https://www.otherbali.com/places/nyoman-cafe | grep -o 'name=""description""[^>]*'",PR #311 (черновик) — исправление в работе,2026-09-28,
T4,P3,https://www.otherbali.com/places/piramid-spa,piramid-spa,description,"…rubs and specialty treatments, plus an o",описание обрезано посреди слова/фразы,посчитано,"curl -s https://www.otherbali.com/places/piramid-spa | grep -o 'name=""description""[^>]*'",PR #311 (черновик) — исправление в работе,2026-09-28,
T4,P3,https://www.otherbali.com/places/radja-seafood-cafe,radja-seafood-cafe,description,… display to be charcoal-grilled and eate,описание обрезано посреди слова/фразы,посчитано,"curl -s https://www.otherbali.com/places/radja-seafood-cafe | grep -o 'name=""description""[^>]*'",PR #311 (черновик) — исправление в работе,2026-09-28,
T4,P3,https://www.otherbali.com/places/sundara-jimbaran,sundara-jimbaran,description,… Coffee Wood-Smoked Salmon and Coconut C,описание обрезано посреди слова/фразы,посчитано,"curl -s https://www.otherbali.com/places/sundara-jimbaran | grep -o 'name=""description""[^>]*'",PR #311 (черновик) — исправление в работе,2026-09-28,
T4,P3,https://www.otherbali.com/places/sundara,sundara,description,…d daybeds to a 57-metre infinity pool an,описание обрезано посреди слова/фразы,посчитано,"curl -s https://www.otherbali.com/places/sundara | grep -o 'name=""description""[^>]*'",PR #311 (черновик) — исправление в работе,2026-09-28,
T4,P3,https://www.otherbali.com/places/sunset-beach-bar-and-grill,sunset-beach-bar-and-grill,description,…he white sand with 180-degree views west,описание обрезано посреди слова/фразы,посчитано,"curl -s https://www.otherbali.com/places/sunset-beach-bar-and-grill | grep -o 'name=""description""[^>]*'",PR #311 (черновик) — исправление в работе,2026-09-28,
T4,P3,https://www.otherbali.com/places/unique-rooftop-bar-and-restaurant,unique-rooftop-bar-and-restaurant,description,…ocktails around a 25-metre infinity pool,описание обрезано посреди слова/фразы,посчитано,"curl -s https://www.otherbali.com/places/unique-rooftop-bar-and-restaurant | grep -o 'name=""description""[^>]*'",PR #311 (черновик) — исправление в работе,2026-09-28,
T4,P3,https://www.otherbali.com/places/warung-mami-ikan-bakar,warung-mami-ikan-bakar,description,…prawns and clams — served with three sam,описание обрезано посреди слова/фразы,посчитано,"curl -s https://www.otherbali.com/places/warung-mami-ikan-bakar | grep -o 'name=""description""[^>]*'",PR #311 (черновик) — исправление в работе,2026-09-28,
T4,P3,https://www.otherbali.com/places/warung-ramayana-ikan-bakar,warung-ramayana-ikan-bakar,description,… seafood grilled over coconut husks with,описание обрезано посреди слова/фразы,посчитано,"curl -s https://www.otherbali.com/places/warung-ramayana-ikan-bakar | grep -o 'name=""description""[^>]*'",PR #311 (черновик) — исправление в работе,2026-09-28,
T4,P3,https://www.otherbali.com/places/andre-bali-spa-karangasem,andre-bali-spa-karangasem,description,…sage is 850K IDR for 60 minutes. Booking,описание обрезано посреди слова/фразы,посчитано,"curl -s https://www.otherbali.com/places/andre-bali-spa-karangasem | grep -o 'name=""description""[^>]*'",PR #311 (черновик) — исправление в работе,2026-09-28,
T4,P3,https://www.otherbali.com/places/aquaria-s-inner-temple-spa-sanctuary-karangasem,aquaria-s-inner-temple-spa-sanctuary-karangasem,description,…Balinese massage & healing oil without f,описание обрезано посреди слова/фразы,посчитано,"curl -s https://www.otherbali.com/places/aquaria-s-inner-temple-spa-sanctuary-karangasem | grep -o 'name=""description""[^>]*'",PR #311 (черновик) — исправление в работе,2026-09-28,
T4,P3,https://www.otherbali.com/places/bloo-lagoon-spa-wellness-karangasem,bloo-lagoon-spa-wellness-karangasem,description,…LEXOLOGY FOOT MASSAGE is 285K IDR for 60,описание обрезано посреди слова/фразы,посчитано,"curl -s https://www.otherbali.com/places/bloo-lagoon-spa-wellness-karangasem | grep -o 'name=""description""[^>]*'",PR #311 (черновик) — исправление в работе,2026-09-28,
T4,P3,https://www.otherbali.com/places/jaya-spa-karangasem,jaya-spa-karangasem,description,…eatment. Puri Sense Body Massage is 847K,описание обрезано посреди слова/фразы,посчитано,"curl -s https://www.otherbali.com/places/jaya-spa-karangasem | grep -o 'name=""description""[^>]*'",PR #311 (черновик) — исправление в работе,2026-09-28,
T4,P3,https://www.otherbali.com/places/nusa-indah-bungalows-villa-karangasem,nusa-indah-bungalows-villa-karangasem,description,… Stone. Booking is on the venue's own si,описание обрезано посреди слова/фразы,посчитано,"curl -s https://www.otherbali.com/places/nusa-indah-bungalows-villa-karangasem | grep -o 'name=""description""[^>]*'",PR #311 (черновик) — исправление в работе,2026-09-28,
T4,P3,https://www.otherbali.com/places/the-green-spa-karangasem,the-green-spa-karangasem,description,… Massage. FOOT & LEG MASSAGE is 230K IDR,описание обрезано посреди слова/фразы,посчитано,"curl -s https://www.otherbali.com/places/the-green-spa-karangasem | grep -o 'name=""description""[^>]*'",PR #311 (черновик) — исправление в работе,2026-09-28,
T4,P3,https://www.otherbali.com/places/desa-wisata-besakih,desa-wisata-besakih,description,"…ket bundles a local guide, sarong and sh",описание обрезано посреди слова/фразы,посчитано,"curl -s https://www.otherbali.com/places/desa-wisata-besakih | grep -o 'name=""description""[^>]*'",PR #311 (черновик) — исправление в работе,2026-09-28,
T4,P3,https://www.otherbali.com/places/desa-wisata-bugbug,desa-wisata-bugbug,description,…traditions held through the year. The ne,описание обрезано посреди слова/фразы,посчитано,"curl -s https://www.otherbali.com/places/desa-wisata-bugbug | grep -o 'name=""description""[^>]*'",PR #311 (черновик) — исправление в работе,2026-09-28,
T4,P3,https://www.otherbali.com/places/afterglow-bar-and-kitchen-at-tribe-bali-kuta-beach,afterglow-bar-and-kitchen-at-tribe-bali-kuta-beach,description,…ooftop also includes an infinity pool. T,описание обрезано посреди слова/фразы,посчитано,"curl -s https://www.otherbali.com/places/afterglow-bar-and-kitchen-at-tribe-bali-kuta-beach | grep -o 'name=""description""[^>]*'",PR #311 (черновик) — исправление в работе,2026-09-28,
T4,P3,https://www.otherbali.com/places/anika-gym,anika-gym,description,…iries and sign-up go through WhatsApp or,описание обрезано посреди слова/фразы,посчитано,"curl -s https://www.otherbali.com/places/anika-gym | grep -o 'name=""description""[^>]*'",PR #311 (черновик) — исправление в работе,2026-09-28,
T4,P3,https://www.otherbali.com/places/anjali-spa-kuta-legian,anjali-spa-kuta-legian,description,…onal Balinese Massage is 300K IDR for 60,описание обрезано посреди слова/фразы,посчитано,"curl -s https://www.otherbali.com/places/anjali-spa-kuta-legian | grep -o 'name=""description""[^>]*'",PR #311 (черновик) — исправление в работе,2026-09-28,
T4,P3,https://www.otherbali.com/places/azul-beach-club-legian,azul-beach-club-legian,description,…ith a dedicated Tiki bar and a kitchen d,описание обрезано посреди слова/фразы,посчитано,"curl -s https://www.otherbali.com/places/azul-beach-club-legian | grep -o 'name=""description""[^>]*'",PR #311 (черновик) — исправление в работе,2026-09-28,
T4,P3,https://www.otherbali.com/places/bali-green-spa-kuta-legian,bali-green-spa-kuta-legian,description,…onal Balinese is 225K IDR for 60 minutes,описание обрезано посреди слова/фразы,посчитано,"curl -s https://www.otherbali.com/places/bali-green-spa-kuta-legian | grep -o 'name=""description""[^>]*'",PR #311 (черновик) — исправление в работе,2026-09-28,
T4,P3,https://www.otherbali.com/places/bali-orchid-spa-kuta-legian,bali-orchid-spa-kuta-legian,description,…itional Balinese Massage is 385K IDR for,описание обрезано посреди слова/фразы,посчитано,"curl -s https://www.otherbali.com/places/bali-orchid-spa-kuta-legian | grep -o 'name=""description""[^>]*'",PR #311 (черновик) — исправление в работе,2026-09-28,
T4,P3,https://www.otherbali.com/places/bali-green-surf,bali-green-surf,description,…aightforward way to get in the water wit,описание обрезано посреди слова/фразы,посчитано,"curl -s https://www.otherbali.com/places/bali-green-surf | grep -o 'name=""description""[^>]*'",PR #311 (черновик) — исправление в работе,2026-09-28,
T4,P3,https://www.otherbali.com/places/body-worship-bali-kuta-legian,body-worship-bali-kuta-legian,description,…tment. Foot & Leg Massage is 155K IDR fo,описание обрезано посреди слова/фразы,посчитано,"curl -s https://www.otherbali.com/places/body-worship-bali-kuta-legian | grep -o 'name=""description""[^>]*'",PR #311 (черновик) — исправление в работе,2026-09-28,
T4,P3,https://www.otherbali.com/places/caseys-spa-beauty-salon-legian,caseys-spa-beauty-salon-legian,description,…dy scrubs and manicure/pedicure alongsid,описание обрезано посреди слова/фразы,посчитано,"curl -s https://www.otherbali.com/places/caseys-spa-beauty-salon-legian | grep -o 'name=""description""[^>]*'",PR #311 (черновик) — исправление в работе,2026-09-28,
T4,P3,https://www.otherbali.com/places/celebrity-fitness,celebrity-fitness,description,"…pilates, free weights and cardio, plus p",описание обрезано посреди слова/фразы,посчитано,"curl -s https://www.otherbali.com/places/celebrity-fitness | grep -o 'name=""description""[^>]*'",PR #311 (черновик) — исправление в работе,2026-09-28,
T4,P3,https://www.otherbali.com/places/cozy-spa-bali-kuta-legian,cozy-spa-bali-kuta-legian,description,…COZY FOOT Reflexology is 170K IDR for 60,описание обрезано посреди слова/фразы,посчитано,"curl -s https://www.otherbali.com/places/cozy-spa-bali-kuta-legian | grep -o 'name=""description""[^>]*'",PR #311 (черновик) — исправление в работе,2026-09-28,
T4,P3,https://www.otherbali.com/places/coffee-cartel-legian,coffee-cartel-legian,description,"… matcha, charcoal, beetroot -- alongside",описание обрезано посреди слова/фразы,посчитано,"curl -s https://www.otherbali.com/places/coffee-cartel-legian | grep -o 'name=""description""[^>]*'",PR #311 (черновик) — исправление в работе,2026-09-28,
T4,P3,https://www.otherbali.com/places/crossfit-seminyak,crossfit-seminyak,description,…rowers and assault bikes. Showers and to,описание обрезано посреди слова/фразы,посчитано,"curl -s https://www.otherbali.com/places/crossfit-seminyak | grep -o 'name=""description""[^>]*'",PR #311 (черновик) — исправление в работе,2026-09-28,
T4,P3,https://www.otherbali.com/places/drifter-kayu-aya,drifter-kayu-aya,description,"…rds and independent brands, books and ar",описание обрезано посреди слова/фразы,посчитано,"curl -s https://www.otherbali.com/places/drifter-kayu-aya | grep -o 'name=""description""[^>]*'",PR #311 (черновик) — исправление в работе,2026-09-28,
T4,P3,https://www.otherbali.com/places/engine-room-legian,engine-room-legian,description,"…nt DJs running hip-hop, dubstep and trap",описание обрезано посреди слова/фразы,посчитано,"curl -s https://www.otherbali.com/places/engine-room-legian | grep -o 'name=""description""[^>]*'",PR #311 (черновик) — исправление в работе,2026-09-28,
T4,P3,https://www.otherbali.com/places/galuh-bali-spa-kuta-kuta-legian,galuh-bali-spa-kuta-kuta-legian,description,… Massage is 300K IDR for 60 minutes. Boo,описание обрезано посреди слова/фразы,посчитано,"curl -s https://www.otherbali.com/places/galuh-bali-spa-kuta-kuta-legian | grep -o 'name=""description""[^>]*'",PR #311 (черновик) — исправление в работе,2026-09-28,
T4,P3,https://www.otherbali.com/places/glow-spa-bali-kuta-legian,glow-spa-bali-kuta-legian,description,…hiatsu Massage is 450K IDR for 60 minute,описание обрезано посреди слова/фразы,посчитано,"curl -s https://www.otherbali.com/places/glow-spa-bali-kuta-legian | grep -o 'name=""description""[^>]*'",PR #311 (черновик) — исправление в работе,2026-09-28,
T4,P3,https://www.otherbali.com/places/hammerhead-fitness,hammerhead-fitness,description,"…80 stations, and the heaviest free weigh",описание обрезано посреди слова/фразы,посчитано,"curl -s https://www.otherbali.com/places/hammerhead-fitness | grep -o 'name=""description""[^>]*'",PR #311 (черновик) — исправление в работе,2026-09-28,
T4,P3,https://www.otherbali.com/places/jasmine-aromatic-house,jasmine-aromatic-house,description,"…r treatments, with free airport transfer",описание обрезано посреди слова/фразы,посчитано,"curl -s https://www.otherbali.com/places/jasmine-aromatic-house | grep -o 'name=""description""[^>]*'",PR #311 (черновик) — исправление в работе,2026-09-28,
T4,P3,https://www.otherbali.com/places/kros-tennis-bali,kros-tennis-bali,description,"…rom beginner upwards, and women's double",описание обрезано посреди слова/фразы,посчитано,"curl -s https://www.otherbali.com/places/kros-tennis-bali | grep -o 'name=""description""[^>]*'",PR #311 (черновик) — исправление в работе,2026-09-28,
T4,P3,https://www.otherbali.com/places/makan-place-kuta-legian,makan-place-kuta-legian,description,…uz Soup and Grilled Chickec – Honey Edit,описание обрезано посреди слова/фразы,посчитано,"curl -s https://www.otherbali.com/places/makan-place-kuta-legian | grep -o 'name=""description""[^>]*'",PR #311 (черновик) — исправление в работе,2026-09-28,
T4,P3,https://www.otherbali.com/places/mades-warung-kuta,mades-warung-kuta,description,"…n Pantai Kuta, known for nasi campur and",описание обрезано посреди слова/фразы,посчитано,"curl -s https://www.otherbali.com/places/mades-warung-kuta | grep -o 'name=""description""[^>]*'",PR #311 (черновик) — исправление в работе,2026-09-28,
T4,P3,https://www.otherbali.com/places/ministry-of-villas-kuta-legian,ministry-of-villas-kuta-legian,description,…raditional Balinese Aromatherapy Massage,описание обрезано посреди слова/фразы,посчитано,"curl -s https://www.otherbali.com/places/ministry-of-villas-kuta-legian | grep -o 'name=""description""[^>]*'",PR #311 (черновик) — исправление в работе,2026-09-28,
T4,P3,https://www.otherbali.com/places/motion-skatepark,motion-skatepark,description,"… ramp to one side, obstacles from easy t",описание обрезано посреди слова/фразы,посчитано,"curl -s https://www.otherbali.com/places/motion-skatepark | grep -o 'name=""description""[^>]*'",PR #311 (черновик) — исправление в работе,2026-09-28,
T4,P3,https://www.otherbali.com/places/oaza-uluwatu-kuta-legian,oaza-uluwatu-kuta-legian,description,…and Massage is 470K IDR. Booking is by W,описание обрезано посреди слова/фразы,посчитано,"curl -s https://www.otherbali.com/places/oaza-uluwatu-kuta-legian | grep -o 'name=""description""[^>]*'",PR #311 (черновик) — исправление в работе,2026-09-28,
T4,P3,https://www.otherbali.com/places/pavilion-surf-club-kuta-legian,pavilion-surf-club-kuta-legian,description,…. Happy hour: COCKTAIL SPECIAL: 140K eac,описание обрезано посреди слова/фразы,посчитано,"curl -s https://www.otherbali.com/places/pavilion-surf-club-kuta-legian | grep -o 'name=""description""[^>]*'",PR #311 (черновик) — исправление в работе,2026-09-28,
T4,P3,https://www.otherbali.com/places/pole-studio-bali,pole-studio-bali,description,…routines. Flexibility and conditioning c,описание обрезано посреди слова/фразы,посчитано,"curl -s https://www.otherbali.com/places/pole-studio-bali | grep -o 'name=""description""[^>]*'",PR #311 (черновик) — исправление в работе,2026-09-28,
T4,P3,https://www.otherbali.com/places/rai-fitness-sunset-bali,rai-fitness-sunset-bali,description,…than 40 group classes powered by Les Mil,описание обрезано посреди слова/фразы,посчитано,"curl -s https://www.otherbali.com/places/rai-fitness-sunset-bali | grep -o 'name=""description""[^>]*'",PR #311 (черновик) — исправление в работе,2026-09-28,
T4,P3,https://www.otherbali.com/places/putu-bali-spa-home-care-kuta-legian,putu-bali-spa-home-care-kuta-legian,description,…200K IDR for 60 minutes. Booking is by W,описание обрезано посреди слова/фразы,посчитано,"curl -s https://www.otherbali.com/places/putu-bali-spa-home-care-kuta-legian | grep -o 'name=""description""[^>]*'",PR #311 (черновик) — исправление в работе,2026-09-28,
T4,P3,https://www.otherbali.com/places/revitalize-massage-kuta-legian,revitalize-massage-kuta-legian,description,…ssage. Booking is on the venue's own sit,описание обрезано посреди слова/фразы,посчитано,"curl -s https://www.otherbali.com/places/revitalize-massage-kuta-legian | grep -o 'name=""description""[^>]*'",PR #311 (черновик) — исправление в работе,2026-09-28,
T4,P3,https://www.otherbali.com/places/rip-curl-surf-school-kuta-legian,rip-curl-surf-school-kuta-legian,description,…sons with boards and instructors right o,описание обрезано посреди слова/фразы,посчитано,"curl -s https://www.otherbali.com/places/rip-curl-surf-school-kuta-legian | grep -o 'name=""description""[^>]*'",PR #311 (черновик) — исправление в работе,2026-09-28,
T4,P3,https://www.otherbali.com/places/rokkyu-teppanyaki-grand-istana-rama-hotel-kuta,rokkyu-teppanyaki-grand-istana-rama-hotel-kuta,description,…panyaki cooking. Rice bowls and à la car,описание обрезано посреди слова/фразы,посчитано,"curl -s https://www.otherbali.com/places/rokkyu-teppanyaki-grand-istana-rama-hotel-kuta | grep -o 'name=""description""[^>]*'",PR #311 (черновик) — исправление в работе,2026-09-28,
T4,P3,https://www.otherbali.com/places/sate-khas-senayan-beachwalk,sate-khas-senayan-beachwalk,description,…-gado — in an air-conditioned mall setti,описание обрезано посреди слова/фразы,посчитано,"curl -s https://www.otherbali.com/places/sate-khas-senayan-beachwalk | grep -o 'name=""description""[^>]*'",PR #311 (черновик) — исправление в работе,2026-09-28,
T4,P3,https://www.otherbali.com/places/taman-air-spa-kuta-legian,taman-air-spa-kuta-legian,description,…Traditional Balinese Massage is 290K IDR,описание обрезано посреди слова/фразы,посчитано,"curl -s https://www.otherbali.com/places/taman-air-spa-kuta-legian | grep -o 'name=""description""[^>]*'",PR #311 (черновик) — исправление в работе,2026-09-28,
T4,P3,https://www.otherbali.com/places/the-one-legian-hotel-kuta-legian,the-one-legian-hotel-kuta-legian,description,"… includes Western Menu Promotion, Indone",описание обрезано посреди слова/фразы,посчитано,"curl -s https://www.otherbali.com/places/the-one-legian-hotel-kuta-legian | grep -o 'name=""description""[^>]*'",PR #311 (черновик) — исправление в работе,2026-09-28,
T4,P3,https://www.otherbali.com/places/tonic-kuta-legian,tonic-kuta-legian,description,… 90 minutes. Booking is on the venue's o,описание обрезано посреди слова/фразы,посчитано,"curl -s https://www.otherbali.com/places/tonic-kuta-legian | grep -o 'name=""description""[^>]*'",PR #311 (черновик) — исправление в работе,2026-09-28,
T4,P3,https://www.otherbali.com/places/yes-spa-bali-yes-hair-bliss-kuta-legian,yes-spa-bali-yes-hair-bliss-kuta-legian,description,…ssage is 130K IDR for 60 minutes. Bookin,описание обрезано посреди слова/фразы,посчитано,"curl -s https://www.otherbali.com/places/yes-spa-bali-yes-hair-bliss-kuta-legian | grep -o 'name=""description""[^>]*'",PR #311 (черновик) — исправление в работе,2026-09-28,
T4,P3,https://www.otherbali.com/places/jaya-spa-lovina,jaya-spa-lovina,description,… Facial. Traditional Lovina Body Massage,описание обрезано посреди слова/фразы,посчитано,"curl -s https://www.otherbali.com/places/jaya-spa-lovina | grep -o 'name=""description""[^>]*'",PR #311 (черновик) — исправление в работе,2026-09-28,
T4,P3,https://www.otherbali.com/places/rnd-lovina-spa-lovina,rnd-lovina-spa-lovina,description,…ge is 140K IDR for 60 minutes. Booking i,описание обрезано посреди слова/фразы,посчитано,"curl -s https://www.otherbali.com/places/rnd-lovina-spa-lovina | grep -o 'name=""description""[^>]*'",PR #311 (черновик) — исправление в работе,2026-09-28,
T4,P3,https://www.otherbali.com/places/santhika-retreat-center-lovina,santhika-retreat-center-lovina,description,…ge. Full Body Balinese Massage is 200K I,описание обрезано посреди слова/фразы,посчитано,"curl -s https://www.otherbali.com/places/santhika-retreat-center-lovina | grep -o 'name=""description""[^>]*'",PR #311 (черновик) — исправление в работе,2026-09-28,
T4,P3,https://www.otherbali.com/places/secret-garden-restaurant,secret-garden-restaurant,description,…nu. Seafood curry and goulash are regula,описание обрезано посреди слова/фразы,посчитано,"curl -s https://www.otherbali.com/places/secret-garden-restaurant | grep -o 'name=""description""[^>]*'",PR #311 (черновик) — исправление в работе,2026-09-28,
T4,P3,https://www.otherbali.com/places/8lements-spa-saranam,8lements-spa-saranam,description,"…ademy-trained therapists, set on a rooft",описание обрезано посреди слова/фразы,посчитано,"curl -s https://www.otherbali.com/places/8lements-spa-saranam | grep -o 'name=""description""[^>]*'",PR #311 (черновик) — исправление в работе,2026-09-28,
T4,P3,https://www.otherbali.com/places/mahony-spa-wellness-munduk,mahony-spa-wellness-munduk,description,… Massage. Munduk Foot Ritual is 399K IDR,описание обрезано посреди слова/фразы,посчитано,"curl -s https://www.otherbali.com/places/mahony-spa-wellness-munduk | grep -o 'name=""description""[^>]*'",PR #311 (черновик) — исправление в работе,2026-09-28,
T4,P3,https://www.otherbali.com/places/mondo-surf-lifestyle-village-munduk,mondo-surf-lifestyle-village-munduk,description,…Massage. Reflexology Foot Massage is 230,описание обрезано посреди слова/фразы,посчитано,"curl -s https://www.otherbali.com/places/mondo-surf-lifestyle-village-munduk | grep -o 'name=""description""[^>]*'",PR #311 (черновик) — исправление в работе,2026-09-28,
T4,P3,https://www.otherbali.com/places/putu-bali-spa-home-care-munduk,putu-bali-spa-home-care-munduk,description,…200K IDR for 60 minutes. Booking is by W,описание обрезано посреди слова/фразы,посчитано,"curl -s https://www.otherbali.com/places/putu-bali-spa-home-care-munduk | grep -o 'name=""description""[^>]*'",PR #311 (черновик) — исправление в работе,2026-09-28,
T4,P3,https://www.otherbali.com/places/the-northview-bali-ngiring-ngewedang-restaurant-and-coffee-c,the-northview-bali-ngiring-ngewedang-restaurant-and-coffee-c,description,…. Crispy duck and banana fritters are re,описание обрезано посреди слова/фразы,посчитано,"curl -s https://www.otherbali.com/places/the-northview-bali-ngiring-ngewedang-restaurant-and-coffee-c | grep -o 'name=""description""[^>]*'",PR #311 (черновик) — исправление в работе,2026-09-28,
T4,P3,https://www.otherbali.com/places/3d-relaxation-center-nusa-dua,3d-relaxation-center-nusa-dua,description,…xology (foot massage) is 175K IDR for 60,описание обрезано посреди слова/фразы,посчитано,"curl -s https://www.otherbali.com/places/3d-relaxation-center-nusa-dua | grep -o 'name=""description""[^>]*'",PR #311 (черновик) — исправление в работе,2026-09-28,
T4,P3,https://www.otherbali.com/places/arwana,arwana,description,…rills of fresh seafood and dry-aged meat,описание обрезано посреди слова/фразы,посчитано,"curl -s https://www.otherbali.com/places/arwana | grep -o 'name=""description""[^>]*'",PR #311 (черновик) — исправление в работе,2026-09-28,
T4,P3,https://www.otherbali.com/places/bejana-ritz-carlton,bejana-ritz-carlton,description,"…ian Ocean, serving regional Balinese and",описание обрезано посреди слова/фразы,посчитано,"curl -s https://www.otherbali.com/places/bejana-ritz-carlton | grep -o 'name=""description""[^>]*'",PR #311 (черновик) — исправление в работе,2026-09-28,
T4,P3,https://www.otherbali.com/places/brook-nusa-dua,brook-nusa-dua,description,"…Russian, Ukrainian and Asian dishes. Vin",описание обрезано посреди слова/фразы,посчитано,"curl -s https://www.otherbali.com/places/brook-nusa-dua | grep -o 'name=""description""[^>]*'",PR #311 (черновик) — исправление в работе,2026-09-28,
T4,P3,https://www.otherbali.com/places/bumbu-bali,bumbu-bali,description,"…z von Holzen, serving home- and ceremony",описание обрезано посреди слова/фразы,посчитано,"curl -s https://www.otherbali.com/places/bumbu-bali | grep -o 'name=""description""[^>]*'",PR #311 (черновик) — исправление в работе,2026-09-28,
T4,P3,https://www.otherbali.com/places/canna-beach-club,canna-beach-club,description,…ing areas including the oceanfront Cliff,описание обрезано посреди слова/фразы,посчитано,"curl -s https://www.otherbali.com/places/canna-beach-club | grep -o 'name=""description""[^>]*'",PR #311 (черновик) — исправление в работе,2026-09-28,
T4,P3,https://www.otherbali.com/places/chi-massage-luxury-spa-nusa-dua-bali-nusa-dua,chi-massage-luxury-spa-nusa-dua-bali-nusa-dua,description,…xology is 380K IDR for 60 minutes. Booki,описание обрезано посреди слова/фразы,посчитано,"curl -s https://www.otherbali.com/places/chi-massage-luxury-spa-nusa-dua-bali-nusa-dua | grep -o 'name=""description""[^>]*'",PR #311 (черновик) — исправление в работе,2026-09-28,
T4,P3,https://www.otherbali.com/places/club-med-bali-fitness,club-med-bali-fitness,description,…and tennis courts. Because the resort is,описание обрезано посреди слова/фразы,посчитано,"curl -s https://www.otherbali.com/places/club-med-bali-fitness | grep -o 'name=""description""[^>]*'",PR #311 (черновик) — исправление в работе,2026-09-28,
T4,P3,https://www.otherbali.com/places/conrad-bali-fitness-centre,conrad-bali-fitness-centre,description,"…rooms, garden pavilions, steam room, sau",описание обрезано посреди слова/фразы,посчитано,"curl -s https://www.otherbali.com/places/conrad-bali-fitness-centre | grep -o 'name=""description""[^>]*'",PR #311 (черновик) — исправление в работе,2026-09-28,
T4,P3,https://www.otherbali.com/places/conrad-bali-yoga,conrad-bali-yoga,description,… of the wider wellness schedule. Classes,описание обрезано посреди слова/фразы,посчитано,"curl -s https://www.otherbali.com/places/conrad-bali-yoga | grep -o 'name=""description""[^>]*'",PR #311 (черновик) — исправление в работе,2026-09-28,
T4,P3,https://www.otherbali.com/places/courtyard-by-marriott-nusa-dua-gym,courtyard-by-marriott-nusa-dua-gym,description,…06:00 to 23:00 and key access outside th,описание обрезано посреди слова/фразы,посчитано,"curl -s https://www.otherbali.com/places/courtyard-by-marriott-nusa-dua-gym | grep -o 'name=""description""[^>]*'",PR #311 (черновик) — исправление в работе,2026-09-28,
T4,P3,https://www.otherbali.com/places/frangipani-bali-spa-nusa-dua,frangipani-bali-spa-nusa-dua,description,…ing Facial. Frangipani Quick Couple Mass,описание обрезано посреди слова/фразы,посчитано,"curl -s https://www.otherbali.com/places/frangipani-bali-spa-nusa-dua | grep -o 'name=""description""[^>]*'",PR #311 (черновик) — исправление в работе,2026-09-28,
T4,P3,https://www.otherbali.com/places/grand-hyatt-bali-yoga,grand-hyatt-bali-yoga,description,…verlooking the water lily pond and the b,описание обрезано посреди слова/фразы,посчитано,"curl -s https://www.otherbali.com/places/grand-hyatt-bali-yoga | grep -o 'name=""description""[^>]*'",PR #311 (черновик) — исправление в работе,2026-09-28,
T4,P3,https://www.otherbali.com/places/grand-hyatt-bali-fitness-centre,grand-hyatt-bali-fitness-centre,description,"…d machine weights, squash courts, a yoga",описание обрезано посреди слова/фразы,посчитано,"curl -s https://www.otherbali.com/places/grand-hyatt-bali-fitness-centre | grep -o 'name=""description""[^>]*'",PR #311 (черновик) — исправление в работе,2026-09-28,
T4,P3,https://www.otherbali.com/places/ijen-spa-nusa-dua,ijen-spa-nusa-dua,description,…ot Massage is 249K IDR for 60 minutes. B,описание обрезано посреди слова/фразы,посчитано,"curl -s https://www.otherbali.com/places/ijen-spa-nusa-dua | grep -o 'name=""description""[^>]*'",PR #311 (черновик) — исправление в работе,2026-09-28,
T4,P3,https://www.otherbali.com/places/izakaya-by-oku,izakaya-by-oku,description,…g contemporary izakaya-style dishes in a,описание обрезано посреди слова/фразы,посчитано,"curl -s https://www.otherbali.com/places/izakaya-by-oku | grep -o 'name=""description""[^>]*'",PR #311 (черновик) — исправление в работе,2026-09-28,
T4,P3,https://www.otherbali.com/places/kayuputi,kayuputi,description,"…i-course degustation menus in a white, o",описание обрезано посреди слова/фразы,посчитано,"curl -s https://www.otherbali.com/places/kayuputi | grep -o 'name=""description""[^>]*'",PR #311 (черновик) — исправление в работе,2026-09-28,
T4,P3,https://www.otherbali.com/places/kayumanis-spa-nusa-dua-nusa-dua,kayumanis-spa-nusa-dua-nusa-dua,description,… Relaxing Massage is 1025K IDR for 60 mi,описание обрезано посреди слова/фразы,посчитано,"curl -s https://www.otherbali.com/places/kayumanis-spa-nusa-dua-nusa-dua | grep -o 'name=""description""[^>]*'",PR #311 (черновик) — исправление в работе,2026-09-28,
T4,P3,https://www.otherbali.com/places/kekeb-restaurant-nusa-dua,kekeb-restaurant-nusa-dua,description,"… package, Chicken Betutu and Sate. Booki",описание обрезано посреди слова/фразы,посчитано,"curl -s https://www.otherbali.com/places/kekeb-restaurant-nusa-dua | grep -o 'name=""description""[^>]*'",PR #311 (черновик) — исправление в работе,2026-09-28,
T4,P3,https://www.otherbali.com/places/kenja-ikan-bakar-nusa-dua,kenja-ikan-bakar-nusa-dua,description,…ecialising in ikan bakar and grilled fis,описание обрезано посреди слова/фразы,посчитано,"curl -s https://www.otherbali.com/places/kenja-ikan-bakar-nusa-dua | grep -o 'name=""description""[^>]*'",PR #311 (черновик) — исправление в работе,2026-09-28,
T4,P3,https://www.otherbali.com/places/koral,koral,description,…ks holding 80-plus marine species; the k,описание обрезано посреди слова/фразы,посчитано,"curl -s https://www.otherbali.com/places/koral | grep -o 'name=""description""[^>]*'",PR #311 (черновик) — исправление в работе,2026-09-28,
T4,P3,https://www.otherbali.com/places/kriya-spa-at-grand-hyatt-bali-nusa-dua,kriya-spa-at-grand-hyatt-bali-nusa-dua,description,…beside tropical pools. Its menu is organ,описание обрезано посреди слова/фразы,посчитано,"curl -s https://www.otherbali.com/places/kriya-spa-at-grand-hyatt-bali-nusa-dua | grep -o 'name=""description""[^>]*'",PR #311 (черновик) — исправление в работе,2026-09-28,
T4,P3,https://www.otherbali.com/places/kubu-garden-restaurant,kubu-garden-restaurant,description,… Western and Italian dishes with bread b,описание обрезано посреди слова/фразы,посчитано,"curl -s https://www.otherbali.com/places/kubu-garden-restaurant | grep -o 'name=""description""[^>]*'",PR #311 (черновик) — исправление в работе,2026-09-28,
T4,P3,https://www.otherbali.com/places/manarai-beach-house,manarai-beach-house,description,…nuous run from restaurant through outdoo,описание обрезано посреди слова/фразы,посчитано,"curl -s https://www.otherbali.com/places/manarai-beach-house | grep -o 'name=""description""[^>]*'",PR #311 (черновик) — исправление в работе,2026-09-28,
T4,P3,https://www.otherbali.com/places/melons-nusa-dua,melons-nusa-dua,description,"…oll, Thai Vegetable Spring Rolls and Bee",описание обрезано посреди слова/фразы,посчитано,"curl -s https://www.otherbali.com/places/melons-nusa-dua | grep -o 'name=""description""[^>]*'",PR #311 (черновик) — исправление в работе,2026-09-28,
T4,P3,https://www.otherbali.com/places/merusaka-spa-nusa-dua,merusaka-spa-nusa-dua,description,…l Massage is 675K IDR for 60 minutes. Bo,описание обрезано посреди слова/фразы,посчитано,"curl -s https://www.otherbali.com/places/merusaka-spa-nusa-dua | grep -o 'name=""description""[^>]*'",PR #311 (черновик) — исправление в работе,2026-09-28,
T4,P3,https://www.otherbali.com/places/mulia-fitness-centre-nusa-dua,mulia-fitness-centre-nusa-dua,description,"…ng group classes, and racquet facilities",описание обрезано посреди слова/фразы,посчитано,"curl -s https://www.otherbali.com/places/mulia-fitness-centre-nusa-dua | grep -o 'name=""description""[^>]*'",PR #311 (черновик) — исправление в работе,2026-09-28,
T4,P3,https://www.otherbali.com/places/mulia-spa-nusa-dua,mulia-spa-nusa-dua,description,…herapy journey — Cleopatra-style hydroto,описание обрезано посреди слова/фразы,посчитано,"curl -s https://www.otherbali.com/places/mulia-spa-nusa-dua | grep -o 'name=""description""[^>]*'",PR #311 (черновик) — исправление в работе,2026-09-28,
T4,P3,https://www.otherbali.com/places/nasi-banjar-mbok-mang,nasi-banjar-mbok-mang,description,…ly and frequently sells out within a few,описание обрезано посреди слова/фразы,посчитано,"curl -s https://www.otherbali.com/places/nasi-banjar-mbok-mang | grep -o 'name=""description""[^>]*'",PR #311 (черновик) — исправление в работе,2026-09-28,
T4,P3,https://www.otherbali.com/places/nusa-dua-beach-hotel-yoga,nusa-dua-beach-hotel-yoga,description,"…the beach and in the landscaped gardens,",описание обрезано посреди слова/фразы,посчитано,"curl -s https://www.otherbali.com/places/nusa-dua-beach-hotel-yoga | grep -o 'name=""description""[^>]*'",PR #311 (черновик) — исправление в работе,2026-09-28,
T4,P3,https://www.otherbali.com/places/nusa-dua-beach-grill,nusa-dua-beach-grill,description,"…sh grilled seafood (prawns, fish, lobste",описание обрезано посреди слова/фразы,посчитано,"curl -s https://www.otherbali.com/places/nusa-dua-beach-grill | grep -o 'name=""description""[^>]*'",PR #311 (черновик) — исправление в работе,2026-09-28,
T4,P3,https://www.otherbali.com/places/piasan,piasan,description,"…, wood-fired pizza and prime cuts in a g",описание обрезано посреди слова/фразы,посчитано,"curl -s https://www.otherbali.com/places/piasan | grep -o 'name=""description""[^>]*'",PR #311 (черновик) — исправление в работе,2026-09-28,
T4,P3,https://www.otherbali.com/places/piasan-nusa-dua-restaurant-piasan-restaurant,piasan-nusa-dua-restaurant-piasan-restaurant,description,… with floating partitions and a raised c,описание обрезано посреди слова/фразы,посчитано,"curl -s https://www.otherbali.com/places/piasan-nusa-dua-restaurant-piasan-restaurant | grep -o 'name=""description""[^>]*'",PR #311 (черновик) — исправление в работе,2026-09-28,
T4,P3,https://www.otherbali.com/places/revi-vo-spa-wellness-nusa-dua,revi-vo-spa-wellness-nusa-dua,description,"…it, hammam, hot and cold plunge pools an",описание обрезано посреди слова/фразы,посчитано,"curl -s https://www.otherbali.com/places/revi-vo-spa-wellness-nusa-dua | grep -o 'name=""description""[^>]*'",PR #311 (черновик) — исправление в работе,2026-09-28,
T4,P3,https://www.otherbali.com/places/revi-vo-yoga-mindfulness-nusa-dua,revi-vo-yoga-mindfulness-nusa-dua,description,"…on an aerial-yoga deck, with guided medi",описание обрезано посреди слова/фразы,посчитано,"curl -s https://www.otherbali.com/places/revi-vo-yoga-mindfulness-nusa-dua | grep -o 'name=""description""[^>]*'",PR #311 (черновик) — исправление в работе,2026-09-28,
T4,P3,https://www.otherbali.com/places/royal-orchid-spa-nusa-dua,royal-orchid-spa-nusa-dua,description,…raditional Balinese Massage – 60 is 385K,описание обрезано посреди слова/фразы,посчитано,"curl -s https://www.otherbali.com/places/royal-orchid-spa-nusa-dua | grep -o 'name=""description""[^>]*'",PR #311 (черновик) — исправление в работе,2026-09-28,
T4,P3,https://www.otherbali.com/places/rosehill-spa-nusa-dua,rosehill-spa-nusa-dua,description,…0 minutes. Booking is on the venue's own,описание обрезано посреди слова/фразы,посчитано,"curl -s https://www.otherbali.com/places/rosehill-spa-nusa-dua | grep -o 'name=""description""[^>]*'",PR #311 (черновик) — исправление в работе,2026-09-28,
T4,P3,https://www.otherbali.com/places/samuh-beach-nusa-dua,samuh-beach-nusa-dua,description,…. THAI BEEF SALAD is 90K IDR. Booking is,описание обрезано посреди слова/фразы,посчитано,"curl -s https://www.otherbali.com/places/samuh-beach-nusa-dua | grep -o 'name=""description""[^>]*'",PR #311 (черновик) — исправление в работе,2026-09-28,
T4,P3,https://www.otherbali.com/places/signa-cafe,signa-cafe,description,"…cocktails. Dine-in, delivery and takeawa",описание обрезано посреди слова/фразы,посчитано,"curl -s https://www.otherbali.com/places/signa-cafe | grep -o 'name=""description""[^>]*'",PR #311 (черновик) — исправление в работе,2026-09-28,
T4,P3,https://www.otherbali.com/places/sofitel-bali-fitness-centre-nusa-dua,sofitel-bali-fitness-centre-nusa-dua,description,"…t plus sauna and steam, running a schedu",описание обрезано посреди слова/фразы,посчитано,"curl -s https://www.otherbali.com/places/sofitel-bali-fitness-centre-nusa-dua | grep -o 'name=""description""[^>]*'",PR #311 (черновик) — исправление в работе,2026-09-28,
T4,P3,https://www.otherbali.com/places/sofitel-bali-yoga,sofitel-bali-yoga,description,"…yoga, meditation, Qi Gong and inner-powe",описание обрезано посреди слова/фразы,посчитано,"curl -s https://www.otherbali.com/places/sofitel-bali-yoga | grep -o 'name=""description""[^>]*'",PR #311 (черновик) — исправление в работе,2026-09-28,
T4,P3,https://www.otherbali.com/places/st-regis-bali-yoga,st-regis-bali-yoga,description,… complimentary schedule covers beachside,описание обрезано посреди слова/фразы,посчитано,"curl -s https://www.otherbali.com/places/st-regis-bali-yoga | grep -o 'name=""description""[^>]*'",PR #311 (черновик) — исправление в работе,2026-09-28,
T4,P3,https://www.otherbali.com/places/soleil-at-mulia,soleil-at-mulia,description,…an dishes such as handcrafted pastas and,описание обрезано посреди слова/фразы,посчитано,"curl -s https://www.otherbali.com/places/soleil-at-mulia | grep -o 'name=""description""[^>]*'",PR #311 (черновик) — исправление в работе,2026-09-28,
T4,P3,https://www.otherbali.com/places/st-regis-bali-athletic-club,st-regis-bali-athletic-club,description,"… with separate zones for strength, cardi",описание обрезано посреди слова/фразы,посчитано,"curl -s https://www.otherbali.com/places/st-regis-bali-athletic-club | grep -o 'name=""description""[^>]*'",PR #311 (черновик) — исправление в работе,2026-09-28,
T4,P3,https://www.otherbali.com/places/the-apurva-kempinski-fitness-centre-nusa-dua,the-apurva-kempinski-fitness-centre-nusa-dua,description,…trength equipment and trainer-led sessio,описание обрезано посреди слова/фразы,посчитано,"curl -s https://www.otherbali.com/places/the-apurva-kempinski-fitness-centre-nusa-dua | grep -o 'name=""description""[^>]*'",PR #311 (черновик) — исправление в работе,2026-09-28,
T4,P3,https://www.otherbali.com/places/tetaring,tetaring,description,…monial roof structure and set in a glass,описание обрезано посреди слова/фразы,посчитано,"curl -s https://www.otherbali.com/places/tetaring | grep -o 'name=""description""[^>]*'",PR #311 (черновик) — исправление в работе,2026-09-28,
T4,P3,https://www.otherbali.com/places/the-apurva-kempinski-yoga-nusa-dua,the-apurva-kempinski-yoga-nusa-dua,description,…ity yoga and sound-healing sessions — se,описание обрезано посреди слова/фразы,посчитано,"curl -s https://www.otherbali.com/places/the-apurva-kempinski-yoga-nusa-dua | grep -o 'name=""description""[^>]*'",PR #311 (черновик) — исправление в работе,2026-09-28,
T4,P3,https://www.otherbali.com/places/the-apurva-spa-nusa-dua,the-apurva-spa-nusa-dua,description,"…nese healing — Lulur and Jamu rituals, s",описание обрезано посреди слова/фразы,посчитано,"curl -s https://www.otherbali.com/places/the-apurva-spa-nusa-dua | grep -o 'name=""description""[^>]*'",PR #311 (черновик) — исправление в работе,2026-09-28,
T4,P3,https://www.otherbali.com/places/the-bale-nusa-dua-yoga,the-bale-nusa-dua-yoga,description,…own pool. Yoga and pranayama are offered,описание обрезано посреди слова/фразы,посчитано,"curl -s https://www.otherbali.com/places/the-bale-nusa-dua-yoga | grep -o 'name=""description""[^>]*'",PR #311 (черновик) — исправление в работе,2026-09-28,
T4,P3,https://www.otherbali.com/places/the-beach-grill-ritz-carlton,the-beach-grill-ritz-carlton,description,"…od — barramundi, snapper, king prawn — o",описание обрезано посреди слова/фразы,посчитано,"curl -s https://www.otherbali.com/places/the-beach-grill-ritz-carlton | grep -o 'name=""description""[^>]*'",PR #311 (черновик) — исправление в работе,2026-09-28,
T4,P3,https://www.otherbali.com/places/the-spa-at-hotel-nikko-bali-benoa-beach-nusa-dua,the-spa-at-hotel-nikko-bali-benoa-beach-nusa-dua,description,… Massage. Balinese Massage is 400K IDR f,описание обрезано посреди слова/фразы,посчитано,"curl -s https://www.otherbali.com/places/the-spa-at-hotel-nikko-bali-benoa-beach-nusa-dua | grep -o 'name=""description""[^>]*'",PR #311 (черновик) — исправление в работе,2026-09-28,
T4,P3,https://www.otherbali.com/places/the-u-spa-by-bali-relaxing-resort-nusa-dua,the-u-spa-by-bali-relaxing-resort-nusa-dua,description,…ss Reliever Massage is 350K IDR for 45 m,описание обрезано посреди слова/фразы,посчитано,"curl -s https://www.otherbali.com/places/the-u-spa-by-bali-relaxing-resort-nusa-dua | grep -o 'name=""description""[^>]*'",PR #311 (черновик) — исправление в работе,2026-09-28,
T4,P3,https://www.otherbali.com/places/tunjungsari-spa-nusa-dua,tunjungsari-spa-nusa-dua,description,… IDR for 60 minutes. Booking is on the v,описание обрезано посреди слова/фразы,посчитано,"curl -s https://www.otherbali.com/places/tunjungsari-spa-nusa-dua | grep -o 'name=""description""[^>]*'",PR #311 (черновик) — исправление в работе,2026-09-28,
T4,P3,https://www.otherbali.com/places/warung-batan-bekul,warung-batan-bekul,description,…h morning. Opens midday only and commonl,описание обрезано посреди слова/фразы,посчитано,"curl -s https://www.otherbali.com/places/warung-batan-bekul | grep -o 'name=""description""[^>]*'",PR #311 (черновик) — исправление в работе,2026-09-28,
T4,P3,https://www.otherbali.com/places/urban-seaside-restaurant-and-bar,urban-seaside-restaurant-and-bar,description,…national comfort dishes and Asian-influe,описание обрезано посреди слова/фразы,посчитано,"curl -s https://www.otherbali.com/places/urban-seaside-restaurant-and-bar | grep -o 'name=""description""[^>]*'",PR #311 (черновик) — исправление в работе,2026-09-28,
T4,P3,https://www.otherbali.com/places/warung-dobiel-nusa-dua,warung-dobiel-nusa-dua,description,…ong-running local institution a short tr,описание обрезано посреди слова/фразы,посчитано,"curl -s https://www.otherbali.com/places/warung-dobiel-nusa-dua | grep -o 'name=""description""[^>]*'",PR #311 (черновик) — исправление в работе,2026-09-28,
T4,P3,https://www.otherbali.com/places/warung-nasi-ayam-bu-oki,warung-nasi-ayam-bu-oki,description,…en. One of the go-to cheap Balinese meal,описание обрезано посреди слова/фразы,посчитано,"curl -s https://www.otherbali.com/places/warung-nasi-ayam-bu-oki | grep -o 'name=""description""[^>]*'",PR #311 (черновик) — исправление в работе,2026-09-28,
T4,P3,https://www.otherbali.com/places/westin-nusa-dua-fitness-studio,westin-nusa-dua-fitness-studio,description,"…llness floor: a reformer pilates studio,",описание обрезано посреди слова/фразы,посчитано,"curl -s https://www.otherbali.com/places/westin-nusa-dua-fitness-studio | grep -o 'name=""description""[^>]*'",PR #311 (черновик) — исправление в работе,2026-09-28,
T4,P3,https://www.otherbali.com/places/westin-nusa-dua-yoga,westin-nusa-dua-yoga,description,…ons alongside pilates and spin. Ashtanga,описание обрезано посреди слова/фразы,посчитано,"curl -s https://www.otherbali.com/places/westin-nusa-dua-yoga | grep -o 'name=""description""[^>]*'",PR #311 (черновик) — исправление в работе,2026-09-28,
T4,P3,https://www.otherbali.com/places/white-orchid-nusa-dua,white-orchid-nusa-dua,description,…om breakfast through dinner; known for s,описание обрезано посреди слова/фразы,посчитано,"curl -s https://www.otherbali.com/places/white-orchid-nusa-dua | grep -o 'name=""description""[^>]*'",PR #311 (черновик) — исправление в работе,2026-09-28,
T4,P3,https://www.otherbali.com/places/zahra-spa-nusa-dua-nusa-dua,zahra-spa-nusa-dua-nusa-dua,description,…K IDR. Booking is on the venue's own sit,описание обрезано посреди слова/фразы,посчитано,"curl -s https://www.otherbali.com/places/zahra-spa-nusa-dua-nusa-dua | grep -o 'name=""description""[^>]*'",PR #311 (черновик) — исправление в работе,2026-09-28,
T4,P3,https://www.otherbali.com/places/andaz-bali-fitness-centre,andaz-bali-fitness-centre,description,"…cy, reached through a side entrance link",описание обрезано посреди слова/фразы,посчитано,"curl -s https://www.otherbali.com/places/andaz-bali-fitness-centre | grep -o 'name=""description""[^>]*'",PR #311 (черновик) — исправление в работе,2026-09-28,
T4,P3,https://www.otherbali.com/places/babi-guling-odah-sanur,babi-guling-odah-sanur,description,"…ts house sambal tabia (chili, roasted sh",описание обрезано посреди слова/фразы,посчитано,"curl -s https://www.otherbali.com/places/babi-guling-odah-sanur | grep -o 'name=""description""[^>]*'",PR #311 (черновик) — исправление в работе,2026-09-28,
T4,P3,https://www.otherbali.com/places/bali-barber-sanur-sanur,bali-barber-sanur-sanur,description,"…ssic hot-towel shaves, beard work and dr",описание обрезано посреди слова/фразы,посчитано,"curl -s https://www.otherbali.com/places/bali-barber-sanur-sanur | grep -o 'name=""description""[^>]*'",PR #311 (черновик) — исправление в работе,2026-09-28,
T4,P3,https://www.otherbali.com/places/bali-beach-hotel-fitness-centre,bali-beach-hotel-fitness-centre,description,…e and well equipped. It sits on a proper,описание обрезано посреди слова/фразы,посчитано,"curl -s https://www.otherbali.com/places/bali-beach-hotel-fitness-centre | grep -o 'name=""description""[^>]*'",PR #311 (черновик) — исправление в работе,2026-09-28,
T4,P3,https://www.otherbali.com/places/bali-beach-hotel-yoga-wellness,bali-beach-hotel-yoga-wellness,description,… The hotel's main pool measures 57 by 37,описание обрезано посреди слова/фразы,посчитано,"curl -s https://www.otherbali.com/places/bali-beach-hotel-yoga-wellness | grep -o 'name=""description""[^>]*'",PR #311 (черновик) — исправление в работе,2026-09-28,
T4,P3,https://www.otherbali.com/places/blissful-senja-sanur,blissful-senja-sanur,description,…sue. Foot Massage is 200K IDR for 60 min,описание обрезано посреди слова/фразы,посчитано,"curl -s https://www.otherbali.com/places/blissful-senja-sanur | grep -o 'name=""description""[^>]*'",PR #311 (черновик) — исправление в работе,2026-09-28,
T4,P3,https://www.otherbali.com/places/genius-cafe,genius-cafe,description,"…, and toes-in-the-sand seating without a",описание обрезано посреди слова/фразы,посчитано,"curl -s https://www.otherbali.com/places/genius-cafe | grep -o 'name=""description""[^>]*'",PR #311 (черновик) — исправление в работе,2026-09-28,
T4,P3,https://www.otherbali.com/places/glo-day-spa-salon-sanur-sanur,glo-day-spa-salon-sanur-sanur,description,"…minyak, Echo Beach, Lembongan) known for",описание обрезано посреди слова/фразы,посчитано,"curl -s https://www.otherbali.com/places/glo-day-spa-salon-sanur-sanur | grep -o 'name=""description""[^>]*'",PR #311 (черновик) — исправление в работе,2026-09-28,
T4,P3,https://www.otherbali.com/places/gong-restaurant,gong-restaurant,description,…setting focused on traditional dishes. O,описание обрезано посреди слова/фразы,посчитано,"curl -s https://www.otherbali.com/places/gong-restaurant | grep -o 'name=""description""[^>]*'",PR #311 (черновик) — исправление в работе,2026-09-28,
T4,P3,https://www.otherbali.com/places/griya-santrian-beach-resort-spa-sanur,griya-santrian-beach-resort-spa-sanur,description,…43K IDR for 60 minutes. Booking is by Wh,описание обрезано посреди слова/фразы,посчитано,"curl -s https://www.otherbali.com/places/griya-santrian-beach-resort-spa-sanur | grep -o 'name=""description""[^>]*'",PR #311 (черновик) — исправление в работе,2026-09-28,
T4,P3,https://www.otherbali.com/places/hawa-gym-tukad-yeh-aya,hawa-gym-tukad-yeh-aya,description,…ays. It runs personal training and a cla,описание обрезано посреди слова/фразы,посчитано,"curl -s https://www.otherbali.com/places/hawa-gym-tukad-yeh-aya | grep -o 'name=""description""[^>]*'",PR #311 (черновик) — исправление в работе,2026-09-28,
T4,P3,https://www.otherbali.com/places/holiday-inn-bali-sanur-gym,holiday-inn-bali-sanur-gym,description,"…upright bike, dumbbells, yoga mats and t",описание обрезано посреди слова/фразы,посчитано,"curl -s https://www.otherbali.com/places/holiday-inn-bali-sanur-gym | grep -o 'name=""description""[^>]*'",PR #311 (черновик) — исправление в работе,2026-09-28,
T4,P3,https://www.otherbali.com/places/intercontinental-bali-sanur-resort-fitness-centre,intercontinental-bali-sanur-resort-fitness-centre,description,…eadmill and a spread of free weights sui,описание обрезано посреди слова/фразы,посчитано,"curl -s https://www.otherbali.com/places/intercontinental-bali-sanur-resort-fitness-centre | grep -o 'name=""description""[^>]*'",PR #311 (черновик) — исправление в работе,2026-09-28,
T4,P3,https://www.otherbali.com/places/koa-shala-sanur,koa-shala-sanur,description,…open-air yoga classes plus meditation in,описание обрезано посреди слова/фразы,посчитано,"curl -s https://www.otherbali.com/places/koa-shala-sanur | grep -o 'name=""description""[^>]*'",PR #311 (черновик) — исправление в работе,2026-09-28,
T4,P3,https://www.otherbali.com/places/koa-shala-spa-sanur,koa-shala-spa-sanur,description,…ffering Balinese and holistic massage in,описание обрезано посреди слова/фразы,посчитано,"curl -s https://www.otherbali.com/places/koa-shala-spa-sanur | grep -o 'name=""description""[^>]*'",PR #311 (черновик) — исправление в работе,2026-09-28,
T4,P3,https://www.otherbali.com/places/koa-spa-sanur,koa-spa-sanur,description,…y. Customise your massage with our add o,описание обрезано посреди слова/фразы,посчитано,"curl -s https://www.otherbali.com/places/koa-spa-sanur | grep -o 'name=""description""[^>]*'",PR #311 (черновик) — исправление в работе,2026-09-28,
T4,P3,https://www.otherbali.com/places/lilla-pantai,lilla-pantai,description,"…s plus seafood, cooked without MSG, with",описание обрезано посреди слова/фразы,посчитано,"curl -s https://www.otherbali.com/places/lilla-pantai | grep -o 'name=""description""[^>]*'",PR #311 (черновик) — исправление в работе,2026-09-28,
T4,P3,https://www.otherbali.com/places/linga-longa-bar,linga-longa-bar,description,…late rock sessions running past midnight,описание обрезано посреди слова/фразы,посчитано,"curl -s https://www.otherbali.com/places/linga-longa-bar | grep -o 'name=""description""[^>]*'",PR #311 (черновик) — исправление в работе,2026-09-28,
T4,P3,https://www.otherbali.com/places/marramba-fitness,marramba-fitness,description,"… set of iron, personal training and clea",описание обрезано посреди слова/фразы,посчитано,"curl -s https://www.otherbali.com/places/marramba-fitness | grep -o 'name=""description""[^>]*'",PR #311 (черновик) — исправление в работе,2026-09-28,
T4,P3,https://www.otherbali.com/places/massage-sanur-sanur,massage-sanur-sanur,description,… Traditional Balinese Massage is 400K ID,описание обрезано посреди слова/фразы,посчитано,"curl -s https://www.otherbali.com/places/massage-sanur-sanur | grep -o 'name=""description""[^>]*'",PR #311 (черновик) — исправление в работе,2026-09-28,
T4,P3,https://www.otherbali.com/places/massimo-italian-restaurant,massimo-italian-restaurant,description,"…elato in-house daily, with wood-fired na",описание обрезано посреди слова/фразы,посчитано,"curl -s https://www.otherbali.com/places/massimo-italian-restaurant | grep -o 'name=""description""[^>]*'",PR #311 (черновик) — исправление в работе,2026-09-28,
T4,P3,https://www.otherbali.com/places/maya-sanur-fitness-centre,maya-sanur-fitness-centre,description,… strength machines. It sits on a beachfr,описание обрезано посреди слова/фразы,посчитано,"curl -s https://www.otherbali.com/places/maya-sanur-fitness-centre | grep -o 'name=""description""[^>]*'",PR #311 (черновик) — исправление в работе,2026-09-28,
T4,P3,https://www.otherbali.com/places/maya-sanur-spa-sanur,maya-sanur-spa-sanur,description,"…ssage, body scrubs and facials from cert",описание обрезано посреди слова/фразы,посчитано,"curl -s https://www.otherbali.com/places/maya-sanur-spa-sanur | grep -o 'name=""description""[^>]*'",PR #311 (черновик) — исправление в работе,2026-09-28,
T4,P3,https://www.otherbali.com/places/maya-sanur-yoga-studio,maya-sanur-yoga-studio,description,"…r in-house guests: free style, restorati",описание обрезано посреди слова/фразы,посчитано,"curl -s https://www.otherbali.com/places/maya-sanur-yoga-studio | grep -o 'name=""description""[^>]*'",PR #311 (черновик) — исправление в работе,2026-09-28,
T4,P3,https://www.otherbali.com/places/mercure-bali-sanur-resort-sanur,mercure-bali-sanur-resort-sanur,description,…R for 45 minutes. Booking is on the venu,описание обрезано посреди слова/фразы,посчитано,"curl -s https://www.otherbali.com/places/mercure-bali-sanur-resort-sanur | grep -o 'name=""description""[^>]*'",PR #311 (черновик) — исправление в работе,2026-09-28,
T4,P3,https://www.otherbali.com/places/nasi-bali-men-weti,nasi-bali-men-weti,description,"…d closes when the food runs out, usually",описание обрезано посреди слова/фразы,посчитано,"curl -s https://www.otherbali.com/places/nasi-bali-men-weti | grep -o 'name=""description""[^>]*'",PR #311 (черновик) — исправление в работе,2026-09-28,
T4,P3,https://www.otherbali.com/places/pizzaria-hyatt,pizzaria-hyatt,description,"…gh pizza, pasta, seafood and meat with s",описание обрезано посреди слова/фразы,посчитано,"curl -s https://www.otherbali.com/places/pizzaria-hyatt | grep -o 'name=""description""[^>]*'",PR #311 (черновик) — исправление в работе,2026-09-28,
T4,P3,https://www.otherbali.com/places/power-of-now-yoga,power-of-now-yoga,description,"…a. Four classes a day at 100,000 IDR, no",описание обрезано посреди слова/фразы,посчитано,"curl -s https://www.otherbali.com/places/power-of-now-yoga | grep -o 'name=""description""[^>]*'",PR #311 (черновик) — исправление в работе,2026-09-28,
T4,P3,https://www.otherbali.com/places/power-of-now-oasis-sanur,power-of-now-oasis-sanur,description,"…anur's Mertasari beach, running daily cl",описание обрезано посреди слова/фразы,посчитано,"curl -s https://www.otherbali.com/places/power-of-now-oasis-sanur | grep -o 'name=""description""[^>]*'",PR #311 (черновик) — исправление в работе,2026-09-28,
T4,P3,https://www.otherbali.com/places/warung-pregina,warung-pregina,description,"…t around duck and roast pork, in a tradi",описание обрезано посреди слова/фразы,посчитано,"curl -s https://www.otherbali.com/places/warung-pregina | grep -o 'name=""description""[^>]*'",PR #311 (черновик) — исправление в работе,2026-09-28,
T4,P3,https://www.otherbali.com/places/prime-plaza-hotel-sanur-fitness-centre,prime-plaza-hotel-sanur-fitness-centre,description,"…ionary bikes, dumbbells, free weights, w",описание обрезано посреди слова/фразы,посчитано,"curl -s https://www.otherbali.com/places/prime-plaza-hotel-sanur-fitness-centre | grep -o 'name=""description""[^>]*'",PR #311 (черновик) — исправление в работе,2026-09-28,
T4,P3,https://www.otherbali.com/places/puri-santrian-spa-sanur,puri-santrian-spa-sanur,description,"…offering Balinese massage, aromatherapy,",описание обрезано посреди слова/фразы,посчитано,"curl -s https://www.otherbali.com/places/puri-santrian-spa-sanur | grep -o 'name=""description""[^>]*'",PR #311 (черновик) — исправление в работе,2026-09-28,
T4,P3,https://www.otherbali.com/places/puri-santrian-yoga-wellness,puri-santrian-yoga-wellness,description,"…e resort's resident yoga master, built a",описание обрезано посреди слова/фразы,посчитано,"curl -s https://www.otherbali.com/places/puri-santrian-yoga-wellness | grep -o 'name=""description""[^>]*'",PR #311 (черновик) — исправление в работе,2026-09-28,
T4,P3,https://www.otherbali.com/places/rip-curl-school-of-surf,rip-curl-school-of-surf,description,"…le, windsurfing, wakeboarding, diving an",описание обрезано посреди слова/фразы,посчитано,"curl -s https://www.otherbali.com/places/rip-curl-school-of-surf | grep -o 'name=""description""[^>]*'",PR #311 (черновик) — исправление в работе,2026-09-28,
T4,P3,https://www.otherbali.com/places/sanur-surf-school,sanur-surf-school,description,…n the south. Private lessons and semi-pr,описание обрезано посреди слова/фразы,посчитано,"curl -s https://www.otherbali.com/places/sanur-surf-school | grep -o 'name=""description""[^>]*'",PR #311 (черновик) — исправление в работе,2026-09-28,
T4,P3,https://www.otherbali.com/places/segara-the-seaside,segara-the-seaside,description,"…a with ocean views, beach happy hour and",описание обрезано посреди слова/фразы,посчитано,"curl -s https://www.otherbali.com/places/segara-the-seaside | grep -o 'name=""description""[^>]*'",PR #311 (черновик) — исправление в работе,2026-09-28,
T4,P3,https://www.otherbali.com/places/sari-day-spa-sanur,sari-day-spa-sanur,description,…e. Foot Massage is 165K IDR for 60 minut,описание обрезано посреди слова/фразы,посчитано,"curl -s https://www.otherbali.com/places/sari-day-spa-sanur | grep -o 'name=""description""[^>]*'",PR #311 (черновик) — исправление в работе,2026-09-28,
T4,P3,https://www.otherbali.com/places/shankha-spa-hyatt-regency-bali-yoga,shankha-spa-hyatt-regency-bali-yoga,description,…sunrise class pitched at beginners and H,описание обрезано посреди слова/фразы,посчитано,"curl -s https://www.otherbali.com/places/shankha-spa-hyatt-regency-bali-yoga | grep -o 'name=""description""[^>]*'",PR #311 (черновик) — исправление в работе,2026-09-28,
T4,P3,https://www.otherbali.com/places/shankha-spa-and-fitness-at-hyatt-regency-bali,shankha-spa-and-fitness-at-hyatt-regency-bali,description,…r cardio and strength equipment and natu,описание обрезано посреди слова/фразы,посчитано,"curl -s https://www.otherbali.com/places/shankha-spa-and-fitness-at-hyatt-regency-bali | grep -o 'name=""description""[^>]*'",PR #311 (черновик) — исправление в работе,2026-09-28,
T4,P3,https://www.otherbali.com/places/sudajiva-spa-at-sudamala-sanur-sanur,sudajiva-spa-at-sudamala-sanur-sanur,description,…ealing techniques in an intimate boutiqu,описание обрезано посреди слова/фразы,посчитано,"curl -s https://www.otherbali.com/places/sudajiva-spa-at-sudamala-sanur-sanur | grep -o 'name=""description""[^>]*'",PR #311 (черновик) — исправление в работе,2026-09-28,
T4,P3,https://www.otherbali.com/places/soul-on-the-beach,soul-on-the-beach,description,"…rn food from breakfast to dinner, with a",описание обрезано посреди слова/фразы,посчитано,"curl -s https://www.otherbali.com/places/soul-on-the-beach | grep -o 'name=""description""[^>]*'",PR #311 (черновик) — исправление в работе,2026-09-28,
T4,P3,https://www.otherbali.com/places/sudamala-resort-sanur-wellness-yoga-sanur,sudamala-resort-sanur-wellness-yoga-sanur,description,"…led classes and evening meditation, plus",описание обрезано посреди слова/фразы,посчитано,"curl -s https://www.otherbali.com/places/sudamala-resort-sanur-wellness-yoga-sanur | grep -o 'name=""description""[^>]*'",PR #311 (черновик) — исправление в работе,2026-09-28,
T4,P3,https://www.otherbali.com/places/terrace-sanur-the-1o1-bali-oasis-sanur,terrace-sanur-the-1o1-bali-oasis-sanur,description,…ed around a lagoon-style pool and landsc,описание обрезано посреди слова/фразы,посчитано,"curl -s https://www.otherbali.com/places/terrace-sanur-the-1o1-bali-oasis-sanur | grep -o 'name=""description""[^>]*'",PR #311 (черновик) — исправление в работе,2026-09-28,
T4,P3,https://www.otherbali.com/places/the-nest-boutique-spa-sanur,the-nest-boutique-spa-sanur,description,… Peppermint Foot Mask is 235K IDR for 60,описание обрезано посреди слова/фразы,посчитано,"curl -s https://www.otherbali.com/places/the-nest-boutique-spa-sanur | grep -o 'name=""description""[^>]*'",PR #311 (черновик) — исправление в работе,2026-09-28,
T4,P3,https://www.otherbali.com/places/the-sanur-sanur,the-sanur-sanur,description,…utes. Booking is on the venue's own site,описание обрезано посреди слова/фразы,посчитано,"curl -s https://www.otherbali.com/places/the-sanur-sanur | grep -o 'name=""description""[^>]*'",PR #311 (черновик) — исправление в работе,2026-09-28,
T4,P3,https://www.otherbali.com/places/desa-wisata-sanur-kauh,desa-wisata-sanur-kauh,description,…nd sunset. Pura Dalam Pengembak Mertasar,описание обрезано посреди слова/фразы,посчитано,"curl -s https://www.otherbali.com/places/desa-wisata-sanur-kauh | grep -o 'name=""description""[^>]*'",PR #311 (черновик) — исправление в работе,2026-09-28,
T4,P3,https://www.otherbali.com/places/tsune-japanese-restaurant-sanur-by-wonderspace,tsune-japanese-restaurant-sanur-by-wonderspace,description,…anese fish grill runs alongside. Live mu,описание обрезано посреди слова/фразы,посчитано,"curl -s https://www.otherbali.com/places/tsune-japanese-restaurant-sanur-by-wonderspace | grep -o 'name=""description""[^>]*'",PR #311 (черновик) — исправление в работе,2026-09-28,
T4,P3,https://www.otherbali.com/places/warung-coconut-tree,warung-coconut-tree,description,…e Balinese plates; live music some eveni,описание обрезано посреди слова/фразы,посчитано,"curl -s https://www.otherbali.com/places/warung-coconut-tree | grep -o 'name=""description""[^>]*'",PR #311 (черновик) — исправление в работе,2026-09-28,
T4,P3,https://www.otherbali.com/places/alila-seminyak-yoga,alila-seminyak-yoga,description,"…sort activities, and Spa Alila adds medi",описание обрезано посреди слова/фразы,посчитано,"curl -s https://www.otherbali.com/places/alila-seminyak-yoga | grep -o 'name=""description""[^>]*'",PR #311 (черновик) — исправление в работе,2026-09-28,
T4,P3,https://www.otherbali.com/places/atman-spa-kerobokan-seminyak,atman-spa-kerobokan-seminyak,description,…e massage is 700K IDR for 60 minutes. Bo,описание обрезано посреди слова/фразы,посчитано,"curl -s https://www.otherbali.com/places/atman-spa-kerobokan-seminyak | grep -o 'name=""description""[^>]*'",PR #311 (черновик) — исправление в работе,2026-09-28,
T4,P3,https://www.otherbali.com/places/asha-wellness-spa-seminyak,asha-wellness-spa-seminyak,description,…logy is 200K IDR for 60 minutes. Booking,описание обрезано посреди слова/фразы,посчитано,"curl -s https://www.otherbali.com/places/asha-wellness-spa-seminyak | grep -o 'name=""description""[^>]*'",PR #311 (черновик) — исправление в работе,2026-09-28,
T4,P3,https://www.otherbali.com/places/bali-fitness-seminyak-seminyak,bali-fitness-seminyak-seminyak,description,… studio plus a fully equipped weights-an,описание обрезано посреди слова/фразы,посчитано,"curl -s https://www.otherbali.com/places/bali-fitness-seminyak-seminyak | grep -o 'name=""description""[^>]*'",PR #311 (черновик) — исправление в работе,2026-09-28,
T4,P3,https://www.otherbali.com/places/bali-barber-seminyak-seminyak,bali-barber-seminyak-seminyak,description,"…cuts, clipper fades, hot-towel shaves an",описание обрезано посреди слова/фразы,посчитано,"curl -s https://www.otherbali.com/places/bali-barber-seminyak-seminyak | grep -o 'name=""description""[^>]*'",PR #311 (черновик) — исправление в работе,2026-09-28,
T4,P3,https://www.otherbali.com/places/bambu,bambu,description,"…— slow-roasted betutu duck, sambals, bab",описание обрезано посреди слова/фразы,посчитано,"curl -s https://www.otherbali.com/places/bambu | grep -o 'name=""description""[^>]*'",PR #311 (черновик) — исправление в работе,2026-09-28,
T4,P3,https://www.otherbali.com/places/bistro-anwa,bistro-anwa,description,… and pasta. Resident chef Josh came from,описание обрезано посреди слова/фразы,посчитано,"curl -s https://www.otherbali.com/places/bistro-anwa | grep -o 'name=""description""[^>]*'",PR #311 (черновик) — исправление в работе,2026-09-28,
T4,P3,https://www.otherbali.com/places/biku,biku,description,"…high tea (traditional, Asian and breakfa",описание обрезано посреди слова/фразы,посчитано,"curl -s https://www.otherbali.com/places/biku | grep -o 'name=""description""[^>]*'",PR #311 (черновик) — исправление в работе,2026-09-28,
T4,P3,https://www.otherbali.com/places/bk-wellness-studio-umalas-by-blue-karma-secrets,bk-wellness-studio-umalas-by-blue-karma-secrets,description,…sessions with Balinese healers. It has a,описание обрезано посреди слова/фразы,посчитано,"curl -s https://www.otherbali.com/places/bk-wellness-studio-umalas-by-blue-karma-secrets | grep -o 'name=""description""[^>]*'",PR #311 (черновик) — исправление в работе,2026-09-28,
T4,P3,https://www.otherbali.com/places/bossman-burgers,bossman-burgers,description,"…uns. It runs late, serving until roughly",описание обрезано посреди слова/фразы,посчитано,"curl -s https://www.otherbali.com/places/bossman-burgers | grep -o 'name=""description""[^>]*'",PR #311 (черновик) — исправление в работе,2026-09-28,
T4,P3,https://www.otherbali.com/places/body-soul-massage-seminyak,body-soul-massage-seminyak,description,…inese Massage is 270K IDR for 60 minutes,описание обрезано посреди слова/фразы,посчитано,"curl -s https://www.otherbali.com/places/body-soul-massage-seminyak | grep -o 'name=""description""[^>]*'",PR #311 (черновик) — исправление в работе,2026-09-28,
T4,P3,https://www.otherbali.com/places/bodyworks-spa-seminyak,bodyworks-spa-seminyak,description,…ing with a central pool. Combines a full,описание обрезано посреди слова/фразы,посчитано,"curl -s https://www.otherbali.com/places/bodyworks-spa-seminyak | grep -o 'name=""description""[^>]*'",PR #311 (черновик) — исправление в работе,2026-09-28,
T4,P3,https://www.otherbali.com/places/boyncow,boyncow,description,…ged cuts cured on site for at least 30 d,описание обрезано посреди слова/фразы,посчитано,"curl -s https://www.otherbali.com/places/boyncow | grep -o 'name=""description""[^>]*'",PR #311 (черновик) — исправление в работе,2026-09-28,
T4,P3,https://www.otherbali.com/places/bodyworks-bali-seminyak,bodyworks-bali-seminyak,description,…apy. Foot Massage is 320K IDR for 60 min,описание обрезано посреди слова/фразы,посчитано,"curl -s https://www.otherbali.com/places/bodyworks-bali-seminyak | grep -o 'name=""description""[^>]*'",PR #311 (черновик) — исправление в работе,2026-09-28,
T4,P3,https://www.otherbali.com/places/corner-house-bali,corner-house-bali,description,"…nch through burgers, char-grilled steaks",описание обрезано посреди слова/фразы,посчитано,"curl -s https://www.otherbali.com/places/corner-house-bali | grep -o 'name=""description""[^>]*'",PR #311 (черновик) — исправление в работе,2026-09-28,
T4,P3,https://www.otherbali.com/places/desa-potato-head-wellness,desa-potato-head-wellness,description,… the Suites and Studios and open to ever,описание обрезано посреди слова/фразы,посчитано,"curl -s https://www.otherbali.com/places/desa-potato-head-wellness | grep -o 'name=""description""[^>]*'",PR #311 (черновик) — исправление в работе,2026-09-28,
T4,P3,https://www.otherbali.com/places/dua-umalas-seminyak,dua-umalas-seminyak,description,"…, Green Juice and Wet Scrambled Eggs. Bo",описание обрезано посреди слова/фразы,посчитано,"curl -s https://www.otherbali.com/places/dua-umalas-seminyak | grep -o 'name=""description""[^>]*'",PR #311 (черновик) — исправление в работе,2026-09-28,
T4,P3,https://www.otherbali.com/places/executive-bali-massage-seminyak,executive-bali-massage-seminyak,description,…e Massage is 300K IDR for 90 minutes. Bo,описание обрезано посреди слова/фразы,посчитано,"curl -s https://www.otherbali.com/places/executive-bali-massage-seminyak | grep -o 'name=""description""[^>]*'",PR #311 (черновик) — исправление в работе,2026-09-28,
T4,P3,https://www.otherbali.com/places/expat-roasters,expat-roasters,description,… including farms near the roastery. Sing,описание обрезано посреди слова/фразы,посчитано,"curl -s https://www.otherbali.com/places/expat-roasters | grep -o 'name=""description""[^>]*'",PR #311 (черновик) — исправление в работе,2026-09-28,
T4,P3,https://www.otherbali.com/places/fire-restaurant-seminyak,fire-restaurant-seminyak,description,"…atbread, za’atar, honey yogurt, Sourdoug",описание обрезано посреди слова/фразы,посчитано,"curl -s https://www.otherbali.com/places/fire-restaurant-seminyak | grep -o 'name=""description""[^>]*'",PR #311 (черновик) — исправление в работе,2026-09-28,
T4,P3,https://www.otherbali.com/places/gambinos-bali,gambinos-bali,description,"…ta, in a two-floor room with a retractab",описание обрезано посреди слова/фразы,посчитано,"curl -s https://www.otherbali.com/places/gambinos-bali | grep -o 'name=""description""[^>]*'",PR #311 (черновик) — исправление в работе,2026-09-28,
T4,P3,https://www.otherbali.com/places/ginger-moon-canteen,ginger-moon-canteen,description,…und ordering several shareable plates fo,описание обрезано посреди слова/фразы,посчитано,"curl -s https://www.otherbali.com/places/ginger-moon-canteen | grep -o 'name=""description""[^>]*'",PR #311 (черновик) — исправление в работе,2026-09-28,
T4,P3,https://www.otherbali.com/places/glo-day-spa-salon-seminyak-seminyak,glo-day-spa-salon-seminyak-seminyak,description,"…nd known for colouring, cutting, keratin",описание обрезано посреди слова/фразы,посчитано,"curl -s https://www.otherbali.com/places/glo-day-spa-salon-seminyak-seminyak | grep -o 'name=""description""[^>]*'",PR #311 (черновик) — исправление в работе,2026-09-28,
T4,P3,https://www.otherbali.com/places/grand-seminyak-spa-seminyak,grand-seminyak-spa-seminyak,description,… Foot Reflexology is 605K IDR for 60 min,описание обрезано посреди слова/фразы,посчитано,"curl -s https://www.otherbali.com/places/grand-seminyak-spa-seminyak | grep -o 'name=""description""[^>]*'",PR #311 (черновик) — исправление в работе,2026-09-28,
T4,P3,https://www.otherbali.com/places/gusto-gelato,gusto-gelato,description,"…cal twists like lemongrass, ginger and s",описание обрезано посреди слова/фразы,посчитано,"curl -s https://www.otherbali.com/places/gusto-gelato | grep -o 'name=""description""[^>]*'",PR #311 (черновик) — исправление в работе,2026-09-28,
T4,P3,https://www.otherbali.com/places/hog-wild-with-chef-bruno,hog-wild-with-chef-bruno,description,…with a largely gluten-free menu. Signatu,описание обрезано посреди слова/фразы,посчитано,"curl -s https://www.otherbali.com/places/hog-wild-with-chef-bruno | grep -o 'name=""description""[^>]*'",PR #311 (черновик) — исправление в работе,2026-09-28,
T4,P3,https://www.otherbali.com/places/izzi-rooftop-lounge-and-restaurant-and-bar-and-shisha,izzi-rooftop-lounge-and-restaurant-and-bar-and-shisha,description,"…ver the ocean, with DJs, board games and",описание обрезано посреди слова/фразы,посчитано,"curl -s https://www.otherbali.com/places/izzi-rooftop-lounge-and-restaurant-and-bar-and-shisha | grep -o 'name=""description""[^>]*'",PR #311 (черновик) — исправление в работе,2026-09-28,
T4,P3,https://www.otherbali.com/places/jari-menari-seminyak,jari-menari-seminyak,description,…le team) are trained in a signature rhyt,описание обрезано посреди слова/фразы,посчитано,"curl -s https://www.otherbali.com/places/jari-menari-seminyak | grep -o 'name=""description""[^>]*'",PR #311 (черновик) — исправление в работе,2026-09-28,
T4,P3,https://www.otherbali.com/places/jazb-beauty-space-seminyak,jazb-beauty-space-seminyak,description,… / Foot Massage is 210K IDR for 60 minut,описание обрезано посреди слова/фразы,посчитано,"curl -s https://www.otherbali.com/places/jazb-beauty-space-seminyak | grep -o 'name=""description""[^>]*'",PR #311 (черновик) — исправление в работе,2026-09-28,
T4,P3,https://www.otherbali.com/places/jiwa-bikram-yoga-bali-seminyak,jiwa-bikram-yoga-bali-seminyak,description,"…lus Sumits, hot Vinyasa, Ashtanga, Yin a",описание обрезано посреди слова/фразы,посчитано,"curl -s https://www.otherbali.com/places/jiwa-bikram-yoga-bali-seminyak | grep -o 'name=""description""[^>]*'",PR #311 (черновик) — исправление в работе,2026-09-28,
T4,P3,https://www.otherbali.com/places/ku-de-ta,ku-de-ta,description,"…th dining, a bar, pool and daybeds. An a",описание обрезано посреди слова/фразы,посчитано,"curl -s https://www.otherbali.com/places/ku-de-ta | grep -o 'name=""description""[^>]*'",PR #311 (черновик) — исправление в работе,2026-09-28,
T4,P3,https://www.otherbali.com/places/kilo-kitchen-bali-seminyak,kilo-kitchen-bali-seminyak,description,"…d-ink rice with soft-shell crab, beef-to",описание обрезано посреди слова/фразы,посчитано,"curl -s https://www.otherbali.com/places/kilo-kitchen-bali-seminyak | grep -o 'name=""description""[^>]*'",PR #311 (черновик) — исправление в работе,2026-09-28,
T4,P3,https://www.otherbali.com/places/la-casetta-bali,la-casetta-bali,description,"…cozy setting, running from breakfast thr",описание обрезано посреди слова/фразы,посчитано,"curl -s https://www.otherbali.com/places/la-casetta-bali | grep -o 'name=""description""[^>]*'",PR #311 (черновик) — исправление в работе,2026-09-28,
T4,P3,https://www.otherbali.com/places/lagoon-spa-seminyak-seminyak,lagoon-spa-seminyak-seminyak,description,… reflexology chill room. Known for multi,описание обрезано посреди слова/фразы,посчитано,"curl -s https://www.otherbali.com/places/lagoon-spa-seminyak-seminyak | grep -o 'name=""description""[^>]*'",PR #311 (черновик) — исправление в работе,2026-09-28,
T4,P3,https://www.otherbali.com/places/ling-lings-bali,ling-lings-bali,description,"…hi rolls, Korean tacos, bao buns and por",описание обрезано посреди слова/фразы,посчитано,"curl -s https://www.otherbali.com/places/ling-lings-bali | grep -o 'name=""description""[^>]*'",PR #311 (черновик) — исправление в работе,2026-09-28,
T4,P3,https://www.otherbali.com/places/mades-warung-seminyak,mades-warung-seminyak,description,"… Campur, Beef Rendang and Sate Lilit. Bo",описание обрезано посреди слова/фразы,посчитано,"curl -s https://www.otherbali.com/places/mades-warung-seminyak | grep -o 'name=""description""[^>]*'",PR #311 (черновик) — исправление в работе,2026-09-28,
T4,P3,https://www.otherbali.com/places/mamasan-bali,mamasan-bali,description,…m Penang to Bangkok to Indonesian rendan,описание обрезано посреди слова/фразы,посчитано,"curl -s https://www.otherbali.com/places/mamasan-bali | grep -o 'name=""description""[^>]*'",PR #311 (черновик) — исправление в работе,2026-09-28,
T4,P3,https://www.otherbali.com/places/mauri-restaurant,mauri-restaurant,description,"…, with a live kitchen, à la carte and se",описание обрезано посреди слова/фразы,посчитано,"curl -s https://www.otherbali.com/places/mauri-restaurant | grep -o 'name=""description""[^>]*'",PR #311 (черновик) — исправление в работе,2026-09-28,
T4,P3,https://www.otherbali.com/places/menjamu-seminyak,menjamu-seminyak,description,…n Beef and Oxtail. Booking is on the ven,описание обрезано посреди слова/фразы,посчитано,"curl -s https://www.otherbali.com/places/menjamu-seminyak | grep -o 'name=""description""[^>]*'",PR #311 (черновик) — исправление в работе,2026-09-28,
T4,P3,https://www.otherbali.com/places/merah-putih-indonesian-restaurant,merah-putih-indonesian-restaurant,description,"…ects, with 10-metre vaulted ceilings and",описание обрезано посреди слова/фразы,посчитано,"curl -s https://www.otherbali.com/places/merah-putih-indonesian-restaurant | grep -o 'name=""description""[^>]*'",PR #311 (черновик) — исправление в работе,2026-09-28,
T4,P3,https://www.otherbali.com/places/moonlite-kitchen-and-bar,moonlite-kitchen-and-bar,description,…iews. Nightly live bands and DJ sets giv,описание обрезано посреди слова/фразы,посчитано,"curl -s https://www.otherbali.com/places/moonlite-kitchen-and-bar | grep -o 'name=""description""[^>]*'",PR #311 (черновик) — исправление в работе,2026-09-28,
T4,P3,https://www.otherbali.com/places/natys-restaurant-seminyak,natys-restaurant-seminyak,description,…ront fishmonger display lets guests pick,описание обрезано посреди слова/фразы,посчитано,"curl -s https://www.otherbali.com/places/natys-restaurant-seminyak | grep -o 'name=""description""[^>]*'",PR #311 (черновик) — исправление в работе,2026-09-28,
T4,P3,https://www.otherbali.com/places/naughty-nuris-warung-seminyak,naughty-nuris-warung-seminyak,description,"…rk ribs and its potent martinis, in a ca",описание обрезано посреди слова/фразы,посчитано,"curl -s https://www.otherbali.com/places/naughty-nuris-warung-seminyak | grep -o 'name=""description""[^>]*'",PR #311 (черновик) — исправление в работе,2026-09-28,
T4,P3,https://www.otherbali.com/places/norii-japanese-restaurant-seminyak,norii-japanese-restaurant-seminyak,description,…h charred vegetables. Cocktails built on,описание обрезано посреди слова/фразы,посчитано,"curl -s https://www.otherbali.com/places/norii-japanese-restaurant-seminyak | grep -o 'name=""description""[^>]*'",PR #311 (черновик) — исправление в работе,2026-09-28,
T4,P3,https://www.otherbali.com/places/nui-da-mano-beachfront-restaurant-in-batu-belig,nui-da-mano-beachfront-restaurant-in-batu-belig,description,…s with local ingredients. The open-air s,описание обрезано посреди слова/фразы,посчитано,"curl -s https://www.otherbali.com/places/nui-da-mano-beachfront-restaurant-in-batu-belig | grep -o 'name=""description""[^>]*'",PR #311 (черновик) — исправление в работе,2026-09-28,
T4,P3,https://www.otherbali.com/places/one-eleven-luxe-spa-seminyak,one-eleven-luxe-spa-seminyak,description,…assage​ is 370K IDR for 60 minutes. Book,описание обрезано посреди слова/фразы,посчитано,"curl -s https://www.otherbali.com/places/one-eleven-luxe-spa-seminyak | grep -o 'name=""description""[^>]*'",PR #311 (черновик) — исправление в работе,2026-09-28,
T4,P3,https://www.otherbali.com/places/pison-petitenget,pison-petitenget,description,"… ceilings and exposed beams, doing all-d",описание обрезано посреди слова/фразы,посчитано,"curl -s https://www.otherbali.com/places/pison-petitenget | grep -o 'name=""description""[^>]*'",PR #311 (черновик) — исправление в работе,2026-09-28,
T4,P3,https://www.otherbali.com/places/potato-head-beach-club,potato-head-beach-club,description,"…ade of around 5,000 vintage teakwood shu",описание обрезано посреди слова/фразы,посчитано,"curl -s https://www.otherbali.com/places/potato-head-beach-club | grep -o 'name=""description""[^>]*'",PR #311 (черновик) — исправление в работе,2026-09-28,
T4,P3,https://www.otherbali.com/places/prana-spa-seminyak,prana-spa-seminyak,description,"…Moorish-inspired interiors, domed ceilin",описание обрезано посреди слова/фразы,посчитано,"curl -s https://www.otherbali.com/places/prana-spa-seminyak | grep -o 'name=""description""[^>]*'",PR #311 (черновик) — исправление в работе,2026-09-28,
T4,P3,https://www.otherbali.com/places/prana-yoga-seminyak,prana-yoga-seminyak,description,…ning daily and private classes across Vi,описание обрезано посреди слова/фразы,посчитано,"curl -s https://www.otherbali.com/places/prana-yoga-seminyak | grep -o 'name=""description""[^>]*'",PR #311 (черновик) — исправление в работе,2026-09-28,
T4,P3,https://www.otherbali.com/places/rai-fitness-sunset-road-seminyak,rai-fitness-sunset-road-seminyak,description,"…Life Fitness weight floor, big cardio se",описание обрезано посреди слова/фразы,посчитано,"curl -s https://www.otherbali.com/places/rai-fitness-sunset-road-seminyak | grep -o 'name=""description""[^>]*'",PR #311 (черновик) — исправление в работе,2026-09-28,
T4,P3,https://www.otherbali.com/places/revive-pilates-umalas,revive-pilates-umalas,description,…er and mat classes across beginner to ad,описание обрезано посреди слова/фразы,посчитано,"curl -s https://www.otherbali.com/places/revive-pilates-umalas | grep -o 'name=""description""[^>]*'",PR #311 (черновик) — исправление в работе,2026-09-28,
T4,P3,https://www.otherbali.com/places/revolver-seminyak,revolver-seminyak,description,… lane off Jl. Kayu Aya. Known for its da,описание обрезано посреди слова/фразы,посчитано,"curl -s https://www.otherbali.com/places/revolver-seminyak | grep -o 'name=""description""[^>]*'",PR #311 (черновик) — исправление в работе,2026-09-28,
T4,P3,https://www.otherbali.com/places/rob-peetoom-hair-spa-bali-seminyak,rob-peetoom-hair-spa-bali-seminyak,description,…t across three Balinese-village-inspired,описание обрезано посреди слова/фразы,посчитано,"curl -s https://www.otherbali.com/places/rob-peetoom-hair-spa-bali-seminyak | grep -o 'name=""description""[^>]*'",PR #311 (черновик) — исправление в работе,2026-09-28,
T4,P3,https://www.otherbali.com/places/saia-wellness-saia-pilates-umalas,saia-wellness-saia-pilates-umalas,description,"…sses run on new reformers, capped at 7 c",описание обрезано посреди слова/фразы,посчитано,"curl -s https://www.otherbali.com/places/saia-wellness-saia-pilates-umalas | grep -o 'name=""description""[^>]*'",PR #311 (черновик) — исправление в работе,2026-09-28,
T4,P3,https://www.otherbali.com/places/sardine,sardine,description,… serving fresh Indian Ocean catch (yello,описание обрезано посреди слова/фразы,посчитано,"curl -s https://www.otherbali.com/places/sardine | grep -o 'name=""description""[^>]*'",PR #311 (черновик) — исправление в работе,2026-09-28,
T4,P3,https://www.otherbali.com/places/sangsaka,sangsaka,description,…red oven and charcoal grills with region,описание обрезано посреди слова/фразы,посчитано,"curl -s https://www.otherbali.com/places/sangsaka | grep -o 'name=""description""[^>]*'",PR #311 (черновик) — исправление в работе,2026-09-28,
T4,P3,https://www.otherbali.com/places/sea-circus,sea-circus,description,… in a playful coral-pink-striped setting,описание обрезано посреди слова/фразы,посчитано,"curl -s https://www.otherbali.com/places/sea-circus | grep -o 'name=""description""[^>]*'",PR #311 (черновик) — исправление в работе,2026-09-28,
T4,P3,https://www.otherbali.com/places/shichirin-japanese-restaurant-seminyak,shichirin-japanese-restaurant-seminyak,description,"…d and Canggu. Teppanyaki, gyukatsu, sush",описание обрезано посреди слова/фразы,посчитано,"curl -s https://www.otherbali.com/places/shichirin-japanese-restaurant-seminyak | grep -o 'name=""description""[^>]*'",PR #311 (черновик) — исправление в работе,2026-09-28,
T4,P3,https://www.otherbali.com/places/sisterfields,sisterfields,description,…l-day brunch menu and specialty coffee i,описание обрезано посреди слова/фразы,посчитано,"curl -s https://www.otherbali.com/places/sisterfields | grep -o 'name=""description""[^>]*'",PR #311 (черновик) — исправление в работе,2026-09-28,
T4,P3,https://www.otherbali.com/places/soham-wellness-center-seminyak,soham-wellness-center-seminyak,description,"…oup-class timetable (Pilates, HIIT, spin",описание обрезано посреди слова/фразы,посчитано,"curl -s https://www.otherbali.com/places/soham-wellness-center-seminyak | grep -o 'name=""description""[^>]*'",PR #311 (черновик) — исправление в работе,2026-09-28,
T4,P3,https://www.otherbali.com/places/spa-bali-seminyak,spa-bali-seminyak,description,…e. SERENITY COUPLE ESCAPE is 1650K IDR f,описание обрезано посреди слова/фразы,посчитано,"curl -s https://www.otherbali.com/places/spa-bali-seminyak | grep -o 'name=""description""[^>]*'",PR #311 (черновик) — исправление в работе,2026-09-28,
T4,P3,https://www.otherbali.com/places/spa-bali-moon-seminyak,spa-bali-moon-seminyak,description,…age. Balinese Massage - Relaxing is 159K,описание обрезано посреди слова/фразы,посчитано,"curl -s https://www.otherbali.com/places/spa-bali-moon-seminyak | grep -o 'name=""description""[^>]*'",PR #311 (черновик) — исправление в работе,2026-09-28,
T4,P3,https://www.otherbali.com/places/sundari-day-spa-seminyak,sundari-day-spa-seminyak,description,"…roducts, offering massages, body treatme",описание обрезано посреди слова/фразы,посчитано,"curl -s https://www.otherbali.com/places/sundari-day-spa-seminyak | grep -o 'name=""description""[^>]*'",PR #311 (черновик) — исправление в работе,2026-09-28,
T4,P3,https://www.otherbali.com/places/takk-bali,takk-bali,description,…Listed signatures include sea-salt cured,описание обрезано посреди слова/фразы,посчитано,"curl -s https://www.otherbali.com/places/takk-bali | grep -o 'name=""description""[^>]*'",PR #311 (черновик) — исправление в работе,2026-09-28,
T4,P3,https://www.otherbali.com/places/takumi-bali,takumi-bali,description,…ng menus from local and imported produce,описание обрезано посреди слова/фразы,посчитано,"curl -s https://www.otherbali.com/places/takumi-bali | grep -o 'name=""description""[^>]*'",PR #311 (черновик) — исправление в работе,2026-09-28,
T4,P3,https://www.otherbali.com/places/the-goat-seminyak,the-goat-seminyak,description,…. Cake Cups is 75K IDR. Booking is on th,описание обрезано посреди слова/фразы,посчитано,"curl -s https://www.otherbali.com/places/the-goat-seminyak | grep -o 'name=""description""[^>]*'",PR #311 (черновик) — исправление в работе,2026-09-28,
T4,P3,https://www.otherbali.com/places/the-laneway-restaurant-seminyak,the-laneway-restaurant-seminyak,description,"…cktail, In-Villa BBQ and Wednesday Night",описание обрезано посреди слова/фразы,посчитано,"curl -s https://www.otherbali.com/places/the-laneway-restaurant-seminyak | grep -o 'name=""description""[^>]*'",PR #311 (черновик) — исправление в работе,2026-09-28,
T4,P3,https://www.otherbali.com/places/the-legian-seminyak-wellness-yoga,the-legian-seminyak-wellness-yoga,description,"…nd pilates, mindfulness meditation, HIIT",описание обрезано посреди слова/фразы,посчитано,"curl -s https://www.otherbali.com/places/the-legian-seminyak-wellness-yoga | grep -o 'name=""description""[^>]*'",PR #311 (черновик) — исправление в работе,2026-09-28,
T4,P3,https://www.otherbali.com/places/the-lotus-spa-seminyak,the-lotus-spa-seminyak,description,…. Balinese Massage is 250K IDR for 60 mi,описание обрезано посреди слова/фразы,посчитано,"curl -s https://www.otherbali.com/places/the-lotus-spa-seminyak | grep -o 'name=""description""[^>]*'",PR #311 (черновик) — исправление в работе,2026-09-28,
T4,P3,https://www.otherbali.com/places/the-shampoo-lounge-seminyak,the-shampoo-lounge-seminyak,description,…reatment. Olive Oil Head & Scalp Treatme,описание обрезано посреди слова/фразы,посчитано,"curl -s https://www.otherbali.com/places/the-shampoo-lounge-seminyak | grep -o 'name=""description""[^>]*'",PR #311 (черновик) — исправление в работе,2026-09-28,
T4,P3,https://www.otherbali.com/places/the-shampoo-lounge-seminyak-seminyak,the-shampoo-lounge-seminyak-seminyak,description,"… keratin and extensions, plus nails, las",описание обрезано посреди слова/фразы,посчитано,"curl -s https://www.otherbali.com/places/the-shampoo-lounge-seminyak-seminyak | grep -o 'name=""description""[^>]*'",PR #311 (черновик) — исправление в работе,2026-09-28,
T4,P3,https://www.otherbali.com/places/the-spa-at-the-samaya-seminyak-seminyak,the-spa-at-the-samaya-seminyak-seminyak,description,…ADITIONAL BALINESE MASSAGE is 850K IDR f,описание обрезано посреди слова/фразы,посчитано,"curl -s https://www.otherbali.com/places/the-spa-at-the-samaya-seminyak-seminyak | grep -o 'name=""description""[^>]*'",PR #311 (черновик) — исправление в работе,2026-09-28,
T4,P3,https://www.otherbali.com/places/think-pink-nails-seminyak,think-pink-nails-seminyak,description,"…in services, with a private Netflix room",описание обрезано посреди слова/фразы,посчитано,"curl -s https://www.otherbali.com/places/think-pink-nails-seminyak | grep -o 'name=""description""[^>]*'",PR #311 (черновик) — исправление в работе,2026-09-28,
T4,P3,https://www.otherbali.com/places/think-pink-salon-and-nails-bali,think-pink-salon-and-nails-bali,description,"…ge, plus hair and skin services. Rooms i",описание обрезано посреди слова/фразы,посчитано,"curl -s https://www.otherbali.com/places/think-pink-salon-and-nails-bali | grep -o 'name=""description""[^>]*'",PR #311 (черновик) — исправление в работе,2026-09-28,
T4,P3,https://www.otherbali.com/places/to-the-moon-cafe,to-the-moon-cafe,description,"…es and smoothie bowls. Dine-in, takeaway",описание обрезано посреди слова/фразы,посчитано,"curl -s https://www.otherbali.com/places/to-the-moon-cafe | grep -o 'name=""description""[^>]*'",PR #311 (черновик) — исправление в работе,2026-09-28,
T4,P3,https://www.otherbali.com/places/vincent-nigita,vincent-nigita,description,…chnique with Indonesian flavours. Classi,описание обрезано посреди слова/фразы,посчитано,"curl -s https://www.otherbali.com/places/vincent-nigita | grep -o 'name=""description""[^>]*'",PR #311 (черновик) — исправление в работе,2026-09-28,
T4,P3,https://www.otherbali.com/places/w-bali-wellness-yoga,w-bali-wellness-yoga,description,"…ean. Weekly classes cover Hatha, Vinyasa",описание обрезано посреди слова/фразы,посчитано,"curl -s https://www.otherbali.com/places/w-bali-wellness-yoga | grep -o 'name=""description""[^>]*'",PR #311 (черновик) — исправление в работе,2026-09-28,
T4,P3,https://www.otherbali.com/places/waroeng-bernadette,waroeng-bernadette,description,"…il soup, rawon and corn fritters — every",описание обрезано посреди слова/фразы,посчитано,"curl -s https://www.otherbali.com/places/waroeng-bernadette | grep -o 'name=""description""[^>]*'",PR #311 (черновик) — исправление в работе,2026-09-28,
T4,P3,https://www.otherbali.com/places/waroeng-sulawesi-petitenget,waroeng-sulawesi-petitenget,description,"…plate with white, yellow or red rice. Kn",описание обрезано посреди слова/фразы,посчитано,"curl -s https://www.otherbali.com/places/waroeng-sulawesi-petitenget | grep -o 'name=""description""[^>]*'",PR #311 (черновик) — исправление в работе,2026-09-28,
T4,P3,https://www.otherbali.com/places/babi-guling-pak-malen,babi-guling-pak-malen,description,"…ce) — with crispy skin, pork satay and g",описание обрезано посреди слова/фразы,посчитано,"curl -s https://www.otherbali.com/places/babi-guling-pak-malen | grep -o 'name=""description""[^>]*'",PR #311 (черновик) — исправление в работе,2026-09-28,
T4,P3,https://www.otherbali.com/places/warung-enys,warung-enys,description,"…kitchen and mostly local produce, cooked",описание обрезано посреди слова/фразы,посчитано,"curl -s https://www.otherbali.com/places/warung-enys | grep -o 'name=""description""[^>]*'",PR #311 (черновик) — исправление в работе,2026-09-28,
T4,P3,https://www.otherbali.com/places/warung-nia-balinese-food-and-pork-ribs,warung-nia-balinese-food-and-pork-ribs,description,…nated pork ribs sold by weight with a ra,описание обрезано посреди слова/фразы,посчитано,"curl -s https://www.otherbali.com/places/warung-nia-balinese-food-and-pork-ribs | grep -o 'name=""description""[^>]*'",PR #311 (черновик) — исправление в работе,2026-09-28,
T4,P3,https://www.otherbali.com/places/warung-murah-petitenget,warung-murah-petitenget,description,"…ake, with nasi campur the staple. Tables",описание обрезано посреди слова/фразы,посчитано,"curl -s https://www.otherbali.com/places/warung-murah-petitenget | grep -o 'name=""description""[^>]*'",PR #311 (черновик) — исправление в работе,2026-09-28,
T4,P3,https://www.otherbali.com/places/warung-melati-nakula,warung-melati-nakula,description,… and sides are ready by late morning. Ad,описание обрезано посреди слова/фразы,посчитано,"curl -s https://www.otherbali.com/places/warung-melati-nakula | grep -o 'name=""description""[^>]*'",PR #311 (черновик) — исправление в работе,2026-09-28,
T4,P3,https://www.otherbali.com/places/warung-taman-bambu,warung-taman-bambu,description,"…esian home-cooking the core, in a calmer",описание обрезано посреди слова/фразы,посчитано,"curl -s https://www.otherbali.com/places/warung-taman-bambu | grep -o 'name=""description""[^>]*'",PR #311 (черновик) — исправление в работе,2026-09-28,
T4,P3,https://www.otherbali.com/places/yoga-108-bali-seminyak,yoga-108-bali-seminyak,description,"…asa, Ashtanga, Yin and meditation for al",описание обрезано посреди слова/фразы,посчитано,"curl -s https://www.otherbali.com/places/yoga-108-bali-seminyak | grep -o 'name=""description""[^>]*'",PR #311 (черновик) — исправление в работе,2026-09-28,
T4,P3,https://www.otherbali.com/places/anandinii-sidemen,anandinii-sidemen,description,…minutes. Booking is on the venue's own s,описание обрезано посреди слова/фразы,посчитано,"curl -s https://www.otherbali.com/places/anandinii-sidemen | grep -o 'name=""description""[^>]*'",PR #311 (черновик) — исправление в работе,2026-09-28,
T4,P3,https://www.otherbali.com/places/kapha-spa-sidemen,kapha-spa-sidemen,description,…a Spice and Citrus Foot Care is 650K IDR,описание обрезано посреди слова/фразы,посчитано,"curl -s https://www.otherbali.com/places/kapha-spa-sidemen | grep -o 'name=""description""[^>]*'",PR #311 (черновик) — исправление в работе,2026-09-28,
T4,P3,https://www.otherbali.com/places/anandinii-organic-garden-kitchen-sidemen,anandinii-organic-garden-kitchen-sidemen,description,… Balinese Massage 60 minutes is 300K IDR,описание обрезано посреди слова/фразы,посчитано,"curl -s https://www.otherbali.com/places/anandinii-organic-garden-kitchen-sidemen | grep -o 'name=""description""[^>]*'",PR #311 (черновик) — исправление в работе,2026-09-28,
T4,P3,https://www.otherbali.com/places/pelangi-villa-sidemen-sidemen,pelangi-villa-sidemen-sidemen,description,… mins is 300K IDR for 60 minutes. Bookin,описание обрезано посреди слова/фразы,посчитано,"curl -s https://www.otherbali.com/places/pelangi-villa-sidemen-sidemen | grep -o 'name=""description""[^>]*'",PR #311 (черновик) — исправление в работе,2026-09-28,
T4,P3,https://www.otherbali.com/places/cemara-point-by-dusun-bedugul-asri,cemara-point-by-dusun-bedugul-asri,description,"…ea and light snacks, with workshops on t",описание обрезано посреди слова/фразы,посчитано,"curl -s https://www.otherbali.com/places/cemara-point-by-dusun-bedugul-asri | grep -o 'name=""description""[^>]*'",PR #311 (черновик) — исправление в работе,2026-09-28,
T4,P3,https://www.otherbali.com/places/jatiluwih,jatiluwih,description,…ional irrigation) landscapes on the isla,описание обрезано посреди слова/фразы,посчитано,"curl -s https://www.otherbali.com/places/jatiluwih | grep -o 'name=""description""[^>]*'",PR #311 (черновик) — исправление в работе,2026-09-28,
T4,P3,https://www.otherbali.com/places/tanah-lot,tanah-lot,description,…hippers; the rock base is reachable only,описание обрезано посреди слова/фразы,посчитано,"curl -s https://www.otherbali.com/places/tanah-lot | grep -o 'name=""description""[^>]*'",PR #311 (черновик) — исправление в работе,2026-09-28,
T4,P3,https://www.otherbali.com/places/air-terjun-tegenungan,air-terjun-tegenungan,description,… the easiest waterfalls on the island to,описание обрезано посреди слова/фразы,посчитано,"curl -s https://www.otherbali.com/places/air-terjun-tegenungan | grep -o 'name=""description""[^>]*'",PR #311 (черновик) — исправление в работе,2026-09-28,
T4,P3,https://www.otherbali.com/places/alam-shanti-wellness-ubud,alam-shanti-wellness-ubud,description,…t Reflexology is 250K IDR for 60 minutes,описание обрезано посреди слова/фразы,посчитано,"curl -s https://www.otherbali.com/places/alam-shanti-wellness-ubud | grep -o 'name=""description""[^>]*'",PR #311 (черновик) — исправление в работе,2026-09-28,
T4,P3,https://www.otherbali.com/places/alaya-ubud-ubud,alaya-ubud-ubud,description,…OUPLE RITUAL is 1424K IDR for 90 minutes,описание обрезано посреди слова/фразы,посчитано,"curl -s https://www.otherbali.com/places/alaya-ubud-ubud | grep -o 'name=""description""[^>]*'",PR #311 (черновик) — исправление в работе,2026-09-28,
T4,P3,https://www.otherbali.com/places/alchemy-yoga-meditation-center,alchemy-yoga-meditation-center,description,"…d Tantra vinyasa, Yin, meditation, ecsta",описание обрезано посреди слова/фразы,посчитано,"curl -s https://www.otherbali.com/places/alchemy-yoga-meditation-center | grep -o 'name=""description""[^>]*'",PR #311 (черновик) — исправление в работе,2026-09-28,
T4,P3,https://www.otherbali.com/places/alchemy-yoga-and-meditation-center-ubud,alchemy-yoga-and-meditation-center-ubud,description,…nd healing and a weekly ecstatic-dance n,описание обрезано посреди слова/фразы,посчитано,"curl -s https://www.otherbali.com/places/alchemy-yoga-and-meditation-center-ubud | grep -o 'name=""description""[^>]*'",PR #311 (черновик) — исправление в работе,2026-09-28,
T4,P3,https://www.otherbali.com/places/anomali-coffee-ubud,anomali-coffee-ubud,description,…urs single-origin beans sourced from acr,описание обрезано посреди слова/фразы,посчитано,"curl -s https://www.otherbali.com/places/anomali-coffee-ubud | grep -o 'name=""description""[^>]*'",PR #311 (черновик) — исправление в работе,2026-09-28,
T4,P3,https://www.otherbali.com/places/ankhusa-restaurant-ubud-by-wonderspace,ankhusa-restaurant-ubud-by-wonderspace,description,"…cken satay, nasi goreng, oxtail. Royal D",описание обрезано посреди слова/фразы,посчитано,"curl -s https://www.otherbali.com/places/ankhusa-restaurant-ubud-by-wonderspace | grep -o 'name=""description""[^>]*'",PR #311 (черновик) — исправление в работе,2026-09-28,
T4,P3,https://www.otherbali.com/places/aura-therapy-spa-ubud,aura-therapy-spa-ubud,description,…with Coconut Oil is 110K IDR for 15 minu,описание обрезано посреди слова/фразы,посчитано,"curl -s https://www.otherbali.com/places/aura-therapy-spa-ubud | grep -o 'name=""description""[^>]*'",PR #311 (черновик) — исправление в работе,2026-09-28,
T4,P3,https://www.otherbali.com/places/bali-bohemia,bali-bohemia,description,…Mediterranean-inspired cooking with a pl,описание обрезано посреди слова/фразы,посчитано,"curl -s https://www.otherbali.com/places/bali-bohemia | grep -o 'name=""description""[^>]*'",PR #311 (черновик) — исправление в работе,2026-09-28,
T4,P3,https://www.otherbali.com/places/bali-botanica-ubud-ubud,bali-botanica-ubud-ubud,description,…a is 275K IDR for 60 minutes. Booking is,описание обрезано посреди слова/фразы,посчитано,"curl -s https://www.otherbali.com/places/bali-botanica-ubud-ubud | grep -o 'name=""description""[^>]*'",PR #311 (черновик) — исправление в работе,2026-09-28,
T4,P3,https://www.otherbali.com/places/bali-botanica-spa,bali-botanica-spa,description,…rld Ayurveda as an Ayurvedic day spa com,описание обрезано посреди слова/фразы,посчитано,"curl -s https://www.otherbali.com/places/bali-botanica-spa | grep -o 'name=""description""[^>]*'",PR #311 (черновик) — исправление в работе,2026-09-28,
T4,P3,https://www.otherbali.com/places/bali-buda-ubud,bali-buda-ubud,description,"…l-day restaurant covering raw vegan, Ita",описание обрезано посреди слова/фразы,посчитано,"curl -s https://www.otherbali.com/places/bali-buda-ubud | grep -o 'name=""description""[^>]*'",PR #311 (черновик) — исправление в работе,2026-09-28,
T4,P3,https://www.otherbali.com/places/bali-spirit-hotel-and-spa-ubud,bali-spirit-hotel-and-spa-ubud,description,…. Traditional Balinese Massage is 200K I,описание обрезано посреди слова/фразы,посчитано,"curl -s https://www.otherbali.com/places/bali-spirit-hotel-and-spa-ubud | grep -o 'name=""description""[^>]*'",PR #311 (черновик) — исправление в работе,2026-09-28,
T4,P3,https://www.otherbali.com/places/bali-wellness-spa-ubud,bali-wellness-spa-ubud,description,…PA RITUAL is 500K IDR for 60 minutes. Bo,описание обрезано посреди слова/фразы,посчитано,"curl -s https://www.otherbali.com/places/bali-wellness-spa-ubud | grep -o 'name=""description""[^>]*'",PR #311 (черновик) — исправление в работе,2026-09-28,
T4,P3,https://www.otherbali.com/places/bebek-bengil,bebek-bengil,description,…s. The duck is steamed in Indonesian spi,описание обрезано посреди слова/фразы,посчитано,"curl -s https://www.otherbali.com/places/bebek-bengil | grep -o 'name=""description""[^>]*'",PR #311 (черновик) — исправление в работе,2026-09-28,
T4,P3,https://www.otherbali.com/places/big-dragon-villas-ubud,big-dragon-villas-ubud,description,…ms and suites set around an infinity poo,описание обрезано посреди слова/фразы,посчитано,"curl -s https://www.otherbali.com/places/big-dragon-villas-ubud | grep -o 'name=""description""[^>]*'",PR #311 (черновик) — исправление в работе,2026-09-28,
T4,P3,https://www.otherbali.com/places/brie-restaurant-and-cheesery,brie-restaurant-and-cheesery,description,"… twelve hours, five times a week. Cheese",описание обрезано посреди слова/фразы,посчитано,"curl -s https://www.otherbali.com/places/brie-restaurant-and-cheesery | grep -o 'name=""description""[^>]*'",PR #311 (черновик) — исправление в работе,2026-09-28,
T4,P3,https://www.otherbali.com/places/cantika-zest,cantika-zest,description,"…products across massage, facials, scrubs",описание обрезано посреди слова/фразы,посчитано,"curl -s https://www.otherbali.com/places/cantika-zest | grep -o 'name=""description""[^>]*'",PR #311 (черновик) — исправление в работе,2026-09-28,
T4,P3,https://www.otherbali.com/places/cafe-wayan-and-bakery,cafe-wayan-and-bakery,description,"…ew garden behind, serving a wide Indones",описание обрезано посреди слова/фразы,посчитано,"curl -s https://www.otherbali.com/places/cafe-wayan-and-bakery | grep -o 'name=""description""[^>]*'",PR #311 (черновик) — исправление в работе,2026-09-28,
T4,P3,https://www.otherbali.com/places/casa-de-lokha-mexican-grill-and-fusion-the-lokha-ubud,casa-de-lokha-mexican-grill-and-fusion-the-lokha-ubud,description,… with a separate two-for-one cocktail pr,описание обрезано посреди слова/фразы,посчитано,"curl -s https://www.otherbali.com/places/casa-de-lokha-mexican-grill-and-fusion-the-lokha-ubud | grep -o 'name=""description""[^>]*'",PR #311 (черновик) — исправление в работе,2026-09-28,
T4,P3,https://www.otherbali.com/places/cantina-classe-ubud,cantina-classe-ubud,description,… fettuccine truffle carbonara and a four,описание обрезано посреди слова/фразы,посчитано,"curl -s https://www.otherbali.com/places/cantina-classe-ubud | grep -o 'name=""description""[^>]*'",PR #311 (черновик) — исправление в работе,2026-09-28,
T4,P3,https://www.otherbali.com/places/casa-luna,casa-luna,description,…n authentic Balinese cuisine (nasi campu,описание обрезано посреди слова/фразы,посчитано,"curl -s https://www.otherbali.com/places/casa-luna | grep -o 'name=""description""[^>]*'",PR #311 (черновик) — исправление в работе,2026-09-28,
T4,P3,https://www.otherbali.com/places/cascades,cascades,description,…s about five minutes' drive from central,описание обрезано посреди слова/фразы,посчитано,"curl -s https://www.otherbali.com/places/cascades | grep -o 'name=""description""[^>]*'",PR #311 (черновик) — исправление в работе,2026-09-28,
T4,P3,https://www.otherbali.com/places/chupacabras,chupacabras,description,"…Mauro Santarelli, born in Argentina, wor",описание обрезано посреди слова/фразы,посчитано,"curl -s https://www.otherbali.com/places/chupacabras | grep -o 'name=""description""[^>]*'",PR #311 (черновик) — исправление в работе,2026-09-28,
T4,P3,https://www.otherbali.com/places/chupacabras-south-american-prime-meats,chupacabras-south-american-prime-meats,description,…ll. The current menu also covers ceviche,описание обрезано посреди слова/фразы,посчитано,"curl -s https://www.otherbali.com/places/chupacabras-south-american-prime-meats | grep -o 'name=""description""[^>]*'",PR #311 (черновик) — исправление в работе,2026-09-28,
T4,P3,https://www.otherbali.com/places/como-uma-ubud-fitness,como-uma-ubud-fitness,description,…a wellness programme. A resident fitness,описание обрезано посреди слова/фразы,посчитано,"curl -s https://www.otherbali.com/places/como-uma-ubud-fitness | grep -o 'name=""description""[^>]*'",PR #311 (черновик) — исправление в работе,2026-09-28,
T4,P3,https://www.otherbali.com/places/d-made-restaurant-the-kalyana-ubud-resort,d-made-restaurant-the-kalyana-ubud-resort,description,…t pool and surrounding greenery. Daily s,описание обрезано посреди слова/фразы,посчитано,"curl -s https://www.otherbali.com/places/d-made-restaurant-the-kalyana-ubud-resort | grep -o 'name=""description""[^>]*'",PR #311 (черновик) — исправление в работе,2026-09-28,
T4,P3,https://www.otherbali.com/places/dicarik-warung,dicarik-warung,description,… primarily for its hands-on Balinese coo,описание обрезано посреди слова/фразы,посчитано,"curl -s https://www.otherbali.com/places/dicarik-warung | grep -o 'name=""description""[^>]*'",PR #311 (черновик) — исправление в работе,2026-09-28,
T4,P3,https://www.otherbali.com/places/donna-ubud,donna-ubud,description,"…isine, open daily from late morning unti",описание обрезано посреди слова/фразы,посчитано,"curl -s https://www.otherbali.com/places/donna-ubud | grep -o 'name=""description""[^>]*'",PR #311 (черновик) — исправление в работе,2026-09-28,
T4,P3,https://www.otherbali.com/places/fair-warung-bale,fair-warung-bale,description,…re restaurant proceeds fund free medical,описание обрезано посреди слова/фразы,посчитано,"curl -s https://www.otherbali.com/places/fair-warung-bale | grep -o 'name=""description""[^>]*'",PR #311 (черновик) — исправление в работе,2026-09-28,
T4,P3,https://www.otherbali.com/places/four-seasons-resort-bali-at-sayan-fitness,four-seasons-resort-bali-at-sayan-fitness,description,"…iews. Complimentary for guests, it holds",описание обрезано посреди слова/фразы,посчитано,"curl -s https://www.otherbali.com/places/four-seasons-resort-bali-at-sayan-fitness | grep -o 'name=""description""[^>]*'",PR #311 (черновик) — исправление в работе,2026-09-28,
T4,P3,https://www.otherbali.com/places/gajah-putih-ubud,gajah-putih-ubud,description,"…iring Alcohol Malam/Lingkaran, Pairing N",описание обрезано посреди слова/фразы,посчитано,"curl -s https://www.otherbali.com/places/gajah-putih-ubud | grep -o 'name=""description""[^>]*'",PR #311 (черновик) — исправление в работе,2026-09-28,
T4,P3,https://www.otherbali.com/places/gelato-secrets-ubud,gelato-secrets-ubud,description,"…m all-natural ingredients, including Ind",описание обрезано посреди слова/фразы,посчитано,"curl -s https://www.otherbali.com/places/gelato-secrets-ubud | grep -o 'name=""description""[^>]*'",PR #311 (черновик) — исправление в работе,2026-09-28,
T4,P3,https://www.otherbali.com/places/gratia-spa-monkey-forest-ubud,gratia-spa-monkey-forest-ubud,description,…Balinese Massage For Man is 180K IDR for,описание обрезано посреди слова/фразы,посчитано,"curl -s https://www.otherbali.com/places/gratia-spa-monkey-forest-ubud | grep -o 'name=""description""[^>]*'",PR #311 (черновик) — исправление в работе,2026-09-28,
T4,P3,https://www.otherbali.com/places/habitat-bistro,habitat-bistro,description,"…d pizza, antipasti. Lobster spaghetti wi",описание обрезано посреди слова/фразы,посчитано,"curl -s https://www.otherbali.com/places/habitat-bistro | grep -o 'name=""description""[^>]*'",PR #311 (черновик) — исправление в работе,2026-09-28,
T4,P3,https://www.otherbali.com/places/hakkoku-bali-sushi-omakase-restaurant,hakkoku-bali-sushi-omakase-restaurant,description,…starts at 18:30. The Bali branch combine,описание обрезано посреди слова/фразы,посчитано,"curl -s https://www.otherbali.com/places/hakkoku-bali-sushi-omakase-restaurant | grep -o 'name=""description""[^>]*'",PR #311 (черновик) — исправление в работе,2026-09-28,
T4,P3,https://www.otherbali.com/places/hesa-wellness-spa-ubud,hesa-wellness-spa-ubud,description,…sage is 600K IDR for 90 minutes. Booking,описание обрезано посреди слова/фразы,посчитано,"curl -s https://www.otherbali.com/places/hesa-wellness-spa-ubud | grep -o 'name=""description""[^>]*'",PR #311 (черновик) — исправление в работе,2026-09-28,
T4,P3,https://www.otherbali.com/places/hujan-locale,hujan-locale,description,"… (bar downstairs, dining room with templ",описание обрезано посреди слова/фразы,посчитано,"curl -s https://www.otherbali.com/places/hujan-locale | grep -o 'name=""description""[^>]*'",PR #311 (черновик) — исправление в работе,2026-09-28,
T4,P3,https://www.otherbali.com/places/ibu-rai,ibu-rai,description,…ood stall near Ubud Palace); opened as a,описание обрезано посреди слова/фразы,посчитано,"curl -s https://www.otherbali.com/places/ibu-rai | grep -o 'name=""description""[^>]*'",PR #311 (черновик) — исправление в работе,2026-09-28,
T4,P3,https://www.otherbali.com/places/imbu-restaurant-the-kemilau-ubud,imbu-restaurant-the-kemilau-ubud,description,…hoe and cured salmon with slow-cooked be,описание обрезано посреди слова/фразы,посчитано,"curl -s https://www.otherbali.com/places/imbu-restaurant-the-kemilau-ubud | grep -o 'name=""description""[^>]*'",PR #311 (черновик) — исправление в работе,2026-09-28,
T4,P3,https://www.otherbali.com/places/jaens-spa,jaens-spa,description,"…facials, body care and full-day packages",описание обрезано посреди слова/фразы,посчитано,"curl -s https://www.otherbali.com/places/jaens-spa | grep -o 'name=""description""[^>]*'",PR #311 (черновик) — исправление в работе,2026-09-28,
T4,P3,https://www.otherbali.com/places/jero-traditional-spa-therapy-ubud,jero-traditional-spa-therapy-ubud,description,…itional Balinese Massage is 200K IDR for,описание обрезано посреди слова/фразы,посчитано,"curl -s https://www.otherbali.com/places/jero-traditional-spa-therapy-ubud | grep -o 'name=""description""[^>]*'",PR #311 (черновик) — исправление в работе,2026-09-28,
T4,P3,https://www.otherbali.com/places/jhagat-spa-centre-ubud,jhagat-spa-centre-ubud,description,…is 190K IDR for 60 minutes. Booking is o,описание обрезано посреди слова/фразы,посчитано,"curl -s https://www.otherbali.com/places/jhagat-spa-centre-ubud | grep -o 'name=""description""[^>]*'",PR #311 (черновик) — исправление в работе,2026-09-28,
T4,P3,https://www.otherbali.com/places/kappa-senses-ubud-ubud,kappa-senses-ubud-ubud,description,…ional Balinese Massage is 90K IDR for 60,описание обрезано посреди слова/фразы,посчитано,"curl -s https://www.otherbali.com/places/kappa-senses-ubud-ubud | grep -o 'name=""description""[^>]*'",PR #311 (черновик) — исправление в работе,2026-09-28,
T4,P3,https://www.otherbali.com/places/karsa-cafe,karsa-cafe,description,"…thies, and gourmet coffee with unobstruc",описание обрезано посреди слова/фразы,посчитано,"curl -s https://www.otherbali.com/places/karsa-cafe | grep -o 'name=""description""[^>]*'",PR #311 (черновик) — исправление в работе,2026-09-28,
T4,P3,https://www.otherbali.com/places/karsa-spa,karsa-spa,description,"…iatsu, Balinese, Thai and sports massage",описание обрезано посреди слова/фразы,посчитано,"curl -s https://www.otherbali.com/places/karsa-spa | grep -o 'name=""description""[^>]*'",PR #311 (черновик) — исправление в работе,2026-09-28,
T4,P3,https://www.otherbali.com/places/kojin-teppanyaki-restaurant-ubud-by-wonderspace,kojin-teppanyaki-restaurant-ubud-by-wonderspace,description,…t the counter. Billed as the first irori,описание обрезано посреди слова/фразы,посчитано,"curl -s https://www.otherbali.com/places/kojin-teppanyaki-restaurant-ubud-by-wonderspace | grep -o 'name=""description""[^>]*'",PR #311 (черновик) — исправление в работе,2026-09-28,
T4,P3,https://www.otherbali.com/places/kilig-bali,kilig-bali,description,…stands out as a dedicated Filipino kitch,описание обрезано посреди слова/фразы,посчитано,"curl -s https://www.otherbali.com/places/kilig-bali | grep -o 'name=""description""[^>]*'",PR #311 (черновик) — исправление в работе,2026-09-28,
T4,P3,https://www.otherbali.com/places/kush-ayurveda-yoga-barn,kush-ayurveda-yoga-barn,description,"…nga, Shirodhara, hot-stone Shila massage",описание обрезано посреди слова/фразы,посчитано,"curl -s https://www.otherbali.com/places/kush-ayurveda-yoga-barn | grep -o 'name=""description""[^>]*'",PR #311 (черновик) — исправление в работе,2026-09-28,
T4,P3,https://www.otherbali.com/places/la-portal-to-shamballah,la-portal-to-shamballah,description,"…ptions. Homemade bread, Euro-Arabia fusi",описание обрезано посреди слова/фразы,посчитано,"curl -s https://www.otherbali.com/places/la-portal-to-shamballah | grep -o 'name=""description""[^>]*'",PR #311 (черновик) — исправление в работе,2026-09-28,
T4,P3,https://www.otherbali.com/places/laka-leke,laka-leke,description,…th tree-shaded pavilions for private din,описание обрезано посреди слова/фразы,посчитано,"curl -s https://www.otherbali.com/places/laka-leke | grep -o 'name=""description""[^>]*'",PR #311 (черновик) — исправление в работе,2026-09-28,
T4,P3,https://www.otherbali.com/places/locavore-nxt,locavore-nxt,description,"…taurant Locavore, led by chefs Eelke Pla",описание обрезано посреди слова/фразы,посчитано,"curl -s https://www.otherbali.com/places/locavore-nxt | grep -o 'name=""description""[^>]*'",PR #311 (черновик) — исправление в работе,2026-09-28,
T4,P3,https://www.otherbali.com/places/lumiere-spa-bali-ubud,lumiere-spa-bali-ubud,description,…ck Tissue Massage is 380K IDR for 60 min,описание обрезано посреди слова/фразы,посчитано,"curl -s https://www.otherbali.com/places/lumiere-spa-bali-ubud | grep -o 'name=""description""[^>]*'",PR #311 (черновик) — исправление в работе,2026-09-28,
T4,P3,https://www.otherbali.com/places/mahamaya-spa-ubud,mahamaya-spa-ubud,description,…exology is 390K IDR for 60 minutes. Book,описание обрезано посреди слова/фразы,посчитано,"curl -s https://www.otherbali.com/places/mahamaya-spa-ubud | grep -o 'name=""description""[^>]*'",PR #311 (черновик) — исправление в работе,2026-09-28,
T4,P3,https://www.otherbali.com/places/mamu-ubud-cafe-shisha-hookah,mamu-ubud-cafe-shisha-hookah,description,"… and Duft. Bowls, roasted vegetables, wa",описание обрезано посреди слова/фразы,посчитано,"curl -s https://www.otherbali.com/places/mamu-ubud-cafe-shisha-hookah | grep -o 'name=""description""[^>]*'",PR #311 (черновик) — исправление в работе,2026-09-28,
T4,P3,https://www.otherbali.com/places/mandapa-fitness-centre,mandapa-fitness-centre,description,…sort guests. It sits alongside the Manda,описание обрезано посреди слова/фразы,посчитано,"curl -s https://www.otherbali.com/places/mandapa-fitness-centre | grep -o 'name=""description""[^>]*'",PR #311 (черновик) — исправление в работе,2026-09-28,
T4,P3,https://www.otherbali.com/places/mango-tree-spa-loccitane,mango-tree-spa-loccitane,description,…'OCCITANE product rituals and one of the,описание обрезано посреди слова/фразы,посчитано,"curl -s https://www.otherbali.com/places/mango-tree-spa-loccitane | grep -o 'name=""description""[^>]*'",PR #311 (черновик) — исправление в работе,2026-09-28,
T4,P3,https://www.otherbali.com/places/mango-tree-spa-ubud,mango-tree-spa-ubud,description,…ssage. Pure Balinese Massage is 1215K ID,описание обрезано посреди слова/фразы,посчитано,"curl -s https://www.otherbali.com/places/mango-tree-spa-ubud | grep -o 'name=""description""[^>]*'",PR #311 (черновик) — исправление в работе,2026-09-28,
T4,P3,https://www.otherbali.com/places/maya-ubud-spa-ubud,maya-ubud-spa-ubud,description,"…n the Petanu valley, plus a yoga shala a",описание обрезано посреди слова/фразы,посчитано,"curl -s https://www.otherbali.com/places/maya-ubud-spa-ubud | grep -o 'name=""description""[^>]*'",PR #311 (черновик) — исправление в работе,2026-09-28,
T4,P3,https://www.otherbali.com/places/melting-wok-warung,melting-wok-warung,description,…a short blackboard menu that changes dai,описание обрезано посреди слова/фразы,посчитано,"curl -s https://www.otherbali.com/places/melting-wok-warung | grep -o 'name=""description""[^>]*'",PR #311 (черновик) — исправление в работе,2026-09-28,
T4,P3,https://www.otherbali.com/places/melati-spa-ubud,melati-spa-ubud,description,…oot Spa Ritual is 500K IDR for 60 minute,описание обрезано посреди слова/фразы,посчитано,"curl -s https://www.otherbali.com/places/melati-spa-ubud | grep -o 'name=""description""[^>]*'",PR #311 (черновик) — исправление в работе,2026-09-28,
T4,P3,https://www.otherbali.com/places/mozaic,mozaic,description,"…nd co-owner Blake Thornley, built around",описание обрезано посреди слова/фразы,посчитано,"curl -s https://www.otherbali.com/places/mozaic | grep -o 'name=""description""[^>]*'",PR #311 (черновик) — исправление в работе,2026-09-28,
T4,P3,https://www.otherbali.com/places/nari-fire-influenced-bistro,nari-fire-influenced-bistro,description,…ah Temple. Its menu moves from flatbread,описание обрезано посреди слова/фразы,посчитано,"curl -s https://www.otherbali.com/places/nari-fire-influenced-bistro | grep -o 'name=""description""[^>]*'",PR #311 (черновик) — исправление в работе,2026-09-28,
T4,P3,https://www.otherbali.com/places/noonik-bistro,noonik-bistro,description,…n dishes. It opens daily from 07:00 to 2,описание обрезано посреди слова/фразы,посчитано,"curl -s https://www.otherbali.com/places/noonik-bistro | grep -o 'name=""description""[^>]*'",PR #311 (черновик) — исправление в работе,2026-09-28,
T4,P3,https://www.otherbali.com/places/oneworld-ayurveda,oneworld-ayurveda,description,…Ayurvedic doctors guiding multi-night pr,описание обрезано посреди слова/фразы,посчитано,"curl -s https://www.otherbali.com/places/oneworld-ayurveda | grep -o 'name=""description""[^>]*'",PR #311 (черновик) — исправление в работе,2026-09-28,
T4,P3,https://www.otherbali.com/places/onion-collective,onion-collective,description,…nd non-vegan travelers alike — as much a,описание обрезано посреди слова/фразы,посчитано,"curl -s https://www.otherbali.com/places/onion-collective | grep -o 'name=""description""[^>]*'",PR #311 (черновик) — исправление в работе,2026-09-28,
T4,P3,https://www.otherbali.com/places/parina-spa-ubud,parina-spa-ubud,description,…ssage is 270K IDR for 60 minutes. Bookin,описание обрезано посреди слова/фразы,посчитано,"curl -s https://www.otherbali.com/places/parina-spa-ubud | grep -o 'name=""description""[^>]*'",PR #311 (черновик) — исправление в работе,2026-09-28,
T4,P3,https://www.otherbali.com/places/pengosekan-spa-hotels-ubud,pengosekan-spa-hotels-ubud,description,…Massage Services is 643K IDR. Booking is,описание обрезано посреди слова/фразы,посчитано,"curl -s https://www.otherbali.com/places/pengosekan-spa-hotels-ubud | grep -o 'name=""description""[^>]*'",PR #311 (черновик) — исправление в работе,2026-09-28,
T4,P3,https://www.otherbali.com/places/putri-bali-spa,putri-bali-spa,description,"…ckages, with complimentary pickup within",описание обрезано посреди слова/фразы,посчитано,"curl -s https://www.otherbali.com/places/putri-bali-spa | grep -o 'name=""description""[^>]*'",PR #311 (черновик) — исправление в работе,2026-09-28,
T4,P3,https://www.otherbali.com/places/pyramids-of-chi,pyramids-of-chi,description,…eat Pyramid of Giza) used for group soun,описание обрезано посреди слова/фразы,посчитано,"curl -s https://www.otherbali.com/places/pyramids-of-chi | grep -o 'name=""description""[^>]*'",PR #311 (черновик) — исправление в работе,2026-09-28,
T4,P3,https://www.otherbali.com/places/radiantly-alive,radiantly-alive,description,"…cher trainings, with an on-site plant-ba",описание обрезано посреди слова/фразы,посчитано,"curl -s https://www.otherbali.com/places/radiantly-alive | grep -o 'name=""description""[^>]*'",PR #311 (черновик) — исправление в работе,2026-09-28,
T4,P3,https://www.otherbali.com/places/riverside-spa-at-ulaman-ubud,riverside-spa-at-ulaman-ubud,description,…assage is 750K IDR for 60 minutes. Booki,описание обрезано посреди слова/фразы,посчитано,"curl -s https://www.otherbali.com/places/riverside-spa-at-ulaman-ubud | grep -o 'name=""description""[^>]*'",PR #311 (черновик) — исправление в работе,2026-09-28,
T4,P3,https://www.otherbali.com/places/room4dessert,room4dessert,description,…e dessert recipes themselves — a globall,описание обрезано посреди слова/фразы,посчитано,"curl -s https://www.otherbali.com/places/room4dessert | grep -o 'name=""description""[^>]*'",PR #311 (черновик) — исправление в работе,2026-09-28,
T4,P3,https://www.otherbali.com/places/sang-spa-ubud,sang-spa-ubud,description,… Massage. Traditional Balinese Massage i,описание обрезано посреди слова/фразы,посчитано,"curl -s https://www.otherbali.com/places/sang-spa-ubud | grep -o 'name=""description""[^>]*'",PR #311 (черновик) — исправление в работе,2026-09-28,
T4,P3,https://www.otherbali.com/places/sang-spa,sang-spa,description,"…se massage, scrubs, flower baths, reflex",описание обрезано посреди слова/фразы,посчитано,"curl -s https://www.otherbali.com/places/sang-spa | grep -o 'name=""description""[^>]*'",PR #311 (черновик) — исправление в работе,2026-09-28,
T4,P3,https://www.otherbali.com/places/sawobali,sawobali,description,…made-in-house cakes; dishes are prepared,описание обрезано посреди слова/фразы,посчитано,"curl -s https://www.otherbali.com/places/sawobali | grep -o 'name=""description""[^>]*'",PR #311 (черновик) — исправление в работе,2026-09-28,
T4,P3,https://www.otherbali.com/places/sayuri-healing-food,sayuri-healing-food,description,"…se of raw desserts, with an attached pla",описание обрезано посреди слова/фразы,посчитано,"curl -s https://www.otherbali.com/places/sayuri-healing-food | grep -o 'name=""description""[^>]*'",PR #311 (черновик) — исправление в работе,2026-09-28,
T4,P3,https://www.otherbali.com/places/seeds-of-life,seeds-of-life,description,"…nd raw-food dishes made from fresh, loca",описание обрезано посреди слова/фразы,посчитано,"curl -s https://www.otherbali.com/places/seeds-of-life | grep -o 'name=""description""[^>]*'",PR #311 (черновик) — исправление в работе,2026-09-28,
T4,P3,https://www.otherbali.com/places/seniman-coffee-studio,seniman-coffee-studio,description,"…ted Indonesian origin beans, multiple br",описание обрезано посреди слова/фразы,посчитано,"curl -s https://www.otherbali.com/places/seniman-coffee-studio | grep -o 'name=""description""[^>]*'",PR #311 (черновик) — исправление в работе,2026-09-28,
T4,P3,https://www.otherbali.com/places/seven-paintings-ubud-restaurant,seven-paintings-ubud-restaurant,description,"… projections. Sixteen seats a session, T",описание обрезано посреди слова/фразы,посчитано,"curl -s https://www.otherbali.com/places/seven-paintings-ubud-restaurant | grep -o 'name=""description""[^>]*'",PR #311 (черновик) — исправление в работе,2026-09-28,
T4,P3,https://www.otherbali.com/places/shinto-spa-ubud,shinto-spa-ubud,description,…ridian Massage is 275K IDR for 60 minute,описание обрезано посреди слова/фразы,посчитано,"curl -s https://www.otherbali.com/places/shinto-spa-ubud | grep -o 'name=""description""[^>]*'",PR #311 (черновик) — исправление в работе,2026-09-28,
T4,P3,https://www.otherbali.com/places/spring-spa-ubud,spring-spa-ubud,description,…dicated wellness zone of contrast-therap,описание обрезано посреди слова/фразы,посчитано,"curl -s https://www.otherbali.com/places/spring-spa-ubud | grep -o 'name=""description""[^>]*'",PR #311 (черновик) — исправление в работе,2026-09-28,
T4,P3,https://www.otherbali.com/places/suka-espresso-ubud,suka-espresso-ubud,description,…ecials running until 3pm and clear veget,описание обрезано посреди слова/фразы,посчитано,"curl -s https://www.otherbali.com/places/suka-espresso-ubud | grep -o 'name=""description""[^>]*'",PR #311 (черновик) — исправление в работе,2026-09-28,
T4,P3,https://www.otherbali.com/places/svaha-spa,svaha-spa,description,… offering Balinese and signature massage,описание обрезано посреди слова/фразы,посчитано,"curl -s https://www.otherbali.com/places/svaha-spa | grep -o 'name=""description""[^>]*'",PR #311 (черновик) — исправление в работе,2026-09-28,
T4,P3,https://www.otherbali.com/places/swatma-ubud,swatma-ubud,description,… Healing Session is 350K IDR. Booking is,описание обрезано посреди слова/фразы,посчитано,"curl -s https://www.otherbali.com/places/swatma-ubud | grep -o 'name=""description""[^>]*'",PR #311 (черновик) — исправление в работе,2026-09-28,
T4,P3,https://www.otherbali.com/places/taksu-yoga,taksu-yoga,description,"…ual attention: beginner, hatha, vinyasa,",описание обрезано посреди слова/фразы,посчитано,"curl -s https://www.otherbali.com/places/taksu-yoga | grep -o 'name=""description""[^>]*'",PR #311 (черновик) — исправление в работе,2026-09-28,
T4,P3,https://www.otherbali.com/places/tegal-mesari-spa-ubud,tegal-mesari-spa-ubud,description,…SAGE is 275K IDR for 60 minutes. Booking,описание обрезано посреди слова/фразы,посчитано,"curl -s https://www.otherbali.com/places/tegal-mesari-spa-ubud | grep -o 'name=""description""[^>]*'",PR #311 (черновик) — исправление в работе,2026-09-28,
T4,P3,https://www.otherbali.com/places/terakota-spa-ubud,terakota-spa-ubud,description,…oot | Leg Massage is 115K IDR for 60 min,описание обрезано посреди слова/фразы,посчитано,"curl -s https://www.otherbali.com/places/terakota-spa-ubud | grep -o 'name=""description""[^>]*'",PR #311 (черновик) — исправление в работе,2026-09-28,
T4,P3,https://www.otherbali.com/places/the-elephant,the-elephant,description,"…ated terrace overlooking Campuhan Ridge,",описание обрезано посреди слова/фразы,посчитано,"curl -s https://www.otherbali.com/places/the-elephant | grep -o 'name=""description""[^>]*'",PR #311 (черновик) — исправление в работе,2026-09-28,
T4,P3,https://www.otherbali.com/places/the-faces-world-ubud,the-faces-world-ubud,description,…4 Reflexology Foot Massage (60 min) is 5,описание обрезано посреди слова/фразы,посчитано,"curl -s https://www.otherbali.com/places/the-faces-world-ubud | grep -o 'name=""description""[^>]*'",PR #311 (черновик) — исправление в работе,2026-09-28,
T4,P3,https://www.otherbali.com/places/the-kasih-spa-ubud,the-kasih-spa-ubud,description,…ature Balinese Massage is 250K IDR for 6,описание обрезано посреди слова/фразы,посчитано,"curl -s https://www.otherbali.com/places/the-kasih-spa-ubud | grep -o 'name=""description""[^>]*'",PR #311 (черновик) — исправление в работе,2026-09-28,
T4,P3,https://www.otherbali.com/places/the-samaya-ubud-bali-ubud,the-samaya-ubud-bali-ubud,description,…e Balinese Massage is 550K IDR for 60 mi,описание обрезано посреди слова/фразы,посчитано,"curl -s https://www.otherbali.com/places/the-samaya-ubud-bali-ubud | grep -o 'name=""description""[^>]*'",PR #311 (черновик) — исправление в работе,2026-09-28,
T4,P3,https://www.otherbali.com/places/the-shala-bali,the-shala-bali,description,…dic spa treatments and on-site vegetaria,описание обрезано посреди слова/фразы,посчитано,"curl -s https://www.otherbali.com/places/the-shala-bali | grep -o 'name=""description""[^>]*'",PR #311 (черновик) — исправление в работе,2026-09-28,
T4,P3,https://www.otherbali.com/places/the-spa-kamandalu-ubud,the-spa-kamandalu-ubud,description,…sage is 1100K IDR for 60 minutes. Bookin,описание обрезано посреди слова/фразы,посчитано,"curl -s https://www.otherbali.com/places/the-spa-kamandalu-ubud | grep -o 'name=""description""[^>]*'",PR #311 (черновик) — исправление в работе,2026-09-28,
T4,P3,https://www.otherbali.com/places/the-westin-resort-and-spa-ubud-fitness-studio,the-westin-resort-and-spa-ubud-fitness-studio,description,"…o machines, treadmills, bikes, stair cli",описание обрезано посреди слова/фразы,посчитано,"curl -s https://www.otherbali.com/places/the-westin-resort-and-spa-ubud-fitness-studio | grep -o 'name=""description""[^>]*'",PR #311 (черновик) — исправление в работе,2026-09-28,
T4,P3,https://www.otherbali.com/places/this-is-bali-ubud,this-is-bali-ubud,description,"…Spring Rolls, Crunchy Veggie Spring Roll",описание обрезано посреди слова/фразы,посчитано,"curl -s https://www.otherbali.com/places/this-is-bali-ubud | grep -o 'name=""description""[^>]*'",PR #311 (черновик) — исправление в работе,2026-09-28,
T4,P3,https://www.otherbali.com/places/the-yoga-barn,the-yoga-barn,description,"…hosting dozens of daily yoga, meditation",описание обрезано посреди слова/фразы,посчитано,"curl -s https://www.otherbali.com/places/the-yoga-barn | grep -o 'name=""description""[^>]*'",PR #311 (черновик) — исправление в работе,2026-09-28,
T4,P3,https://www.otherbali.com/places/tirta-empul,tirta-empul,description,…ng spout to spout through the bathing po,описание обрезано посреди слова/фразы,посчитано,"curl -s https://www.otherbali.com/places/tirta-empul | grep -o 'name=""description""[^>]*'",PR #311 (черновик) — исправление в работе,2026-09-28,
T4,P3,https://www.otherbali.com/places/tlaga-spa-ubud,tlaga-spa-ubud,description,…inesse Massage – Healing is 475K IDR for,описание обрезано посреди слова/фразы,посчитано,"curl -s https://www.otherbali.com/places/tlaga-spa-ubud | grep -o 'name=""description""[^>]*'",PR #311 (черновик) — исправление в работе,2026-09-28,
T4,P3,https://www.otherbali.com/places/tukies-coconut-shop,tukies-coconut-shop,description,…cream served in the shell with roasted c,описание обрезано посреди слова/фразы,посчитано,"curl -s https://www.otherbali.com/places/tukies-coconut-shop | grep -o 'name=""description""[^>]*'",PR #311 (черновик) — исправление в работе,2026-09-28,
T4,P3,https://www.otherbali.com/places/ubud-sari-health-resort,ubud-sari-health-resort,description,…age) with wellness and detox programs an,описание обрезано посреди слова/фразы,посчитано,"curl -s https://www.otherbali.com/places/ubud-sari-health-resort | grep -o 'name=""description""[^>]*'",PR #311 (черновик) — исправление в работе,2026-09-28,
T4,P3,https://www.otherbali.com/places/ubud-sari-spa-ubud,ubud-sari-spa-ubud,description,…d Sari Signature Massage is 250K IDR for,описание обрезано посреди слова/фразы,посчитано,"curl -s https://www.otherbali.com/places/ubud-sari-spa-ubud | grep -o 'name=""description""[^>]*'",PR #311 (черновик) — исправление в работе,2026-09-28,
T4,P3,https://www.otherbali.com/places/ubud-traditional-spa,ubud-traditional-spa,description,…body scrubs and flower baths with free t,описание обрезано посреди слова/фразы,посчитано,"curl -s https://www.otherbali.com/places/ubud-traditional-spa | grep -o 'name=""description""[^>]*'",PR #311 (черновик) — исправление в работе,2026-09-28,
T4,P3,https://www.otherbali.com/places/warung-biah-biah,warung-biah-biah,description,… prices. Known for its house chili sauce,описание обрезано посреди слова/фразы,посчитано,"curl -s https://www.otherbali.com/places/warung-biah-biah | grep -o 'name=""description""[^>]*'",PR #311 (черновик) — исправление в работе,2026-09-28,
T4,P3,https://www.otherbali.com/places/warung-siam,warung-siam,description,"…y with fresh herbs, lime, and chilis rat",описание обрезано посреди слова/фразы,посчитано,"curl -s https://www.otherbali.com/places/warung-siam | grep -o 'name=""description""[^>]*'",PR #311 (черновик) — исправление в работе,2026-09-28,
T4,P3,https://www.otherbali.com/places/warung-mendez,warung-mendez,description,…esian and Javanese-influenced dishes wit,описание обрезано посреди слова/фразы,посчитано,"curl -s https://www.otherbali.com/places/warung-mendez | grep -o 'name=""description""[^>]*'",PR #311 (черновик) — исправление в работе,2026-09-28,
T4,P3,https://www.otherbali.com/places/whos-who,whos-who,description,"…alongside Indonesian-influenced touches,",описание обрезано посреди слова/фразы,посчитано,"curl -s https://www.otherbali.com/places/whos-who | grep -o 'name=""description""[^>]*'",PR #311 (черновик) — исправление в работе,2026-09-28,
T4,P3,https://www.otherbali.com/places/wulan-vegetarian-warung,wulan-vegetarian-warung,description,"… goreng, tempeh, smoothies, and vegan sw",описание обрезано посреди слова/фразы,посчитано,"curl -s https://www.otherbali.com/places/wulan-vegetarian-warung | grep -o 'name=""description""[^>]*'",PR #311 (черновик) — исправление в работе,2026-09-28,
T4,P3,https://www.otherbali.com/places/360-move-uluwatu,360-move-uluwatu,description,…oor workout area. It is known for its wi,описание обрезано посреди слова/фразы,посчитано,"curl -s https://www.otherbali.com/places/360-move-uluwatu | grep -o 'name=""description""[^>]*'",PR #311 (черновик) — исправление в работе,2026-09-28,
T4,P3,https://www.otherbali.com/places/alchemy-yoga-and-meditation-center-uluwatu,alchemy-yoga-and-meditation-center-uluwatu,description,"…, with a separate rate for KITAS holders",описание обрезано посреди слова/фразы,посчитано,"curl -s https://www.otherbali.com/places/alchemy-yoga-and-meditation-center-uluwatu | grep -o 'name=""description""[^>]*'",PR #311 (черновик) — исправление в работе,2026-09-28,
T4,P3,https://www.otherbali.com/places/anantara-spa-uluwatu-bukit,anantara-spa-uluwatu-bukit,description,…Tissue. Foot Reflexology is 750K IDR for,описание обрезано посреди слова/фразы,посчитано,"curl -s https://www.otherbali.com/places/anantara-spa-uluwatu-bukit | grep -o 'name=""description""[^>]*'",PR #311 (черновик) — исправление в работе,2026-09-28,
T4,P3,https://www.otherbali.com/places/ami-studio,ami-studio,description,"…e classes with a focus on strength, bala",описание обрезано посреди слова/фразы,посчитано,"curl -s https://www.otherbali.com/places/ami-studio | grep -o 'name=""description""[^>]*'",PR #311 (черновик) — исправление в работе,2026-09-28,
T4,P3,https://www.otherbali.com/places/ants-pants-uluwatu,ants-pants-uluwatu,description,…om midday. The ground floor is open-air;,описание обрезано посреди слова/фразы,посчитано,"curl -s https://www.otherbali.com/places/ants-pants-uluwatu | grep -o 'name=""description""[^>]*'",PR #311 (черновик) — исправление в работе,2026-09-28,
T4,P3,https://www.otherbali.com/places/avli-bali,avli-bali,description,…rilled meats and seasonal seafood. Greek,описание обрезано посреди слова/фразы,посчитано,"curl -s https://www.otherbali.com/places/avli-bali | grep -o 'name=""description""[^>]*'",PR #311 (черновик) — исправление в работе,2026-09-28,
T4,P3,https://www.otherbali.com/places/atmos-bodylab-uluwatu-bukit,atmos-bodylab-uluwatu-bukit,description,…y. Relaxation Massage is 700K IDR for 60,описание обрезано посреди слова/фразы,посчитано,"curl -s https://www.otherbali.com/places/atmos-bodylab-uluwatu-bukit | grep -o 'name=""description""[^>]*'",PR #311 (черновик) — исправление в работе,2026-09-28,
T4,P3,https://www.otherbali.com/places/bali-bliss-massage-uluwatu-bukit,bali-bliss-massage-uluwatu-bukit,description,"…erapy. Head, Neck & Shoulder is 250K IDR",описание обрезано посреди слова/фразы,посчитано,"curl -s https://www.otherbali.com/places/bali-bliss-massage-uluwatu-bukit | grep -o 'name=""description""[^>]*'",PR #311 (черновик) — исправление в работе,2026-09-28,
T4,P3,https://www.otherbali.com/places/balique-restaurant,balique-restaurant,description,…-restaurateur couple Blaise Samoy and Zo,описание обрезано посреди слова/фразы,посчитано,"curl -s https://www.otherbali.com/places/balique-restaurant | grep -o 'name=""description""[^>]*'",PR #311 (черновик) — исправление в работе,2026-09-28,
T4,P3,https://www.otherbali.com/places/bambu-fitness-bali,bambu-fitness-bali,description,"…ones for Olympic weightlifting, function",описание обрезано посреди слова/фразы,посчитано,"curl -s https://www.otherbali.com/places/bambu-fitness-bali | grep -o 'name=""description""[^>]*'",PR #311 (черновик) — исправление в работе,2026-09-28,
T4,P3,https://www.otherbali.com/places/bambu-pilates,bambu-pilates,description,"…working on control, alignment and moveme",описание обрезано посреди слова/фразы,посчитано,"curl -s https://www.otherbali.com/places/bambu-pilates | grep -o 'name=""description""[^>]*'",PR #311 (черновик) — исправление в работе,2026-09-28,
T4,P3,https://www.otherbali.com/places/banana-lounge-bali-uluwatu-bukit,banana-lounge-bali-uluwatu-bukit,description,"…ds, tasty food offerings, and impressive",описание обрезано посреди слова/фразы,посчитано,"curl -s https://www.otherbali.com/places/banana-lounge-bali-uluwatu-bukit | grep -o 'name=""description""[^>]*'",PR #311 (черновик) — исправление в работе,2026-09-28,
T4,P3,https://www.otherbali.com/places/bella-cucina,bella-cucina,description,…rranean-inflected mains from an open kit,описание обрезано посреди слова/фразы,посчитано,"curl -s https://www.otherbali.com/places/bella-cucina | grep -o 'name=""description""[^>]*'",PR #311 (черновик) — исправление в работе,2026-09-28,
T4,P3,https://www.otherbali.com/places/bluvana-reformer-studio,bluvana-reformer-studio,description,… aimed at a zone or an energy level. Mor,описание обрезано посреди слова/фразы,посчитано,"curl -s https://www.otherbali.com/places/bluvana-reformer-studio | grep -o 'name=""description""[^>]*'",PR #311 (черновик) — исправление в работе,2026-09-28,
T4,P3,https://www.otherbali.com/places/d-nailbar-spa-uluwatu,d-nailbar-spa-uluwatu,description,…nd brow work — often described as one of,описание обрезано посреди слова/фразы,посчитано,"curl -s https://www.otherbali.com/places/d-nailbar-spa-uluwatu | grep -o 'name=""description""[^>]*'",PR #311 (черновик) — исправление в работе,2026-09-28,
T4,P3,https://www.otherbali.com/places/d-nailbar-uluwatu-bukit,d-nailbar-uluwatu-bukit,description,… MASSAGE is 115K IDR. Booking is by What,описание обрезано посреди слова/фразы,посчитано,"curl -s https://www.otherbali.com/places/d-nailbar-uluwatu-bukit | grep -o 'name=""description""[^>]*'",PR #311 (черновик) — исправление в работе,2026-09-28,
T4,P3,https://www.otherbali.com/places/dorsey-s-barber-shop-uluwatu,dorsey-s-barber-shop-uluwatu,description,…yled interior; reviewers note skilled ba,описание обрезано посреди слова/фразы,посчитано,"curl -s https://www.otherbali.com/places/dorsey-s-barber-shop-uluwatu | grep -o 'name=""description""[^>]*'",PR #311 (черновик) — исправление в работе,2026-09-28,
T4,P3,https://www.otherbali.com/places/flex-flow-uluwatu-bukit,flex-flow-uluwatu-bukit,description,…g. Sport Massage Bali is 400K IDR for 60,описание обрезано посреди слова/фразы,посчитано,"curl -s https://www.otherbali.com/places/flex-flow-uluwatu-bukit | grep -o 'name=""description""[^>]*'",PR #311 (черновик) — исправление в работе,2026-09-28,
T4,P3,https://www.otherbali.com/places/fresh-beauty-lounge-uluwatu-bukit,fresh-beauty-lounge-uluwatu-bukit,description,…c Balinese Massage is 475K IDR for 60 mi,описание обрезано посреди слова/фразы,посчитано,"curl -s https://www.otherbali.com/places/fresh-beauty-lounge-uluwatu-bukit | grep -o 'name=""description""[^>]*'",PR #311 (черновик) — исправление в работе,2026-09-28,
T4,P3,https://www.otherbali.com/places/garuda-wisnu-kencana,garuda-wisnu-kencana,description,… in the world — with an amphitheatre and,описание обрезано посреди слова/фразы,посчитано,"curl -s https://www.otherbali.com/places/garuda-wisnu-kencana | grep -o 'name=""description""[^>]*'",PR #311 (черновик) — исправление в работе,2026-09-28,
T4,P3,https://www.otherbali.com/places/hidden-gem-uluwatu-uluwatu-bukit,hidden-gem-uluwatu-uluwatu-bukit,description,"…colate Lava Cake, Three colored crispy s",описание обрезано посреди слова/фразы,посчитано,"curl -s https://www.otherbali.com/places/hidden-gem-uluwatu-uluwatu-bukit | grep -o 'name=""description""[^>]*'",PR #311 (черновик) — исправление в работе,2026-09-28,
T4,P3,https://www.otherbali.com/places/holiday-inn-resort-baruna-bali-tea-tree-spa-uluwatu-bukit,holiday-inn-resort-baruna-bali-tea-tree-spa-uluwatu-bukit,description,…e Massage is 800K IDR for 60 minutes. Bo,описание обрезано посреди слова/фразы,посчитано,"curl -s https://www.otherbali.com/places/holiday-inn-resort-baruna-bali-tea-tree-spa-uluwatu-bukit | grep -o 'name=""description""[^>]*'",PR #311 (черновик) — исправление в работе,2026-09-28,
T4,P3,https://www.otherbali.com/places/island-grooming-barbershop,island-grooming-barbershop,description,…es and grooming — widely cited as one of,описание обрезано посреди слова/фразы,посчитано,"curl -s https://www.otherbali.com/places/island-grooming-barbershop | grep -o 'name=""description""[^>]*'",PR #311 (черновик) — исправление в работе,2026-09-28,
T4,P3,https://www.otherbali.com/places/ko-japanese-teppanyaki-and-sushi,ko-japanese-teppanyaki-and-sushi,description,…nyaki grilled at open counters alongside,описание обрезано посреди слова/фразы,посчитано,"curl -s https://www.otherbali.com/places/ko-japanese-teppanyaki-and-sushi | grep -o 'name=""description""[^>]*'",PR #311 (черновик) — исправление в работе,2026-09-28,
T4,P3,https://www.otherbali.com/places/karma-spa-uluwatu-bukit,karma-spa-uluwatu-bukit,description,… SIGNATURE ROYAL MASSAGE is 350K IDR for,описание обрезано посреди слова/фразы,посчитано,"curl -s https://www.otherbali.com/places/karma-spa-uluwatu-bukit | grep -o 'name=""description""[^>]*'",PR #311 (черновик) — исправление в работе,2026-09-28,
T4,P3,https://www.otherbali.com/places/karma-spa-at-karma-kandara,karma-spa-at-karma-kandara,description,…ness-focused treatments high above the o,описание обрезано посреди слова/фразы,посчитано,"curl -s https://www.otherbali.com/places/karma-spa-at-karma-kandara | grep -o 'name=""description""[^>]*'",PR #311 (черновик) — исправление в работе,2026-09-28,
T4,P3,https://www.otherbali.com/places/la-terrazza-uluwatu,la-terrazza-uluwatu,description,…ition alongside international dishes. Ta,описание обрезано посреди слова/фразы,посчитано,"curl -s https://www.otherbali.com/places/la-terrazza-uluwatu | grep -o 'name=""description""[^>]*'",PR #311 (черновик) — исправление в работе,2026-09-28,
T4,P3,https://www.otherbali.com/places/la-tribu,la-tribu,description,…us surf-conditioning yoga. Movement clas,описание обрезано посреди слова/фразы,посчитано,"curl -s https://www.otherbali.com/places/la-tribu | grep -o 'name=""description""[^>]*'",PR #311 (черновик) — исправление в работе,2026-09-28,
T4,P3,https://www.otherbali.com/places/la-tribu-bali,la-tribu-bali,description,"…sses it teaches handstands, arm balances",описание обрезано посреди слова/фразы,посчитано,"curl -s https://www.otherbali.com/places/la-tribu-bali | grep -o 'name=""description""[^>]*'",PR #311 (черновик) — исправление в работе,2026-09-28,
T4,P3,https://www.otherbali.com/places/lemanja-uluwatu,lemanja-uluwatu,description,"…an-grilled prawns and tuna tataki, vegan",описание обрезано посреди слова/фразы,посчитано,"curl -s https://www.otherbali.com/places/lemanja-uluwatu | grep -o 'name=""description""[^>]*'",PR #311 (черновик) — исправление в работе,2026-09-28,
T4,P3,https://www.otherbali.com/places/luhur-spa-uluwatu-bukit,luhur-spa-uluwatu-bukit,description,… Massage is 210K IDR for 60 minutes. Boo,описание обрезано посреди слова/фразы,посчитано,"curl -s https://www.otherbali.com/places/luhur-spa-uluwatu-bukit | grep -o 'name=""description""[^>]*'",PR #311 (черновик) — исправление в работе,2026-09-28,
T4,P3,https://www.otherbali.com/places/made-s-bakery-cafe-playground,made-s-bakery-cafe-playground,description,"…ts and coffee, with breakfast served all",описание обрезано посреди слова/фразы,посчитано,"curl -s https://www.otherbali.com/places/made-s-bakery-cafe-playground | grep -o 'name=""description""[^>]*'",PR #311 (черновик) — исправление в работе,2026-09-28,
T4,P3,https://www.otherbali.com/places/mantra-wellness,mantra-wellness,description,"…and mandala pool, plus a healthy cafe an",описание обрезано посреди слова/фразы,посчитано,"curl -s https://www.otherbali.com/places/mantra-wellness | grep -o 'name=""description""[^>]*'",PR #311 (черновик) — исправление в работе,2026-09-28,
T4,P3,https://www.otherbali.com/places/morning-light-yoga-studio,morning-light-yoga-studio,description,…runs a single daily morning class (a dif,описание обрезано посреди слова/фразы,посчитано,"curl -s https://www.otherbali.com/places/morning-light-yoga-studio | grep -o 'name=""description""[^>]*'",PR #311 (черновик) — исправление в работе,2026-09-28,
T4,P3,https://www.otherbali.com/places/nelayan-restaurant-and-puri-bar,nelayan-restaurant-and-puri-bar,description,… grilled seafood and Mediterranean dishe,описание обрезано посреди слова/фразы,посчитано,"curl -s https://www.otherbali.com/places/nelayan-restaurant-and-puri-bar | grep -o 'name=""description""[^>]*'",PR #311 (черновик) — исправление в работе,2026-09-28,
T4,P3,https://www.otherbali.com/places/oaza-uluwatu-uluwatu-bukit,oaza-uluwatu-uluwatu-bukit,description,…r-Hand Massage is 470K IDR. Booking is b,описание обрезано посреди слова/фразы,посчитано,"curl -s https://www.otherbali.com/places/oaza-uluwatu-uluwatu-bukit | grep -o 'name=""description""[^>]*'",PR #311 (черновик) — исправление в работе,2026-09-28,
T4,P3,https://www.otherbali.com/places/ours-bali-uluwatu-bukit,ours-bali-uluwatu-bukit,description,"…ted all-day restaurant with a warm, open",описание обрезано посреди слова/фразы,посчитано,"curl -s https://www.otherbali.com/places/ours-bali-uluwatu-bukit | grep -o 'name=""description""[^>]*'",PR #311 (черновик) — исправление в работе,2026-09-28,
T4,P3,https://www.otherbali.com/places/ours-spa-boutique,ours-spa-boutique,description,…e next door. It works largely with vegan,описание обрезано посреди слова/фразы,посчитано,"curl -s https://www.otherbali.com/places/ours-spa-boutique | grep -o 'name=""description""[^>]*'",PR #311 (черновик) — исправление в работе,2026-09-28,
T4,P3,https://www.otherbali.com/places/pak-gula,pak-gula,description,"…plings, chicken satay, braised beef curr",описание обрезано посреди слова/фразы,посчитано,"curl -s https://www.otherbali.com/places/pak-gula | grep -o 'name=""description""[^>]*'",PR #311 (черновик) — исправление в работе,2026-09-28,
T4,P3,https://www.otherbali.com/places/piccolina,piccolina,description,…ith manicures and massage available; the,описание обрезано посреди слова/фразы,посчитано,"curl -s https://www.otherbali.com/places/piccolina | grep -o 'name=""description""[^>]*'",PR #311 (черновик) — исправление в работе,2026-09-28,
T4,P3,https://www.otherbali.com/places/piccolina-bali-uluwatu-bukit,piccolina-bali-uluwatu-bukit,description,…Signature Foot Massage is 120K IDR. Book,описание обрезано посреди слова/фразы,посчитано,"curl -s https://www.otherbali.com/places/piccolina-bali-uluwatu-bukit | grep -o 'name=""description""[^>]*'",PR #311 (черновик) — исправление в работе,2026-09-28,
T4,P3,https://www.otherbali.com/places/raw-gym-uluwatu,raw-gym-uluwatu,description,"…n for Muay Thai, boxing and BJJ coaching",описание обрезано посреди слова/фразы,посчитано,"curl -s https://www.otherbali.com/places/raw-gym-uluwatu | grep -o 'name=""description""[^>]*'",PR #311 (черновик) — исправление в работе,2026-09-28,
T4,P3,https://www.otherbali.com/places/professional-massage-uluwatu-uluwatu-bukit,professional-massage-uluwatu-uluwatu-bukit,description,…one. Traditional Balinese Massage is 400,описание обрезано посреди слова/фразы,посчитано,"curl -s https://www.otherbali.com/places/professional-massage-uluwatu-uluwatu-bukit | grep -o 'name=""description""[^>]*'",PR #311 (черновик) — исправление в работе,2026-09-28,
T4,P3,https://www.otherbali.com/places/reform-pilates-bali,reform-pilates-bali,description,…ve reformers and a rooftop cafe. It is k,описание обрезано посреди слова/фразы,посчитано,"curl -s https://www.otherbali.com/places/reform-pilates-bali | grep -o 'name=""description""[^>]*'",PR #311 (черновик) — исправление в работе,2026-09-28,
T4,P3,https://www.otherbali.com/places/reform-pilates-bingin,reform-pilates-bingin,description,…ep stretch. Pre- and post-natal reformer,описание обрезано посреди слова/фразы,посчитано,"curl -s https://www.otherbali.com/places/reform-pilates-bingin | grep -o 'name=""description""[^>]*'",PR #311 (черновик) — исправление в работе,2026-09-28,
T4,P3,https://www.otherbali.com/places/rika-beauty-spa-uluwatu-bukit,rika-beauty-spa-uluwatu-bukit,description,…. Balinese Massage is 200K IDR for 60 mi,описание обрезано посреди слова/фразы,посчитано,"curl -s https://www.otherbali.com/places/rika-beauty-spa-uluwatu-bukit | grep -o 'name=""description""[^>]*'",PR #311 (черновик) — исправление в работе,2026-09-28,
T4,P3,https://www.otherbali.com/places/rose-petal,rose-petal,description,"…f, with a lounge and sunset terrace; its",описание обрезано посреди слова/фразы,посчитано,"curl -s https://www.otherbali.com/places/rose-petal | grep -o 'name=""description""[^>]*'",PR #311 (черновик) — исправление в работе,2026-09-28,
T4,P3,https://www.otherbali.com/places/salty-face-bali-uluwatu-bukit,salty-face-bali-uluwatu-bukit,description,…alinese Massage is 345K IDR for 60 minut,описание обрезано посреди слова/фразы,посчитано,"curl -s https://www.otherbali.com/places/salty-face-bali-uluwatu-bukit | grep -o 'name=""description""[^>]*'",PR #311 (черновик) — исправление в работе,2026-09-28,
T4,P3,https://www.otherbali.com/places/senses-spa-at-biu-biu-resort-uluwatu-bukit,senses-spa-at-biu-biu-resort-uluwatu-bukit,description,…logy is 400K IDR for 50 minutes. Booking,описание обрезано посреди слова/фразы,посчитано,"curl -s https://www.otherbali.com/places/senses-spa-at-biu-biu-resort-uluwatu-bukit | grep -o 'name=""description""[^>]*'",PR #311 (черновик) — исправление в работе,2026-09-28,
T4,P3,https://www.otherbali.com/places/six-senses-spa-uluwatu,six-senses-spa-uluwatu,description,…ng the Ila product line and locally insp,описание обрезано посреди слова/фразы,посчитано,"curl -s https://www.otherbali.com/places/six-senses-spa-uluwatu | grep -o 'name=""description""[^>]*'",PR #311 (черновик) — исправление в работе,2026-09-28,
T4,P3,https://www.otherbali.com/places/six-senses-uluwatu-fitness-centre,six-senses-uluwatu-fitness-centre,description,"…ipment, plus outdoor fitness circuits on",описание обрезано посреди слова/фразы,посчитано,"curl -s https://www.otherbali.com/places/six-senses-uluwatu-fitness-centre | grep -o 'name=""description""[^>]*'",PR #311 (черновик) — исправление в работе,2026-09-28,
T4,P3,https://www.otherbali.com/places/six-senses-uluwatu-yoga-pavilion,six-senses-uluwatu-yoga-pavilion,description,…o-to-yoga session of 30 minutes each; lo,описание обрезано посреди слова/фразы,посчитано,"curl -s https://www.otherbali.com/places/six-senses-uluwatu-yoga-pavilion | grep -o 'name=""description""[^>]*'",PR #311 (черновик) — исправление в работе,2026-09-28,
T4,P3,https://www.otherbali.com/places/snowcat-bali-ussr-cuisine,snowcat-bali-ussr-cuisine,description,"…ions and homemade infusions. Delivery, d",описание обрезано посреди слова/фразы,посчитано,"curl -s https://www.otherbali.com/places/snowcat-bali-ussr-cuisine | grep -o 'name=""description""[^>]*'",PR #311 (черновик) — исправление в работе,2026-09-28,
T4,P3,https://www.otherbali.com/places/spa-at-mu,spa-at-mu,description,… organic oils. It is known for al fresco,описание обрезано посреди слова/фразы,посчитано,"curl -s https://www.otherbali.com/places/spa-at-mu | grep -o 'name=""description""[^>]*'",PR #311 (черновик) — исправление в работе,2026-09-28,
T4,P3,https://www.otherbali.com/places/spring-spa-uluwatu,spring-spa-uluwatu,description,…s such as CODAGE Paris and Davines. It w,описание обрезано посреди слова/фразы,посчитано,"curl -s https://www.otherbali.com/places/spring-spa-uluwatu | grep -o 'name=""description""[^>]*'",PR #311 (черновик) — исправление в работе,2026-09-28,
T4,P3,https://www.otherbali.com/places/supreme-indian-restaurant,supreme-indian-restaurant,description,…broad vegetarian and vegan menu alongsid,описание обрезано посреди слова/фразы,посчитано,"curl -s https://www.otherbali.com/places/supreme-indian-restaurant | grep -o 'name=""description""[^>]*'",PR #311 (черновик) — исправление в работе,2026-09-28,
T4,P3,https://www.otherbali.com/places/svaha-spa-bingin,svaha-spa-bingin,description,… and jacuzzi rituals. It is widely revie,описание обрезано посреди слова/фразы,посчитано,"curl -s https://www.otherbali.com/places/svaha-spa-bingin | grep -o 'name=""description""[^>]*'",PR #311 (черновик) — исправление в работе,2026-09-28,
T4,P3,https://www.otherbali.com/places/the-asa-maia-yoga,the-asa-maia-yoga,description,…inyasa classes and adapt them to each gu,описание обрезано посреди слова/фразы,посчитано,"curl -s https://www.otherbali.com/places/the-asa-maia-yoga | grep -o 'name=""description""[^>]*'",PR #311 (черновик) — исправление в работе,2026-09-28,
T4,P3,https://www.otherbali.com/places/the-asa-maia-pilates,the-asa-maia-pilates,description,… to each guest's level. A Pilates Cadill,описание обрезано посреди слова/фразы,посчитано,"curl -s https://www.otherbali.com/places/the-asa-maia-pilates | grep -o 'name=""description""[^>]*'",PR #311 (черновик) — исправление в работе,2026-09-28,
T4,P3,https://www.otherbali.com/places/the-asa-maia-fitness,the-asa-maia-fitness,description,… pavilion and is fitted with a treadmill,описание обрезано посреди слова/фразы,посчитано,"curl -s https://www.otherbali.com/places/the-asa-maia-fitness | grep -o 'name=""description""[^>]*'",PR #311 (черновик) — исправление в работе,2026-09-28,
T4,P3,https://www.otherbali.com/places/the-bvlgari-spa,the-bvlgari-spa,description,"…e sea, with eight whirlpool treatment ro",описание обрезано посреди слова/фразы,посчитано,"curl -s https://www.otherbali.com/places/the-bvlgari-spa | grep -o 'name=""description""[^>]*'",PR #311 (черновик) — исправление в работе,2026-09-28,
T4,P3,https://www.otherbali.com/places/the-elysian-uluwatu-bukit,the-elysian-uluwatu-bukit,description,… Nail Gel Color Hand or Foot is 350K IDR,описание обрезано посреди слова/фразы,посчитано,"curl -s https://www.otherbali.com/places/the-elysian-uluwatu-bukit | grep -o 'name=""description""[^>]*'",PR #311 (черновик) — исправление в работе,2026-09-28,
T4,P3,https://www.otherbali.com/places/the-istana-wellness-club,the-istana-wellness-club,description,"…a whole-body cryotherapy chamber, saunas",описание обрезано посреди слова/фразы,посчитано,"curl -s https://www.otherbali.com/places/the-istana-wellness-club | grep -o 'name=""description""[^>]*'",PR #311 (черновик) — исправление в работе,2026-09-28,
T4,P3,https://www.otherbali.com/places/the-istana-yoga,the-istana-yoga,description,"…hing Breathwork and Yoga Nidra, taught b",описание обрезано посреди слова/фразы,посчитано,"curl -s https://www.otherbali.com/places/the-istana-yoga | grep -o 'name=""description""[^>]*'",PR #311 (черновик) — исправление в работе,2026-09-28,
T4,P3,https://www.otherbali.com/places/the-resting-koala-uluwatu-bukit,the-resting-koala-uluwatu-bukit,description,…The Foot Release is 210K IDR for 60 minu,описание обрезано посреди слова/фразы,посчитано,"curl -s https://www.otherbali.com/places/the-resting-koala-uluwatu-bukit | grep -o 'name=""description""[^>]*'",PR #311 (черновик) — исправление в работе,2026-09-28,
T4,P3,https://www.otherbali.com/places/the-temple-lodge,the-temple-lodge,description,…urf-and-yoga lifestyle. It holds daily y,описание обрезано посреди слова/фразы,посчитано,"curl -s https://www.otherbali.com/places/the-temple-lodge | grep -o 'name=""description""[^>]*'",PR #311 (черновик) — исправление в работе,2026-09-28,
T4,P3,https://www.otherbali.com/places/the-space-bali,the-space-bali,description,"… a broad daily schedule of vinyasa, yin,",описание обрезано посреди слова/фразы,посчитано,"curl -s https://www.otherbali.com/places/the-space-bali | grep -o 'name=""description""[^>]*'",PR #311 (черновик) — исправление в работе,2026-09-28,
T4,P3,https://www.otherbali.com/places/the-wellness-spa-uluwatu-bukit,the-wellness-spa-uluwatu-bukit,description,…ssage is 605K IDR for 60 minutes. Bookin,описание обрезано посреди слова/фразы,посчитано,"curl -s https://www.otherbali.com/places/the-wellness-spa-uluwatu-bukit | grep -o 'name=""description""[^>]*'",PR #311 (черновик) — исправление в работе,2026-09-28,
T4,P3,https://www.otherbali.com/places/the-yoga-rescue,the-yoga-rescue,description,"…. It runs daily Hatha, Vinyasa, Ashtanga",описание обрезано посреди слова/фразы,посчитано,"curl -s https://www.otherbali.com/places/the-yoga-rescue | grep -o 'name=""description""[^>]*'",PR #311 (черновик) — исправление в работе,2026-09-28,
T4,P3,https://www.otherbali.com/places/ula-cafe,ula-cafe,description,"…xtures, ocean air and vinyl in the backg",описание обрезано посреди слова/фразы,посчитано,"curl -s https://www.otherbali.com/places/ula-cafe | grep -o 'name=""description""[^>]*'",PR #311 (черновик) — исправление в работе,2026-09-28,
T4,P3,https://www.otherbali.com/places/ulu-active-recovery,ulu-active-recovery,description,"… pairing strength, HIIT, yoga, Pilates a",описание обрезано посреди слова/фразы,посчитано,"curl -s https://www.otherbali.com/places/ulu-active-recovery | grep -o 'name=""description""[^>]*'",PR #311 (черновик) — исправление в работе,2026-09-28,
T4,P3,https://www.otherbali.com/places/ulu-yoga-bali,ulu-yoga-bali,description,… air-conditioned ocean-view shala. It is,описание обрезано посреди слова/фразы,посчитано,"curl -s https://www.otherbali.com/places/ulu-yoga-bali | grep -o 'name=""description""[^>]*'",PR #311 (черновик) — исправление в работе,2026-09-28,
T4,P3,https://www.otherbali.com/places/vela-spa,vela-spa,description,"…ese massage, scrubs and deep-tissue work",описание обрезано посреди слова/фразы,посчитано,"curl -s https://www.otherbali.com/places/vela-spa | grep -o 'name=""description""[^>]*'",PR #311 (черновик) — исправление в работе,2026-09-28,
T4,P3,https://www.otherbali.com/places/uluwatu-collective,uluwatu-collective,description,…tional training and yoga run as group cl,описание обрезано посреди слова/фразы,посчитано,"curl -s https://www.otherbali.com/places/uluwatu-collective | grep -o 'name=""description""[^>]*'",PR #311 (черновик) — исправление в работе,2026-09-28,
T4,P3,https://www.otherbali.com/places/white-rabbit-lounge-uluwatu-bukit,white-rabbit-lounge-uluwatu-bukit,description,"… drinking with friends, even when you're",описание обрезано посреди слова/фразы,посчитано,"curl -s https://www.otherbali.com/places/white-rabbit-lounge-uluwatu-bukit | grep -o 'name=""description""[^>]*'",PR #311 (черновик) — исправление в работе,2026-09-28,
T4,P3,https://www.otherbali.com/places/win-bali-spa-uluwatu-bukit,win-bali-spa-uluwatu-bukit,description,…oulder. Foot Reflexology is 180K IDR for,описание обрезано посреди слова/фразы,посчитано,"curl -s https://www.otherbali.com/places/win-bali-spa-uluwatu-bukit | grep -o 'name=""description""[^>]*'",PR #311 (черновик) — исправление в работе,2026-09-28,
T4,P3,https://www.otherbali.com/places/yinside-yoga,yinside-yoga,description,…ts and 50-hour yin teacher trainings. It,описание обрезано посреди слова/фразы,посчитано,"curl -s https://www.otherbali.com/places/yinside-yoga | grep -o 'name=""description""[^>]*'",PR #311 (черновик) — исправление в работе,2026-09-28,
T4,P3,https://www.otherbali.com/places/yoga-the-istana,yoga-the-istana,description,…ing teachers. It is paired with a wellne,описание обрезано посреди слова/фразы,посчитано,"curl -s https://www.otherbali.com/places/yoga-the-istana | grep -o 'name=""description""[^>]*'",PR #311 (черновик) — исправление в работе,2026-09-28,
T4,P3,https://www.otherbali.com/places/yoga-searcher-bali,yoga-searcher-bali,description,…pool. It runs a daily yoga schedule with,описание обрезано посреди слова/фразы,посчитано,"curl -s https://www.otherbali.com/places/yoga-searcher-bali | grep -o 'name=""description""[^>]*'",PR #311 (черновик) — исправление в работе,2026-09-28,
T4,P3,https://www.otherbali.com/places/zahra-spa-uluwatu-uluwatu-bukit,zahra-spa-uluwatu-uluwatu-bukit,description,…ulder. Child Body Massage is 245K IDR fo,описание обрезано посреди слова/фразы,посчитано,"curl -s https://www.otherbali.com/places/zahra-spa-uluwatu-uluwatu-bukit | grep -o 'name=""description""[^>]*'",PR #311 (черновик) — исправление в работе,2026-09-28,
T4,P3,https://www.otherbali.com/places/zando-fight-camp-uluwatu,zando-fight-camp-uluwatu,description,"…ing. A drop-in is 150,000 IDR and a mont",описание обрезано посреди слова/фразы,посчитано,"curl -s https://www.otherbali.com/places/zando-fight-camp-uluwatu | grep -o 'name=""description""[^>]*'",PR #311 (черновик) — исправление в работе,2026-09-28,
T4,P3,https://www.otherbali.com/collections/balinese-and-local-food,,title,61: Real Balinese & local food in Bali — island-wide · Other Bali,title ≤ 60 символов (WARN стандарта),посчитано,,,2026-09-28,
T4,P3,https://www.otherbali.com/collections/seafood,,title,"66: The best seafood in Bali — grills, warungs & raw bars · Other Bali",title ≤ 60 символов (WARN стандарта),посчитано,,,2026-09-28,
T4,P3,https://www.otherbali.com/collections/vegetarian-and-plant-based,,title,66: Vegetarian & plant-based food in Bali — done properly · Other Bali,title ≤ 60 символов (WARN стандарта),посчитано,,,2026-09-28,
T4,P3,https://www.otherbali.com/collections/work-friendly-cafes,,title,66: Work-friendly cafés in Bali — where you can settle in · Other Bali,title ≤ 60 символов (WARN стандарта),посчитано,,,2026-09-28,
T4,P3,https://www.otherbali.com/collections/just-landed,,title,"66: Where to eat your first night in Bali — easy, no-fuss · Other Bali",title ≤ 60 символов (WARN стандарта),посчитано,,,2026-09-28,
T4,P3,https://www.otherbali.com/collections/cheap-and-brilliant,,title,"67: The best cheap eats in Bali — big flavour, small bills · Other Bali",title ≤ 60 символов (WARN стандарта),посчитано,,,2026-09-28,
T4,P3,https://www.otherbali.com/bali-free-beach-clubs,,title,97: Free-Entry Beach Clubs in Bali: What &#39;Free&#39; Really Means (2026) | Other Bali · Other Bali,title ≤ 60 символов (WARN стандарта),посчитано,,,2026-09-28,
T4,P3,https://www.otherbali.com/bali-hotel-brunches,,title,84: Bali Hotel Sunday Brunches: Every District Compared (2026) | Other Bali · Other Bali,title ≤ 60 символов (WARN стандарта),посчитано,,,2026-09-28,
T4,P3,https://www.otherbali.com/bali-resort-day-passes,,title,80: Bali Resort Day Passes: Every District Compared (2026) | Other Bali · Other Bali,title ≤ 60 символов (WARN стандарта),посчитано,,,2026-09-28,
T4,P3,https://www.otherbali.com/canggu/beach-club-day-passes,,title,78: Canggu Beach Club &amp; Pool Day Passes: 2026 Prices | Other Bali · Other Bali,title ≤ 60 символов (WARN стандарта),посчитано,,,2026-09-28,
T4,P3,https://www.otherbali.com/jimbaran/hotel-brunches,,title,82: Jimbaran Hotel Sunday Brunches: Prices &amp; Pool Access | Other Bali · Other Bali,title ≤ 60 символов (WARN стандарта),посчитано,,,2026-09-28,
T4,P3,https://www.otherbali.com/bali-sunset-clubs,,title,"99: Bali&#39;s Best Sunset Clubs by Area: Prices, Minimum Spend &amp; Booking | Other Bali · Other Bali",title ≤ 60 символов (WARN стандарта),посчитано,,,2026-09-28,
T4,P3,https://www.otherbali.com/jimbaran/resort-day-passes,,title,83: Jimbaran Resort Day Passes: 2026 Prices &amp; Pool Access | Other Bali · Other Bali,title ≤ 60 символов (WARN стандарта),посчитано,,,2026-09-28,
T4,P3,https://www.otherbali.com/jimbaran/sunset-seafood,,title,86: Jimbaran Sunset Seafood: Beach BBQ Prices &amp; Where to Sit | Other Bali · Other Bali,title ≤ 60 символов (WARN стандарта),посчитано,,,2026-09-28,
T4,P3,https://www.otherbali.com/nusa-dua/hotel-brunches,,title,87: Nusa Dua Hotel Sunday Brunches: 2026 Prices & What's Included | Other Bali · Other Bali,title ≤ 60 символов (WARN стандарта),посчитано,,,2026-09-28,
T4,P3,https://www.otherbali.com/nusa-dua/resort-day-passes,,title,91: Nusa Dua Resort Day Passes: 2026 Prices &amp; What&#39;s Included | Other Bali · Other Bali,title ≤ 60 символов (WARN стандарта),посчитано,,,2026-09-28,
T4,P3,https://www.otherbali.com/sanur/hotel-brunches,,title,92: Sanur Hotel Sunday Brunches: 2026 Prices &amp; What&#39;s Included | Other Bali · Other Bali,title ≤ 60 символов (WARN стандарта),посчитано,,,2026-09-28,
T4,P3,https://www.otherbali.com/sanur/resort-day-passes,,title,"87: Sanur Resort Day Passes: 2026 Prices, Pools & What's Included | Other Bali · Other Bali",title ≤ 60 символов (WARN стандарта),посчитано,,,2026-09-28,
T4,P3,https://www.otherbali.com/seminyak/beach-club-day-passes,,title,80: Seminyak Pool &amp; Beach-Club Day Passes: 2026 Prices | Other Bali · Other Bali,title ≤ 60 символов (WARN стандарта),посчитано,,,2026-09-28,
T4,P3,https://www.otherbali.com/seminyak/hotel-brunches,,title,78: Seminyak Hotel Sunday Brunches: Prices &amp; Booking | Other Bali · Other Bali,title ≤ 60 символов (WARN стандарта),посчитано,,,2026-09-28,
T4,P3,https://www.otherbali.com/ubud/hotel-brunches,,title,86: Ubud Hotel Sunday Brunches: Prices &amp; What&#39;s Included | Other Bali · Other Bali,title ≤ 60 символов (WARN стандарта),посчитано,,,2026-09-28,
T4,P3,https://www.otherbali.com/ubud/jungle-pool-day-passes,,title,87: Ubud Jungle Pool Day Passes: 2026 Prices &amp; F&amp;B Credit | Other Bali · Other Bali,title ≤ 60 символов (WARN стандарта),посчитано,,,2026-09-28,
T4,P3,https://www.otherbali.com/day-passes/samabe-bali-suites-and-villas--a-day-at-beach-cabanas,,title,65: A Day at Beach Cabanas — Samabe Bali Suites & Villas · Other Bali,title ≤ 60 символов (WARN стандарта),посчитано,,,2026-09-28,
T4,P3,https://www.otherbali.com/uluwatu/resort-pool-day-passes,,title,84: Uluwatu Clifftop Pool Day Passes: 2026 Prices &amp; Credit | Other Bali · Other Bali,title ≤ 60 символов (WARN стандарта),посчитано,,,2026-09-28,
T4,P3,https://www.otherbali.com/day-passes/the-sakala-resort-bali--sakala-beach-club-day-pass,,title,64: Sakala Beach Club Day Pass — The Sakala Resort Bali · Other Bali,title ≤ 60 символов (WARN стандарта),посчитано,,,2026-09-28,
T4,P3,https://www.otherbali.com/brunches/the-apurva-kempinski-bali--brunchcation-at-pala,,title,61: Brunchcation at Pala — The Apurva Kempinski Bali · Other Bali,title ≤ 60 символов (WARN стандарта),посчитано,,,2026-09-28,
T4,P3,https://www.otherbali.com/brunches/sofitel-bali-nusa-dua-beach-resort--cucina-sunday-brunch,,title,70: Cucina Sunday Brunch — Sofitel Bali Nusa Dua Beach Resort · Other Bali,title ≤ 60 символов (WARN стандарта),посчитано,,,2026-09-28,
T4,P3,https://www.otherbali.com/brunches/the-apurva-kempinski-bali--dim-sum-brunch-at-bai-yun,,title,66: Dim Sum Brunch at Bai Yun — The Apurva Kempinski Bali · Other Bali,title ≤ 60 символов (WARN стандарта),посчитано,,,2026-09-28,
T4,P3,https://www.otherbali.com/brunches/the-st-regis-bali-resort--astor-brunch-at-kayuputi,,title,65: Astor Brunch at Kayuputi — The St. Regis Bali Resort · Other Bali,title ≤ 60 символов (WARN стандарта),посчитано,,,2026-09-28,
T4,P3,https://www.otherbali.com/brunches/the-st-regis-bali-resort--the-st-regis-bali-brunch-at-kayuputi,,title,78: The St. Regis Bali Brunch at Kayuputi — The St. Regis Bali Resort · Other Bali,title ≤ 60 символов (WARN стандарта),посчитано,,,2026-09-28,
T4,P3,https://www.otherbali.com/brunches/the-westin-resort-nusa-dua-bali--prego-monthly-brunch,,title,"68: Prego Monthly Brunch — The Westin Resort Nusa Dua, Bali · Other Bali",title ≤ 60 символов (WARN стандарта),посчитано,,,2026-09-28,
T4,P3,https://www.otherbali.com/brunches/the-st-regis-bali-resort--boneka-sunday-brunch,,title,61: Boneka Sunday Brunch — The St. Regis Bali Resort · Other Bali,title ≤ 60 символов (WARN стандарта),посчитано,,,2026-09-28,
T4,P2,https://www.otherbali.com/places/vrindavan-100-pure-indian-vegetarian-and-vegan-restaurant-at-kuta | https://www.otherbali.com/places/vrindavan-100-pure-indian-vegetarian-and-vegan-restaurant | https://www.otherbali.com/places/vrindavan-100-pure-indian-vegetarian-and-vegan-restaurant-at-ubud,,title,Vrindavan 100% Pure Indian Vegetarian & Vegan… · Other Bali,дубль title у разных URL,посчитано,,,2026-09-28,
T4,P2,https://www.otherbali.com/places/hotel-indigo-bali-seminyak-beach-by-ihg | https://www.otherbali.com/places/hotel-indigo-bali-seminyak-beach-by-ihg-seminyak,,title,Hotel Indigo Bali Seminyak Beach by IHG · Other Bali,дубль title у разных URL,посчитано,,,2026-09-28,
T4,P2,https://www.otherbali.com/places/loloan-coastal-peruvian-raffles-bali | https://www.otherbali.com/places/merah-putih | https://www.otherbali.com/places/dining-corner-kayumanis-ubud,,description,3 URL: A verified Bali restaurant listing with table reservations handled externally by Chope.,дубль meta description у разных URL,посчитано,,,2026-09-28,
T4,P2,https://www.otherbali.com/places/rumari | https://www.otherbali.com/places/rumari-counter-at-raffles-bali,,description,2 URL: Restaurant on Jl. Karang Mas Sejahtera No.1A in Jimbaran.,дубль meta description у разных URL,посчитано,,,2026-09-28,
T4,P2,https://www.otherbali.com/places/al-dente-cucina-italiana-and-lounge | https://www.otherbali.com/places/el-jardin-steakhouse-by-andrea-peresthu,,description,"2 URL: Restaurant on Jl. Kartika Plaza in Kuta Legian, open daily 11:00am-12:00am.",дубль meta description у разных URL,посчитано,,,2026-09-28,
T4,P2,https://www.otherbali.com/places/ganesha-ek-sanskriti-at-discovery-mall-kuta-bali | https://www.otherbali.com/places/ganesha-ek-sanskriti-at-lippo-mall-kuta,,description,2 URL: Restaurant on Jl. Kartika Plaza UG Floor in Kuta Legian.,дубль meta description у разных URL,посчитано,,,2026-09-28,
T4,P2,https://www.otherbali.com/places/lobby-bar-discovery-kartika-plaza-hotel | https://www.otherbali.com/places/tupai-bar-discovery-kartika-plaza-hotel,,description,2 URL: Restaurant on Jalan Kartika Plaza in Kuta Legian.,дубль meta description у разных URL,посчитано,,,2026-09-28,
T4,P2,https://www.otherbali.com/places/lobby-bar-at-discovery-kartika-plaza-hotel | https://www.otherbali.com/places/tupai-bar-at-discovery-kartika-plaza-hotel,,description,2 URL: Restaurant on Jl. Kartika Plaza in Kuta Legian.,дубль meta description у разных URL,посчитано,,,2026-09-28,
T4,P2,https://www.otherbali.com/places/sokube-restaurant-and-bar-at-discovery-kartika-plaza-hotel | https://www.otherbali.com/places/the-pond-restaurant,,description,"2 URL: Restaurant on Jl. Kartika Plaza in Kuta Legian, open daily Open 24 hours.",дубль meta description у разных URL,посчитано,,,2026-09-28,
T4,P2,https://www.otherbali.com/places/arwana-restaurant-at-the-laguna-a-luxury-collection-resort-and-spa | https://www.otherbali.com/places/banyubiru-restaurant-at-the-laguna-a-luxury-collection-resort-and-spa | https://www.otherbali.com/places/kulkul-beach-house-at-the-laguna-a-luxury-collection-resort-and-spa,,description,3 URL: Restaurant on Jl. Nusa Dua No.2 Lot N.,дубль meta description у разных URL,посчитано,,,2026-09-28,
T4,P2,https://www.otherbali.com/places/atomic-17-at-renaissance-bali-nusa-dua-resort | https://www.otherbali.com/places/backstage-at-renaissance-bali-nusa-dua-resort,,description,2 URL: Restaurant on Jl. Lulut in Nusa Dua.,дубль meta description у разных URL,посчитано,,,2026-09-28,
T4,P2,https://www.otherbali.com/places/elara-seaside-lounge-and-bar-at-hilton-bali-resort | https://www.otherbali.com/places/the-shore,,description,"2 URL: Restaurant on Jl. Raya Nusa Dua Selatan, open daily 11:00am-11:00pm.",дубль meta description у разных URL,посчитано,,,2026-09-28,
T4,P2,https://www.otherbali.com/places/dong-oman-cultural-dining-at-tonys-villas-and-resort | https://www.otherbali.com/places/hinotori-at-montigo-resorts-seminyak,,description,2 URL: Restaurant on Jl. Petitenget in Seminyak.,дубль meta description у разных URL,посчитано,,,2026-09-28,
T4,P2,https://www.otherbali.com/places/hotel-indigo-bali-seminyak-beach-by-ihg | https://www.otherbali.com/places/hotel-indigo-bali-seminyak-beach-by-ihg-seminyak,,description,2 URL: Restaurant on Jl. Camplung Tanduk No.10 in Seminyak.,дубль meta description у разных URL,посчитано,,,2026-09-28,
T4,P2,https://www.otherbali.com/places/prior-cafe | https://www.otherbali.com/places/york,,description,"2 URL: Restaurant on Jl. Petitenget in Seminyak, open daily 7:00am-11:00pm.",дубль meta description у разных URL,посчитано,,,2026-09-28,
T4,P2,https://www.otherbali.com/places/janger-restaurant-at-puri-wulandari-a-boutique-resort-and-spa | https://www.otherbali.com/places/sawah-terrace-at-mandapa-a-ritz-carlton-reserve,,description,2 URL: Restaurant on Jl. Raya Kedewatan in Ubud.,дубль meta description у разных URL,посчитано,,,2026-09-28,
T4,P2,https://www.otherbali.com/places/le-gastronome-restaurant-at-keliki-luxury-lodge | https://www.otherbali.com/places/the-restaurant-by-keliki-luxury-lodge,,description,"2 URL: Restaurant on Jl. Suda Mala in Ubud, open daily 7:00am-11:00pm.",дубль meta description у разных URL,посчитано,,,2026-09-28,
T4,P2,https://www.otherbali.com/places/natys-bar-and-grill-ubud | https://www.otherbali.com/places/the-kelusa-at-samsara-ubud,,description,"2 URL: Restaurant in Ubud, open daily 7:00am-11:00pm.",дубль meta description у разных URL,посчитано,,,2026-09-28,
T4,P2,https://www.otherbali.com/places/pistachio-restaurant-at-adiwana-bisma | https://www.otherbali.com/places/shrida,,description,"2 URL: Restaurant on Jl. Bisma in Ubud, open daily 7:00am-10:30pm.",дубль meta description у разных URL,посчитано,,,2026-09-28,
T5,P0,https://www.otherbali.com/day-passes/holiday-inn-resort-bali-nusa-dua--fun-day-pass,,ld[1][1].availability,https://schema.org/InStock,"утверждение о live availability запрещено (AGENTS.md §5, §11)",посчитано,"curl -s https://www.otherbali.com/day-passes/holiday-inn-resort-bali-nusa-dua--fun-day-pass | grep -o 'schema.org/InStock\|aggregateRating\|""review""'","handoff 02.09 §3 (исправлено в main #309, не выкачено)",2026-09-28,
T5,P0,https://www.otherbali.com/day-passes/hotel-nikko-bali-benoa-beach--nikko-day-pass,,ld[1][1].availability,https://schema.org/InStock,"утверждение о live availability запрещено (AGENTS.md §5, §11)",посчитано,"curl -s https://www.otherbali.com/day-passes/hotel-nikko-bali-benoa-beach--nikko-day-pass | grep -o 'schema.org/InStock\|aggregateRating\|""review""'","handoff 02.09 §3 (исправлено в main #309, не выкачено)",2026-09-28,
T5,P0,https://www.otherbali.com/day-passes/samabe-bali-suites-and-villas--a-day-at-beach-cabanas,,ld[1][1].availability,https://schema.org/InStock,"утверждение о live availability запрещено (AGENTS.md §5, §11)",посчитано,"curl -s https://www.otherbali.com/day-passes/samabe-bali-suites-and-villas--a-day-at-beach-cabanas | grep -o 'schema.org/InStock\|aggregateRating\|""review""'","handoff 02.09 §3 (исправлено в main #309, не выкачено)",2026-09-28,
T5,P0,https://www.otherbali.com/day-passes/novotel-bali-benoa--day-pass,,ld[1][1].availability,https://schema.org/InStock,"утверждение о live availability запрещено (AGENTS.md §5, §11)",посчитано,"curl -s https://www.otherbali.com/day-passes/novotel-bali-benoa--day-pass | grep -o 'schema.org/InStock\|aggregateRating\|""review""'","handoff 02.09 §3 (исправлено в main #309, не выкачено)",2026-09-28,
T5,P0,https://www.otherbali.com/day-passes/the-royal-santrian--dip-and-dine,,ld[1][1].availability,https://schema.org/InStock,"утверждение о live availability запрещено (AGENTS.md §5, §11)",посчитано,"curl -s https://www.otherbali.com/day-passes/the-royal-santrian--dip-and-dine | grep -o 'schema.org/InStock\|aggregateRating\|""review""'","handoff 02.09 §3 (исправлено в main #309, не выкачено)",2026-09-28,
T5,P0,https://www.otherbali.com/day-passes/the-royal-santrian--day-dream-experience,,ld[1][1].availability,https://schema.org/InStock,"утверждение о live availability запрещено (AGENTS.md §5, §11)",посчитано,"curl -s https://www.otherbali.com/day-passes/the-royal-santrian--day-dream-experience | grep -o 'schema.org/InStock\|aggregateRating\|""review""'","handoff 02.09 §3 (исправлено в main #309, не выкачено)",2026-09-28,
T5,P0,https://www.otherbali.com/day-passes/the-sakala-resort-bali--sakala-beach-club-day-pass,,ld[1][1].availability,https://schema.org/InStock,"утверждение о live availability запрещено (AGENTS.md §5, §11)",посчитано,"curl -s https://www.otherbali.com/day-passes/the-sakala-resort-bali--sakala-beach-club-day-pass | grep -o 'schema.org/InStock\|aggregateRating\|""review""'","handoff 02.09 §3 (исправлено в main #309, не выкачено)",2026-09-28,
T5,P0,https://www.otherbali.com/brunches/the-apurva-kempinski-bali--brunchcation-at-pala,,ld[1][1].availability,https://schema.org/InStock,"утверждение о live availability запрещено (AGENTS.md §5, §11)",посчитано,"curl -s https://www.otherbali.com/brunches/the-apurva-kempinski-bali--brunchcation-at-pala | grep -o 'schema.org/InStock\|aggregateRating\|""review""'","handoff 02.09 §3 (исправлено в main #309, не выкачено)",2026-09-28,
T5,P0,https://www.otherbali.com/brunches/sofitel-bali-nusa-dua-beach-resort--cucina-sunday-brunch,,ld[1][1].availability,https://schema.org/InStock,"утверждение о live availability запрещено (AGENTS.md §5, §11)",посчитано,"curl -s https://www.otherbali.com/brunches/sofitel-bali-nusa-dua-beach-resort--cucina-sunday-brunch | grep -o 'schema.org/InStock\|aggregateRating\|""review""'","handoff 02.09 §3 (исправлено в main #309, не выкачено)",2026-09-28,
T5,P0,https://www.otherbali.com/brunches/the-apurva-kempinski-bali--dim-sum-brunch-at-bai-yun,,ld[1][1].availability,https://schema.org/InStock,"утверждение о live availability запрещено (AGENTS.md §5, §11)",посчитано,"curl -s https://www.otherbali.com/brunches/the-apurva-kempinski-bali--dim-sum-brunch-at-bai-yun | grep -o 'schema.org/InStock\|aggregateRating\|""review""'","handoff 02.09 §3 (исправлено в main #309, не выкачено)",2026-09-28,
T5,P0,https://www.otherbali.com/brunches/the-st-regis-bali-resort--astor-brunch-at-kayuputi,,ld[1][1].availability,https://schema.org/InStock,"утверждение о live availability запрещено (AGENTS.md §5, §11)",посчитано,"curl -s https://www.otherbali.com/brunches/the-st-regis-bali-resort--astor-brunch-at-kayuputi | grep -o 'schema.org/InStock\|aggregateRating\|""review""'","handoff 02.09 §3 (исправлено в main #309, не выкачено)",2026-09-28,
T5,P0,https://www.otherbali.com/brunches/the-apurva-kempinski-bali--izakaya-journey,,ld[1][1].availability,https://schema.org/InStock,"утверждение о live availability запрещено (AGENTS.md §5, §11)",посчитано,"curl -s https://www.otherbali.com/brunches/the-apurva-kempinski-bali--izakaya-journey | grep -o 'schema.org/InStock\|aggregateRating\|""review""'","handoff 02.09 §3 (исправлено в main #309, не выкачено)",2026-09-28,
T5,P0,https://www.otherbali.com/brunches/the-st-regis-bali-resort--the-st-regis-bali-brunch-at-kayuputi,,ld[1][1].availability,https://schema.org/InStock,"утверждение о live availability запрещено (AGENTS.md §5, §11)",посчитано,"curl -s https://www.otherbali.com/brunches/the-st-regis-bali-resort--the-st-regis-bali-brunch-at-kayuputi | grep -o 'schema.org/InStock\|aggregateRating\|""review""'","handoff 02.09 §3 (исправлено в main #309, не выкачено)",2026-09-28,
T5,P0,https://www.otherbali.com/brunches/the-westin-resort-nusa-dua-bali--prego-monthly-brunch,,ld[1][1].availability,https://schema.org/InStock,"утверждение о live availability запрещено (AGENTS.md §5, §11)",посчитано,"curl -s https://www.otherbali.com/brunches/the-westin-resort-nusa-dua-bali--prego-monthly-brunch | grep -o 'schema.org/InStock\|aggregateRating\|""review""'","handoff 02.09 §3 (исправлено в main #309, не выкачено)",2026-09-28,
T5,P0,https://www.otherbali.com/brunches/the-st-regis-bali-resort--boneka-sunday-brunch,,ld[1][1].availability,https://schema.org/InStock,"утверждение о live availability запрещено (AGENTS.md §5, §11)",посчитано,"curl -s https://www.otherbali.com/brunches/the-st-regis-bali-resort--boneka-sunday-brunch | grep -o 'schema.org/InStock\|aggregateRating\|""review""'","handoff 02.09 §3 (исправлено в main #309, не выкачено)",2026-09-28,
T7,P3,https://www.otherbali.com/places/alala-amed-spa-boutique-amed,alala-amed-spa-boutique-amed,telephone,6287778180559,телефон не в формате +62,посчитано,,,2026-09-28,
T7,P3,https://www.otherbali.com/places/amed-roda-spa-amed,amed-roda-spa-amed,telephone,628124613473,телефон не в формате +62,посчитано,,,2026-09-28,
T7,P3,https://www.otherbali.com/places/blue-earth-village-amed,blue-earth-village-amed,telephone,6282322690369,телефон не в формате +62,посчитано,,,2026-09-28,
T7,P3,https://www.otherbali.com/places/hotel-uyah-amed-spa-resort-amed,hotel-uyah-amed-spa-resort-amed,telephone,6236323462,телефон не в формате +62,посчитано,,,2026-09-28,
T7,P3,https://www.otherbali.com/places/air-seseh-recovery-club-canggu,air-seseh-recovery-club-canggu,telephone,6281239863913,телефон не в формате +62,посчитано,,,2026-09-28,
T7,P3,https://www.otherbali.com/places/aliya-salon-and-day-spa-canggu,aliya-salon-and-day-spa-canggu,telephone,6287862162255,телефон не в формате +62,посчитано,,,2026-09-28,
T7,P3,https://www.otherbali.com/places/alma-spa-canggu,alma-spa-canggu,telephone,6281139405010,телефон не в формате +62,посчитано,,,2026-09-28,
T7,P3,https://www.otherbali.com/places/bali-dream-villa-resort-echo-beach-canggu-canggu,bali-dream-villa-resort-echo-beach-canggu-canggu,telephone,62361737788,телефон не в формате +62,посчитано,,,2026-09-28,
T7,P3,https://www.otherbali.com/places/beautyfulspa-canggu,beautyfulspa-canggu,telephone,6287823755412,телефон не в формате +62,посчитано,,,2026-09-28,
T7,P3,https://www.otherbali.com/places/blue-karma-village-canggu,blue-karma-village-canggu,telephone,6281246191682,телефон не в формате +62,посчитано,,,2026-09-28,
T7,P3,https://www.otherbali.com/places/cocoon-medical-spa-canggu,cocoon-medical-spa-canggu,telephone,62811388815,телефон не в формате +62,посчитано,,,2026-09-28,
T7,P3,https://www.otherbali.com/places/como-shambhala-uma-canggu-canggu,como-shambhala-uma-canggu-canggu,telephone,623616202209,телефон не в формате +62,посчитано,,,2026-09-28,
T6,P1,https://www.otherbali.com/places/desa-seni-yoga,desa-seni-yoga,Practical.Where,Berawa boundary / verify pin,служебная заметка оператора в видимом адресе,посчитано,,,2026-09-28,
T7,P2,https://www.otherbali.com/places/e-a-r-t-h-by-ulaman,e-a-r-t-h-by-ulaman,geo,"-8.5934806,115.1307586 (Canggu)","координаты вне рамки района, указанного на карточке (acceptance-rules.md) — неверный район или неверная точка",посчитано; канд.,,,2026-09-28,
T7,P3,https://www.otherbali.com/places/ecosfera-hotel-canggu,ecosfera-hotel-canggu,telephone,6281246426989,телефон не в формате +62,посчитано,,,2026-09-28,
T7,P3,https://www.otherbali.com/places/espace-spa-bali-canggu,espace-spa-bali-canggu,telephone,628113890442,телефон не в формате +62,посчитано,,,2026-09-28,
T7,P3,https://www.otherbali.com/places/gather-canggu,gather-canggu,telephone,628132001598,телефон не в формате +62,посчитано,,,2026-09-28,
T7,P3,https://www.otherbali.com/places/hati-thai-canggu,hati-thai-canggu,telephone,6281944311212,телефон не в формате +62,посчитано,,,2026-09-28,
T6,P1,https://www.otherbali.com/places/jungle-padel-canggu-canggu,jungle-padel-canggu-canggu,Practical.Where,Canggu shortcut / verify branch,служебная заметка оператора в видимом адресе,посчитано,,,2026-09-28,
T7,P3,https://www.otherbali.com/places/koya-spa-canggu,koya-spa-canggu,telephone,2881037957605,телефон не в формате +62,посчитано,,,2026-09-28,
T7,P3,https://www.otherbali.com/places/korra-spa-canggu,korra-spa-canggu,telephone,6285211796655,телефон не в формате +62,посчитано,,,2026-09-28,
T7,P3,https://www.otherbali.com/places/mello-spa-canggu-canggu,mello-spa-canggu-canggu,telephone,6281130992525,телефон не в формате +62,посчитано,,,2026-09-28,
T7,P3,https://www.otherbali.com/places/nikara-spa-berawa-canggu,nikara-spa-berawa-canggu,telephone,628116016006,телефон не в формате +62,посчитано,,,2026-09-28,
T7,P3,https://www.otherbali.com/places/shosan-holistic-spa-canggu,shosan-holistic-spa-canggu,telephone,6281228698854,телефон не в формате +62,посчитано,,,2026-09-28,
T7,P3,https://www.otherbali.com/places/six-senses-spas-canggu,six-senses-spas-canggu,telephone,623612090300,телефон не в формате +62,посчитано,,,2026-09-28,
T7,P3,https://www.otherbali.com/places/the-ark-recovery-canggu,the-ark-recovery-canggu,telephone,6282342222578,телефон не в формате +62,посчитано,,,2026-09-28,
T7,P3,https://www.otherbali.com/places/the-freebird-studio-canggu,the-freebird-studio-canggu,telephone,6282340917647,телефон не в формате +62,посчитано,,,2026-09-28,
T7,P3,https://www.otherbali.com/places/tyce-spa-bali-canggu,tyce-spa-bali-canggu,telephone,6281228633265,телефон не в формате +62,посчитано,,,2026-09-28,
T7,P3,https://www.otherbali.com/places/udara-bali-spa-canggu,udara-bali-spa-canggu,telephone,6287877799970,телефон не в формате +62,посчитано,,,2026-09-28,
T7,P3,https://www.otherbali.com/places/urban-oasis-canggu,urban-oasis-canggu,telephone,6287869265561,телефон не в формате +62,посчитано,,,2026-09-28,
T7,P3,https://www.otherbali.com/places/aaron-spa-denpasar,aaron-spa-denpasar,telephone,2081355213426,телефон не в формате +62,посчитано,,,2026-09-28,
T7,P3,https://www.otherbali.com/places/rps-spa-bali-denpasar,rps-spa-bali-denpasar,telephone,628135996933,телефон не в формате +62,посчитано,,,2026-09-28,
T7,P3,https://www.otherbali.com/places/serene-bali-spa-denpasar,serene-bali-spa-denpasar,telephone,62811382231,телефон не в формате +62,посчитано,,,2026-09-28,
T7,P3,https://www.otherbali.com/places/avisha-wellness-spa-bali-jimbaran,avisha-wellness-spa-bali-jimbaran,telephone,410244567070,телефон не в формате +62,посчитано,,,2026-09-28,
T7,P3,https://www.otherbali.com/places/ayana-spa-jimbaran,ayana-spa-jimbaran,telephone,6281138317095,телефон не в формате +62,посчитано,,,2026-09-28,
T7,P3,https://www.otherbali.com/places/balangan-surf-resort-jimbaran,balangan-surf-resort-jimbaran,telephone,6285142911393,телефон не в формате +62,посчитано,,,2026-09-28,
T7,P3,https://www.otherbali.com/places/bombora-balangan-resort-jimbaran,bombora-balangan-resort-jimbaran,telephone,6287818381575,телефон не в формате +62,посчитано,,,2026-09-28,
T7,P3,https://www.otherbali.com/places/citrine-day-spa-jimbaran,citrine-day-spa-jimbaran,telephone,97172460000,телефон не в формате +62,посчитано,,,2026-09-28,
T7,P3,https://www.otherbali.com/places/de-wave-family-massage-beauty-salon-jimbaran,de-wave-family-massage-beauty-salon-jimbaran,telephone,6285186687777,телефон не в формате +62,посчитано,,,2026-09-28,
T7,P3,https://www.otherbali.com/places/andre-bali-spa-karangasem,andre-bali-spa-karangasem,telephone,6236342093,телефон не в формате +62,посчитано,,,2026-09-28,
T7,P3,https://www.otherbali.com/places/bloo-lagoon-spa-wellness-karangasem,bloo-lagoon-spa-wellness-karangasem,telephone,6236341211,телефон не в формате +62,посчитано,,,2026-09-28,
T7,P3,https://www.otherbali.com/places/daura-candidasa-spa-karangasem,daura-candidasa-spa-karangasem,telephone,6287858885546,телефон не в формате +62,посчитано,,,2026-09-28,
T7,P3,https://www.otherbali.com/places/harmony-beauty-and-spa-bali-karangasem,harmony-beauty-and-spa-bali-karangasem,telephone,6285956688701,телефон не в формате +62,посчитано,,,2026-09-28,
T7,P3,https://www.otherbali.com/places/nusa-indah-bungalows-villa-karangasem,nusa-indah-bungalows-villa-karangasem,telephone,6236341062,телефон не в формате +62,посчитано,,,2026-09-28,
T7,P3,https://www.otherbali.com/places/celestine-spa-kuta-legian,celestine-spa-kuta-legian,telephone,6281138106492,телефон не в формате +62,посчитано,,,2026-09-28,
T7,P3,https://www.otherbali.com/places/cozy-spa-bali-kuta-legian,cozy-spa-bali-kuta-legian,telephone,6281238506622,телефон не в формате +62,посчитано,,,2026-09-28,
T7,P3,https://www.otherbali.com/places/glow-spa-bali-kuta-legian,glow-spa-bali-kuta-legian,telephone,6281246341738,телефон не в формате +62,посчитано,,,2026-09-28,
T7,P3,https://www.otherbali.com/places/kokuo-family-massage-reflexology-kuta-legian,kokuo-family-massage-reflexology-kuta-legian,telephone,62361769500,телефон не в формате +62,посчитано,,,2026-09-28,
T7,P3,https://www.otherbali.com/places/la-karma-spa-kuta-legian,la-karma-spa-kuta-legian,telephone,6287704536999,телефон не в формате +62,посчитано,,,2026-09-28,
T7,P3,https://www.otherbali.com/places/lux-day-spa-kuta-legian,lux-day-spa-kuta-legian,telephone,2881038480672,телефон не в формате +62,посчитано,,,2026-09-28,
T7,P3,https://www.otherbali.com/places/oaza-uluwatu-kuta-legian,oaza-uluwatu-kuta-legian,telephone,6281139404241,телефон не в формате +62,посчитано,,,2026-09-28,
T7,P3,https://www.otherbali.com/places/putu-bali-spa-home-care-kuta-legian,putu-bali-spa-home-care-kuta-legian,telephone,6285737021198,телефон не в формате +62,посчитано,,,2026-09-28,
T7,P3,https://www.otherbali.com/places/revitalize-massage-kuta-legian,revitalize-massage-kuta-legian,telephone,62361751215,телефон не в формате +62,посчитано,,,2026-09-28,
T7,P3,https://www.otherbali.com/places/taman-air-spa-kuta-legian,taman-air-spa-kuta-legian,telephone,623618947300,телефон не в формате +62,посчитано,,,2026-09-28,
T7,P3,https://www.otherbali.com/places/tonic-kuta-legian,tonic-kuta-legian,telephone,623611234567,телефон не в формате +62,посчитано,,,2026-09-28,
T7,P3,https://www.otherbali.com/places/yes-spa-bali-yes-hair-bliss-kuta-legian,yes-spa-bali-yes-hair-bliss-kuta-legian,telephone,6281139617677,телефон не в формате +62,посчитано,,,2026-09-28,
T7,P3,https://www.otherbali.com/places/bali-dream-spa-lovina-lovina,bali-dream-spa-lovina-lovina,telephone,6281238279351,телефон не в формате +62,посчитано,,,2026-09-28,
T7,P3,https://www.otherbali.com/places/earthbound-lovina,earthbound-lovina,telephone,62396637888,телефон не в формате +62,посчитано,,,2026-09-28,
T7,P3,https://www.otherbali.com/places/rnd-lovina-spa-lovina,rnd-lovina-spa-lovina,telephone,6285792560710,телефон не в формате +62,посчитано,,,2026-09-28,
T7,P3,https://www.otherbali.com/places/santhika-retreat-center-lovina,santhika-retreat-center-lovina,telephone,6285738408200,телефон не в формате +62,посчитано,,,2026-09-28,
T7,P3,https://www.otherbali.com/places/bamboo-spa-at-munduk-moding-plantation-nature-re-munduk,bamboo-spa-at-munduk-moding-plantation-nature-re-munduk,telephone,6285237288707,телефон не в формате +62,посчитано,,,2026-09-28,
T7,P3,https://www.otherbali.com/places/mahony-spa-wellness-munduk,mahony-spa-wellness-munduk,telephone,628113992922,телефон не в формате +62,посчитано,,,2026-09-28,
T7,P3,https://www.otherbali.com/places/munduk-tentrem-resort-munduk,munduk-tentrem-resort-munduk,telephone,6281237887877,телефон не в формате +62,посчитано,,,2026-09-28,
T7,P3,https://www.otherbali.com/places/munduk-moding-plantation-munduk,munduk-moding-plantation-munduk,telephone,628113810123,телефон не в формате +62,посчитано,,,2026-09-28,
T7,P3,https://www.otherbali.com/places/okana-spa-munduk,okana-spa-munduk,telephone,5802761336,телефон не в формате +62,посчитано,,,2026-09-28,
T7,P3,https://www.otherbali.com/places/putu-bali-spa-home-care-munduk,putu-bali-spa-home-care-munduk,telephone,6285737021198,телефон не в формате +62,посчитано,,,2026-09-28,
T7,P3,https://www.otherbali.com/places/sanctua-bedugul-munduk,sanctua-bedugul-munduk,telephone,6281150009000,телефон не в формате +62,посчитано,,,2026-09-28,
T7,P3,https://www.otherbali.com/places/3d-relaxation-center-nusa-dua,3d-relaxation-center-nusa-dua,telephone,6282146555355,телефон не в формате +62,посчитано,,,2026-09-28,
T7,P3,https://www.otherbali.com/places/adi-spa-healing-healthy-and-wellness-nusa-dua-nusa-dua,adi-spa-healing-healthy-and-wellness-nusa-dua-nusa-dua,telephone,6281227222346,телефон не в формате +62,посчитано,,,2026-09-28,
T7,P3,https://www.otherbali.com/places/bahari-balinese-spa-spa-nusa-dua,bahari-balinese-spa-spa-nusa-dua,telephone,6281237522056,телефон не в формате +62,посчитано,,,2026-09-28,
T7,P3,https://www.otherbali.com/places/bali-tropic-resort-nusa-dua,bali-tropic-resort-nusa-dua,telephone,62361772130,телефон не в формате +62,посчитано,,,2026-09-28,
T7,P3,https://www.otherbali.com/places/chi-massage-luxury-spa-nusa-dua-bali-nusa-dua,chi-massage-luxury-spa-nusa-dua-bali-nusa-dua,telephone,6282227416752,телефон не в формате +62,посчитано,,,2026-09-28,
T7,P3,https://www.otherbali.com/places/frangipani-bali-spa-nusa-dua,frangipani-bali-spa-nusa-dua,telephone,6281239219908,телефон не в формате +62,посчитано,,,2026-09-28,
T7,P3,https://www.otherbali.com/places/heavenly-spa-by-westin-nusa-dua,heavenly-spa-by-westin-nusa-dua,telephone,628113885683,телефон не в формате +62,посчитано,,,2026-09-28,
T7,P3,https://www.otherbali.com/places/karma-spa-therapy-nusa-dua,karma-spa-therapy-nusa-dua,telephone,6281999419179,телефон не в формате +62,посчитано,,,2026-09-28,
T7,P3,https://www.otherbali.com/places/kayumanis-spa-nusa-dua-nusa-dua,kayumanis-spa-nusa-dua-nusa-dua,telephone,6285162908592,телефон не в формате +62,посчитано,,,2026-09-28,
T7,P3,https://www.otherbali.com/places/kekeb-restaurant-nusa-dua,kekeb-restaurant-nusa-dua,telephone,6281776699369,телефон не в формате +62,посчитано,,,2026-09-28,
T7,P3,https://www.otherbali.com/places/luxury-spa-nusa-dua,luxury-spa-nusa-dua,telephone,623612092288,телефон не в формате +62,посчитано,,,2026-09-28,
T7,P3,https://www.otherbali.com/places/mim-spa-nusa-dua,mim-spa-nusa-dua,telephone,34938113500,телефон не в формате +62,посчитано,,,2026-09-28,
T7,P3,https://www.otherbali.com/places/rosehill-spa-nusa-dua,rosehill-spa-nusa-dua,telephone,6282237442111,телефон не в формате +62,посчитано,,,2026-09-28,
T7,P3,https://www.otherbali.com/places/santai-beach-house-nusa-dua,santai-beach-house-nusa-dua,telephone,6282144655103,телефон не в формате +62,посчитано,,,2026-09-28,
T7,P3,https://www.otherbali.com/places/sekar-jagat-spa-nusa-dua-nusa-dua,sekar-jagat-spa-nusa-dua-nusa-dua,telephone,6281337767011,телефон не в формате +62,посчитано,,,2026-09-28,
T7,P3,https://www.otherbali.com/places/serene-bali-spa-nusa-dua,serene-bali-spa-nusa-dua,telephone,62811382231,телефон не в формате +62,посчитано,,,2026-09-28,
T7,P3,https://www.otherbali.com/places/sunshine-spa-nusa-dua-nusa-dua,sunshine-spa-nusa-dua-nusa-dua,telephone,6281237508409,телефон не в формате +62,посчитано,,,2026-09-28,
T7,P3,https://www.otherbali.com/places/the-ritz-carlton-spa-amelia-island-nusa-dua,the-ritz-carlton-spa-amelia-island-nusa-dua,telephone,9042771087,телефон не в формате +62,посчитано,,,2026-09-28,
T7,P3,https://www.otherbali.com/places/the-u-spa-by-bali-relaxing-resort-nusa-dua,the-u-spa-by-bali-relaxing-resort-nusa-dua,telephone,62361778333,телефон не в формате +62,посчитано,,,2026-09-28,
T7,P3,https://www.otherbali.com/places/ayu-spa-salon-sanur,ayu-spa-salon-sanur,telephone,62361270298,телефон не в формате +62,посчитано,,,2026-09-28,
T7,P3,https://www.otherbali.com/places/koa-spa-sanur,koa-spa-sanur,telephone,6282359053384,телефон не в формате +62,посчитано,,,2026-09-28,
T7,P3,https://www.otherbali.com/places/parigata-resorts-and-spa-sanur-bali-sanur,parigata-resorts-and-spa-sanur-bali-sanur,telephone,62361286286,телефон не в формате +62,посчитано,,,2026-09-28,
T7,P3,https://www.otherbali.com/places/the-nest-boutique-spa-sanur,the-nest-boutique-spa-sanur,telephone,628113705337,телефон не в формате +62,посчитано,,,2026-09-28,
T7,P3,https://www.otherbali.com/places/the-nest-beachside-spa-sanur,the-nest-beachside-spa-sanur,telephone,6281139605767,телефон не в формате +62,посчитано,,,2026-09-28,
T7,P3,https://www.otherbali.com/places/the-sanur-sanur,the-sanur-sanur,telephone,62361123456,телефон не в формате +62,посчитано,,,2026-09-28,
T7,P3,https://www.otherbali.com/places/2-aces-massage-and-spa-seminyak,2-aces-massage-and-spa-seminyak,telephone,6282145927457,телефон не в формате +62,посчитано,,,2026-09-28,
T7,P3,https://www.otherbali.com/places/atman-spa-kerobokan-seminyak,atman-spa-kerobokan-seminyak,telephone,6285111324517,телефон не в формате +62,посчитано,,,2026-09-28,
T8,P2,https://www.otherbali.com/places/casa-blanca-bali,casa-blanca-bali,openingHoursSpecification,14:00–23:59 (похоже на заселение отеля),неправдоподобные часы для категории,посчитано; канд.,,,2026-09-28,
T7,P3,https://www.otherbali.com/places/coolcontours-spa-beauty-seminyak,coolcontours-spa-beauty-seminyak,telephone,6287818612770,телефон не в формате +62,посчитано,,,2026-09-28,
T7,P3,https://www.otherbali.com/places/deanna-spa-caf-seminyak,deanna-spa-caf-seminyak,telephone,6281999231518,телефон не в формате +62,посчитано,,,2026-09-28,
T7,P3,https://www.otherbali.com/places/executive-bali-massage-seminyak,executive-bali-massage-seminyak,telephone,6285737000277,телефон не в формате +62,посчитано,,,2026-09-28,
T7,P3,https://www.otherbali.com/places/hotel-indigo-bali-seminyak-beach-seminyak,hotel-indigo-bali-seminyak-beach-seminyak,telephone,623612099999,телефон не в формате +62,посчитано,,,2026-09-28,
T7,P3,https://www.otherbali.com/places/jazb-beauty-space-seminyak,jazb-beauty-space-seminyak,telephone,62361738882,телефон не в формате +62,посчитано,,,2026-09-28,
T7,P3,https://www.otherbali.com/places/lagoon-spa-seminyak-seminyak,lagoon-spa-seminyak-seminyak,telephone,+62 361 735959 / +62 812-3861-7695,телефон не в формате +62,посчитано,,,2026-09-28,
T7,P3,https://www.otherbali.com/places/merah-putih,merah-putih,telephone,(0361) 8465950,телефон не в формате +62,посчитано,,,2026-09-28,
T7,P3,https://www.otherbali.com/places/ortus-wellness-seminyak,ortus-wellness-seminyak,telephone,97125101215,телефон не в формате +62,посчитано,,,2026-09-28,
T7,P3,https://www.otherbali.com/places/rejuvie-aesthetic-bali-seminyak-seminyak,rejuvie-aesthetic-bali-seminyak-seminyak,telephone,+62 812 3633 2000 (Kuta); +62 812 2260 6088 (Sanur),телефон не в формате +62,посчитано,,,2026-09-28,
T8,P2,https://www.otherbali.com/places/satoshi,satoshi,openingHoursSpecification,14:00–23:59 (похоже на заселение отеля),неправдоподобные часы для категории,посчитано; канд.,,,2026-09-28,
T7,P3,https://www.otherbali.com/places/spa-at-peppers-seminyak-seminyak,spa-at-peppers-seminyak-seminyak,telephone,62361730333,телефон не в формате +62,посчитано,,,2026-09-28,
T7,P3,https://www.otherbali.com/places/spa-bali-moon-seminyak,spa-bali-moon-seminyak,telephone,6287863175144,телефон не в формате +62,посчитано,,,2026-09-28,
T7,P3,https://www.otherbali.com/places/svaha-spa-seminyak-seminyak,svaha-spa-seminyak-seminyak,telephone,6281237339353,телефон не в формате +62,посчитано,,,2026-09-28,
T7,P3,https://www.otherbali.com/places/terra-spa-wellness-seminyak,terra-spa-wellness-seminyak,telephone,62361736628,телефон не в формате +62,посчитано,,,2026-09-28,
T7,P3,https://www.otherbali.com/places/the-lotus-spa-seminyak,the-lotus-spa-seminyak,telephone,628172822999,телефон не в формате +62,посчитано,,,2026-09-28,
T7,P3,https://www.otherbali.com/places/the-seminyak-beach-resort-spa-seminyak,the-seminyak-beach-resort-spa-seminyak,telephone,6281802027888,телефон не в формате +62,посчитано,,,2026-09-28,
T7,P3,https://www.otherbali.com/places/wellness-by-the-legian-seminyak,wellness-by-the-legian-seminyak,telephone,62361730622,телефон не в формате +62,посчитано,,,2026-09-28,
T7,P3,https://www.otherbali.com/places/kapha-spa-sidemen,kapha-spa-sidemen,telephone,623665437600,телефон не в формате +62,посчитано,,,2026-09-28,
T7,P3,https://www.otherbali.com/places/pelangi-villa-sidemen-sidemen,pelangi-villa-sidemen-sidemen,telephone,6281319206868,телефон не в формате +62,посчитано,,,2026-09-28,
T7,P3,https://www.otherbali.com/places/lattranaya-sidemen,lattranaya-sidemen,telephone,6285829238676,телефон не в формате +62,посчитано,,,2026-09-28,
T7,P3,https://www.otherbali.com/places/bali-reflexology-tabanan,bali-reflexology-tabanan,telephone,6281808522500,телефон не в формате +62,посчитано,,,2026-09-28,
T7,P3,https://www.otherbali.com/places/nirjhara-tabanan,nirjhara-tabanan,telephone,6281138205635,телефон не в формате +62,посчитано,,,2026-09-28,
T7,P3,https://www.otherbali.com/places/alam-shanti-wellness-ubud,alam-shanti-wellness-ubud,telephone,62361971132,телефон не в формате +62,посчитано,,,2026-09-28,
T7,P3,https://www.otherbali.com/places/alaya-ubud-ubud,alaya-ubud-ubud,telephone,62361972200,телефон не в формате +62,посчитано,,,2026-09-28,
T7,P3,https://www.otherbali.com/places/bali-tao-center-ubud,bali-tao-center-ubud,telephone,6281139711176,телефон не в формате +62,посчитано,,,2026-09-28,
T7,P3,https://www.otherbali.com/places/bali-yoga-school-ubud,bali-yoga-school-ubud,telephone,6287776665522,телефон не в формате +62,посчитано,,,2026-09-28,
T7,P3,https://www.otherbali.com/places/balian-springs-ubud,balian-springs-ubud,telephone,7034369107,телефон не в формате +62,посчитано,,,2026-09-28,
T7,P3,https://www.otherbali.com/places/banyan-tree-spa-macau-ubud,banyan-tree-spa-macau-ubud,telephone,623616208181,телефон не в формате +62,посчитано,,,2026-09-28,
T7,P2,https://www.otherbali.com/places/blue-mountains-bali,blue-mountains-bali,geo,"-8.2624795,115.3399814 (Ubud)","координаты вне рамки района, указанного на карточке (acceptance-rules.md) — неверный район или неверная точка",посчитано; канд.,,,2026-09-28,
T8,P2,https://www.otherbali.com/places/chito-caucasus-cuisine-bistro,chito-caucasus-cuisine-bistro,openingHoursSpecification,14:00–23:59 (похоже на заселение отеля),неправдоподобные часы для категории,посчитано; канд.,,,2026-09-28,
T7,P3,https://www.otherbali.com/places/d-made-restaurant-the-kalyana-ubud-resort,d-made-restaurant-the-kalyana-ubud-resort,geo,"-8.5352,115.267707","точность координат < 5 знаков (центр района, а не место)",посчитано,,,2026-09-28,
T7,P2,https://www.otherbali.com/places/d-pondok-warung-pondok-sebatu-villa,d-pondok-warung-pondok-sebatu-villa,geo,"-8.398389,115.2949915 (Ubud)","координаты вне рамки района, указанного на карточке (acceptance-rules.md) — неверный район или неверная точка",посчитано; канд.,,,2026-09-28,
T7,P2,https://www.otherbali.com/places/desa-swan-villas-and-spa-keramas,desa-swan-villas-and-spa-keramas,geo,"-8.5986347,115.3349678 (Ubud)","координаты вне рамки района, указанного на карточке (acceptance-rules.md) — неверный район или неверная точка",посчитано; канд.,,,2026-09-28,
T7,P2,https://www.otherbali.com/places/flamingo-beach-club-bali,flamingo-beach-club-bali,geo,"-8.6086278,115.32176 (Ubud)","координаты вне рамки района, указанного на карточке (acceptance-rules.md) — неверный район или неверная точка",посчитано; канд.,,,2026-09-28,
T7,P3,https://www.otherbali.com/places/four-seasons-spa-ubud,four-seasons-spa-ubud,telephone,623612016000,телефон не в формате +62,посчитано,,,2026-09-28,
T7,P3,https://www.otherbali.com/places/gadsden-massage-studio-ubud,gadsden-massage-studio-ubud,telephone,2565531469,телефон не в формате +62,посчитано,,,2026-09-28,
T7,P3,https://www.otherbali.com/places/gratia-spa-monkey-forest-ubud,gratia-spa-monkey-forest-ubud,telephone,6281246514241,телефон не в формате +62,посчитано,,,2026-09-28,
T7,P3,https://www.otherbali.com/places/hesa-wellness-spa-ubud,hesa-wellness-spa-ubud,telephone,6287836002121,телефон не в формате +62,посчитано,,,2026-09-28,
T7,P3,https://www.otherbali.com/places/jero-traditional-spa-therapy-ubud,jero-traditional-spa-therapy-ubud,telephone,6285738193753,телефон не в формате +62,посчитано,,,2026-09-28,
T7,P3,https://www.otherbali.com/places/jhagat-spa-centre-ubud,jhagat-spa-centre-ubud,telephone,6282340881153,телефон не в формате +62,посчитано,,,2026-09-28,
T7,P3,https://www.otherbali.com/places/kush-day-spa-ubud,kush-day-spa-ubud,telephone,62893324240,телефон не в формате +62,посчитано,,,2026-09-28,
T7,P3,https://www.otherbali.com/places/lemuria-spa-by-arya-arkananta-resort-spa-ubud,lemuria-spa-by-arya-arkananta-resort-spa-ubud,telephone,6287873731168,телефон не в формате +62,посчитано,,,2026-09-28,
T7,P3,https://www.otherbali.com/places/mahamaya-spa-ubud,mahamaya-spa-ubud,telephone,6285333779779,телефон не в формате +62,посчитано,,,2026-09-28,
T7,P2,https://www.otherbali.com/places/moonstone-beach-lounge,moonstone-beach-lounge,geo,"-8.618706,115.3091016 (Ubud)","координаты вне рамки района, указанного на карточке (acceptance-rules.md) — неверный район или неверная точка",посчитано; канд.,,,2026-09-28,
T7,P3,https://www.otherbali.com/places/reflexology-ubud-ubud,reflexology-ubud-ubud,telephone,6281237210242,телефон не в формате +62,посчитано,,,2026-09-28,
T7,P2,https://www.otherbali.com/places/sababay-winery,sababay-winery,geo,"-8.5937948,115.3382052 (Ubud)","координаты вне рамки района, указанного на карточке (acceptance-rules.md) — неверный район или неверная точка",посчитано; канд.,,,2026-09-28,
T7,P3,https://www.otherbali.com/places/sanggraloka-ubud-ubud,sanggraloka-ubud-ubud,telephone,6282210990847,телефон не в формате +62,посчитано,,,2026-09-28,
T7,P3,https://www.otherbali.com/places/shinto-spa-ubud,shinto-spa-ubud,telephone,6281138305414,телефон не в формате +62,посчитано,,,2026-09-28,
T7,P2,https://www.otherbali.com/places/sunset-bloom-restaurant-at-swan-paradise-a-pramana-experience,sunset-bloom-restaurant-at-swan-paradise-a-pramana-experience,geo,"-8.5933618,115.2951092 (Ubud)","координаты вне рамки района, указанного на карточке (acceptance-rules.md) — неверный район или неверная точка",посчитано; канд.,,,2026-09-28,
T7,P2,https://www.otherbali.com/places/swan-restaurant-keramas-desa-swan-villas-and-spa,swan-restaurant-keramas-desa-swan-villas-and-spa,geo,"-8.599968,115.3359976 (Ubud)","координаты вне рамки района, указанного на карточке (acceptance-rules.md) — неверный район или неверная точка",посчитано; канд.,,,2026-09-28,
T7,P3,https://www.otherbali.com/places/swatma-ubud,swatma-ubud,telephone,6287845060251,телефон не в формате +62,посчитано,,,2026-09-28,
T7,P3,https://www.otherbali.com/places/taksu-ubud,taksu-ubud,telephone,623614792525,телефон не в формате +62,посчитано,,,2026-09-28,
T7,P3,https://www.otherbali.com/places/taksu-spa-ubud,taksu-spa-ubud,telephone,+62 361 4792525; +62 811 3883 5555,телефон не в формате +62,посчитано,,,2026-09-28,
T7,P2,https://www.otherbali.com/places/tan-ting-restaurant-at-lingga-yoga-by-the-jungle-pots,tan-ting-restaurant-at-lingga-yoga-by-the-jungle-pots,geo,"-8.3693936,115.2803319 (Ubud)","координаты вне рамки района, указанного на карточке (acceptance-rules.md) — неверный район или неверная точка",посчитано; канд.,,,2026-09-28,
T7,P2,https://www.otherbali.com/places/tangelo-bali,tangelo-bali,geo,"-8.3888802,115.2971362 (Ubud)","координаты вне рамки района, указанного на карточке (acceptance-rules.md) — неверный район или неверная точка",посчитано; канд.,,,2026-09-28,
T7,P3,https://www.otherbali.com/places/tegal-mesari-spa-ubud,tegal-mesari-spa-ubud,telephone,6287751976776,телефон не в формате +62,посчитано,,,2026-09-28,
T7,P3,https://www.otherbali.com/places/terakota-spa-ubud,terakota-spa-ubud,telephone,6281325764781,телефон не в формате +62,посчитано,,,2026-09-28,
T7,P2,https://www.otherbali.com/places/the-cassowary-restaurant,the-cassowary-restaurant,geo,"-8.5889244,115.2655063 (Ubud)","координаты вне рамки района, указанного на карточке (acceptance-rules.md) — неверный район или неверная точка",посчитано; канд.,,,2026-09-28,
T7,P3,https://www.otherbali.com/places/the-faces-world-ubud,the-faces-world-ubud,telephone,6282266999965,телефон не в формате +62,посчитано,,,2026-09-28,
T7,P3,https://www.otherbali.com/places/the-garcia-ubud-ubud,the-garcia-ubud-ubud,telephone,623612013779,телефон не в формате +62,посчитано,,,2026-09-28,
T7,P3,https://www.otherbali.com/places/the-kasih-spa-ubud,the-kasih-spa-ubud,telephone,628877751875,телефон не в формате +62,посчитано,,,2026-09-28,
T7,P2,https://www.otherbali.com/places/the-nini-restaurant-12,the-nini-restaurant-12,geo,"-8.4258267,115.3216062 (Ubud)","координаты вне рамки района, указанного на карточке (acceptance-rules.md) — неверный район или неверная точка",посчитано; канд.,,,2026-09-28,
T7,P3,https://www.otherbali.com/places/the-samaya-ubud-bali-ubud,the-samaya-ubud-bali-ubud,telephone,62361973606,телефон не в формате +62,посчитано,,,2026-09-28,
T7,P3,https://www.otherbali.com/places/the-sacred-river-spa-at-sayan-ubud,the-sacred-river-spa-at-sayan-ubud,telephone,62361977577,телефон не в формате +62,посчитано,,,2026-09-28,
T7,P3,https://www.otherbali.com/places/the-spa-kamandalu-ubud,the-spa-kamandalu-ubud,telephone,62361975825,телефон не в формате +62,посчитано,,,2026-09-28,
T7,P3,https://www.otherbali.com/places/titi-batu-ubud-club-ubud,titi-batu-ubud-club-ubud,telephone,+62 361 972 134; +62 361 908 5758,телефон не в формате +62,посчитано,,,2026-09-28,
T7,P3,https://www.otherbali.com/places/ubud-bodyworks-centre-ubud,ubud-bodyworks-centre-ubud,telephone,62361971393,телефон не в формате +62,посчитано,,,2026-09-28,
T7,P3,https://www.otherbali.com/places/ubud-home-massage-service-ubud,ubud-home-massage-service-ubud,telephone,6285943421992,телефон не в формате +62,посчитано,,,2026-09-28,
T7,P2,https://www.otherbali.com/places/ume-bali,ume-bali,geo,"-8.7018129,115.1763031 (Ubud)","координаты вне рамки района, указанного на карточке (acceptance-rules.md) — неверный район или неверная точка",посчитано; канд.,,,2026-09-28,
T7,P3,https://www.otherbali.com/places/villa-sonia-ubud-ubud,villa-sonia-ubud-ubud,telephone,62361971307,телефон не в формате +62,посчитано,,,2026-09-28,
T7,P3,https://www.otherbali.com/places/vita-healing-massage-spa-ubud,vita-healing-massage-spa-ubud,telephone,6788639983,телефон не в формате +62,посчитано,,,2026-09-28,
T7,P3,https://www.otherbali.com/places/anantara-spa-uluwatu-bukit,anantara-spa-uluwatu-bukit,telephone,623618957555,телефон не в формате +62,посчитано,,,2026-09-28,
T7,P3,https://www.otherbali.com/places/atmos-bodylab-uluwatu-bukit,atmos-bodylab-uluwatu-bukit,telephone,6281139415001,телефон не в формате +62,посчитано,,,2026-09-28,
T7,P3,https://www.otherbali.com/places/ayana-spa-uluwatu-bukit,ayana-spa-uluwatu-bukit,telephone,6281138317095,телефон не в формате +62,посчитано,,,2026-09-28,
T7,P3,https://www.otherbali.com/places/bali-bliss-massage-uluwatu-bukit,bali-bliss-massage-uluwatu-bukit,telephone,6281130025555,телефон не в формате +62,посчитано,,,2026-09-28,
T7,P3,https://www.otherbali.com/places/bali-yoga-uluwatu-bukit,bali-yoga-uluwatu-bukit,telephone,6281916683207,телефон не в формате +62,посчитано,,,2026-09-28,
T7,P3,https://www.otherbali.com/places/body-studio-bali-uluwatu-bukit,body-studio-bali-uluwatu-bukit,telephone,6282221600336,телефон не в формате +62,посчитано,,,2026-09-28,
T7,P3,https://www.otherbali.com/places/d-nailbar-uluwatu-bukit,d-nailbar-uluwatu-bukit,telephone,628113801885,телефон не в формате +62,посчитано,,,2026-09-28,
T7,P3,https://www.otherbali.com/places/flex-flow-uluwatu-bukit,flex-flow-uluwatu-bukit,telephone,6285858887777,телефон не в формате +62,посчитано,,,2026-09-28,
T7,P3,https://www.otherbali.com/places/fresh-beauty-lounge-uluwatu-bukit,fresh-beauty-lounge-uluwatu-bukit,telephone,6281239909350,телефон не в формате +62,посчитано,,,2026-09-28,
T7,P3,https://www.otherbali.com/places/holiday-inn-resort-baruna-bali-tea-tree-spa-uluwatu-bukit,holiday-inn-resort-baruna-bali-tea-tree-spa-uluwatu-bukit,telephone,3617555775610,телефон не в формате +62,посчитано,,,2026-09-28,
T7,P3,https://www.otherbali.com/places/karma-spa-uluwatu-bukit,karma-spa-uluwatu-bukit,telephone,6281138215287,телефон не в формате +62,посчитано,,,2026-09-28,
T7,P3,https://www.otherbali.com/places/laia-spa-uluwatu-bukit,laia-spa-uluwatu-bukit,telephone,628113977277,телефон не в формате +62,посчитано,,,2026-09-28,
T7,P3,https://www.otherbali.com/places/luhur-spa-uluwatu-bukit,luhur-spa-uluwatu-bukit,telephone,62361769888,телефон не в формате +62,посчитано,,,2026-09-28,
T7,P3,https://www.otherbali.com/places/mantra-wellness-bali-uluwatu-bukit,mantra-wellness-bali-uluwatu-bukit,telephone,6281717777361,телефон не в формате +62,посчитано,,,2026-09-28,
T7,P3,https://www.otherbali.com/places/m-boutique-resort-uluwatu-bukit,m-boutique-resort-uluwatu-bukit,telephone,6285338167746,телефон не в формате +62,посчитано,,,2026-09-28,
T7,P3,https://www.otherbali.com/places/oaza-uluwatu-uluwatu-bukit,oaza-uluwatu-uluwatu-bukit,telephone,6281139404241,телефон не в формате +62,посчитано,,,2026-09-28,
T7,P3,https://www.otherbali.com/places/our-spa-boutique-bali-uluwatu-bukit,our-spa-boutique-bali-uluwatu-bukit,telephone,6281353542803,телефон не в формате +62,посчитано,,,2026-09-28,
T7,P3,https://www.otherbali.com/places/rika-beauty-spa-uluwatu-bukit,rika-beauty-spa-uluwatu-bukit,telephone,6281338748032,телефон не в формате +62,посчитано,,,2026-09-28,
T7,P3,https://www.otherbali.com/places/rose-petal-beauty-center-uluwatu-bukit,rose-petal-beauty-center-uluwatu-bukit,telephone,6281139603010,телефон не в формате +62,посчитано,,,2026-09-28,
T7,P3,https://www.otherbali.com/places/senses-spa-at-biu-biu-resort-uluwatu-bukit,senses-spa-at-biu-biu-resort-uluwatu-bukit,telephone,628113832090,телефон не в формате +62,посчитано,,,2026-09-28,
T7,P3,https://www.otherbali.com/places/spa-shell-uluwatu-bukit,spa-shell-uluwatu-bukit,telephone,6288213915089,телефон не в формате +62,посчитано,,,2026-09-28,
T7,P3,https://www.otherbali.com/places/svaha-spa-melasti-uluwatu-bukit,svaha-spa-melasti-uluwatu-bukit,telephone,6281222201688,телефон не в формате +62,посчитано,,,2026-09-28,
T7,P3,https://www.otherbali.com/places/the-resting-koala-uluwatu-bukit,the-resting-koala-uluwatu-bukit,telephone,6283836873649,телефон не в формате +62,посчитано,,,2026-09-28,
T7,P3,https://www.otherbali.com/places/xin-spa-beauty-pecatu-uluwatu-bali-uluwatu-bukit,xin-spa-beauty-pecatu-uluwatu-bali-uluwatu-bukit,telephone,6282239998890,телефон не в формате +62,посчитано,,,2026-09-28,
T7,P2,,rumari | rumari-counter-at-raffles-bali,geo,"-8.78404,115.15293",одна точка у нескольких мест,посчитано,,,2026-09-28,
T7,P2,,ganesha-ek-sanskriti-discovery-mall-kuta-bali | ganesha-ek-sanskriti-at-discovery-mall-kuta-bali | ganesha-ek-sanskriti-at-lippo-mall-kuta,geo,"-8.72800,115.16725",одна точка у нескольких мест,посчитано,,,2026-09-28,
T7,P2,,lobby-bar-at-discovery-kartika-plaza-hotel | tupai-bar-at-discovery-kartika-plaza-hotel,geo,"-8.72968,115.16711",одна точка у нескольких мест,посчитано,,,2026-09-28,
T7,P2,,mozzarella-on-padma | sushi-casa,geo,"-8.70600,115.16952",одна точка у нескольких мест,посчитано,,,2026-09-28,
T7,P2,,arwana-restaurant-at-the-laguna-a-luxury-collection-resort-and-spa | banyubiru-restaurant-at-the-laguna-a-luxury-collection-resort-and-spa | kulkul-beach-house-at-the-laguna-a-luxury-collection-resort-and-spa,geo,"-8.79738,115.23077",одна точка у нескольких мест,посчитано,,,2026-09-28,
T7,P2,,atomic-17-at-renaissance-bali-nusa-dua-resort | backstage-at-renaissance-bali-nusa-dua-resort,geo,"-8.80696,115.21393",одна точка у нескольких мест,посчитано,,,2026-09-28,
T7,P2,,aoku | kajin-japanese-contemporary-sushi,geo,"-8.67632,115.15648",одна точка у нескольких мест,посчитано,,,2026-09-28,
T7,P2,,hotel-indigo-bali-seminyak-beach-by-ihg | hotel-indigo-bali-seminyak-beach-by-ihg-seminyak,geo,"-8.69509,115.16237",одна точка у нескольких мест,посчитано,,,2026-09-28,
T7,P2,,le-gastronome-restaurant-at-keliki-luxury-lodge | the-restaurant-by-keliki-luxury-lodge,geo,"-8.45231,115.25995",одна точка у нескольких мест,посчитано,,,2026-09-28,
T7,P2,,paoman-restaurant-at-inara-alas-harum | semara-grill-at-inara-alas-harum,geo,"-8.42209,115.26641",одна точка у нескольких мест,посчитано,,,2026-09-28,
T7,P2,,cocomo-at-canggu | arcadia | simply-social,telephone,+6281230780186,один телефон у разных брендов/филиалов,посчитано,,,2026-09-28,
T7,P2,,anarasa-at-movenpick-resort | arkipela-spa-at-mo-venpick-jimbaran-jimbaran,telephone,+623614725777,один телефон у разных брендов/филиалов,посчитано,,,2026-09-28,
T7,P2,,intercontinental-bali-resort-beauty-services-jimbaran | sunset-beach-bar-and-grill-uluwatu-bukit,telephone,+62361701888,один телефон у разных брендов/филиалов,посчитано,,,2026-09-28,
T7,P2,,loloan-coastal-peruvian-at-raffles-bali | rumari | rumari-counter-at-raffles-bali,telephone,+623612015800,один телефон у разных брендов/филиалов,посчитано,,,2026-09-28,
T7,P2,,aribar-tapas-cantina | kabar-grill,telephone,+62361752725,один телефон у разных брендов/филиалов,посчитано,,,2026-09-28,
T7,P2,,donbiu-at-padma-resort-legian | skai-bar-and-grill | tenkai-japanese-nikkei-restaurant-at-padma-resort-legian,telephone,+62361752111,один телефон у разных брендов/филиалов,посчитано,,,2026-09-28,
T7,P2,,lobby-bar-at-discovery-kartika-plaza-hotel | sunset-bar-and-lounge-at-discovery-kartika-plaza-hotel | tupai-bar-at-discovery-kartika-plaza-hotel,telephone,+623612001300,один телефон у разных брендов/филиалов,посчитано,,,2026-09-28,
T7,P2,,arwana-restaurant-at-the-laguna-a-luxury-collection-resort-and-spa | banyubiru-restaurant-at-the-laguna-a-luxury-collection-resort-and-spa | kulkul-beach-house-at-the-laguna-a-luxury-collection-resort-and-spa,telephone,+62361771327,один телефон у разных брендов/филиалов,посчитано,,,2026-09-28,
T7,P2,,atomic-17-at-renaissance-bali-nusa-dua-resort | backstage-at-renaissance-bali-nusa-dua-resort | lion-x,telephone,+623612092888,один телефон у разных брендов/филиалов,посчитано,,,2026-09-28,
T7,P2,,elara-seaside-lounge-and-bar-at-hilton-bali-resort | grain-at-hilton-bali-resort | paon-bali-resto-and-bar-at-hilton-bali-resort | the-shore,telephone,+62361773377,один телефон у разных брендов/филиалов,посчитано,,,2026-09-28,
T7,P2,,giorgio-italian-restaurant-at-hotel-nikko-bali-benoa-beach | nagisa-japanese-restaurant-at-hotel-nikko-bali-benoa-beach,telephone,+62361773577,один телефон у разных брендов/филиалов,посчитано,,,2026-09-28,
T7,P2,,kayumanis-spa-nusa-dua-nusa-dua | piasan,telephone,+6285162908592,один телефон у разных брендов/филиалов,посчитано,,,2026-09-28,
T7,P2,,kriya-spa-at-grand-hyatt-bali-nusa-dua | nampu-japanese-restaurant | pasar-senggol-at-grand-hyatt-bali | salsa-verde-at-grand-hyatt-bali,telephone,+62361771234,один телефон у разных брендов/филиалов,посчитано,,,2026-09-28,
T7,P2,,luxury-spa-nusa-dua | the-apurva-kempinski-fitness-centre-nusa-dua | the-apurva-kempinski-yoga-nusa-dua | the-apurva-spa-nusa-dua,telephone,+623612092288,один телефон у разных брендов/филиалов,посчитано,,,2026-09-28,
T7,P2,,nutrio-restaurant-at-revivo-wellness-resorts | revi-vo-spa-wellness-nusa-dua | rev-v-wellness-resort-fitness | revi-vo-yoga-mindfulness-nusa-dua,telephone,+623614773888,один телефон у разных брендов/филиалов,посчитано,,,2026-09-28,
T7,P2,,kuu-izakaya-dining | maya-sanur-spa-sanur | tree-bar-at-maya-sanur-resort-and-spa,telephone,+623618497800,один телефон у разных брендов/филиалов,посчитано,,,2026-09-28,
T7,P2,,sudajiva-spa-at-sudamala-sanur-sanur | sudamala-resort-sanur-wellness-yoga-sanur,telephone,+62361288555,один телефон у разных брендов/филиалов,посчитано,,,2026-09-28,
T7,P2,,tsune-japanese-restaurant-bali-by-wonderspace | sanctuary-umalas-italian-restaurant-by-wonderspace | svaha-spa-seminyak-seminyak | habitat-bistro-restaurant-ubud-by-wonderspace | sans-indian-restaurant-ubud-by-wonderspace,telephone,+6281237339353,один телефон у разных брендов/филиалов,посчитано,,,2026-09-28,
T7,P2,,bketo-bali-at-blue-karma-dijiwa-seminyak | hiiragi-restaurant-at-the-bk-village | botanist-restaurant-ubud-at-blue-karma-dijiwa-ubud,telephone,+6281990071888,один телефон у разных брендов/филиалов,посчитано,,,2026-09-28,
T7,P2,,frangipani-cafe-at-the-oberoi-beach-resort-bali | kura-kura-restaurant-at-the-oberoi-beach-resort-bali,telephone,+62361730361,один телефон у разных брендов/филиалов,посчитано,,,2026-09-28,
T7,P2,,hinotori-at-montigo-resorts-seminyak | tadd-s-restaurant-at-montigo-resorts-seminyak,telephone,+623613019888,один телефон у разных брендов/филиалов,посчитано,,,2026-09-28,
T7,P2,,infinity-beach-club | sanje-restaurant-and-lounge-at-the-seminyak-beach-resort,telephone,+62361730814,один телефон у разных брендов/филиалов,посчитано,,,2026-09-28,
T7,P2,,rooftop-sunset-bar-at-double-six-luxury-hotel | suzie-q-at-double-six-luxury-hotel | the-plantation-grill-seminyak-at-double-six-luxury-hotel,telephone,+6281138310166,один телефон у разных брендов/филиалов,посчитано,,,2026-09-28,
T7,P2,,alaya-ubud-ubud | dala-spa-at-alaya-resort-ubud,telephone,+62361972200,один телефон у разных брендов/филиалов,посчитано,,,2026-09-28,
T7,P2,,belantara-restaurant-at-kastara-resort-and-spa | kawa-hibachi-at-kastara-resort-and-spa,telephone,+628118118360,один телефон у разных брендов/филиалов,посчитано,,,2026-09-28,
T7,P2,,birdhill-restaurant-at-amora-ubud-boutique-villas | bulan-madu-restaurant-at-amora-ubud-boutique-villas,telephone,+623619083887,один телефон у разных брендов/филиалов,посчитано,,,2026-09-28,
T7,P2,,cabana-lounge-at-alila-ubud | plantation-restaurant-at-alila-ubud,telephone,+62361975963,один телефон у разных брендов/филиалов,посчитано,,,2026-09-28,
T7,P2,,clover-cafe-at-the-hava-ubud | serai-restaurant-at-the-hava-ubud,telephone,+6281807200799,один телефон у разных брендов/филиалов,посчитано,,,2026-09-28,
T7,P2,,como-shambhala-at-como-uma-ubud-yoga-ubud | kemiri-restaurant-at-como-uma-ubud | uma-cucina,telephone,+62361972448,один телефон у разных брендов/филиалов,посчитано,,,2026-09-28,
T7,P2,,ely-s-kitchen-ubud | sky-lounge-by-ely-s-kitchen-at-adiwana-unagi-suites,telephone,+6285738023685,один телефон у разных брендов/филиалов,посчитано,,,2026-09-28,
T7,P2,,four-seasons-spa-ubud | sacred-river-spa-at-four-seasons-sayan-ubud,telephone,+623612016000,один телефон у разных брендов/филиалов,посчитано,,,2026-09-28,
T7,P2,,glow-restaurant-at-como-shambhala-estate | kudus-house-at-como-shambhala-estate,telephone,+62361978888,один телефон у разных брендов/филиалов,посчитано,,,2026-09-28,
T7,P2,,ksuna-restaurant | the-garcia-ubud-ubud,telephone,+623612013779,один телефон у разных брендов/филиалов,посчитано,,,2026-09-28,
T7,P2,,le-gastronome-restaurant-at-keliki-luxury-lodge | the-restaurant-by-keliki-luxury-lodge,telephone,+62881037321602,один телефон у разных брендов/филиалов,посчитано,,,2026-09-28,
T7,P2,,mandapa-spa-ubud | sawah-terrace-at-mandapa-a-ritz-carlton-reserve,telephone,+623614792777,один телефон у разных брендов/филиалов,посчитано,,,2026-09-28,
T7,P2,,paoman-restaurant-at-inara-alas-harum | semara-grill-at-inara-alas-harum,telephone,+623616208199,один телефон у разных брендов/филиалов,посчитано,,,2026-09-28,
T7,P2,,river-warung-at-bambu-indah | tembaga-restaurant,telephone,+6281153200100,один телефон у разных брендов/филиалов,посчитано,,,2026-09-28,
T7,P2,,akasa-at-jumeirah-bali | mantra-at-jumeirah-bali,telephone,+623612015000,один телефон у разных брендов/филиалов,посчитано,,,2026-09-28,
T7,P2,,anantara-spa-uluwatu-bukit | botol-biru-bar-and-grill-at-anantara-uluwatu-bali-resort,telephone,+623618957555,один телефон у разных брендов/филиалов,посчитано,,,2026-09-28,
T7,P2,,bella-cucina | ko-japanese-teppanyaki-and-sushi,telephone,+6281138208768,один телефон у разных брендов/филиалов,посчитано,,,2026-09-28,
T7,P2,,clay-craft-at-renaissance-bali-uluwatu-resort-and-spa | double-ikat,telephone,+623612003588,один телефон у разных брендов/филиалов,посчитано,,,2026-09-28,
G6,P3,https://www.otherbali.com/bali-travel-guide,,text,world-class,рекламные слова в нашем тексте (без навигации и общих карточек),посчитано,,,2026-09-28,
G6,P3,https://www.otherbali.com/where-to-stay-in-bali,,text,world-class,рекламные слова в нашем тексте (без навигации и общих карточек),посчитано,,,2026-09-28,
G6,P3,https://www.otherbali.com/things-to-do-in-bali,,text,world-class,рекламные слова в нашем тексте (без навигации и общих карточек),посчитано,,,2026-09-28,
G6,P3,https://www.otherbali.com/best-restaurants-in-bali,,text,hidden gem,рекламные слова в нашем тексте (без навигации и общих карточек),посчитано,,,2026-09-28,
G6,P3,https://www.otherbali.com/bali-itinerary-10-days,,text,world-class,рекламные слова в нашем тексте (без навигации и общих карточек),посчитано,,,2026-09-28,
G6,P3,https://www.otherbali.com/canggu-vs-uluwatu,,text,world-class,рекламные слова в нашем тексте (без навигации и общих карточек),посчитано,,,2026-09-28,
G6,P3,https://www.otherbali.com/bali-for-digital-nomads,,text,world-class,рекламные слова в нашем тексте (без навигации и общих карточек),посчитано,,,2026-09-28,
G6,P3,https://www.otherbali.com/bali-temples-which-one,,text,stunning,рекламные слова в нашем тексте (без навигации и общих карточек),посчитано,,,2026-09-28,
G1,P1,https://www.otherbali.com/canggu/best-brunch,,text,"…0:30pm, with vegan, vegetarian and gluten-free options. Its Tripadvisor profile describes a premium organic restaurant built on locally sour…",агрегатор отзывов назван источником факта в публичном тексте (AGENTS.md §13; guardrail #2),посчитано; нужен ручной разбор,,,2026-09-28,
G1,P1,https://www.otherbali.com/canggu/best-warungs,,text,"… spit-roast pork, normally served over rice with sides. Its Tripadvisor listing shows an inexpensive price band and hours of 8am to 8pm dail…",агрегатор отзывов назван источником факта в публичном тексте (AGENTS.md §13; guardrail #2),посчитано; нужен ручной разбор,,,2026-09-28,
G1,P1,https://www.otherbali.com/canggu/best-spas,,text,"…e → Wellness · Berawa / Canggu Tonic Day Spa & Botanicals A highly rated Berawa day spa with a botanicals-led treatment menu, from massage t…","формулировка, выведенная из отзывов (guardrail #2)",посчитано; нужен ручной разбор,,,2026-09-28,
G1,P1,https://www.otherbali.com/canggu/work-friendly-cafes,,text,"…0:30pm, with vegan, vegetarian and gluten-free options. Its Tripadvisor profile describes a premium organic restaurant built on locally sour…",агрегатор отзывов назван источником факта в публичном тексте (AGENTS.md §13; guardrail #2),посчитано; нужен ручной разбор,,,2026-09-28,
G6,P3,https://www.otherbali.com/uluwatu/beach-clubs-sunset,,text,iconic,рекламные слова в нашем тексте (без навигации и общих карточек),посчитано,,,2026-09-28,
G1,P1,https://www.otherbali.com/ubud/best-yoga-wellness,,text,"…ort Ubud The DaLa Spa at Alaya Resort Ubud in Pengosekan, a well-regarded resort spa open daily until late. Best for: Visitors wanting a pol…","формулировка, выведенная из отзывов (guardrail #2)",посчитано; нужен ручной разбор,,,2026-09-28,
G6,P3,https://www.otherbali.com/seminyak/cafes-coffee,,text,iconic,рекламные слова в нашем тексте (без навигации и общих карточек),посчитано,,,2026-09-28,
G1,P1,https://www.otherbali.com/route/cafe-work,,text,"…0:30pm, with vegan, vegetarian and gluten-free options. Its Tripadvisor profile describes a premium organic restaurant built on locally sour…",агрегатор отзывов назван источником факта в публичном тексте (AGENTS.md §13; guardrail #2),посчитано; нужен ручной разбор,,,2026-09-28,
G1,P1,https://www.otherbali.com/places/babi-guling-men-agus,babi-guling-men-agus,text,"… spit-roast pork, normally served over rice with sides. Its Tripadvisor listing shows an inexpensive price band and hours of 8am to 8pm dail…",агрегатор отзывов назван источником факта в публичном тексте (AGENTS.md §13; guardrail #2),посчитано; нужен ручной разбор,,,2026-09-28,
G1,P1,https://www.otherbali.com/places/babi-guling-men-lari,babi-guling-men-lari,text,…s. The Mengwi original carries an inexpensive price band on Tripadvisor; the Canggu branch has no listing of its own. ♡Save Add to trip Simi…,агрегатор отзывов назван источником факта в публичном тексте (AGENTS.md §13; guardrail #2),посчитано; нужен ручной разбор,,,2026-09-28,
G1,P1,https://www.otherbali.com/places/cafe-vida-healthy-organic-restaurant-canggu,cafe-vida-healthy-organic-restaurant-canggu,text,"…0:30pm, with vegan, vegetarian and gluten-free options. Its Tripadvisor profile describes a premium organic restaurant built on locally sour…",агрегатор отзывов назван источником факта в публичном тексте (AGENTS.md §13; guardrail #2),посчитано; нужен ручной разбор,,,2026-09-28,
G6,P3,https://www.otherbali.com/places/cafe-coach,cafe-coach,text,breathtaking,рекламные слова в нашем тексте (без навигации и общих карточек),посчитано,,,2026-09-28,
G1,P1,https://www.otherbali.com/places/lopodo-catering-and-events,lopodo-catering-and-events,text,"…bookings, with its own event space in Canggu. Note that its Tripadvisor listing is filed as a restaurant with dine-in reviews — the two acco…",агрегатор отзывов назван источником факта в публичном тексте (AGENTS.md §13; guardrail #2),посчитано; нужен ручной разбор,,,2026-09-28,
G6,P3,https://www.otherbali.com/places/mia-asian-modern-inspired-restaurant-and-bar,mia-asian-modern-inspired-restaurant-and-bar,text,vibrant,рекламные слова в нашем тексте (без навигации и общих карточек),посчитано,,,2026-09-28,
G1,P1,https://www.otherbali.com/places/soma-fight-club-canggu,soma-fight-club-canggu,text,…Fitness · Canggu · Canggu SOMA Fight Club A well-regarded Canggu combat-sports and functional-fitness club offering striking…,"формулировка, выведенная из отзывов (guardrail #2)",посчитано; нужен ручной разбор,,,2026-09-28,
G1,P1,https://www.otherbali.com/places/tonic-day-spa-botanicals-canggu,tonic-day-spa-botanicals-canggu,text,"…ess · Berawa / Canggu · Canggu Tonic Day Spa & Botanicals A highly rated Berawa day spa with a botanicals-led treatment menu, from massage t…","формулировка, выведенная из отзывов (guardrail #2)",посчитано; нужен ручной разбор,,,2026-09-28,
G6,P3,https://www.otherbali.com/places/warung-blanjong,warung-blanjong,text,vibrant,рекламные слова в нашем тексте (без навигации и общих карточек),посчитано,,,2026-09-28,
G6,P3,https://www.otherbali.com/places/gambinos-bali,gambinos-bali,text,iconic,рекламные слова в нашем тексте (без навигации и общих карточек),посчитано,,,2026-09-28,
G6,P3,https://www.otherbali.com/places/kynd-community,kynd-community,text,iconic,рекламные слова в нашем тексте (без навигации и общих карточек),посчитано,,,2026-09-28,
G6,P3,https://www.otherbali.com/places/chupacabras,chupacabras,text,"vibrant, unforgettable",рекламные слова в нашем тексте (без навигации и общих карточек),посчитано,,,2026-09-28,
G6,P3,https://www.otherbali.com/places/chupacabras-south-american-prime-meats,chupacabras-south-american-prime-meats,text,"vibrant, unforgettable",рекламные слова в нашем тексте (без навигации и общих карточек),посчитано,,,2026-09-28,
G1,P1,https://www.otherbali.com/places/dala-spa-at-alaya-resort-ubud,dala-spa-at-alaya-resort-ubud,text,"…ort Ubud The DaLa Spa at Alaya Resort Ubud in Pengosekan, a well-regarded resort spa open daily until late. ♡Save Add to trip Similar places…","формулировка, выведенная из отзывов (guardrail #2)",посчитано; нужен ручной разбор,,,2026-09-28,
G6,P3,https://www.otherbali.com/places/french-kiss-restaurant,french-kiss-restaurant,text,vibrant,рекламные слова в нашем тексте (без навигации и общих карточек),посчитано,,,2026-09-28,
G1,P1,https://www.otherbali.com/places/jaens-spa-ubud-ubud,jaens-spa-ubud-ubud,text,…Wellness · Ubud · Ubud Jaens Spa Ubud A highly rated Ubud day spa offering great-value Balinese massage and packages fro…,"формулировка, выведенная из отзывов (guardrail #2)",посчитано; нужен ручной разбор,,,2026-09-28,
G6,P3,https://www.otherbali.com/places/moonstone-beach-lounge,moonstone-beach-lounge,text,vibrant,рекламные слова в нашем тексте (без навигации и общих карточек),посчитано,,,2026-09-28,
G6,P3,https://www.otherbali.com/places/sumampan-restaurant-at-thewakanda-ubud,sumampan-restaurant-at-thewakanda-ubud,text,vibrant,рекламные слова в нашем тексте (без навигации и общих карточек),посчитано,,,2026-09-28,
G1,P1,https://www.otherbali.com/places/svaha-spa-bisma-ubud,svaha-spa-bisma-ubud,text,"…Spa Bisma The Bisma branch of Svaha Spa near Ubud centre, a highly rated day spa for massage and treatments. ♡Save Add to trip Similar place…","формулировка, выведенная из отзывов (guardrail #2)",посчитано; нужен ручной разбор,,,2026-09-28,
G6,P3,https://www.otherbali.com/places/wild-vegan,wild-vegan,text,vibrant,рекламные слова в нашем тексте (без навигации и общих карточек),посчитано,,,2026-09-28,
G6,P3,https://www.otherbali.com/places/yonne-cafe-and-bar-at-sens-hotel-and-spa,yonne-cafe-and-bar-at-sens-hotel-and-spa,text,"vibrant, nestled",рекламные слова в нашем тексте (без навигации и общих карточек),посчитано,,,2026-09-28,
G1,P1,https://www.otherbali.com/places/dorsey-s-barber-shop-uluwatu,dorsey-s-barber-shop-uluwatu,text,"… fades, shaves and beard trims in a clean, styled interior; reviewers note skilled barbers and a slightly premium price point for the area. …","формулировка, выведенная из отзывов (guardrail #2)",посчитано; нужен ручной разбор,,,2026-09-28,
G6,P3,https://www.otherbali.com/places/hidden-gem-uluwatu-at-hidden-hills-villas,hidden-gem-uluwatu-at-hidden-hills-villas,text,hidden gem,рекламные слова в нашем тексте (без навигации и общих карточек),посчитано,,,2026-09-28,
G6,P3,https://www.otherbali.com/places/hidden-gem-uluwatu-uluwatu-bukit,hidden-gem-uluwatu-uluwatu-bukit,text,hidden gem,рекламные слова в нашем тексте (без навигации и общих карточек),посчитано,,,2026-09-28,
G6,P3,https://www.otherbali.com/places/studio-fondue,studio-fondue,text,unforgettable,рекламные слова в нашем тексте (без навигации и общих карточек),посчитано,,,2026-09-28,
G1,P1,https://www.otherbali.com/places/warung-bu-jonny-uluwatu,warung-bu-jonny-uluwatu,text,"…ort staff for cheap, freshly cooked Indonesian plates and a well-regarded house sambal. What to expect A short list of home-style dishes coo…","формулировка, выведенная из отзывов (guardrail #2)",посчитано; нужен ручной разбор,,,2026-09-28,
G6,P3,https://www.otherbali.com/places/white-rabbit-lounge-uluwatu-bukit,white-rabbit-lounge-uluwatu-bukit,text,world-class,рекламные слова в нашем тексте (без навигации и общих карточек),посчитано,,,2026-09-28,
G1,P1,https://www.otherbali.com/collections/brunch-and-breakfast,,text,"…0:30pm, with vegan, vegetarian and gluten-free options. Its Tripadvisor profile describes a premium organic restaurant built on locally sour…",агрегатор отзывов назван источником факта в публичном тексте (AGENTS.md §13; guardrail #2),посчитано; нужен ручной разбор,,,2026-09-28,
G6,P3,https://www.otherbali.com/collections/brunch-and-breakfast,,text,iconic,рекламные слова в нашем тексте (без навигации и общих карточек),посчитано,,,2026-09-28,
G1,P1,https://www.otherbali.com/collections/balinese-and-local-food,,text,"… spit-roast pork, normally served over rice with sides. Its Tripadvisor listing shows an inexpensive price band and hours of 8am to 8pm dail…",агрегатор отзывов назван источником факта в публичном тексте (AGENTS.md §13; guardrail #2),посчитано; нужен ручной разбор,,,2026-09-28,
G1,P1,https://www.otherbali.com/collections/balinese-and-local-food,,text,"…ort staff for cheap, freshly cooked Indonesian plates and a well-regarded house sambal. Best for: a cheap post-surf refuel; travellers wanti…","формулировка, выведенная из отзывов (guardrail #2)",посчитано; нужен ручной разбор,,,2026-09-28,
G6,P3,https://www.otherbali.com/collections/desserts-gelato-and-pastry,,text,iconic,рекламные слова в нашем тексте (без навигации и общих карточек),посчитано,,,2026-09-28,
G1,P1,https://www.otherbali.com/collections/local-and-calm,,text,"…0:30pm, with vegan, vegetarian and gluten-free options. Its Tripadvisor profile describes a premium organic restaurant built on locally sour…",агрегатор отзывов назван источником факта в публичном тексте (AGENTS.md §13; guardrail #2),посчитано; нужен ручной разбор,,,2026-09-28,
G6,P3,https://www.otherbali.com/bali-free-beach-clubs,,text,iconic,рекламные слова в нашем тексте (без навигации и общих карточек),посчитано,,,2026-09-28,
G6,P3,https://www.otherbali.com/bali-resort-day-passes,,text,iconic,рекламные слова в нашем тексте (без навигации и общих карточек),посчитано,,,2026-09-28,
G6,P3,https://www.otherbali.com/seminyak/beach-club-day-passes,,text,iconic,рекламные слова в нашем тексте (без навигации и общих карточек),посчитано,,,2026-09-28,
G6,P3,https://www.otherbali.com/ubud/jungle-pool-day-passes,,text,iconic,рекламные слова в нашем тексте (без навигации и общих карточек),посчитано,,,2026-09-28,
G6,P3,https://www.otherbali.com/uluwatu/resort-pool-day-passes,,text,iconic,рекламные слова в нашем тексте (без навигации и общих карточек),посчитано,,,2026-09-28,
G1,P1,https://www.otherbali.com/places?page=3,,text,"…0:30pm, with vegan, vegetarian and gluten-free options. Its Tripadvisor profile describes a premium organic restaurant built on locally sour…",агрегатор отзывов назван источником факта в публичном тексте (AGENTS.md §13; guardrail #2),посчитано; нужен ручной разбор,,,2026-09-28,
G1,P1,https://www.otherbali.com/places?page=2,,text,"… spit-roast pork, normally served over rice with sides. Its Tripadvisor listing shows an inexpensive price band and hours of 8am to 8pm dail…",агрегатор отзывов назван источником факта в публичном тексте (AGENTS.md §13; guardrail #2),посчитано; нужен ручной разбор,,,2026-09-28,
G1,P1,https://www.otherbali.com/places?page=6,,text,"…bookings, with its own event space in Canggu. Note that its Tripadvisor listing is filed as a restaurant with dine-in reviews — the two acco…",агрегатор отзывов назван источником факта в публичном тексте (AGENTS.md §13; guardrail #2),посчитано; нужен ручной разбор,,,2026-09-28,
G1,P1,https://www.otherbali.com/places?page=10,,text,…. DirectionsView place → Fitness · Canggu SOMA Fight Club A well-regarded Canggu combat-sports and functional-fitness club offering striking…,"формулировка, выведенная из отзывов (guardrail #2)",посчитано; нужен ручной разбор,,,2026-09-28,
G1,P1,https://www.otherbali.com/places?page=11,,text,"…e → Wellness · Berawa / Canggu Tonic Day Spa & Botanicals A highly rated Berawa day spa with a botanicals-led treatment menu, from massage t…","формулировка, выведенная из отзывов (guardrail #2)",посчитано; нужен ручной разбор,,,2026-09-28,
G6,P3,https://www.otherbali.com/places?page=38,,text,iconic,рекламные слова в нашем тексте (без навигации и общих карточек),посчитано,,,2026-09-28,
G1,P1,https://www.otherbali.com/places?page=47,,text,"…ort Ubud The DaLa Spa at Alaya Resort Ubud in Pengosekan, a well-regarded resort spa open daily until late. Best for: Visitors wanting a pol…","формулировка, выведенная из отзывов (guardrail #2)",посчитано; нужен ручной разбор,,,2026-09-28,
G1,P1,https://www.otherbali.com/places?page=50,,text,…in Google MapsView place → Wellness · Ubud Jaens Spa Ubud A highly rated Ubud day spa offering great-value Balinese massage and packages fro…,"формулировка, выведенная из отзывов (guardrail #2)",посчитано; нужен ручной разбор,,,2026-09-28,
G1,P1,https://www.otherbali.com/places?page=56,,text,"…Spa Bisma The Bisma branch of Svaha Spa near Ubud centre, a highly rated day spa for massage and treatments. Best for: Central-Ubud visitors…","формулировка, выведенная из отзывов (guardrail #2)",посчитано; нужен ручной разбор,,,2026-09-28,
G1,P1,https://www.otherbali.com/places?page=61,,text,"… fades, shaves and beard trims in a clean, styled interior; reviewers note skilled barbers and a slightly premium price point for the area. …","формулировка, выведенная из отзывов (guardrail #2)",посчитано; нужен ручной разбор,,,2026-09-28,
G6,P3,https://www.otherbali.com/places?page=62,,text,hidden gem,рекламные слова в нашем тексте (без навигации и общих карточек),посчитано,,,2026-09-28,
G6,P3,https://www.otherbali.com/places?page=67,,text,world-class,рекламные слова в нашем тексте (без навигации и общих карточек),посчитано,,,2026-09-28,
G4,P3,https://www.otherbali.com/places/baked-pererenan,baked-pererenan,photo,venue-photos/draft/…,публичное фото отдаётся из папки draft,посчитано,,,2026-09-28,
G4,P3,https://www.otherbali.com/places/baked-berawa,baked-berawa,photo,venue-photos/draft/…,публичное фото отдаётся из папки draft,посчитано,,,2026-09-28,
G4,P3,https://www.otherbali.com/places/brunch-club-pererenan,brunch-club-pererenan,photo,venue-photos/draft/…,публичное фото отдаётся из папки draft,посчитано,,,2026-09-28,
G4,P3,https://www.otherbali.com/places/estetica-belle,estetica-belle,photo,venue-photos/draft/…,публичное фото отдаётся из папки draft,посчитано,,,2026-09-28,
G4,P3,https://www.otherbali.com/places/hippie-fish-pererenan-beach,hippie-fish-pererenan-beach,photo,venue-photos/draft/…,публичное фото отдаётся из папки draft,посчитано,,,2026-09-28,
G4,P3,https://www.otherbali.com/places/jungle-padel-canggu-shortcut,jungle-padel-canggu-shortcut,photo,venue-photos/draft/…,публичное фото отдаётся из папки draft,посчитано,,,2026-09-28,
G4,P3,https://www.otherbali.com/places/lyma-beach,lyma-beach,photo,venue-photos/draft/…,публичное фото отдаётся из папки draft,посчитано,,,2026-09-28,
G4,P3,https://www.otherbali.com/places/mason,mason,photo,venue-photos/draft/…,публичное фото отдаётся из папки draft,посчитано,,,2026-09-28,
G4,P3,https://www.otherbali.com/places/milk-and-madu-berawa,milk-and-madu-berawa,photo,venue-photos/draft/…,публичное фото отдаётся из папки draft,посчитано,,,2026-09-28,
G4,P3,https://www.otherbali.com/places/milk-and-madu-beach-road,milk-and-madu-beach-road,photo,venue-photos/draft/…,публичное фото отдаётся из папки draft,посчитано,,,2026-09-28,
G4,P3,https://www.otherbali.com/places/rite-bali,rite-bali,photo,venue-photos/draft/…,публичное фото отдаётся из папки draft,посчитано,,,2026-09-28,
G4,P3,https://www.otherbali.com/places/santanera,santanera,photo,venue-photos/draft/…,публичное фото отдаётся из папки draft,посчитано,,,2026-09-28,
G4,P3,https://www.otherbali.com/places/the-avocado-factory,the-avocado-factory,photo,venue-photos/draft/…,публичное фото отдаётся из папки draft,посчитано,,,2026-09-28,
G4,P3,https://www.otherbali.com/places/two-face-canggu,two-face-canggu,photo,venue-photos/draft/…,публичное фото отдаётся из папки draft,посчитано,,,2026-09-28,
G4,P3,https://www.otherbali.com/places/udara-bali,udara-bali,photo,venue-photos/draft/…,публичное фото отдаётся из папки draft,посчитано,,,2026-09-28,
G4,P3,https://www.otherbali.com/places/udara-bali-yoga-detox-and-spa-organic-ocean,udara-bali-yoga-detox-and-spa-organic-ocean,photo,venue-photos/draft/…,публичное фото отдаётся из папки draft,посчитано,,,2026-09-28,
G4,P3,https://www.otherbali.com/places/warung-bu-mi,warung-bu-mi,photo,venue-photos/draft/…,публичное фото отдаётся из папки draft,посчитано,,,2026-09-28,
G4,P3,https://www.otherbali.com/places/woods-bali,woods-bali,photo,venue-photos/draft/…,публичное фото отдаётся из папки draft,посчитано,,,2026-09-28,
G4,P3,https://www.otherbali.com/places/yuki-canggu,yuki-canggu,photo,venue-photos/draft/…,публичное фото отдаётся из папки draft,посчитано,,,2026-09-28,
G4,P3,https://www.otherbali.com/places/cascades,cascades,photo,venue-photos/draft/…,публичное фото отдаётся из папки draft,посчитано,,,2026-09-28,
G4,P3,https://www.otherbali.com/places/gelato-secrets-ubud,gelato-secrets-ubud,photo,venue-photos/draft/…,публичное фото отдаётся из папки draft,посчитано,,,2026-09-28,
G4,P3,https://www.otherbali.com/places/jaens-spa,jaens-spa,photo,venue-photos/draft/…,публичное фото отдаётся из папки draft,посчитано,,,2026-09-28,
G4,P3,https://www.otherbali.com/places/karsa-spa,karsa-spa,photo,venue-photos/draft/…,публичное фото отдаётся из папки draft,посчитано,,,2026-09-28,
G4,P3,https://www.otherbali.com/places/kush-ayurveda-yoga-barn,kush-ayurveda-yoga-barn,photo,venue-photos/draft/…,публичное фото отдаётся из папки draft,посчитано,,,2026-09-28,
G4,P3,https://www.otherbali.com/places/laka-leke,laka-leke,photo,venue-photos/draft/…,публичное фото отдаётся из папки draft,посчитано,,,2026-09-28,
G4,P3,https://www.otherbali.com/places/locavore-nxt,locavore-nxt,photo,venue-photos/draft/…,публичное фото отдаётся из папки draft,посчитано,,,2026-09-28,
G4,P3,https://www.otherbali.com/places/mozaic,mozaic,photo,venue-photos/draft/…,публичное фото отдаётся из папки draft,посчитано,,,2026-09-28,
G4,P3,https://www.otherbali.com/places/oneworld-ayurveda,oneworld-ayurveda,photo,venue-photos/draft/…,публичное фото отдаётся из папки draft,посчитано,,,2026-09-28,
G4,P3,https://www.otherbali.com/places/putri-bali-spa,putri-bali-spa,photo,venue-photos/draft/…,публичное фото отдаётся из папки draft,посчитано,,,2026-09-28,
G4,P3,https://www.otherbali.com/places/room4dessert,room4dessert,photo,venue-photos/draft/…,публичное фото отдаётся из папки draft,посчитано,,,2026-09-28,
G4,P3,https://www.otherbali.com/places/sang-spa,sang-spa,photo,venue-photos/draft/…,публичное фото отдаётся из папки draft,посчитано,,,2026-09-28,
G4,P3,https://www.otherbali.com/places/seeds-of-life,seeds-of-life,photo,venue-photos/draft/…,публичное фото отдаётся из папки draft,посчитано,,,2026-09-28,
G4,P3,https://www.otherbali.com/places/svaha-spa,svaha-spa,photo,venue-photos/draft/…,публичное фото отдаётся из папки draft,посчитано,,,2026-09-28,
G4,P3,https://www.otherbali.com/places/taksu-yoga-ubud,taksu-yoga-ubud,photo,venue-photos/draft/…,публичное фото отдаётся из папки draft,посчитано,,,2026-09-28,
G4,P3,https://www.otherbali.com/places/the-shala-bali,the-shala-bali,photo,venue-photos/draft/…,публичное фото отдаётся из папки draft,посчитано,,,2026-09-28,
G4,P3,https://www.otherbali.com/places/ubud-sari-health-resort,ubud-sari-health-resort,photo,venue-photos/draft/…,публичное фото отдаётся из папки draft,посчитано,,,2026-09-28,
G4,P3,https://www.otherbali.com/places/ubud-traditional-spa,ubud-traditional-spa,photo,venue-photos/draft/…,публичное фото отдаётся из папки draft,посчитано,,,2026-09-28,
G4,P3,https://www.otherbali.com/places/mana-uluwatu,mana-uluwatu,photo,venue-photos/draft/…,публичное фото отдаётся из папки draft,посчитано,,,2026-09-28,
G4,P3,https://www.otherbali.com/places/masonry-restaurant,masonry-restaurant,photo,venue-photos/draft/…,публичное фото отдаётся из папки draft,посчитано,,,2026-09-28,
G4,P3,https://www.otherbali.com/places/single-fin,single-fin,photo,venue-photos/draft/…,публичное фото отдаётся из папки draft,посчитано,,,2026-09-28,
G4,P3,https://www.otherbali.com/places/suka-espresso,suka-espresso,photo,venue-photos/draft/…,публичное фото отдаётся из папки draft,посчитано,,,2026-09-28,
G4,P3,https://www.otherbali.com/places/tropical-temptation-adult-only-beach-club,tropical-temptation-adult-only-beach-club,photo,venue-photos/draft/…,публичное фото отдаётся из папки draft,посчитано,,,2026-09-28,
G4,P3,https://www.otherbali.com/places/ulu-garden,ulu-garden,photo,venue-photos/draft/…,публичное фото отдаётся из папки draft,посчитано,,,2026-09-28,
G4,P3,https://www.otherbali.com/places/waatu,waatu,photo,venue-photos/draft/…,публичное фото отдаётся из папки draft,посчитано,,,2026-09-28,
G4,P3,https://www.otherbali.com/places/white-rock-beach-club,white-rock-beach-club,photo,venue-photos/draft/…,публичное фото отдаётся из папки draft,посчитано,,,2026-09-28,
G4,P3,https://www.otherbali.com/places/yuki-uluwatu,yuki-uluwatu,photo,venue-photos/draft/…,публичное фото отдаётся из папки draft,посчитано,,,2026-09-28,
G5,P2,,alala-amed-spa-boutique-amed | hotel-uyah-amed-spa-resort-amed | beach-house-by-tonic-canggu | therapy-day-spa-canggu | tonic-canggu-canggu | ayana-spa-jimbaran | jaya-spa-karangasem | yes-spa-bali-yes-hair-bliss-kuta-legian | jaya-spa-lovina | merusaka-spa-nusa-dua | the-u-spa-by-bali-relaxing-resort-nusa-dua | tunjungsari-spa-nusa-dua | grand-seminyak-spa-seminyak | mahamaya-spa-ubud | parina-spa-ubud | serayu-spa-at-the-kayon-resort-ubud | shinto-spa-ubud | ayana-spa-uluwatu-bukit,Best for,18 мест: A long reset — treatments run up to 180 minutes; tired feet after a day of walking.,одинаковый Best for у 3+ разных брендов (шаблон),посчитано,,,2026-09-28,
G5,P2,,amed-roda-spa-amed | hati-thai-canggu | korra-spa-canggu | manori-spa-canggu | tyce-spa-bali-canggu | lotus-spa-jimbaran | bloo-lagoon-spa-wellness-karangasem | ijen-spa-nusa-dua | massage-sanur-sanur | sari-day-spa-sanur | body-soul-massage-seminyak | gratia-spa-monkey-forest-ubud | d-nailbar-uluwatu-bukit | professional-massage-uluwatu-uluwatu-bukit | shiki-spa-uluwatu-bukit | the-resting-koala-uluwatu-bukit | the-spa-uluwatu-bukit | win-bali-spa-uluwatu-bukit | zahra-spa-uluwatu-uluwatu-bukit,Best for,19 мест: A long reset — treatments run up to 120 minutes; tired feet after a day of walking.,одинаковый Best for у 3+ разных брендов (шаблон),посчитано,,,2026-09-28,
G5,P2,,blue-earth-village-amed | ayu-spa-salon-sanur | banyan-tree-spa-macau-ubud | rose-petal-beauty-center-uluwatu-bukit | salty-face-bali-uluwatu-bukit | the-ungasan-uluwatu-bukit,Best for,6 мест: Facial booked the same day.,одинаковый Best for у 3+ разных брендов (шаблон),посчитано,,,2026-09-28,
G5,P2,,palm-garden-spa-amed | aliya-salon-and-day-spa-canggu | alma-spa-canggu | ameline-beauty-spa-canggu | bali-serene-nature-canggu | blue-karma-village-canggu | espace-spa-bali-canggu | glo-bali-canggu | nomads-haus-canggu | revive-bali-canggu | rosies-nail-bar-canggu | aaron-spa-denpasar | serene-bali-spa-denpasar | de-wave-family-massage-beauty-salon-jimbaran | andre-bali-spa-karangasem | bali-healing-touch-karangasem | daura-candidasa-spa-karangasem | harmony-beauty-and-spa-bali-karangasem | nusa-indah-bungalows-villa-karangasem | cozy-spa-bali-kuta-legian | kokuo-family-massage-reflexology-kuta-legian | lux-day-spa-kuta-legian | putu-bali-spa-home-care-kuta-legian | mondo-surf-lifestyle-village-munduk | putu-bali-spa-home-care-munduk | bali-relaxing-resort-and-spa-nusa-dua-nusa-dua | bali-relaxing-resort-spa-nusa-dua | chi-massage-luxury-spa-nusa-dua-bali-nusa-dua | jiwa-spa-nusa-dua | karma-spa-therapy-nusa-dua | mim-spa-nusa-dua | mybalihealing-nusa-dua | rosehill-spa-nusa-dua | serene-bali-spa-nusa-dua | sunshine-spa-nusa-dua-nusa-dua | the-spa-at-hotel-nikko-bali-benoa-beach-nusa-dua | griya-santrian-beach-resort-spa-sanur | koa-spa-sanur | mercure-bali-sanur-resort-sanur | asha-wellness-spa-seminyak | bodyworks-bali-seminyak | coolcontours-spa-beauty-seminyak | jazb-beauty-space-seminyak | spa-at-peppers-seminyak-seminyak | ssamaya-day-spa-seminyak | kapha-spa-sidemen | lattranaya-sidemen | balian-springs-ubud | fresh-spa-ubud | jero-traditional-spa-therapy-ubud | melati-spa-ubud | nusa-therapy-ubud | putri-ubud-spa-ubud | reflexology-ubud-ubud | riverside-spa-at-ulaman-ubud | taksu-ubud | terakota-spa-ubud | tjampuhan-spa-ubud | pandawa-cliff-estate-uluwatu-bukit | piccolina-bali-uluwatu-bukit | sohamsa-ocean-estate-uluwatu-bukit | spa-shell-uluwatu-bukit | spring-spa-bingin-uluwatu-bukit | xin-spa-beauty-pecatu-uluwatu-bali-uluwatu-bukit,Best for,64 мест: Tired feet after a day of walking.,одинаковый Best for у 3+ разных брендов (шаблон),посчитано,,,2026-09-28,
G5,P2,,alam-wellness-bali-canggu | beautyfulspa-canggu | como-shambhala-uma-canggu-canggu | ecosfera-hotel-canggu | umalas-canggu | rps-spa-bali-denpasar | the-lotus-spa-jimbaran | pullman-bali-legian-beach-kuta-legian | bali-tropic-resort-nusa-dua | galangal-spa-nusa-dua | 2-aces-massage-and-spa-seminyak | jari-menari-spa-seminyak-bali-seminyak | no-1-wellness-seminyak | the-care-day-spa-seminyak | suenyo-eco-retreat-tabanan | bali-spirit-hotel-and-spa-ubud | hotel-spa-massage-ubud | inka-ubud-spa-ubud | atmos-bodylab-uluwatu-bukit | laia-spa-uluwatu-bukit,Best for,20 мест: Traditional massage booked the same day.,одинаковый Best for у 3+ разных брендов (шаблон),посчитано,,,2026-09-28,
G5,P2,,amo-spa-canggu | serenity-bali-yogi-spa-canggu | wave-house-bali-canggu | balangan-surf-resort-jimbaran | anjali-spa-kuta-legian | glow-spa-mandira-kuta-legian | ministry-of-villas-kuta-legian | usadha-spa-kuta-legian | munduk-moding-plantation-munduk | pala-spa-munduk | the-tanjung-benoa-beach-resort-nusa-dua | the-sanur-sanur | hotel-indigo-bali-seminyak-beach-seminyak | bali-reflexology-tabanan | lkp-tirtasari-spa-tabanan | mountain-wellness-resort-near-ubud-ubud | pengosekan-spa-hotels-ubud | the-garcia-ubud-ubud | villa-sonia-ubud-ubud | holiday-inn-resort-baruna-bali-tea-tree-spa-uluwatu-bukit | mantra-wellness-bali-uluwatu-bukit | svaha-spa-melasti-uluwatu-bukit,Best for,22 мест: Balinese massage booked the same day.,одинаковый Best for у 3+ разных брендов (шаблон),посчитано,,,2026-09-28,
G5,P2,,bali-dream-villa-resort-echo-beach-canggu-canggu | fajar-bali-luxury-spa-canggu | swara-spa-canggu | sean-spa-bali-jimbaran | swara-spa-jimbaran | tonic-kuta-legian | bali-dream-spa-lovina-lovina | sanctua-bedugul-munduk | svaha-spa-seminyak-seminyak | the-art-of-body-seminyak | chatraka-spa-ubud | kaveri-spa-at-the-udaya-ubud | la-joya-uluwatu-bukit | sean-spa-bali-uluwatu-bukit,Best for,14 мест: Couples — the list includes a couple treatment.,одинаковый Best for у 3+ разных брендов (шаблон),посчитано,,,2026-09-28,
G5,P2,,cocoon-medical-spa-canggu | the-path-yoga-center-canggu | urban-oasis-canggu | wellness-by-the-legian-seminyak | royal-spa-wellness-ubud,Best for,5 мест: Spa package booked the same day.,одинаковый Best for у 3+ разных брендов (шаблон),посчитано,,,2026-09-28,
G5,P2,,koya-spa-canggu | maja-canggu | the-ark-recovery-canggu | the-freebird-studio-canggu | celestine-spa-kuta-legian | revitalize-massage-kuta-legian | th-home-service-spa-and-massage-kuta-legian | parigata-resorts-and-spa-sanur-bali-sanur | chill-reflexology-seminyak | spa-sidemen-sidemen | amandari-ubud | lumiere-spa-bali-ubud | ubud-village-resort-spa-ubud,Best for,13 мест: A long reset — treatments run up to 120 minutes.,одинаковый Best for у 3+ разных брендов (шаблон),посчитано,,,2026-09-28,
G5,P2,,mychef-canggu | fire-restaurant-seminyak | the-laneway-restaurant-seminyak | gajah-putih-ubud,Best for,"4 мест: A special-occasion dinner, not a quick casual meal.",одинаковый Best for у 3+ разных брендов (шаблон),посчитано,,,2026-09-28,
G5,P2,,respawn-spa-bali-canggu | udara-bali-spa-canggu | the-green-spa-karangasem | mahony-spa-wellness-munduk | munduk-tentrem-resort-munduk | the-nest-boutique-spa-sanur | the-nest-beachside-spa-sanur,Best for,7 мест: A long reset — treatments run up to 150 minutes; tired feet after a day of walking.,одинаковый Best for у 3+ разных брендов (шаблон),посчитано,,,2026-09-28,
G5,P2,,shosan-holistic-spa-canggu | bahari-balinese-spa-spa-nusa-dua | lluvia-spa-seminyak,Best for,3 мест: Head massage booked the same day.,одинаковый Best for у 3+ разных брендов (шаблон),посчитано,,,2026-09-28,
G5,P2,,avisha-wellness-spa-bali-jimbaran | la-karma-spa-kuta-legian | anandinii-sidemen | anandinii-organic-garden-kitchen-sidemen | tegal-mesari-spa-ubud | the-sacred-river-spa-at-sayan-ubud,Best for,6 мест: A long reset — treatments run up to 150 minutes.,одинаковый Best for у 3+ разных брендов (шаблон),посчитано,,,2026-09-28,
G5,P2,,bamboo-spa-jimbaran | jimbaran-puri-spa-jimbaran | samuh-beach-nusa-dua | wellness-spa-at-the-sakala-resort-bali-nusa-dua | atman-spa-kerobokan-seminyak | kappa-senses-ubud-ubud | karma-spa-uluwatu-bukit | the-elysian-uluwatu-bukit,Best for,8 мест: Couples — the list includes a couple treatment; a long reset — treatments run up to 180 minutes.,одинаковый Best for у 3+ разных брендов (шаблон),посчитано,,,2026-09-28,
G5,P2,,calma-spa-jimbaran-jimbaran | earthbound-lovina | the-spa-kamandalu-ubud,Best for,3 мест: A long reset — treatments run up to 360 minutes; tired feet after a day of walking.,одинаковый Best for у 3+ разных брендов (шаблон),посчитано,,,2026-09-28,
G5,P2,,citrine-day-spa-jimbaran | taman-air-spa-kuta-legian | santhika-retreat-center-lovina | the-ritz-carlton-spa-amelia-island-nusa-dua | alaya-ubud-ubud | the-samaya-ubud-bali-ubud | anantara-spa-uluwatu-bukit,Best for,7 мест: Couples — the list includes a couple treatment; a long reset — treatments run up to 150 minutes.,одинаковый Best for у 3+ разных брендов (шаблон),посчитано,,,2026-09-28,
G5,P2,,candi-beach-resort-spa-karangasem | heavenly-spa-by-westin-nusa-dua | wapa-di-ume-sidemen-sidemen | empower-balance-tabanan | swatma-ubud | bali-surfing-camp-uluwatu-bukit | bali-yoga-uluwatu-bukit | m-boutique-resort-uluwatu-bukit,Best for,8 мест: Yoga booked the same day.,одинаковый Best for у 3+ разных брендов (шаблон),посчитано,,,2026-09-28,
G5,P2,,aribar-tapas-cantina | boardwalk-restaurant-bali | daily-social | envy-restaurant | kabar-grill | rosso-vivo-dine-and-lounge | temple-by-ginger-moon | the-naked-tiger | warung-damar,Best for,9 мест: Travellers looking for a verified place to eat in Kuta.,одинаковый Best for у 3+ разных брендов (шаблон),посчитано,,,2026-09-28,
G5,P2,,bali-green-spa-kuta-legian | samantha-spa-at-santika-beach-resort-nusa-dua | the-spa-at-the-samaya-seminyak-seminyak | body-studio-bali-uluwatu-bukit,Best for,4 мест: A long reset — treatments run up to 240 minutes.,одинаковый Best for у 3+ разных брендов (шаблон),посчитано,,,2026-09-28,
G5,P2,,bali-orchid-spa-kuta-legian | kayumanis-spa-nusa-dua-nusa-dua | sofitel-spa-with-clarins-nusa-dua | pelangi-villa-sidemen-sidemen | aura-therapy-spa-ubud | hesa-wellness-spa-ubud | lemuria-spa-by-arya-arkananta-resort-spa-ubud | mango-tree-spa-ubud | the-istana-spa-uluwatu-bukit,Best for,9 мест: A long reset — treatments run up to 180 minutes.,одинаковый Best for у 3+ разных брендов (шаблон),посчитано,,,2026-09-28,
G5,P2,,body-worship-bali-kuta-legian | one-eleven-luxe-spa-seminyak | bali-wellness-spa-ubud | starchild-spa-ubud | ubud-sari-spa-ubud,Best for,5 мест: A long reset — treatments run up to 300 minutes; tired feet after a day of walking.,одинаковый Best for у 3+ разных брендов (шаблон),посчитано,,,2026-09-28,
G5,P2,,galuh-bali-spa-kuta-kuta-legian | glow-spa-bali-kuta-legian | okana-spa-munduk | luhur-spa-uluwatu-bukit,Best for,4 мест: A long reset — treatments run up to 240 minutes; tired feet after a day of walking.,одинаковый Best for у 3+ разных брендов (шаблон),посчитано,,,2026-09-28,
G5,P2,,glory-massage-bali-kuta-legian | adi-spa-healing-healthy-and-wellness-nusa-dua-nusa-dua | executive-bali-massage-seminyak | bali-tao-center-ubud | bali-bliss-massage-uluwatu-bukit | our-spa-boutique-bali-uluwatu-bukit | rika-beauty-spa-uluwatu-bukit,Best for,7 мест: Couples — the list includes a couple treatment; tired feet after a day of walking.,одинаковый Best for у 3+ разных брендов (шаблон),посчитано,,,2026-09-28,
G5,P2,,pavilion-surf-club-kuta-legian | the-goat-seminyak | pinstripe-bar-ubud | ours-bali-uluwatu-bukit | white-rabbit-lounge-uluwatu-bukit,Best for,"5 мест: An evening out for drinks, not a full sit-down meal.",одинаковый Best for у 3+ разных брендов (шаблон),посчитано,,,2026-09-28,
G5,P2,,rnd-lovina-spa-lovina | blissful-senja-sanur | ortus-wellness-seminyak | spa-bali-moon-seminyak | terra-spa-wellness-seminyak | gadsden-massage-studio-ubud | jhagat-spa-centre-ubud | ubud-home-massage-service-ubud | senses-spa-at-biu-biu-resort-uluwatu-bukit,Best for,9 мест: Couples — the list includes a couple treatment; a long reset — treatments run up to 120 minutes.,одинаковый Best for у 3+ разных брендов (шаблон),посчитано,,,2026-09-28,
G5,P2,,burma-noodles-and-curry | cliff-at-canna | momo-bar-at-the-courtyard-by-marriott-bali-nusa-dua | sapa-seafood-and-grill-nusa-dua | tenji-sushi,Best for,5 мест: Travellers looking for a verified place to eat in Nusa Dua.,одинаковый Best for у 3+ разных брендов (шаблон),посчитано,,,2026-09-28,
G5,P2,,royal-orchid-spa-nusa-dua | zahra-luxury-spa-nusa-dua | four-seasons-spa-ubud | sang-spa-ubud | the-wellness-spa-uluwatu-bukit,Best for,5 мест: Couples — the list includes a couple treatment; a long reset — treatments run up to 240 minutes.,одинаковый Best for у 3+ разных брендов (шаблон),посчитано,,,2026-09-28,
G5,P2,,arunika-restaurant-by-the-meru-sanur | costa-beach-restaurant | kayumanis-seaside-restaurant-sanur | kimukatsu-icon-bali | lava-gastrobar-grill | luca-bali-sanur | mozza-sanur | sumitra-luxury-villas-and-resort-by-pramana | the-1o1-bali-oasis-sanur | the-village-cucina-italiana | tree-bar-at-maya-sanur-resort-and-spa | tsune-japanese-restaurant-bali-by-wonderspace,Best for,12 мест: Travellers looking for a verified place to eat in Sanur.,одинаковый Best for у 3+ разных брендов (шаблон),посчитано,,,2026-09-28,
G5,P2,,amber-resto-seminyak | casa-blanca-bali | casadia-restaurant-and-bar | cocoon-seminyak | fu-house-seminyak | huge-restaurant | infinity-beach-club | isaya-teppanyaki-boutique-seminyak | jackson-lily-s-by-ginger-moon | la-favela-bali | malverde-tequileria-and-nightclub | mase-kitchen-and-bar | noaa-asian-bistro | saltlick | shooters-bali | the-butchers-club-steakhouse | the-island-grill-and-lounge | the-grumpy-butcher,Best for,18 мест: Travellers looking for a verified place to eat in Seminyak.,одинаковый Best for у 3+ разных брендов (шаблон),посчитано,,,2026-09-28,
G5,P2,,the-shampoo-lounge-seminyak | bali-yoga-school-ubud | kush-day-spa-ubud,Best for,3 мест: Ayurvedic treatment booked the same day.,одинаковый Best for у 3+ разных брендов (шаблон),посчитано,,,2026-09-28,
G5,P2,,arya-arkananta-resort-and-spa | avocuts-coffee-and-eatery | bulan-madu-restaurant-at-amora-ubud-boutique-villas | cafe-lotus | cherry-pepper-ubud | deeva-restaurant-at-the-udaya | dining-corner-restaurant | dice-at-the-craft-hotel | ely-s-kitchen-ubud | ferro-grill-restaurant-and-bar | flame-bar-and-grill-ubud | honey-and-smoke | jingga-restaurant-at-bumi-kinar | kepitu-restaurant-by-the-kayon-valley-resort | kukusan-bali-restaurant-at-the-artini-dijiwa-ubud | natti-s-indian-specialty-restaurant-ubud | pasir-restaurant-ubud | sacred-rice-restaurant | sayan-valley | semara-grill-at-inara-alas-harum | seres-springs-resort-and-spa-singakerta-ubud | shinraku-teppanyaki | spice-by-blake | the-sayan-house-restaurant-ubud | the-sankara-suites-and-villas | the-tempayan-at-tanah-gajah-a-resort-by-hadiprana | three-elements-restaurant | tree-bar-at-maya-ubud | uma-cucina | wanna-jungle-pool-and-bar-at-the-kayon-jungle-resort | whisper-cove-bar-ubud | wild-ginger-restaurant-at-nandini-jungle-by-hanging-gardens,Best for,32 мест: Travellers looking for a verified place to eat in Ubud.,одинаковый Best for у 3+ разных брендов (шаблон),посчитано,,,2026-09-28,
G5,P2,,desa-swan-villas-and-spa-keramas | flamingo-beach-club-bali | moonstone-beach-lounge | sunset-bloom-restaurant-at-swan-paradise-a-pramana-experience | the-cepaka-bistro-bali,Best for,5 мест: Travellers looking for a verified place to eat in Gianyar.,одинаковый Best for у 3+ разных брендов (шаблон),посчитано,,,2026-09-28,
G5,P2,,di-mare-restaurant-karma-kandara | enchante | kokoon-uluwatu-at-vanara-resort-and-spa | mensa-asian-bistro-and-bar | sana-uluwatu | tarabelle | tacos-aqui-uluwatu | wet-plate-kitchen,Best for,8 мест: Travellers looking for a verified place to eat in Uluwatu.,одинаковый Best for у 3+ разных брендов (шаблон),посчитано,,,2026-09-28,
G5,P2,,loloan-coastal-peruvian-raffles-bali | merah-putih | dining-corner-kayumanis-ubud,verdict,3 мест: A verified Bali restaurant listing with table reservations handled externally by Chope.,одинаковый вердикт у 3+ разных брендов (шаблон),посчитано,,,2026-09-28,
G5,P2,,arwana-restaurant-at-the-laguna-a-luxury-collection-resort-and-spa | banyubiru-restaurant-at-the-laguna-a-luxury-collection-resort-and-spa | kulkul-beach-house-at-the-laguna-a-luxury-collection-resort-and-spa,verdict,3 мест: Restaurant on Jl. Nusa Dua No.2 Lot N.,одинаковый вердикт у 3+ разных брендов (шаблон),посчитано,,,2026-09-28,
G8,P3,https://www.otherbali.com/places/desa-wisata-undisan,desa-wisata-undisan,last checked,нет даты,у карточки нет даты последней проверки,посчитано,,,2026-09-28,
G8,P3,https://www.otherbali.com/places/sa-mesa-canggu-experience-dining,sa-mesa-canggu-experience-dining,last checked,нет даты,у карточки нет даты последней проверки,посчитано,,,2026-09-28,
G8,P3,https://www.otherbali.com/places/desa-wisata-medewi,desa-wisata-medewi,last checked,нет даты,у карточки нет даты последней проверки,посчитано,,,2026-09-28,
G8,P3,https://www.otherbali.com/places/ayana-fitness-centre,ayana-fitness-centre,last checked,нет даты,у карточки нет даты последней проверки,посчитано,,,2026-09-28,
G8,P3,https://www.otherbali.com/places/ayana-bali-yoga,ayana-bali-yoga,last checked,нет даты,у карточки нет даты последней проверки,посчитано,,,2026-09-28,
G8,P3,https://www.otherbali.com/places/four-seasons-jimbaran-fitness-centre,four-seasons-jimbaran-fitness-centre,last checked,нет даты,у карточки нет даты последней проверки,посчитано,,,2026-09-28,
G8,P3,https://www.otherbali.com/places/four-seasons-jimbaran-yoga,four-seasons-jimbaran-yoga,last checked,нет даты,у карточки нет даты последней проверки,посчитано,,,2026-09-28,
G8,P3,https://www.otherbali.com/places/intercontinental-bali-resort-fitness-centre,intercontinental-bali-resort-fitness-centre,last checked,нет даты,у карточки нет даты последней проверки,посчитано,,,2026-09-28,
G8,P3,https://www.otherbali.com/places/intercontinental-bali-resort-yoga,intercontinental-bali-resort-yoga,last checked,нет даты,у карточки нет даты последней проверки,посчитано,,,2026-09-28,
G8,P3,https://www.otherbali.com/places/le-meridien-bali-jimbaran-fitness,le-meridien-bali-jimbaran-fitness,last checked,нет даты,у карточки нет даты последней проверки,посчитано,,,2026-09-28,
G8,P3,https://www.otherbali.com/places/movenpick-jimbaran-yoga,movenpick-jimbaran-yoga,last checked,нет даты,у карточки нет даты последней проверки,посчитано,,,2026-09-28,
G8,P3,https://www.otherbali.com/places/movenpick-resort-and-spa-jimbaran-fitness,movenpick-resort-and-spa-jimbaran-fitness,last checked,нет даты,у карточки нет даты последней проверки,посчитано,,,2026-09-28,
G8,P3,https://www.otherbali.com/places/pantai-jimbaran,pantai-jimbaran,last checked,нет даты,у карточки нет даты последней проверки,посчитано,,,2026-09-28,
G8,P3,https://www.otherbali.com/places/desa-wisata-besakih,desa-wisata-besakih,last checked,нет даты,у карточки нет даты последней проверки,посчитано,,,2026-09-28,
G8,P3,https://www.otherbali.com/places/sunset-pilates-legian,sunset-pilates-legian,last checked,нет даты,у карточки нет даты последней проверки,посчитано,,,2026-09-28,
G8,P3,https://www.otherbali.com/places/desa-wisata-gitgit,desa-wisata-gitgit,last checked,нет даты,у карточки нет даты последней проверки,посчитано,,,2026-09-28,
G8,P3,https://www.otherbali.com/places/club-med-bali-fitness,club-med-bali-fitness,last checked,нет даты,у карточки нет даты последней проверки,посчитано,,,2026-09-28,
G8,P3,https://www.otherbali.com/places/conrad-bali-fitness-centre,conrad-bali-fitness-centre,last checked,нет даты,у карточки нет даты последней проверки,посчитано,,,2026-09-28,
G8,P3,https://www.otherbali.com/places/conrad-bali-yoga,conrad-bali-yoga,last checked,нет даты,у карточки нет даты последней проверки,посчитано,,,2026-09-28,
G8,P3,https://www.otherbali.com/places/courtyard-by-marriott-nusa-dua-gym,courtyard-by-marriott-nusa-dua-gym,last checked,нет даты,у карточки нет даты последней проверки,посчитано,,,2026-09-28,
G8,P3,https://www.otherbali.com/places/gourmet-and-cafe-nusa-dua,gourmet-and-cafe-nusa-dua,last checked,нет даты,у карточки нет даты последней проверки,посчитано,,,2026-09-28,
G8,P3,https://www.otherbali.com/places/grand-hyatt-bali-yoga,grand-hyatt-bali-yoga,last checked,нет даты,у карточки нет даты последней проверки,посчитано,,,2026-09-28,
G8,P3,https://www.otherbali.com/places/grand-hyatt-bali-fitness-centre,grand-hyatt-bali-fitness-centre,last checked,нет даты,у карточки нет даты последней проверки,посчитано,,,2026-09-28,
G8,P3,https://www.otherbali.com/places/nusa-dua-beach-hotel-yoga,nusa-dua-beach-hotel-yoga,last checked,нет даты,у карточки нет даты последней проверки,посчитано,,,2026-09-28,
G8,P3,https://www.otherbali.com/places/sofitel-bali-yoga,sofitel-bali-yoga,last checked,нет даты,у карточки нет даты последней проверки,посчитано,,,2026-09-28,
G8,P3,https://www.otherbali.com/places/st-regis-bali-yoga,st-regis-bali-yoga,last checked,нет даты,у карточки нет даты последней проверки,посчитано,,,2026-09-28,
G8,P3,https://www.otherbali.com/places/st-regis-bali-athletic-club,st-regis-bali-athletic-club,last checked,нет даты,у карточки нет даты последней проверки,посчитано,,,2026-09-28,
G8,P3,https://www.otherbali.com/places/the-bale-nusa-dua-yoga,the-bale-nusa-dua-yoga,last checked,нет даты,у карточки нет даты последней проверки,посчитано,,,2026-09-28,
G8,P3,https://www.otherbali.com/places/westin-nusa-dua-fitness-studio,westin-nusa-dua-fitness-studio,last checked,нет даты,у карточки нет даты последней проверки,посчитано,,,2026-09-28,
G8,P3,https://www.otherbali.com/places/westin-nusa-dua-yoga,westin-nusa-dua-yoga,last checked,нет даты,у карточки нет даты последней проверки,посчитано,,,2026-09-28,
G8,P3,https://www.otherbali.com/places/andaz-bali-fitness-centre,andaz-bali-fitness-centre,last checked,нет даты,у карточки нет даты последней проверки,посчитано,,,2026-09-28,
G8,P3,https://www.otherbali.com/places/bali-beach-hotel-fitness-centre,bali-beach-hotel-fitness-centre,last checked,нет даты,у карточки нет даты последней проверки,посчитано,,,2026-09-28,
G8,P3,https://www.otherbali.com/places/bali-beach-hotel-yoga-wellness,bali-beach-hotel-yoga-wellness,last checked,нет даты,у карточки нет даты последней проверки,посчитано,,,2026-09-28,
G8,P3,https://www.otherbali.com/places/holiday-inn-bali-sanur-gym,holiday-inn-bali-sanur-gym,last checked,нет даты,у карточки нет даты последней проверки,посчитано,,,2026-09-28,
G8,P3,https://www.otherbali.com/places/intercontinental-bali-sanur-resort-fitness-centre,intercontinental-bali-sanur-resort-fitness-centre,last checked,нет даты,у карточки нет даты последней проверки,посчитано,,,2026-09-28,
G8,P3,https://www.otherbali.com/places/maya-sanur-fitness-centre,maya-sanur-fitness-centre,last checked,нет даты,у карточки нет даты последней проверки,посчитано,,,2026-09-28,
G8,P3,https://www.otherbali.com/places/maya-sanur-yoga-studio,maya-sanur-yoga-studio,last checked,нет даты,у карточки нет даты последней проверки,посчитано,,,2026-09-28,
G8,P3,https://www.otherbali.com/places/oranje-bar,oranje-bar,last checked,нет даты,у карточки нет даты последней проверки,посчитано,,,2026-09-28,
G8,P3,https://www.otherbali.com/places/warung-pregina,warung-pregina,last checked,нет даты,у карточки нет даты последней проверки,посчитано,,,2026-09-28,
G8,P3,https://www.otherbali.com/places/prime-plaza-hotel-sanur-fitness-centre,prime-plaza-hotel-sanur-fitness-centre,last checked,нет даты,у карточки нет даты последней проверки,посчитано,,,2026-09-28,
G8,P3,https://www.otherbali.com/places/puri-santrian-yoga-wellness,puri-santrian-yoga-wellness,last checked,нет даты,у карточки нет даты последней проверки,посчитано,,,2026-09-28,
G8,P3,https://www.otherbali.com/places/shankha-spa-hyatt-regency-bali-yoga,shankha-spa-hyatt-regency-bali-yoga,last checked,нет даты,у карточки нет даты последней проверки,посчитано,,,2026-09-28,
G8,P3,https://www.otherbali.com/places/shankha-spa-and-fitness-at-hyatt-regency-bali,shankha-spa-and-fitness-at-hyatt-regency-bali,last checked,нет даты,у карточки нет даты последней проверки,посчитано,,,2026-09-28,
G8,P3,https://www.otherbali.com/places/warung-babi-guling-sanur-bypass,warung-babi-guling-sanur-bypass,last checked,нет даты,у карточки нет даты последней проверки,посчитано,,,2026-09-28,
G8,P3,https://www.otherbali.com/places/warung-coconut-tree,warung-coconut-tree,last checked,нет даты,у карточки нет даты последней проверки,посчитано,,,2026-09-28,
G8,P3,https://www.otherbali.com/places/white-orchid-sanur,white-orchid-sanur,last checked,нет даты,у карточки нет даты последней проверки,посчитано,,,2026-09-28,
G8,P3,https://www.otherbali.com/places/alila-seminyak-yoga,alila-seminyak-yoga,last checked,нет даты,у карточки нет даты последней проверки,посчитано,,,2026-09-28,
G8,P3,https://www.otherbali.com/places/desa-potato-head-wellness,desa-potato-head-wellness,last checked,нет даты,у карточки нет даты последней проверки,посчитано,,,2026-09-28,
G8,P3,https://www.otherbali.com/places/the-legian-seminyak-wellness-yoga,the-legian-seminyak-wellness-yoga,last checked,нет даты,у карточки нет даты последней проверки,посчитано,,,2026-09-28,
G8,P3,https://www.otherbali.com/places/w-bali-wellness-yoga,w-bali-wellness-yoga,last checked,нет даты,у карточки нет даты последней проверки,посчитано,,,2026-09-28,
G8,P3,https://www.otherbali.com/places/warung-taman-bambu,warung-taman-bambu,last checked,нет даты,у карточки нет даты последней проверки,посчитано,,,2026-09-28,
G8,P3,https://www.otherbali.com/places/como-uma-ubud-fitness,como-uma-ubud-fitness,last checked,нет даты,у карточки нет даты последней проверки,посчитано,,,2026-09-28,
G8,P3,https://www.otherbali.com/places/four-seasons-resort-bali-at-sayan-fitness,four-seasons-resort-bali-at-sayan-fitness,last checked,нет даты,у карточки нет даты последней проверки,посчитано,,,2026-09-28,
G8,P3,https://www.otherbali.com/places/gelato-secrets-ubud,gelato-secrets-ubud,last checked,нет даты,у карточки нет даты последней проверки,посчитано,,,2026-09-28,
G8,P3,https://www.otherbali.com/places/jaens-spa,jaens-spa,last checked,нет даты,у карточки нет даты последней проверки,посчитано,,,2026-09-28,
G8,P3,https://www.otherbali.com/places/mandapa-fitness-centre,mandapa-fitness-centre,last checked,нет даты,у карточки нет даты последней проверки,посчитано,,,2026-09-28,
G8,P3,https://www.otherbali.com/places/oneworld-ayurveda,oneworld-ayurveda,last checked,нет даты,у карточки нет даты последней проверки,посчитано,,,2026-09-28,
G8,P3,https://www.otherbali.com/places/seeds-of-life,seeds-of-life,last checked,нет даты,у карточки нет даты последней проверки,посчитано,,,2026-09-28,
G8,P3,https://www.otherbali.com/places/svaha-spa,svaha-spa,last checked,нет даты,у карточки нет даты последней проверки,посчитано,,,2026-09-28,
G8,P3,https://www.otherbali.com/places/taksu-yoga-ubud,taksu-yoga-ubud,last checked,нет даты,у карточки нет даты последней проверки,посчитано,,,2026-09-28,
G8,P3,https://www.otherbali.com/places/the-westin-resort-and-spa-ubud-fitness-studio,the-westin-resort-and-spa-ubud-fitness-studio,last checked,нет даты,у карточки нет даты последней проверки,посчитано,,,2026-09-28,
G8,P3,https://www.otherbali.com/places/alchemy-uluwatu,alchemy-uluwatu,lastmod vs last checked,sitemap 2026-08-07 ≠ страница 2026-07-12,дата в sitemap не совпадает с видимой датой проверки,посчитано,,,2026-09-28,
G8,P3,https://www.otherbali.com/places/artisan-uluwatu,artisan-uluwatu,lastmod vs last checked,sitemap 2026-08-07 ≠ страница 2026-07-12,дата в sitemap не совпадает с видимой датой проверки,посчитано,,,2026-09-28,
G9,P2,https://www.otherbali.com/places/avli-bali,avli-bali,menu,"current until Sep 30, 2026 (через 2 дн.)",срок актуальности меню истекает в ближайшие 7 дней,посчитано,,,2026-09-28,
G8,P3,https://www.otherbali.com/places/babi-guling-bali-ayu-pecatu,babi-guling-bali-ayu-pecatu,lastmod vs last checked,sitemap 2026-08-07 ≠ страница 2026-07-14,дата в sitemap не совпадает с видимой датой проверки,посчитано,,,2026-09-28,
G8,P3,https://www.otherbali.com/places/bgs-uluwatu,bgs-uluwatu,lastmod vs last checked,sitemap 2026-07-29 ≠ страница 2026-07-12,дата в sitemap не совпадает с видимой датой проверки,посчитано,,,2026-09-28,
G8,P3,https://www.otherbali.com/places/dbuchu-bingin,dbuchu-bingin,lastmod vs last checked,sitemap 2026-07-29 ≠ страница 2026-07-14,дата в sitemap не совпадает с видимой датой проверки,посчитано,,,2026-09-28,
G8,P3,https://www.otherbali.com/places/drifter-surf-cafe,drifter-surf-cafe,lastmod vs last checked,sitemap 2026-07-28 ≠ страница 2026-07-19,дата в sitemap не совпадает с видимой датой проверки,посчитано,,,2026-09-28,
G8,P3,https://www.otherbali.com/places/el-kabron-bali,el-kabron-bali,lastmod vs last checked,sitemap 2026-07-28 ≠ страница 2026-07-12,дата в sitemap не совпадает с видимой датой проверки,посчитано,,,2026-09-28,
G8,P3,https://www.otherbali.com/places/gooseberry-french-restaurant-uluwatu,gooseberry-french-restaurant-uluwatu,lastmod vs last checked,sitemap 2026-08-07 ≠ страница 2026-07-12,дата в sitemap не совпадает с видимой датой проверки,посчитано,,,2026-09-28,
G8,P3,https://www.otherbali.com/places/kala-uluwatu,kala-uluwatu,lastmod vs last checked,sitemap 2026-07-29 ≠ страница 2026-07-12,дата в sitemap не совпадает с видимой датой проверки,посчитано,,,2026-09-28,
G8,P3,https://www.otherbali.com/places/laggas-uluwatu,laggas-uluwatu,lastmod vs last checked,sitemap 2026-08-07 ≠ страница 2026-07-12,дата в sitemap не совпадает с видимой датой проверки,посчитано,,,2026-09-28,
G8,P3,https://www.otherbali.com/places/mana-uluwatu,mana-uluwatu,lastmod vs last checked,sitemap 2026-08-07 ≠ страница 2026-07-12,дата в sitemap не совпадает с видимой датой проверки,посчитано,,,2026-09-28,
G8,P3,https://www.otherbali.com/places/oneeighty,oneeighty,lastmod vs last checked,sitemap 2026-07-28 ≠ страница 2026-07-12,дата в sitemap не совпадает с видимой датой проверки,посчитано,,,2026-09-28,
G8,P3,https://www.otherbali.com/places/papi-sapi,papi-sapi,lastmod vs last checked,sitemap 2026-07-29 ≠ страница 2026-07-12,дата в sitemap не совпадает с видимой датой проверки,посчитано,,,2026-09-28,
G8,P3,https://www.otherbali.com/places/seed-bingin,seed-bingin,lastmod vs last checked,sitemap 2026-07-28 ≠ страница 2026-07-12,дата в sitemap не совпадает с видимой датой проверки,посчитано,,,2026-09-28,
G8,P3,https://www.otherbali.com/places/single-fin,single-fin,lastmod vs last checked,sitemap 2026-08-07 ≠ страница 2026-07-12,дата в sitemap не совпадает с видимой датой проверки,посчитано,,,2026-09-28,
G8,P3,https://www.otherbali.com/places/six-senses-uluwatu-fitness-centre,six-senses-uluwatu-fitness-centre,last checked,нет даты,у карточки нет даты последней проверки,посчитано,,,2026-09-28,
G8,P3,https://www.otherbali.com/places/six-senses-uluwatu-pilates,six-senses-uluwatu-pilates,last checked,нет даты,у карточки нет даты последней проверки,посчитано,,,2026-09-28,
G8,P3,https://www.otherbali.com/places/six-senses-uluwatu-yoga-pavilion,six-senses-uluwatu-yoga-pavilion,last checked,нет даты,у карточки нет даты последней проверки,посчитано,,,2026-09-28,
G8,P3,https://www.otherbali.com/places/son-of-a-baker,son-of-a-baker,lastmod vs last checked,sitemap 2026-08-07 ≠ страница 2026-07-12,дата в sitemap не совпадает с видимой датой проверки,посчитано,,,2026-09-28,
G8,P3,https://www.otherbali.com/places/sundays-beach-club,sundays-beach-club,lastmod vs last checked,sitemap 2026-08-07 ≠ страница 2026-07-12,дата в sitemap не совпадает с видимой датой проверки,посчитано,,,2026-09-28,
G8,P3,https://www.otherbali.com/places/the-asa-maia-yoga,the-asa-maia-yoga,last checked,нет даты,у карточки нет даты последней проверки,посчитано,,,2026-09-28,
G8,P3,https://www.otherbali.com/places/the-asa-maia-pilates,the-asa-maia-pilates,last checked,нет даты,у карточки нет даты последней проверки,посчитано,,,2026-09-28,
G8,P3,https://www.otherbali.com/places/the-asa-maia-fitness,the-asa-maia-fitness,last checked,нет даты,у карточки нет даты последней проверки,посчитано,,,2026-09-28,
G8,P3,https://www.otherbali.com/places/the-cashew-tree,the-cashew-tree,lastmod vs last checked,sitemap 2026-08-04 ≠ страница 2026-07-19,дата в sitemap не совпадает с видимой датой проверки,посчитано,,,2026-09-28,
G8,P3,https://www.otherbali.com/places/the-istana-wellness-club,the-istana-wellness-club,last checked,нет даты,у карточки нет даты последней проверки,посчитано,,,2026-09-28,
G8,P3,https://www.otherbali.com/places/the-istana-yoga,the-istana-yoga,last checked,нет даты,у карточки нет даты последней проверки,посчитано,,,2026-09-28,
G8,P3,https://www.otherbali.com/places/the-warung-at-alila-villas-uluwatu,the-warung-at-alila-villas-uluwatu,lastmod vs last checked,sitemap 2026-07-28 ≠ страница 2026-07-12,дата в sitemap не совпадает с видимой датой проверки,посчитано,,,2026-09-28,
G8,P3,https://www.otherbali.com/places/tropical-temptation-adult-only-beach-club,tropical-temptation-adult-only-beach-club,lastmod vs last checked,sitemap 2026-07-15 ≠ страница 2026-07-12,дата в sitemap не совпадает с видимой датой проверки,посчитано,,,2026-09-28,
G8,P3,https://www.otherbali.com/places/ulu-fishmarket,ulu-fishmarket,lastmod vs last checked,sitemap 2026-07-28 ≠ страница 2026-07-12,дата в sitemap не совпадает с видимой датой проверки,посчитано,,,2026-09-28,
G8,P3,https://www.otherbali.com/places/ulu-garden,ulu-garden,lastmod vs last checked,sitemap 2026-08-07 ≠ страница 2026-07-12,дата в sitemap не совпадает с видимой датой проверки,посчитано,,,2026-09-28,
G8,P3,https://www.otherbali.com/places/warung-bu-jonny-uluwatu,warung-bu-jonny-uluwatu,lastmod vs last checked,sitemap 2026-07-15 ≠ страница 2026-07-14,дата в sitemap не совпадает с видимой датой проверки,посчитано,,,2026-09-28,
G8,P3,https://www.otherbali.com/places/waatu,waatu,lastmod vs last checked,sitemap 2026-08-07 ≠ страница 2026-07-12,дата в sitemap не совпадает с видимой датой проверки,посчитано,,,2026-09-28,
G8,P3,https://www.otherbali.com/places/warung-local-pecatu,warung-local-pecatu,lastmod vs last checked,sitemap 2026-08-07 ≠ страница 2026-07-14,дата в sitemap не совпадает с видимой датой проверки,посчитано,,,2026-09-28,
G8,P3,https://www.otherbali.com/places/warung-ubay-ungasan,warung-ubay-ungasan,lastmod vs last checked,sitemap 2026-07-15 ≠ страница 2026-07-14,дата в sitemap не совпадает с видимой датой проверки,посчитано,,,2026-09-28,
G8,P3,https://www.otherbali.com/places/white-rock-beach-club,white-rock-beach-club,lastmod vs last checked,sitemap 2026-08-07 ≠ страница 2026-07-12,дата в sitemap не совпадает с видимой датой проверки,посчитано,,,2026-09-28,
G8,P3,https://www.otherbali.com/places/yeyes-warung-uluwatu,yeyes-warung-uluwatu,lastmod vs last checked,sitemap 2026-07-28 ≠ страница 2026-07-14,дата в sitemap не совпадает с видимой датой проверки,посчитано,,,2026-09-28,
G8,P3,https://www.otherbali.com/places/yuki-uluwatu,yuki-uluwatu,lastmod vs last checked,sitemap 2026-08-07 ≠ страница 2026-07-12,дата в sitemap не совпадает с видимой датой проверки,посчитано,,,2026-09-28,
G8,P3,https://www.otherbali.com/places/zali-uluwatu,zali-uluwatu,lastmod vs last checked,sitemap 2026-07-28 ≠ страница 2026-07-12,дата в sitemap не совпадает с видимой датой проверки,посчитано,,,2026-09-28,
G8,P3,,,last checked,2026-07-28: 633 карточек,"одна дата проверки у ≥50 карточек — похоже на массовый штамп, а не на проверку по месту",посчитано,,,2026-09-28,
G8,P3,,,last checked,2026-08-25: 337 карточек,"одна дата проверки у ≥50 карточек — похоже на массовый штамп, а не на проверку по месту",посчитано,,,2026-09-28,
G8,P3,,,last checked,2026-08-07: 123 карточек,"одна дата проверки у ≥50 карточек — похоже на массовый штамп, а не на проверку по месту",посчитано,,,2026-09-28,
G8,P3,,,last checked,2026-07-29: 104 карточек,"одна дата проверки у ≥50 карточек — похоже на массовый штамп, а не на проверку по месту",посчитано,,,2026-09-28,
G8,P3,,,last checked,2026-08-08: 94 карточек,"одна дата проверки у ≥50 карточек — похоже на массовый штамп, а не на проверку по месту",посчитано,,,2026-09-28,
G8,P3,,,last checked,2026-08-04: 75 карточек,"одна дата проверки у ≥50 карточек — похоже на массовый штамп, а не на проверку по месту",посчитано,,,2026-09-28,
G8,P3,,,last checked,2026-07-30: 57 карточек,"одна дата проверки у ≥50 карточек — похоже на массовый штамп, а не на проверку по месту",посчитано,,,2026-09-28,
G7,P3,https://www.otherbali.com/places/kedisan-kintamani,kedisan-kintamani,Best for,нет на карточке,карточка в sitemap без Best for,посчитано,,,2026-09-28,
G7,P3,https://www.otherbali.com/places/sisi-gege-restaurant-at-pramana-zahill,sisi-gege-restaurant-at-pramana-zahill,Best for,нет на карточке,карточка в sitemap без Best for,посчитано,,,2026-09-28,
G7,P3,https://www.otherbali.com/places/bokashi-bali-pererenan,bokashi-bali-pererenan,Best for,нет на карточке,карточка в sitemap без Best for,посчитано,,,2026-09-28,
G7,P3,https://www.otherbali.com/places/hip-hop-soul-restaurant,hip-hop-soul-restaurant,Best for,нет на карточке,карточка в sitemap без Best for,посчитано,,,2026-09-28,
G7,P3,https://www.otherbali.com/places/honeycomb-bali,honeycomb-bali,Best for,нет на карточке,карточка в sitemap без Best for,посчитано,,,2026-09-28,
G7,P3,https://www.otherbali.com/places/jen-deli-restaurant-and-la-fortuna-bar-at-sense-canggu-beach-hotel,jen-deli-restaurant-and-la-fortuna-bar-at-sense-canggu-beach-hotel,Best for,нет на карточке,карточка в sitemap без Best for,посчитано,,,2026-09-28,
G7,P3,https://www.otherbali.com/places/kedai-tepi-kali-and-bar-at-tapa-tepi-kali-canggu,kedai-tepi-kali-and-bar-at-tapa-tepi-kali-canggu,Best for,нет на карточке,карточка в sitemap без Best for,посчитано,,,2026-09-28,
G7,P3,https://www.otherbali.com/places/khao-canggu,khao-canggu,Best for,нет на карточке,карточка в sitemap без Best for,посчитано,,,2026-09-28,
G7,P3,https://www.otherbali.com/places/kong-contemporary-bistro,kong-contemporary-bistro,Best for,нет на карточке,карточка в sitemap без Best for,посчитано,,,2026-09-28,
G7,P3,https://www.otherbali.com/places/milano,milano,Best for,нет на карточке,карточка в sitemap без Best for,посчитано,,,2026-09-28,
G7,P3,https://www.otherbali.com/places/one-eyed-jack,one-eyed-jack,Best for,нет на карточке,карточка в sitemap без Best for,посчитано,,,2026-09-28,
G7,P3,https://www.otherbali.com/places/rasa-kitchen,rasa-kitchen,Best for,нет на карточке,карточка в sitemap без Best for,посчитано,,,2026-09-28,
G7,P3,https://www.otherbali.com/places/rize-pererenan,rize-pererenan,Best for,нет на карточке,карточка в sitemap без Best for,посчитано,,,2026-09-28,
G7,P3,https://www.otherbali.com/places/roomah-canggu-at-holiday-inn-resort-bali-canggu,roomah-canggu-at-holiday-inn-resort-bali-canggu,Best for,нет на карточке,карточка в sitemap без Best for,посчитано,,,2026-09-28,
G7,P3,https://www.otherbali.com/places/sababa,sababa,Best for,нет на карточке,карточка в sitemap без Best for,посчитано,,,2026-09-28,
G7,P3,https://www.otherbali.com/places/samm-s-farm,samm-s-farm,Best for,нет на карточке,карточка в sitemap без Best for,посчитано,,,2026-09-28,
G7,P3,https://www.otherbali.com/places/selia-restaurant-coffee-bar,selia-restaurant-coffee-bar,Best for,нет на карточке,карточка в sitemap без Best for,посчитано,,,2026-09-28,
G7,P3,https://www.otherbali.com/places/shary-shary,shary-shary,Best for,нет на карточке,карточка в sitemap без Best for,посчитано,,,2026-09-28,
G7,P3,https://www.otherbali.com/places/terrace-brasserie-and-cafe,terrace-brasserie-and-cafe,Best for,нет на карточке,карточка в sitemap без Best for,посчитано,,,2026-09-28,
G7,P3,https://www.otherbali.com/places/thara-kitchen-and-bar,thara-kitchen-and-bar,Best for,нет на карточке,карточка в sitemap без Best for,посчитано,,,2026-09-28,
G7,P3,https://www.otherbali.com/places/the-room-bar-bali,the-room-bar-bali,Best for,нет на карточке,карточка в sitemap без Best for,посчитано,,,2026-09-28,
G7,P3,https://www.otherbali.com/places/turntable-canggu-steakhouse,turntable-canggu-steakhouse,Best for,нет на карточке,карточка в sitemap без Best for,посчитано,,,2026-09-28,
G7,P3,https://www.otherbali.com/places/urban-bites-cafe-at-berawa,urban-bites-cafe-at-berawa,Best for,нет на карточке,карточка в sitemap без Best for,посчитано,,,2026-09-28,
G7,P3,https://www.otherbali.com/places/vore-grillhouse-and-lounge,vore-grillhouse-and-lounge,Best for,нет на карточке,карточка в sitemap без Best for,посчитано,,,2026-09-28,
G7,P3,https://www.otherbali.com/places/wonton-club,wonton-club,Best for,нет на карточке,карточка в sitemap без Best for,посчитано,,,2026-09-28,
G7,P3,https://www.otherbali.com/places/yen-social-bali,yen-social-bali,Best for,нет на карточке,карточка в sitemap без Best for,посчитано,,,2026-09-28,
G7,P3,https://www.otherbali.com/places/zali-at-pererenan,zali-at-pererenan,Best for,нет на карточке,карточка в sitemap без Best for,посчитано,,,2026-09-28,
G7,P3,https://www.otherbali.com/places/9-11-cafe,9-11-cafe,Best for,нет на карточке,карточка в sitemap без Best for,посчитано,,,2026-09-28,
G7,P3,https://www.otherbali.com/places/bron-the-resto,bron-the-resto,Best for,нет на карточке,карточка в sitemap без Best for,посчитано,,,2026-09-28,
G7,P3,https://www.otherbali.com/places/kimukatsu-at-living-world-bali,kimukatsu-at-living-world-bali,Best for,нет на карточке,карточка в sitemap без Best for,посчитано,,,2026-09-28,
G7,P3,https://www.otherbali.com/places/kimukatsu-at-trans-studio-bali,kimukatsu-at-trans-studio-bali,Best for,нет на карточке,карточка в sitemap без Best for,посчитано,,,2026-09-28,
G7,P3,https://www.otherbali.com/places/marble-8-restaurant-at-city-of-aventus,marble-8-restaurant-at-city-of-aventus,Best for,нет на карточке,карточка в sitemap без Best for,посчитано,,,2026-09-28,
G7,P3,https://www.otherbali.com/places/shaburi-and-kintan-buffet-bali-at-trans-studio-mall-bali,shaburi-and-kintan-buffet-bali-at-trans-studio-mall-bali,Best for,нет на карточке,карточка в sitemap без Best for,посчитано,,,2026-09-28,
G7,P3,https://www.otherbali.com/places/5kitchen-bali-suites5-hotel,5kitchen-bali-suites5-hotel,Best for,нет на карточке,карточка в sitemap без Best for,посчитано,,,2026-09-28,
G7,P3,https://www.otherbali.com/places/anarasa-at-movenpick-resort,anarasa-at-movenpick-resort,Best for,нет на карточке,карточка в sitemap без Best for,посчитано,,,2026-09-28,
G7,P3,https://www.otherbali.com/places/asai-cafe,asai-cafe,Best for,нет на карточке,карточка в sitemap без Best for,посчитано,,,2026-09-28,
G7,P3,https://www.otherbali.com/places/barrels-steakhouse-at-samasta-lifestyle-village,barrels-steakhouse-at-samasta-lifestyle-village,Best for,нет на карточке,карточка в sitemap без Best for,посчитано,,,2026-09-28,
G7,P3,https://www.otherbali.com/places/chatwood-coffee-and-eatery,chatwood-coffee-and-eatery,Best for,нет на карточке,карточка в sitemap без Best for,посчитано,,,2026-09-28,
G7,P3,https://www.otherbali.com/places/loloan-coastal-peruvian-raffles-bali,loloan-coastal-peruvian-raffles-bali,Best for,нет на карточке,карточка в sitemap без Best for,посчитано,,,2026-09-28,
G7,P3,https://www.otherbali.com/places/loloan-coastal-peruvian-at-raffles-bali,loloan-coastal-peruvian-at-raffles-bali,Best for,нет на карточке,карточка в sitemap без Best for,посчитано,,,2026-09-28,
G7,P3,https://www.otherbali.com/places/opia-bali,opia-bali,Best for,нет на карточке,карточка в sitemap без Best for,посчитано,,,2026-09-28,
G7,P3,https://www.otherbali.com/places/rumari,rumari,Best for,нет на карточке,карточка в sitemap без Best for,посчитано,,,2026-09-28,
G7,P3,https://www.otherbali.com/places/rumari-counter-at-raffles-bali,rumari-counter-at-raffles-bali,Best for,нет на карточке,карточка в sitemap без Best for,посчитано,,,2026-09-28,
G7,P3,https://www.otherbali.com/places/telu-bar-at-four-seasons-resort-bali-at-jimbaran-bay,telu-bar-at-four-seasons-resort-bali-at-jimbaran-bay,Best for,нет на карточке,карточка в sitemap без Best for,посчитано,,,2026-09-28,
G7,P3,https://www.otherbali.com/places/edelweiss-restaurant-and-bar-at-tapa-agung-view,edelweiss-restaurant-and-bar-at-tapa-agung-view,Best for,нет на карточке,карточка в sitemap без Best for,посчитано,,,2026-09-28,
G7,P3,https://www.otherbali.com/places/flamingo-restaurant-and-bar-at-sagara-candidasa,flamingo-restaurant-and-bar-at-sagara-candidasa,Best for,нет на карточке,карточка в sitemap без Best for,посчитано,,,2026-09-28,
G7,P3,https://www.otherbali.com/places/garpu-restaurant-at-ramayana-candidasa-beach-resort,garpu-restaurant-at-ramayana-candidasa-beach-resort,Best for,нет на карточке,карточка в sitemap без Best for,посчитано,,,2026-09-28,
G7,P3,https://www.otherbali.com/places/lezat-beach-restaurant-at-ashyana-candidasa-beach-resort,lezat-beach-restaurant-at-ashyana-candidasa-beach-resort,Best for,нет на карточке,карточка в sitemap без Best for,посчитано,,,2026-09-28,
G7,P3,https://www.otherbali.com/places/al-dente-cucina-italiana-and-lounge,al-dente-cucina-italiana-and-lounge,Best for,нет на карточке,карточка в sitemap без Best for,посчитано,,,2026-09-28,
G7,P3,https://www.otherbali.com/places/atithi-indian-restaurant-and-bar,atithi-indian-restaurant-and-bar,Best for,нет на карточке,карточка в sitemap без Best for,посчитано,,,2026-09-28,
G7,P3,https://www.otherbali.com/places/away-bali-legian-camakila,away-bali-legian-camakila,Best for,нет на карточке,карточка в sitemap без Best for,посчитано,,,2026-09-28,
G7,P3,https://www.otherbali.com/places/bella-italia-at-legian,bella-italia-at-legian,Best for,нет на карточке,карточка в sitemap без Best for,посчитано,,,2026-09-28,
G7,P3,https://www.otherbali.com/places/beras-merah-waroeng-and-bar-at-adhi-jaya-hotel-kuta,beras-merah-waroeng-and-bar-at-adhi-jaya-hotel-kuta,Best for,нет на карточке,карточка в sitemap без Best for,посчитано,,,2026-09-28,
G7,P3,https://www.otherbali.com/places/big-fish-grill-the-stones-legian-bali,big-fish-grill-the-stones-legian-bali,Best for,нет на карточке,карточка в sitemap без Best for,посчитано,,,2026-09-28,
G7,P3,https://www.otherbali.com/places/bluefin-japanese-fusion-and-lounge,bluefin-japanese-fusion-and-lounge,Best for,нет на карточке,карточка в sitemap без Best for,посчитано,,,2026-09-28,
G7,P3,https://www.otherbali.com/places/capibarra-restaurant-and-bar-kuta,capibarra-restaurant-and-bar-kuta,Best for,нет на карточке,карточка в sitemap без Best for,посчитано,,,2026-09-28,
G7,P3,https://www.otherbali.com/places/chaskaa-modern-indian-cuisine-and-bar-at-kuta,chaskaa-modern-indian-cuisine-and-bar-at-kuta,Best for,нет на карточке,карточка в sitemap без Best for,посчитано,,,2026-09-28,
G7,P3,https://www.otherbali.com/places/coco-bistro-at-kuta-square,coco-bistro-at-kuta-square,Best for,нет на карточке,карточка в sitemap без Best for,посчитано,,,2026-09-28,
G7,P3,https://www.otherbali.com/places/donbiu-at-padma-resort-legian,donbiu-at-padma-resort-legian,Best for,нет на карточке,карточка в sitemap без Best for,посчитано,,,2026-09-28,
G7,P3,https://www.otherbali.com/places/el-jardin-steakhouse-by-andrea-peresthu,el-jardin-steakhouse-by-andrea-peresthu,Best for,нет на карточке,карточка в sitemap без Best for,посчитано,,,2026-09-28,
G7,P3,https://www.otherbali.com/places/fork-bali,fork-bali,Best for,нет на карточке,карточка в sitemap без Best for,посчитано,,,2026-09-28,
G7,P3,https://www.otherbali.com/places/gabah-padma-bali-restaurant-bali-at-rama-residence-padma-hotel,gabah-padma-bali-restaurant-bali-at-rama-residence-padma-hotel,Best for,нет на карточке,карточка в sitemap без Best for,посчитано,,,2026-09-28,
G7,P3,https://www.otherbali.com/places/ganesha-ek-sanskriti-discovery-mall-kuta-bali,ganesha-ek-sanskriti-discovery-mall-kuta-bali,Best for,нет на карточке,карточка в sitemap без Best for,посчитано,,,2026-09-28,
G7,P3,https://www.otherbali.com/places/gabah-restaurant-and-bar,gabah-restaurant-and-bar,Best for,нет на карточке,карточка в sitemap без Best for,посчитано,,,2026-09-28,
G7,P3,https://www.otherbali.com/places/ganesha-ek-sanskriti-at-discovery-mall-kuta-bali,ganesha-ek-sanskriti-at-discovery-mall-kuta-bali,Best for,нет на карточке,карточка в sitemap без Best for,посчитано,,,2026-09-28,
G7,P3,https://www.otherbali.com/places/ganesha-ek-sanskriti-at-lippo-mall-kuta,ganesha-ek-sanskriti-at-lippo-mall-kuta,Best for,нет на карточке,карточка в sitemap без Best for,посчитано,,,2026-09-28,
G7,P3,https://www.otherbali.com/places/ganesha-ek-sanskriti-at-lippo-plaza-sunset-road,ganesha-ek-sanskriti-at-lippo-plaza-sunset-road,Best for,нет на карточке,карточка в sitemap без Best for,посчитано,,,2026-09-28,
G7,P3,https://www.otherbali.com/places/gateway-of-india-at-kuta,gateway-of-india-at-kuta,Best for,нет на карточке,карточка в sitemap без Best for,посчитано,,,2026-09-28,
G7,P3,https://www.otherbali.com/places/gioi-ocean-gourmet,gioi-ocean-gourmet,Best for,нет на карточке,карточка в sitemap без Best for,посчитано,,,2026-09-28,
G7,P3,https://www.otherbali.com/places/ground-zero-kitchen,ground-zero-kitchen,Best for,нет на карточке,карточка в sitemap без Best for,посчитано,,,2026-09-28,
G7,P3,https://www.otherbali.com/places/hard-rock-cafe-bali,hard-rock-cafe-bali,Best for,нет на карточке,карточка в sitemap без Best for,посчитано,,,2026-09-28,
G7,P3,https://www.otherbali.com/places/henry-s-steakhouse,henry-s-steakhouse,Best for,нет на карточке,карточка в sitemap без Best for,посчитано,,,2026-09-28,
G7,P3,https://www.otherbali.com/places/kimukatsu-beach-walk-bali,kimukatsu-beach-walk-bali,Best for,нет на карточке,карточка в sitemap без Best for,посчитано,,,2026-09-28,
G7,P3,https://www.otherbali.com/places/kin-thai-kitchen,kin-thai-kitchen,Best for,нет на карточке,карточка в sitemap без Best for,посчитано,,,2026-09-28,
G7,P3,https://www.otherbali.com/places/kuta-social-club,kuta-social-club,Best for,нет на карточке,карточка в sitemap без Best for,посчитано,,,2026-09-28,
G7,P3,https://www.otherbali.com/places/la-casa-mexican-and-sunset-bar-at-anantara-vacation-club,la-casa-mexican-and-sunset-bar-at-anantara-vacation-club,Best for,нет на карточке,карточка в sitemap без Best for,посчитано,,,2026-09-28,
G7,P3,https://www.otherbali.com/places/lobby-bar-discovery-kartika-plaza-hotel,lobby-bar-discovery-kartika-plaza-hotel,Best for,нет на карточке,карточка в sitemap без Best for,посчитано,,,2026-09-28,
G7,P3,https://www.otherbali.com/places/lobby-bar-at-discovery-kartika-plaza-hotel,lobby-bar-at-discovery-kartika-plaza-hotel,Best for,нет на карточке,карточка в sitemap без Best for,посчитано,,,2026-09-28,
G7,P3,https://www.otherbali.com/places/marble-8-restaurant-at-dream-of-aventus,marble-8-restaurant-at-dream-of-aventus,Best for,нет на карточке,карточка в sitemap без Best for,посчитано,,,2026-09-28,
G7,P3,https://www.otherbali.com/places/moson-bali-villa-and-eatery,moson-bali-villa-and-eatery,Best for,нет на карточке,карточка в sitemap без Best for,посчитано,,,2026-09-28,
G7,P3,https://www.otherbali.com/places/marina-bali-seafood,marina-bali-seafood,Best for,нет на карточке,карточка в sitemap без Best for,посчитано,,,2026-09-28,
G7,P3,https://www.otherbali.com/places/mozzarella-by-the-sea-the-bandha-hotel-and-suites,mozzarella-by-the-sea-the-bandha-hotel-and-suites,Best for,нет на карточке,карточка в sitemap без Best for,посчитано,,,2026-09-28,
G7,P3,https://www.otherbali.com/places/mozzarella-on-padma,mozzarella-on-padma,Best for,нет на карточке,карточка в sitemap без Best for,посчитано,,,2026-09-28,
G7,P3,https://www.otherbali.com/places/mozzarella-restaurant-at-the-magani-hotel-and-spa,mozzarella-restaurant-at-the-magani-hotel-and-spa,Best for,нет на карточке,карточка в sitemap без Best for,посчитано,,,2026-09-28,
G7,P3,https://www.otherbali.com/places/palms-restaurant-holiday-inn-resort-baruna-bali,palms-restaurant-holiday-inn-resort-baruna-bali,Best for,нет на карточке,карточка в sitemap без Best for,посчитано,,,2026-09-28,
G7,P3,https://www.otherbali.com/places/pangi-bistro,pangi-bistro,Best for,нет на карточке,карточка в sitemap без Best for,посчитано,,,2026-09-28,
G7,P3,https://www.otherbali.com/places/papas-beach-cafe-at-alamkulkul-boutique-resort,papas-beach-cafe-at-alamkulkul-boutique-resort,Best for,нет на карточке,карточка в sitemap без Best for,посчитано,,,2026-09-28,
G7,P3,https://www.otherbali.com/places/poppies-restaurant,poppies-restaurant,Best for,нет на карточке,карточка в sitemap без Best for,посчитано,,,2026-09-28,
G7,P3,https://www.otherbali.com/places/posers-pub-and-restaurant,posers-pub-and-restaurant,Best for,нет на карточке,карточка в sitemap без Best for,посчитано,,,2026-09-28,
G7,P3,https://www.otherbali.com/places/queen-s-of-india-at-kuta,queen-s-of-india-at-kuta,Best for,нет на карточке,карточка в sitemap без Best for,посчитано,,,2026-09-28,
G7,P3,https://www.otherbali.com/places/seafood-house-restaurant,seafood-house-restaurant,Best for,нет на карточке,карточка в sitemap без Best for,посчитано,,,2026-09-28,
G7,P3,https://www.otherbali.com/places/sees-bali-cafe-and-eatery,sees-bali-cafe-and-eatery,Best for,нет на карточке,карточка в sitemap без Best for,посчитано,,,2026-09-28,
G7,P3,https://www.otherbali.com/places/skai-bar-and-grill,skai-bar-and-grill,Best for,нет на карточке,карточка в sitemap без Best for,посчитано,,,2026-09-28,
G7,P3,https://www.otherbali.com/places/sendok-emas-bar-and-restaurant,sendok-emas-bar-and-restaurant,Best for,нет на карточке,карточка в sitemap без Best for,посчитано,,,2026-09-28,
G7,P3,https://www.otherbali.com/places/shally-s-dining-at-lippo-mall-kuta,shally-s-dining-at-lippo-mall-kuta,Best for,нет на карточке,карточка в sitemap без Best for,посчитано,,,2026-09-28,
G7,P3,https://www.otherbali.com/places/sokube-restaurant-and-bar-at-discovery-kartika-plaza-hotel,sokube-restaurant-and-bar-at-discovery-kartika-plaza-hotel,Best for,нет на карточке,карточка в sitemap без Best for,посчитано,,,2026-09-28,
G7,P3,https://www.otherbali.com/places/spice-mantraa-at-kuta,spice-mantraa-at-kuta,Best for,нет на карточке,карточка в sitemap без Best for,посчитано,,,2026-09-28,
G7,P3,https://www.otherbali.com/places/stadium-cafe,stadium-cafe,Best for,нет на карточке,карточка в sitemap без Best for,посчитано,,,2026-09-28,
G7,P3,https://www.otherbali.com/places/street-32-at-mamaka-by-ovolo,street-32-at-mamaka-by-ovolo,Best for,нет на карточке,карточка в sitemap без Best for,посчитано,,,2026-09-28,
G7,P3,https://www.otherbali.com/places/sukun-restaurant-kuta-at-amnaya-resort-kuta,sukun-restaurant-kuta-at-amnaya-resort-kuta,Best for,нет на карточке,карточка в sitemap без Best for,посчитано,,,2026-09-28,
G7,P3,https://www.otherbali.com/places/sunset-bar-and-lounge-at-discovery-kartika-plaza-hotel,sunset-bar-and-lounge-at-discovery-kartika-plaza-hotel,Best for,нет на карточке,карточка в sitemap без Best for,посчитано,,,2026-09-28,
G7,P3,https://www.otherbali.com/places/take-authentic-japanese-cuisine,take-authentic-japanese-cuisine,Best for,нет на карточке,карточка в sitemap без Best for,посчитано,,,2026-09-28,
G7,P3,https://www.otherbali.com/places/sushi-casa,sushi-casa,Best for,нет на карточке,карточка в sitemap без Best for,посчитано,,,2026-09-28,
G7,P3,https://www.otherbali.com/places/tebu-merah-restaurant-at-fairfield-by-marriott-bali-legian,tebu-merah-restaurant-at-fairfield-by-marriott-bali-legian,Best for,нет на карточке,карточка в sitemap без Best for,посчитано,,,2026-09-28,
G7,P3,https://www.otherbali.com/places/tapas-tapas-bali-grand-livio-kuta-hotel,tapas-tapas-bali-grand-livio-kuta-hotel,Best for,нет на карточке,карточка в sitemap без Best for,посчитано,,,2026-09-28,
G7,P3,https://www.otherbali.com/places/tenkai-japanese-nikkei-restaurant-at-padma-resort-legian,tenkai-japanese-nikkei-restaurant-at-padma-resort-legian,Best for,нет на карточке,карточка в sitemap без Best for,посчитано,,,2026-09-28,
G7,P3,https://www.otherbali.com/places/the-coffee-club-legian-at-anantara-vacation-club,the-coffee-club-legian-at-anantara-vacation-club,Best for,нет на карточке,карточка в sitemap без Best for,посчитано,,,2026-09-28,
G7,P3,https://www.otherbali.com/places/the-pantry,the-pantry,Best for,нет на карточке,карточка в sitemap без Best for,посчитано,,,2026-09-28,
G7,P3,https://www.otherbali.com/places/the-pond-restaurant,the-pond-restaurant,Best for,нет на карточке,карточка в sitemap без Best for,посчитано,,,2026-09-28,
G7,P3,https://www.otherbali.com/places/tupai-bar-discovery-kartika-plaza-hotel,tupai-bar-discovery-kartika-plaza-hotel,Best for,нет на карточке,карточка в sitemap без Best for,посчитано,,,2026-09-28,
G7,P3,https://www.otherbali.com/places/tupai-bar-at-discovery-kartika-plaza-hotel,tupai-bar-at-discovery-kartika-plaza-hotel,Best for,нет на карточке,карточка в sitemap без Best for,посчитано,,,2026-09-28,
G7,P3,https://www.otherbali.com/places/wanaku-seafood-and-chinese-restaurant,wanaku-seafood-and-chinese-restaurant,Best for,нет на карточке,карточка в sitemap без Best for,посчитано,,,2026-09-28,
G7,P3,https://www.otherbali.com/places/vrindavan-100-pure-indian-vegetarian-and-vegan-restaurant-at-kuta,vrindavan-100-pure-indian-vegetarian-and-vegan-restaurant-at-kuta,Best for,нет на карточке,карточка в sitemap без Best for,посчитано,,,2026-09-28,
G7,P3,https://www.otherbali.com/places/acala-bar-and-bistro,acala-bar-and-bistro,Best for,нет на карточке,карточка в sitemap без Best for,посчитано,,,2026-09-28,
G7,P3,https://www.otherbali.com/places/arwana-restaurant-at-the-laguna-a-luxury-collection-resort-and-spa,arwana-restaurant-at-the-laguna-a-luxury-collection-resort-and-spa,Best for,нет на карточке,карточка в sitemap без Best for,посчитано,,,2026-09-28,
G7,P3,https://www.otherbali.com/places/atomic-17-at-renaissance-bali-nusa-dua-resort,atomic-17-at-renaissance-bali-nusa-dua-resort,Best for,нет на карточке,карточка в sitemap без Best for,посчитано,,,2026-09-28,
G7,P3,https://www.otherbali.com/places/backstage-at-renaissance-bali-nusa-dua-resort,backstage-at-renaissance-bali-nusa-dua-resort,Best for,нет на карточке,карточка в sitemap без Best for,посчитано,,,2026-09-28,
G7,P3,https://www.otherbali.com/places/banyubiru-restaurant-at-the-laguna-a-luxury-collection-resort-and-spa,banyubiru-restaurant-at-the-laguna-a-luxury-collection-resort-and-spa,Best for,нет на карточке,карточка в sitemap без Best for,посчитано,,,2026-09-28,
G7,P3,https://www.otherbali.com/places/boneka,boneka,Best for,нет на карточке,карточка в sitemap без Best for,посчитано,,,2026-09-28,
G7,P3,https://www.otherbali.com/places/coco-bistro-at-tanjung-benoa,coco-bistro-at-tanjung-benoa,Best for,нет на карточке,карточка в sitemap без Best for,посчитано,,,2026-09-28,
G7,P3,https://www.otherbali.com/places/elara-seaside-lounge-and-bar-at-hilton-bali-resort,elara-seaside-lounge-and-bar-at-hilton-bali-resort,Best for,нет на карточке,карточка в sitemap без Best for,посчитано,,,2026-09-28,
G7,P3,https://www.otherbali.com/places/ganesha-ek-sanskriti-at-ayodya-resort-bali,ganesha-ek-sanskriti-at-ayodya-resort-bali,Best for,нет на карточке,карточка в sitemap без Best for,посчитано,,,2026-09-28,
G7,P3,https://www.otherbali.com/places/ganesha-elite-at-the-westin-resort-bali,ganesha-elite-at-the-westin-resort-bali,Best for,нет на карточке,карточка в sitemap без Best for,посчитано,,,2026-09-28,
G7,P3,https://www.otherbali.com/places/giorgio-italian-restaurant-at-hotel-nikko-bali-benoa-beach,giorgio-italian-restaurant-at-hotel-nikko-bali-benoa-beach,Best for,нет на карточке,карточка в sitemap без Best for,посчитано,,,2026-09-28,
G7,P3,https://www.otherbali.com/places/grain-at-hilton-bali-resort,grain-at-hilton-bali-resort,Best for,нет на карточке,карточка в sitemap без Best for,посчитано,,,2026-09-28,
G7,P3,https://www.otherbali.com/places/hamabe-at-the-westin-resort-nusa-dua-bali,hamabe-at-the-westin-resort-nusa-dua-bali,Best for,нет на карточке,карточка в sitemap без Best for,посчитано,,,2026-09-28,
G7,P3,https://www.otherbali.com/places/hiromi-restaurant-and-bar,hiromi-restaurant-and-bar,Best for,нет на карточке,карточка в sitemap без Best for,посчитано,,,2026-09-28,
G7,P3,https://www.otherbali.com/places/homaya-restaurant-merusaka-nusa-dua,homaya-restaurant-merusaka-nusa-dua,Best for,нет на карточке,карточка в sitemap без Best for,посчитано,,,2026-09-28,
G7,P3,https://www.otherbali.com/places/honey-and-bread-cafe,honey-and-bread-cafe,Best for,нет на карточке,карточка в sitemap без Best for,посчитано,,,2026-09-28,
G7,P3,https://www.otherbali.com/places/ikan-restaurant-and-bar-at-the-westin-resort-nusa-dua-bali,ikan-restaurant-and-bar-at-the-westin-resort-nusa-dua-bali,Best for,нет на карточке,карточка в sitemap без Best for,посчитано,,,2026-09-28,
G7,P3,https://www.otherbali.com/places/ja-jan-bistro-at-merusaka-nusa-dua,ja-jan-bistro-at-merusaka-nusa-dua,Best for,нет на карточке,карточка в sitemap без Best for,посчитано,,,2026-09-28,
G7,P3,https://www.otherbali.com/places/jard-or-french-fusion-brasserie,jard-or-french-fusion-brasserie,Best for,нет на карточке,карточка в sitemap без Best for,посчитано,,,2026-09-28,
G7,P3,https://www.otherbali.com/places/kayumanis-beach-bar-and-grill-nusa-dua,kayumanis-beach-bar-and-grill-nusa-dua,Best for,нет на карточке,карточка в sitemap без Best for,посчитано,,,2026-09-28,
G7,P3,https://www.otherbali.com/places/lion-x,lion-x,Best for,нет на карточке,карточка в sitemap без Best for,посчитано,,,2026-09-28,
G7,P3,https://www.otherbali.com/places/kulkul-beach-house-at-the-laguna-a-luxury-collection-resort-and-spa,kulkul-beach-house-at-the-laguna-a-luxury-collection-resort-and-spa,Best for,нет на карточке,карточка в sitemap без Best for,посчитано,,,2026-09-28,
G7,P3,https://www.otherbali.com/places/madawa-bali,madawa-bali,Best for,нет на карточке,карточка в sitemap без Best for,посчитано,,,2026-09-28,
G7,P3,https://www.otherbali.com/places/maja-restaurant-at-amarterra-villas-resort,maja-restaurant-at-amarterra-villas-resort,Best for,нет на карточке,карточка в sitemap без Best for,посчитано,,,2026-09-28,
G7,P3,https://www.otherbali.com/places/muka-restaurant-and-bar,muka-restaurant-and-bar,Best for,нет на карточке,карточка в sitemap без Best for,посчитано,,,2026-09-28,
G7,P3,https://www.otherbali.com/places/nagisa-japanese-restaurant-at-hotel-nikko-bali-benoa-beach,nagisa-japanese-restaurant-at-hotel-nikko-bali-benoa-beach,Best for,нет на карточке,карточка в sitemap без Best for,посчитано,,,2026-09-28,
G7,P3,https://www.otherbali.com/places/nampu-japanese-restaurant,nampu-japanese-restaurant,Best for,нет на карточке,карточка в sitemap без Best for,посчитано,,,2026-09-28,
G7,P3,https://www.otherbali.com/places/nutrio-restaurant-at-revivo-wellness-resorts,nutrio-restaurant-at-revivo-wellness-resorts,Best for,нет на карточке,карточка в sitemap без Best for,посчитано,,,2026-09-28,
G7,P3,https://www.otherbali.com/places/nyoman-s-beer-garden-bar-and-restaurant,nyoman-s-beer-garden-bar-and-restaurant,Best for,нет на карточке,карточка в sitemap без Best for,посчитано,,,2026-09-28,
G7,P3,https://www.otherbali.com/places/paon-bali-resto-and-bar-at-hilton-bali-resort,paon-bali-resto-and-bar-at-hilton-bali-resort,Best for,нет на карточке,карточка в sitemap без Best for,посчитано,,,2026-09-28,
G7,P3,https://www.otherbali.com/places/pasar-senggol-at-grand-hyatt-bali,pasar-senggol-at-grand-hyatt-bali,Best for,нет на карточке,карточка в sitemap без Best for,посчитано,,,2026-09-28,
G7,P3,https://www.otherbali.com/places/prego-at-the-westin-resort-nusa-dua-bali,prego-at-the-westin-resort-nusa-dua-bali,Best for,нет на карточке,карточка в sitemap без Best for,посчитано,,,2026-09-28,
G7,P3,https://www.otherbali.com/places/queen-s-of-india-at-nusa-dua,queen-s-of-india-at-nusa-dua,Best for,нет на карточке,карточка в sitemap без Best for,посчитано,,,2026-09-28,
G7,P3,https://www.otherbali.com/places/sakala-beach-club-at-the-sakala-resort-bali,sakala-beach-club-at-the-sakala-resort-bali,Best for,нет на карточке,карточка в sitemap без Best for,посчитано,,,2026-09-28,
G7,P3,https://www.otherbali.com/places/salsa-verde-at-grand-hyatt-bali,salsa-verde-at-grand-hyatt-bali,Best for,нет на карточке,карточка в sitemap без Best for,посчитано,,,2026-09-28,
G7,P3,https://www.otherbali.com/places/sama-sama-yakiniku-and-japanese-restaurant-at-nusa-dua,sama-sama-yakiniku-and-japanese-restaurant-at-nusa-dua,Best for,нет на карточке,карточка в sitemap без Best for,посчитано,,,2026-09-28,
G7,P3,https://www.otherbali.com/places/steaksmith-restaurant-at-renaissance-bali-nusa-dua-resort,steaksmith-restaurant-at-renaissance-bali-nusa-dua-resort,Best for,нет на карточке,карточка в sitemap без Best for,посчитано,,,2026-09-28,
G7,P3,https://www.otherbali.com/places/sukun-restaurant-nusa-dua-at-amnaya-resort-nusa-dua,sukun-restaurant-nusa-dua-at-amnaya-resort-nusa-dua,Best for,нет на карточке,карточка в sitemap без Best for,посчитано,,,2026-09-28,
G7,P3,https://www.otherbali.com/places/tanah-liat-renaissance-bali-nusa-dua-resort,tanah-liat-renaissance-bali-nusa-dua-resort,Best for,нет на карточке,карточка в sitemap без Best for,посчитано,,,2026-09-28,
G7,P3,https://www.otherbali.com/places/tamarind-restaurant-at-nusa-dua-beach-hotel-and-spa,tamarind-restaurant-at-nusa-dua-beach-hotel-and-spa,Best for,нет на карточке,карточка в sitemap без Best for,посчитано,,,2026-09-28,
G7,P3,https://www.otherbali.com/places/tetaring-restaurant-at-kayumanis-nusa-dua-private-villa-and-spa,tetaring-restaurant-at-kayumanis-nusa-dua-private-villa-and-spa,Best for,нет на карточке,карточка в sitemap без Best for,посчитано,,,2026-09-28,
G7,P3,https://www.otherbali.com/places/the-shore,the-shore,Best for,нет на карточке,карточка в sitemap без Best for,посчитано,,,2026-09-28,
G7,P3,https://www.otherbali.com/places/the-tree-international-bar-and-restaurant,the-tree-international-bar-and-restaurant,Best for,нет на карточке,карточка в sitemap без Best for,посчитано,,,2026-09-28,
G7,P3,https://www.otherbali.com/places/acala-bar-and-bistro-lembongan,acala-bar-and-bistro-lembongan,Best for,нет на карточке,карточка в sitemap без Best for,посчитано,,,2026-09-28,
G7,P3,https://www.otherbali.com/places/acropora-bar-and-restaurant-at-pramana-natura-nusa-penida,acropora-bar-and-restaurant-at-pramana-natura-nusa-penida,Best for,нет на карточке,карточка в sitemap без Best for,посчитано,,,2026-09-28,
G7,P3,https://www.otherbali.com/places/arna-suites-and-ocean-lounge,arna-suites-and-ocean-lounge,Best for,нет на карточке,карточка в sitemap без Best for,посчитано,,,2026-09-28,
G7,P3,https://www.otherbali.com/places/jala-restaurant-at-the-acala-shri-sedana,jala-restaurant-at-the-acala-shri-sedana,Best for,нет на карточке,карточка в sitemap без Best for,посчитано,,,2026-09-28,
G7,P3,https://www.otherbali.com/places/casa-bambu-cantina,casa-bambu-cantina,Best for,нет на карточке,карточка в sitemap без Best for,посчитано,,,2026-09-28,
G7,P3,https://www.otherbali.com/places/kowhai-restaurant-at-maua-nusa-penida,kowhai-restaurant-at-maua-nusa-penida,Best for,нет на карточке,карточка в sitemap без Best for,посчитано,,,2026-09-28,
G7,P3,https://www.otherbali.com/places/warnakali-restaurant-at-adiwana-warnakali-resort,warnakali-restaurant-at-adiwana-warnakali-resort,Best for,нет на карточке,карточка в sitemap без Best for,посчитано,,,2026-09-28,
G7,P3,https://www.otherbali.com/places/2080-burger-x-cibo-pasta-house-sanur,2080-burger-x-cibo-pasta-house-sanur,Best for,нет на карточке,карточка в sitemap без Best for,посчитано,,,2026-09-28,
G7,P3,https://www.otherbali.com/places/afterwork,afterwork,Best for,нет на карточке,карточка в sitemap без Best for,посчитано,,,2026-09-28,
G7,P3,https://www.otherbali.com/places/ares-restaurant-at-sudamala-resort-sanur,ares-restaurant-at-sudamala-resort-sanur,Best for,нет на карточке,карточка в sitemap без Best for,посчитано,,,2026-09-28,
G7,P3,https://www.otherbali.com/places/beer-brothers,beer-brothers,Best for,нет на карточке,карточка в sitemap без Best for,посчитано,,,2026-09-28,
G7,P3,https://www.otherbali.com/places/cork-french-tavern,cork-french-tavern,Best for,нет на карточке,карточка в sitemap без Best for,посчитано,,,2026-09-28,
G7,P3,https://www.otherbali.com/places/capri-italian-restaurant-at-sanur,capri-italian-restaurant-at-sanur,Best for,нет на карточке,карточка в sitemap без Best for,посчитано,,,2026-09-28,
G7,P3,https://www.otherbali.com/places/flow-restaurant-sumitra-luxury-villas-and-resort,flow-restaurant-sumitra-luxury-villas-and-resort,Best for,нет на карточке,карточка в sitemap без Best for,посчитано,,,2026-09-28,
G7,P3,https://www.otherbali.com/places/ganesha-ek-sanskriti-at-sanur,ganesha-ek-sanskriti-at-sanur,Best for,нет на карточке,карточка в sitemap без Best for,посчитано,,,2026-09-28,
G7,P3,https://www.otherbali.com/places/gong-restaurant-at-kayumanis-sanur,gong-restaurant-at-kayumanis-sanur,Best for,нет на карточке,карточка в sitemap без Best for,посчитано,,,2026-09-28,
G7,P3,https://www.otherbali.com/places/goro-goro-cafe-and-kitchen,goro-goro-cafe-and-kitchen,Best for,нет на карточке,карточка в sitemap без Best for,посчитано,,,2026-09-28,
G7,P3,https://www.otherbali.com/places/jahe-restaurant,jahe-restaurant,Best for,нет на карточке,карточка в sitemap без Best for,посчитано,,,2026-09-28,
G7,P3,https://www.otherbali.com/places/junsei-izakaya,junsei-izakaya,Best for,нет на карточке,карточка в sitemap без Best for,посчитано,,,2026-09-28,
G7,P3,https://www.otherbali.com/places/noodle-crazy-sanur,noodle-crazy-sanur,Best for,нет на карточке,карточка в sitemap без Best for,посчитано,,,2026-09-28,
G7,P3,https://www.otherbali.com/places/ranbo-japanese-restaurant-and-bar,ranbo-japanese-restaurant-and-bar,Best for,нет на карточке,карточка в sitemap без Best for,посчитано,,,2026-09-28,
G7,P3,https://www.otherbali.com/places/roso-restaurant-at-the-meru-sanur,roso-restaurant-at-the-meru-sanur,Best for,нет на карточке,карточка в sitemap без Best for,посчитано,,,2026-09-28,
G7,P3,https://www.otherbali.com/places/rue-maya-sanur,rue-maya-sanur,Best for,нет на карточке,карточка в sitemap без Best for,посчитано,,,2026-09-28,
G7,P3,https://www.otherbali.com/places/shotgun-social-bali,shotgun-social-bali,Best for,нет на карточке,карточка в sitemap без Best for,посчитано,,,2026-09-28,
G7,P3,https://www.otherbali.com/places/soya-japanese-restaurant,soya-japanese-restaurant,Best for,нет на карточке,карточка в sitemap без Best for,посчитано,,,2026-09-28,
G7,P3,https://www.otherbali.com/places/the-chowk-indian-gourmet-house,the-chowk-indian-gourmet-house,Best for,нет на карточке,карточка в sitemap без Best for,посчитано,,,2026-09-28,
G7,P3,https://www.otherbali.com/places/the-royal-kitchen-sanur,the-royal-kitchen-sanur,Best for,нет на карточке,карточка в sitemap без Best for,посчитано,,,2026-09-28,
G7,P3,https://www.otherbali.com/places/three-monkeys-bali-at-sanur,three-monkeys-bali-at-sanur,Best for,нет на карточке,карточка в sitemap без Best for,посчитано,,,2026-09-28,
G7,P3,https://www.otherbali.com/places/aoku,aoku,Best for,нет на карточке,карточка в sitemap без Best for,посчитано,,,2026-09-28,
G7,P3,https://www.otherbali.com/places/bar-rasa,bar-rasa,Best for,нет на карточке,карточка в sitemap без Best for,посчитано,,,2026-09-28,
G7,P3,https://www.otherbali.com/places/batur-restaurant-grand-mercure-bali-seminyak,batur-restaurant-grand-mercure-bali-seminyak,Best for,нет на карточке,карточка в sitemap без Best for,посчитано,,,2026-09-28,
G7,P3,https://www.otherbali.com/places/bketo-bali-at-blue-karma-dijiwa-seminyak,bketo-bali-at-blue-karma-dijiwa-seminyak,Best for,нет на карточке,карточка в sitemap без Best for,посчитано,,,2026-09-28,
G7,P3,https://www.otherbali.com/places/bliss-lounge-bar,bliss-lounge-bar,Best for,нет на карточке,карточка в sitemap без Best for,посчитано,,,2026-09-28,
G7,P3,https://www.otherbali.com/places/blu-sky-restaurant-bar-lounge,blu-sky-restaurant-bar-lounge,Best for,нет на карточке,карточка в sitemap без Best for,посчитано,,,2026-09-28,
G7,P3,https://www.otherbali.com/places/breeze-at-the-samaya-seminyak,breeze-at-the-samaya-seminyak,Best for,нет на карточке,карточка в sitemap без Best for,посчитано,,,2026-09-28,
G7,P3,https://www.otherbali.com/places/bread-yard,bread-yard,Best for,нет на карточке,карточка в sitemap без Best for,посчитано,,,2026-09-28,
G7,P3,https://www.otherbali.com/places/capri-italian-restaurant-at-seminyak,capri-italian-restaurant-at-seminyak,Best for,нет на карточке,карточка в sitemap без Best for,посчитано,,,2026-09-28,
G7,P3,https://www.otherbali.com/places/buzo-seminyak-sushi-pizza-and-itameshi,buzo-seminyak-sushi-pizza-and-itameshi,Best for,нет на карточке,карточка в sitemap без Best for,посчитано,,,2026-09-28,
G7,P3,https://www.otherbali.com/places/chandi,chandi,Best for,нет на карточке,карточка в sitemap без Best for,посчитано,,,2026-09-28,
G7,P3,https://www.otherbali.com/places/chaskaa-modern-indian-cuisine-and-bar-at-seminyak,chaskaa-modern-indian-cuisine-and-bar-at-seminyak,Best for,нет на карточке,карточка в sitemap без Best for,посчитано,,,2026-09-28,
G7,P3,https://www.otherbali.com/places/chez-gado-gado-restaurant,chez-gado-gado-restaurant,Best for,нет на карточке,карточка в sitemap без Best for,посчитано,,,2026-09-28,
G7,P3,https://www.otherbali.com/places/dong-oman-cultural-dining-at-tonys-villas-and-resort,dong-oman-cultural-dining-at-tonys-villas-and-resort,Best for,нет на карточке,карточка в sitemap без Best for,посчитано,,,2026-09-28,
G7,P3,https://www.otherbali.com/places/eko-cafe-by-deli-campur-asia,eko-cafe-by-deli-campur-asia,Best for,нет на карточке,карточка в sitemap без Best for,посчитано,,,2026-09-28,
G7,P3,https://www.otherbali.com/places/ely-s-kitchen,ely-s-kitchen,Best for,нет на карточке,карточка в sitemap без Best for,посчитано,,,2026-09-28,
G7,P3,https://www.otherbali.com/places/estia-woodfire-greek,estia-woodfire-greek,Best for,нет на карточке,карточка в sitemap без Best for,посчитано,,,2026-09-28,
G7,P3,https://www.otherbali.com/places/frangipaani-at-prana-bali,frangipaani-at-prana-bali,Best for,нет на карточке,карточка в sitemap без Best for,посчитано,,,2026-09-28,
G7,P3,https://www.otherbali.com/places/frangipani-cafe-at-the-oberoi-beach-resort-bali,frangipani-cafe-at-the-oberoi-beach-resort-bali,Best for,нет на карточке,карточка в sitemap без Best for,посчитано,,,2026-09-28,
G7,P3,https://www.otherbali.com/places/gateway-of-india-at-seminyak,gateway-of-india-at-seminyak,Best for,нет на карточке,карточка в sitemap без Best for,посчитано,,,2026-09-28,
G7,P3,https://www.otherbali.com/places/grill-d-burgers-bali,grill-d-burgers-bali,Best for,нет на карточке,карточка в sitemap без Best for,посчитано,,,2026-09-28,
G7,P3,https://www.otherbali.com/places/groove-restaurant-at-avani-seminyak-bali-resort,groove-restaurant-at-avani-seminyak-bali-resort,Best for,нет на карточке,карточка в sitemap без Best for,посчитано,,,2026-09-28,
G7,P3,https://www.otherbali.com/places/herbs-and-stones-garden-restaurant,herbs-and-stones-garden-restaurant,Best for,нет на карточке,карточка в sitemap без Best for,посчитано,,,2026-09-28,
G7,P3,https://www.otherbali.com/places/hiiragi-restaurant-at-the-bk-village,hiiragi-restaurant-at-the-bk-village,Best for,нет на карточке,карточка в sitemap без Best for,посчитано,,,2026-09-28,
G7,P3,https://www.otherbali.com/places/hinotori-at-montigo-resorts-seminyak,hinotori-at-montigo-resorts-seminyak,Best for,нет на карточке,карточка в sitemap без Best for,посчитано,,,2026-09-28,
G7,P3,https://www.otherbali.com/places/hotel-indigo-bali-seminyak-beach-by-ihg,hotel-indigo-bali-seminyak-beach-by-ihg,Best for,нет на карточке,карточка в sitemap без Best for,посчитано,,,2026-09-28,
G7,P3,https://www.otherbali.com/places/hotel-indigo-bali-seminyak-beach-by-ihg-seminyak,hotel-indigo-bali-seminyak-beach-by-ihg-seminyak,Best for,нет на карточке,карточка в sitemap без Best for,посчитано,,,2026-09-28,
G7,P3,https://www.otherbali.com/places/hut-cafe-bali,hut-cafe-bali,Best for,нет на карточке,карточка в sitemap без Best for,посчитано,,,2026-09-28,
G7,P3,https://www.otherbali.com/places/kahuna-rooftop-pool-and-restaurant,kahuna-rooftop-pool-and-restaurant,Best for,нет на карточке,карточка в sitemap без Best for,посчитано,,,2026-09-28,
G7,P3,https://www.otherbali.com/places/kajin-japanese-contemporary-sushi,kajin-japanese-contemporary-sushi,Best for,нет на карточке,карточка в sitemap без Best for,посчитано,,,2026-09-28,
G7,P3,https://www.otherbali.com/places/kasava-resto-and-bar-at-royal-samaja-villas,kasava-resto-and-bar-at-royal-samaja-villas,Best for,нет на карточке,карточка в sitemap без Best for,посчитано,,,2026-09-28,
G7,P3,https://www.otherbali.com/places/kura-kura-restaurant-at-the-oberoi-beach-resort-bali,kura-kura-restaurant-at-the-oberoi-beach-resort-bali,Best for,нет на карточке,карточка в sitemap без Best for,посчитано,,,2026-09-28,
G7,P3,https://www.otherbali.com/places/kuuki-rooftop-dining-at-cross-paasha-bali-seminyak,kuuki-rooftop-dining-at-cross-paasha-bali-seminyak,Best for,нет на карточке,карточка в sitemap без Best for,посчитано,,,2026-09-28,
G7,P3,https://www.otherbali.com/places/la-plancha,la-plancha,Best for,нет на карточке,карточка в sitemap без Best for,посчитано,,,2026-09-28,
G7,P3,https://www.otherbali.com/places/livingstone,livingstone,Best for,нет на карточке,карточка в sitemap без Best for,посчитано,,,2026-09-28,
G7,P3,https://www.otherbali.com/places/mano-beach-house,mano-beach-house,Best for,нет на карточке,карточка в sitemap без Best for,посчитано,,,2026-09-28,
G7,P3,https://www.otherbali.com/places/master-crepes,master-crepes,Best for,нет на карточке,карточка в sitemap без Best for,посчитано,,,2026-09-28,
G7,P3,https://www.otherbali.com/places/merah-putih,merah-putih,Best for,нет на карточке,карточка в sitemap без Best for,посчитано,,,2026-09-28,
G7,P3,https://www.otherbali.com/places/midaz-at-bali,midaz-at-bali,Best for,нет на карточке,карточка в sitemap без Best for,посчитано,,,2026-09-28,
G7,P3,https://www.otherbali.com/places/neon-palms,neon-palms,Best for,нет на карточке,карточка в sitemap без Best for,посчитано,,,2026-09-28,
G7,P3,https://www.otherbali.com/places/noi-bali-grill-and-hanging-out,noi-bali-grill-and-hanging-out,Best for,нет на карточке,карточка в sitemap без Best for,посчитано,,,2026-09-28,
G7,P3,https://www.otherbali.com/places/okamura-bali,okamura-bali,Best for,нет на карточке,карточка в sitemap без Best for,посчитано,,,2026-09-28,
G7,P3,https://www.otherbali.com/places/ocean-grand-beach,ocean-grand-beach,Best for,нет на карточке,карточка в sitemap без Best for,посчитано,,,2026-09-28,
G7,P3,https://www.otherbali.com/places/okuzono-japanese-dining-bali,okuzono-japanese-dining-bali,Best for,нет на карточке,карточка в sitemap без Best for,посчитано,,,2026-09-28,
G7,P3,https://www.otherbali.com/places/oswego-bali,oswego-bali,Best for,нет на карточке,карточка в sitemap без Best for,посчитано,,,2026-09-28,
G7,P3,https://www.otherbali.com/places/projects-brunch-and-coffee,projects-brunch-and-coffee,Best for,нет на карточке,карточка в sitemap без Best for,посчитано,,,2026-09-28,
G7,P3,https://www.otherbali.com/places/prior-cafe,prior-cafe,Best for,нет на карточке,карточка в sitemap без Best for,посчитано,,,2026-09-28,
G7,P3,https://www.otherbali.com/places/queen-s-tandoor-indian-restaurant-seminyak-bali,queen-s-tandoor-indian-restaurant-seminyak-bali,Best for,нет на карточке,карточка в sitemap без Best for,посчитано,,,2026-09-28,
G7,P3,https://www.otherbali.com/places/qissa-indian-restaurant-at-seminyak,qissa-indian-restaurant-at-seminyak,Best for,нет на карточке,карточка в sitemap без Best for,посчитано,,,2026-09-28,
G7,P3,https://www.otherbali.com/places/queen-s-of-angsoka-by-queen-s-tandoor-at-ramada-by-wyndham-bali,queen-s-of-angsoka-by-queen-s-tandoor-at-ramada-by-wyndham-bali,Best for,нет на карточке,карточка в sitemap без Best for,посчитано,,,2026-09-28,
G7,P3,https://www.otherbali.com/places/rooftop-sunset-bar-at-double-six-luxury-hotel,rooftop-sunset-bar-at-double-six-luxury-hotel,Best for,нет на карточке,карточка в sitemap без Best for,посчитано,,,2026-09-28,
G7,P3,https://www.otherbali.com/places/rosalita-s-cantina-bali,rosalita-s-cantina-bali,Best for,нет на карточке,карточка в sitemap без Best for,посчитано,,,2026-09-28,
G7,P3,https://www.otherbali.com/places/sabeen-restaurant-at-the-haven-bali-seminyak,sabeen-restaurant-at-the-haven-bali-seminyak,Best for,нет на карточке,карточка в sitemap без Best for,посчитано,,,2026-09-28,
G7,P3,https://www.otherbali.com/places/sanctuary-umalas-italian-restaurant-by-wonderspace,sanctuary-umalas-italian-restaurant-by-wonderspace,Best for,нет на карточке,карточка в sitemap без Best for,посчитано,,,2026-09-28,
G7,P3,https://www.otherbali.com/places/sanje-restaurant-and-lounge-at-the-seminyak-beach-resort,sanje-restaurant-and-lounge-at-the-seminyak-beach-resort,Best for,нет на карточке,карточка в sitemap без Best for,посчитано,,,2026-09-28,
G7,P3,https://www.otherbali.com/places/seminyak-kitchen-courtyard-by-marriott-bali-seminyak-resort,seminyak-kitchen-courtyard-by-marriott-bali-seminyak-resort,Best for,нет на карточке,карточка в sitemap без Best for,посчитано,,,2026-09-28,
G7,P3,https://www.otherbali.com/places/settimo-cielo-rustic-refined-italian,settimo-cielo-rustic-refined-italian,Best for,нет на карточке,карточка в sitemap без Best for,посчитано,,,2026-09-28,
G7,P3,https://www.otherbali.com/places/shiro-sushi-sake-bar,shiro-sushi-sake-bar,Best for,нет на карточке,карточка в sitemap без Best for,посчитано,,,2026-09-28,
G7,P3,https://www.otherbali.com/places/shishi-izakaya-lounge,shishi-izakaya-lounge,Best for,нет на карточке,карточка в sitemap без Best for,посчитано,,,2026-09-28,
G7,P3,https://www.otherbali.com/places/shishi-nightclub-and-izakaya-lounge,shishi-nightclub-and-izakaya-lounge,Best for,нет на карточке,карточка в sitemap без Best for,посчитано,,,2026-09-28,
G7,P3,https://www.otherbali.com/places/south-east-brewing-co,south-east-brewing-co,Best for,нет на карточке,карточка в sitemap без Best for,посчитано,,,2026-09-28,
G7,P3,https://www.otherbali.com/places/spice-mantraa-at-seminyak,spice-mantraa-at-seminyak,Best for,нет на карточке,карточка в sitemap без Best for,посчитано,,,2026-09-28,
G7,P3,https://www.otherbali.com/places/sugarsand,sugarsand,Best for,нет на карточке,карточка в sitemap без Best for,посчитано,,,2026-09-28,
G7,P3,https://www.otherbali.com/places/suzie-q-at-double-six-luxury-hotel,suzie-q-at-double-six-luxury-hotel,Best for,нет на карточке,карточка в sitemap без Best for,посчитано,,,2026-09-28,
G7,P3,https://www.otherbali.com/places/tadd-s-restaurant-at-montigo-resorts-seminyak,tadd-s-restaurant-at-montigo-resorts-seminyak,Best for,нет на карточке,карточка в sitemap без Best for,посчитано,,,2026-09-28,
G7,P3,https://www.otherbali.com/places/takumi-japanese-fine-dining,takumi-japanese-fine-dining,Best for,нет на карточке,карточка в sitemap без Best for,посчитано,,,2026-09-28,
G7,P3,https://www.otherbali.com/places/the-club-bali,the-club-bali,Best for,нет на карточке,карточка в sitemap без Best for,посчитано,,,2026-09-28,
G7,P3,https://www.otherbali.com/places/the-forge,the-forge,Best for,нет на карточке,карточка в sitemap без Best for,посчитано,,,2026-09-28,
G7,P3,https://www.otherbali.com/places/the-junction-house-cafe-and-restaurant-seminyak,the-junction-house-cafe-and-restaurant-seminyak,Best for,нет на карточке,карточка в sitemap без Best for,посчитано,,,2026-09-28,
G7,P3,https://www.otherbali.com/places/the-restaurant-at-the-legian-seminyak,the-restaurant-at-the-legian-seminyak,Best for,нет на карточке,карточка в sitemap без Best for,посчитано,,,2026-09-28,
G7,P3,https://www.otherbali.com/places/the-plantation-grill-seminyak-at-double-six-luxury-hotel,the-plantation-grill-seminyak-at-double-six-luxury-hotel,Best for,нет на карточке,карточка в sitemap без Best for,посчитано,,,2026-09-28,
G7,P3,https://www.otherbali.com/places/the-wok-spices,the-wok-spices,Best for,нет на карточке,карточка в sitemap без Best for,посчитано,,,2026-09-28,
G7,P3,https://www.otherbali.com/places/tunu-bistro,tunu-bistro,Best for,нет на карточке,карточка в sitemap без Best for,посчитано,,,2026-09-28,
G7,P3,https://www.otherbali.com/places/urban-bites-at-seminyak,urban-bites-at-seminyak,Best for,нет на карточке,карточка в sitemap без Best for,посчитано,,,2026-09-28,
G7,P3,https://www.otherbali.com/places/vrindavan-100-pure-indian-vegetarian-and-vegan-restaurant,vrindavan-100-pure-indian-vegetarian-and-vegan-restaurant,Best for,нет на карточке,карточка в sitemap без Best for,посчитано,,,2026-09-28,
G7,P3,https://www.otherbali.com/places/york,york,Best for,нет на карточке,карточка в sitemap без Best for,посчитано,,,2026-09-28,
G7,P3,https://www.otherbali.com/places/younghee-bali,younghee-bali,Best for,нет на карточке,карточка в sitemap без Best for,посчитано,,,2026-09-28,
G7,P3,https://www.otherbali.com/places/zia-tina-eatery,zia-tina-eatery,Best for,нет на карточке,карточка в sitemap без Best for,посчитано,,,2026-09-28,
G7,P3,https://www.otherbali.com/places/house-of-tundra,house-of-tundra,Best for,нет на карточке,карточка в sitemap без Best for,посчитано,,,2026-09-28,
G7,P3,https://www.otherbali.com/places/nusantara,nusantara,Best for,нет на карточке,карточка в sitemap без Best for,посчитано,,,2026-09-28,
G7,P3,https://www.otherbali.com/places/swarga-rasa-by-de-moksha,swarga-rasa-by-de-moksha,Best for,нет на карточке,карточка в sitemap без Best for,посчитано,,,2026-09-28,
G7,P3,https://www.otherbali.com/places/samiya-restaurant-at-homm-saranam-baturiti,samiya-restaurant-at-homm-saranam-baturiti,Best for,нет на карточке,карточка в sitemap без Best for,посчитано,,,2026-09-28,
G7,P3,https://www.otherbali.com/places/waka-bar-and-restaurant-wakagangga-boutique-resort,waka-bar-and-restaurant-wakagangga-boutique-resort,Best for,нет на карточке,карточка в sitemap без Best for,посчитано,,,2026-09-28,
G7,P3,https://www.otherbali.com/places/air-cafe-and-lounge-at-the-sebali-resort,air-cafe-and-lounge-at-the-sebali-resort,Best for,нет на карточке,карточка в sitemap без Best for,посчитано,,,2026-09-28,
G7,P3,https://www.otherbali.com/places/amateras-restaurant-at-jannata-resort-and-spa,amateras-restaurant-at-jannata-resort-and-spa,Best for,нет на карточке,карточка в sitemap без Best for,посчитано,,,2026-09-28,
G7,P3,https://www.otherbali.com/places/ambar-ubud-bar-at-mandapa-a-ritz-carlton-reserve,ambar-ubud-bar-at-mandapa-a-ritz-carlton-reserve,Best for,нет на карточке,карточка в sitemap без Best for,посчитано,,,2026-09-28,
G7,P3,https://www.otherbali.com/places/arcadia,arcadia,Best for,нет на карточке,карточка в sitemap без Best for,посчитано,,,2026-09-28,
G7,P3,https://www.otherbali.com/places/arctic-restaurant-breakfast-brunch-and-dinner,arctic-restaurant-breakfast-brunch-and-dinner,Best for,нет на карточке,карточка в sitemap без Best for,посчитано,,,2026-09-28,
G7,P3,https://www.otherbali.com/places/ary-s-book-cafe,ary-s-book-cafe,Best for,нет на карточке,карточка в sitemap без Best for,посчитано,,,2026-09-28,
G7,P3,https://www.otherbali.com/places/baas-terrace-and-wine-locked-lounge-at-metland-venya-ubud,baas-terrace-and-wine-locked-lounge-at-metland-venya-ubud,Best for,нет на карточке,карточка в sitemap без Best for,посчитано,,,2026-09-28,
G7,P3,https://www.otherbali.com/places/bale-udang-ubud,bale-udang-ubud,Best for,нет на карточке,карточка в sitemap без Best for,посчитано,,,2026-09-28,
G7,P3,https://www.otherbali.com/places/bamboo-shoot-restaurant-at-emana-bambooscape,bamboo-shoot-restaurant-at-emana-bambooscape,Best for,нет на карточке,карточка в sitemap без Best for,посчитано,,,2026-09-28,
G7,P3,https://www.otherbali.com/places/basilico-ubud-restaurant,basilico-ubud-restaurant,Best for,нет на карточке,карточка в sitemap без Best for,посчитано,,,2026-09-28,
G7,P3,https://www.otherbali.com/places/bee-cafe-ubud-at-beehouse-dijiwa-ubud,bee-cafe-ubud-at-beehouse-dijiwa-ubud,Best for,нет на карточке,карточка в sitemap без Best for,посчитано,,,2026-09-28,
G7,P3,https://www.otherbali.com/places/begawan-biji-restaurant-ubud-organic-farm-to-table,begawan-biji-restaurant-ubud-organic-farm-to-table,Best for,нет на карточке,карточка в sitemap без Best for,посчитано,,,2026-09-28,
G7,P3,https://www.otherbali.com/places/belantara-restaurant-at-kastara-resort-and-spa,belantara-restaurant-at-kastara-resort-and-spa,Best for,нет на карточке,карточка в sitemap без Best for,посчитано,,,2026-09-28,
G7,P3,https://www.otherbali.com/places/bell-aria-seres-springs-resort-and-spa-ubud,bell-aria-seres-springs-resort-and-spa-ubud,Best for,нет на карточке,карточка в sitemap без Best for,посчитано,,,2026-09-28,
G7,P3,https://www.otherbali.com/places/birdhill-restaurant-at-amora-ubud-boutique-villas,birdhill-restaurant-at-amora-ubud-boutique-villas,Best for,нет на карточке,карточка в sitemap без Best for,посчитано,,,2026-09-28,
G7,P3,https://www.otherbali.com/places/bisma-valley-at-adiwana-bisma,bisma-valley-at-adiwana-bisma,Best for,нет на карточке,карточка в sitemap без Best for,посчитано,,,2026-09-28,
G7,P3,https://www.otherbali.com/places/black-garlic-ubud,black-garlic-ubud,Best for,нет на карточке,карточка в sitemap без Best for,посчитано,,,2026-09-28,
G7,P3,https://www.otherbali.com/places/blue-mountains-bali,blue-mountains-bali,Best for,нет на карточке,карточка в sitemap без Best for,посчитано,,,2026-09-28,
G7,P3,https://www.otherbali.com/places/botanist-restaurant-ubud-at-blue-karma-dijiwa-ubud,botanist-restaurant-ubud-at-blue-karma-dijiwa-ubud,Best for,нет на карточке,карточка в sitemap без Best for,посчитано,,,2026-09-28,
G7,P3,https://www.otherbali.com/places/bukit-cinta-restaurant-and-bar-at-the-lokha-ubud,bukit-cinta-restaurant-and-bar-at-the-lokha-ubud,Best for,нет на карточке,карточка в sitemap без Best for,посчитано,,,2026-09-28,
G7,P3,https://www.otherbali.com/places/bulan-madu-restaurant-amora-ubud-boutique-villas,bulan-madu-restaurant-amora-ubud-boutique-villas,Best for,нет на карточке,карточка в sitemap без Best for,посчитано,,,2026-09-28,
G7,P3,https://www.otherbali.com/places/cabana-lounge-at-alila-ubud,cabana-lounge-at-alila-ubud,Best for,нет на карточке,карточка в sitemap без Best for,посчитано,,,2026-09-28,
G7,P3,https://www.otherbali.com/places/chito-caucasus-cuisine-bistro,chito-caucasus-cuisine-bistro,Best for,нет на карточке,карточка в sitemap без Best for,посчитано,,,2026-09-28,
G7,P3,https://www.otherbali.com/places/chora-mediterranean-restaurant-and-bar,chora-mediterranean-restaurant-and-bar,Best for,нет на карточке,карточка в sitemap без Best for,посчитано,,,2026-09-28,
G7,P3,https://www.otherbali.com/places/cinta-grill,cinta-grill,Best for,нет на карточке,карточка в sitemap без Best for,посчитано,,,2026-09-28,
G7,P3,https://www.otherbali.com/places/citrus-restaurant-ubud,citrus-restaurant-ubud,Best for,нет на карточке,карточка в sitemap без Best for,посчитано,,,2026-09-28,
G7,P3,https://www.otherbali.com/places/clover-cafe-at-the-hava-ubud,clover-cafe-at-the-hava-ubud,Best for,нет на карточке,карточка в sitemap без Best for,посчитано,,,2026-09-28,
G7,P3,https://www.otherbali.com/places/collina-kawi-restaurant-at-kawi-resort,collina-kawi-restaurant-at-kawi-resort,Best for,нет на карточке,карточка в sitemap без Best for,посчитано,,,2026-09-28,
G7,P3,https://www.otherbali.com/places/cretya-sunset-by-alas-harum,cretya-sunset-by-alas-harum,Best for,нет на карточке,карточка в sitemap без Best for,посчитано,,,2026-09-28,
G7,P3,https://www.otherbali.com/places/d-pondok-warung-pondok-sebatu-villa,d-pondok-warung-pondok-sebatu-villa,Best for,нет на карточке,карточка в sitemap без Best for,посчитано,,,2026-09-28,
G7,P3,https://www.otherbali.com/places/de-daara-eateries-anandadara-ubud,de-daara-eateries-anandadara-ubud,Best for,нет на карточке,карточка в sitemap без Best for,посчитано,,,2026-09-28,
G7,P3,https://www.otherbali.com/places/di-sini-di-sana-by-rachman-and-sons,di-sini-di-sana-by-rachman-and-sons,Best for,нет на карточке,карточка в sitemap без Best for,посчитано,,,2026-09-28,
G7,P3,https://www.otherbali.com/places/dining-corner-kayumanis-ubud,dining-corner-kayumanis-ubud,Best for,нет на карточке,карточка в sitemap без Best for,посчитано,,,2026-09-28,
G7,P3,https://www.otherbali.com/places/divya-bar-ubud,divya-bar-ubud,Best for,нет на карточке,карточка в sitemap без Best for,посчитано,,,2026-09-28,
G7,P3,https://www.otherbali.com/places/enclave-ubud-at-plataran-ubud,enclave-ubud-at-plataran-ubud,Best for,нет на карточке,карточка в sitemap без Best for,посчитано,,,2026-09-28,
G7,P3,https://www.otherbali.com/places/figo-italian-restaurant-ubud,figo-italian-restaurant-ubud,Best for,нет на карточке,карточка в sitemap без Best for,посчитано,,,2026-09-28,
G7,P3,https://www.otherbali.com/places/french-kiss-restaurant,french-kiss-restaurant,Best for,нет на карточке,карточка в sitemap без Best for,посчитано,,,2026-09-28,
G7,P3,https://www.otherbali.com/places/friends-cafe-and-bistro,friends-cafe-and-bistro,Best for,нет на карточке,карточка в sitemap без Best for,посчитано,,,2026-09-28,
G7,P3,https://www.otherbali.com/places/gabriel-french-bistro,gabriel-french-bistro,Best for,нет на карточке,карточка в sitemap без Best for,посчитано,,,2026-09-28,
G7,P3,https://www.otherbali.com/places/ganesha-ek-sanskriti-at-ubud,ganesha-ek-sanskriti-at-ubud,Best for,нет на карточке,карточка в sitemap без Best for,посчитано,,,2026-09-28,
G7,P3,https://www.otherbali.com/places/gauri-by-ely-s-kitchen-at-adiwana-unagi-riverfront,gauri-by-ely-s-kitchen-at-adiwana-unagi-riverfront,Best for,нет на карточке,карточка в sitemap без Best for,посчитано,,,2026-09-28,
G7,P3,https://www.otherbali.com/places/genio-by-twist,genio-by-twist,Best for,нет на карточке,карточка в sitemap без Best for,посчитано,,,2026-09-28,
G7,P3,https://www.otherbali.com/places/glow-restaurant-at-como-shambhala-estate,glow-restaurant-at-como-shambhala-estate,Best for,нет на карточке,карточка в sitemap без Best for,посчитано,,,2026-09-28,
G7,P3,https://www.otherbali.com/places/habitat-bistro-restaurant-ubud-by-wonderspace,habitat-bistro-restaurant-ubud-by-wonderspace,Best for,нет на карточке,карточка в sitemap без Best for,посчитано,,,2026-09-28,
G7,P3,https://www.otherbali.com/places/hotapa-kitchen,hotapa-kitchen,Best for,нет на карточке,карточка в sitemap без Best for,посчитано,,,2026-09-28,
G7,P3,https://www.otherbali.com/places/hura-restaurant-at-the-pala-ubud-villas,hura-restaurant-at-the-pala-ubud-villas,Best for,нет на карточке,карточка в sitemap без Best for,посчитано,,,2026-09-28,
G7,P3,https://www.otherbali.com/places/ibu-susu-bar-and-kitchen,ibu-susu-bar-and-kitchen,Best for,нет на карточке,карточка в sitemap без Best for,посчитано,,,2026-09-28,
G7,P3,https://www.otherbali.com/places/injoy,injoy,Best for,нет на карточке,карточка в sitemap без Best for,посчитано,,,2026-09-28,
G7,P3,https://www.otherbali.com/places/jack-fruit-restaurant-at-pramana-giri-kusuma,jack-fruit-restaurant-at-pramana-giri-kusuma,Best for,нет на карточке,карточка в sitemap без Best for,посчитано,,,2026-09-28,
G7,P3,https://www.otherbali.com/places/janger-restaurant-at-puri-wulandari-a-boutique-resort-and-spa,janger-restaurant-at-puri-wulandari-a-boutique-resort-and-spa,Best for,нет на карточке,карточка в sitemap без Best for,посчитано,,,2026-09-28,
G7,P3,https://www.otherbali.com/places/juggan-sky,juggan-sky,Best for,нет на карточке,карточка в sitemap без Best for,посчитано,,,2026-09-28,
G7,P3,https://www.otherbali.com/places/kaukau-restaurant-at-arkamara-dijiwa-ubud,kaukau-restaurant-at-arkamara-dijiwa-ubud,Best for,нет на карточке,карточка в sitemap без Best for,посчитано,,,2026-09-28,
G7,P3,https://www.otherbali.com/places/kawa-hibachi-at-kastara-resort-and-spa,kawa-hibachi-at-kastara-resort-and-spa,Best for,нет на карточке,карточка в sitemap без Best for,посчитано,,,2026-09-28,
G7,P3,https://www.otherbali.com/places/kemiri-restaurant-at-como-uma-ubud,kemiri-restaurant-at-como-uma-ubud,Best for,нет на карточке,карточка в sitemap без Best for,посчитано,,,2026-09-28,
G7,P3,https://www.otherbali.com/places/kemangi-ubud-resto-at-adiwana-svarga-loka,kemangi-ubud-resto-at-adiwana-svarga-loka,Best for,нет на карточке,карточка в sitemap без Best for,посчитано,,,2026-09-28,
G7,P3,https://www.otherbali.com/places/kemukus-restaurant-kuwarasan-a-pramana-experience,kemukus-restaurant-kuwarasan-a-pramana-experience,Best for,нет на карточке,карточка в sitemap без Best for,посчитано,,,2026-09-28,
G7,P3,https://www.otherbali.com/places/kubu-at-mandapa,kubu-at-mandapa,Best for,нет на карточке,карточка в sitemap без Best for,посчитано,,,2026-09-28,
G7,P3,https://www.otherbali.com/places/kudus-house-at-como-shambhala-estate,kudus-house-at-como-shambhala-estate,Best for,нет на карточке,карточка в sitemap без Best for,посчитано,,,2026-09-28,
G7,P3,https://www.otherbali.com/places/ksuna-restaurant,ksuna-restaurant,Best for,нет на карточке,карточка в sitemap без Best for,посчитано,,,2026-09-28,
G7,P3,https://www.otherbali.com/places/kunang-kunang-restaurant-at-the-sun-of-granary-resort-and-villas,kunang-kunang-restaurant-at-the-sun-of-granary-resort-and-villas,Best for,нет на карточке,карточка в sitemap без Best for,посчитано,,,2026-09-28,
G7,P3,https://www.otherbali.com/places/kyoka-japanese-kitchen-ubud,kyoka-japanese-kitchen-ubud,Best for,нет на карточке,карточка в sitemap без Best for,посчитано,,,2026-09-28,
G7,P3,https://www.otherbali.com/places/le-gastronome-restaurant-at-keliki-luxury-lodge,le-gastronome-restaurant-at-keliki-luxury-lodge,Best for,нет на карточке,карточка в sitemap без Best for,посчитано,,,2026-09-28,
G7,P3,https://www.otherbali.com/places/livingstone-holyground,livingstone-holyground,Best for,нет на карточке,карточка в sitemap без Best for,посчитано,,,2026-09-28,
G7,P3,https://www.otherbali.com/places/lumbung-restaurant-at-visesa-ubud-resort,lumbung-restaurant-at-visesa-ubud-resort,Best for,нет на карточке,карточка в sitemap без Best for,посчитано,,,2026-09-28,
G7,P3,https://www.otherbali.com/places/madhubann-pure-veg-indian-restaurant,madhubann-pure-veg-indian-restaurant,Best for,нет на карточке,карточка в sitemap без Best for,посчитано,,,2026-09-28,
G7,P3,https://www.otherbali.com/places/lynked-restaurant,lynked-restaurant,Best for,нет на карточке,карточка в sitemap без Best for,посчитано,,,2026-09-28,
G7,P3,https://www.otherbali.com/places/malam-asian-grill,malam-asian-grill,Best for,нет на карточке,карточка в sitemap без Best for,посчитано,,,2026-09-28,
G7,P3,https://www.otherbali.com/places/mamu-garden-cafe-and-lounge,mamu-garden-cafe-and-lounge,Best for,нет на карточке,карточка в sitemap без Best for,посчитано,,,2026-09-28,
G7,P3,https://www.otherbali.com/places/melali-ubud,melali-ubud,Best for,нет на карточке,карточка в sitemap без Best for,посчитано,,,2026-09-28,
G7,P3,https://www.otherbali.com/places/meat-eat,meat-eat,Best for,нет на карточке,карточка в sitemap без Best for,посчитано,,,2026-09-28,
G7,P3,https://www.otherbali.com/places/natys-bar-and-grill-ubud,natys-bar-and-grill-ubud,Best for,нет на карточке,карточка в sitemap без Best for,посчитано,,,2026-09-28,
G7,P3,https://www.otherbali.com/places/natys-restaurant-ubud-at-natya-resort-ubud,natys-restaurant-ubud-at-natya-resort-ubud,Best for,нет на карточке,карточка в sitemap без Best for,посчитано,,,2026-09-28,
G7,P3,https://www.otherbali.com/places/nautilus,nautilus,Best for,нет на карточке,карточка в sitemap без Best for,посчитано,,,2026-09-28,
G7,P3,https://www.otherbali.com/places/ngajeng-restaurant,ngajeng-restaurant,Best for,нет на карточке,карточка в sitemap без Best for,посчитано,,,2026-09-28,
G7,P3,https://www.otherbali.com/places/noema-greek-restaurant-and-bar,noema-greek-restaurant-and-bar,Best for,нет на карточке,карточка в sitemap без Best for,посчитано,,,2026-09-28,
G7,P3,https://www.otherbali.com/places/nuah,nuah,Best for,нет на карточке,карточка в sitemap без Best for,посчитано,,,2026-09-28,
G7,P3,https://www.otherbali.com/places/padi-restaurant-at-puri-sebali-resort,padi-restaurant-at-puri-sebali-resort,Best for,нет на карточке,карточка в sitemap без Best for,посчитано,,,2026-09-28,
G7,P3,https://www.otherbali.com/places/palapa-restaurant-at-luwak-estate,palapa-restaurant-at-luwak-estate,Best for,нет на карточке,карточка в sitemap без Best for,посчитано,,,2026-09-28,
G7,P3,https://www.otherbali.com/places/paoman-restaurant-at-inara-alas-harum,paoman-restaurant-at-inara-alas-harum,Best for,нет на карточке,карточка в sitemap без Best for,посчитано,,,2026-09-28,
G7,P3,https://www.otherbali.com/places/perantenan-restaurant-at-the-alena-resort,perantenan-restaurant-at-the-alena-resort,Best for,нет на карточке,карточка в sitemap без Best for,посчитано,,,2026-09-28,
G7,P3,https://www.otherbali.com/places/pistachio-restaurant-at-adiwana-bisma,pistachio-restaurant-at-adiwana-bisma,Best for,нет на карточке,карточка в sitemap без Best for,посчитано,,,2026-09-28,
G7,P3,https://www.otherbali.com/places/plantation-restaurant-at-alila-ubud,plantation-restaurant-at-alila-ubud,Best for,нет на карточке,карточка в sitemap без Best for,посчитано,,,2026-09-28,
G7,P3,https://www.otherbali.com/places/queen-s-of-india-at-ubud,queen-s-of-india-at-ubud,Best for,нет на карточке,карточка в sitemap без Best for,посчитано,,,2026-09-28,
G7,P3,https://www.otherbali.com/places/rempah-restaurant-menzel-ubud,rempah-restaurant-menzel-ubud,Best for,нет на карточке,карточка в sitemap без Best for,посчитано,,,2026-09-28,
G7,P3,https://www.otherbali.com/places/river-warung-at-bambu-indah,river-warung-at-bambu-indah,Best for,нет на карточке,карточка в sitemap без Best for,посчитано,,,2026-09-28,
G7,P3,https://www.otherbali.com/places/rize-ubud,rize-ubud,Best for,нет на карточке,карточка в sitemap без Best for,посчитано,,,2026-09-28,
G7,P3,https://www.otherbali.com/places/runara-restaurant-at-abisena-ubud,runara-restaurant-at-abisena-ubud,Best for,нет на карточке,карточка в sitemap без Best for,посчитано,,,2026-09-28,
G7,P3,https://www.otherbali.com/places/sababay-winery,sababay-winery,Best for,нет на карточке,карточка в sitemap без Best for,посчитано,,,2026-09-28,
G7,P3,https://www.otherbali.com/places/sakti-dining-room-fivelements-retreat-bali,sakti-dining-room-fivelements-retreat-bali,Best for,нет на карточке,карточка в sitemap без Best for,посчитано,,,2026-09-28,
G7,P3,https://www.otherbali.com/places/sala-bistro-at-ubud,sala-bistro-at-ubud,Best for,нет на карточке,карточка в sitemap без Best for,посчитано,,,2026-09-28,
G7,P3,https://www.otherbali.com/places/sans-indian-restaurant-ubud-by-wonderspace,sans-indian-restaurant-ubud-by-wonderspace,Best for,нет на карточке,карточка в sitemap без Best for,посчитано,,,2026-09-28,
G7,P3,https://www.otherbali.com/places/sante-wine-and-dine-at-rusters,sante-wine-and-dine-at-rusters,Best for,нет на карточке,карточка в sitemap без Best for,посчитано,,,2026-09-28,
G7,P3,https://www.otherbali.com/places/sawah-terrace-at-mandapa-a-ritz-carlton-reserve,sawah-terrace-at-mandapa-a-ritz-carlton-reserve,Best for,нет на карточке,карточка в sitemap без Best for,посчитано,,,2026-09-28,
G7,P3,https://www.otherbali.com/places/senja-bar-and-resto-at-goya-boutique-resort,senja-bar-and-resto-at-goya-boutique-resort,Best for,нет на карточке,карточка в sitemap без Best for,посчитано,,,2026-09-28,
G7,P3,https://www.otherbali.com/places/serai-restaurant-at-the-hava-ubud,serai-restaurant-at-the-hava-ubud,Best for,нет на карточке,карточка в sitemap без Best for,посчитано,,,2026-09-28,
G7,P3,https://www.otherbali.com/places/shrida,shrida,Best for,нет на карточке,карточка в sitemap без Best for,посчитано,,,2026-09-28,
G7,P3,https://www.otherbali.com/places/simply-social,simply-social,Best for,нет на карточке,карточка в sitemap без Best for,посчитано,,,2026-09-28,
G7,P3,https://www.otherbali.com/places/sky-lounge-by-ely-s-kitchen-at-adiwana-unagi-suites,sky-lounge-by-ely-s-kitchen-at-adiwana-unagi-suites,Best for,нет на карточке,карточка в sitemap без Best for,посчитано,,,2026-09-28,
G7,P3,https://www.otherbali.com/places/soulshine-bali,soulshine-bali,Best for,нет на карточке,карточка в sitemap без Best for,посчитано,,,2026-09-28,
G7,P3,https://www.otherbali.com/places/sumampan-restaurant-at-thewakanda-ubud,sumampan-restaurant-at-thewakanda-ubud,Best for,нет на карточке,карточка в sitemap без Best for,посчитано,,,2026-09-28,
G7,P3,https://www.otherbali.com/places/sungai-restaurant-at-sthala-a-tribute-portfolio-hotel,sungai-restaurant-at-sthala-a-tribute-portfolio-hotel,Best for,нет на карточке,карточка в sitemap без Best for,посчитано,,,2026-09-28,
G7,P3,https://www.otherbali.com/places/swan-restaurant-keramas-desa-swan-villas-and-spa,swan-restaurant-keramas-desa-swan-villas-and-spa,Best for,нет на карточке,карточка в sitemap без Best for,посчитано,,,2026-09-28,
G7,P3,https://www.otherbali.com/places/swiss-chalet-and-grill,swiss-chalet-and-grill,Best for,нет на карточке,карточка в sitemap без Best for,посчитано,,,2026-09-28,
G7,P3,https://www.otherbali.com/places/t-dung-restaurant-pool-and-bar-at-kenran-resort-ubud,t-dung-restaurant-pool-and-bar-at-kenran-resort-ubud,Best for,нет на карточке,карточка в sitemap без Best for,посчитано,,,2026-09-28,
G7,P3,https://www.otherbali.com/places/tabia-the-westin-resort-and-spa-ubud-bali,tabia-the-westin-resort-and-spa-ubud-bali,Best for,нет на карточке,карточка в sitemap без Best for,посчитано,,,2026-09-28,
G7,P3,https://www.otherbali.com/places/tablespoon-ubud-at-adiwana-suweta,tablespoon-ubud-at-adiwana-suweta,Best for,нет на карточке,карточка в sitemap без Best for,посчитано,,,2026-09-28,
G7,P3,https://www.otherbali.com/places/takir-restaurant-and-bar-arya-arkananta-resort-and-spa,takir-restaurant-and-bar-arya-arkananta-resort-and-spa,Best for,нет на карточке,карточка в sitemap без Best for,посчитано,,,2026-09-28,
G7,P3,https://www.otherbali.com/places/tall-trees-at-the-westin-resort-and-spa-ubud-bali,tall-trees-at-the-westin-resort-and-spa-ubud-bali,Best for,нет на карточке,карточка в sitemap без Best for,посчитано,,,2026-09-28,
G7,P3,https://www.otherbali.com/places/tan-ting-restaurant-at-lingga-yoga-by-the-jungle-pots,tan-ting-restaurant-at-lingga-yoga-by-the-jungle-pots,Best for,нет на карточке,карточка в sitemap без Best for,посчитано,,,2026-09-28,
G7,P3,https://www.otherbali.com/places/tanarasa-restaurant-at-tanadewa-resort-ubud-bali-by-cross-collection,tanarasa-restaurant-at-tanadewa-resort-ubud-bali-by-cross-collection,Best for,нет на карточке,карточка в sitemap без Best for,посчитано,,,2026-09-28,
G7,P3,https://www.otherbali.com/places/tangelo-bali,tangelo-bali,Best for,нет на карточке,карточка в sitemap без Best for,посчитано,,,2026-09-28,
G7,P3,https://www.otherbali.com/places/tangi-restaurant-gdas-bali-health-and-wellness-resort,tangi-restaurant-gdas-bali-health-and-wellness-resort,Best for,нет на карточке,карточка в sitemap без Best for,посчитано,,,2026-09-28,
G7,P3,https://www.otherbali.com/places/tekila-mexican-restaurant-ubud,tekila-mexican-restaurant-ubud,Best for,нет на карточке,карточка в sitemap без Best for,посчитано,,,2026-09-28,
G7,P3,https://www.otherbali.com/places/tembaga-restaurant,tembaga-restaurant,Best for,нет на карточке,карточка в sitemap без Best for,посчитано,,,2026-09-28,
G7,P3,https://www.otherbali.com/places/terracotta-restaurant-at-mathis-retreat-ubud,terracotta-restaurant-at-mathis-retreat-ubud,Best for,нет на карточке,карточка в sitemap без Best for,посчитано,,,2026-09-28,
G7,P3,https://www.otherbali.com/places/the-blue-door-bar-restaurant-and-club,the-blue-door-bar-restaurant-and-club,Best for,нет на карточке,карточка в sitemap без Best for,посчитано,,,2026-09-28,
G7,P3,https://www.otherbali.com/places/the-cassowary-restaurant,the-cassowary-restaurant,Best for,нет на карточке,карточка в sitemap без Best for,посчитано,,,2026-09-28,
G7,P3,https://www.otherbali.com/places/the-grill-at-luxe,the-grill-at-luxe,Best for,нет на карточке,карточка в sitemap без Best for,посчитано,,,2026-09-28,
G7,P3,https://www.otherbali.com/places/the-kelusa-at-samsara-ubud,the-kelusa-at-samsara-ubud,Best for,нет на карточке,карточка в sitemap без Best for,посчитано,,,2026-09-28,
G7,P3,https://www.otherbali.com/places/the-lair,the-lair,Best for,нет на карточке,карточка в sitemap без Best for,посчитано,,,2026-09-28,
G7,P3,https://www.otherbali.com/places/the-nini-restaurant-12,the-nini-restaurant-12,Best for,нет на карточке,карточка в sitemap без Best for,посчитано,,,2026-09-28,
G7,P3,https://www.otherbali.com/places/the-orchid-duck-restaurant,the-orchid-duck-restaurant,Best for,нет на карточке,карточка в sitemap без Best for,посчитано,,,2026-09-28,
G7,P3,https://www.otherbali.com/places/the-restaurant-by-keliki-luxury-lodge,the-restaurant-by-keliki-luxury-lodge,Best for,нет на карточке,карточка в sitemap без Best for,посчитано,,,2026-09-28,
G7,P3,https://www.otherbali.com/places/the-swept-away-restaurant-ubud-by-the-samaya-ubud,the-swept-away-restaurant-ubud-by-the-samaya-ubud,Best for,нет на карточке,карточка в sitemap без Best for,посчитано,,,2026-09-28,
G7,P3,https://www.otherbali.com/places/the-upper-deck-ubud,the-upper-deck-ubud,Best for,нет на карточке,карточка в sitemap без Best for,посчитано,,,2026-09-28,
G7,P3,https://www.otherbali.com/places/three-monkeys-bali-at-ubud,three-monkeys-bali-at-ubud,Best for,нет на карточке,карточка в sitemap без Best for,посчитано,,,2026-09-28,
G7,P3,https://www.otherbali.com/places/tis-cafe-ubud,tis-cafe-ubud,Best for,нет на карточке,карточка в sitemap без Best for,посчитано,,,2026-09-28,
G7,P3,https://www.otherbali.com/places/tuju-ubud-social-club,tuju-ubud-social-club,Best for,нет на карточке,карточка в sitemap без Best for,посчитано,,,2026-09-28,
G7,P3,https://www.otherbali.com/places/twist-ubud,twist-ubud,Best for,нет на карточке,карточка в sitemap без Best for,посчитано,,,2026-09-28,
G7,P3,https://www.otherbali.com/places/uma-tiki-restaurant-at-korurua-dijiwa-ubud,uma-tiki-restaurant-at-korurua-dijiwa-ubud,Best for,нет на карточке,карточка в sitemap без Best for,посчитано,,,2026-09-28,
G7,P3,https://www.otherbali.com/places/ume-bali,ume-bali,Best for,нет на карточке,карточка в sitemap без Best for,посчитано,,,2026-09-28,
G7,P3,https://www.otherbali.com/places/uname-ubud-by-pramana,uname-ubud-by-pramana,Best for,нет на карточке,карточка в sitemap без Best for,посчитано,,,2026-09-28,
G7,P3,https://www.otherbali.com/places/vanara-restaurant-at-sanna-ubud,vanara-restaurant-at-sanna-ubud,Best for,нет на карточке,карточка в sitemap без Best for,посчитано,,,2026-09-28,
G7,P3,https://www.otherbali.com/places/wajik-restaurant-by-ely-s-kitchen-unagi-wooden-villas-by-emana,wajik-restaurant-by-ely-s-kitchen-unagi-wooden-villas-by-emana,Best for,нет на карточке,карточка в sitemap без Best for,посчитано,,,2026-09-28,
G7,P3,https://www.otherbali.com/places/vrindavan-100-pure-indian-vegetarian-and-vegan-restaurant-at-ubud,vrindavan-100-pure-indian-vegetarian-and-vegan-restaurant-at-ubud,Best for,нет на карточке,карточка в sitemap без Best for,посчитано,,,2026-09-28,
G7,P3,https://www.otherbali.com/places/waroeng-bernadette-at-ubud,waroeng-bernadette-at-ubud,Best for,нет на карточке,карточка в sitemap без Best for,посчитано,,,2026-09-28,
G7,P3,https://www.otherbali.com/places/yonne-cafe-and-bar-at-sens-hotel-and-spa,yonne-cafe-and-bar-at-sens-hotel-and-spa,Best for,нет на карточке,карточка в sitemap без Best for,посчитано,,,2026-09-28,
G7,P3,https://www.otherbali.com/places/360-rooftop-at-anantara-uluwatu-bali-resort,360-rooftop-at-anantara-uluwatu-bali-resort,Best for,нет на карточке,карточка в sitemap без Best for,посчитано,,,2026-09-28,
G7,P3,https://www.otherbali.com/places/akasa-at-jumeirah-bali,akasa-at-jumeirah-bali,Best for,нет на карточке,карточка в sitemap без Best for,посчитано,,,2026-09-28,
G7,P3,https://www.otherbali.com/places/alma-tapas-bar-at-uluwatu,alma-tapas-bar-at-uluwatu,Best for,нет на карточке,карточка в sitemap без Best for,посчитано,,,2026-09-28,
G7,P3,https://www.otherbali.com/places/artisan-ungasan,artisan-ungasan,Best for,нет на карточке,карточка в sitemap без Best for,посчитано,,,2026-09-28,
G7,P3,https://www.otherbali.com/places/baan-ying-thai,baan-ying-thai,Best for,нет на карточке,карточка в sitemap без Best for,посчитано,,,2026-09-28,
G7,P3,https://www.otherbali.com/places/base-restaurant-at-hideaway-villas-bali-uluwatu,base-restaurant-at-hideaway-villas-bali-uluwatu,Best for,нет на карточке,карточка в sitemap без Best for,посчитано,,,2026-09-28,
G7,P3,https://www.otherbali.com/places/botol-biru-bar-and-grill-at-anantara-uluwatu-bali-resort,botol-biru-bar-and-grill-at-anantara-uluwatu-bali-resort,Best for,нет на карточке,карточка в sitemap без Best for,посчитано,,,2026-09-28,
G7,P3,https://www.otherbali.com/places/chaskaa-modern-indian-cuisine-and-bar-at-jimbaran,chaskaa-modern-indian-cuisine-and-bar-at-jimbaran,Best for,нет на карточке,карточка в sitemap без Best for,посчитано,,,2026-09-28,
G7,P3,https://www.otherbali.com/places/clay-craft-at-renaissance-bali-uluwatu-resort-and-spa,clay-craft-at-renaissance-bali-uluwatu-resort-and-spa,Best for,нет на карточке,карточка в sitemap без Best for,посчитано,,,2026-09-28,
G7,P3,https://www.otherbali.com/places/double-ikat,double-ikat,Best for,нет на карточке,карточка в sitemap без Best for,посчитано,,,2026-09-28,
G7,P3,https://www.otherbali.com/places/filini-restaurant,filini-restaurant,Best for,нет на карточке,карточка в sitemap без Best for,посчитано,,,2026-09-28,
G7,P3,https://www.otherbali.com/places/hedonist-space-restaurant-lounge-bar,hedonist-space-restaurant-lounge-bar,Best for,нет на карточке,карточка в sitemap без Best for,посчитано,,,2026-09-28,
G7,P3,https://www.otherbali.com/places/hidden-gem-uluwatu-at-hidden-hills-villas,hidden-gem-uluwatu-at-hidden-hills-villas,Best for,нет на карточке,карточка в sitemap без Best for,посчитано,,,2026-09-28,
G7,P3,https://www.otherbali.com/places/mantra-at-jumeirah-bali,mantra-at-jumeirah-bali,Best for,нет на карточке,карточка в sitemap без Best for,посчитано,,,2026-09-28,
G7,P3,https://www.otherbali.com/places/notte-bali,notte-bali,Best for,нет на карточке,карточка в sitemap без Best for,посчитано,,,2026-09-28,
G7,P3,https://www.otherbali.com/places/oliverra-restaurant-at-umana-bali-lxr-hotels-and-resorts,oliverra-restaurant-at-umana-bali-lxr-hotels-and-resorts,Best for,нет на карточке,карточка в sitemap без Best for,посчитано,,,2026-09-28,
G7,P3,https://www.otherbali.com/places/roosterfish-beach-club,roosterfish-beach-club,Best for,нет на карточке,карточка в sitemap без Best for,посчитано,,,2026-09-28,
G7,P3,https://www.otherbali.com/places/samudra-ganesha-indian-restaurant-and-bar,samudra-ganesha-indian-restaurant-and-bar,Best for,нет на карточке,карточка в sitemap без Best for,посчитано,,,2026-09-28,
G7,P3,https://www.otherbali.com/places/segaran-dining-terrace-at-jumeirah-bali,segaran-dining-terrace-at-jumeirah-bali,Best for,нет на карточке,карточка в sitemap без Best for,посчитано,,,2026-09-28,
G7,P3,https://www.otherbali.com/places/suka-uluwatu,suka-uluwatu,Best for,нет на карточке,карточка в sitemap без Best for,посчитано,,,2026-09-28,
G7,P3,https://www.otherbali.com/places/sunset-beach-bar-and-grill-uluwatu-bukit,sunset-beach-bar-and-grill-uluwatu-bukit,Best for,нет на карточке,карточка в sitemap без Best for,посчитано,,,2026-09-28,
G7,P3,https://www.otherbali.com/places/the-cave-by-chef-ryan-clift-at-the-edge,the-cave-by-chef-ryan-clift-at-the-edge,Best for,нет на карточке,карточка в sitemap без Best for,посчитано,,,2026-09-28,
G7,P3,https://www.otherbali.com/places/the-view-restaurant-bali,the-view-restaurant-bali,Best for,нет на карточке,карточка в sitemap без Best for,посчитано,,,2026-09-28,
G7,P3,https://www.otherbali.com/places/uma-beach-house,uma-beach-house,Best for,нет на карточке,карточка в sitemap без Best for,посчитано,,,2026-09-28,
G7,P3,https://www.otherbali.com/places/wanaku-chinese-food-seafood-and-dimsum,wanaku-chinese-food-seafood-and-dimsum,Best for,нет на карточке,карточка в sitemap без Best for,посчитано,,,2026-09-28,
G7,P3,https://www.otherbali.com/places/watu-steakhouse-six-senses-uluwatu,watu-steakhouse-six-senses-uluwatu,Best for,нет на карточке,карточка в sitemap без Best for,посчитано,,,2026-09-28,
G7,P3,https://www.otherbali.com/places/whim-restaurant,whim-restaurant,Best for,нет на карточке,карточка в sitemap без Best for,посчитано,,,2026-09-28,
G7,P3,https://www.otherbali.com/places/jaansan-beach-house-restaurant-bar-and-lounge-at-kelan-beach,jaansan-beach-house-restaurant-bar-and-lounge-at-kelan-beach,verdict,нет на карточке,карточка в sitemap без вердикта/why_its_here,посчитано,,,2026-09-28,
G7,P3,https://www.otherbali.com/places/la-santa-rosa,la-santa-rosa,verdict,нет на карточке,карточка в sitemap без вердикта/why_its_here,посчитано,,,2026-09-28,
G7,P3,https://www.otherbali.com/places/aribar-tapas-cantina,aribar-tapas-cantina,verdict,нет на карточке,карточка в sitemap без вердикта/why_its_here,посчитано,,,2026-09-28,
G7,P3,https://www.otherbali.com/places/big-fish-grill,big-fish-grill,verdict,нет на карточке,карточка в sitemap без вердикта/why_its_here,посчитано,,,2026-09-28,
G7,P3,https://www.otherbali.com/places/boardwalk-restaurant-bali,boardwalk-restaurant-bali,verdict,нет на карточке,карточка в sitemap без вердикта/why_its_here,посчитано,,,2026-09-28,
G7,P3,https://www.otherbali.com/places/daily-social,daily-social,verdict,нет на карточке,карточка в sitemap без вердикта/why_its_here,посчитано,,,2026-09-28,
G7,P3,https://www.otherbali.com/places/envy-restaurant,envy-restaurant,verdict,нет на карточке,карточка в sitemap без вердикта/why_its_here,посчитано,,,2026-09-28,
G7,P3,https://www.otherbali.com/places/kabar-grill,kabar-grill,verdict,нет на карточке,карточка в sitemap без вердикта/why_its_here,посчитано,,,2026-09-28,
G7,P3,https://www.otherbali.com/places/ocean-terrace-restaurant-at-legian-beach-hotel,ocean-terrace-restaurant-at-legian-beach-hotel,verdict,нет на карточке,карточка в sitemap без вердикта/why_its_here,посчитано,,,2026-09-28,
G7,P3,https://www.otherbali.com/places/rosso-vivo-dine-and-lounge,rosso-vivo-dine-and-lounge,verdict,нет на карточке,карточка в sitemap без вердикта/why_its_here,посчитано,,,2026-09-28,
G7,P3,https://www.otherbali.com/places/temple-by-ginger-moon,temple-by-ginger-moon,verdict,нет на карточке,карточка в sitemap без вердикта/why_its_here,посчитано,,,2026-09-28,
G7,P3,https://www.otherbali.com/places/the-bandha-hotel-and-suites,the-bandha-hotel-and-suites,verdict,нет на карточке,карточка в sitemap без вердикта/why_its_here,посчитано,,,2026-09-28,
G7,P3,https://www.otherbali.com/places/the-naked-tiger,the-naked-tiger,verdict,нет на карточке,карточка в sitemap без вердикта/why_its_here,посчитано,,,2026-09-28,
G7,P3,https://www.otherbali.com/places/warung-damar,warung-damar,verdict,нет на карточке,карточка в sitemap без вердикта/why_its_here,посчитано,,,2026-09-28,
G7,P3,https://www.otherbali.com/places/burma-noodles-and-curry,burma-noodles-and-curry,verdict,нет на карточке,карточка в sitemap без вердикта/why_its_here,посчитано,,,2026-09-28,
G7,P3,https://www.otherbali.com/places/cliff-at-canna,cliff-at-canna,verdict,нет на карточке,карточка в sitemap без вердикта/why_its_here,посчитано,,,2026-09-28,
G7,P3,https://www.otherbali.com/places/momo-bar-at-the-courtyard-by-marriott-bali-nusa-dua,momo-bar-at-the-courtyard-by-marriott-bali-nusa-dua,verdict,нет на карточке,карточка в sitemap без вердикта/why_its_here,посчитано,,,2026-09-28,
G7,P3,https://www.otherbali.com/places/sapa-seafood-and-grill-nusa-dua,sapa-seafood-and-grill-nusa-dua,verdict,нет на карточке,карточка в sitemap без вердикта/why_its_here,посчитано,,,2026-09-28,
G7,P3,https://www.otherbali.com/places/tenji-sushi,tenji-sushi,verdict,нет на карточке,карточка в sitemap без вердикта/why_its_here,посчитано,,,2026-09-28,
G7,P3,https://www.otherbali.com/places/amok-sunset-restaurant-and-bar,amok-sunset-restaurant-and-bar,verdict,нет на карточке,карточка в sitemap без вердикта/why_its_here,посчитано,,,2026-09-28,
G7,P3,https://www.otherbali.com/places/casa-bambu-cantina,casa-bambu-cantina,verdict,нет на карточке,карточка в sitemap без вердикта/why_its_here,посчитано,,,2026-09-28,
G7,P3,https://www.otherbali.com/places/arunika-restaurant-by-the-meru-sanur,arunika-restaurant-by-the-meru-sanur,verdict,нет на карточке,карточка в sitemap без вердикта/why_its_here,посчитано,,,2026-09-28,
G7,P3,https://www.otherbali.com/places/costa-beach-restaurant,costa-beach-restaurant,verdict,нет на карточке,карточка в sitemap без вердикта/why_its_here,посчитано,,,2026-09-28,
G7,P3,https://www.otherbali.com/places/kayumanis-seaside-restaurant-sanur,kayumanis-seaside-restaurant-sanur,verdict,нет на карточке,карточка в sitemap без вердикта/why_its_here,посчитано,,,2026-09-28,
G7,P3,https://www.otherbali.com/places/kimukatsu-icon-bali,kimukatsu-icon-bali,verdict,нет на карточке,карточка в sitemap без вердикта/why_its_here,посчитано,,,2026-09-28,
G7,P3,https://www.otherbali.com/places/lava-gastrobar-grill,lava-gastrobar-grill,verdict,нет на карточке,карточка в sitemap без вердикта/why_its_here,посчитано,,,2026-09-28,
G7,P3,https://www.otherbali.com/places/luca-bali-sanur,luca-bali-sanur,verdict,нет на карточке,карточка в sitemap без вердикта/why_its_here,посчитано,,,2026-09-28,
G7,P3,https://www.otherbali.com/places/mozza-sanur,mozza-sanur,verdict,нет на карточке,карточка в sitemap без вердикта/why_its_here,посчитано,,,2026-09-28,
G7,P3,https://www.otherbali.com/places/sumitra-luxury-villas-and-resort-by-pramana,sumitra-luxury-villas-and-resort-by-pramana,verdict,нет на карточке,карточка в sitemap без вердикта/why_its_here,посчитано,,,2026-09-28,
G7,P3,https://www.otherbali.com/places/the-1o1-bali-oasis-sanur,the-1o1-bali-oasis-sanur,verdict,нет на карточке,карточка в sitemap без вердикта/why_its_here,посчитано,,,2026-09-28,
G7,P3,https://www.otherbali.com/places/the-village-cucina-italiana,the-village-cucina-italiana,verdict,нет на карточке,карточка в sitemap без вердикта/why_its_here,посчитано,,,2026-09-28,
G7,P3,https://www.otherbali.com/places/tree-bar-at-maya-sanur-resort-and-spa,tree-bar-at-maya-sanur-resort-and-spa,verdict,нет на карточке,карточка в sitemap без вердикта/why_its_here,посчитано,,,2026-09-28,
G7,P3,https://www.otherbali.com/places/tsune-japanese-restaurant-bali-by-wonderspace,tsune-japanese-restaurant-bali-by-wonderspace,verdict,нет на карточке,карточка в sitemap без вердикта/why_its_here,посчитано,,,2026-09-28,
G7,P3,https://www.otherbali.com/places/amber-resto-seminyak,amber-resto-seminyak,verdict,нет на карточке,карточка в sitemap без вердикта/why_its_here,посчитано,,,2026-09-28,
G7,P3,https://www.otherbali.com/places/casa-blanca-bali,casa-blanca-bali,verdict,нет на карточке,карточка в sitemap без вердикта/why_its_here,посчитано,,,2026-09-28,
G7,P3,https://www.otherbali.com/places/casadia-restaurant-and-bar,casadia-restaurant-and-bar,verdict,нет на карточке,карточка в sitemap без вердикта/why_its_here,посчитано,,,2026-09-28,
G7,P3,https://www.otherbali.com/places/cocoon-seminyak,cocoon-seminyak,verdict,нет на карточке,карточка в sitemap без вердикта/why_its_here,посчитано,,,2026-09-28,
G7,P3,https://www.otherbali.com/places/fu-house-seminyak,fu-house-seminyak,verdict,нет на карточке,карточка в sitemap без вердикта/why_its_here,посчитано,,,2026-09-28,
G7,P3,https://www.otherbali.com/places/huge-restaurant,huge-restaurant,verdict,нет на карточке,карточка в sitemap без вердикта/why_its_here,посчитано,,,2026-09-28,
G7,P3,https://www.otherbali.com/places/infinity-beach-club,infinity-beach-club,verdict,нет на карточке,карточка в sitemap без вердикта/why_its_here,посчитано,,,2026-09-28,
G7,P3,https://www.otherbali.com/places/isaya-teppanyaki-boutique-seminyak,isaya-teppanyaki-boutique-seminyak,verdict,нет на карточке,карточка в sitemap без вердикта/why_its_here,посчитано,,,2026-09-28,
G7,P3,https://www.otherbali.com/places/jackson-lily-s-by-ginger-moon,jackson-lily-s-by-ginger-moon,verdict,нет на карточке,карточка в sitemap без вердикта/why_its_here,посчитано,,,2026-09-28,
G7,P3,https://www.otherbali.com/places/la-favela-bali,la-favela-bali,verdict,нет на карточке,карточка в sitemap без вердикта/why_its_here,посчитано,,,2026-09-28,
G7,P3,https://www.otherbali.com/places/malverde-tequileria-and-nightclub,malverde-tequileria-and-nightclub,verdict,нет на карточке,карточка в sitemap без вердикта/why_its_here,посчитано,,,2026-09-28,
G7,P3,https://www.otherbali.com/places/mase-kitchen-and-bar,mase-kitchen-and-bar,verdict,нет на карточке,карточка в sitemap без вердикта/why_its_here,посчитано,,,2026-09-28,
G7,P3,https://www.otherbali.com/places/noaa-asian-bistro,noaa-asian-bistro,verdict,нет на карточке,карточка в sitemap без вердикта/why_its_here,посчитано,,,2026-09-28,
G7,P3,https://www.otherbali.com/places/saltlick,saltlick,verdict,нет на карточке,карточка в sitemap без вердикта/why_its_here,посчитано,,,2026-09-28,
G7,P3,https://www.otherbali.com/places/satoshi,satoshi,verdict,нет на карточке,карточка в sitemap без вердикта/why_its_here,посчитано,,,2026-09-28,
G7,P3,https://www.otherbali.com/places/shooters-bali,shooters-bali,verdict,нет на карточке,карточка в sitemap без вердикта/why_its_here,посчитано,,,2026-09-28,
G7,P3,https://www.otherbali.com/places/the-butchers-club-steakhouse,the-butchers-club-steakhouse,verdict,нет на карточке,карточка в sitemap без вердикта/why_its_here,посчитано,,,2026-09-28,
G7,P3,https://www.otherbali.com/places/the-island-grill-and-lounge,the-island-grill-and-lounge,verdict,нет на карточке,карточка в sitemap без вердикта/why_its_here,посчитано,,,2026-09-28,
G7,P3,https://www.otherbali.com/places/the-grumpy-butcher,the-grumpy-butcher,verdict,нет на карточке,карточка в sitemap без вердикта/why_its_here,посчитано,,,2026-09-28,
G7,P3,https://www.otherbali.com/places/arya-arkananta-resort-and-spa,arya-arkananta-resort-and-spa,verdict,нет на карточке,карточка в sitemap без вердикта/why_its_here,посчитано,,,2026-09-28,
G7,P3,https://www.otherbali.com/places/avocuts-coffee-and-eatery,avocuts-coffee-and-eatery,verdict,нет на карточке,карточка в sitemap без вердикта/why_its_here,посчитано,,,2026-09-28,
G7,P3,https://www.otherbali.com/places/blue-mountains-bali,blue-mountains-bali,verdict,нет на карточке,карточка в sitemap без вердикта/why_its_here,посчитано,,,2026-09-28,
G7,P3,https://www.otherbali.com/places/bulan-madu-restaurant-at-amora-ubud-boutique-villas,bulan-madu-restaurant-at-amora-ubud-boutique-villas,verdict,нет на карточке,карточка в sitemap без вердикта/why_its_here,посчитано,,,2026-09-28,
G7,P3,https://www.otherbali.com/places/cafe-lotus,cafe-lotus,verdict,нет на карточке,карточка в sitemap без вердикта/why_its_here,посчитано,,,2026-09-28,
G7,P3,https://www.otherbali.com/places/cherry-pepper-ubud,cherry-pepper-ubud,verdict,нет на карточке,карточка в sitemap без вердикта/why_its_here,посчитано,,,2026-09-28,
G7,P3,https://www.otherbali.com/places/deeva-restaurant-at-the-udaya,deeva-restaurant-at-the-udaya,verdict,нет на карточке,карточка в sitemap без вердикта/why_its_here,посчитано,,,2026-09-28,
G7,P3,https://www.otherbali.com/places/dining-corner-restaurant,dining-corner-restaurant,verdict,нет на карточке,карточка в sitemap без вердикта/why_its_here,посчитано,,,2026-09-28,
G7,P3,https://www.otherbali.com/places/desa-swan-villas-and-spa-keramas,desa-swan-villas-and-spa-keramas,verdict,нет на карточке,карточка в sitemap без вердикта/why_its_here,посчитано,,,2026-09-28,
G7,P3,https://www.otherbali.com/places/dice-at-the-craft-hotel,dice-at-the-craft-hotel,verdict,нет на карточке,карточка в sitemap без вердикта/why_its_here,посчитано,,,2026-09-28,
G7,P3,https://www.otherbali.com/places/ely-s-kitchen-ubud,ely-s-kitchen-ubud,verdict,нет на карточке,карточка в sitemap без вердикта/why_its_here,посчитано,,,2026-09-28,
G7,P3,https://www.otherbali.com/places/fermeto-ubud-restaurant,fermeto-ubud-restaurant,verdict,нет на карточке,карточка в sitemap без вердикта/why_its_here,посчитано,,,2026-09-28,
G7,P3,https://www.otherbali.com/places/ferro-grill-restaurant-and-bar,ferro-grill-restaurant-and-bar,verdict,нет на карточке,карточка в sitemap без вердикта/why_its_here,посчитано,,,2026-09-28,
G7,P3,https://www.otherbali.com/places/flamingo-beach-club-bali,flamingo-beach-club-bali,verdict,нет на карточке,карточка в sitemap без вердикта/why_its_here,посчитано,,,2026-09-28,
G7,P3,https://www.otherbali.com/places/flame-bar-and-grill-ubud,flame-bar-and-grill-ubud,verdict,нет на карточке,карточка в sitemap без вердикта/why_its_here,посчитано,,,2026-09-28,
G7,P3,https://www.otherbali.com/places/honey-and-smoke,honey-and-smoke,verdict,нет на карточке,карточка в sitemap без вердикта/why_its_here,посчитано,,,2026-09-28,
G7,P3,https://www.otherbali.com/places/jingga-restaurant-at-bumi-kinar,jingga-restaurant-at-bumi-kinar,verdict,нет на карточке,карточка в sitemap без вердикта/why_its_here,посчитано,,,2026-09-28,
G7,P3,https://www.otherbali.com/places/kepitu-restaurant-by-the-kayon-resort,kepitu-restaurant-by-the-kayon-resort,verdict,нет на карточке,карточка в sitemap без вердикта/why_its_here,посчитано,,,2026-09-28,
G7,P3,https://www.otherbali.com/places/kepitu-restaurant-by-the-kayon-valley-resort,kepitu-restaurant-by-the-kayon-valley-resort,verdict,нет на карточке,карточка в sitemap без вердикта/why_its_here,посчитано,,,2026-09-28,
G7,P3,https://www.otherbali.com/places/kukusan-bali-restaurant-at-the-artini-dijiwa-ubud,kukusan-bali-restaurant-at-the-artini-dijiwa-ubud,verdict,нет на карточке,карточка в sitemap без вердикта/why_its_here,посчитано,,,2026-09-28,
G7,P3,https://www.otherbali.com/places/moonstone-beach-lounge,moonstone-beach-lounge,verdict,нет на карточке,карточка в sitemap без вердикта/why_its_here,посчитано,,,2026-09-28,
G7,P3,https://www.otherbali.com/places/natti-s-indian-specialty-restaurant-ubud,natti-s-indian-specialty-restaurant-ubud,verdict,нет на карточке,карточка в sitemap без вердикта/why_its_here,посчитано,,,2026-09-28,
G7,P3,https://www.otherbali.com/places/pasir-restaurant-ubud,pasir-restaurant-ubud,verdict,нет на карточке,карточка в sitemap без вердикта/why_its_here,посчитано,,,2026-09-28,
G7,P3,https://www.otherbali.com/places/sacred-rice-restaurant,sacred-rice-restaurant,verdict,нет на карточке,карточка в sitemap без вердикта/why_its_here,посчитано,,,2026-09-28,
G7,P3,https://www.otherbali.com/places/sayan-valley,sayan-valley,verdict,нет на карточке,карточка в sitemap без вердикта/why_its_here,посчитано,,,2026-09-28,
G7,P3,https://www.otherbali.com/places/semara-grill-at-inara-alas-harum,semara-grill-at-inara-alas-harum,verdict,нет на карточке,карточка в sitemap без вердикта/why_its_here,посчитано,,,2026-09-28,
G7,P3,https://www.otherbali.com/places/seres-springs-resort-and-spa-singakerta-ubud,seres-springs-resort-and-spa-singakerta-ubud,verdict,нет на карточке,карточка в sitemap без вердикта/why_its_here,посчитано,,,2026-09-28,
G7,P3,https://www.otherbali.com/places/shinraku-teppanyaki,shinraku-teppanyaki,verdict,нет на карточке,карточка в sitemap без вердикта/why_its_here,посчитано,,,2026-09-28,
G7,P3,https://www.otherbali.com/places/spice-by-blake,spice-by-blake,verdict,нет на карточке,карточка в sitemap без вердикта/why_its_here,посчитано,,,2026-09-28,
G7,P3,https://www.otherbali.com/places/sunset-bloom-restaurant-at-swan-paradise-a-pramana-experience,sunset-bloom-restaurant-at-swan-paradise-a-pramana-experience,verdict,нет на карточке,карточка в sitemap без вердикта/why_its_here,посчитано,,,2026-09-28,
G7,P3,https://www.otherbali.com/places/the-cepaka-bistro-bali,the-cepaka-bistro-bali,verdict,нет на карточке,карточка в sitemap без вердикта/why_its_here,посчитано,,,2026-09-28,
G7,P3,https://www.otherbali.com/places/the-sayan-house-restaurant-ubud,the-sayan-house-restaurant-ubud,verdict,нет на карточке,карточка в sitemap без вердикта/why_its_here,посчитано,,,2026-09-28,
G7,P3,https://www.otherbali.com/places/the-sankara-suites-and-villas,the-sankara-suites-and-villas,verdict,нет на карточке,карточка в sitemap без вердикта/why_its_here,посчитано,,,2026-09-28,
G7,P3,https://www.otherbali.com/places/the-tempayan-at-tanah-gajah-a-resort-by-hadiprana,the-tempayan-at-tanah-gajah-a-resort-by-hadiprana,verdict,нет на карточке,карточка в sitemap без вердикта/why_its_here,посчитано,,,2026-09-28,
G7,P3,https://www.otherbali.com/places/three-elements-restaurant,three-elements-restaurant,verdict,нет на карточке,карточка в sitemap без вердикта/why_its_here,посчитано,,,2026-09-28,
G7,P3,https://www.otherbali.com/places/tree-bar-at-maya-ubud,tree-bar-at-maya-ubud,verdict,нет на карточке,карточка в sitemap без вердикта/why_its_here,посчитано,,,2026-09-28,
G7,P3,https://www.otherbali.com/places/uma-cucina,uma-cucina,verdict,нет на карточке,карточка в sitemap без вердикта/why_its_here,посчитано,,,2026-09-28,
G7,P3,https://www.otherbali.com/places/wanna-jungle-pool-and-bar-at-the-kayon-jungle-resort,wanna-jungle-pool-and-bar-at-the-kayon-jungle-resort,verdict,нет на карточке,карточка в sitemap без вердикта/why_its_here,посчитано,,,2026-09-28,
G7,P3,https://www.otherbali.com/places/manga-madu,manga-madu,verdict,нет на карточке,карточка в sitemap без вердикта/why_its_here,посчитано,,,2026-09-28,
G7,P3,https://www.otherbali.com/places/whisper-cove-bar-ubud,whisper-cove-bar-ubud,verdict,нет на карточке,карточка в sitemap без вердикта/why_its_here,посчитано,,,2026-09-28,
G7,P3,https://www.otherbali.com/places/wild-ginger-restaurant-at-nandini-jungle-by-hanging-gardens,wild-ginger-restaurant-at-nandini-jungle-by-hanging-gardens,verdict,нет на карточке,карточка в sitemap без вердикта/why_its_here,посчитано,,,2026-09-28,
G7,P3,https://www.otherbali.com/places/di-mare-restaurant-karma-kandara,di-mare-restaurant-karma-kandara,verdict,нет на карточке,карточка в sitemap без вердикта/why_its_here,посчитано,,,2026-09-28,
G7,P3,https://www.otherbali.com/places/enchante,enchante,verdict,нет на карточке,карточка в sitemap без вердикта/why_its_here,посчитано,,,2026-09-28,
G7,P3,https://www.otherbali.com/places/kokoon-uluwatu-at-vanara-resort-and-spa,kokoon-uluwatu-at-vanara-resort-and-spa,verdict,нет на карточке,карточка в sitemap без вердикта/why_its_here,посчитано,,,2026-09-28,
G7,P3,https://www.otherbali.com/places/mensa-asian-bistro-and-bar,mensa-asian-bistro-and-bar,verdict,нет на карточке,карточка в sitemap без вердикта/why_its_here,посчитано,,,2026-09-28,
G7,P3,https://www.otherbali.com/places/natys-restaurant-jimbaran,natys-restaurant-jimbaran,verdict,нет на карточке,карточка в sitemap без вердикта/why_its_here,посчитано,,,2026-09-28,
G7,P3,https://www.otherbali.com/places/sana-uluwatu,sana-uluwatu,verdict,нет на карточке,карточка в sitemap без вердикта/why_its_here,посчитано,,,2026-09-28,
G7,P3,https://www.otherbali.com/places/tarabelle,tarabelle,verdict,нет на карточке,карточка в sitemap без вердикта/why_its_here,посчитано,,,2026-09-28,
G7,P3,https://www.otherbali.com/places/tacos-aqui-uluwatu,tacos-aqui-uluwatu,verdict,нет на карточке,карточка в sitemap без вердикта/why_its_here,посчитано,,,2026-09-28,
G7,P3,https://www.otherbali.com/places/wet-plate-kitchen,wet-plate-kitchen,verdict,нет на карточке,карточка в sitemap без вердикта/why_its_here,посчитано,,,2026-09-28,
G7,P1,,,Best for,"431 из 1609 карточек в sitemap/places без видимого Best for (по районам: Ubud 137, Seminyak 78, Kuta & Legian 65, Nusa Dua 43, Uluwatu 27, Canggu 25)","гейт индексируемости требует непустой best_for (lib/publication.ts:34-70) — на проде он не срабатывает или поле заполнено значением, которое не отрисовывается",посчитано,curl -s https://www.otherbali.com/places/sisi-gege-restaurant-at-pramana-zahill | grep -c 'Best for',"docs/HANDOFF_2026-09-02.md §6, §9.1 (открытый вопрос)",2026-09-28,
G7,P2,,,verdict,102 карточек без вердикта (why_its_here),гейт требует непустой why_its_here,посчитано,,lib/publication.ts,2026-09-28,
G5,P2,,,verdict,"383 вердиктов по шаблону «<Категория> on Jl. … in <район>[, open daily …]»; примеры: sisi-gege-restaurant-at-pramana-zahill, amavi-canggu-bali, bokashi-bali-pererenan",сгенерированный шаблонный вердикт вместо редакционного (guardrail: no bulk-generated descriptions — acceptance-rules.md),посчитано,,,2026-09-28,
G5,P3,https://www.otherbali.com/places/sisi-gege-restaurant-at-pramana-zahill,sisi-gege-restaurant-at-pramana-zahill,verdict,"Restaurant on Jl. Raya Kintamani in Bangli, open daily 7:00am-11:00pm.",шаблонный вердикт,посчитано,,,2026-09-28,
G5,P3,https://www.otherbali.com/places/amavi-canggu-bali,amavi-canggu-bali,verdict,"Restaurant, bar lounge and pool on Jl. Pantai Berawa. Mediterranean concept with rice field views. The menu runs from nasi goreng and sate ayam to Angus ribeye and pizza.",шаблонный вердикт,посчитано,,,2026-09-28,
G5,P3,https://www.otherbali.com/places/bokashi-bali-pererenan,bokashi-bali-pererenan,verdict,Restaurant on Jalan Pantai Pererenan No.159 in Canggu.,шаблонный вердикт,посчитано,,,2026-09-28,
G5,P3,https://www.otherbali.com/places/cafe-coach,cafe-coach,verdict,"Cafe Coach is an all-day café and wellness-coaching space on Jl. Nelayan in Canggu, known for a large breakfast-through-dinner menu — benedicts, poke bowls, burgers — plus coffee, cocktails, and hosted workshops.",шаблонный вердикт,посчитано,,,2026-09-28,
G5,P3,https://www.otherbali.com/places/hip-hop-soul-restaurant,hip-hop-soul-restaurant,verdict,Restaurant on Jalan Raya Canggu.,шаблонный вердикт,посчитано,,,2026-09-28,
G5,P3,https://www.otherbali.com/places/honeycomb-bali,honeycomb-bali,verdict,Cafe on Jalan Raya Canggu.,шаблонный вердикт,посчитано,,,2026-09-28,
G5,P3,https://www.otherbali.com/places/jen-deli-restaurant-and-la-fortuna-bar-at-sense-canggu-beach-hotel,jen-deli-restaurant-and-la-fortuna-bar-at-sense-canggu-beach-hotel,verdict,"Restaurant on Jl. Munduk Kedungu No.55s in Canggu, open daily 7:00am-11:00pm.",шаблонный вердикт,посчитано,,,2026-09-28,
G5,P3,https://www.otherbali.com/places/kedai-tepi-kali-and-bar-at-tapa-tepi-kali-canggu,kedai-tepi-kali-and-bar-at-tapa-tepi-kali-canggu,verdict,"Restaurant on Jl. Canggu Padang Linjong, open daily 7:00am-11:00pm.",шаблонный вердикт,посчитано,,,2026-09-28,
G5,P3,https://www.otherbali.com/places/khao-canggu,khao-canggu,verdict,"Restaurant on Jl. Pantai Batu Mejan in Canggu, open daily 10:00am-11:00pm.",шаблонный вердикт,посчитано,,,2026-09-28,
G5,P3,https://www.otherbali.com/places/kong-contemporary-bistro,kong-contemporary-bistro,verdict,"Restaurant on Jl. Pantai Berawa No.14b in Canggu, open daily 11:00am-12:00am.",шаблонный вердикт,посчитано,,,2026-09-28,
G5,P3,https://www.otherbali.com/places/mavammy,mavammy,verdict,"Cafe and patisserie on Jl. Pantai Batu Bolong. All-day breakfast and a dessert counter built on Belgian chocolate. Carrot cake with mango and passion fruit, and Lotus cheesecake. Strong wifi and air conditioning.",шаблонный вердикт,посчитано,,,2026-09-28,
G5,P3,https://www.otherbali.com/places/milano,milano,verdict,"Restaurant on Jl. Pantai Berawa in Canggu, open daily 7:00am-1:00am.",шаблонный вердикт,посчитано,,,2026-09-28,
G5,P3,https://www.otherbali.com/places/one-eyed-jack,one-eyed-jack,verdict,"Restaurant on Jl. Pantai Berawa No.c89 in Canggu, open daily 3:00-11:00pm.",шаблонный вердикт,посчитано,,,2026-09-28,
G5,P3,https://www.otherbali.com/places/porch,porch,verdict,Coffee shop on Jl. Raya Semat. Thirteen kinds of cheesecake are the reason to come.,шаблонный вердикт,посчитано,,,2026-09-28,
G5,P3,https://www.otherbali.com/places/pranava-yoga,pranava-yoga,verdict,"Yoga studio at the Matrabali guesthouse on Jl. Pantai Berawa, opened in April 2016 by Vicki and Yuni. Rates are kept below the premium Canggu studios so local residents can practise too. Classes suit every level.",шаблонный вердикт,посчитано,,,2026-09-28,
G5,P3,https://www.otherbali.com/places/rasa-kitchen,rasa-kitchen,verdict,"Restaurant on Jl. Canggu Padang Linjong No.80A, open daily 10:00am-11:00pm.",шаблонный вердикт,посчитано,,,2026-09-28,
G5,P3,https://www.otherbali.com/places/rize-pererenan,rize-pererenan,verdict,"Restaurant on Jl. Pantai Pererenan No.150 in Canggu, open daily 9:00am-10:00pm.",шаблонный вердикт,посчитано,,,2026-09-28,
G5,P3,https://www.otherbali.com/places/roomah-canggu-at-holiday-inn-resort-bali-canggu,roomah-canggu-at-holiday-inn-resort-bali-canggu,verdict,"Restaurant on Jl. Pantai Batu Bolong No.93xx A No in Canggu, open daily 6:30am-11:00pm.",шаблонный вердикт,посчитано,,,2026-09-28,
G5,P3,https://www.otherbali.com/places/sababa,sababa,verdict,"Restaurant on Jl. Pantai Berawa in Canggu, open daily 11:00am-12:00am.",шаблонный вердикт,посчитано,,,2026-09-28,
G5,P3,https://www.otherbali.com/places/samm-s-farm,samm-s-farm,verdict,"Restaurant on Jl. Canggu Padang Linjong No.58, open daily 8:30am-10:00pm.",шаблонный вердикт,посчитано,,,2026-09-28,
G5,P3,https://www.otherbali.com/places/selia-restaurant-coffee-bar,selia-restaurant-coffee-bar,verdict,"Restaurant on Jl. Segara Perancak No.1 in Canggu, open daily 7:00am-11:00pm.",шаблонный вердикт,посчитано,,,2026-09-28,
G5,P3,https://www.otherbali.com/places/shary-shary,shary-shary,verdict,Restaurant on Jl. Pantai Batu Mejan No.82 in Canggu.,шаблонный вердикт,посчитано,,,2026-09-28,
G5,P3,https://www.otherbali.com/places/terrace-brasserie-and-cafe,terrace-brasserie-and-cafe,verdict,"Restaurant on Jl. Rurung Banjar Jl. Raya Uma Buluh No.1 in Canggu, open daily 8:00am-8:00pm.",шаблонный вердикт,посчитано,,,2026-09-28,
G5,P3,https://www.otherbali.com/places/thara-kitchen-and-bar,thara-kitchen-and-bar,verdict,"Restaurant on Jl. Lkr. Nelayan No.9 in Canggu, open daily 7:00am-10:00pm.",шаблонный вердикт,посчитано,,,2026-09-28,
G5,P3,https://www.otherbali.com/places/the-room-bar-bali,the-room-bar-bali,verdict,Restaurant on Jl. Pantai Berawa No.102 in Canggu.,шаблонный вердикт,посчитано,,,2026-09-28,
G5,P3,https://www.otherbali.com/places/turntable-canggu-steakhouse,turntable-canggu-steakhouse,verdict,"Restaurant on Jl. Raya Babakan Canggu No.51, open daily 7:00am-11:00pm.",шаблонный вердикт,посчитано,,,2026-09-28,
G5,P3,https://www.otherbali.com/places/urban-bites-cafe-at-berawa,urban-bites-cafe-at-berawa,verdict,"Restaurant on Jalan Raya Semat Tibubeneng in Canggu, open daily 7:00am-11:00pm.",шаблонный вердикт,посчитано,,,2026-09-28,
G5,P3,https://www.otherbali.com/places/vore-grillhouse-and-lounge,vore-grillhouse-and-lounge,verdict,Restaurant on Jalan Pantai Berawa No.34 in Canggu.,шаблонный вердикт,посчитано,,,2026-09-28,
G5,P3,https://www.otherbali.com/places/wonton-club,wonton-club,verdict,Restaurant on Jl. Tegal Sari No.43 in Canggu.,шаблонный вердикт,посчитано,,,2026-09-28,
G5,P3,https://www.otherbali.com/places/yen-social-bali,yen-social-bali,verdict,Restaurant on Jl. Tegal Sari No.5 in Canggu.,шаблонный вердикт,посчитано,,,2026-09-28,
G5,P3,https://www.otherbali.com/places/zali-at-pererenan,zali-at-pererenan,verdict,Restaurant on Jl. Pantai Pererenan No.152 in Canggu.,шаблонный вердикт,посчитано,,,2026-09-28,
G5,P3,https://www.otherbali.com/places/9-11-cafe,9-11-cafe,verdict,Restaurant on Jl. Teuku Umar Barat No.337 in Denpasar.,шаблонный вердикт,посчитано,,,2026-09-28,
G5,P3,https://www.otherbali.com/places/bron-the-resto,bron-the-resto,verdict,"Restaurant on Jl. Hayam Wuruk No.136 in Denpasar, open daily 8:00am-11:00pm.",шаблонный вердикт,посчитано,,,2026-09-28,
G5,P3,https://www.otherbali.com/places/de-maison-bali-restaurant-and-bar,de-maison-bali-restaurant-and-bar,verdict,"Coffee shop on Jl. Tukad Badung in Renon, Denpasar.",шаблонный вердикт,посчитано,,,2026-09-28,
G5,P3,https://www.otherbali.com/places/kimukatsu-at-living-world-bali,kimukatsu-at-living-world-bali,verdict,"Restaurant on Jl. Gatot Subroto Tim. in Denpasar, open daily 10:00am-10:00pm.",шаблонный вердикт,посчитано,,,2026-09-28,
G5,P3,https://www.otherbali.com/places/kimukatsu-at-trans-studio-bali,kimukatsu-at-trans-studio-bali,verdict,"Restaurant on Jl. Imam Bonjol No.440a Lt. GF in Denpasar, open daily 10:00am-10:00pm.",шаблонный вердикт,посчитано,,,2026-09-28,
G5,P3,https://www.otherbali.com/places/marble-8-restaurant-at-city-of-aventus,marble-8-restaurant-at-city-of-aventus,verdict,"Restaurant on Jl. Teuku Umar No.74 in Denpasar, open daily 12:00-10:00pm.",шаблонный вердикт,посчитано,,,2026-09-28,
G5,P3,https://www.otherbali.com/places/shaburi-and-kintan-buffet-bali-at-trans-studio-mall-bali,shaburi-and-kintan-buffet-bali-at-trans-studio-mall-bali,verdict,"Restaurant on Jl. Imam Bonjol in Denpasar, open daily 10:00am-10:00pm.",шаблонный вердикт,посчитано,,,2026-09-28,
G5,P3,https://www.otherbali.com/places/5kitchen-bali-suites5-hotel,5kitchen-bali-suites5-hotel,verdict,Restaurant on Jalan Pantai Balangan No.99 in Jimbaran.,шаблонный вердикт,посчитано,,,2026-09-28,
G5,P3,https://www.otherbali.com/places/anarasa-at-movenpick-resort,anarasa-at-movenpick-resort,verdict,Restaurant on Jl. Wanagiri No.1 in Jimbaran.,шаблонный вердикт,посчитано,,,2026-09-28,
G5,P3,https://www.otherbali.com/places/asai-cafe,asai-cafe,verdict,"Restaurant on Jl. Pura Sekaang in Jimbaran, open daily 7:00am-10:00pm.",шаблонный вердикт,посчитано,,,2026-09-28,
G5,P3,https://www.otherbali.com/places/barrels-steakhouse-at-samasta-lifestyle-village,barrels-steakhouse-at-samasta-lifestyle-village,verdict,"Restaurant on Jl. Wanagiri No.1 in Jimbaran, open daily 10:00am-10:00pm.",шаблонный вердикт,посчитано,,,2026-09-28,
G5,P3,https://www.otherbali.com/places/chatwood-coffee-and-eatery,chatwood-coffee-and-eatery,verdict,Restaurant on Jalan Bypass Ngurah Rai No.777 in Jimbaran.,шаблонный вердикт,посчитано,,,2026-09-28,
G5,P3,https://www.otherbali.com/places/loloan-coastal-peruvian-at-raffles-bali,loloan-coastal-peruvian-at-raffles-bali,verdict,Restaurant on Jalan Karang Mas Sejahtera 1A in Jimbaran.,шаблонный вердикт,посчитано,,,2026-09-28,
G5,P3,https://www.otherbali.com/places/opia-bali,opia-bali,verdict,"Restaurant on Jl. Bukit Permai No.2 in Jimbaran, open daily 5:00-11:00pm.",шаблонный вердикт,посчитано,,,2026-09-28,
G5,P3,https://www.otherbali.com/places/rumari,rumari,verdict,Restaurant on Jl. Karang Mas Sejahtera No.1A in Jimbaran.,шаблонный вердикт,посчитано,,,2026-09-28,
G5,P3,https://www.otherbali.com/places/rumari-counter-at-raffles-bali,rumari-counter-at-raffles-bali,verdict,Restaurant on Jl. Karang Mas Sejahtera No.1A in Jimbaran.,шаблонный вердикт,посчитано,,,2026-09-28,
G5,P3,https://www.otherbali.com/places/telu-bar-at-four-seasons-resort-bali-at-jimbaran-bay,telu-bar-at-four-seasons-resort-bali-at-jimbaran-bay,verdict,Restaurant on Jl. Bukit Permai in Jimbaran.,шаблонный вердикт,посчитано,,,2026-09-28,
G5,P3,https://www.otherbali.com/places/edelweiss-restaurant-and-bar-at-tapa-agung-view,edelweiss-restaurant-and-bar-at-tapa-agung-view,verdict,"Restaurant on Jl. Raya Besakih in Karangasem, open daily 7:00am-10:00pm.",шаблонный вердикт,посчитано,,,2026-09-28,
G5,P3,https://www.otherbali.com/places/flamingo-restaurant-and-bar-at-sagara-candidasa,flamingo-restaurant-and-bar-at-sagara-candidasa,verdict,"Restaurant on Jl. Raya Candidasa in Karangasem, open daily 7:00am-10:00pm.",шаблонный вердикт,посчитано,,,2026-09-28,
G5,P3,https://www.otherbali.com/places/garpu-restaurant-at-ramayana-candidasa-beach-resort,garpu-restaurant-at-ramayana-candidasa-beach-resort,verdict,"Restaurant on Jl. Raya Sengkidu in Karangasem, open daily 7:00am-11:00pm.",шаблонный вердикт,посчитано,,,2026-09-28,
G5,P3,https://www.otherbali.com/places/lezat-beach-restaurant-at-ashyana-candidasa-beach-resort,lezat-beach-restaurant-at-ashyana-candidasa-beach-resort,verdict,"Restaurant on Jl. Raya Candidasa Beach in Karangasem, open daily 7:30am-11:00pm.",шаблонный вердикт,посчитано,,,2026-09-28,
G5,P3,https://www.otherbali.com/places/al-dente-cucina-italiana-and-lounge,al-dente-cucina-italiana-and-lounge,verdict,"Restaurant on Jl. Kartika Plaza in Kuta Legian, open daily 11:00am-12:00am.",шаблонный вердикт,посчитано,,,2026-09-28,
G5,P3,https://www.otherbali.com/places/atithi-indian-restaurant-and-bar,atithi-indian-restaurant-and-bar,verdict,Restaurant on Jl. Melasti Jl. Lb. Bene No.6x in Kuta Legian.,шаблонный вердикт,посчитано,,,2026-09-28,
G5,P3,https://www.otherbali.com/places/away-bali-legian-camakila,away-bali-legian-camakila,verdict,Restaurant on Jl. Padma Utara in Kuta Legian.,шаблонный вердикт,посчитано,,,2026-09-28,
G5,P3,https://www.otherbali.com/places/bella-italia-at-legian,bella-italia-at-legian,verdict,"Restaurant on Jl. Sriwijaya No.368 in Kuta Legian, open daily 7:00am-2:30am.",шаблонный вердикт,посчитано,,,2026-09-28,
G5,P3,https://www.otherbali.com/places/beras-merah-waroeng-and-bar-at-adhi-jaya-hotel-kuta,beras-merah-waroeng-and-bar-at-adhi-jaya-hotel-kuta,verdict,"Restaurant on Jl. Kartika Plaza in Kuta Legian, open daily 7:00am-11:00pm.",шаблонный вердикт,посчитано,,,2026-09-28,
G5,P3,https://www.otherbali.com/places/big-fish-grill-the-stones-legian-bali,big-fish-grill-the-stones-legian-bali,verdict,Restaurant on Jalan Raya Pantai Kuta in Kuta Legian.,шаблонный вердикт,посчитано,,,2026-09-28,
G5,P3,https://www.otherbali.com/places/bluefin-japanese-fusion-and-lounge,bluefin-japanese-fusion-and-lounge,verdict,"Restaurant on Jl. Kartika Plaza in Kuta Legian, open daily 12:00-11:00pm.",шаблонный вердикт,посчитано,,,2026-09-28,
G5,P3,https://www.otherbali.com/places/capibarra-restaurant-and-bar-kuta,capibarra-restaurant-and-bar-kuta,verdict,"Restaurant on Jl. Pantai Kuta No.20D in Kuta Legian, open daily Open 24 hours.",шаблонный вердикт,посчитано,,,2026-09-28,
G5,P3,https://www.otherbali.com/places/chaskaa-modern-indian-cuisine-and-bar-at-kuta,chaskaa-modern-indian-cuisine-and-bar-at-kuta,verdict,"Restaurant on Jl. Wana Segara No.27 in Kuta Legian, open daily 11:00am-12:00am.",шаблонный вердикт,посчитано,,,2026-09-28,
G5,P3,https://www.otherbali.com/places/coco-bistro-at-kuta-square,coco-bistro-at-kuta-square,verdict,"Restaurant on Jl. Raya Kuta No.C- 11 in Kuta Legian, open daily 10:00am-11:00pm.",шаблонный вердикт,посчитано,,,2026-09-28,
G5,P3,https://www.otherbali.com/places/donbiu-at-padma-resort-legian,donbiu-at-padma-resort-legian,verdict,"Restaurant on Jl. Padma No.1 in Kuta Legian, open daily 6:30am-9:30pm.",шаблонный вердикт,посчитано,,,2026-09-28,
G5,P3,https://www.otherbali.com/places/el-jardin-steakhouse-by-andrea-peresthu,el-jardin-steakhouse-by-andrea-peresthu,verdict,"Restaurant on Jl. Kartika Plaza in Kuta Legian, open daily 11:00am-12:00am.",шаблонный вердикт,посчитано,,,2026-09-28,
G5,P3,https://www.otherbali.com/places/fork-bali,fork-bali,verdict,"Restaurant on Jl. Melasti No.1 in Kuta Legian, open daily Open 24 hours.",шаблонный вердикт,посчитано,,,2026-09-28,
G5,P3,https://www.otherbali.com/places/gabah-padma-bali-restaurant-bali-at-rama-residence-padma-hotel,gabah-padma-bali-restaurant-bali-at-rama-residence-padma-hotel,verdict,"Restaurant on Jl. Padma in Kuta Legian, open daily 7:30am-12:00am.",шаблонный вердикт,посчитано,,,2026-09-28,
G5,P3,https://www.otherbali.com/places/ganesha-ek-sanskriti-discovery-mall-kuta-bali,ganesha-ek-sanskriti-discovery-mall-kuta-bali,verdict,Restaurant on Jalan Kartika Plaza No.5 in Kuta Legian.,шаблонный вердикт,посчитано,,,2026-09-28,
G5,P3,https://www.otherbali.com/places/gabah-restaurant-and-bar,gabah-restaurant-and-bar,verdict,"Restaurant on Jalan Bakung Sari in Kuta Legian, open daily 6:30am-12:00am.",шаблонный вердикт,посчитано,,,2026-09-28,
G5,P3,https://www.otherbali.com/places/ganesha-ek-sanskriti-at-discovery-mall-kuta-bali,ganesha-ek-sanskriti-at-discovery-mall-kuta-bali,verdict,Restaurant on Jl. Kartika Plaza UG Floor in Kuta Legian.,шаблонный вердикт,посчитано,,,2026-09-28,
G5,P3,https://www.otherbali.com/places/ganesha-ek-sanskriti-at-lippo-mall-kuta,ganesha-ek-sanskriti-at-lippo-mall-kuta,verdict,Restaurant on Jl. Kartika Plaza UG Floor in Kuta Legian.,шаблонный вердикт,посчитано,,,2026-09-28,
G5,P3,https://www.otherbali.com/places/ganesha-ek-sanskriti-at-lippo-plaza-sunset-road,ganesha-ek-sanskriti-at-lippo-plaza-sunset-road,verdict,"Restaurant on Jl. Sunset Road Ground Floor in Kuta Legian, open daily 7:00am-11:00pm.",шаблонный вердикт,посчитано,,,2026-09-28,
G5,P3,https://www.otherbali.com/places/gateway-of-india-at-kuta,gateway-of-india-at-kuta,verdict,"Restaurant on Jl. Pantai Kuta No.10 in Kuta Legian, open daily 11:00am-11:00pm.",шаблонный вердикт,посчитано,,,2026-09-28,
G5,P3,https://www.otherbali.com/places/hard-rock-cafe-bali,hard-rock-cafe-bali,verdict,Restaurant on Jl. Pantai Kuta No.1 in Kuta Legian.,шаблонный вердикт,посчитано,,,2026-09-28,
G5,P3,https://www.otherbali.com/places/kimukatsu-beach-walk-bali,kimukatsu-beach-walk-bali,verdict,Restaurant on Jalan Pantai Kuta in Kuta Legian.,шаблонный вердикт,посчитано,,,2026-09-28,
G5,P3,https://www.otherbali.com/places/kin-thai-kitchen,kin-thai-kitchen,verdict,"Restaurant on Jl. Kartika Plaza in Kuta Legian, open daily 11:00am-11:00pm.",шаблонный вердикт,посчитано,,,2026-09-28,
G5,P3,https://www.otherbali.com/places/kuta-social-club,kuta-social-club,verdict,"Restaurant on Jl. Pantai Kuta No.32 in Kuta Legian, open daily 7:00am-11:30pm.",шаблонный вердикт,посчитано,,,2026-09-28,
G5,P3,https://www.otherbali.com/places/la-casa-mexican-and-sunset-bar-at-anantara-vacation-club,la-casa-mexican-and-sunset-bar-at-anantara-vacation-club,verdict,"Restaurant on Jl. Double Six Beach No.18 in Kuta Legian, open daily 11:00am-10:00pm.",шаблонный вердикт,посчитано,,,2026-09-28,
G5,P3,https://www.otherbali.com/places/lobby-bar-discovery-kartika-plaza-hotel,lobby-bar-discovery-kartika-plaza-hotel,verdict,Restaurant on Jalan Kartika Plaza in Kuta Legian.,шаблонный вердикт,посчитано,,,2026-09-28,
G5,P3,https://www.otherbali.com/places/lobby-bar-at-discovery-kartika-plaza-hotel,lobby-bar-at-discovery-kartika-plaza-hotel,verdict,Restaurant on Jl. Kartika Plaza in Kuta Legian.,шаблонный вердикт,посчитано,,,2026-09-28,
G5,P3,https://www.otherbali.com/places/marble-8-restaurant-at-dream-of-aventus,marble-8-restaurant-at-dream-of-aventus,verdict,"Restaurant on Jl. Raya Kuta No.139 1st Floor in Kuta Legian, open daily 7:00am-10:00pm.",шаблонный вердикт,посчитано,,,2026-09-28,
G5,P3,https://www.otherbali.com/places/moson-bali-villa-and-eatery,moson-bali-villa-and-eatery,verdict,"Restaurant on Jl. Pandawa in Kuta Legian, open daily 7:30am-5:00pm.",шаблонный вердикт,посчитано,,,2026-09-28,
G5,P3,https://www.otherbali.com/places/marina-bali-seafood,marina-bali-seafood,verdict,"Restaurant on Jl. Raya Kuta in Kuta Legian, open daily 11:00am-10:00pm.",шаблонный вердикт,посчитано,,,2026-09-28,
G5,P3,https://www.otherbali.com/places/mozzarella-by-the-sea-the-bandha-hotel-and-suites,mozzarella-by-the-sea-the-bandha-hotel-and-suites,verdict,Cafe on Jalan Padma Utara in Kuta Legian.,шаблонный вердикт,посчитано,,,2026-09-28,
G5,P3,https://www.otherbali.com/places/mozzarella-on-padma,mozzarella-on-padma,verdict,"Restaurant on Jl. Padma No.39 in Kuta Legian, open daily 8:00am-11:00pm.",шаблонный вердикт,посчитано,,,2026-09-28,
G5,P3,https://www.otherbali.com/places/palms-restaurant-holiday-inn-resort-baruna-bali,palms-restaurant-holiday-inn-resort-baruna-bali,verdict,Restaurant on Jalan Wana Segara No.33 in Kuta Legian.,шаблонный вердикт,посчитано,,,2026-09-28,
G5,P3,https://www.otherbali.com/places/pangi-bistro,pangi-bistro,verdict,"Restaurant on Jl. Werkudara in Kuta Legian, open daily 7:00am-10:00pm.",шаблонный вердикт,посчитано,,,2026-09-28,
G5,P3,https://www.otherbali.com/places/papas-beach-cafe-at-alamkulkul-boutique-resort,papas-beach-cafe-at-alamkulkul-boutique-resort,verdict,"Restaurant on Jl. Pantai Kuta in Kuta Legian, open daily 7:00am-10:00pm.",шаблонный вердикт,посчитано,,,2026-09-28,
G5,P3,https://www.otherbali.com/places/poppies-restaurant,poppies-restaurant,verdict,"Restaurant on Jl. Poppies I No.16 in Kuta Legian, open daily 8:00am-11:00pm.",шаблонный вердикт,посчитано,,,2026-09-28,
G5,P3,https://www.otherbali.com/places/posers-pub-and-restaurant,posers-pub-and-restaurant,verdict,"Restaurant on Jl. Padma No.1 in Kuta Legian, open daily 8:00am-12:00am.",шаблонный вердикт,посчитано,,,2026-09-28,
G5,P3,https://www.otherbali.com/places/queen-s-of-india-at-kuta,queen-s-of-india-at-kuta,verdict,"Restaurant on Jl. Kartika Plaza in Kuta Legian, open daily 12:00-11:30pm.",шаблонный вердикт,посчитано,,,2026-09-28,
G5,P3,https://www.otherbali.com/places/seafood-house-restaurant,seafood-house-restaurant,verdict,"Restaurant on Jl. Kartika Plaza in Kuta Legian, open daily 1:00-10:00pm.",шаблонный вердикт,посчитано,,,2026-09-28,
G5,P3,https://www.otherbali.com/places/sees-bali-cafe-and-eatery,sees-bali-cafe-and-eatery,verdict,"Restaurant on Jl. Padma No.1 in Kuta Legian, open daily 7:00am-10:00pm.",шаблонный вердикт,посчитано,,,2026-09-28,
G5,P3,https://www.otherbali.com/places/skai-bar-and-grill,skai-bar-and-grill,verdict,Restaurant on Jl. Padma in Kuta Legian.,шаблонный вердикт,посчитано,,,2026-09-28,
G5,P3,https://www.otherbali.com/places/sendok-emas-bar-and-restaurant,sendok-emas-bar-and-restaurant,verdict,"Restaurant on Jl. Werkudara No.524 in Kuta Legian, open daily 12:00-11:30pm.",шаблонный вердикт,посчитано,,,2026-09-28,
G5,P3,https://www.otherbali.com/places/shally-s-dining-at-lippo-mall-kuta,shally-s-dining-at-lippo-mall-kuta,verdict,Restaurant on Jl. Kartika Plaza First Floor in Kuta Legian.,шаблонный вердикт,посчитано,,,2026-09-28,
G5,P3,https://www.otherbali.com/places/sokube-restaurant-and-bar-at-discovery-kartika-plaza-hotel,sokube-restaurant-and-bar-at-discovery-kartika-plaza-hotel,verdict,"Restaurant on Jl. Kartika Plaza in Kuta Legian, open daily Open 24 hours.",шаблонный вердикт,посчитано,,,2026-09-28,
G5,P3,https://www.otherbali.com/places/spice-mantraa-at-kuta,spice-mantraa-at-kuta,verdict,"Restaurant on Jl. Kartika Plaza No.20 in Kuta Legian, open daily 1:00-11:00pm.",шаблонный вердикт,посчитано,,,2026-09-28,
G5,P3,https://www.otherbali.com/places/stadium-cafe,stadium-cafe,verdict,"Restaurant on Jl. Kartika Plaza in Kuta Legian, open daily 10:00am-12:00am.",шаблонный вердикт,посчитано,,,2026-09-28,
G5,P3,https://www.otherbali.com/places/street-32-at-mamaka-by-ovolo,street-32-at-mamaka-by-ovolo,verdict,"Restaurant on Jl. Pantai Kuta No.32A in Kuta Legian, open daily Open 24 hours.",шаблонный вердикт,посчитано,,,2026-09-28,
G5,P3,https://www.otherbali.com/places/sukun-restaurant-kuta-at-amnaya-resort-kuta,sukun-restaurant-kuta-at-amnaya-resort-kuta,verdict,"Restaurant on Jl. Kartika Plaza Gg. Puspa Ayu No.99 in Kuta Legian, open daily 7:00am-11:00pm.",шаблонный вердикт,посчитано,,,2026-09-28,
G5,P3,https://www.otherbali.com/places/sunset-bar-and-lounge-at-discovery-kartika-plaza-hotel,sunset-bar-and-lounge-at-discovery-kartika-plaza-hotel,verdict,"Restaurant on Jl. Kartika Plaza in Kuta Legian, open daily 9:00am-11:00pm.",шаблонный вердикт,посчитано,,,2026-09-28,
G5,P3,https://www.otherbali.com/places/take-authentic-japanese-cuisine,take-authentic-japanese-cuisine,verdict,"Restaurant on Jl. Patih Jelantik in Kuta Legian, open daily 11:00am-11:00pm.",шаблонный вердикт,посчитано,,,2026-09-28,
G5,P3,https://www.otherbali.com/places/sushi-casa,sushi-casa,verdict,"Restaurant on Jl. Padma No.39 in Kuta Legian, open daily 10:00am-10:00pm.",шаблонный вердикт,посчитано,,,2026-09-28,
G5,P3,https://www.otherbali.com/places/tebu-merah-restaurant-at-fairfield-by-marriott-bali-legian,tebu-merah-restaurant-at-fairfield-by-marriott-bali-legian,verdict,"Restaurant on Jl. Sri Rama No.8C in Kuta Legian, open daily 6:30am-10:30pm.",шаблонный вердикт,посчитано,,,2026-09-28,
G5,P3,https://www.otherbali.com/places/tapas-tapas-bali-grand-livio-kuta-hotel,tapas-tapas-bali-grand-livio-kuta-hotel,verdict,Restaurant on Jalan Dewi Sri No.17 in Kuta Legian.,шаблонный вердикт,посчитано,,,2026-09-28,
G5,P3,https://www.otherbali.com/places/tenkai-japanese-nikkei-restaurant-at-padma-resort-legian,tenkai-japanese-nikkei-restaurant-at-padma-resort-legian,verdict,Restaurant on Jl. Padma No.1 in Kuta Legian.,шаблонный вердикт,посчитано,,,2026-09-28,
G5,P3,https://www.otherbali.com/places/the-pantry,the-pantry,verdict,"Restaurant on Jl. Dewi Sri No.11a in Kuta Legian, open daily 9:00am-11:00pm.",шаблонный вердикт,посчитано,,,2026-09-28,
G5,P3,https://www.otherbali.com/places/the-pond-restaurant,the-pond-restaurant,verdict,"Restaurant on Jl. Kartika Plaza in Kuta Legian, open daily Open 24 hours.",шаблонный вердикт,посчитано,,,2026-09-28,
G5,P3,https://www.otherbali.com/places/tupai-bar-discovery-kartika-plaza-hotel,tupai-bar-discovery-kartika-plaza-hotel,verdict,Restaurant on Jalan Kartika Plaza in Kuta Legian.,шаблонный вердикт,посчитано,,,2026-09-28,
G5,P3,https://www.otherbali.com/places/tupai-bar-at-discovery-kartika-plaza-hotel,tupai-bar-at-discovery-kartika-plaza-hotel,verdict,Restaurant on Jl. Kartika Plaza in Kuta Legian.,шаблонный вердикт,посчитано,,,2026-09-28,
G5,P3,https://www.otherbali.com/places/wanaku-seafood-and-chinese-restaurant,wanaku-seafood-and-chinese-restaurant,verdict,"Restaurant on Jl. Kediri No.45A in Kuta Legian, open daily 10:00am-10:00pm.",шаблонный вердикт,посчитано,,,2026-09-28,
G5,P3,https://www.otherbali.com/places/vrindavan-100-pure-indian-vegetarian-and-vegan-restaurant-at-kuta,vrindavan-100-pure-indian-vegetarian-and-vegan-restaurant-at-kuta,verdict,"Restaurant on Jl. Raya Kuta No. 12 A in Kuta Legian, open daily 9:00am-1:00am.",шаблонный вердикт,посчитано,,,2026-09-28,
G5,P3,https://www.otherbali.com/places/arwana-restaurant-at-the-laguna-a-luxury-collection-resort-and-spa,arwana-restaurant-at-the-laguna-a-luxury-collection-resort-and-spa,verdict,Restaurant on Jl. Nusa Dua No.2 Lot N.,шаблонный вердикт,посчитано,,,2026-09-28,
G5,P3,https://www.otherbali.com/places/atomic-17-at-renaissance-bali-nusa-dua-resort,atomic-17-at-renaissance-bali-nusa-dua-resort,verdict,Restaurant on Jl. Lulut in Nusa Dua.,шаблонный вердикт,посчитано,,,2026-09-28,
G5,P3,https://www.otherbali.com/places/backstage-at-renaissance-bali-nusa-dua-resort,backstage-at-renaissance-bali-nusa-dua-resort,verdict,Restaurant on Jl. Lulut in Nusa Dua.,шаблонный вердикт,посчитано,,,2026-09-28,
G5,P3,https://www.otherbali.com/places/banyubiru-restaurant-at-the-laguna-a-luxury-collection-resort-and-spa,banyubiru-restaurant-at-the-laguna-a-luxury-collection-resort-and-spa,verdict,Restaurant on Jl. Nusa Dua No.2 Lot N.,шаблонный вердикт,посчитано,,,2026-09-28,
G5,P3,https://www.otherbali.com/places/coco-bistro-at-tanjung-benoa,coco-bistro-at-tanjung-benoa,verdict,"Restaurant on Jl. Pratama No.85A in Nusa Dua, open daily 12:00-11:00pm.",шаблонный вердикт,посчитано,,,2026-09-28,
G5,P3,https://www.otherbali.com/places/elara-seaside-lounge-and-bar-at-hilton-bali-resort,elara-seaside-lounge-and-bar-at-hilton-bali-resort,verdict,"Restaurant on Jl. Raya Nusa Dua Selatan, open daily 11:00am-11:00pm.",шаблонный вердикт,посчитано,,,2026-09-28,
G5,P3,https://www.otherbali.com/places/ganesha-ek-sanskriti-at-ayodya-resort-bali,ganesha-ek-sanskriti-at-ayodya-resort-bali,verdict,"Restaurant on Jl. Pantai Mengiat No.4 in Nusa Dua, open daily 7:00am-11:00pm.",шаблонный вердикт,посчитано,,,2026-09-28,
G5,P3,https://www.otherbali.com/places/ganesha-elite-at-the-westin-resort-bali,ganesha-elite-at-the-westin-resort-bali,verdict,"Restaurant on Jl. Nusa Dua, open daily 12:00-11:00pm.",шаблонный вердикт,посчитано,,,2026-09-28,
G5,P3,https://www.otherbali.com/places/giorgio-italian-restaurant-at-hotel-nikko-bali-benoa-beach,giorgio-italian-restaurant-at-hotel-nikko-bali-benoa-beach,verdict,"Restaurant on Jl. Pratama No.68X in Nusa Dua, open daily 12:00-10:00pm.",шаблонный вердикт,посчитано,,,2026-09-28,
G5,P3,https://www.otherbali.com/places/grain-at-hilton-bali-resort,grain-at-hilton-bali-resort,verdict,Restaurant on Jl. Raya Nusa Dua Selatan.,шаблонный вердикт,посчитано,,,2026-09-28,
G5,P3,https://www.otherbali.com/places/hamabe-at-the-westin-resort-nusa-dua-bali,hamabe-at-the-westin-resort-nusa-dua-bali,verdict,Restaurant on Jl. Kw. Nusa Dua Resort.,шаблонный вердикт,посчитано,,,2026-09-28,
G5,P3,https://www.otherbali.com/places/hiromi-restaurant-and-bar,hiromi-restaurant-and-bar,verdict,"Restaurant on Jl. Bypass Ngurah Rai No.188 in Nusa Dua, open daily 7:00am-10:00pm.",шаблонный вердикт,посчитано,,,2026-09-28,
G5,P3,https://www.otherbali.com/places/honey-and-bread-cafe,honey-and-bread-cafe,verdict,"Restaurant on Jl. Bypass Ngurah Rai No.KM.25 in Nusa Dua, open daily 7:00am-11:00pm.",шаблонный вердикт,посчитано,,,2026-09-28,
G5,P3,https://www.otherbali.com/places/jard-or-french-fusion-brasserie,jard-or-french-fusion-brasserie,verdict,"Restaurant on Jl. Kw. Nusa Dua Resort, open daily 11:00am-11:00pm.",шаблонный вердикт,посчитано,,,2026-09-28,
G5,P3,https://www.otherbali.com/places/kayumanis-beach-bar-and-grill-nusa-dua,kayumanis-beach-bar-and-grill-nusa-dua,verdict,Restaurant on Jl. Nusa Dua Block S.,шаблонный вердикт,посчитано,,,2026-09-28,
G5,P3,https://www.otherbali.com/places/kulkul-beach-house-at-the-laguna-a-luxury-collection-resort-and-spa,kulkul-beach-house-at-the-laguna-a-luxury-collection-resort-and-spa,verdict,Restaurant on Jl. Nusa Dua No.2 Lot N.,шаблонный вердикт,посчитано,,,2026-09-28,
G5,P3,https://www.otherbali.com/places/madawa-bali,madawa-bali,verdict,"Restaurant on Jl. Astina Pura Jl. Raya Kampial No.1 in Nusa Dua, open daily 7:00am-11:00pm.",шаблонный вердикт,посчитано,,,2026-09-28,
G5,P3,https://www.otherbali.com/places/maja-restaurant-at-amarterra-villas-resort,maja-restaurant-at-amarterra-villas-resort,verdict,"Restaurant on Jl. Nusa Dua, open daily 6:30am-11:00pm.",шаблонный вердикт,посчитано,,,2026-09-28,
G5,P3,https://www.otherbali.com/places/muka-restaurant-and-bar,muka-restaurant-and-bar,verdict,"Restaurant on Jl. Bypass Ngurah Rai Jl. Nusa Dua No.128, open daily 12:00-11:00pm.",шаблонный вердикт,посчитано,,,2026-09-28,
G5,P3,https://www.otherbali.com/places/nutrio-restaurant-at-revivo-wellness-resorts,nutrio-restaurant-at-revivo-wellness-resorts,verdict,Restaurant on Jalan Desa Sawangan in Nusa Dua.,шаблонный вердикт,посчитано,,,2026-09-28,
G5,P3,https://www.otherbali.com/places/nyoman-s-beer-garden-bar-and-restaurant,nyoman-s-beer-garden-bar-and-restaurant,verdict,"Restaurant on Jl. Nusa Dua, open daily 11:00am-12:00am.",шаблонный вердикт,посчитано,,,2026-09-28,
G5,P3,https://www.otherbali.com/places/paon-bali-resto-and-bar-at-hilton-bali-resort,paon-bali-resto-and-bar-at-hilton-bali-resort,verdict,"Restaurant on Jl. Raya Nusa Dua Selatan, open daily 12:00-10:00pm.",шаблонный вердикт,посчитано,,,2026-09-28,
G5,P3,https://www.otherbali.com/places/sakala-beach-club-at-the-sakala-resort-bali,sakala-beach-club-at-the-sakala-resort-bali,verdict,Restaurant on Jl. Pratama No.95 in Nusa Dua.,шаблонный вердикт,посчитано,,,2026-09-28,
G5,P3,https://www.otherbali.com/places/salsa-verde-at-grand-hyatt-bali,salsa-verde-at-grand-hyatt-bali,verdict,Restaurant on Jalan Nusa Dua.,шаблонный вердикт,посчитано,,,2026-09-28,
G5,P3,https://www.otherbali.com/places/sama-sama-yakiniku-and-japanese-restaurant-at-nusa-dua,sama-sama-yakiniku-and-japanese-restaurant-at-nusa-dua,verdict,"Restaurant on Jl. Bypass Ngurah Rai No.128 in Nusa Dua, open daily 12:00-11:00pm.",шаблонный вердикт,посчитано,,,2026-09-28,
G5,P3,https://www.otherbali.com/places/steaksmith-restaurant-at-renaissance-bali-nusa-dua-resort,steaksmith-restaurant-at-renaissance-bali-nusa-dua-resort,verdict,"Restaurant on Jl. Nusa Dua, open daily 6:00-10:30pm.",шаблонный вердикт,посчитано,,,2026-09-28,
G5,P3,https://www.otherbali.com/places/sukun-restaurant-nusa-dua-at-amnaya-resort-nusa-dua,sukun-restaurant-nusa-dua-at-amnaya-resort-nusa-dua,verdict,"Restaurant on Jl. Pratama No.87X in Nusa Dua, open daily 7:00am-11:00pm.",шаблонный вердикт,посчитано,,,2026-09-28,
G5,P3,https://www.otherbali.com/places/tamarind-restaurant-at-nusa-dua-beach-hotel-and-spa,tamarind-restaurant-at-nusa-dua-beach-hotel-and-spa,verdict,"Restaurant on Jl. Nusa Dua, open daily 12:00-10:30pm.",шаблонный вердикт,посчитано,,,2026-09-28,
G5,P3,https://www.otherbali.com/places/tetaring-restaurant-at-kayumanis-nusa-dua-private-villa-and-spa,tetaring-restaurant-at-kayumanis-nusa-dua-private-villa-and-spa,verdict,Restaurant on Jl. Nusa Dua.,шаблонный вердикт,посчитано,,,2026-09-28,
G5,P3,https://www.otherbali.com/places/the-shore,the-shore,verdict,"Restaurant on Jl. Raya Nusa Dua Selatan, open daily 11:00am-11:00pm.",шаблонный вердикт,посчитано,,,2026-09-28,
G5,P3,https://www.otherbali.com/places/the-tree-international-bar-and-restaurant,the-tree-international-bar-and-restaurant,verdict,"Restaurant on Jl. Pratama No.87 in Nusa Dua, open daily 10:00am-11:00pm.",шаблонный вердикт,посчитано,,,2026-09-28,
G5,P3,https://www.otherbali.com/places/acala-bar-and-bistro-lembongan,acala-bar-and-bistro-lembongan,verdict,"Restaurant on Jl. Jungutbatu in Nusa Islands, open daily 7:30am-10:00pm.",шаблонный вердикт,посчитано,,,2026-09-28,
G5,P3,https://www.otherbali.com/places/acropora-bar-and-restaurant-at-pramana-natura-nusa-penida,acropora-bar-and-restaurant-at-pramana-natura-nusa-penida,verdict,"Restaurant in Banjar Anyar, Nusa Islands, open daily 7:00am-10:00pm.",шаблонный вердикт,посчитано,,,2026-09-28,
G5,P3,https://www.otherbali.com/places/arna-suites-and-ocean-lounge,arna-suites-and-ocean-lounge,verdict,Restaurant on Jl. Sarang Burung in Nusa Islands.,шаблонный вердикт,посчитано,,,2026-09-28,
G5,P3,https://www.otherbali.com/places/jala-restaurant-at-the-acala-shri-sedana,jala-restaurant-at-the-acala-shri-sedana,verdict,Restaurant on Jalan Ancak Sari Banjar Ancak No.277 in Nusa Islands.,шаблонный вердикт,посчитано,,,2026-09-28,
G5,P3,https://www.otherbali.com/places/2080-burger-x-cibo-pasta-house-sanur,2080-burger-x-cibo-pasta-house-sanur,verdict,"Restaurant on Jl. Danau Poso No.100 in Sanur, open daily 8:00am-11:00pm.",шаблонный вердикт,посчитано,,,2026-09-28,
G5,P3,https://www.otherbali.com/places/afterwork,afterwork,verdict,"Restaurant on Jl. Batur Sari No.47B in Sanur, open daily 11:00am-9:00pm.",шаблонный вердикт,посчитано,,,2026-09-28,
G5,P3,https://www.otherbali.com/places/ares-restaurant-at-sudamala-resort-sanur,ares-restaurant-at-sudamala-resort-sanur,verdict,"Restaurant on Jl. Sudamala No.20 in Sanur, open daily 9:00am-11:00pm.",шаблонный вердикт,посчитано,,,2026-09-28,
G5,P3,https://www.otherbali.com/places/beer-brothers,beer-brothers,verdict,Cafe on Jalan Matahari Terbit in Sanur.,шаблонный вердикт,посчитано,,,2026-09-28,
G5,P3,https://www.otherbali.com/places/cork-french-tavern,cork-french-tavern,verdict,"Restaurant on Jl. Danau Tamblingan No.140 in Sanur, open daily 6:30am-12:00am.",шаблонный вердикт,посчитано,,,2026-09-28,
G5,P3,https://www.otherbali.com/places/capri-italian-restaurant-at-sanur,capri-italian-restaurant-at-sanur,verdict,"Restaurant on Jl. Pantai Matahari Terbit in Sanur, open daily 7:00am-10:00pm.",шаблонный вердикт,посчитано,,,2026-09-28,
G5,P3,https://www.otherbali.com/places/flow-restaurant-sumitra-luxury-villas-and-resort,flow-restaurant-sumitra-luxury-villas-and-resort,verdict,Restaurant on Jalan Tirta Empul in Sanur.,шаблонный вердикт,посчитано,,,2026-09-28,
G5,P3,https://www.otherbali.com/places/ganesha-ek-sanskriti-at-sanur,ganesha-ek-sanskriti-at-sanur,verdict,"Restaurant on Jl. Danau Tamblingan No.218 in Sanur, open daily 7:00am-11:00pm.",шаблонный вердикт,посчитано,,,2026-09-28,
G5,P3,https://www.otherbali.com/places/gong-restaurant-at-kayumanis-sanur,gong-restaurant-at-kayumanis-sanur,verdict,"Restaurant on Jl. Tirta Akasa No.28 in Sanur, open daily 7:00am-10:00pm.",шаблонный вердикт,посчитано,,,2026-09-28,
G5,P3,https://www.otherbali.com/places/goro-goro-cafe-and-kitchen,goro-goro-cafe-and-kitchen,verdict,"Restaurant on Jl. Bypass Ngurah Rai No.157 in Sanur, open daily 8:30am-10:00pm.",шаблонный вердикт,посчитано,,,2026-09-28,
G5,P3,https://www.otherbali.com/places/jahe-restaurant,jahe-restaurant,verdict,"Restaurant on Jl. Danau Tamblingan No.76 in Sanur, open daily 6:00-11:00pm.",шаблонный вердикт,посчитано,,,2026-09-28,
G5,P3,https://www.otherbali.com/places/junsei-izakaya,junsei-izakaya,verdict,Restaurant on Jl. Danau Tamblingan No.49 in Sanur.,шаблонный вердикт,посчитано,,,2026-09-28,
G5,P3,https://www.otherbali.com/places/noodle-crazy-sanur,noodle-crazy-sanur,verdict,"Restaurant on Jl. Sekuta No.32c in Sanur, open daily 12:00-10:00pm.",шаблонный вердикт,посчитано,,,2026-09-28,
G5,P3,https://www.otherbali.com/places/ranbo-japanese-restaurant-and-bar,ranbo-japanese-restaurant-and-bar,verdict,"Restaurant on Jl. Bypass Ngurah Rai No.200B in Sanur, open daily 11:30am-10:00pm.",шаблонный вердикт,посчитано,,,2026-09-28,
G5,P3,https://www.otherbali.com/places/roso-restaurant-at-the-meru-sanur,roso-restaurant-at-the-meru-sanur,verdict,Restaurant on Jl. Hang Tuah Mezzanine Floor in Sanur.,шаблонный вердикт,посчитано,,,2026-09-28,
G5,P3,https://www.otherbali.com/places/rue-maya-sanur,rue-maya-sanur,verdict,Cafe on Jalan Danau Tamblingan No.89M in Sanur.,шаблонный вердикт,посчитано,,,2026-09-28,
G5,P3,https://www.otherbali.com/places/shotgun-social-bali,shotgun-social-bali,verdict,"Restaurant on Jl. Pantai Sindhu No.11 in Sanur, open daily 7:00am-11:00pm.",шаблонный вердикт,посчитано,,,2026-09-28,
G5,P3,https://www.otherbali.com/places/soya-japanese-restaurant,soya-japanese-restaurant,verdict,"Restaurant on Jl. Danau Tamblingan No.47 in Sanur, open daily 12:00-10:00pm.",шаблонный вердикт,посчитано,,,2026-09-28,
G5,P3,https://www.otherbali.com/places/the-chowk-indian-gourmet-house,the-chowk-indian-gourmet-house,verdict,"Restaurant on Jl. Danau Tamblingan No.51 in Sanur, open daily 8:00am-11:00pm.",шаблонный вердикт,посчитано,,,2026-09-28,
G5,P3,https://www.otherbali.com/places/the-royal-kitchen-sanur,the-royal-kitchen-sanur,verdict,Restaurant on Jl. Danau Tamblingan No.n27 1st Floor in Sanur.,шаблонный вердикт,посчитано,,,2026-09-28,
G5,P3,https://www.otherbali.com/places/three-monkeys-bali-at-sanur,three-monkeys-bali-at-sanur,verdict,"Restaurant on Jl. Danau Tamblingan in Sanur, open daily 11:00am-11:00pm.",шаблонный вердикт,посчитано,,,2026-09-28,
G5,P3,https://www.otherbali.com/places/aoku,aoku,verdict,"Restaurant on Jl. Petitenget No.98Z in Seminyak, open daily 7:00pm-12:30am.",шаблонный вердикт,посчитано,,,2026-09-28,
G5,P3,https://www.otherbali.com/places/bar-rasa,bar-rasa,verdict,Restaurant on Jalan Lebak Sari in Seminyak.,шаблонный вердикт,посчитано,,,2026-09-28,
G5,P3,https://www.otherbali.com/places/batur-restaurant-grand-mercure-bali-seminyak,batur-restaurant-grand-mercure-bali-seminyak,verdict,Restaurant on Jalan Arjuna No.40 in Seminyak.,шаблонный вердикт,посчитано,,,2026-09-28,
G5,P3,https://www.otherbali.com/places/bliss-lounge-bar,bliss-lounge-bar,verdict,Restaurant on Jl. Sunset Road No.111 in Seminyak.,шаблонный вердикт,посчитано,,,2026-09-28,
G5,P3,https://www.otherbali.com/places/blu-sky-restaurant-bar-lounge,blu-sky-restaurant-bar-lounge,verdict,"Restaurant on Jl. Petitenget Seminyak, open daily 7:00am-11:00pm.",шаблонный вердикт,посчитано,,,2026-09-28,
G5,P3,https://www.otherbali.com/places/breeze-at-the-samaya-seminyak,breeze-at-the-samaya-seminyak,verdict,"Restaurant on Jl. Kayu Aya in Seminyak, open daily 6:30am-11:00pm.",шаблонный вердикт,посчитано,,,2026-09-28,
G5,P3,https://www.otherbali.com/places/bread-yard,bread-yard,verdict,"Restaurant on Jl. Kayu Aya No.12 in Seminyak, open daily 7:00am-10:00pm.",шаблонный вердикт,посчитано,,,2026-09-28,
G5,P3,https://www.otherbali.com/places/capri-italian-restaurant-at-seminyak,capri-italian-restaurant-at-seminyak,verdict,"Restaurant on Jl. Camplung Tanduk in Seminyak, open daily 9:00am-11:45pm.",шаблонный вердикт,посчитано,,,2026-09-28,
G5,P3,https://www.otherbali.com/places/buzo-seminyak-sushi-pizza-and-itameshi,buzo-seminyak-sushi-pizza-and-itameshi,verdict,"Restaurant on Jl. Kayu Aya No.105 in Seminyak, open daily 12:00pm-12:00am.",шаблонный вердикт,посчитано,,,2026-09-28,
G5,P3,https://www.otherbali.com/places/chandi,chandi,verdict,"Restaurant on Jalan Kayu Aya No. 72 Seminyak, open daily 6:00-11:00pm.",шаблонный вердикт,посчитано,,,2026-09-28,
G5,P3,https://www.otherbali.com/places/chaskaa-modern-indian-cuisine-and-bar-at-seminyak,chaskaa-modern-indian-cuisine-and-bar-at-seminyak,verdict,"Restaurant on Jl. Kunti I No.7A in Seminyak, open daily 11:00am-11:30pm.",шаблонный вердикт,посчитано,,,2026-09-28,
G5,P3,https://www.otherbali.com/places/chez-gado-gado-restaurant,chez-gado-gado-restaurant,verdict,"Restaurant on Jl. Camplung Tanduk No.99 in Seminyak, open daily 11:00am-12:00am.",шаблонный вердикт,посчитано,,,2026-09-28,
G5,P3,https://www.otherbali.com/places/dong-oman-cultural-dining-at-tonys-villas-and-resort,dong-oman-cultural-dining-at-tonys-villas-and-resort,verdict,Restaurant on Jl. Petitenget in Seminyak.,шаблонный вердикт,посчитано,,,2026-09-28,
G5,P3,https://www.otherbali.com/places/eko-cafe-by-deli-campur-asia,eko-cafe-by-deli-campur-asia,verdict,Restaurant on Jl. Bumbak Dauh No.89x in Seminyak.,шаблонный вердикт,посчитано,,,2026-09-28,
G5,P3,https://www.otherbali.com/places/ely-s-kitchen,ely-s-kitchen,verdict,"Restaurant on Jl. Pengubengan Kauh in Seminyak, open daily 7:00am-11:00pm.",шаблонный вердикт,посчитано,,,2026-09-28,
G5,P3,https://www.otherbali.com/places/estia-woodfire-greek,estia-woodfire-greek,verdict,"Restaurant on Jl. Kayu Cendana No.7 in Seminyak, open daily 12:00-10:00pm.",шаблонный вердикт,посчитано,,,2026-09-28,
G5,P3,https://www.otherbali.com/places/frangipaani-at-prana-bali,frangipaani-at-prana-bali,verdict,"Restaurant on Jl. Kunti I No.118X in Seminyak, open daily 12:00-10:30pm.",шаблонный вердикт,посчитано,,,2026-09-28,
G5,P3,https://www.otherbali.com/places/frangipani-cafe-at-the-oberoi-beach-resort-bali,frangipani-cafe-at-the-oberoi-beach-resort-bali,verdict,"Restaurant on Jl. Kayu Aya in Seminyak, open daily 7:00am-6:00pm.",шаблонный вердикт,посчитано,,,2026-09-28,
G5,P3,https://www.otherbali.com/places/gateway-of-india-at-seminyak,gateway-of-india-at-seminyak,verdict,Restaurant on Jl. Camplung Tanduk No. 10 Seminyak Kuta.,шаблонный вердикт,посчитано,,,2026-09-28,
G5,P3,https://www.otherbali.com/places/grill-d-burgers-bali,grill-d-burgers-bali,verdict,Restaurant on Jl. Kayu Jati No.3X in Seminyak.,шаблонный вердикт,посчитано,,,2026-09-28,
G5,P3,https://www.otherbali.com/places/groove-restaurant-at-avani-seminyak-bali-resort,groove-restaurant-at-avani-seminyak-bali-resort,verdict,"Restaurant on Jl. Drupadi No.28 in Seminyak, open daily 7:00am-11:00pm.",шаблонный вердикт,посчитано,,,2026-09-28,
G5,P3,https://www.otherbali.com/places/herbs-and-stones-garden-restaurant,herbs-and-stones-garden-restaurant,verdict,"Restaurant on Jl. Lebak Sari No.Br in Seminyak, open daily 7:00am-10:00pm.",шаблонный вердикт,посчитано,,,2026-09-28,
G5,P3,https://www.otherbali.com/places/hiiragi-restaurant-at-the-bk-village,hiiragi-restaurant-at-the-bk-village,verdict,"Restaurant on Jl. Umalas Klecung in Seminyak, open daily 7:30am-11:00pm.",шаблонный вердикт,посчитано,,,2026-09-28,
G5,P3,https://www.otherbali.com/places/hinotori-at-montigo-resorts-seminyak,hinotori-at-montigo-resorts-seminyak,verdict,Restaurant on Jl. Petitenget in Seminyak.,шаблонный вердикт,посчитано,,,2026-09-28,
G5,P3,https://www.otherbali.com/places/hotel-indigo-bali-seminyak-beach-by-ihg,hotel-indigo-bali-seminyak-beach-by-ihg,verdict,Restaurant on Jl. Camplung Tanduk No.10 in Seminyak.,шаблонный вердикт,посчитано,,,2026-09-28,
G5,P3,https://www.otherbali.com/places/hotel-indigo-bali-seminyak-beach-by-ihg-seminyak,hotel-indigo-bali-seminyak-beach-by-ihg-seminyak,verdict,Restaurant on Jl. Camplung Tanduk No.10 in Seminyak.,шаблонный вердикт,посчитано,,,2026-09-28,
G5,P3,https://www.otherbali.com/places/hut-cafe-bali,hut-cafe-bali,verdict,"Restaurant on Jl. Drupadi 1 No.2b in Seminyak, open daily 7:00am-5:00pm.",шаблонный вердикт,посчитано,,,2026-09-28,
G5,P3,https://www.otherbali.com/places/kahuna-rooftop-pool-and-restaurant,kahuna-rooftop-pool-and-restaurant,verdict,"Restaurant on Jl. Batu Belig No.228 in Seminyak, open daily 7:00am-11:00pm.",шаблонный вердикт,посчитано,,,2026-09-28,
G5,P3,https://www.otherbali.com/places/kajin-japanese-contemporary-sushi,kajin-japanese-contemporary-sushi,verdict,"Restaurant on Jl. Petitenget No.98y in Seminyak, open daily 12:00-11:00pm.",шаблонный вердикт,посчитано,,,2026-09-28,
G5,P3,https://www.otherbali.com/places/kasava-resto-and-bar-at-royal-samaja-villas,kasava-resto-and-bar-at-royal-samaja-villas,verdict,"Restaurant on Jl. Kayu Cendana Jl. Braban No.7A in Seminyak, open daily 7:00am-11:00pm.",шаблонный вердикт,посчитано,,,2026-09-28,
G5,P3,https://www.otherbali.com/places/kura-kura-restaurant-at-the-oberoi-beach-resort-bali,kura-kura-restaurant-at-the-oberoi-beach-resort-bali,verdict,"Restaurant on Jl. Kayu Aya in Seminyak, open daily 7:00-10:30pm.",шаблонный вердикт,посчитано,,,2026-09-28,
G5,P3,https://www.otherbali.com/places/kuuki-rooftop-dining-at-cross-paasha-bali-seminyak,kuuki-rooftop-dining-at-cross-paasha-bali-seminyak,verdict,"Restaurant on Jl. Kayu Aya No.78 in Seminyak, open daily 7:00am-10:00pm.",шаблонный вердикт,посчитано,,,2026-09-28,
G5,P3,https://www.otherbali.com/places/la-plancha,la-plancha,verdict,"Restaurant on Jl. Double Six in Seminyak, open daily 10:00am-11:00pm.",шаблонный вердикт,посчитано,,,2026-09-28,
G5,P3,https://www.otherbali.com/places/mano-beach-house,mano-beach-house,verdict,"Restaurant on Jl. Pantai in Seminyak, open daily 11:00am-11:00pm.",шаблонный вердикт,посчитано,,,2026-09-28,
G5,P3,https://www.otherbali.com/places/master-crepes,master-crepes,verdict,"Restaurant on Jl. Camplung Tanduk No.10A in Seminyak, open daily 8:30am-11:00pm.",шаблонный вердикт,посчитано,,,2026-09-28,
G5,P3,https://www.otherbali.com/places/midaz-at-bali,midaz-at-bali,verdict,Restaurant on Jl. Petitenget No.19 in Seminyak.,шаблонный вердикт,посчитано,,,2026-09-28,
G5,P3,https://www.otherbali.com/places/neon-palms,neon-palms,verdict,"Restaurant on Jl. Kayu Aya No.22 2nd floor in Seminyak, open daily 7:30am-11:00pm.",шаблонный вердикт,посчитано,,,2026-09-28,
G5,P3,https://www.otherbali.com/places/noi-bali-grill-and-hanging-out,noi-bali-grill-and-hanging-out,verdict,Cafe on Jalan Raya Kedampang in Seminyak.,шаблонный вердикт,посчитано,,,2026-09-28,
G5,P3,https://www.otherbali.com/places/okamura-bali,okamura-bali,verdict,"Restaurant on Jl. Pengubengan Kauh No.38 in Seminyak, open daily 12:00-10:00pm.",шаблонный вердикт,посчитано,,,2026-09-28,
G5,P3,https://www.otherbali.com/places/ocean-grand-beach,ocean-grand-beach,verdict,Restaurant on Jalan Camplung Tanduk Dhyana Pura in Seminyak.,шаблонный вердикт,посчитано,,,2026-09-28,
G5,P3,https://www.otherbali.com/places/okuzono-japanese-dining-bali,okuzono-japanese-dining-bali,verdict,Restaurant on Jl. Petitenget No.38 A in Seminyak.,шаблонный вердикт,посчитано,,,2026-09-28,
G5,P3,https://www.otherbali.com/places/oswego-bali,oswego-bali,verdict,"Restaurant on Jl. Kunti I No.118X in Seminyak, open daily 7:00am-10:30pm.",шаблонный вердикт,посчитано,,,2026-09-28,
G5,P3,https://www.otherbali.com/places/projects-brunch-and-coffee,projects-brunch-and-coffee,verdict,Restaurant on Jalan Mertanadi No.91b in Seminyak.,шаблонный вердикт,посчитано,,,2026-09-28,
G5,P3,https://www.otherbali.com/places/prior-cafe,prior-cafe,verdict,"Restaurant on Jl. Petitenget in Seminyak, open daily 7:00am-11:00pm.",шаблонный вердикт,посчитано,,,2026-09-28,
G5,P3,https://www.otherbali.com/places/queen-s-tandoor-indian-restaurant-seminyak-bali,queen-s-tandoor-indian-restaurant-seminyak-bali,verdict,"Restaurant on Jl. Raya Seminyak No.1, open daily 12:00pm-12:00am.",шаблонный вердикт,посчитано,,,2026-09-28,
G5,P3,https://www.otherbali.com/places/qissa-indian-restaurant-at-seminyak,qissa-indian-restaurant-at-seminyak,verdict,"Restaurant on Jl. Arjuna in Seminyak, open daily 12:00-11:00pm.",шаблонный вердикт,посчитано,,,2026-09-28,
G5,P3,https://www.otherbali.com/places/queen-s-of-angsoka-by-queen-s-tandoor-at-ramada-by-wyndham-bali,queen-s-of-angsoka-by-queen-s-tandoor-at-ramada-by-wyndham-bali,verdict,"Restaurant on Jl. Raya Seminyak No.1/73, open daily 12:00pm-12:00am.",шаблонный вердикт,посчитано,,,2026-09-28,
G5,P3,https://www.otherbali.com/places/rooftop-sunset-bar-at-double-six-luxury-hotel,rooftop-sunset-bar-at-double-six-luxury-hotel,verdict,"Restaurant on Jl. Pantai Legian Jl. Double Six No.66 in Seminyak, open daily 5:00-11:00pm.",шаблонный вердикт,посчитано,,,2026-09-28,
G5,P3,https://www.otherbali.com/places/rosalita-s-cantina-bali,rosalita-s-cantina-bali,verdict,Restaurant on Jalan Kayu Aya 100 in Seminyak.,шаблонный вердикт,посчитано,,,2026-09-28,
G5,P3,https://www.otherbali.com/places/sabeen-restaurant-at-the-haven-bali-seminyak,sabeen-restaurant-at-the-haven-bali-seminyak,verdict,"Restaurant on Jalan Raya in Seminyak, open daily Open 24 hours.",шаблонный вердикт,посчитано,,,2026-09-28,
G5,P3,https://www.otherbali.com/places/sanctuary-umalas-italian-restaurant-by-wonderspace,sanctuary-umalas-italian-restaurant-by-wonderspace,verdict,"Restaurant on Jl. Umalas 1 No.88A in Seminyak, open daily 7:30am-10:00pm.",шаблонный вердикт,посчитано,,,2026-09-28,
G5,P3,https://www.otherbali.com/places/sanje-restaurant-and-lounge-at-the-seminyak-beach-resort,sanje-restaurant-and-lounge-at-the-seminyak-beach-resort,verdict,"Restaurant on Jl. Kayu Aya in Seminyak, open daily 12:00-10:00pm.",шаблонный вердикт,посчитано,,,2026-09-28,
G5,P3,https://www.otherbali.com/places/seminyak-kitchen-courtyard-by-marriott-bali-seminyak-resort,seminyak-kitchen-courtyard-by-marriott-bali-seminyak-resort,verdict,Restaurant on Jalan Camplung Tanduk No 103 SP in Seminyak.,шаблонный вердикт,посчитано,,,2026-09-28,
G5,P3,https://www.otherbali.com/places/settimo-cielo-rustic-refined-italian,settimo-cielo-rustic-refined-italian,verdict,"Restaurant on Jl. Pangkung Sari No.10A in Seminyak, open daily 7:00am-11:00pm.",шаблонный вердикт,посчитано,,,2026-09-28,
G5,P3,https://www.otherbali.com/places/shiro-sushi-sake-bar,shiro-sushi-sake-bar,verdict,Restaurant on Jalan Pangkung Sari No. 3 in Seminyak.,шаблонный вердикт,посчитано,,,2026-09-28,
G5,P3,https://www.otherbali.com/places/shishi-izakaya-lounge,shishi-izakaya-lounge,verdict,Restaurant on Jalan Petitenget No. 208X in Seminyak.,шаблонный вердикт,посчитано,,,2026-09-28,
G5,P3,https://www.otherbali.com/places/shishi-nightclub-and-izakaya-lounge,shishi-nightclub-and-izakaya-lounge,verdict,"Restaurant on Jl. Petitenget No.208X in Seminyak, open daily 6:00pm-4:00am.",шаблонный вердикт,посчитано,,,2026-09-28,
G5,P3,https://www.otherbali.com/places/south-east-brewing-co,south-east-brewing-co,verdict,"Restaurant on Jl. Pengubengan Kauh in Seminyak, open daily 7:00am-12:00am.",шаблонный вердикт,посчитано,,,2026-09-28,
G5,P3,https://www.otherbali.com/places/spice-mantraa-at-seminyak,spice-mantraa-at-seminyak,verdict,"Restaurant on Jl. Petitenget in Seminyak, open daily 12:00-11:30pm.",шаблонный вердикт,посчитано,,,2026-09-28,
G5,P3,https://www.otherbali.com/places/sugarsand,sugarsand,verdict,Restaurant on Jalan Camplung Tanduk No. 10 in Seminyak.,шаблонный вердикт,посчитано,,,2026-09-28,
G5,P3,https://www.otherbali.com/places/suzie-q-at-double-six-luxury-hotel,suzie-q-at-double-six-luxury-hotel,verdict,"Restaurant on Jl. Double Six in Seminyak, open daily 6:00-11:00pm.",шаблонный вердикт,посчитано,,,2026-09-28,
G5,P3,https://www.otherbali.com/places/tadd-s-restaurant-at-montigo-resorts-seminyak,tadd-s-restaurant-at-montigo-resorts-seminyak,verdict,"Restaurant on Jalan Petitenget in Seminyak, open daily 7:00am-11:30pm.",шаблонный вердикт,посчитано,,,2026-09-28,
G5,P3,https://www.otherbali.com/places/takumi-japanese-fine-dining,takumi-japanese-fine-dining,verdict,"Restaurant on Jl. Petitenget No.43A in Seminyak, open daily 11:00am-12:00am.",шаблонный вердикт,посчитано,,,2026-09-28,
G5,P3,https://www.otherbali.com/places/the-club-bali,the-club-bali,verdict,Restaurant on Jalan Batu Belig Gg. Daksina No.1 in Seminyak.,шаблонный вердикт,посчитано,,,2026-09-28,
G5,P3,https://www.otherbali.com/places/the-forge,the-forge,verdict,"Restaurant on Jl. Petitenget No.43C in Seminyak, open daily Open 24 hours.",шаблонный вердикт,посчитано,,,2026-09-28,
G5,P3,https://www.otherbali.com/places/the-junction-house-cafe-and-restaurant-seminyak,the-junction-house-cafe-and-restaurant-seminyak,verdict,"Restaurant on Jl. Kayu Cendana in Seminyak, open daily 7:30am-11:00pm.",шаблонный вердикт,посчитано,,,2026-09-28,
G5,P3,https://www.otherbali.com/places/the-restaurant-at-the-legian-seminyak,the-restaurant-at-the-legian-seminyak,verdict,"Restaurant on Jl. Kayu Aya in Seminyak, open daily 7:00am-10:00pm.",шаблонный вердикт,посчитано,,,2026-09-28,
G5,P3,https://www.otherbali.com/places/the-plantation-grill-seminyak-at-double-six-luxury-hotel,the-plantation-grill-seminyak-at-double-six-luxury-hotel,verdict,"Restaurant on Jl. Double Six No.66 in Seminyak, open daily 6:00-11:00pm.",шаблонный вердикт,посчитано,,,2026-09-28,
G5,P3,https://www.otherbali.com/places/the-wok-spices,the-wok-spices,verdict,"Restaurant on Jl. Yudistira No.18 in Seminyak, open daily 7:00am-9:00pm.",шаблонный вердикт,посчитано,,,2026-09-28,
G5,P3,https://www.otherbali.com/places/tunu-bistro,tunu-bistro,verdict,"Restaurant on Jl. Raya Kedampang No.88B in Seminyak, open daily 7:00am-10:00pm.",шаблонный вердикт,посчитано,,,2026-09-28,
G5,P3,https://www.otherbali.com/places/urban-bites-at-seminyak,urban-bites-at-seminyak,verdict,"Restaurant on Jl. Cendrawasih in Seminyak, open daily 7:00am-11:00pm.",шаблонный вердикт,посчитано,,,2026-09-28,
G5,P3,https://www.otherbali.com/places/vrindavan-100-pure-indian-vegetarian-and-vegan-restaurant,vrindavan-100-pure-indian-vegetarian-and-vegan-restaurant,verdict,"Restaurant on Jl. Kunti I No.8 in Seminyak, open daily 8:30am-11:30pm.",шаблонный вердикт,посчитано,,,2026-09-28,
G5,P3,https://www.otherbali.com/places/york,york,verdict,"Restaurant on Jl. Petitenget in Seminyak, open daily 7:00am-11:00pm.",шаблонный вердикт,посчитано,,,2026-09-28,
G5,P3,https://www.otherbali.com/places/younghee-bali,younghee-bali,verdict,"Restaurant on Jl. Lebak Sari Jl. Petitenget No.77 in Seminyak, open daily 5:00-11:00pm.",шаблонный вердикт,посчитано,,,2026-09-28,
G5,P3,https://www.otherbali.com/places/zia-tina-eatery,zia-tina-eatery,verdict,"Restaurant on Jl. Petitenget No.9 in Seminyak, open daily 7:00am-11:00pm.",шаблонный вердикт,посчитано,,,2026-09-28,
G5,P3,https://www.otherbali.com/places/nusantara,nusantara,verdict,Restaurant on Jalan Pantai Nyanyi in Tabanan.,шаблонный вердикт,посчитано,,,2026-09-28,
G5,P3,https://www.otherbali.com/places/swarga-rasa-by-de-moksha,swarga-rasa-by-de-moksha,verdict,"Restaurant on Jl. Benuo in Tabanan, open daily 7:00am-10:00pm.",шаблонный вердикт,посчитано,,,2026-09-28,
G5,P3,https://www.otherbali.com/places/samiya-restaurant-at-homm-saranam-baturiti,samiya-restaurant-at-homm-saranam-baturiti,verdict,"Restaurant on Jl. Baturiti - Mekarsari in Tabanan, open daily 7:00am-10:00pm.",шаблонный вердикт,посчитано,,,2026-09-28,
G5,P3,https://www.otherbali.com/places/air-cafe-and-lounge-at-the-sebali-resort,air-cafe-and-lounge-at-the-sebali-resort,verdict,"Restaurant on Jl. Kepitu in Ubud, open daily 7:00am-11:00pm.",шаблонный вердикт,посчитано,,,2026-09-28,
G5,P3,https://www.otherbali.com/places/amateras-restaurant-at-jannata-resort-and-spa,amateras-restaurant-at-jannata-resort-and-spa,verdict,"Restaurant on Jl. Rsi Markandya II in Ubud, open daily 7:00am-11:00pm.",шаблонный вердикт,посчитано,,,2026-09-28,
G5,P3,https://www.otherbali.com/places/ambar-ubud-bar-at-mandapa-a-ritz-carlton-reserve,ambar-ubud-bar-at-mandapa-a-ritz-carlton-reserve,verdict,"Restaurant on Jl. Raya Kedewatan in Ubud, open daily 12:30-11:00pm.",шаблонный вердикт,посчитано,,,2026-09-28,
G5,P3,https://www.otherbali.com/places/arcadia,arcadia,verdict,"Restaurant on Jl. Raya Campuhan in Ubud, open daily 11:00am-11:00pm.",шаблонный вердикт,посчитано,,,2026-09-28,
G5,P3,https://www.otherbali.com/places/ary-s-book-cafe,ary-s-book-cafe,verdict,"Restaurant on Jl. Raya Ubud No.7, open daily 7:30am-11:00pm.",шаблонный вердикт,посчитано,,,2026-09-28,
G5,P3,https://www.otherbali.com/places/bale-udang-ubud,bale-udang-ubud,verdict,Restaurant on Jalan Goa Gajah in Ubud.,шаблонный вердикт,посчитано,,,2026-09-28,
G5,P3,https://www.otherbali.com/places/bamboo-shoot-restaurant-at-emana-bambooscape,bamboo-shoot-restaurant-at-emana-bambooscape,verdict,Restaurant on Jl. A.A. Gede Rai No.1 in Ubud.,шаблонный вердикт,посчитано,,,2026-09-28,
G5,P3,https://www.otherbali.com/places/basilico-ubud-restaurant,basilico-ubud-restaurant,verdict,"Restaurant on Jl. Raya Pengosekan in Ubud, open daily 10:00am-11:00pm.",шаблонный вердикт,посчитано,,,2026-09-28,
G5,P3,https://www.otherbali.com/places/bee-cafe-ubud-at-beehouse-dijiwa-ubud,bee-cafe-ubud-at-beehouse-dijiwa-ubud,verdict,Restaurant on Jl. Sawah Indah in Ubud.,шаблонный вердикт,посчитано,,,2026-09-28,
G5,P3,https://www.otherbali.com/places/belantara-restaurant-at-kastara-resort-and-spa,belantara-restaurant-at-kastara-resort-and-spa,verdict,"Restaurant on Jl. Bangkiang Sidem in Ubud, open daily 7:00am-10:30pm.",шаблонный вердикт,посчитано,,,2026-09-28,
G5,P3,https://www.otherbali.com/places/birdhill-restaurant-at-amora-ubud-boutique-villas,birdhill-restaurant-at-amora-ubud-boutique-villas,verdict,"Restaurant on Jl. Bangkiang Sidem in Ubud, open daily 7:00am-11:00pm.",шаблонный вердикт,посчитано,,,2026-09-28,
G5,P3,https://www.otherbali.com/places/bisma-valley-at-adiwana-bisma,bisma-valley-at-adiwana-bisma,verdict,Restaurant on Jl. Bisma in Ubud.,шаблонный вердикт,посчитано,,,2026-09-28,
G5,P3,https://www.otherbali.com/places/black-garlic-ubud,black-garlic-ubud,verdict,"Restaurant on Jl. Bangkiang Sidem No.1 in Ubud, open daily 7:00am-11:00pm.",шаблонный вердикт,посчитано,,,2026-09-28,
G5,P3,https://www.otherbali.com/places/bulan-madu-restaurant-amora-ubud-boutique-villas,bulan-madu-restaurant-amora-ubud-boutique-villas,verdict,Restaurant on Jalan Bangkiang Sidem in Ubud.,шаблонный вердикт,посчитано,,,2026-09-28,
G5,P3,https://www.otherbali.com/places/chito-caucasus-cuisine-bistro,chito-caucasus-cuisine-bistro,verdict,"Restaurant on Jl. Made Lebah in Ubud, open daily 2:00pm-12:00am.",шаблонный вердикт,посчитано,,,2026-09-28,
G5,P3,https://www.otherbali.com/places/chora-mediterranean-restaurant-and-bar,chora-mediterranean-restaurant-and-bar,verdict,"Restaurant on Jl. Bisma No.70 in Ubud, open daily 8:00am-11:00pm.",шаблонный вердикт,посчитано,,,2026-09-28,
G5,P3,https://www.otherbali.com/places/clover-cafe-at-the-hava-ubud,clover-cafe-at-the-hava-ubud,verdict,"Restaurant on Jl. Penestanan in Ubud, open daily 7:00am-11:00pm.",шаблонный вердикт,посчитано,,,2026-09-28,
G5,P3,https://www.otherbali.com/places/cretya-sunset-by-alas-harum,cretya-sunset-by-alas-harum,verdict,"Restaurant on Jl. Raya Bresela No.8 in Ubud, open daily 8:00am-10:00pm.",шаблонный вердикт,посчитано,,,2026-09-28,
G5,P3,https://www.otherbali.com/places/di-sini-di-sana-by-rachman-and-sons,di-sini-di-sana-by-rachman-and-sons,verdict,"Restaurant on Jl. Raya Lungsiakan No.57 in Ubud, open daily 10:00am-10:00pm.",шаблонный вердикт,посчитано,,,2026-09-28,
G5,P3,https://www.otherbali.com/places/divya-bar-ubud,divya-bar-ubud,verdict,"Restaurant on Jl. Monkey Forest in Ubud, open daily 10:00am-11:00pm.",шаблонный вердикт,посчитано,,,2026-09-28,
G5,P3,https://www.otherbali.com/places/enclave-ubud-at-plataran-ubud,enclave-ubud-at-plataran-ubud,verdict,"Restaurant on Jl. Hanoman Pengosekan in Ubud, open daily 11:00am-11:30pm.",шаблонный вердикт,посчитано,,,2026-09-28,
G5,P3,https://www.otherbali.com/places/figo-italian-restaurant-ubud,figo-italian-restaurant-ubud,verdict,"Restaurant on Jl. Sri Wedari No.24 in Ubud, open daily 11:00am-11:00pm.",шаблонный вердикт,посчитано,,,2026-09-28,
G5,P3,https://www.otherbali.com/places/friends-cafe-and-bistro,friends-cafe-and-bistro,verdict,"Restaurant on Jl. Raya Pengosekan Banjar Laplapan No.108 in Ubud, open daily 9:00am-10:00pm.",шаблонный вердикт,посчитано,,,2026-09-28,
G5,P3,https://www.otherbali.com/places/gabriel-french-bistro,gabriel-french-bistro,verdict,Restaurant on Jalan Bisma in Ubud.,шаблонный вердикт,посчитано,,,2026-09-28,
G5,P3,https://www.otherbali.com/places/ganesha-ek-sanskriti-at-ubud,ganesha-ek-sanskriti-at-ubud,verdict,"Restaurant on Jl. Monkey Forest in Ubud, open daily 7:00am-11:00pm.",шаблонный вердикт,посчитано,,,2026-09-28,
G5,P3,https://www.otherbali.com/places/gauri-by-ely-s-kitchen-at-adiwana-unagi-riverfront,gauri-by-ely-s-kitchen-at-adiwana-unagi-riverfront,verdict,"Restaurant on Jl. Rapuan in Ubud, open daily 7:00am-11:00pm.",шаблонный вердикт,посчитано,,,2026-09-28,
G5,P3,https://www.otherbali.com/places/genio-by-twist,genio-by-twist,verdict,"Restaurant on Jl. Sukma Kesuma No.45 in Ubud, open daily 7:30am-10:00pm.",шаблонный вердикт,посчитано,,,2026-09-28,
G5,P3,https://www.otherbali.com/places/habitat-bistro-restaurant-ubud-by-wonderspace,habitat-bistro-restaurant-ubud-by-wonderspace,verdict,"Restaurant on Jl. Bisma No.888A in Ubud, open daily 6:30am-11:00pm.",шаблонный вердикт,посчитано,,,2026-09-28,
G5,P3,https://www.otherbali.com/places/hotapa-kitchen,hotapa-kitchen,verdict,"Restaurant on Jl. Sri Wedari No.81 in Ubud, open daily 8:00am-11:00pm.",шаблонный вердикт,посчитано,,,2026-09-28,
G5,P3,https://www.otherbali.com/places/hura-restaurant-at-the-pala-ubud-villas,hura-restaurant-at-the-pala-ubud-villas,verdict,"Restaurant on Jl. Kelusu in Ubud, open daily Open 24 hours.",шаблонный вердикт,посчитано,,,2026-09-28,
G5,P3,https://www.otherbali.com/places/ibu-susu-bar-and-kitchen,ibu-susu-bar-and-kitchen,verdict,"Restaurant on Jl. Monkey Forest in Ubud, open daily 12:00pm-12:00am.",шаблонный вердикт,посчитано,,,2026-09-28,
G5,P3,https://www.otherbali.com/places/injoy,injoy,verdict,"Restaurant on Jl. Nyuh Bojog in Ubud, open daily 7:00am-8:00pm.",шаблонный вердикт,посчитано,,,2026-09-28,
G5,P3,https://www.otherbali.com/places/janger-restaurant-at-puri-wulandari-a-boutique-resort-and-spa,janger-restaurant-at-puri-wulandari-a-boutique-resort-and-spa,verdict,Restaurant on Jl. Raya Kedewatan in Ubud.,шаблонный вердикт,посчитано,,,2026-09-28,
G5,P3,https://www.otherbali.com/places/juggan-sky,juggan-sky,verdict,"Restaurant on Jl. Katik Lantang in Ubud, open daily 12:00-11:00pm.",шаблонный вердикт,посчитано,,,2026-09-28,
G5,P3,https://www.otherbali.com/places/kaukau-restaurant-at-arkamara-dijiwa-ubud,kaukau-restaurant-at-arkamara-dijiwa-ubud,verdict,"Restaurant on Jl. Katik Lantang in Ubud, open daily 7:00am-10:00pm.",шаблонный вердикт,посчитано,,,2026-09-28,
G5,P3,https://www.otherbali.com/places/kawa-hibachi-at-kastara-resort-and-spa,kawa-hibachi-at-kastara-resort-and-spa,verdict,"Restaurant on Jl. Bangkiang Sidem in Ubud, open daily 3:00-9:00pm.",шаблонный вердикт,посчитано,,,2026-09-28,
G5,P3,https://www.otherbali.com/places/kemiri-restaurant-at-como-uma-ubud,kemiri-restaurant-at-como-uma-ubud,verdict,Restaurant on Jl. Raya Sanggingan Banjar Lungsiakan in Ubud.,шаблонный вердикт,посчитано,,,2026-09-28,
G5,P3,https://www.otherbali.com/places/kemangi-ubud-resto-at-adiwana-svarga-loka,kemangi-ubud-resto-at-adiwana-svarga-loka,verdict,"Restaurant on Jl. Penestanan Kelod in Ubud, open daily 7:00am-10:00pm.",шаблонный вердикт,посчитано,,,2026-09-28,
G5,P3,https://www.otherbali.com/places/kubu-at-mandapa,kubu-at-mandapa,verdict,"Restaurant on Jl. Raya Kedewatan in Ubud, open daily 5:30-11:00pm.",шаблонный вердикт,посчитано,,,2026-09-28,
G5,P3,https://www.otherbali.com/places/kudus-house-at-como-shambhala-estate,kudus-house-at-como-shambhala-estate,verdict,"Restaurant in Banjar Begawan, Ubud.",шаблонный вердикт,посчитано,,,2026-09-28,
G5,P3,https://www.otherbali.com/places/ksuna-restaurant,ksuna-restaurant,verdict,"Restaurant on Jl. Raya Silungan in Ubud, open daily 6:00am-11:00pm.",шаблонный вердикт,посчитано,,,2026-09-28,
G5,P3,https://www.otherbali.com/places/kunang-kunang-restaurant-at-the-sun-of-granary-resort-and-villas,kunang-kunang-restaurant-at-the-sun-of-granary-resort-and-villas,verdict,"Restaurant on Jl. Raya Kenderan in Ubud, open daily 7:00am-11:00pm.",шаблонный вердикт,посчитано,,,2026-09-28,
G5,P3,https://www.otherbali.com/places/kyoka-japanese-kitchen-ubud,kyoka-japanese-kitchen-ubud,verdict,"Restaurant on Jl. Dewisita in Ubud, open daily 11:00am-11:00pm.",шаблонный вердикт,посчитано,,,2026-09-28,
G5,P3,https://www.otherbali.com/places/le-gastronome-restaurant-at-keliki-luxury-lodge,le-gastronome-restaurant-at-keliki-luxury-lodge,verdict,"Restaurant on Jl. Suda Mala in Ubud, open daily 7:00am-11:00pm.",шаблонный вердикт,посчитано,,,2026-09-28,
G5,P3,https://www.otherbali.com/places/livingstone-holyground,livingstone-holyground,verdict,"Restaurant on Jl. Raya Andong No.88x in Ubud, open daily 7:00am-10:00pm.",шаблонный вердикт,посчитано,,,2026-09-28,
G5,P3,https://www.otherbali.com/places/lumbung-restaurant-at-visesa-ubud-resort,lumbung-restaurant-at-visesa-ubud-resort,verdict,"Restaurant on Jl. Suweta in Ubud, open daily 3:00-11:00pm.",шаблонный вердикт,посчитано,,,2026-09-28,
G5,P3,https://www.otherbali.com/places/madhubann-pure-veg-indian-restaurant,madhubann-pure-veg-indian-restaurant,verdict,"Restaurant on Jl. Raya Ubud No.6, open daily 8:00am-11:00pm.",шаблонный вердикт,посчитано,,,2026-09-28,
G5,P3,https://www.otherbali.com/places/lynked-restaurant,lynked-restaurant,verdict,Restaurant on Jalan Raya Ubud.,шаблонный вердикт,посчитано,,,2026-09-28,
G5,P3,https://www.otherbali.com/places/malam-asian-grill,malam-asian-grill,verdict,Restaurant on Jl. Raya Pengosekan Ubud.,шаблонный вердикт,посчитано,,,2026-09-28,
G5,P3,https://www.otherbali.com/places/mamu-garden-cafe-and-lounge,mamu-garden-cafe-and-lounge,verdict,"Restaurant on Jl. Made Lebah in Ubud, open daily 8:00am-12:00am.",шаблонный вердикт,посчитано,,,2026-09-28,
G5,P3,https://www.otherbali.com/places/mamu-ubud-cafe-shisha-hookah,mamu-ubud-cafe-shisha-hookah,verdict,"Cafe and shisha lounge on Jl. Made Lebah in Mas. One of the widest shisha lists on the island, with Darkside, Musthave and Duft. Bowls, roasted vegetables, warm dips and shawarma. An air-conditioned lounge and a garden terrace.",шаблонный вердикт,посчитано,,,2026-09-28,
G5,P3,https://www.otherbali.com/places/melali-ubud,melali-ubud,verdict,"Restaurant on Jl. Sri Wedari No.58 in Ubud, open daily 7:00am-11:00pm.",шаблонный вердикт,посчитано,,,2026-09-28,
G5,P3,https://www.otherbali.com/places/meat-eat,meat-eat,verdict,"Restaurant on Jl. Sri Wedari in Ubud, open daily 8:00am-10:00pm.",шаблонный вердикт,посчитано,,,2026-09-28,
G5,P3,https://www.otherbali.com/places/natys-restaurant-ubud-at-natya-resort-ubud,natys-restaurant-ubud-at-natya-resort-ubud,verdict,"Restaurant on Jl. Raya Tegallalang in Ubud, open daily 7:00am-11:00pm.",шаблонный вердикт,посчитано,,,2026-09-28,
G5,P3,https://www.otherbali.com/places/nautilus,nautilus,verdict,"Restaurant on Jl. Suweta No.80 in Ubud, open daily 3:00-11:00pm.",шаблонный вердикт,посчитано,,,2026-09-28,
G5,P3,https://www.otherbali.com/places/ngajeng-restaurant,ngajeng-restaurant,verdict,"Restaurant on Jl. Raya Taro in Ubud, open daily 7:00am-11:00pm.",шаблонный вердикт,посчитано,,,2026-09-28,
G5,P3,https://www.otherbali.com/places/noema-greek-restaurant-and-bar,noema-greek-restaurant-and-bar,verdict,"Restaurant on Jl. Suweta No.6 in Ubud, open daily 12:00-10:30pm.",шаблонный вердикт,посчитано,,,2026-09-28,
G5,P3,https://www.otherbali.com/places/nuah,nuah,verdict,Restaurant on Jl. Suweta No.88 in Ubud.,шаблонный вердикт,посчитано,,,2026-09-28,
G5,P3,https://www.otherbali.com/places/padi-restaurant-at-puri-sebali-resort,padi-restaurant-at-puri-sebali-resort,verdict,"Restaurant on Jl. Raya Sebali in Ubud, open daily 7:00am-11:00pm.",шаблонный вердикт,посчитано,,,2026-09-28,
G5,P3,https://www.otherbali.com/places/palapa-restaurant-at-luwak-estate,palapa-restaurant-at-luwak-estate,verdict,"Restaurant on Jl. Sri Wedari No.9 in Ubud, open daily 8:00am-9:30pm.",шаблонный вердикт,посчитано,,,2026-09-28,
G5,P3,https://www.otherbali.com/places/perantenan-restaurant-at-the-alena-resort,perantenan-restaurant-at-the-alena-resort,verdict,"Restaurant on Jl. Raya Silungan in Ubud, open daily 7:00am-10:00pm.",шаблонный вердикт,посчитано,,,2026-09-28,
G5,P3,https://www.otherbali.com/places/pistachio-restaurant-at-adiwana-bisma,pistachio-restaurant-at-adiwana-bisma,verdict,"Restaurant on Jl. Bisma in Ubud, open daily 7:00am-10:30pm.",шаблонный вердикт,посчитано,,,2026-09-28,
G5,P3,https://www.otherbali.com/places/queen-s-of-india-at-ubud,queen-s-of-india-at-ubud,verdict,"Restaurant on Jl. Suweta in Ubud, open daily 12:00-11:30pm.",шаблонный вердикт,посчитано,,,2026-09-28,
G5,P3,https://www.otherbali.com/places/rize-ubud,rize-ubud,verdict,"Restaurant on Jl. Nyuh Bojog No.2 in Ubud, open daily 8:00am-10:00pm.",шаблонный вердикт,посчитано,,,2026-09-28,
G5,P3,https://www.otherbali.com/places/runara-restaurant-at-abisena-ubud,runara-restaurant-at-abisena-ubud,verdict,"Restaurant on Jl. Raya Keliki No.123 in Ubud, open daily 7:00am-11:00pm.",шаблонный вердикт,посчитано,,,2026-09-28,
G5,P3,https://www.otherbali.com/places/sababay-winery,sababay-winery,verdict,Restaurant on Jalan Professor Doktor Ida Bagus Mantra No.333X Keramas in Ubud.,шаблонный вердикт,посчитано,,,2026-09-28,
G5,P3,https://www.otherbali.com/places/sala-bistro-at-ubud,sala-bistro-at-ubud,verdict,"Restaurant on Jl. Raya Ubud No.14, open daily 7:30am-11:00pm.",шаблонный вердикт,посчитано,,,2026-09-28,
G5,P3,https://www.otherbali.com/places/sans-indian-restaurant-ubud-by-wonderspace,sans-indian-restaurant-ubud-by-wonderspace,verdict,"Restaurant in Banjar Pinjul, Ubud, open daily 7:00am-10:00pm.",шаблонный вердикт,посчитано,,,2026-09-28,
G5,P3,https://www.otherbali.com/places/sante-wine-and-dine-at-rusters,sante-wine-and-dine-at-rusters,verdict,Restaurant on Jl. Raya Kengetan in Ubud.,шаблонный вердикт,посчитано,,,2026-09-28,
G5,P3,https://www.otherbali.com/places/sawah-terrace-at-mandapa-a-ritz-carlton-reserve,sawah-terrace-at-mandapa-a-ritz-carlton-reserve,verdict,Restaurant on Jl. Raya Kedewatan in Ubud.,шаблонный вердикт,посчитано,,,2026-09-28,
G5,P3,https://www.otherbali.com/places/senja-bar-and-resto-at-goya-boutique-resort,senja-bar-and-resto-at-goya-boutique-resort,verdict,"Restaurant on Jl. Bisma in Ubud, open daily 7:00am-11:00pm.",шаблонный вердикт,посчитано,,,2026-09-28,
G5,P3,https://www.otherbali.com/places/serai-restaurant-at-the-hava-ubud,serai-restaurant-at-the-hava-ubud,verdict,"Restaurant on Jl. Penestanan in Ubud, open daily 11:00am-11:00pm.",шаблонный вердикт,посчитано,,,2026-09-28,
G5,P3,https://www.otherbali.com/places/shrida,shrida,verdict,"Restaurant on Jl. Bisma in Ubud, open daily 7:00am-10:30pm.",шаблонный вердикт,посчитано,,,2026-09-28,
G5,P3,https://www.otherbali.com/places/simply-social,simply-social,verdict,"Restaurant on Jl. Raya Ubud, open daily 7:00am-11:00pm.",шаблонный вердикт,посчитано,,,2026-09-28,
G5,P3,https://www.otherbali.com/places/sky-lounge-by-ely-s-kitchen-at-adiwana-unagi-suites,sky-lounge-by-ely-s-kitchen-at-adiwana-unagi-suites,verdict,"Restaurant on Jl. Suweta No.88 in Ubud, open daily 3:00-9:00pm.",шаблонный вердикт,посчитано,,,2026-09-28,
G5,P3,https://www.otherbali.com/places/soulshine-bali,soulshine-bali,verdict,Restaurant on Jl. Ambarawati in Ubud.,шаблонный вердикт,посчитано,,,2026-09-28,
G5,P3,https://www.otherbali.com/places/sumampan-restaurant-at-thewakanda-ubud,sumampan-restaurant-at-thewakanda-ubud,verdict,"Restaurant on Jl. Subak Gunungsari in Ubud, open daily 7:00am-11:00pm.",шаблонный вердикт,посчитано,,,2026-09-28,
G5,P3,https://www.otherbali.com/places/sungai-restaurant-at-sthala-a-tribute-portfolio-hotel,sungai-restaurant-at-sthala-a-tribute-portfolio-hotel,verdict,Restaurant on Jalan A.A Gede Rai in Ubud.,шаблонный вердикт,посчитано,,,2026-09-28,
G5,P3,https://www.otherbali.com/places/swiss-chalet-and-grill,swiss-chalet-and-grill,verdict,"Restaurant on Jl. Raya Lungsiakan No.2C in Ubud, open daily 11:30am-11:00pm.",шаблонный вердикт,посчитано,,,2026-09-28,
G5,P3,https://www.otherbali.com/places/tabia-the-westin-resort-and-spa-ubud-bali,tabia-the-westin-resort-and-spa-ubud-bali,verdict,Restaurant on Jalan Raya Lod Tunduh in Ubud.,шаблонный вердикт,посчитано,,,2026-09-28,
G5,P3,https://www.otherbali.com/places/tablespoon-ubud-at-adiwana-suweta,tablespoon-ubud-at-adiwana-suweta,verdict,"Restaurant on Jl. Suweta No.88 in Ubud, open daily 7:00am-11:00pm.",шаблонный вердикт,посчитано,,,2026-09-28,
G5,P3,https://www.otherbali.com/places/tall-trees-at-the-westin-resort-and-spa-ubud-bali,tall-trees-at-the-westin-resort-and-spa-ubud-bali,verdict,Restaurant on Jl. Lod Tunduh in Ubud.,шаблонный вердикт,посчитано,,,2026-09-28,
G5,P3,https://www.otherbali.com/places/tan-ting-restaurant-at-lingga-yoga-by-the-jungle-pots,tan-ting-restaurant-at-lingga-yoga-by-the-jungle-pots,verdict,Restaurant on Jl. Br.Pakuseba in Ubud.,шаблонный вердикт,посчитано,,,2026-09-28,
G5,P3,https://www.otherbali.com/places/tanarasa-restaurant-at-tanadewa-resort-ubud-bali-by-cross-collection,tanarasa-restaurant-at-tanadewa-resort-ubud-bali-by-cross-collection,verdict,"Restaurant on Jl. Padang Getas in Ubud, open daily 7:00am-11:00pm.",шаблонный вердикт,посчитано,,,2026-09-28,
G5,P3,https://www.otherbali.com/places/tangelo-bali,tangelo-bali,verdict,Restaurant on Jalan Raya Bilukan in Ubud.,шаблонный вердикт,посчитано,,,2026-09-28,
G5,P3,https://www.otherbali.com/places/tangi-restaurant-gdas-bali-health-and-wellness-resort,tangi-restaurant-gdas-bali-health-and-wellness-resort,verdict,Restaurant on Jalan Cempaka Banjar Kumbuh in Ubud.,шаблонный вердикт,посчитано,,,2026-09-28,
G5,P3,https://www.otherbali.com/places/tekila-mexican-restaurant-ubud,tekila-mexican-restaurant-ubud,verdict,"Restaurant on Jl. Raya Pengosekan Ubud No.108, open daily 11:00am-11:30pm.",шаблонный вердикт,посчитано,,,2026-09-28,
G5,P3,https://www.otherbali.com/places/tembaga-restaurant,tembaga-restaurant,verdict,"Restaurant on Jl. Baung in Ubud, open daily 11:00am-10:30pm.",шаблонный вердикт,посчитано,,,2026-09-28,
G5,P3,https://www.otherbali.com/places/terracotta-restaurant-at-mathis-retreat-ubud,terracotta-restaurant-at-mathis-retreat-ubud,verdict,"Restaurant on Jl. Raya Lungsiakan No.56 in Ubud, open daily 7:00am-11:00pm.",шаблонный вердикт,посчитано,,,2026-09-28,
G5,P3,https://www.otherbali.com/places/the-blue-door-bar-restaurant-and-club,the-blue-door-bar-restaurant-and-club,verdict,Restaurant on Jl. Monkey Forest in Ubud.,шаблонный вердикт,посчитано,,,2026-09-28,
G5,P3,https://www.otherbali.com/places/the-cassowary-restaurant,the-cassowary-restaurant,verdict,"Restaurant on Jalan Ulun Suwi II in Ubud, open daily 7:00am-10:30pm.",шаблонный вердикт,посчитано,,,2026-09-28,
G5,P3,https://www.otherbali.com/places/the-grill-at-luxe,the-grill-at-luxe,verdict,Restaurant on Jalan Kajeng at Juwuk Manis Ubud Kaja.,шаблонный вердикт,посчитано,,,2026-09-28,
G5,P3,https://www.otherbali.com/places/the-lair,the-lair,verdict,Restaurant on Jalan Raya Ubud No.23.,шаблонный вердикт,посчитано,,,2026-09-28,
G5,P3,https://www.otherbali.com/places/the-nini-restaurant-12,the-nini-restaurant-12,verdict,"Restaurant on Jl. Manik Tawang in Ubud, open daily 7:00am-11:00pm.",шаблонный вердикт,посчитано,,,2026-09-28,
G5,P3,https://www.otherbali.com/places/the-orchid-duck-restaurant,the-orchid-duck-restaurant,verdict,"Restaurant on Jl. Raya Goa Gajah Jl. Raya Teges No.Br in Ubud, open daily 12:00-10:00pm.",шаблонный вердикт,посчитано,,,2026-09-28,
G5,P3,https://www.otherbali.com/places/the-restaurant-by-keliki-luxury-lodge,the-restaurant-by-keliki-luxury-lodge,verdict,"Restaurant on Jl. Suda Mala in Ubud, open daily 7:00am-11:00pm.",шаблонный вердикт,посчитано,,,2026-09-28,
G5,P3,https://www.otherbali.com/places/the-swept-away-restaurant-ubud-by-the-samaya-ubud,the-swept-away-restaurant-ubud-by-the-samaya-ubud,verdict,Restaurant on Jl. Baung in Ubud.,шаблонный вердикт,посчитано,,,2026-09-28,
G5,P3,https://www.otherbali.com/places/the-upper-deck-ubud,the-upper-deck-ubud,verdict,"Restaurant on Jl. Raya Sebali in Ubud, open daily 6:00-11:00pm.",шаблонный вердикт,посчитано,,,2026-09-28,
G5,P3,https://www.otherbali.com/places/three-monkeys-bali-at-ubud,three-monkeys-bali-at-ubud,verdict,"Restaurant on Jl. Monkey Forest in Ubud, open daily 8:00am-11:00pm.",шаблонный вердикт,посчитано,,,2026-09-28,
G5,P3,https://www.otherbali.com/places/tis-cafe-ubud,tis-cafe-ubud,verdict,"Restaurant on Jl. Raya Tegallalang in Ubud, open daily 8:00am-11:00pm.",шаблонный вердикт,посчитано,,,2026-09-28,
G5,P3,https://www.otherbali.com/places/tuju-ubud-social-club,tuju-ubud-social-club,verdict,"Restaurant on Jl. Suweta in Ubud, open daily 8:00am-10:00pm.",шаблонный вердикт,посчитано,,,2026-09-28,
G5,P3,https://www.otherbali.com/places/twist-ubud,twist-ubud,verdict,"Restaurant on Jl. Raya Pengosekan Ubud, open daily 8:00am-10:00pm.",шаблонный вердикт,посчитано,,,2026-09-28,
G5,P3,https://www.otherbali.com/places/uma-tiki-restaurant-at-korurua-dijiwa-ubud,uma-tiki-restaurant-at-korurua-dijiwa-ubud,verdict,"Restaurant on Jl. Tirta Tawar in Ubud, open daily 7:00am-10:00pm.",шаблонный вердикт,посчитано,,,2026-09-28,
G5,P3,https://www.otherbali.com/places/ume-bali,ume-bali,verdict,"Restaurant on Jl. Dewi Sri No.888 in Ubud, open daily 7:00am-10:00pm.",шаблонный вердикт,посчитано,,,2026-09-28,
G5,P3,https://www.otherbali.com/places/uname-ubud-by-pramana,uname-ubud-by-pramana,verdict,"Restaurant on Jl. Padang Getas in Ubud, open daily 8:00am-10:00pm.",шаблонный вердикт,посчитано,,,2026-09-28,
G5,P3,https://www.otherbali.com/places/vanara-restaurant-at-sanna-ubud,vanara-restaurant-at-sanna-ubud,verdict,"Restaurant on Jl. Raya Tegallalang in Ubud, open daily 7:00am-10:00pm.",шаблонный вердикт,посчитано,,,2026-09-28,
G5,P3,https://www.otherbali.com/places/vrindavan-100-pure-indian-vegetarian-and-vegan-restaurant-at-ubud,vrindavan-100-pure-indian-vegetarian-and-vegan-restaurant-at-ubud,verdict,"Restaurant on Jl. Arjuna No.21 in Ubud, open daily 11:00am-11:30pm.",шаблонный вердикт,посчитано,,,2026-09-28,
G5,P3,https://www.otherbali.com/places/waroeng-bernadette-at-ubud,waroeng-bernadette-at-ubud,verdict,"Restaurant on Jl. Penestanan in Ubud, open daily 11:00am-10:00pm.",шаблонный вердикт,посчитано,,,2026-09-28,
G5,P3,https://www.otherbali.com/places/yonne-cafe-and-bar-at-sens-hotel-and-spa,yonne-cafe-and-bar-at-sens-hotel-and-spa,verdict,Restaurant on Jl. Sukma Kesuma No.1 in Ubud.,шаблонный вердикт,посчитано,,,2026-09-28,
G5,P3,https://www.otherbali.com/places/360-rooftop-at-anantara-uluwatu-bali-resort,360-rooftop-at-anantara-uluwatu-bali-resort,verdict,"Restaurant on Jl. Pemutih in Uluwatu Bukit, open daily 7:00am-11:00pm.",шаблонный вердикт,посчитано,,,2026-09-28,
G5,P3,https://www.otherbali.com/places/alma-tapas-bar-at-uluwatu,alma-tapas-bar-at-uluwatu,verdict,Restaurant on Jl. Pantai Bingin No.04 in Uluwatu Bukit.,шаблонный вердикт,посчитано,,,2026-09-28,
G5,P3,https://www.otherbali.com/places/base-restaurant-at-hideaway-villas-bali-uluwatu,base-restaurant-at-hideaway-villas-bali-uluwatu,verdict,"Restaurant on Jl. Bangbang Bendot in Uluwatu Bukit, open daily Open 24 hours.",шаблонный вердикт,посчитано,,,2026-09-28,
G5,P3,https://www.otherbali.com/places/botol-biru-bar-and-grill-at-anantara-uluwatu-bali-resort,botol-biru-bar-and-grill-at-anantara-uluwatu-bali-resort,verdict,Restaurant on Jl. Pemutih in Uluwatu Bukit.,шаблонный вердикт,посчитано,,,2026-09-28,
G5,P3,https://www.otherbali.com/places/clay-craft-at-renaissance-bali-uluwatu-resort-and-spa,clay-craft-at-renaissance-bali-uluwatu-resort-and-spa,verdict,Restaurant on Jl. Pantai Balangan I No.1 in Uluwatu Bukit.,шаблонный вердикт,посчитано,,,2026-09-28,
G5,P3,https://www.otherbali.com/places/dewas-landing-cafe,dewas-landing-cafe,verdict,Cafe on Jl. Raya Uluwatu in Pecatu. A local gathering point that runs football watch parties.,шаблонный вердикт,посчитано,,,2026-09-28,
G5,P3,https://www.otherbali.com/places/double-ikat,double-ikat,verdict,"Restaurant on Jl. Pantai Balangan I No.1 in Uluwatu Bukit, open daily 6:00-11:00pm.",шаблонный вердикт,посчитано,,,2026-09-28,
G5,P3,https://www.otherbali.com/places/filini-restaurant,filini-restaurant,verdict,"Restaurant on Jl. Pemutih in Uluwatu Bukit, open daily 5:00-10:00pm.",шаблонный вердикт,посчитано,,,2026-09-28,
G5,P3,https://www.otherbali.com/places/hidden-gem-uluwatu-at-hidden-hills-villas,hidden-gem-uluwatu-at-hidden-hills-villas,verdict,Restaurant on Jl. Labuansait Jl. Puncak Sekapa II in Uluwatu Bukit.,шаблонный вердикт,посчитано,,,2026-09-28,
G5,P3,https://www.otherbali.com/places/humans-cafe,humans-cafe,verdict,"Cafe on Jl. Bali Cliff in Ungasan. Asian, Indonesian and European plates with specialty coffee. There is a playground for children.",шаблонный вердикт,посчитано,,,2026-09-28,
G5,P3,https://www.otherbali.com/places/lemanja-uluwatu,lemanja-uluwatu,verdict,"Cafe, bar and coworking space with a pool on Jl. Labuansait. Breakfast starts at 07:30, with plates from 20,000 IDR. Pan-grilled prawns and tuna tataki, vegan quesadillas and plant-based pizza. Pastries alongside the cocktail list.",шаблонный вердикт,посчитано,,,2026-09-28,
G5,P3,https://www.otherbali.com/places/made-s-bakery-cafe-playground,made-s-bakery-cafe-playground,verdict,"Bakery and cafe on Jl. Dharmawangsa in Ungasan, open since 2025 after growing out of a small warung. Pastries, desserts and coffee, with breakfast served all day and large portions. The playground is free to use.",шаблонный вердикт,посчитано,,,2026-09-28,
G5,P3,https://www.otherbali.com/places/mantra-at-jumeirah-bali,mantra-at-jumeirah-bali,verdict,Restaurant on Jl. New Kuta Beach in Uluwatu Bukit.,шаблонный вердикт,посчитано,,,2026-09-28,
G5,P3,https://www.otherbali.com/places/notte-bali,notte-bali,verdict,Restaurant on Jl. Labuansait No.39 in Uluwatu Bukit.,шаблонный вердикт,посчитано,,,2026-09-28,
G5,P3,https://www.otherbali.com/places/oliverra-restaurant-at-umana-bali-lxr-hotels-and-resorts,oliverra-restaurant-at-umana-bali-lxr-hotels-and-resorts,verdict,"Restaurant on Jl. Melasti in Uluwatu Bukit, open daily 12:00-10:00pm.",шаблонный вердикт,посчитано,,,2026-09-28,
G5,P3,https://www.otherbali.com/places/roosterfish-beach-club,roosterfish-beach-club,verdict,"Restaurant on Jl. Pantai Pandawa in Uluwatu Bukit, open daily 10:00am-8:00pm.",шаблонный вердикт,посчитано,,,2026-09-28,
G5,P3,https://www.otherbali.com/places/samudra-ganesha-indian-restaurant-and-bar,samudra-ganesha-indian-restaurant-and-bar,verdict,Restaurant on Jalan Villa Kandara Banjar Wijaya Kusuma in Uluwatu Bukit.,шаблонный вердикт,посчитано,,,2026-09-28,
G5,P3,https://www.otherbali.com/places/segaran-dining-terrace-at-jumeirah-bali,segaran-dining-terrace-at-jumeirah-bali,verdict,"Restaurant on Jl. Raya Uluwatu Street in Uluwatu Bukit, open daily 6:30am-11:00pm.",шаблонный вердикт,посчитано,,,2026-09-28,
G5,P3,https://www.otherbali.com/places/suka-uluwatu,suka-uluwatu,verdict,"Restaurant on Jl. Labuansait No.10 in Uluwatu Bukit, open daily 7:30am-10:00pm.",шаблонный вердикт,посчитано,,,2026-09-28,
G5,P3,https://www.otherbali.com/places/sunset-beach-bar-and-grill-uluwatu-bukit,sunset-beach-bar-and-grill-uluwatu-bukit,verdict,"Restaurant on Jl. Raya Uluwatu No.45 in Uluwatu Bukit, open daily 11:00am-11:00pm.",шаблонный вердикт,посчитано,,,2026-09-28,
G5,P3,https://www.otherbali.com/places/the-cave-by-chef-ryan-clift-at-the-edge,the-cave-by-chef-ryan-clift-at-the-edge,verdict,Restaurant on Jalan Pura Goa Lempeh in Uluwatu Bukit.,шаблонный вердикт,посчитано,,,2026-09-28,
G5,P3,https://www.otherbali.com/places/the-view-restaurant-bali,the-view-restaurant-bali,verdict,"Restaurant on Jl. Pantai Balangan in Uluwatu Bukit, open daily 7:00am-10:00pm.",шаблонный вердикт,посчитано,,,2026-09-28,
G5,P3,https://www.otherbali.com/places/ula-cafe,ula-cafe,verdict,"Cafe on Jl. Pantai Balangan. Chef Mags builds the menu from scratch, with separate breakfast and mains lists. Woven textures, ocean air and vinyl in the background. Wifi and power outlets throughout.",шаблонный вердикт,посчитано,,,2026-09-28,
G5,P3,https://www.otherbali.com/places/uluwatu-collective,uluwatu-collective,verdict,"Gym above Pepito Express on Jl. Raya Uluwatu, high-ceilinged and open-air. CrossFit, Metcon, HIIT, weightlifting, functional training and yoga run as group classes. Access comes daily, weekly, monthly or yearly; a month is 1,450,000 IDR.",шаблонный вердикт,посчитано,,,2026-09-28,
G5,P3,https://www.otherbali.com/places/uma-beach-house,uma-beach-house,verdict,"Restaurant on Jl. Melasti beach in Uluwatu Bukit, open daily 10:00am-9:00pm.",шаблонный вердикт,посчитано,,,2026-09-28,
G5,P3,https://www.otherbali.com/places/wanaku-chinese-food-seafood-and-dimsum,wanaku-chinese-food-seafood-and-dimsum,verdict,"Restaurant on Jl. Raya Uluwatu No.138A Unit F3-4 in Uluwatu Bukit, open daily 10:00am-10:00pm.",шаблонный вердикт,посчитано,,,2026-09-28,
G5,P3,https://www.otherbali.com/places/watu-steakhouse-six-senses-uluwatu,watu-steakhouse-six-senses-uluwatu,verdict,Restaurant on Jalan Goa Lempeh in Uluwatu Bukit.,шаблонный вердикт,посчитано,,,2026-09-28,
G5,P3,https://www.otherbali.com/places/whim-restaurant,whim-restaurant,verdict,"Restaurant on Jl. Harjani No.1 in Uluwatu Bukit, open daily 7:00am-10:00pm.",шаблонный вердикт,посчитано,,,2026-09-28,
D1,P2,,samesa-canggu | sa-mesa-canggu-experience-dining,website,samesabali.com → Sa'Mesa Canggu / Sa'Mesa Canggu | Experience Dining,одно место под несколькими slug: одинаковое название в одном районе и общий ключ (сайт/Instagram/телефон/имя),посчитано; нужен ручной разбор,,,2026-09-28,
D1,P2,,the-freebird-studio-canggu | the-free-bird-studio,website,thefreebirdstudio.com → The Freebird Studio / The Free Bird Studio,одно место под несколькими slug: одинаковое название в одном районе и общий ключ (сайт/Instagram/телефон/имя),посчитано; нужен ручной разбор,,,2026-09-28,
D1,P2,,piasan | piasan-nusa-dua-restaurant-piasan-restaurant,website,piasanrestaurant.com → Piasan Nusa Dua Restaurant / Piasan Nusa Dua Restaurant Piasan Restaurant,одно место под несколькими slug: одинаковое название в одном районе и общий ключ (сайт/Instagram/телефон/имя),посчитано; нужен ручной разбор,,,2026-09-28,
D1,P2,,hotel-indigo-bali-seminyak-beach-by-ihg | hotel-indigo-bali-seminyak-beach-by-ihg-seminyak,website,seminyak.hotelindigo.com/en → Hotel Indigo Bali Seminyak Beach by IHG,одно место под несколькими slug: одинаковое название в одном районе и общий ключ (сайт/Instagram/телефон/имя),посчитано; нужен ручной разбор,,,2026-09-28,
D1,P2,,merah-putih | merah-putih-indonesian-restaurant,website,merahputihbali.com → Merah Putih / Merah Putih | Indonesian Restaurant,одно место под несколькими slug: одинаковое название в одном районе и общий ключ (сайт/Instagram/телефон/имя),посчитано; нужен ручной разбор,,,2026-09-28,
D1,P2,,anandinii-sidemen | anandinii-organic-garden-kitchen-sidemen,website,anandinii.com → Anandinii / Anandinii Organic Garden & Kitchen,одно место под несколькими slug: одинаковое название в одном районе и общий ключ (сайт/Instagram/телефон/имя),посчитано; нужен ручной разбор,,,2026-09-28,
D1,P2,,arya-arkananta-resort-and-spa | lemuria-spa-by-arya-arkananta-resort-spa-ubud,website,aryaarkanantabali.com → Arya Arkananta Resort & Spa / Lemuria Spa by Arya Arkananta Resort & Spa,одно место под несколькими slug: одинаковое название в одном районе и общий ключ (сайт/Instagram/телефон/имя),посчитано; нужен ручной разбор,,,2026-09-28,
D1,P2,,chupacabras | chupacabras-south-american-prime-meats,website,chupacabrasbali.com → Chupacabras / CHUPACABRAS - South American | Prime Meats,одно место под несколькими slug: одинаковое название в одном районе и общий ключ (сайт/Instagram/телефон/имя),посчитано; нужен ручной разбор,,,2026-09-28,
D1,P2,,habitat-bistro | habitat-bistro-restaurant-ubud-by-wonderspace,website,thewonderspace.com/habitatbistroubud → Habitat Bistro / Habitat Bistro Restaurant Ubud by Wonderspace,одно место под несколькими slug: одинаковое название в одном районе и общий ключ (сайт/Instagram/телефон/имя),посчитано; нужен ручной разбор,,,2026-09-28,
D1,P2,,kush-ayurveda-yoga-barn | the-yoga-barn,website,theyogabarn.com → KUSH Ayurvedic Rejuvenation Spa at The Yoga Barn / The Yoga Barn,одно место под несколькими slug: одинаковое название в одном районе и общий ключ (сайт/Instagram/телефон/имя),посчитано; нужен ручной разбор,,,2026-09-28,
D1,P2,,mango-tree-spa-loccitane | mango-tree-spa-ubud,website,mangotreespabali.com → Mango Tree Spa by L'OCCITANE / Mango Tree Spa,одно место под несколькими slug: одинаковое название в одном районе и общий ключ (сайт/Instagram/телефон/имя),посчитано; нужен ручной разбор,,,2026-09-28,
D1,P2,,rose-petal | rose-petal-beauty-center-uluwatu-bukit,website,rosepetalbali.com → Rose Petal / Rose Petal Beauty Center,одно место под несколькими slug: одинаковое название в одном районе и общий ключ (сайт/Instagram/телефон/имя),посчитано; нужен ручной разбор,,,2026-09-28,
D1,P2,,the-freebird-studio-canggu | the-free-bird-studio,instagram,the_free_bird_studio → The Freebird Studio / The Free Bird Studio,одно место под несколькими slug: одинаковое название в одном районе и общий ключ (сайт/Instagram/телефон/имя),посчитано; нужен ручной разбор,,,2026-09-28,
D1,P2,,udara-bali | udara-bali-spa-canggu | udara-bali-yoga-detox-and-spa-organic-ocean,instagram,udarabali → Udara Bali / Udara Bali Spa / Udara Bali Yoga Detox & Spa / Organic Ocean,одно место под несколькими slug: одинаковое название в одном районе и общий ключ (сайт/Instagram/телефон/имя),посчитано; нужен ручной разбор,,,2026-09-28,
D1,P2,,piasan | piasan-nusa-dua-restaurant-piasan-restaurant,instagram,piasanrestaurant → Piasan Nusa Dua Restaurant / Piasan Nusa Dua Restaurant Piasan Restaurant,одно место под несколькими slug: одинаковое название в одном районе и общий ключ (сайт/Instagram/телефон/имя),посчитано; нужен ручной разбор,,,2026-09-28,
D1,P2,,arya-arkananta-resort-and-spa | lemuria-spa-by-arya-arkananta-resort-spa-ubud,instagram,aryaarkanantaresort → Arya Arkananta Resort & Spa / Lemuria Spa by Arya Arkananta Resort & Spa,одно место под несколькими slug: одинаковое название в одном районе и общий ключ (сайт/Instagram/телефон/имя),посчитано; нужен ручной разбор,,,2026-09-28,
D1,P2,,hotel-indigo-bali-seminyak-beach-by-ihg | hotel-indigo-bali-seminyak-beach-seminyak | hotel-indigo-bali-seminyak-beach-by-ihg-seminyak,phone,3612099999 → Hotel Indigo Bali Seminyak Beach by IHG / Hotel Indigo Bali Seminyak Beach,одно место под несколькими slug: одинаковое название в одном районе и общий ключ (сайт/Instagram/телефон/имя),посчитано; нужен ручной разбор,,,2026-09-28,
D1,P2,,merah-putih | merah-putih-indonesian-restaurant,phone,3618465950 → Merah Putih / Merah Putih | Indonesian Restaurant,одно место под несколькими slug: одинаковое название в одном районе и общий ключ (сайт/Instagram/телефон/имя),посчитано; нужен ручной разбор,,,2026-09-28,
D1,P2,,hotel-indigo-bali-seminyak-beach-by-ihg | hotel-indigo-bali-seminyak-beach-by-ihg-seminyak,name,hotel indigo bali seminyak beach by ihg → Hotel Indigo Bali Seminyak Beach by IHG,одно место под несколькими slug: одинаковое название в одном районе и общий ключ (сайт/Instagram/телефон/имя),посчитано; нужен ручной разбор,,,2026-09-28,
O1,P1,https://disparda.baliprov.go.id/desa-wisata-penglipuran/2020/06/,desa-wisata-penglipuran:practical:Website; desa-wisata-penglipuran:action:Website; desa-wisata-penglipuran:ld:sameAs,outbound,not_found 404,ссылка с карточки ведёт в никуда,посчитано,curl -sIL 'https://disparda.baliprov.go.id/desa-wisata-penglipuran/2020/06/',,2026-09-28,
O1,P1,https://disparda.baliprov.go.id/pura-kehen/2021/10/,pura-kehen:practical:Website; pura-kehen:action:Website; pura-kehen:ld:sameAs,outbound,not_found 404,ссылка с карточки ведёт в никуда,посчитано,curl -sIL 'https://disparda.baliprov.go.id/pura-kehen/2021/10/',,2026-09-28,
O1,P1,https://disparda.baliprov.go.id/desa-tembuku/2020/06/,desa-wisata-tembuku:practical:Website; desa-wisata-tembuku:action:Website; desa-wisata-tembuku:ld:sameAs,outbound,not_found 404,ссылка с карточки ведёт в никуда,посчитано,curl -sIL 'https://disparda.baliprov.go.id/desa-tembuku/2020/06/',,2026-09-28,
O1,P1,https://disparda.baliprov.go.id/desa-wisata-undisan/2020/06/,desa-wisata-undisan:practical:Website; desa-wisata-undisan:action:Website; desa-wisata-undisan:ld:sameAs,outbound,not_found 404,ссылка с карточки ведёт в никуда,посчитано,curl -sIL 'https://disparda.baliprov.go.id/desa-wisata-undisan/2020/06/',,2026-09-28,
O1,P1,https://disparda.baliprov.go.id/bunut-bolong-trees/2020/04/,bunut-bolong:practical:Website; bunut-bolong:action:Website; bunut-bolong:ld:sameAs,outbound,not_found 404,ссылка с карточки ведёт в никуда,посчитано,curl -sIL 'https://disparda.baliprov.go.id/bunut-bolong-trees/2020/04/',,2026-09-28,
O1,P1,https://disparda.baliprov.go.id/medewi-beach/2020/06/,desa-wisata-medewi:practical:Website; desa-wisata-medewi:action:Website; desa-wisata-medewi:ld:sameAs,outbound,not_found 404,ссылка с карточки ведёт в никуда,посчитано,curl -sIL 'https://disparda.baliprov.go.id/medewi-beach/2020/06/',,2026-09-28,
O1,P1,https://disparda.baliprov.go.id/pantai-jimbaran/2021/09/,pantai-jimbaran:practical:Website; pantai-jimbaran:action:Website; pantai-jimbaran:ld:sameAs,outbound,not_found 404,ссылка с карточки ведёт в никуда,посчитано,curl -sIL 'https://disparda.baliprov.go.id/pantai-jimbaran/2021/09/',,2026-09-28,
O1,P1,https://disparda.baliprov.go.id/besakih-temple/2020/04/,desa-wisata-besakih:practical:Website; desa-wisata-besakih:action:Website; desa-wisata-besakih:ld:sameAs,outbound,not_found 404,ссылка с карточки ведёт в никуда,посчитано,curl -sIL 'https://disparda.baliprov.go.id/besakih-temple/2020/04/',,2026-09-28,
O1,P1,https://disparda.baliprov.go.id/tenganan-village/2020/04/,desa-wisata-tenganan:practical:Website; desa-wisata-tenganan:action:Website; desa-wisata-tenganan:ld:sameAs,outbound,not_found 404,ссылка с карточки ведёт в никуда,посчитано,curl -sIL 'https://disparda.baliprov.go.id/tenganan-village/2020/04/',,2026-09-28,
O1,P1,https://disparda.baliprov.go.id/desa-wisata-bugbug/2020/06/,desa-wisata-bugbug:practical:Website; desa-wisata-bugbug:action:Website; desa-wisata-bugbug:ld:sameAs,outbound,not_found 404,ссылка с карточки ведёт в никуда,посчитано,curl -sIL 'https://disparda.baliprov.go.id/desa-wisata-bugbug/2020/06/',,2026-09-28,
O1,P1,https://disparda.baliprov.go.id/pantai-kuta/2021/09/,pantai-kuta:practical:Website; pantai-kuta:action:Website; pantai-kuta:ld:sameAs,outbound,not_found 404,ссылка с карточки ведёт в никуда,посчитано,curl -sIL 'https://disparda.baliprov.go.id/pantai-kuta/2021/09/',,2026-09-28,
O1,P1,https://disparda.baliprov.go.id/air-terjun-gitgit/2021/10/,air-terjun-gitgit:practical:Website; air-terjun-gitgit:action:Website; air-terjun-gitgit:ld:sameAs; desa-wisata-gitgit:practical:Website; desa-wisata-gitgit:action:Website; desa-wisata-gitgit:ld:sameAs,outbound,not_found 404,ссылка с карточки ведёт в никуда,посчитано,curl -sIL 'https://disparda.baliprov.go.id/air-terjun-gitgit/2021/10/',,2026-09-28,
O1,P1,https://disparda.baliprov.go.id/pantai-lovina/2021/10/,pantai-lovina:practical:Website; pantai-lovina:action:Website; pantai-lovina:ld:sameAs,outbound,not_found 404,ссылка с карточки ведёт в никуда,посчитано,curl -sIL 'https://disparda.baliprov.go.id/pantai-lovina/2021/10/',,2026-09-28,
O1,P1,https://disparda.baliprov.go.id/desa-wisata-sanur-kauh/2020/06/,desa-wisata-sanur-kauh:practical:Website; desa-wisata-sanur-kauh:action:Website; desa-wisata-sanur-kauh:ld:sameAs,outbound,not_found 404,ссылка с карточки ведёт в никуда,посчитано,curl -sIL 'https://disparda.baliprov.go.id/desa-wisata-sanur-kauh/2020/06/',,2026-09-28,
O1,P2,https://artisangroup.id/,artisan-pererenan:practical:Website; artisan-pererenan:action:Website; artisan-pererenan:ld:sameAs,outbound,server_error 500 → повтор 500,официальный сайт отвечает 5xx дважды (обход + повтор),посчитано,,,2026-09-28,
O1,P1,https://disparda.baliprov.go.id/1146-2/2020/04/,jatiluwih:practical:Website; jatiluwih:action:Website; jatiluwih:ld:sameAs,outbound,not_found 404,ссылка с карточки ведёт в никуда,посчитано,curl -sIL 'https://disparda.baliprov.go.id/1146-2/2020/04/',,2026-09-28,
O1,P1,https://www.ashebali.com/,ashe-grill-and-bar:practical:Website; ashe-grill-and-bar:action:Website; ashe-grill-and-bar:ld:sameAs,outbound,not_found 404,ссылка с карточки ведёт в никуда,посчитано,curl -sIL 'https://www.ashebali.com/',,2026-09-28,
O1,P1,https://disparda.baliprov.go.id/tanah-lot-temple/2020/04/,tanah-lot:practical:Website; tanah-lot:action:Website; tanah-lot:ld:sameAs,outbound,not_found 404,ссылка с карточки ведёт в никуда,посчитано,curl -sIL 'https://disparda.baliprov.go.id/tanah-lot-temple/2020/04/',,2026-09-28,
O1,P1,https://disparda.baliprov.go.id/nungnung-waterfall/2020/04/,air-terjun-tegenungan:practical:Website; air-terjun-tegenungan:action:Website; air-terjun-tegenungan:ld:sameAs,outbound,not_found 404,ссылка с карточки ведёт в никуда,посчитано,curl -sIL 'https://disparda.baliprov.go.id/nungnung-waterfall/2020/04/',,2026-09-28,
O1,P1,https://disparda.baliprov.go.id/tirta-empul/2021/01/,tirta-empul:practical:Website; tirta-empul:action:Website; tirta-empul:ld:sameAs,outbound,not_found 404,ссылка с карточки ведёт в никуда,посчитано,curl -sIL 'https://disparda.baliprov.go.id/tirta-empul/2021/01/',,2026-09-28,
O1,P1,https://disparda.baliprov.go.id/garuda-wisnu-kencana-2/2021/09/,garuda-wisnu-kencana:practical:Website; garuda-wisnu-kencana:action:Website; garuda-wisnu-kencana:ld:sameAs,outbound,not_found 404,ссылка с карточки ведёт в никуда,посчитано,curl -sIL 'https://disparda.baliprov.go.id/garuda-wisnu-kencana-2/2021/09/',,2026-09-28,
O1,P1,https://disparda.baliprov.go.id/pantai-pandawa/2021/09/,pantai-pandawa:practical:Website; pantai-pandawa:action:Website; pantai-pandawa:ld:sameAs,outbound,not_found 404,ссылка с карточки ведёт в никуда,посчитано,curl -sIL 'https://disparda.baliprov.go.id/pantai-pandawa/2021/09/',,2026-09-28,
O1,P2,https://bali-climbing.com/,bali-climbing-bouldering-gym:practical:Website; bali-climbing-bouldering-gym:action:Website; bali-climbing-bouldering-gym:ld:sameAs,outbound,→ https://fkpt.org/ (Forum Kerja Sama Pendidikan Tinggi (FKPT)),ссылка уводит на другой домен — ребрендинг/закрытие/чужой сайт?,посчитано; нужен ручной разбор,,,2026-09-28,
O1,P1,https://www.chope.co/bali-restaurants/restaurant/kong-bali-canggu,kong-contemporary-bistro:action:Reserve,outbound,not_found 404,ссылка с карточки ведёт в никуда,посчитано,curl -sIL 'https://www.chope.co/bali-restaurants/restaurant/kong-bali-canggu',,2026-09-28,
O1,P1,https://linktr.ee/bron.caferenon,bron-the-resto:practical:Website; bron-the-resto:action:Website; bron-the-resto:ld:sameAs,outbound,not_found 404,ссылка с карточки ведёт в никуда,посчитано,curl -sIL 'https://linktr.ee/bron.caferenon',,2026-09-28,
O1,P1,https://linktr.ee/salabistrolinks%3Ffbclid%3DPAZXh0bgNhZW0CMTEAAaZ5E_FtVqEybOwj9Y1rqDvRWmea_OMf-YL3j1QnxHtD0gUZoZgJFx7dllk_aem_qGHSvvyPquQn7XxyUDj03A,sala-bistro-at-ubud:practical:Website; sala-bistro-at-ubud:action:Website; sala-bistro-at-ubud:ld:sameAs,outbound,not_found 404,ссылка с карточки ведёт в никуда,посчитано,curl -sIL 'https://linktr.ee/salabistrolinks%3Ffbclid%3DPAZXh0bgNhZW0CMTEAAaZ5E_FtVqEybOwj9Y1rqDvRWmea_OMf-YL3j1QnxHtD0gUZoZgJFx7dllk_aem_qGHSvvyPquQn7XxyUDj03A',,2026-09-28,
O1,P1,https://dijiwasanctuaries.com/at/koruruaubud/cuisine/uma-tiki-restaurant-ubud,uma-tiki-restaurant-at-korurua-dijiwa-ubud:practical:Website; uma-tiki-restaurant-at-korurua-dijiwa-ubud:action:Website; uma-tiki-restaurant-at-korurua-dijiwa-ubud:ld:sameAs,outbound,not_found 404,ссылка с карточки ведёт в никуда,посчитано,curl -sIL 'https://dijiwasanctuaries.com/at/koruruaubud/cuisine/uma-tiki-restaurant-ubud',,2026-09-28,
O1,P1,http://www.villamoksha.com/inklusivvideo,inklusiv-warung:practical:Website; inklusiv-warung:ld:sameAs,outbound,not_found 404,ссылка с карточки ведёт в никуда,посчитано,curl -sIL 'http://www.villamoksha.com/inklusivvideo',,2026-09-28,
O1,P2,https://bychefwayan.com/,home-by-chef-wayan:practical:Website; home-by-chef-wayan:action:Website; home-by-chef-wayan:ld:sameAs,outbound,→ https://chefwayan.com/ (Home by Chef Wayan | Balinese Restaurant Pererenan Bali),ссылка уводит на другой домен — ребрендинг/закрытие/чужой сайт?,посчитано; нужен ручной разбор,,,2026-09-28,
O1,P2,https://www.whitegoosehotel.com/milano,milano:practical:Website; milano:action:Website; milano:ld:sameAs,outbound,server_error 502 → повтор 502,официальный сайт отвечает 5xx дважды (обход + повтор),посчитано,,,2026-09-28,
O1,P1,https://www.mia-bali.com/menu,mia-asian-modern-inspired-restaurant-and-bar:menu-source,outbound,not_found 404,ссылка с карточки ведёт в никуда,посчитано,curl -sIL 'https://www.mia-bali.com/menu',,2026-09-28,
O1,P1,https://tropical-nomad-coworking-space.webflow.io/,tropical-nomad:practical:Website; tropical-nomad:action:Website; tropical-nomad:ld:sameAs,outbound,not_found 404,ссылка с карточки ведёт в никуда,посчитано,curl -sIL 'https://tropical-nomad-coworking-space.webflow.io/',,2026-09-28,
O1,P1,https://warungsika.biz.id/,warung-sika:practical:Website; warung-sika:action:Website; warung-sika:ld:sameAs,outbound,dns_fail 0 ENOTFOUND → повтор ENOTFOUND,ссылка с карточки ведёт в никуда,посчитано,curl -sIL 'https://warungsika.biz.id/',,2026-09-28,
O1,P1,https://www.chope.co/bali-restaurants/restaurant/ganesha-ek-sanskriti-lippo-mall-kuta,ganesha-ek-sanskriti-at-lippo-mall-kuta:action:Reserve,outbound,not_found 404,ссылка с карточки ведёт в никуда,посчитано,curl -sIL 'https://www.chope.co/bali-restaurants/restaurant/ganesha-ek-sanskriti-lippo-mall-kuta',,2026-09-28,
O1,P2,https://wronggym.com/,wrong-gym-pererenan:practical:Website; wrong-gym-pererenan:action:Website; wrong-gym-pererenan:ld:sameAs; wrong-gym-uluwatu-bukit:practical:Website; wrong-gym-uluwatu-bukit:action:Website; wrong-gym-uluwatu-bukit:ld:sameAs,outbound,other 402 → повтор 402,ссылка отдаёт 4xx (часто испорченный URL: закодированный #utm),посчитано,curl -sI 'https://wronggym.com/',,2026-09-28,
O1,P1,https://movenpick.accor.com/en/asia/indonesia/bali/jimbaran-bali.html%3Fmerchantid%3Dseo-maps-ID-B4P2%26sourceid%3Daw-cen%26utm_medium%3Dseo%2Bmaps%26utm_source%3Dgoogle%2BMaps%26utm_campaign%3Dseo%2Bmaps%26utm_content%3DJambaran-Bali,anarasa-at-movenpick-resort:practical:Website; anarasa-at-movenpick-resort:action:Website; anarasa-at-movenpick-resort:ld:sameAs,outbound,not_found 404,ссылка с карточки ведёт в никуда,посчитано,curl -sIL 'https://movenpick.accor.com/en/asia/indonesia/bali/jimbaran-bali.html%3Fmerchantid%3Dseo-maps-ID-B4P2%26sourceid%3Daw-cen%26utm_medium%3Dseo%2Bmaps%26utm_source%3Dgoogle%2BMaps%26utm_campaign%3Dseo%2Bmaps%26utm_content%3DJambaran-Bali',,2026-09-28,
O1,P1,https://www.ayana.com/bali/rimba/,spa-at-rimba-by-ayana-bali-jimbaran:practical:Website; spa-at-rimba-by-ayana-bali-jimbaran:action:Website; spa-at-rimba-by-ayana-bali-jimbaran:ld:sameAs,outbound,not_found 404,ссылка с карточки ведёт в никуда,посчитано,curl -sIL 'https://www.ayana.com/bali/rimba/',,2026-09-28,
O1,P1,https://raffles.com/bali%3Futm_source%3Dgoogle%2BMaps%26utm_medium%3Dseo%2Bmaps%26utm_campaign%3Dseo%2Bmaps,loloan-coastal-peruvian-at-raffles-bali:practical:Website; loloan-coastal-peruvian-at-raffles-bali:action:Website; loloan-coastal-peruvian-at-raffles-bali:ld:sameAs; rumari:practical:Website; rumari:action:Website; rumari:ld:sameAs; rumari-counter-at-raffles-bali:practical:Website; rumari-counter-at-raffles-bali:action:Website; rumari-counter-at-raffles-bali:ld:sameAs,outbound,not_found 410,ссылка с карточки ведёт в никуда,посчитано,curl -sIL 'https://raffles.com/bali%3Futm_source%3Dgoogle%2BMaps%26utm_medium%3Dseo%2Bmaps%26utm_campaign%3Dseo%2Bmaps',,2026-09-28,
O1,P1,https://karmagroup.com/resort/karma-kandara-bali/,karma-spa-at-karma-kandara:practical:Website; karma-spa-at-karma-kandara:action:Website; karma-spa-at-karma-kandara:ld:sameAs,outbound,not_found 404,ссылка с карточки ведёт в никуда,посчитано,curl -sIL 'https://karmagroup.com/resort/karma-kandara-bali/',,2026-09-28,
O1,P2,https://www.awaybalilegiancamakila.com/,away-bali-legian-camakila:practical:Website; away-bali-legian-camakila:action:Website; away-bali-legian-camakila:ld:sameAs,outbound,→ https://www.sonobellebali.com/ (SONO Belle Bali Legian | SONO Hotel&amp;Resort Asia),ссылка уводит на другой домен — ребрендинг/закрытие/чужой сайт?,посчитано; нужен ручной разбор,,,2026-09-28,
O1,P1,http://www.baligreensurf.net/,bali-green-surf:practical:Website; bali-green-surf:ld:sameAs,outbound,dns_fail 0 EAI_AGAIN → повтор EAI_AGAIN,ссылка с карточки ведёт в никуда,посчитано,curl -sIL 'http://www.baligreensurf.net/',,2026-09-28,
O1,P2,https://capibarrabali.com/,capibarra-restaurant-and-bar-kuta:practical:Website; capibarra-restaurant-and-bar-kuta:action:Website; capibarra-restaurant-and-bar-kuta:ld:sameAs,outbound,server_error 500 → повтор 500,официальный сайт отвечает 5xx дважды (обход + повтор),посчитано,,,2026-09-28,
O1,P2,https://celebrityfitness.co.id/,celebrity-fitness:practical:Website; celebrity-fitness:action:Website; celebrity-fitness:ld:sameAs,outbound,→ https://www.celebrityfitness.com/id/en (Celebrity Fitness Indonesia | Premium Gym &amp; Fitness Center),ссылка уводит на другой домен — ребрендинг/закрытие/чужой сайт?,посчитано; нужен ручной разбор,,,2026-09-28,
O1,P1,https://hammerheadgymbali.com/,hammerhead-fitness:practical:Website; hammerhead-fitness:action:Website; hammerhead-fitness:ld:sameAs,outbound,dns_fail 0 ENOTFOUND → повтор ENOTFOUND,ссылка с карточки ведёт в никуда,посчитано,curl -sIL 'https://hammerheadgymbali.com/',,2026-09-28,
O1,P2,http://www.groundzerobali.com/,ground-zero-kitchen:practical:Website; ground-zero-kitchen:ld:sameAs,outbound,→ https://expireddomains.com/domain/groundzerobali.com?utm_source=redi (groundzerobali.com — seasoned .com domain (4y) | ED.com),ссылка уводит на другой домен — ребрендинг/закрытие/чужой сайт?,посчитано; нужен ручной разбор,,,2026-09-28,
O1,P2,https://cafe.hardrock.com/bali/%23utm_source%3DGoogle%26utm_medium%3DYext%26utm_campaign%3DListings,hard-rock-cafe-bali:practical:Website; hard-rock-cafe-bali:action:Website; hard-rock-cafe-bali:ld:sameAs,outbound,other 400 → повтор 400,ссылка отдаёт 4xx (часто испорченный URL: закодированный #utm),посчитано,curl -sI 'https://cafe.hardrock.com/bali/%23utm_source%3DGoogle%26utm_medium%3DYext%26utm_campaign%3DListings',,2026-09-28,
O1,P1,http://www.polestudiobali.com/,pole-studio-bali:practical:Website; pole-studio-bali:ld:sameAs,outbound,dns_fail 0 ENOTFOUND → повтор ENOTFOUND,ссылка с карточки ведёт в никуда,посчитано,curl -sIL 'http://www.polestudiobali.com/',,2026-09-28,
O1,P2,https://www.poppiesbali.com/en/poppies-restaurant-book-table.php,poppies-restaurant:practical:Website; poppies-restaurant:action:Website; poppies-restaurant:ld:sameAs,outbound,→ https://www.poppiesrestaurant.com/poppies-restaurant-book-table.php (Poppies Bali - Heaven In The Heart of Kuta),ссылка уводит на другой домен — ребрендинг/закрытие/чужой сайт?,посчитано; нужен ручной разбор,,,2026-09-28,
O1,P1,https://shallysdining.com/,shally-s-dining-at-lippo-mall-kuta:practical:Website; shally-s-dining-at-lippo-mall-kuta:action:Website; shally-s-dining-at-lippo-mall-kuta:ld:sameAs,outbound,dns_fail 0 EAI_AGAIN → повтор EAI_AGAIN,ссылка с карточки ведёт в никуда,посчитано,curl -sIL 'https://shallysdining.com/',,2026-09-28,
O1,P1,https://weekendnotes.com/,earthbound-lovina:practical:Website; earthbound-lovina:action:Website; earthbound-lovina:ld:sameAs,outbound,not_found 404,ссылка с карточки ведёт в никуда,посчитано,curl -sIL 'https://weekendnotes.com/',,2026-09-28,
O1,P1,https://www.hommhotels.com/hotels/homm-saranam-baturiti%23dining-linked,samiya-restaurant-at-homm-saranam-baturiti:practical:Website; samiya-restaurant-at-homm-saranam-baturiti:action:Website; samiya-restaurant-at-homm-saranam-baturiti:ld:sameAs,outbound,not_found 404,ссылка с карточки ведёт в никуда,посчитано,curl -sIL 'https://www.hommhotels.com/hotels/homm-saranam-baturiti%23dining-linked',,2026-09-28,
O1,P1,http://www.thelittlehillterrace.com/,the-little-hill-terrace:practical:Website; the-little-hill-terrace:ld:sameAs,outbound,dns_fail 0 ENOTFOUND → повтор ENOTFOUND,ссылка с карточки ведёт в никуда,посчитано,curl -sIL 'http://www.thelittlehillterrace.com/',,2026-09-28,
O1,P2,https://www.clubmed.com/,club-med-bali-fitness:practical:Website; club-med-bali-fitness:action:Website; club-med-bali-fitness:ld:sameAs,outbound,→ https://www.clubmed.us/ (Luxury All Inclusive Resorts &amp; Holiday Packages | Club Med),ссылка уводит на другой домен — ребрендинг/закрытие/чужой сайт?,посчитано; нужен ручной разбор,,,2026-09-28,
O1,P2,https://frangipanibalispa.id/,frangipani-bali-spa-nusa-dua:practical:Website; frangipani-bali-spa-nusa-dua:action:Website; frangipani-bali-spa-nusa-dua:ld:sameAs,outbound,"→ https://www.balispafrangipani.com/ (Frangipani Esthetics Spa | Luxury Spa &amp; Balinese Massage in Nusa Dua &amp; Jimbaran, Bali)",ссылка уводит на другой домен — ребрендинг/закрытие/чужой сайт?,посчитано; нужен ручной разбор,,,2026-09-28,
O1,P1,https://all.accor.com/hotel/C150/index.en.shtml%23section-facilities,tamarind-restaurant-at-nusa-dua-beach-hotel-and-spa:practical:Website; tamarind-restaurant-at-nusa-dua-beach-hotel-and-spa:action:Website; tamarind-restaurant-at-nusa-dua-beach-hotel-and-spa:ld:sameAs,outbound,not_found 404,ссылка с карточки ведёт в никуда,посчитано,curl -sIL 'https://all.accor.com/hotel/C150/index.en.shtml%23section-facilities',,2026-09-28,
O1,P1,https://all.accor.com/hotel/C4D5/index.en.shtml%23section-facilities,moonlite-kitchen-and-bar:practical:Website; moonlite-kitchen-and-bar:action:Website; moonlite-kitchen-and-bar:ld:sameAs,outbound,not_found 404,ссылка с карточки ведёт в никуда,посчитано,curl -sIL 'https://all.accor.com/hotel/C4D5/index.en.shtml%23section-facilities',,2026-09-28,
O1,P1,https://www.sendokbali.com/,the-tree-international-bar-and-restaurant:practical:Website; the-tree-international-bar-and-restaurant:action:Website; the-tree-international-bar-and-restaurant:ld:sameAs,outbound,dns_fail 0 ENOTFOUND → повтор ENOTFOUND,ссылка с карточки ведёт в никуда,посчитано,curl -sIL 'https://www.sendokbali.com/',,2026-09-28,
O1,P1,https://www.sudamalaresorts.com/offer/sanur-enchanting-seaside-dining/,ares-restaurant-at-sudamala-resort-sanur:practical:Website; ares-restaurant-at-sudamala-resort-sanur:action:Website; ares-restaurant-at-sudamala-resort-sanur:ld:sameAs,outbound,not_found 404,ссылка с карточки ведёт в никуда,посчитано,curl -sIL 'https://www.sudamalaresorts.com/offer/sanur-enchanting-seaside-dining/',,2026-09-28,
O1,P1,https://pramanapenida.com/acropora-restaurant/,acropora-bar-and-restaurant-at-pramana-natura-nusa-penida:practical:Website; acropora-bar-and-restaurant-at-pramana-natura-nusa-penida:action:Website; acropora-bar-and-restaurant-at-pramana-natura-nusa-penida:ld:sameAs,outbound,not_found 404,ссылка с карточки ведёт в никуда,посчитано,curl -sIL 'https://pramanapenida.com/acropora-restaurant/',,2026-09-28,
O1,P1,https://costasanur.com/booking,costa-beach-restaurant:action:Reserve,outbound,not_found 404,ссылка с карточки ведёт в никуда,посчитано,curl -sIL 'https://costasanur.com/booking',,2026-09-28,
O1,P2,https://www.junsei.id/,junsei-izakaya:practical:Website; junsei-izakaya:action:Website; junsei-izakaya:ld:sameAs,outbound,→ https://junsei.co.uk/bali/ (Junsei | Traditional Yakitori),ссылка уводит на другой домен — ребрендинг/закрытие/чужой сайт?,посчитано; нужен ручной разбор,,,2026-09-28,
O1,P1,https://www.kuubali.com/,kuu-izakaya-dining:practical:Website; kuu-izakaya-dining:action:Website; kuu-izakaya-dining:ld:sameAs,outbound,not_found 404,ссылка с карточки ведёт в никуда,посчитано,curl -sIL 'https://www.kuubali.com/',,2026-09-28,
O1,P1,http://www.marrambafitness.com/,marramba-fitness:practical:Website; marramba-fitness:ld:sameAs,outbound,dns_fail 0 ENOTFOUND → повтор ENOTFOUND,ссылка с карточки ведёт в никуда,посчитано,curl -sIL 'http://www.marrambafitness.com/',,2026-09-28,
O1,P1,http://mobile.ripcurlschoolofsurf.com/the-schools/sanur/,rip-curl-school-of-surf:practical:Website; rip-curl-school-of-surf:ld:sameAs,outbound,dns_fail 0 ENOTFOUND → повтор ENOTFOUND,ссылка с карточки ведёт в никуда,посчитано,curl -sIL 'http://mobile.ripcurlschoolofsurf.com/the-schools/sanur/',,2026-09-28,
O1,P2,https://warungblanjong.shop/,warung-blanjong:practical:Website; warung-blanjong:action:Website; warung-blanjong:menu-source; warung-blanjong:ld:sameAs,outbound,→ https://warung-blanjong.locallya.com/ (Warung Blanjong | Casual Balinese Indonesian Dining in Denpasar),ссылка уводит на другой домен — ребрендинг/закрытие/чужой сайт?,посчитано; нужен ручной разбор,,,2026-09-28,
O1,P1,https://asha-spa-wellness.com/,asha-wellness-spa-seminyak:practical:Website; asha-wellness-spa-seminyak:action:Website; asha-wellness-spa-seminyak:ld:sameAs,outbound,not_found 404,ссылка с карточки ведёт в никуда,посчитано,curl -sIL 'https://asha-spa-wellness.com/',,2026-09-28,
O1,P1,https://www.baliindianfood.com/,gateway-of-india-at-seminyak:practical:Website; gateway-of-india-at-seminyak:action:Website; gateway-of-india-at-seminyak:ld:sameAs,outbound,not_found 404,ссылка с карточки ведёт в никуда,посчитано,curl -sIL 'https://www.baliindianfood.com/',,2026-09-28,
O1,P1,http://grilld.com/%23GoogleLocal,grill-d-burgers-bali:practical:Website; grill-d-burgers-bali:ld:sameAs,outbound,not_found 404,ссылка с карточки ведёт в никуда,посчитано,curl -sIL 'http://grilld.com/%23GoogleLocal',,2026-09-28,
O1,P1,https://www.chope.co/bali-restaurants/restaurant/gateway-of-india-seminyak,gateway-of-india-at-seminyak:action:Reserve,outbound,not_found 404,ссылка с карточки ведёт в никуда,посчитано,curl -sIL 'https://www.chope.co/bali-restaurants/restaurant/gateway-of-india-seminyak',,2026-09-28,
O1,P2,https://noaa.live/go/reservation,noaa-asian-bistro:action:Reserve,outbound,→ https://booking.chope.co/booking_index?rid=noaa1910bal&source=rest_Instagram.noaa&adults=2&country_code=BALI&time=3:30pm&lang=en_US&date=21May2026& (Widget),ссылка уводит на другой домен — ребрендинг/закрытие/чужой сайт?,посчитано; нужен ручной разбор,,,2026-09-28,
O1,P1,https://natysrestaurant.com/natys-ubud/,natys-restaurant-ubud-at-natya-resort-ubud:practical:Website; natys-restaurant-ubud-at-natya-resort-ubud:action:Website; natys-restaurant-ubud-at-natya-resort-ubud:ld:sameAs,outbound,not_found 404,ссылка с карточки ведёт в никуда,посчитано,curl -sIL 'https://natysrestaurant.com/natys-ubud/',,2026-09-28,
O1,P2,http://www.thehavenhotels.com/,sabeen-restaurant-at-the-haven-bali-seminyak:practical:Website; sabeen-restaurant-at-the-haven-bali-seminyak:ld:sameAs,outbound,→ https://phm-hotels.com/ (PHM Hotels — Indonesia's Trusted Hotel Operator),ссылка уводит на другой домен — ребрендинг/закрытие/чужой сайт?,посчитано; нужен ручной разбор,,,2026-09-28,
O1,P2,https://seminyakyogashala.com/,seminyak-yoga-shala:practical:Website; seminyak-yoga-shala:action:Website; seminyak-yoga-shala:ld:sameAs,outbound,→ https://kathleendonohoe.nyc/ (JABLAY123 || Toto Macau 4D Result Hari Ini & Akses Terbaru 2026),ссылка уводит на другой домен — ребрендинг/закрытие/чужой сайт?,посчитано; нужен ручной разбор,,,2026-09-28,
O1,P2,https://kaphaspa.com/,kapha-spa-sidemen:practical:Website; kapha-spa-sidemen:action:Website; kapha-spa-sidemen:ld:sameAs,outbound,server_error 500 → повтор 500,официальный сайт отвечает 5xx дважды (обход + повтор),посчитано,,,2026-09-28,
O1,P1,http://thesebali.com/dining.php,air-cafe-and-lounge-at-the-sebali-resort:practical:Website; air-cafe-and-lounge-at-the-sebali-resort:ld:sameAs,outbound,not_found 404,ссылка с карточки ведёт в никуда,посчитано,curl -sIL 'http://thesebali.com/dining.php',,2026-09-28,
O1,P2,http://www.aryaarkanantabali.com/,arya-arkananta-resort-and-spa:practical:Website; arya-arkananta-resort-and-spa:ld:sameAs,outbound,→ https://aryashotel.com/en/signature/arya-arkananta (Arya Arkananta Resort & Spa | Aryas Hotel),ссылка уводит на другой домен — ребрендинг/закрытие/чужой сайт?,посчитано; нужен ручной разбор,,,2026-09-28,
O1,P2,http://www.cantikazestbali.com/,cantika-zest:practical:Website; cantika-zest:ld:sameAs,outbound,→ https://tevitoto99.com/ (),ссылка уводит на другой домен — ребрендинг/закрытие/чужой сайт?,посчитано; нужен ручной разбор,,,2026-09-28,
O1,P2,https://www.karsacafe.com/,karsa-cafe:practical:Website; karsa-cafe:action:Website; karsa-cafe:ld:sameAs,outbound,→ https://ppdemo.work/ (Demo PG Soft Gacor Terbaru Akun Demo Slot Pragmatic Play Gratis Rupiah Versi Simulasi),ссылка уводит на другой домен — ребрендинг/закрытие/чужой сайт?,посчитано; нужен ручной разбор,,,2026-09-28,
O1,P1,https://kastararesort.com/restaurant/kawa-hibachi/,kawa-hibachi-at-kastara-resort-and-spa:practical:Website; kawa-hibachi-at-kastara-resort-and-spa:action:Website; kawa-hibachi-at-kastara-resort-and-spa:ld:sameAs,outbound,not_found 404,ссылка с карточки ведёт в никуда,посчитано,curl -sIL 'https://kastararesort.com/restaurant/kawa-hibachi/',,2026-09-28,
O1,P2,https://aryaarkanantabali.com/,lemuria-spa-by-arya-arkananta-resort-spa-ubud:practical:Website; lemuria-spa-by-arya-arkananta-resort-spa-ubud:action:Website; lemuria-spa-by-arya-arkananta-resort-spa-ubud:ld:sameAs,outbound,→ https://aryashotel.com/en/signature/arya-arkananta (Arya Arkananta Resort & Spa | Aryas Hotel),ссылка уводит на другой домен — ребрендинг/закрытие/чужой сайт?,посчитано; нужен ручной разбор,,,2026-09-28,
O1,P1,https://www.purisebaliresort.com/restaurant.htm,padi-restaurant-at-puri-sebali-resort:practical:Website; padi-restaurant-at-puri-sebali-resort:action:Website; padi-restaurant-at-puri-sebali-resort:ld:sameAs,outbound,not_found 404,ссылка с карточки ведёт в никуда,посчитано,curl -sIL 'https://www.purisebaliresort.com/restaurant.htm',,2026-09-28,
O1,P1,https://www.thealenaresort.com/perantenan-restaurant.htm,perantenan-restaurant-at-the-alena-resort:practical:Website; perantenan-restaurant-at-the-alena-resort:action:Website; perantenan-restaurant-at-the-alena-resort:ld:sameAs,outbound,not_found 404,ссылка с карточки ведёт в никуда,посчитано,curl -sIL 'https://www.thealenaresort.com/perantenan-restaurant.htm',,2026-09-28,
O1,P1,https://royalkirana.reserveonline.id/,royal-kirana-spa-ubud:practical:Website; royal-kirana-spa-ubud:action:Website; royal-kirana-spa-ubud:ld:sameAs,outbound,not_found 404,ссылка с карточки ведёт в никуда,посчитано,curl -sIL 'https://royalkirana.reserveonline.id/',,2026-09-28,
O1,P1,https://abisenaubud.com/space-event/%23runara,runara-restaurant-at-abisena-ubud:practical:Website; runara-restaurant-at-abisena-ubud:action:Website; runara-restaurant-at-abisena-ubud:ld:sameAs,outbound,not_found 404,ссылка с карточки ведёт в никуда,посчитано,curl -sIL 'https://abisenaubud.com/space-event/%23runara',,2026-09-28,
O1,P2,https://svahaspa.com/,svaha-spa:practical:Website; svaha-spa:action:Website; svaha-spa:ld:sameAs,outbound,→ https://svahawellness.com/ (Svaha Wellness Bali | Luxury Wellness &amp; Best Spa Experience),ссылка уводит на другой домен — ребрендинг/закрытие/чужой сайт?,посчитано; нужен ручной разбор,,,2026-09-28,
O1,P2,https://svahaspa.com/bingin,svaha-spa-bingin:practical:Website; svaha-spa-bingin:action:Website; svaha-spa-bingin:ld:sameAs,outbound,→ https://svahawellness.com/svahaspabingin (Best Ocean View Spa in Uluwatu | Svaha Spa Bingin),ссылка уводит на другой домен — ребрендинг/закрытие/чужой сайт?,посчитано; нужен ручной разбор,,,2026-09-28,
O1,P2,https://www.elephantbali.com/,the-elephant:practical:Website; the-elephant:action:Website; the-elephant:ld:sameAs,outbound,→ https://realisticcookingideas.com/ (OLXTOTO ⚡️ Personel Situs Bandar Slot 88 Paling Gacor Akurasi Tertinggi 2026),ссылка уводит на другой домен — ребрендинг/закрытие/чужой сайт?,посчитано; нужен ручной разбор,,,2026-09-28,
O1,P2,https://warungmanggamadu.shop/,manga-madu:practical:Website; manga-madu:action:Website; manga-madu:menu-source; manga-madu:ld:sameAs,outbound,"→ https://warung-mangga-madu.grubbio.com/ (Warung Mangga Madu – Authentic Halal Indonesian Cuisine in Ubud, Bali)",ссылка уводит на другой домен — ребрендинг/закрытие/чужой сайт?,посчитано; нужен ручной разбор,,,2026-09-28,
O1,P1,https://www.anantara.com/en/uluwatu-bali/restaurants/360-rooftop,360-rooftop-at-anantara-uluwatu-bali-resort:practical:Website; 360-rooftop-at-anantara-uluwatu-bali-resort:action:Website; 360-rooftop-at-anantara-uluwatu-bali-resort:ld:sameAs,outbound,not_found 404,ссылка с карточки ведёт в никуда,посчитано,curl -sIL 'https://www.anantara.com/en/uluwatu-bali/restaurants/360-rooftop',,2026-09-28,
O1,P2,https://www.alchemybali.com/uluwatu,alchemy-uluwatu:practical:Website; alchemy-uluwatu:action:Website; alchemy-uluwatu:ld:sameAs,outbound,→ https://www.alchemybali.co/uluwatu (ULUWATU | Alchemy),ссылка уводит на другой домен — ребрендинг/закрытие/чужой сайт?,посчитано; нужен ручной разбор,,,2026-09-28,
O1,P2,https://laiaspa.com/,laia-spa-uluwatu-bukit:practical:Website; laia-spa-uluwatu-bukit:action:Website; laia-spa-uluwatu-bukit:ld:sameAs,outbound,→ https://laiabali.com/ (laïa | Wellness & Flavor in Bali),ссылка уводит на другой домен — ребрендинг/закрытие/чужой сайт?,посчитано; нужен ручной разбор,,,2026-09-28,
O1,P1,https://natyahotel.com/dining-destination/natys-restaurant-jimbaran/,natys-restaurant-jimbaran:practical:Website; natys-restaurant-jimbaran:action:Website; natys-restaurant-jimbaran:ld:sameAs,outbound,not_found 404,ссылка с карточки ведёт в никуда,посчитано,curl -sIL 'https://natyahotel.com/dining-destination/natys-restaurant-jimbaran/',,2026-09-28,
O1,P1,https://secure-booker.com/,the-wellness-spa-uluwatu-bukit:practical:Website; the-wellness-spa-uluwatu-bukit:action:Website; the-wellness-spa-uluwatu-bukit:ld:sameAs,outbound,dns_fail 0 ENOTFOUND → повтор ENOTFOUND,ссылка с карточки ведёт в никуда,посчитано,curl -sIL 'https://secure-booker.com/',,2026-09-28,
O1,P1,https://www.chope.co/bali-restaurants/restaurant/360-rooftop-anantara-uluwatu-bali-uluwatu,360-rooftop-at-anantara-uluwatu-bali-resort:action:Reserve,outbound,not_found 404,ссылка с карточки ведёт в никуда,посчитано,curl -sIL 'https://www.chope.co/bali-restaurants/restaurant/360-rooftop-anantara-uluwatu-bali-uluwatu',,2026-09-28,
O1,P1,https://www.chope.co/bali-restaurants/restaurant/botol-biru-bar-grill-anantara-uluwatu-bali-resort-uluwatu,botol-biru-bar-and-grill-at-anantara-uluwatu-bali-resort:action:Reserve,outbound,not_found 404,ссылка с карточки ведёт в никуда,посчитано,curl -sIL 'https://www.chope.co/bali-restaurants/restaurant/botol-biru-bar-grill-anantara-uluwatu-bali-resort-uluwatu',,2026-09-28,
O1,P1,https://www.chope.co/bali-restaurants/restaurant/notte-bali-uluwatu%3Fsource%3Dchope.com.sg,notte-bali:practical:Website; notte-bali:action:Website; notte-bali:ld:sameAs,outbound,not_found 404,ссылка с карточки ведёт в никуда,посчитано,curl -sIL 'https://www.chope.co/bali-restaurants/restaurant/notte-bali-uluwatu%3Fsource%3Dchope.com.sg',,2026-09-28,
L1,P2,https://www.otherbali.com/places/kedisan-kintamani,kedisan-kintamani,inbound,0 входящих ссылок,"место в sitemap, но на него не ссылается ни одна страница (сирота)",посчитано,,,2026-09-28,
L1,P2,,,/places pagination,"8 мест из sitemap не видны ни на /places, ни на /places?page=N; примеры: /places/kedisan-kintamani, /places/12-kitchen-and-wine, /places/7am-bakers-umalas, /places/air-seseh-recovery-club-canggu, /places/alam-wellness-bali-canggu",каталог должен показывать все опубликованные места,посчитано,,PR #303 (открыт) — pagination gap,2026-09-28,
C1,P2,https://www.otherbali.com/best-beach-clubs-in-bali,,answer block present before the list,no .guide-answer section in the HTML source,стандарт страницы-подборки (check-page.mjs),посчитано,node .agents/skills/otherbali-guide-page-standard/scripts/check-page.mjs https://www.otherbali.com/best-beach-clubs-in-bali,,2026-09-28,
C1,P2,https://www.otherbali.com/best-beach-clubs-in-bali,,cards carry Best for,0 cards,стандарт страницы-подборки (check-page.mjs),посчитано,node .agents/skills/otherbali-guide-page-standard/scripts/check-page.mjs https://www.otherbali.com/best-beach-clubs-in-bali,,2026-09-28,
C1,P2,https://www.otherbali.com/best-beach-clubs-in-bali,,Not for covers >=60% of Best for,0/0 = 0%,стандарт страницы-подборки (check-page.mjs),посчитано,node .agents/skills/otherbali-guide-page-standard/scripts/check-page.mjs https://www.otherbali.com/best-beach-clubs-in-bali,,2026-09-28,
C1,P2,https://www.otherbali.com/best-beach-clubs-in-bali,,5-8 Good to know questions,4 questions,стандарт страницы-подборки (check-page.mjs),посчитано,node .agents/skills/otherbali-guide-page-standard/scripts/check-page.mjs https://www.otherbali.com/best-beach-clubs-in-bali,,2026-09-28,
C1,P2,https://www.otherbali.com/best-beach-clubs-in-bali,,visible last-checked date,no 'Last checked' line,стандарт страницы-подборки (check-page.mjs),посчитано,node .agents/skills/otherbali-guide-page-standard/scripts/check-page.mjs https://www.otherbali.com/best-beach-clubs-in-bali,,2026-09-28,
C1,P2,https://www.otherbali.com/best-coffee-in-bali,,answer block present before the list,no .guide-answer section in the HTML source,стандарт страницы-подборки (check-page.mjs),посчитано,node .agents/skills/otherbali-guide-page-standard/scripts/check-page.mjs https://www.otherbali.com/best-coffee-in-bali,,2026-09-28,
C1,P2,https://www.otherbali.com/best-coffee-in-bali,,cards carry Best for,0 cards,стандарт страницы-подборки (check-page.mjs),посчитано,node .agents/skills/otherbali-guide-page-standard/scripts/check-page.mjs https://www.otherbali.com/best-coffee-in-bali,,2026-09-28,
C1,P2,https://www.otherbali.com/best-coffee-in-bali,,Not for covers >=60% of Best for,0/0 = 0%,стандарт страницы-подборки (check-page.mjs),посчитано,node .agents/skills/otherbali-guide-page-standard/scripts/check-page.mjs https://www.otherbali.com/best-coffee-in-bali,,2026-09-28,
C1,P2,https://www.otherbali.com/best-coffee-in-bali,,5-8 Good to know questions,4 questions,стандарт страницы-подборки (check-page.mjs),посчитано,node .agents/skills/otherbali-guide-page-standard/scripts/check-page.mjs https://www.otherbali.com/best-coffee-in-bali,,2026-09-28,
C1,P2,https://www.otherbali.com/best-coffee-in-bali,,visible last-checked date,no 'Last checked' line,стандарт страницы-подборки (check-page.mjs),посчитано,node .agents/skills/otherbali-guide-page-standard/scripts/check-page.mjs https://www.otherbali.com/best-coffee-in-bali,,2026-09-28,
C1,P2,https://www.otherbali.com/where-to-watch-sunset-in-bali,,answer block present before the list,no .guide-answer section in the HTML source,стандарт страницы-подборки (check-page.mjs),посчитано,node .agents/skills/otherbali-guide-page-standard/scripts/check-page.mjs https://www.otherbali.com/where-to-watch-sunset-in-bali,,2026-09-28,
C1,P2,https://www.otherbali.com/where-to-watch-sunset-in-bali,,cards carry Best for,0 cards,стандарт страницы-подборки (check-page.mjs),посчитано,node .agents/skills/otherbali-guide-page-standard/scripts/check-page.mjs https://www.otherbali.com/where-to-watch-sunset-in-bali,,2026-09-28,
C1,P2,https://www.otherbali.com/where-to-watch-sunset-in-bali,,Not for covers >=60% of Best for,0/0 = 0%,стандарт страницы-подборки (check-page.mjs),посчитано,node .agents/skills/otherbali-guide-page-standard/scripts/check-page.mjs https://www.otherbali.com/where-to-watch-sunset-in-bali,,2026-09-28,
C1,P2,https://www.otherbali.com/where-to-watch-sunset-in-bali,,5-8 Good to know questions,4 questions,стандарт страницы-подборки (check-page.mjs),посчитано,node .agents/skills/otherbali-guide-page-standard/scripts/check-page.mjs https://www.otherbali.com/where-to-watch-sunset-in-bali,,2026-09-28,
C1,P2,https://www.otherbali.com/where-to-watch-sunset-in-bali,,visible last-checked date,no 'Last checked' line,стандарт страницы-подборки (check-page.mjs),посчитано,node .agents/skills/otherbali-guide-page-standard/scripts/check-page.mjs https://www.otherbali.com/where-to-watch-sunset-in-bali,,2026-09-28,
C1,P2,https://www.otherbali.com/best-spas-in-bali,,answer block present before the list,no .guide-answer section in the HTML source,стандарт страницы-подборки (check-page.mjs),посчитано,node .agents/skills/otherbali-guide-page-standard/scripts/check-page.mjs https://www.otherbali.com/best-spas-in-bali,,2026-09-28,
C1,P2,https://www.otherbali.com/best-spas-in-bali,,cards carry Best for,0 cards,стандарт страницы-подборки (check-page.mjs),посчитано,node .agents/skills/otherbali-guide-page-standard/scripts/check-page.mjs https://www.otherbali.com/best-spas-in-bali,,2026-09-28,
C1,P2,https://www.otherbali.com/best-spas-in-bali,,Not for covers >=60% of Best for,0/0 = 0%,стандарт страницы-подборки (check-page.mjs),посчитано,node .agents/skills/otherbali-guide-page-standard/scripts/check-page.mjs https://www.otherbali.com/best-spas-in-bali,,2026-09-28,
C1,P2,https://www.otherbali.com/best-spas-in-bali,,5-8 Good to know questions,4 questions,стандарт страницы-подборки (check-page.mjs),посчитано,node .agents/skills/otherbali-guide-page-standard/scripts/check-page.mjs https://www.otherbali.com/best-spas-in-bali,,2026-09-28,
C1,P2,https://www.otherbali.com/best-spas-in-bali,,visible last-checked date,no 'Last checked' line,стандарт страницы-подборки (check-page.mjs),посчитано,node .agents/skills/otherbali-guide-page-standard/scripts/check-page.mjs https://www.otherbali.com/best-spas-in-bali,,2026-09-28,
C1,P2,https://www.otherbali.com/best-warungs-in-bali,,answer block present before the list,no .guide-answer section in the HTML source,стандарт страницы-подборки (check-page.mjs),посчитано,node .agents/skills/otherbali-guide-page-standard/scripts/check-page.mjs https://www.otherbali.com/best-warungs-in-bali,,2026-09-28,
C1,P2,https://www.otherbali.com/best-warungs-in-bali,,cards carry Best for,0 cards,стандарт страницы-подборки (check-page.mjs),посчитано,node .agents/skills/otherbali-guide-page-standard/scripts/check-page.mjs https://www.otherbali.com/best-warungs-in-bali,,2026-09-28,
C1,P2,https://www.otherbali.com/best-warungs-in-bali,,Not for covers >=60% of Best for,0/0 = 0%,стандарт страницы-подборки (check-page.mjs),посчитано,node .agents/skills/otherbali-guide-page-standard/scripts/check-page.mjs https://www.otherbali.com/best-warungs-in-bali,,2026-09-28,
C1,P2,https://www.otherbali.com/best-warungs-in-bali,,5-8 Good to know questions,4 questions,стандарт страницы-подборки (check-page.mjs),посчитано,node .agents/skills/otherbali-guide-page-standard/scripts/check-page.mjs https://www.otherbali.com/best-warungs-in-bali,,2026-09-28,
C1,P2,https://www.otherbali.com/best-warungs-in-bali,,visible last-checked date,no 'Last checked' line,стандарт страницы-подборки (check-page.mjs),посчитано,node .agents/skills/otherbali-guide-page-standard/scripts/check-page.mjs https://www.otherbali.com/best-warungs-in-bali,,2026-09-28,
C1,P2,https://www.otherbali.com/best-restaurants-in-bali,,answer block present before the list,no .guide-answer section in the HTML source,стандарт страницы-подборки (check-page.mjs),посчитано,node .agents/skills/otherbali-guide-page-standard/scripts/check-page.mjs https://www.otherbali.com/best-restaurants-in-bali,,2026-09-28,
C1,P2,https://www.otherbali.com/best-restaurants-in-bali,,cards carry Best for,0 cards,стандарт страницы-подборки (check-page.mjs),посчитано,node .agents/skills/otherbali-guide-page-standard/scripts/check-page.mjs https://www.otherbali.com/best-restaurants-in-bali,,2026-09-28,
C1,P2,https://www.otherbali.com/best-restaurants-in-bali,,Not for covers >=60% of Best for,0/0 = 0%,стандарт страницы-подборки (check-page.mjs),посчитано,node .agents/skills/otherbali-guide-page-standard/scripts/check-page.mjs https://www.otherbali.com/best-restaurants-in-bali,,2026-09-28,
C1,P2,https://www.otherbali.com/best-restaurants-in-bali,,5-8 Good to know questions,4 questions,стандарт страницы-подборки (check-page.mjs),посчитано,node .agents/skills/otherbali-guide-page-standard/scripts/check-page.mjs https://www.otherbali.com/best-restaurants-in-bali,,2026-09-28,
C1,P2,https://www.otherbali.com/best-restaurants-in-bali,,visible last-checked date,no 'Last checked' line,стандарт страницы-подборки (check-page.mjs),посчитано,node .agents/skills/otherbali-guide-page-standard/scripts/check-page.mjs https://www.otherbali.com/best-restaurants-in-bali,,2026-09-28,
C1,P2,https://www.otherbali.com/best-restaurants-in-bali,,no hype filler adjectives,Hidden Gem,стандарт страницы-подборки (check-page.mjs),посчитано,node .agents/skills/otherbali-guide-page-standard/scripts/check-page.mjs https://www.otherbali.com/best-restaurants-in-bali,,2026-09-28,
C1,P2,https://www.otherbali.com/best-cafes-in-bali,,answer block present before the list,no .guide-answer section in the HTML source,стандарт страницы-подборки (check-page.mjs),посчитано,node .agents/skills/otherbali-guide-page-standard/scripts/check-page.mjs https://www.otherbali.com/best-cafes-in-bali,,2026-09-28,
C1,P2,https://www.otherbali.com/best-cafes-in-bali,,cards carry Best for,0 cards,стандарт страницы-подборки (check-page.mjs),посчитано,node .agents/skills/otherbali-guide-page-standard/scripts/check-page.mjs https://www.otherbali.com/best-cafes-in-bali,,2026-09-28,
C1,P2,https://www.otherbali.com/best-cafes-in-bali,,Not for covers >=60% of Best for,0/0 = 0%,стандарт страницы-подборки (check-page.mjs),посчитано,node .agents/skills/otherbali-guide-page-standard/scripts/check-page.mjs https://www.otherbali.com/best-cafes-in-bali,,2026-09-28,
C1,P2,https://www.otherbali.com/best-cafes-in-bali,,5-8 Good to know questions,4 questions,стандарт страницы-подборки (check-page.mjs),посчитано,node .agents/skills/otherbali-guide-page-standard/scripts/check-page.mjs https://www.otherbali.com/best-cafes-in-bali,,2026-09-28,
C1,P2,https://www.otherbali.com/best-cafes-in-bali,,visible last-checked date,no 'Last checked' line,стандарт страницы-подборки (check-page.mjs),посчитано,node .agents/skills/otherbali-guide-page-standard/scripts/check-page.mjs https://www.otherbali.com/best-cafes-in-bali,,2026-09-28,
C1,P2,https://www.otherbali.com/canggu/best-restaurants,,answer block present before the list,no .guide-answer section in the HTML source,стандарт страницы-подборки (check-page.mjs),посчитано,node .agents/skills/otherbali-guide-page-standard/scripts/check-page.mjs https://www.otherbali.com/canggu/best-restaurants,,2026-09-28,
C1,P2,https://www.otherbali.com/canggu/best-restaurants,,5-8 Good to know questions,2 questions,стандарт страницы-подборки (check-page.mjs),посчитано,node .agents/skills/otherbali-guide-page-standard/scripts/check-page.mjs https://www.otherbali.com/canggu/best-restaurants,,2026-09-28,
C1,P2,https://www.otherbali.com/canggu/best-restaurants,,visible last-checked date,no 'Last checked' line,стандарт страницы-подборки (check-page.mjs),посчитано,node .agents/skills/otherbali-guide-page-standard/scripts/check-page.mjs https://www.otherbali.com/canggu/best-restaurants,,2026-09-28,
C1,P2,https://www.otherbali.com/canggu/best-warungs,,answer block present before the list,no .guide-answer section in the HTML source,стандарт страницы-подборки (check-page.mjs),посчитано,node .agents/skills/otherbali-guide-page-standard/scripts/check-page.mjs https://www.otherbali.com/canggu/best-warungs,,2026-09-28,
C1,P2,https://www.otherbali.com/canggu/best-warungs,,5-8 Good to know questions,3 questions,стандарт страницы-подборки (check-page.mjs),посчитано,node .agents/skills/otherbali-guide-page-standard/scripts/check-page.mjs https://www.otherbali.com/canggu/best-warungs,,2026-09-28,
C1,P2,https://www.otherbali.com/canggu/best-warungs,,visible last-checked date,no 'Last checked' line,стандарт страницы-подборки (check-page.mjs),посчитано,node .agents/skills/otherbali-guide-page-standard/scripts/check-page.mjs https://www.otherbali.com/canggu/best-warungs,,2026-09-28,
C1,P2,https://www.otherbali.com/canggu/best-spas,,answer block present before the list,no .guide-answer section in the HTML source,стандарт страницы-подборки (check-page.mjs),посчитано,node .agents/skills/otherbali-guide-page-standard/scripts/check-page.mjs https://www.otherbali.com/canggu/best-spas,,2026-09-28,
C1,P2,https://www.otherbali.com/canggu/best-spas,,Not for covers >=60% of Best for,28/116 = 24%,стандарт страницы-подборки (check-page.mjs),посчитано,node .agents/skills/otherbali-guide-page-standard/scripts/check-page.mjs https://www.otherbali.com/canggu/best-spas,,2026-09-28,
C1,P2,https://www.otherbali.com/canggu/best-spas,,5-8 Good to know questions,1 questions,стандарт страницы-подборки (check-page.mjs),посчитано,node .agents/skills/otherbali-guide-page-standard/scripts/check-page.mjs https://www.otherbali.com/canggu/best-spas,,2026-09-28,
C1,P2,https://www.otherbali.com/canggu/best-spas,,visible last-checked date,no 'Last checked' line,стандарт страницы-подборки (check-page.mjs),посчитано,node .agents/skills/otherbali-guide-page-standard/scripts/check-page.mjs https://www.otherbali.com/canggu/best-spas,,2026-09-28,
C1,P2,https://www.otherbali.com/canggu/work-friendly-cafes,,answer block present before the list,no .guide-answer section in the HTML source,стандарт страницы-подборки (check-page.mjs),посчитано,node .agents/skills/otherbali-guide-page-standard/scripts/check-page.mjs https://www.otherbali.com/canggu/work-friendly-cafes,,2026-09-28,
C1,P2,https://www.otherbali.com/canggu/work-friendly-cafes,,5-8 Good to know questions,1 questions,стандарт страницы-подборки (check-page.mjs),посчитано,node .agents/skills/otherbali-guide-page-standard/scripts/check-page.mjs https://www.otherbali.com/canggu/work-friendly-cafes,,2026-09-28,
C1,P2,https://www.otherbali.com/canggu/work-friendly-cafes,,visible last-checked date,no 'Last checked' line,стандарт страницы-подборки (check-page.mjs),посчитано,node .agents/skills/otherbali-guide-page-standard/scripts/check-page.mjs https://www.otherbali.com/canggu/work-friendly-cafes,,2026-09-28,
C1,P2,https://www.otherbali.com/canggu/beach-clubs-sunset,,answer block present before the list,no .guide-answer section in the HTML source,стандарт страницы-подборки (check-page.mjs),посчитано,node .agents/skills/otherbali-guide-page-standard/scripts/check-page.mjs https://www.otherbali.com/canggu/beach-clubs-sunset,,2026-09-28,
C1,P2,https://www.otherbali.com/canggu/beach-clubs-sunset,,5-8 Good to know questions,1 questions,стандарт страницы-подборки (check-page.mjs),посчитано,node .agents/skills/otherbali-guide-page-standard/scripts/check-page.mjs https://www.otherbali.com/canggu/beach-clubs-sunset,,2026-09-28,
C1,P2,https://www.otherbali.com/canggu/beach-clubs-sunset,,visible last-checked date,no 'Last checked' line,стандарт страницы-подборки (check-page.mjs),посчитано,node .agents/skills/otherbali-guide-page-standard/scripts/check-page.mjs https://www.otherbali.com/canggu/beach-clubs-sunset,,2026-09-28,
C1,P2,https://www.otherbali.com/uluwatu/best-restaurants,,answer block present before the list,no .guide-answer section in the HTML source,стандарт страницы-подборки (check-page.mjs),посчитано,node .agents/skills/otherbali-guide-page-standard/scripts/check-page.mjs https://www.otherbali.com/uluwatu/best-restaurants,,2026-09-28,
C1,P2,https://www.otherbali.com/uluwatu/best-restaurants,,5-8 Good to know questions,4 questions,стандарт страницы-подборки (check-page.mjs),посчитано,node .agents/skills/otherbali-guide-page-standard/scripts/check-page.mjs https://www.otherbali.com/uluwatu/best-restaurants,,2026-09-28,
C1,P2,https://www.otherbali.com/uluwatu/best-restaurants,,visible last-checked date,no 'Last checked' line,стандарт страницы-подборки (check-page.mjs),посчитано,node .agents/skills/otherbali-guide-page-standard/scripts/check-page.mjs https://www.otherbali.com/uluwatu/best-restaurants,,2026-09-28,
C1,P2,https://www.otherbali.com/uluwatu/best-brunch,,answer block present before the list,no .guide-answer section in the HTML source,стандарт страницы-подборки (check-page.mjs),посчитано,node .agents/skills/otherbali-guide-page-standard/scripts/check-page.mjs https://www.otherbali.com/uluwatu/best-brunch,,2026-09-28,
C1,P2,https://www.otherbali.com/uluwatu/best-brunch,,5-8 Good to know questions,4 questions,стандарт страницы-подборки (check-page.mjs),посчитано,node .agents/skills/otherbali-guide-page-standard/scripts/check-page.mjs https://www.otherbali.com/uluwatu/best-brunch,,2026-09-28,
C1,P2,https://www.otherbali.com/uluwatu/best-brunch,,visible last-checked date,no 'Last checked' line,стандарт страницы-подборки (check-page.mjs),посчитано,node .agents/skills/otherbali-guide-page-standard/scripts/check-page.mjs https://www.otherbali.com/uluwatu/best-brunch,,2026-09-28,
C1,P2,https://www.otherbali.com/uluwatu/beach-clubs-sunset,,answer block present before the list,no .guide-answer section in the HTML source,стандарт страницы-подборки (check-page.mjs),посчитано,node .agents/skills/otherbali-guide-page-standard/scripts/check-page.mjs https://www.otherbali.com/uluwatu/beach-clubs-sunset,,2026-09-28,
C1,P2,https://www.otherbali.com/uluwatu/beach-clubs-sunset,,5-8 Good to know questions,4 questions,стандарт страницы-подборки (check-page.mjs),посчитано,node .agents/skills/otherbali-guide-page-standard/scripts/check-page.mjs https://www.otherbali.com/uluwatu/beach-clubs-sunset,,2026-09-28,
C1,P2,https://www.otherbali.com/uluwatu/beach-clubs-sunset,,visible last-checked date,no 'Last checked' line,стандарт страницы-подборки (check-page.mjs),посчитано,node .agents/skills/otherbali-guide-page-standard/scripts/check-page.mjs https://www.otherbali.com/uluwatu/beach-clubs-sunset,,2026-09-28,
C1,P2,https://www.otherbali.com/uluwatu/beach-clubs-sunset,,no hype filler adjectives,iconic,стандарт страницы-подборки (check-page.mjs),посчитано,node .agents/skills/otherbali-guide-page-standard/scripts/check-page.mjs https://www.otherbali.com/uluwatu/beach-clubs-sunset,,2026-09-28,
C1,P2,https://www.otherbali.com/uluwatu/date-night-restaurants,,answer block present before the list,no .guide-answer section in the HTML source,стандарт страницы-подборки (check-page.mjs),посчитано,node .agents/skills/otherbali-guide-page-standard/scripts/check-page.mjs https://www.otherbali.com/uluwatu/date-night-restaurants,,2026-09-28,
C1,P2,https://www.otherbali.com/uluwatu/date-night-restaurants,,5-8 Good to know questions,4 questions,стандарт страницы-подборки (check-page.mjs),посчитано,node .agents/skills/otherbali-guide-page-standard/scripts/check-page.mjs https://www.otherbali.com/uluwatu/date-night-restaurants,,2026-09-28,
C1,P2,https://www.otherbali.com/uluwatu/date-night-restaurants,,visible last-checked date,no 'Last checked' line,стандарт страницы-подборки (check-page.mjs),посчитано,node .agents/skills/otherbali-guide-page-standard/scripts/check-page.mjs https://www.otherbali.com/uluwatu/date-night-restaurants,,2026-09-28,
C1,P2,https://www.otherbali.com/ubud/things-to-do,,answer block present before the list,no .guide-answer section in the HTML source,стандарт страницы-подборки (check-page.mjs),посчитано,node .agents/skills/otherbali-guide-page-standard/scripts/check-page.mjs https://www.otherbali.com/ubud/things-to-do,,2026-09-28,
C1,P2,https://www.otherbali.com/ubud/things-to-do,,cards carry Best for,0 cards,стандарт страницы-подборки (check-page.mjs),посчитано,node .agents/skills/otherbali-guide-page-standard/scripts/check-page.mjs https://www.otherbali.com/ubud/things-to-do,,2026-09-28,
C1,P2,https://www.otherbali.com/ubud/things-to-do,,Not for covers >=60% of Best for,0/0 = 0%,стандарт страницы-подборки (check-page.mjs),посчитано,node .agents/skills/otherbali-guide-page-standard/scripts/check-page.mjs https://www.otherbali.com/ubud/things-to-do,,2026-09-28,
C1,P2,https://www.otherbali.com/ubud/things-to-do,,5-8 Good to know questions,4 questions,стандарт страницы-подборки (check-page.mjs),посчитано,node .agents/skills/otherbali-guide-page-standard/scripts/check-page.mjs https://www.otherbali.com/ubud/things-to-do,,2026-09-28,
C1,P2,https://www.otherbali.com/ubud/things-to-do,,visible last-checked date,no 'Last checked' line,стандарт страницы-подборки (check-page.mjs),посчитано,node .agents/skills/otherbali-guide-page-standard/scripts/check-page.mjs https://www.otherbali.com/ubud/things-to-do,,2026-09-28,
C1,P2,https://www.otherbali.com/uluwatu/48-hours,,answer block present before the list,no .guide-answer section in the HTML source,стандарт страницы-подборки (check-page.mjs),посчитано,node .agents/skills/otherbali-guide-page-standard/scripts/check-page.mjs https://www.otherbali.com/uluwatu/48-hours,,2026-09-28,
C1,P2,https://www.otherbali.com/uluwatu/48-hours,,cards carry Best for,0 cards,стандарт страницы-подборки (check-page.mjs),посчитано,node .agents/skills/otherbali-guide-page-standard/scripts/check-page.mjs https://www.otherbali.com/uluwatu/48-hours,,2026-09-28,
C1,P2,https://www.otherbali.com/uluwatu/48-hours,,Not for covers >=60% of Best for,0/0 = 0%,стандарт страницы-подборки (check-page.mjs),посчитано,node .agents/skills/otherbali-guide-page-standard/scripts/check-page.mjs https://www.otherbali.com/uluwatu/48-hours,,2026-09-28,
C1,P2,https://www.otherbali.com/uluwatu/48-hours,,5-8 Good to know questions,4 questions,стандарт страницы-подборки (check-page.mjs),посчитано,node .agents/skills/otherbali-guide-page-standard/scripts/check-page.mjs https://www.otherbali.com/uluwatu/48-hours,,2026-09-28,
C1,P2,https://www.otherbali.com/uluwatu/48-hours,,visible last-checked date,no 'Last checked' line,стандарт страницы-подборки (check-page.mjs),посчитано,node .agents/skills/otherbali-guide-page-standard/scripts/check-page.mjs https://www.otherbali.com/uluwatu/48-hours,,2026-09-28,
C1,P2,https://www.otherbali.com/ubud/itinerary,,answer block present before the list,no .guide-answer section in the HTML source,стандарт страницы-подборки (check-page.mjs),посчитано,node .agents/skills/otherbali-guide-page-standard/scripts/check-page.mjs https://www.otherbali.com/ubud/itinerary,,2026-09-28,
C1,P2,https://www.otherbali.com/ubud/itinerary,,cards carry Best for,0 cards,стандарт страницы-подборки (check-page.mjs),посчитано,node .agents/skills/otherbali-guide-page-standard/scripts/check-page.mjs https://www.otherbali.com/ubud/itinerary,,2026-09-28,
C1,P2,https://www.otherbali.com/ubud/itinerary,,Not for covers >=60% of Best for,0/0 = 0%,стандарт страницы-подборки (check-page.mjs),посчитано,node .agents/skills/otherbali-guide-page-standard/scripts/check-page.mjs https://www.otherbali.com/ubud/itinerary,,2026-09-28,
C1,P2,https://www.otherbali.com/ubud/itinerary,,5-8 Good to know questions,4 questions,стандарт страницы-подборки (check-page.mjs),посчитано,node .agents/skills/otherbali-guide-page-standard/scripts/check-page.mjs https://www.otherbali.com/ubud/itinerary,,2026-09-28,
C1,P2,https://www.otherbali.com/ubud/itinerary,,visible last-checked date,no 'Last checked' line,стандарт страницы-подборки (check-page.mjs),посчитано,node .agents/skills/otherbali-guide-page-standard/scripts/check-page.mjs https://www.otherbali.com/ubud/itinerary,,2026-09-28,
C1,P2,https://www.otherbali.com/ubud/best-warungs,,answer block present before the list,no .guide-answer section in the HTML source,стандарт страницы-подборки (check-page.mjs),посчитано,node .agents/skills/otherbali-guide-page-standard/scripts/check-page.mjs https://www.otherbali.com/ubud/best-warungs,,2026-09-28,
C1,P2,https://www.otherbali.com/ubud/best-warungs,,Not for covers >=60% of Best for,0/22 = 0%,стандарт страницы-подборки (check-page.mjs),посчитано,node .agents/skills/otherbali-guide-page-standard/scripts/check-page.mjs https://www.otherbali.com/ubud/best-warungs,,2026-09-28,
C1,P2,https://www.otherbali.com/ubud/best-warungs,,5-8 Good to know questions,3 questions,стандарт страницы-подборки (check-page.mjs),посчитано,node .agents/skills/otherbali-guide-page-standard/scripts/check-page.mjs https://www.otherbali.com/ubud/best-warungs,,2026-09-28,
C1,P2,https://www.otherbali.com/ubud/best-warungs,,visible last-checked date,no 'Last checked' line,стандарт страницы-подборки (check-page.mjs),посчитано,node .agents/skills/otherbali-guide-page-standard/scripts/check-page.mjs https://www.otherbali.com/ubud/best-warungs,,2026-09-28,
C1,P2,https://www.otherbali.com/ubud/best-restaurants,,answer block present before the list,no .guide-answer section in the HTML source,стандарт страницы-подборки (check-page.mjs),посчитано,node .agents/skills/otherbali-guide-page-standard/scripts/check-page.mjs https://www.otherbali.com/ubud/best-restaurants,,2026-09-28,
C1,P2,https://www.otherbali.com/ubud/best-restaurants,,Not for covers >=60% of Best for,0/204 = 0%,стандарт страницы-подборки (check-page.mjs),посчитано,node .agents/skills/otherbali-guide-page-standard/scripts/check-page.mjs https://www.otherbali.com/ubud/best-restaurants,,2026-09-28,
C1,P2,https://www.otherbali.com/ubud/best-restaurants,,no raw price ranges without a band,unbanded: 75k-200k IDR,стандарт страницы-подборки (check-page.mjs),посчитано,node .agents/skills/otherbali-guide-page-standard/scripts/check-page.mjs https://www.otherbali.com/ubud/best-restaurants,,2026-09-28,
C1,P2,https://www.otherbali.com/ubud/best-restaurants,,5-8 Good to know questions,2 questions,стандарт страницы-подборки (check-page.mjs),посчитано,node .agents/skills/otherbali-guide-page-standard/scripts/check-page.mjs https://www.otherbali.com/ubud/best-restaurants,,2026-09-28,
C1,P2,https://www.otherbali.com/ubud/best-restaurants,,visible last-checked date,no 'Last checked' line,стандарт страницы-подборки (check-page.mjs),посчитано,node .agents/skills/otherbali-guide-page-standard/scripts/check-page.mjs https://www.otherbali.com/ubud/best-restaurants,,2026-09-28,
C1,P2,https://www.otherbali.com/ubud/best-cafes-coffee,,answer block present before the list,no .guide-answer section in the HTML source,стандарт страницы-подборки (check-page.mjs),посчитано,node .agents/skills/otherbali-guide-page-standard/scripts/check-page.mjs https://www.otherbali.com/ubud/best-cafes-coffee,,2026-09-28,
C1,P2,https://www.otherbali.com/ubud/best-cafes-coffee,,Not for covers >=60% of Best for,0/26 = 0%,стандарт страницы-подборки (check-page.mjs),посчитано,node .agents/skills/otherbali-guide-page-standard/scripts/check-page.mjs https://www.otherbali.com/ubud/best-cafes-coffee,,2026-09-28,
C1,P2,https://www.otherbali.com/ubud/best-cafes-coffee,,no raw price ranges without a band,unbanded: 50k-150k IDR,стандарт страницы-подборки (check-page.mjs),посчитано,node .agents/skills/otherbali-guide-page-standard/scripts/check-page.mjs https://www.otherbali.com/ubud/best-cafes-coffee,,2026-09-28,
C1,P2,https://www.otherbali.com/ubud/best-cafes-coffee,,5-8 Good to know questions,1 questions,стандарт страницы-подборки (check-page.mjs),посчитано,node .agents/skills/otherbali-guide-page-standard/scripts/check-page.mjs https://www.otherbali.com/ubud/best-cafes-coffee,,2026-09-28,
C1,P2,https://www.otherbali.com/ubud/best-cafes-coffee,,visible last-checked date,no 'Last checked' line,стандарт страницы-подборки (check-page.mjs),посчитано,node .agents/skills/otherbali-guide-page-standard/scripts/check-page.mjs https://www.otherbali.com/ubud/best-cafes-coffee,,2026-09-28,
C1,P2,https://www.otherbali.com/sanur/where-to-stay,,answer block present before the list,no .guide-answer section in the HTML source,стандарт страницы-подборки (check-page.mjs),посчитано,node .agents/skills/otherbali-guide-page-standard/scripts/check-page.mjs https://www.otherbali.com/sanur/where-to-stay,,2026-09-28,
C1,P2,https://www.otherbali.com/sanur/where-to-stay,,cards carry Best for,0 cards,стандарт страницы-подборки (check-page.mjs),посчитано,node .agents/skills/otherbali-guide-page-standard/scripts/check-page.mjs https://www.otherbali.com/sanur/where-to-stay,,2026-09-28,
C1,P2,https://www.otherbali.com/sanur/where-to-stay,,Not for covers >=60% of Best for,0/0 = 0%,стандарт страницы-подборки (check-page.mjs),посчитано,node .agents/skills/otherbali-guide-page-standard/scripts/check-page.mjs https://www.otherbali.com/sanur/where-to-stay,,2026-09-28,
C1,P2,https://www.otherbali.com/sanur/where-to-stay,,5-8 Good to know questions,0 questions,стандарт страницы-подборки (check-page.mjs),посчитано,node .agents/skills/otherbali-guide-page-standard/scripts/check-page.mjs https://www.otherbali.com/sanur/where-to-stay,,2026-09-28,
C1,P2,https://www.otherbali.com/sanur/where-to-stay,,FAQPage JSON-LD emitted,missing,стандарт страницы-подборки (check-page.mjs),посчитано,node .agents/skills/otherbali-guide-page-standard/scripts/check-page.mjs https://www.otherbali.com/sanur/where-to-stay,,2026-09-28,
C1,P2,https://www.otherbali.com/sanur/where-to-stay,,visible last-checked date,no 'Last checked' line,стандарт страницы-подборки (check-page.mjs),посчитано,node .agents/skills/otherbali-guide-page-standard/scripts/check-page.mjs https://www.otherbali.com/sanur/where-to-stay,,2026-09-28,
C1,P2,https://www.otherbali.com/sanur/best-hotels,,answer block present before the list,no .guide-answer section in the HTML source,стандарт страницы-подборки (check-page.mjs),посчитано,node .agents/skills/otherbali-guide-page-standard/scripts/check-page.mjs https://www.otherbali.com/sanur/best-hotels,,2026-09-28,
C1,P2,https://www.otherbali.com/sanur/best-hotels,,Not for covers >=60% of Best for,0/26 = 0%,стандарт страницы-подборки (check-page.mjs),посчитано,node .agents/skills/otherbali-guide-page-standard/scripts/check-page.mjs https://www.otherbali.com/sanur/best-hotels,,2026-09-28,
C1,P2,https://www.otherbali.com/sanur/best-hotels,,5-8 Good to know questions,0 questions,стандарт страницы-подборки (check-page.mjs),посчитано,node .agents/skills/otherbali-guide-page-standard/scripts/check-page.mjs https://www.otherbali.com/sanur/best-hotels,,2026-09-28,
C1,P2,https://www.otherbali.com/sanur/best-hotels,,FAQPage JSON-LD emitted,missing,стандарт страницы-подборки (check-page.mjs),посчитано,node .agents/skills/otherbali-guide-page-standard/scripts/check-page.mjs https://www.otherbali.com/sanur/best-hotels,,2026-09-28,
C1,P2,https://www.otherbali.com/sanur/best-hotels,,visible last-checked date,no 'Last checked' line,стандарт страницы-подборки (check-page.mjs),посчитано,node .agents/skills/otherbali-guide-page-standard/scripts/check-page.mjs https://www.otherbali.com/sanur/best-hotels,,2026-09-28,
C1,P2,https://www.otherbali.com/ubud/best-yoga-wellness,,answer block present before the list,no .guide-answer section in the HTML source,стандарт страницы-подборки (check-page.mjs),посчитано,node .agents/skills/otherbali-guide-page-standard/scripts/check-page.mjs https://www.otherbali.com/ubud/best-yoga-wellness,,2026-09-28,
C1,P2,https://www.otherbali.com/ubud/best-yoga-wellness,,Not for covers >=60% of Best for,0/92 = 0%,стандарт страницы-подборки (check-page.mjs),посчитано,node .agents/skills/otherbali-guide-page-standard/scripts/check-page.mjs https://www.otherbali.com/ubud/best-yoga-wellness,,2026-09-28,
C1,P2,https://www.otherbali.com/ubud/best-yoga-wellness,,5-8 Good to know questions,3 questions,стандарт страницы-подборки (check-page.mjs),посчитано,node .agents/skills/otherbali-guide-page-standard/scripts/check-page.mjs https://www.otherbali.com/ubud/best-yoga-wellness,,2026-09-28,
C1,P2,https://www.otherbali.com/ubud/best-yoga-wellness,,visible last-checked date,no 'Last checked' line,стандарт страницы-подборки (check-page.mjs),посчитано,node .agents/skills/otherbali-guide-page-standard/scripts/check-page.mjs https://www.otherbali.com/ubud/best-yoga-wellness,,2026-09-28,
C1,P2,https://www.otherbali.com/sanur/things-to-do,,answer block present before the list,no .guide-answer section in the HTML source,стандарт страницы-подборки (check-page.mjs),посчитано,node .agents/skills/otherbali-guide-page-standard/scripts/check-page.mjs https://www.otherbali.com/sanur/things-to-do,,2026-09-28,
C1,P2,https://www.otherbali.com/sanur/things-to-do,,cards carry Best for,0 cards,стандарт страницы-подборки (check-page.mjs),посчитано,node .agents/skills/otherbali-guide-page-standard/scripts/check-page.mjs https://www.otherbali.com/sanur/things-to-do,,2026-09-28,
C1,P2,https://www.otherbali.com/sanur/things-to-do,,Not for covers >=60% of Best for,0/0 = 0%,стандарт страницы-подборки (check-page.mjs),посчитано,node .agents/skills/otherbali-guide-page-standard/scripts/check-page.mjs https://www.otherbali.com/sanur/things-to-do,,2026-09-28,
C1,P2,https://www.otherbali.com/sanur/things-to-do,,5-8 Good to know questions,0 questions,стандарт страницы-подборки (check-page.mjs),посчитано,node .agents/skills/otherbali-guide-page-standard/scripts/check-page.mjs https://www.otherbali.com/sanur/things-to-do,,2026-09-28,
C1,P2,https://www.otherbali.com/sanur/things-to-do,,FAQPage JSON-LD emitted,missing,стандарт страницы-подборки (check-page.mjs),посчитано,node .agents/skills/otherbali-guide-page-standard/scripts/check-page.mjs https://www.otherbali.com/sanur/things-to-do,,2026-09-28,
C1,P2,https://www.otherbali.com/sanur/things-to-do,,visible last-checked date,no 'Last checked' line,стандарт страницы-подборки (check-page.mjs),посчитано,node .agents/skills/otherbali-guide-page-standard/scripts/check-page.mjs https://www.otherbali.com/sanur/things-to-do,,2026-09-28,
C1,P2,https://www.otherbali.com/sanur/best-restaurants,,answer block present before the list,no .guide-answer section in the HTML source,стандарт страницы-подборки (check-page.mjs),посчитано,node .agents/skills/otherbali-guide-page-standard/scripts/check-page.mjs https://www.otherbali.com/sanur/best-restaurants,,2026-09-28,
C1,P2,https://www.otherbali.com/sanur/best-restaurants,,Not for covers >=60% of Best for,0/64 = 0%,стандарт страницы-подборки (check-page.mjs),посчитано,node .agents/skills/otherbali-guide-page-standard/scripts/check-page.mjs https://www.otherbali.com/sanur/best-restaurants,,2026-09-28,
C1,P2,https://www.otherbali.com/sanur/best-restaurants,,5-8 Good to know questions,2 questions,стандарт страницы-подборки (check-page.mjs),посчитано,node .agents/skills/otherbali-guide-page-standard/scripts/check-page.mjs https://www.otherbali.com/sanur/best-restaurants,,2026-09-28,
C1,P2,https://www.otherbali.com/sanur/best-restaurants,,visible last-checked date,no 'Last checked' line,стандарт страницы-подборки (check-page.mjs),посчитано,node .agents/skills/otherbali-guide-page-standard/scripts/check-page.mjs https://www.otherbali.com/sanur/best-restaurants,,2026-09-28,
C1,P2,https://www.otherbali.com/sanur/cafes-and-bars,,answer block present before the list,no .guide-answer section in the HTML source,стандарт страницы-подборки (check-page.mjs),посчитано,node .agents/skills/otherbali-guide-page-standard/scripts/check-page.mjs https://www.otherbali.com/sanur/cafes-and-bars,,2026-09-28,
C1,P2,https://www.otherbali.com/sanur/cafes-and-bars,,Not for covers >=60% of Best for,0/14 = 0%,стандарт страницы-подборки (check-page.mjs),посчитано,node .agents/skills/otherbali-guide-page-standard/scripts/check-page.mjs https://www.otherbali.com/sanur/cafes-and-bars,,2026-09-28,
C1,P2,https://www.otherbali.com/sanur/cafes-and-bars,,5-8 Good to know questions,1 questions,стандарт страницы-подборки (check-page.mjs),посчитано,node .agents/skills/otherbali-guide-page-standard/scripts/check-page.mjs https://www.otherbali.com/sanur/cafes-and-bars,,2026-09-28,
C1,P2,https://www.otherbali.com/sanur/cafes-and-bars,,visible last-checked date,no 'Last checked' line,стандарт страницы-подборки (check-page.mjs),посчитано,node .agents/skills/otherbali-guide-page-standard/scripts/check-page.mjs https://www.otherbali.com/sanur/cafes-and-bars,,2026-09-28,
C1,P2,https://www.otherbali.com/sanur/spas-wellness,,answer block present before the list,no .guide-answer section in the HTML source,стандарт страницы-подборки (check-page.mjs),посчитано,node .agents/skills/otherbali-guide-page-standard/scripts/check-page.mjs https://www.otherbali.com/sanur/spas-wellness,,2026-09-28,
C1,P2,https://www.otherbali.com/sanur/spas-wellness,,Not for covers >=60% of Best for,0/60 = 0%,стандарт страницы-подборки (check-page.mjs),посчитано,node .agents/skills/otherbali-guide-page-standard/scripts/check-page.mjs https://www.otherbali.com/sanur/spas-wellness,,2026-09-28,
C1,P2,https://www.otherbali.com/sanur/spas-wellness,,5-8 Good to know questions,2 questions,стандарт страницы-подборки (check-page.mjs),посчитано,node .agents/skills/otherbali-guide-page-standard/scripts/check-page.mjs https://www.otherbali.com/sanur/spas-wellness,,2026-09-28,
C1,P2,https://www.otherbali.com/sanur/spas-wellness,,visible last-checked date,no 'Last checked' line,стандарт страницы-подборки (check-page.mjs),посчитано,node .agents/skills/otherbali-guide-page-standard/scripts/check-page.mjs https://www.otherbali.com/sanur/spas-wellness,,2026-09-28,
C1,P2,https://www.otherbali.com/seminyak/beach-clubs-sunset,,answer block present before the list,no .guide-answer section in the HTML source,стандарт страницы-подборки (check-page.mjs),посчитано,node .agents/skills/otherbali-guide-page-standard/scripts/check-page.mjs https://www.otherbali.com/seminyak/beach-clubs-sunset,,2026-09-28,
C1,P2,https://www.otherbali.com/seminyak/beach-clubs-sunset,,Not for covers >=60% of Best for,0/4 = 0%,стандарт страницы-подборки (check-page.mjs),посчитано,node .agents/skills/otherbali-guide-page-standard/scripts/check-page.mjs https://www.otherbali.com/seminyak/beach-clubs-sunset,,2026-09-28,
C1,P2,https://www.otherbali.com/seminyak/beach-clubs-sunset,,5-8 Good to know questions,2 questions,стандарт страницы-подборки (check-page.mjs),посчитано,node .agents/skills/otherbali-guide-page-standard/scripts/check-page.mjs https://www.otherbali.com/seminyak/beach-clubs-sunset,,2026-09-28,
C1,P2,https://www.otherbali.com/seminyak/beach-clubs-sunset,,visible last-checked date,no 'Last checked' line,стандарт страницы-подборки (check-page.mjs),посчитано,node .agents/skills/otherbali-guide-page-standard/scripts/check-page.mjs https://www.otherbali.com/seminyak/beach-clubs-sunset,,2026-09-28,
C1,P2,https://www.otherbali.com/seminyak/cafes-coffee,,answer block present before the list,no .guide-answer section in the HTML source,стандарт страницы-подборки (check-page.mjs),посчитано,node .agents/skills/otherbali-guide-page-standard/scripts/check-page.mjs https://www.otherbali.com/seminyak/cafes-coffee,,2026-09-28,
C1,P2,https://www.otherbali.com/seminyak/cafes-coffee,,Not for covers >=60% of Best for,0/24 = 0%,стандарт страницы-подборки (check-page.mjs),посчитано,node .agents/skills/otherbali-guide-page-standard/scripts/check-page.mjs https://www.otherbali.com/seminyak/cafes-coffee,,2026-09-28,
C1,P2,https://www.otherbali.com/seminyak/cafes-coffee,,5-8 Good to know questions,1 questions,стандарт страницы-подборки (check-page.mjs),посчитано,node .agents/skills/otherbali-guide-page-standard/scripts/check-page.mjs https://www.otherbali.com/seminyak/cafes-coffee,,2026-09-28,
C1,P2,https://www.otherbali.com/seminyak/cafes-coffee,,visible last-checked date,no 'Last checked' line,стандарт страницы-подборки (check-page.mjs),посчитано,node .agents/skills/otherbali-guide-page-standard/scripts/check-page.mjs https://www.otherbali.com/seminyak/cafes-coffee,,2026-09-28,
C1,P2,https://www.otherbali.com/seminyak/cafes-coffee,,no hype filler adjectives,iconic,стандарт страницы-подборки (check-page.mjs),посчитано,node .agents/skills/otherbali-guide-page-standard/scripts/check-page.mjs https://www.otherbali.com/seminyak/cafes-coffee,,2026-09-28,
C1,P2,https://www.otherbali.com/seminyak/best-restaurants,,answer block present before the list,no .guide-answer section in the HTML source,стандарт страницы-подборки (check-page.mjs),посчитано,node .agents/skills/otherbali-guide-page-standard/scripts/check-page.mjs https://www.otherbali.com/seminyak/best-restaurants,,2026-09-28,
C1,P2,https://www.otherbali.com/seminyak/best-restaurants,,Not for covers >=60% of Best for,0/124 = 0%,стандарт страницы-подборки (check-page.mjs),посчитано,node .agents/skills/otherbali-guide-page-standard/scripts/check-page.mjs https://www.otherbali.com/seminyak/best-restaurants,,2026-09-28,
C1,P2,https://www.otherbali.com/seminyak/best-restaurants,,5-8 Good to know questions,2 questions,стандарт страницы-подборки (check-page.mjs),посчитано,node .agents/skills/otherbali-guide-page-standard/scripts/check-page.mjs https://www.otherbali.com/seminyak/best-restaurants,,2026-09-28,
C1,P2,https://www.otherbali.com/seminyak/best-restaurants,,visible last-checked date,no 'Last checked' line,стандарт страницы-подборки (check-page.mjs),посчитано,node .agents/skills/otherbali-guide-page-standard/scripts/check-page.mjs https://www.otherbali.com/seminyak/best-restaurants,,2026-09-28,
C1,P2,https://www.otherbali.com/seminyak/spas-salons-wellness,,answer block present before the list,no .guide-answer section in the HTML source,стандарт страницы-подборки (check-page.mjs),посчитано,node .agents/skills/otherbali-guide-page-standard/scripts/check-page.mjs https://www.otherbali.com/seminyak/spas-salons-wellness,,2026-09-28,
C1,P2,https://www.otherbali.com/seminyak/spas-salons-wellness,,Not for covers >=60% of Best for,0/142 = 0%,стандарт страницы-подборки (check-page.mjs),посчитано,node .agents/skills/otherbali-guide-page-standard/scripts/check-page.mjs https://www.otherbali.com/seminyak/spas-salons-wellness,,2026-09-28,
C1,P2,https://www.otherbali.com/seminyak/spas-salons-wellness,,5-8 Good to know questions,2 questions,стандарт страницы-подборки (check-page.mjs),посчитано,node .agents/skills/otherbali-guide-page-standard/scripts/check-page.mjs https://www.otherbali.com/seminyak/spas-salons-wellness,,2026-09-28,
C1,P2,https://www.otherbali.com/seminyak/spas-salons-wellness,,visible last-checked date,no 'Last checked' line,стандарт страницы-подборки (check-page.mjs),посчитано,node .agents/skills/otherbali-guide-page-standard/scripts/check-page.mjs https://www.otherbali.com/seminyak/spas-salons-wellness,,2026-09-28,
C1,P2,https://www.otherbali.com/nusa-dua/things-to-do,,answer block present before the list,no .guide-answer section in the HTML source,стандарт страницы-подборки (check-page.mjs),посчитано,node .agents/skills/otherbali-guide-page-standard/scripts/check-page.mjs https://www.otherbali.com/nusa-dua/things-to-do,,2026-09-28,
C1,P2,https://www.otherbali.com/nusa-dua/things-to-do,,cards carry Best for,0 cards,стандарт страницы-подборки (check-page.mjs),посчитано,node .agents/skills/otherbali-guide-page-standard/scripts/check-page.mjs https://www.otherbali.com/nusa-dua/things-to-do,,2026-09-28,
C1,P2,https://www.otherbali.com/nusa-dua/things-to-do,,Not for covers >=60% of Best for,0/0 = 0%,стандарт страницы-подборки (check-page.mjs),посчитано,node .agents/skills/otherbali-guide-page-standard/scripts/check-page.mjs https://www.otherbali.com/nusa-dua/things-to-do,,2026-09-28,
C1,P2,https://www.otherbali.com/nusa-dua/things-to-do,,5-8 Good to know questions,0 questions,стандарт страницы-подборки (check-page.mjs),посчитано,node .agents/skills/otherbali-guide-page-standard/scripts/check-page.mjs https://www.otherbali.com/nusa-dua/things-to-do,,2026-09-28,
C1,P2,https://www.otherbali.com/nusa-dua/things-to-do,,FAQPage JSON-LD emitted,missing,стандарт страницы-подборки (check-page.mjs),посчитано,node .agents/skills/otherbali-guide-page-standard/scripts/check-page.mjs https://www.otherbali.com/nusa-dua/things-to-do,,2026-09-28,
C1,P2,https://www.otherbali.com/nusa-dua/things-to-do,,visible last-checked date,no 'Last checked' line,стандарт страницы-подборки (check-page.mjs),посчитано,node .agents/skills/otherbali-guide-page-standard/scripts/check-page.mjs https://www.otherbali.com/nusa-dua/things-to-do,,2026-09-28,
C1,P2,https://www.otherbali.com/nusa-dua/spas-wellness,,answer block present before the list,no .guide-answer section in the HTML source,стандарт страницы-подборки (check-page.mjs),посчитано,node .agents/skills/otherbali-guide-page-standard/scripts/check-page.mjs https://www.otherbali.com/nusa-dua/spas-wellness,,2026-09-28,
C1,P2,https://www.otherbali.com/nusa-dua/spas-wellness,,Not for covers >=60% of Best for,0/114 = 0%,стандарт страницы-подборки (check-page.mjs),посчитано,node .agents/skills/otherbali-guide-page-standard/scripts/check-page.mjs https://www.otherbali.com/nusa-dua/spas-wellness,,2026-09-28,
C1,P2,https://www.otherbali.com/nusa-dua/spas-wellness,,5-8 Good to know questions,2 questions,стандарт страницы-подборки (check-page.mjs),посчитано,node .agents/skills/otherbali-guide-page-standard/scripts/check-page.mjs https://www.otherbali.com/nusa-dua/spas-wellness,,2026-09-28,
C1,P2,https://www.otherbali.com/nusa-dua/spas-wellness,,visible last-checked date,no 'Last checked' line,стандарт страницы-подборки (check-page.mjs),посчитано,node .agents/skills/otherbali-guide-page-standard/scripts/check-page.mjs https://www.otherbali.com/nusa-dua/spas-wellness,,2026-09-28,
C1,P2,https://www.otherbali.com/nusa-dua/best-restaurants,,answer block present before the list,no .guide-answer section in the HTML source,стандарт страницы-подборки (check-page.mjs),посчитано,node .agents/skills/otherbali-guide-page-standard/scripts/check-page.mjs https://www.otherbali.com/nusa-dua/best-restaurants,,2026-09-28,
C1,P2,https://www.otherbali.com/nusa-dua/best-restaurants,,Not for covers >=60% of Best for,0/64 = 0%,стандарт страницы-подборки (check-page.mjs),посчитано,node .agents/skills/otherbali-guide-page-standard/scripts/check-page.mjs https://www.otherbali.com/nusa-dua/best-restaurants,,2026-09-28,
C1,P2,https://www.otherbali.com/nusa-dua/best-restaurants,,5-8 Good to know questions,2 questions,стандарт страницы-подборки (check-page.mjs),посчитано,node .agents/skills/otherbali-guide-page-standard/scripts/check-page.mjs https://www.otherbali.com/nusa-dua/best-restaurants,,2026-09-28,
C1,P2,https://www.otherbali.com/nusa-dua/best-restaurants,,visible last-checked date,no 'Last checked' line,стандарт страницы-подборки (check-page.mjs),посчитано,node .agents/skills/otherbali-guide-page-standard/scripts/check-page.mjs https://www.otherbali.com/nusa-dua/best-restaurants,,2026-09-28,
C1,P2,https://www.otherbali.com/jimbaran/things-to-do,,answer block present before the list,no .guide-answer section in the HTML source,стандарт страницы-подборки (check-page.mjs),посчитано,node .agents/skills/otherbali-guide-page-standard/scripts/check-page.mjs https://www.otherbali.com/jimbaran/things-to-do,,2026-09-28,
C1,P2,https://www.otherbali.com/jimbaran/things-to-do,,cards carry Best for,0 cards,стандарт страницы-подборки (check-page.mjs),посчитано,node .agents/skills/otherbali-guide-page-standard/scripts/check-page.mjs https://www.otherbali.com/jimbaran/things-to-do,,2026-09-28,
C1,P2,https://www.otherbali.com/jimbaran/things-to-do,,Not for covers >=60% of Best for,0/0 = 0%,стандарт страницы-подборки (check-page.mjs),посчитано,node .agents/skills/otherbali-guide-page-standard/scripts/check-page.mjs https://www.otherbali.com/jimbaran/things-to-do,,2026-09-28,
C1,P2,https://www.otherbali.com/jimbaran/things-to-do,,5-8 Good to know questions,0 questions,стандарт страницы-подборки (check-page.mjs),посчитано,node .agents/skills/otherbali-guide-page-standard/scripts/check-page.mjs https://www.otherbali.com/jimbaran/things-to-do,,2026-09-28,
C1,P2,https://www.otherbali.com/jimbaran/things-to-do,,FAQPage JSON-LD emitted,missing,стандарт страницы-подборки (check-page.mjs),посчитано,node .agents/skills/otherbali-guide-page-standard/scripts/check-page.mjs https://www.otherbali.com/jimbaran/things-to-do,,2026-09-28,
C1,P2,https://www.otherbali.com/jimbaran/things-to-do,,visible last-checked date,no 'Last checked' line,стандарт страницы-подборки (check-page.mjs),посчитано,node .agents/skills/otherbali-guide-page-standard/scripts/check-page.mjs https://www.otherbali.com/jimbaran/things-to-do,,2026-09-28,
C1,P2,https://www.otherbali.com/jimbaran/best-restaurants,,answer block present before the list,no .guide-answer section in the HTML source,стандарт страницы-подборки (check-page.mjs),посчитано,node .agents/skills/otherbali-guide-page-standard/scripts/check-page.mjs https://www.otherbali.com/jimbaran/best-restaurants,,2026-09-28,
C1,P2,https://www.otherbali.com/jimbaran/best-restaurants,,Not for covers >=60% of Best for,0/38 = 0%,стандарт страницы-подборки (check-page.mjs),посчитано,node .agents/skills/otherbali-guide-page-standard/scripts/check-page.mjs https://www.otherbali.com/jimbaran/best-restaurants,,2026-09-28,
C1,P2,https://www.otherbali.com/jimbaran/best-restaurants,,5-8 Good to know questions,3 questions,стандарт страницы-подборки (check-page.mjs),посчитано,node .agents/skills/otherbali-guide-page-standard/scripts/check-page.mjs https://www.otherbali.com/jimbaran/best-restaurants,,2026-09-28,
C1,P2,https://www.otherbali.com/jimbaran/best-restaurants,,visible last-checked date,no 'Last checked' line,стандарт страницы-подборки (check-page.mjs),посчитано,node .agents/skills/otherbali-guide-page-standard/scripts/check-page.mjs https://www.otherbali.com/jimbaran/best-restaurants,,2026-09-28,
C1,P2,https://www.otherbali.com/jimbaran/spas-wellness,,answer block present before the list,no .guide-answer section in the HTML source,стандарт страницы-подборки (check-page.mjs),посчитано,node .agents/skills/otherbali-guide-page-standard/scripts/check-page.mjs https://www.otherbali.com/jimbaran/spas-wellness,,2026-09-28,
C1,P2,https://www.otherbali.com/jimbaran/spas-wellness,,Not for covers >=60% of Best for,0/80 = 0%,стандарт страницы-подборки (check-page.mjs),посчитано,node .agents/skills/otherbali-guide-page-standard/scripts/check-page.mjs https://www.otherbali.com/jimbaran/spas-wellness,,2026-09-28,
C1,P2,https://www.otherbali.com/jimbaran/spas-wellness,,5-8 Good to know questions,2 questions,стандарт страницы-подборки (check-page.mjs),посчитано,node .agents/skills/otherbali-guide-page-standard/scripts/check-page.mjs https://www.otherbali.com/jimbaran/spas-wellness,,2026-09-28,
C1,P2,https://www.otherbali.com/jimbaran/spas-wellness,,visible last-checked date,no 'Last checked' line,стандарт страницы-подборки (check-page.mjs),посчитано,node .agents/skills/otherbali-guide-page-standard/scripts/check-page.mjs https://www.otherbali.com/jimbaran/spas-wellness,,2026-09-28,
C1,P2,https://www.otherbali.com/canggu/beach-club-day-passes,,answer block present before the list,no .guide-answer section in the HTML source,стандарт страницы-подборки (check-page.mjs),посчитано,node .agents/skills/otherbali-guide-page-standard/scripts/check-page.mjs https://www.otherbali.com/canggu/beach-club-day-passes,,2026-09-28,
C1,P2,https://www.otherbali.com/canggu/beach-club-day-passes,,cards carry Best for,0 cards,стандарт страницы-подборки (check-page.mjs),посчитано,node .agents/skills/otherbali-guide-page-standard/scripts/check-page.mjs https://www.otherbali.com/canggu/beach-club-day-passes,,2026-09-28,
C1,P2,https://www.otherbali.com/canggu/beach-club-day-passes,,Not for covers >=60% of Best for,0/0 = 0%,стандарт страницы-подборки (check-page.mjs),посчитано,node .agents/skills/otherbali-guide-page-standard/scripts/check-page.mjs https://www.otherbali.com/canggu/beach-club-day-passes,,2026-09-28,
C1,P2,https://www.otherbali.com/canggu/beach-club-day-passes,,5-8 Good to know questions,0 questions,стандарт страницы-подборки (check-page.mjs),посчитано,node .agents/skills/otherbali-guide-page-standard/scripts/check-page.mjs https://www.otherbali.com/canggu/beach-club-day-passes,,2026-09-28,
C1,P2,https://www.otherbali.com/canggu/beach-club-day-passes,,visible last-checked date,no 'Last checked' line,стандарт страницы-подборки (check-page.mjs),посчитано,node .agents/skills/otherbali-guide-page-standard/scripts/check-page.mjs https://www.otherbali.com/canggu/beach-club-day-passes,,2026-09-28,
C1,P2,https://www.otherbali.com/jimbaran/hotel-brunches,,answer block present before the list,no .guide-answer section in the HTML source,стандарт страницы-подборки (check-page.mjs),посчитано,node .agents/skills/otherbali-guide-page-standard/scripts/check-page.mjs https://www.otherbali.com/jimbaran/hotel-brunches,,2026-09-28,
C1,P2,https://www.otherbali.com/jimbaran/hotel-brunches,,cards carry Best for,0 cards,стандарт страницы-подборки (check-page.mjs),посчитано,node .agents/skills/otherbali-guide-page-standard/scripts/check-page.mjs https://www.otherbali.com/jimbaran/hotel-brunches,,2026-09-28,
C1,P2,https://www.otherbali.com/jimbaran/hotel-brunches,,Not for covers >=60% of Best for,0/0 = 0%,стандарт страницы-подборки (check-page.mjs),посчитано,node .agents/skills/otherbali-guide-page-standard/scripts/check-page.mjs https://www.otherbali.com/jimbaran/hotel-brunches,,2026-09-28,
C1,P2,https://www.otherbali.com/jimbaran/hotel-brunches,,5-8 Good to know questions,0 questions,стандарт страницы-подборки (check-page.mjs),посчитано,node .agents/skills/otherbali-guide-page-standard/scripts/check-page.mjs https://www.otherbali.com/jimbaran/hotel-brunches,,2026-09-28,
C1,P2,https://www.otherbali.com/jimbaran/hotel-brunches,,visible last-checked date,no 'Last checked' line,стандарт страницы-подборки (check-page.mjs),посчитано,node .agents/skills/otherbali-guide-page-standard/scripts/check-page.mjs https://www.otherbali.com/jimbaran/hotel-brunches,,2026-09-28,
C1,P2,https://www.otherbali.com/jimbaran/resort-day-passes,,answer block present before the list,no .guide-answer section in the HTML source,стандарт страницы-подборки (check-page.mjs),посчитано,node .agents/skills/otherbali-guide-page-standard/scripts/check-page.mjs https://www.otherbali.com/jimbaran/resort-day-passes,,2026-09-28,
C1,P2,https://www.otherbali.com/jimbaran/resort-day-passes,,cards carry Best for,0 cards,стандарт страницы-подборки (check-page.mjs),посчитано,node .agents/skills/otherbali-guide-page-standard/scripts/check-page.mjs https://www.otherbali.com/jimbaran/resort-day-passes,,2026-09-28,
C1,P2,https://www.otherbali.com/jimbaran/resort-day-passes,,Not for covers >=60% of Best for,0/0 = 0%,стандарт страницы-подборки (check-page.mjs),посчитано,node .agents/skills/otherbali-guide-page-standard/scripts/check-page.mjs https://www.otherbali.com/jimbaran/resort-day-passes,,2026-09-28,
C1,P2,https://www.otherbali.com/jimbaran/resort-day-passes,,5-8 Good to know questions,0 questions,стандарт страницы-подборки (check-page.mjs),посчитано,node .agents/skills/otherbali-guide-page-standard/scripts/check-page.mjs https://www.otherbali.com/jimbaran/resort-day-passes,,2026-09-28,
C1,P2,https://www.otherbali.com/jimbaran/resort-day-passes,,visible last-checked date,no 'Last checked' line,стандарт страницы-подборки (check-page.mjs),посчитано,node .agents/skills/otherbali-guide-page-standard/scripts/check-page.mjs https://www.otherbali.com/jimbaran/resort-day-passes,,2026-09-28,
C1,P2,https://www.otherbali.com/jimbaran/sunset-seafood,,answer block present before the list,no .guide-answer section in the HTML source,стандарт страницы-подборки (check-page.mjs),посчитано,node .agents/skills/otherbali-guide-page-standard/scripts/check-page.mjs https://www.otherbali.com/jimbaran/sunset-seafood,,2026-09-28,
C1,P2,https://www.otherbali.com/jimbaran/sunset-seafood,,cards carry Best for,0 cards,стандарт страницы-подборки (check-page.mjs),посчитано,node .agents/skills/otherbali-guide-page-standard/scripts/check-page.mjs https://www.otherbali.com/jimbaran/sunset-seafood,,2026-09-28,
C1,P2,https://www.otherbali.com/jimbaran/sunset-seafood,,Not for covers >=60% of Best for,0/0 = 0%,стандарт страницы-подборки (check-page.mjs),посчитано,node .agents/skills/otherbali-guide-page-standard/scripts/check-page.mjs https://www.otherbali.com/jimbaran/sunset-seafood,,2026-09-28,
C1,P2,https://www.otherbali.com/jimbaran/sunset-seafood,,5-8 Good to know questions,0 questions,стандарт страницы-подборки (check-page.mjs),посчитано,node .agents/skills/otherbali-guide-page-standard/scripts/check-page.mjs https://www.otherbali.com/jimbaran/sunset-seafood,,2026-09-28,
C1,P2,https://www.otherbali.com/jimbaran/sunset-seafood,,visible last-checked date,no 'Last checked' line,стандарт страницы-подборки (check-page.mjs),посчитано,node .agents/skills/otherbali-guide-page-standard/scripts/check-page.mjs https://www.otherbali.com/jimbaran/sunset-seafood,,2026-09-28,
C1,P2,https://www.otherbali.com/nusa-dua/hotel-brunches,,answer block present before the list,no .guide-answer section in the HTML source,стандарт страницы-подборки (check-page.mjs),посчитано,node .agents/skills/otherbali-guide-page-standard/scripts/check-page.mjs https://www.otherbali.com/nusa-dua/hotel-brunches,,2026-09-28,
C1,P2,https://www.otherbali.com/nusa-dua/hotel-brunches,,cards carry Best for,0 cards,стандарт страницы-подборки (check-page.mjs),посчитано,node .agents/skills/otherbali-guide-page-standard/scripts/check-page.mjs https://www.otherbali.com/nusa-dua/hotel-brunches,,2026-09-28,
C1,P2,https://www.otherbali.com/nusa-dua/hotel-brunches,,Not for covers >=60% of Best for,0/0 = 0%,стандарт страницы-подборки (check-page.mjs),посчитано,node .agents/skills/otherbali-guide-page-standard/scripts/check-page.mjs https://www.otherbali.com/nusa-dua/hotel-brunches,,2026-09-28,
C1,P2,https://www.otherbali.com/nusa-dua/hotel-brunches,,5-8 Good to know questions,0 questions,стандарт страницы-подборки (check-page.mjs),посчитано,node .agents/skills/otherbali-guide-page-standard/scripts/check-page.mjs https://www.otherbali.com/nusa-dua/hotel-brunches,,2026-09-28,
C1,P2,https://www.otherbali.com/nusa-dua/hotel-brunches,,visible last-checked date,no 'Last checked' line,стандарт страницы-подборки (check-page.mjs),посчитано,node .agents/skills/otherbali-guide-page-standard/scripts/check-page.mjs https://www.otherbali.com/nusa-dua/hotel-brunches,,2026-09-28,
C1,P2,https://www.otherbali.com/nusa-dua/resort-day-passes,,answer block present before the list,no .guide-answer section in the HTML source,стандарт страницы-подборки (check-page.mjs),посчитано,node .agents/skills/otherbali-guide-page-standard/scripts/check-page.mjs https://www.otherbali.com/nusa-dua/resort-day-passes,,2026-09-28,
C1,P2,https://www.otherbali.com/nusa-dua/resort-day-passes,,cards carry Best for,0 cards,стандарт страницы-подборки (check-page.mjs),посчитано,node .agents/skills/otherbali-guide-page-standard/scripts/check-page.mjs https://www.otherbali.com/nusa-dua/resort-day-passes,,2026-09-28,
C1,P2,https://www.otherbali.com/nusa-dua/resort-day-passes,,Not for covers >=60% of Best for,0/0 = 0%,стандарт страницы-подборки (check-page.mjs),посчитано,node .agents/skills/otherbali-guide-page-standard/scripts/check-page.mjs https://www.otherbali.com/nusa-dua/resort-day-passes,,2026-09-28,
C1,P2,https://www.otherbali.com/nusa-dua/resort-day-passes,,5-8 Good to know questions,0 questions,стандарт страницы-подборки (check-page.mjs),посчитано,node .agents/skills/otherbali-guide-page-standard/scripts/check-page.mjs https://www.otherbali.com/nusa-dua/resort-day-passes,,2026-09-28,
C1,P2,https://www.otherbali.com/nusa-dua/resort-day-passes,,visible last-checked date,no 'Last checked' line,стандарт страницы-подборки (check-page.mjs),посчитано,node .agents/skills/otherbali-guide-page-standard/scripts/check-page.mjs https://www.otherbali.com/nusa-dua/resort-day-passes,,2026-09-28,
C1,P2,https://www.otherbali.com/sanur/hotel-brunches,,answer block present before the list,no .guide-answer section in the HTML source,стандарт страницы-подборки (check-page.mjs),посчитано,node .agents/skills/otherbali-guide-page-standard/scripts/check-page.mjs https://www.otherbali.com/sanur/hotel-brunches,,2026-09-28,
C1,P2,https://www.otherbali.com/sanur/hotel-brunches,,cards carry Best for,0 cards,стандарт страницы-подборки (check-page.mjs),посчитано,node .agents/skills/otherbali-guide-page-standard/scripts/check-page.mjs https://www.otherbali.com/sanur/hotel-brunches,,2026-09-28,
C1,P2,https://www.otherbali.com/sanur/hotel-brunches,,Not for covers >=60% of Best for,0/0 = 0%,стандарт страницы-подборки (check-page.mjs),посчитано,node .agents/skills/otherbali-guide-page-standard/scripts/check-page.mjs https://www.otherbali.com/sanur/hotel-brunches,,2026-09-28,
C1,P2,https://www.otherbali.com/sanur/hotel-brunches,,5-8 Good to know questions,0 questions,стандарт страницы-подборки (check-page.mjs),посчитано,node .agents/skills/otherbali-guide-page-standard/scripts/check-page.mjs https://www.otherbali.com/sanur/hotel-brunches,,2026-09-28,
C1,P2,https://www.otherbali.com/sanur/hotel-brunches,,visible last-checked date,no 'Last checked' line,стандарт страницы-подборки (check-page.mjs),посчитано,node .agents/skills/otherbali-guide-page-standard/scripts/check-page.mjs https://www.otherbali.com/sanur/hotel-brunches,,2026-09-28,
C1,P2,https://www.otherbali.com/sanur/resort-day-passes,,answer block present before the list,no .guide-answer section in the HTML source,стандарт страницы-подборки (check-page.mjs),посчитано,node .agents/skills/otherbali-guide-page-standard/scripts/check-page.mjs https://www.otherbali.com/sanur/resort-day-passes,,2026-09-28,
C1,P2,https://www.otherbali.com/sanur/resort-day-passes,,cards carry Best for,0 cards,стандарт страницы-подборки (check-page.mjs),посчитано,node .agents/skills/otherbali-guide-page-standard/scripts/check-page.mjs https://www.otherbali.com/sanur/resort-day-passes,,2026-09-28,
C1,P2,https://www.otherbali.com/sanur/resort-day-passes,,Not for covers >=60% of Best for,0/0 = 0%,стандарт страницы-подборки (check-page.mjs),посчитано,node .agents/skills/otherbali-guide-page-standard/scripts/check-page.mjs https://www.otherbali.com/sanur/resort-day-passes,,2026-09-28,
C1,P2,https://www.otherbali.com/sanur/resort-day-passes,,5-8 Good to know questions,0 questions,стандарт страницы-подборки (check-page.mjs),посчитано,node .agents/skills/otherbali-guide-page-standard/scripts/check-page.mjs https://www.otherbali.com/sanur/resort-day-passes,,2026-09-28,
C1,P2,https://www.otherbali.com/sanur/resort-day-passes,,visible last-checked date,no 'Last checked' line,стандарт страницы-подборки (check-page.mjs),посчитано,node .agents/skills/otherbali-guide-page-standard/scripts/check-page.mjs https://www.otherbali.com/sanur/resort-day-passes,,2026-09-28,
C1,P2,https://www.otherbali.com/seminyak/beach-club-day-passes,,answer block present before the list,no .guide-answer section in the HTML source,стандарт страницы-подборки (check-page.mjs),посчитано,node .agents/skills/otherbali-guide-page-standard/scripts/check-page.mjs https://www.otherbali.com/seminyak/beach-club-day-passes,,2026-09-28,
C1,P2,https://www.otherbali.com/seminyak/beach-club-day-passes,,cards carry Best for,0 cards,стандарт страницы-подборки (check-page.mjs),посчитано,node .agents/skills/otherbali-guide-page-standard/scripts/check-page.mjs https://www.otherbali.com/seminyak/beach-club-day-passes,,2026-09-28,
C1,P2,https://www.otherbali.com/seminyak/beach-club-day-passes,,Not for covers >=60% of Best for,0/0 = 0%,стандарт страницы-подборки (check-page.mjs),посчитано,node .agents/skills/otherbali-guide-page-standard/scripts/check-page.mjs https://www.otherbali.com/seminyak/beach-club-day-passes,,2026-09-28,
C1,P2,https://www.otherbali.com/seminyak/beach-club-day-passes,,5-8 Good to know questions,0 questions,стандарт страницы-подборки (check-page.mjs),посчитано,node .agents/skills/otherbali-guide-page-standard/scripts/check-page.mjs https://www.otherbali.com/seminyak/beach-club-day-passes,,2026-09-28,
C1,P2,https://www.otherbali.com/seminyak/beach-club-day-passes,,visible last-checked date,no 'Last checked' line,стандарт страницы-подборки (check-page.mjs),посчитано,node .agents/skills/otherbali-guide-page-standard/scripts/check-page.mjs https://www.otherbali.com/seminyak/beach-club-day-passes,,2026-09-28,
C1,P2,https://www.otherbali.com/seminyak/beach-club-day-passes,,no hype filler adjectives,"Iconic, iconic",стандарт страницы-подборки (check-page.mjs),посчитано,node .agents/skills/otherbali-guide-page-standard/scripts/check-page.mjs https://www.otherbali.com/seminyak/beach-club-day-passes,,2026-09-28,
C1,P2,https://www.otherbali.com/seminyak/hotel-brunches,,answer block present before the list,no .guide-answer section in the HTML source,стандарт страницы-подборки (check-page.mjs),посчитано,node .agents/skills/otherbali-guide-page-standard/scripts/check-page.mjs https://www.otherbali.com/seminyak/hotel-brunches,,2026-09-28,
C1,P2,https://www.otherbali.com/seminyak/hotel-brunches,,cards carry Best for,0 cards,стандарт страницы-подборки (check-page.mjs),посчитано,node .agents/skills/otherbali-guide-page-standard/scripts/check-page.mjs https://www.otherbali.com/seminyak/hotel-brunches,,2026-09-28,
C1,P2,https://www.otherbali.com/seminyak/hotel-brunches,,Not for covers >=60% of Best for,0/0 = 0%,стандарт страницы-подборки (check-page.mjs),посчитано,node .agents/skills/otherbali-guide-page-standard/scripts/check-page.mjs https://www.otherbali.com/seminyak/hotel-brunches,,2026-09-28,
C1,P2,https://www.otherbali.com/seminyak/hotel-brunches,,5-8 Good to know questions,0 questions,стандарт страницы-подборки (check-page.mjs),посчитано,node .agents/skills/otherbali-guide-page-standard/scripts/check-page.mjs https://www.otherbali.com/seminyak/hotel-brunches,,2026-09-28,
C1,P2,https://www.otherbali.com/seminyak/hotel-brunches,,visible last-checked date,no 'Last checked' line,стандарт страницы-подборки (check-page.mjs),посчитано,node .agents/skills/otherbali-guide-page-standard/scripts/check-page.mjs https://www.otherbali.com/seminyak/hotel-brunches,,2026-09-28,
C1,P2,https://www.otherbali.com/ubud/hotel-brunches,,answer block present before the list,no .guide-answer section in the HTML source,стандарт страницы-подборки (check-page.mjs),посчитано,node .agents/skills/otherbali-guide-page-standard/scripts/check-page.mjs https://www.otherbali.com/ubud/hotel-brunches,,2026-09-28,
C1,P2,https://www.otherbali.com/ubud/hotel-brunches,,cards carry Best for,0 cards,стандарт страницы-подборки (check-page.mjs),посчитано,node .agents/skills/otherbali-guide-page-standard/scripts/check-page.mjs https://www.otherbali.com/ubud/hotel-brunches,,2026-09-28,
C1,P2,https://www.otherbali.com/ubud/hotel-brunches,,Not for covers >=60% of Best for,0/0 = 0%,стандарт страницы-подборки (check-page.mjs),посчитано,node .agents/skills/otherbali-guide-page-standard/scripts/check-page.mjs https://www.otherbali.com/ubud/hotel-brunches,,2026-09-28,
C1,P2,https://www.otherbali.com/ubud/hotel-brunches,,5-8 Good to know questions,0 questions,стандарт страницы-подборки (check-page.mjs),посчитано,node .agents/skills/otherbali-guide-page-standard/scripts/check-page.mjs https://www.otherbali.com/ubud/hotel-brunches,,2026-09-28,
C1,P2,https://www.otherbali.com/ubud/hotel-brunches,,visible last-checked date,no 'Last checked' line,стандарт страницы-подборки (check-page.mjs),посчитано,node .agents/skills/otherbali-guide-page-standard/scripts/check-page.mjs https://www.otherbali.com/ubud/hotel-brunches,,2026-09-28,
C1,P2,https://www.otherbali.com/ubud/jungle-pool-day-passes,,answer block present before the list,no .guide-answer section in the HTML source,стандарт страницы-подборки (check-page.mjs),посчитано,node .agents/skills/otherbali-guide-page-standard/scripts/check-page.mjs https://www.otherbali.com/ubud/jungle-pool-day-passes,,2026-09-28,
C1,P2,https://www.otherbali.com/ubud/jungle-pool-day-passes,,cards carry Best for,0 cards,стандарт страницы-подборки (check-page.mjs),посчитано,node .agents/skills/otherbali-guide-page-standard/scripts/check-page.mjs https://www.otherbali.com/ubud/jungle-pool-day-passes,,2026-09-28,
C1,P2,https://www.otherbali.com/ubud/jungle-pool-day-passes,,Not for covers >=60% of Best for,0/0 = 0%,стандарт страницы-подборки (check-page.mjs),посчитано,node .agents/skills/otherbali-guide-page-standard/scripts/check-page.mjs https://www.otherbali.com/ubud/jungle-pool-day-passes,,2026-09-28,
C1,P2,https://www.otherbali.com/ubud/jungle-pool-day-passes,,5-8 Good to know questions,0 questions,стандарт страницы-подборки (check-page.mjs),посчитано,node .agents/skills/otherbali-guide-page-standard/scripts/check-page.mjs https://www.otherbali.com/ubud/jungle-pool-day-passes,,2026-09-28,
C1,P2,https://www.otherbali.com/ubud/jungle-pool-day-passes,,visible last-checked date,no 'Last checked' line,стандарт страницы-подборки (check-page.mjs),посчитано,node .agents/skills/otherbali-guide-page-standard/scripts/check-page.mjs https://www.otherbali.com/ubud/jungle-pool-day-passes,,2026-09-28,
C1,P2,https://www.otherbali.com/ubud/jungle-pool-day-passes,,no hype filler adjectives,"Iconic, iconic",стандарт страницы-подборки (check-page.mjs),посчитано,node .agents/skills/otherbali-guide-page-standard/scripts/check-page.mjs https://www.otherbali.com/ubud/jungle-pool-day-passes,,2026-09-28,
C1,P2,https://www.otherbali.com/uluwatu/resort-pool-day-passes,,answer block present before the list,no .guide-answer section in the HTML source,стандарт страницы-подборки (check-page.mjs),посчитано,node .agents/skills/otherbali-guide-page-standard/scripts/check-page.mjs https://www.otherbali.com/uluwatu/resort-pool-day-passes,,2026-09-28,
C1,P2,https://www.otherbali.com/uluwatu/resort-pool-day-passes,,cards carry Best for,0 cards,стандарт страницы-подборки (check-page.mjs),посчитано,node .agents/skills/otherbali-guide-page-standard/scripts/check-page.mjs https://www.otherbali.com/uluwatu/resort-pool-day-passes,,2026-09-28,
C1,P2,https://www.otherbali.com/uluwatu/resort-pool-day-passes,,Not for covers >=60% of Best for,0/0 = 0%,стандарт страницы-подборки (check-page.mjs),посчитано,node .agents/skills/otherbali-guide-page-standard/scripts/check-page.mjs https://www.otherbali.com/uluwatu/resort-pool-day-passes,,2026-09-28,
C1,P2,https://www.otherbali.com/uluwatu/resort-pool-day-passes,,5-8 Good to know questions,0 questions,стандарт страницы-подборки (check-page.mjs),посчитано,node .agents/skills/otherbali-guide-page-standard/scripts/check-page.mjs https://www.otherbali.com/uluwatu/resort-pool-day-passes,,2026-09-28,
C1,P2,https://www.otherbali.com/uluwatu/resort-pool-day-passes,,visible last-checked date,no 'Last checked' line,стандарт страницы-подборки (check-page.mjs),посчитано,node .agents/skills/otherbali-guide-page-standard/scripts/check-page.mjs https://www.otherbali.com/uluwatu/resort-pool-day-passes,,2026-09-28,
C1,P2,https://www.otherbali.com/uluwatu/resort-pool-day-passes,,no hype filler adjectives,Iconic,стандарт страницы-подборки (check-page.mjs),посчитано,node .agents/skills/otherbali-guide-page-standard/scripts/check-page.mjs https://www.otherbali.com/uluwatu/resort-pool-day-passes,,2026-09-28,
