# одна строка = одно опубликованное место; batch 1 = Uluwatu 25 (зафиксирован), далее по убыванию score внутри района блоками по 25; duplicate_candidate — решить дубль до сбора
slug,name,district,batch,score,p0,p1,p2,inbound_editorial,inbound_any,last_checked,age_days,gaps,duplicate_candidate,url
el-kabron-bali,El Kabrón,Uluwatu,1,173,0,0,0,11,26,2026-07-12,78,price_digits,,https://www.otherbali.com/places/el-kabron-bali
alchemy-uluwatu,Alchemy Uluwatu,Uluwatu,1,168,0,0,1,8,19,2026-07-12,78,hours price_digits,,https://www.otherbali.com/places/alchemy-uluwatu
waatu,WAATU,Uluwatu,1,168,0,0,0,10,10,2026-07-12,78,hours price_digits,,https://www.otherbali.com/places/waatu
sundays-beach-club,Sundays Beach Club,Uluwatu,1,158,0,0,0,9,12,2026-07-12,78,hours price_digits,,https://www.otherbali.com/places/sundays-beach-club
artisan-uluwatu,Artisan Uluwatu,Uluwatu,1,153,0,0,0,8,19,2026-07-12,78,hours website price_digits,,https://www.otherbali.com/places/artisan-uluwatu
ulu-fishmarket,Ulu Fishmarket,Uluwatu,1,153,0,0,0,9,9,2026-07-12,78,price_digits,,https://www.otherbali.com/places/ulu-fishmarket
bgs-uluwatu,BGS Uluwatu,Uluwatu,1,148,0,0,0,8,19,2026-07-12,78,hours price_digits,,https://www.otherbali.com/places/bgs-uluwatu
suka-espresso,Suka Espresso,Uluwatu,1,148,0,0,0,8,8,2026-07-12,78,hours price_digits,,https://www.otherbali.com/places/suka-espresso
the-warung-at-alila-villas-uluwatu,The Warung at Alila Villas,Uluwatu,1,148,0,0,0,8,8,2026-07-12,78,hours price_digits,,https://www.otherbali.com/places/the-warung-at-alila-villas-uluwatu
gooseberry-french-restaurant-uluwatu,Gooseberry,Uluwatu,1,143,0,0,0,7,15,2026-07-12,78,hours street_address price_digits,,https://www.otherbali.com/places/gooseberry-french-restaurant-uluwatu
mana-uluwatu,Mana Uluwatu,Uluwatu,1,143,0,0,0,7,10,2026-07-12,78,hours street_address price_digits,,https://www.otherbali.com/places/mana-uluwatu
white-rock-beach-club,White Rock Beach Club,Uluwatu,1,143,0,0,0,7,10,2026-07-12,78,hours street_address price_digits,,https://www.otherbali.com/places/white-rock-beach-club
kala-uluwatu,KALA Uluwatu,Uluwatu,1,138,0,0,0,7,13,2026-07-12,78,hours price_digits,,https://www.otherbali.com/places/kala-uluwatu
single-fin,Single Fin,Uluwatu,1,138,0,0,0,7,10,2026-07-12,78,hours price_digits,,https://www.otherbali.com/places/single-fin
laggas-uluwatu,Laggas,Uluwatu,1,133,0,0,0,6,8,2026-07-12,78,hours website price_digits,,https://www.otherbali.com/places/laggas-uluwatu
oneeighty,oneeighty°,Uluwatu,1,133,0,0,0,7,7,2026-07-12,78,price_digits,,https://www.otherbali.com/places/oneeighty
son-of-a-baker,Son of a Baker,Uluwatu,1,133,0,0,0,6,9,2026-07-12,78,hours website price_digits,,https://www.otherbali.com/places/son-of-a-baker
tropical-temptation-adult-only-beach-club,Tropical Temptation Beach Club,Uluwatu,1,133,0,0,0,7,10,2026-07-12,78,price_digits,,https://www.otherbali.com/places/tropical-temptation-adult-only-beach-club
yuki-uluwatu,YUKI Uluwatu,Uluwatu,1,133,0,0,0,7,7,2026-07-12,78,price_digits,,https://www.otherbali.com/places/yuki-uluwatu
masonry-restaurant,MASONRY Uluwatu,Uluwatu,1,128,0,0,0,6,6,2026-07-12,78,hours price_digits,,https://www.otherbali.com/places/masonry-restaurant
seed-bingin,Seed,Uluwatu,1,123,0,0,0,6,6,2026-07-12,78,price_digits,,https://www.otherbali.com/places/seed-bingin
zali-uluwatu,ZALI Uluwatu,Uluwatu,1,123,0,0,0,6,6,2026-07-12,78,price_digits,,https://www.otherbali.com/places/zali-uluwatu
ulu-garden,Ulu Garden,Uluwatu,1,118,0,0,0,5,5,2026-07-12,78,hours price_digits,,https://www.otherbali.com/places/ulu-garden
papi-sapi,Papi Sapi,Uluwatu,1,113,0,0,0,5,5,2026-07-12,78,price_digits,,https://www.otherbali.com/places/papi-sapi
karsa-cafe,Karsa Cafe,Ubud,2,1131,1,0,0,6,6,2026-08-04,55,hours street_address price_digits,,https://www.otherbali.com/places/karsa-cafe
cantika-zest,Cantika Zest,Ubud,2,1110,1,0,0,4,4,2026-08-07,52,hours not_for price_digits,,https://www.otherbali.com/places/cantika-zest
the-elephant,The Elephant,Ubud,2,1106,1,0,0,4,4,2026-08-04,55,hours street_address,,https://www.otherbali.com/places/the-elephant
jaens-spa-ubud-ubud,Jaens Spa Ubud,Ubud,2,505,0,2,0,3,4,2026-08-07,52,hours street_address not_for price_digits,,https://www.otherbali.com/places/jaens-spa-ubud-ubud
dala-spa-at-alaya-resort-ubud,DaLa Spa at Alaya Resort Ubud,Ubud,2,321,0,1,1,3,4,2026-07-28,62,street_address not_for price_digits,,https://www.otherbali.com/places/dala-spa-at-alaya-resort-ubud
kawa-hibachi-at-kastara-resort-and-spa,Kawa Hibachi at Kastara Resort and Spa,Ubud,2,321,0,1,1,3,3,2026-07-28,62,best_for not_for price_digits,,https://www.otherbali.com/places/kawa-hibachi-at-kastara-resort-and-spa
svaha-spa-bisma-ubud,Svaha Spa Bisma,Ubud,2,305,0,1,0,3,4,2026-08-07,52,hours street_address not_for price_digits,,https://www.otherbali.com/places/svaha-spa-bisma-ubud
air-cafe-and-lounge-at-the-sebali-resort,Air Cafe and Lounge at The Sebali Resort,Ubud,2,301,0,1,0,3,238,2026-07-28,62,best_for not_for price_digits,,https://www.otherbali.com/places/air-cafe-and-lounge-at-the-sebali-resort
natys-restaurant-ubud-at-natya-resort-ubud,Natys Restaurant Ubud at Natya Resort Ubud,Ubud,2,301,0,1,0,3,3,2026-07-28,62,best_for not_for price_digits,,https://www.otherbali.com/places/natys-restaurant-ubud-at-natya-resort-ubud
padi-restaurant-at-puri-sebali-resort,Padi Restaurant at Puri Sebali Resort,Ubud,2,301,0,1,0,3,3,2026-07-28,62,best_for not_for price_digits,,https://www.otherbali.com/places/padi-restaurant-at-puri-sebali-resort
perantenan-restaurant-at-the-alena-resort,Perantenan Restaurant at The Alena Resort,Ubud,2,301,0,1,0,3,3,2026-07-28,62,best_for not_for price_digits,,https://www.otherbali.com/places/perantenan-restaurant-at-the-alena-resort
runara-restaurant-at-abisena-ubud,Runara Restaurant at Abisena Ubud,Ubud,2,301,0,1,0,3,3,2026-07-28,62,best_for not_for price_digits,,https://www.otherbali.com/places/runara-restaurant-at-abisena-ubud
sala-bistro-at-ubud,Sala Bistro at Ubud,Ubud,2,301,0,1,0,3,3,2026-07-28,62,best_for not_for price_digits,,https://www.otherbali.com/places/sala-bistro-at-ubud
uma-tiki-restaurant-at-korurua-dijiwa-ubud,Uma Tiki Restaurant at Korurua Dijiwa Ubud,Ubud,2,301,0,1,0,3,3,2026-07-28,62,best_for not_for price_digits,,https://www.otherbali.com/places/uma-tiki-restaurant-at-korurua-dijiwa-ubud
royal-kirana-spa-ubud,Royal Kirana Spa,Ubud,2,293,0,1,0,3,3,2026-08-25,34,hours street_address,,https://www.otherbali.com/places/royal-kirana-spa-ubud
air-terjun-tegenungan,Air Terjun Tegenungan,Ubud,2,286,0,1,0,1,2,2026-07-29,61,hours street_address not_for price_digits,,https://www.otherbali.com/places/air-terjun-tegenungan
tirta-empul,Tirta Empul,Ubud,2,286,0,1,0,1,2,2026-07-29,61,hours street_address not_for price_digits,,https://www.otherbali.com/places/tirta-empul
svaha-spa-beauty-ubud-ubud,Svaha Spa Beauty Ubud,Ubud,2,281,0,1,0,1,5,2026-07-28,62,street_address not_for price_digits,,https://www.otherbali.com/places/svaha-spa-beauty-ubud-ubud
arya-arkananta-resort-and-spa,Arya Arkananta Resort & Spa,Ubud,2,181,0,0,4,3,3,2026-07-28,62,hours not_for price_digits,,https://www.otherbali.com/places/arya-arkananta-resort-and-spa
manga-madu,Warung Mangga Madu,Ubud,2,180,0,0,1,9,9,2026-08-07,52,hours street_address price_digits,,https://www.otherbali.com/places/manga-madu
lemuria-spa-by-arya-arkananta-resort-spa-ubud,Lemuria Spa by Arya Arkananta Resort & Spa,Ubud,2,178,0,0,4,3,3,2026-08-25,34,hours not_for price_digits,,https://www.otherbali.com/places/lemuria-spa-by-arya-arkananta-resort-spa-ubud
fair-warung-bale,Fair Warung Balé,Ubud,2,171,0,0,0,10,10,2026-07-29,61,hours street_address price_digits,,https://www.otherbali.com/places/fair-warung-bale
gelato-secrets-ubud,Gelato Secrets Ubud,Ubud,2,167,0,0,0,6,7,,999,hours street_address not_for price_digits,,https://www.otherbali.com/places/gelato-secrets-ubud
d-pondok-warung-pondok-sebatu-villa,D’Pondok Warung (Pondok Sebatu Villa),Ubud,2,166,0,0,1,6,6,2026-07-30,60,hours street_address website best_for not_for price_digits,,https://www.otherbali.com/places/d-pondok-warung-pondok-sebatu-villa
warung-mendez,Warung Mendez,Ubud,2,165,0,0,0,9,9,2026-08-07,52,hours street_address website price_digits,,https://www.otherbali.com/places/warung-mendez
wulan-vegetarian-warung,Wulan Vegetarian Warung,Ubud,3,165,0,0,0,9,9,2026-08-07,52,hours street_address website price_digits,,https://www.otherbali.com/places/wulan-vegetarian-warung
svaha-spa,Svaha Spa,Ubud,3,162,0,0,1,4,4,,999,hours not_for price_digits,,https://www.otherbali.com/places/svaha-spa
le-gastronome-restaurant-at-keliki-luxury-lodge,Le Gastronome Restaurant at Keliki Luxury Lodge,Ubud,3,161,0,0,3,3,3,2026-07-28,62,best_for not_for price_digits,,https://www.otherbali.com/places/le-gastronome-restaurant-at-keliki-luxury-lodge
semara-grill-at-inara-alas-harum,Semara Grill at Inara Alas Harum,Ubud,3,161,0,0,3,3,3,2026-07-28,62,hours not_for price_digits,,https://www.otherbali.com/places/semara-grill-at-inara-alas-harum
the-restaurant-by-keliki-luxury-lodge,The Restaurant by Keliki Luxury Lodge,Ubud,3,161,0,0,3,3,3,2026-07-28,62,best_for not_for price_digits,,https://www.otherbali.com/places/the-restaurant-by-keliki-luxury-lodge
seeds-of-life,Seeds of Life,Ubud,3,157,0,0,0,6,6,,999,hours street_address,,https://www.otherbali.com/places/seeds-of-life
bali-buda-ubud,Bali Buda Ubud,Ubud,3,156,0,0,0,9,24,2026-08-04,55,street_address price_digits,,https://www.otherbali.com/places/bali-buda-ubud
river-warung-at-bambu-indah,River Warung at Bambu Indah,Ubud,3,156,0,0,1,6,6,2026-07-28,62,street_address best_for not_for price_digits,,https://www.otherbali.com/places/river-warung-at-bambu-indah
sawobali,Sawobali,Ubud,3,155,0,0,0,8,8,2026-08-07,52,hours street_address website price_digits,,https://www.otherbali.com/places/sawobali
warung-siam,Warung Siam,Ubud,3,155,0,0,0,8,8,2026-08-07,52,hours street_address website price_digits,,https://www.otherbali.com/places/warung-siam
dicarik-warung,Dicarik Warung,Ubud,3,151,0,0,0,8,8,2026-08-04,55,hours website price_digits,,https://www.otherbali.com/places/dicarik-warung
kilig-bali,Kilig - A Filipino Warung,Ubud,3,151,0,0,0,9,9,2026-07-28,62,price_digits,,https://www.otherbali.com/places/kilig-bali
melting-wok-warung,Melting Wok Warung,Ubud,3,150,0,0,0,8,8,2026-08-07,52,hours street_address price_digits,,https://www.otherbali.com/places/melting-wok-warung
desa-swan-villas-and-spa-keramas,"Desa Swan Villas & SPA, Keramas",Ubud,3,146,0,0,2,3,3,2026-07-28,62,hours street_address not_for price_digits,,https://www.otherbali.com/places/desa-swan-villas-and-spa-keramas
ibu-rai,Ibu Rai,Ubud,3,146,0,0,0,7,7,2026-08-04,55,hours street_address website price_digits,,https://www.otherbali.com/places/ibu-rai
paoman-restaurant-at-inara-alas-harum,Paoman Restaurant at Inara Alas Harum,Ubud,3,146,0,0,2,3,3,2026-07-28,62,hours best_for not_for price_digits,,https://www.otherbali.com/places/paoman-restaurant-at-inara-alas-harum
four-seasons-spa-ubud,Four Seasons Spa,Ubud,3,143,0,0,2,3,3,2026-08-25,34,hours street_address not_for price_digits,,https://www.otherbali.com/places/four-seasons-spa-ubud
akar-ubud,Akar Ubud,Ubud,3,142,0,0,0,7,242,2026-07-23,67,hours street_address price_digits,,https://www.otherbali.com/places/akar-ubud
jaens-spa,Jaens Spa,Ubud,3,142,0,0,0,4,4,,999,hours not_for price_digits,,https://www.otherbali.com/places/jaens-spa
oneworld-ayurveda,Oneworld Ayurveda,Ubud,3,142,0,0,0,4,4,,999,hours street_address price_digits,,https://www.otherbali.com/places/oneworld-ayurveda
warung-semesta,Warung Semesta,Ubud,3,142,0,0,0,7,7,2026-07-23,67,hours street_address price_digits,,https://www.otherbali.com/places/warung-semesta
anomali-coffee-ubud,Anomali Coffee Ubud,Ubud,3,141,0,0,0,7,22,2026-07-28,62,hours street_address price_digits,,https://www.otherbali.com/places/anomali-coffee-ubud
bulan-madu-restaurant-at-amora-ubud-boutique-villas,Bulan Madu Restaurant at Amora Ubud Boutique Villas,Ubud,3,141,0,0,2,3,3,2026-07-28,62,hours not_for price_digits,,https://www.otherbali.com/places/bulan-madu-restaurant-at-amora-ubud-boutique-villas
cafe-wayan-and-bakery,Cafe Wayan & Bakery,Ubud,3,141,0,0,0,7,7,2026-08-04,55,hours street_address price_digits,,https://www.otherbali.com/places/cafe-wayan-and-bakery
sunset-bloom-restaurant-at-swan-paradise-a-pramana-experience,Sunset Bloom Restaurant at Swan Paradise A Pramana Experience,Ubud,3,141,0,0,2,3,3,2026-07-28,62,hours not_for price_digits,,https://www.otherbali.com/places/sunset-bloom-restaurant-at-swan-paradise-a-pramana-experience
warung-biah-biah,Warung Biah Biah,Ubud,4,141,0,0,0,7,8,2026-08-04,55,hours street_address price_digits,,https://www.otherbali.com/places/warung-biah-biah
casa-luna,Casa Luna,Ubud,4,140,0,0,0,7,7,2026-08-07,52,hours street_address price_digits,,https://www.otherbali.com/places/casa-luna
habitat-bistro-restaurant-ubud-by-wonderspace,Habitat Bistro Restaurant Ubud by Wonderspace,Ubud,4,140,0,0,2,3,3,2026-08-07,52,best_for not_for price_digits,,https://www.otherbali.com/places/habitat-bistro-restaurant-ubud-by-wonderspace
laka-leke,Laka Leke,Ubud,4,140,0,0,0,7,7,2026-08-07,52,hours street_address price_digits,,https://www.otherbali.com/places/laka-leke
tukies-coconut-shop,Tukies Coconut Shop,Ubud,4,140,0,0,0,7,7,2026-08-07,52,hours street_address price_digits,,https://www.otherbali.com/places/tukies-coconut-shop
bali-spirit-hotel-and-spa-ubud,Bali Spirit Hotel and Spa,Ubud,4,138,0,0,1,5,5,2026-08-25,34,hours street_address not_for,,https://www.otherbali.com/places/bali-spirit-hotel-and-spa-ubud
gratia-spa-monkey-forest-ubud,Gratia Spa Monkey Forest,Ubud,4,138,0,0,1,5,5,2026-08-25,34,hours street_address not_for,,https://www.otherbali.com/places/gratia-spa-monkey-forest-ubud
jero-traditional-spa-therapy-ubud,Jero Traditional Spa & Therapy,Ubud,4,138,0,0,1,5,5,2026-08-25,34,hours street_address not_for,,https://www.otherbali.com/places/jero-traditional-spa-therapy-ubud
kappa-senses-ubud-ubud,Kappa Senses Ubud,Ubud,4,138,0,0,1,5,5,2026-08-25,34,hours street_address not_for,,https://www.otherbali.com/places/kappa-senses-ubud-ubud
mango-tree-spa-ubud,Mango Tree Spa,Ubud,4,138,0,0,2,4,4,2026-08-25,34,hours,,https://www.otherbali.com/places/mango-tree-spa-ubud
starchild-spa-ubud,StarChild Spa,Ubud,4,138,0,0,1,5,5,2026-08-25,34,hours street_address not_for,,https://www.otherbali.com/places/starchild-spa-ubud
the-garcia-ubud-ubud,The Garcia Ubud,Ubud,4,138,0,0,2,4,4,2026-08-25,34,hours,,https://www.otherbali.com/places/the-garcia-ubud-ubud
ely-s-kitchen-ubud,Ely's Kitchen Ubud,Ubud,4,136,0,0,2,3,3,2026-08-04,55,not_for price_digits,,https://www.otherbali.com/places/ely-s-kitchen-ubud
flamingo-beach-club-bali,Flamingo Beach Club Bali,Ubud,4,136,0,0,2,3,3,2026-07-28,62,not_for price_digits,,https://www.otherbali.com/places/flamingo-beach-club-bali
mandapa-spa-ubud,Mandapa Spa,Ubud,4,136,0,0,1,4,5,2026-07-28,62,hours street_address not_for price_digits,,https://www.otherbali.com/places/mandapa-spa-ubud
moonstone-beach-lounge,Moonstone Beach Lounge,Ubud,4,136,0,0,2,3,3,2026-07-28,62,not_for price_digits,,https://www.otherbali.com/places/moonstone-beach-lounge
sacred-river-spa-at-four-seasons-sayan-ubud,Sacred River Spa at Four Seasons Sayan,Ubud,4,136,0,0,1,4,5,2026-07-28,62,hours street_address not_for price_digits,,https://www.otherbali.com/places/sacred-river-spa-at-four-seasons-sayan-ubud
sayuri-healing-food,Sayuri Healing Food,Ubud,4,136,0,0,0,7,7,2026-07-29,61,street_address price_digits,,https://www.otherbali.com/places/sayuri-healing-food
uma-cucina,Uma Cucina,Ubud,4,136,0,0,2,3,3,2026-07-28,62,not_for price_digits,,https://www.otherbali.com/places/uma-cucina
room4dessert,Room4Dessert,Ubud,4,135,0,0,0,7,7,2026-08-07,52,hours price_digits,,https://www.otherbali.com/places/room4dessert
seniman-coffee-studio,Seniman Coffee Studio,Ubud,4,135,0,0,0,7,7,2026-08-07,52,street_address price_digits,,https://www.otherbali.com/places/seniman-coffee-studio
alaya-ubud-ubud,Alaya Ubud,Ubud,4,133,0,0,2,3,94,2026-08-25,34,hours street_address,,https://www.otherbali.com/places/alaya-ubud-ubud
room-4-dessert,Room 4 Dessert,Ubud,4,132,0,0,0,6,6,2026-07-23,67,hours street_address price_digits,,https://www.otherbali.com/places/room-4-dessert
dining-corner-kayumanis-ubud,Dining Corner (Kayumanis Ubud),Ubud,4,131,0,0,1,3,3,2026-07-30,60,hours website best_for not_for price_digits,,https://www.otherbali.com/places/dining-corner-kayumanis-ubud
plantation-restaurant-at-alila-ubud,Plantation Restaurant at Alila Ubud,Ubud,4,131,0,0,1,3,3,2026-07-28,62,hours street_address best_for not_for price_digits,,https://www.otherbali.com/places/plantation-restaurant-at-alila-ubud
swan-restaurant-keramas-desa-swan-villas-and-spa,Swan Restaurant Keramas (Desa Swan Villas and Spa),Ubud,5,131,0,0,1,3,3,2026-07-30,60,hours website best_for not_for price_digits,,https://www.otherbali.com/places/swan-restaurant-keramas-desa-swan-villas-and-spa
tangelo-bali,Tangelo Bali,Ubud,5,131,0,0,1,3,3,2026-07-30,60,hours website best_for not_for price_digits,,https://www.otherbali.com/places/tangelo-bali
bali-bohemia,Bali Bohemia,Ubud,5,130,0,0,0,6,6,2026-08-07,52,hours street_address price_digits,,https://www.otherbali.com/places/bali-bohemia
cascades,CasCades,Ubud,5,130,0,0,0,6,6,2026-08-07,52,hours street_address price_digits,,https://www.otherbali.com/places/cascades
aura-therapy-spa-ubud,Aura Therapy Spa,Ubud,5,128,0,0,1,4,4,2026-08-25,34,hours street_address not_for,,https://www.otherbali.com/places/aura-therapy-spa-ubud
swatma-ubud,Swatma,Ubud,5,128,0,0,1,4,4,2026-08-25,34,hours street_address not_for,,https://www.otherbali.com/places/swatma-ubud
taksu-yoga-ubud,Taksu Yoga & Wellness Center,Ubud,5,127,0,0,0,3,4,,999,not_for price_digits,,https://www.otherbali.com/places/taksu-yoga-ubud
blue-mountains-bali,Blue Mountains Bali,Ubud,5,126,0,0,1,3,3,2026-07-28,62,street_address best_for not_for price_digits,,https://www.otherbali.com/places/blue-mountains-bali
cabana-lounge-at-alila-ubud,Cabana Lounge at Alila Ubud,Ubud,5,126,0,0,1,3,3,2026-07-28,62,street_address best_for not_for price_digits,,https://www.otherbali.com/places/cabana-lounge-at-alila-ubud
glow-restaurant-at-como-shambhala-estate,glow Restaurant at COMO Shambhala Estate,Ubud,5,126,0,0,1,3,3,2026-07-28,62,street_address best_for not_for price_digits,,https://www.otherbali.com/places/glow-restaurant-at-como-shambhala-estate
habitat-bistro,Habitat Bistro,Ubud,5,126,0,0,1,3,3,2026-08-04,55,hours street_address not_for price_digits,,https://www.otherbali.com/places/habitat-bistro
kemiri-restaurant-at-como-uma-ubud,Kemiri Restaurant at COMO Uma Ubud,Ubud,5,126,0,0,1,3,3,2026-07-28,62,hours best_for not_for price_digits,,https://www.otherbali.com/places/kemiri-restaurant-at-como-uma-ubud
kudus-house-at-como-shambhala-estate,Kudus House at COMO Shambhala Estate,Ubud,5,126,0,0,1,3,3,2026-07-28,62,hours best_for not_for price_digits,,https://www.otherbali.com/places/kudus-house-at-como-shambhala-estate
tan-ting-restaurant-at-lingga-yoga-by-the-jungle-pots,Tan-Ting Restaurant at LINGGA YOGA by The Jungle Pots,Ubud,5,126,0,0,1,3,3,2026-07-28,62,hours best_for not_for price_digits,,https://www.otherbali.com/places/tan-ting-restaurant-at-lingga-yoga-by-the-jungle-pots
ume-bali,UME BALI,Ubud,5,126,0,0,1,3,3,2026-07-28,62,website best_for not_for price_digits,,https://www.otherbali.com/places/ume-bali
wanna-jungle-pool-and-bar-at-the-kayon-jungle-resort,Wanna Jungle Pool and Bar at The Kayon Jungle Resort,Ubud,5,126,0,0,1,3,3,2026-07-28,62,hours street_address not_for price_digits,,https://www.otherbali.com/places/wanna-jungle-pool-and-bar-at-the-kayon-jungle-resort
alchemy,Alchemy,Ubud,5,125,0,0,0,7,22,2026-08-07,52,,,https://www.otherbali.com/places/alchemy
milk-and-madu-ubud,Milk & Madu Ubud,Ubud,5,125,0,0,0,7,8,2026-08-07,52,,,https://www.otherbali.com/places/milk-and-madu-ubud
sawah-terrace-at-mandapa-a-ritz-carlton-reserve,"Sawah Terrace at Mandapa, a Ritz-Carlton Reserve",Ubud,5,125,0,0,1,3,3,2026-08-07,52,hours best_for not_for price_digits,,https://www.otherbali.com/places/sawah-terrace-at-mandapa-a-ritz-carlton-reserve
whos-who,Who's Who,Ubud,5,125,0,0,0,5,5,2026-08-07,52,hours street_address website price_digits,,https://www.otherbali.com/places/whos-who
amandari-ubud,Amandari,Ubud,5,123,0,0,1,3,6,2026-08-25,34,hours street_address not_for price_digits,,https://www.otherbali.com/places/amandari-ubud
balian-springs-ubud,Balian Springs,Ubud,5,123,0,0,1,3,3,2026-08-25,34,hours street_address not_for price_digits,,https://www.otherbali.com/places/balian-springs-ubud
gadsden-massage-studio-ubud,Gadsden Massage Studio,Ubud,5,123,0,0,1,3,3,2026-08-25,34,hours street_address not_for price_digits,,https://www.otherbali.com/places/gadsden-massage-studio-ubud
hotel-spa-massage-ubud,Hotel Spa massage,Ubud,5,123,0,0,1,3,3,2026-08-25,34,hours street_address not_for price_digits,,https://www.otherbali.com/places/hotel-spa-massage-ubud
inka-ubud-spa-ubud,INKA Ubud Spa,Ubud,5,123,0,0,1,3,3,2026-08-25,34,hours street_address not_for price_digits,,https://www.otherbali.com/places/inka-ubud-spa-ubud
jhagat-spa-centre-ubud,Jhagat Spa Centre,Ubud,6,123,0,0,1,4,4,2026-08-25,34,hours not_for,,https://www.otherbali.com/places/jhagat-spa-centre-ubud
kaveri-spa-at-the-udaya-ubud,Kaveri Spa at The Udaya,Ubud,6,123,0,0,1,3,3,2026-08-25,34,hours street_address not_for price_digits,,https://www.otherbali.com/places/kaveri-spa-at-the-udaya-ubud
kush-day-spa-ubud,Kush Day Spa,Ubud,6,123,0,0,1,3,3,2026-08-25,34,hours street_address not_for price_digits,,https://www.otherbali.com/places/kush-day-spa-ubud
mountain-wellness-resort-near-ubud-ubud,Mountain Wellness Resort near Ubud,Ubud,6,123,0,0,1,3,3,2026-08-25,34,hours street_address not_for price_digits,,https://www.otherbali.com/places/mountain-wellness-resort-near-ubud-ubud
nusa-therapy-ubud,Nusa Therapy,Ubud,6,123,0,0,1,4,4,2026-08-25,34,hours not_for,,https://www.otherbali.com/places/nusa-therapy-ubud
parina-spa-ubud,Parina Spa,Ubud,6,123,0,0,1,4,4,2026-08-25,34,hours not_for,,https://www.otherbali.com/places/parina-spa-ubud
reflexology-ubud-ubud,Reflexology Ubud,Ubud,6,123,0,0,1,3,3,2026-08-25,34,hours street_address not_for price_digits,,https://www.otherbali.com/places/reflexology-ubud-ubud
riverside-spa-at-ulaman-ubud,Riverside Spa at Ulaman,Ubud,6,123,0,0,1,4,4,2026-08-25,34,hours street_address,,https://www.otherbali.com/places/riverside-spa-at-ulaman-ubud
royal-spa-wellness-ubud,Royal Spa & Wellness,Ubud,6,123,0,0,1,3,3,2026-08-25,34,hours street_address not_for price_digits,,https://www.otherbali.com/places/royal-spa-wellness-ubud
sang-spa-ubud,Sang Spa,Ubud,6,123,0,0,1,4,4,2026-08-25,34,hours not_for,,https://www.otherbali.com/places/sang-spa-ubud
terakota-spa-ubud,Terakota Spa,Ubud,6,123,0,0,1,4,4,2026-08-25,34,hours not_for,,https://www.otherbali.com/places/terakota-spa-ubud
the-samaya-ubud-bali-ubud,The Samaya Ubud-Bali,Ubud,6,123,0,0,1,4,4,2026-08-25,34,hours not_for,,https://www.otherbali.com/places/the-samaya-ubud-bali-ubud
the-spa-kamandalu-ubud,the spa@kamandalu,Ubud,6,123,0,0,1,4,4,2026-08-25,34,hours street_address,,https://www.otherbali.com/places/the-spa-kamandalu-ubud
tjampuhan-spa-ubud,Tjampuhan Spa,Ubud,6,123,0,0,1,3,3,2026-08-25,34,hours street_address not_for price_digits,,https://www.otherbali.com/places/tjampuhan-spa-ubud
ubud-home-massage-service-ubud,Ubud Home Massage Service,Ubud,6,123,0,0,1,3,3,2026-08-25,34,hours street_address not_for price_digits,,https://www.otherbali.com/places/ubud-home-massage-service-ubud
ubud-village-resort-spa-ubud,Ubud Village Resort & Spa,Ubud,6,123,0,0,1,3,3,2026-08-25,34,hours street_address not_for price_digits,,https://www.otherbali.com/places/ubud-village-resort-spa-ubud
bella-by-sage,Bella by Sage,Ubud,6,122,0,0,0,5,5,2026-07-23,67,hours street_address price_digits,,https://www.otherbali.com/places/bella-by-sage
chupacabras,Chupacabras,Ubud,6,122,0,0,1,3,3,2026-07-24,66,hours street_address price_digits,,https://www.otherbali.com/places/chupacabras
moksa,Moksa,Ubud,6,122,0,0,0,5,5,2026-07-23,67,hours street_address price_digits,,https://www.otherbali.com/places/moksa
mori-ubud,Mori Ubud,Ubud,6,122,0,0,0,5,5,2026-07-23,67,hours street_address price_digits,,https://www.otherbali.com/places/mori-ubud
wild-vegan,Wild Vegan,Ubud,6,122,0,0,0,5,5,2026-07-23,67,hours street_address price_digits,,https://www.otherbali.com/places/wild-vegan
arcadia,Arcadia,Ubud,6,121,0,0,1,3,3,2026-07-28,62,best_for not_for price_digits,,https://www.otherbali.com/places/arcadia
belantara-restaurant-at-kastara-resort-and-spa,Belantara Restaurant at Kastara Resort and Spa,Ubud,6,121,0,0,1,3,3,2026-07-28,62,best_for not_for price_digits,,https://www.otherbali.com/places/belantara-restaurant-at-kastara-resort-and-spa
birdhill-restaurant-at-amora-ubud-boutique-villas,Birdhill Restaurant at Amora Ubud Boutique Villas,Ubud,6,121,0,0,1,3,3,2026-07-28,62,best_for not_for price_digits,,https://www.otherbali.com/places/birdhill-restaurant-at-amora-ubud-boutique-villas
botanist-restaurant-ubud-at-blue-karma-dijiwa-ubud,Botanist Restaurant Ubud at Blue Karma Dijiwa Ubud,Ubud,6,121,0,0,1,3,3,2026-07-28,62,best_for not_for price_digits,,https://www.otherbali.com/places/botanist-restaurant-ubud-at-blue-karma-dijiwa-ubud
chito-caucasus-cuisine-bistro,CHITO caucasus cuisine bistro,Ubud,7,121,0,0,1,3,3,2026-07-28,62,best_for not_for price_digits,,https://www.otherbali.com/places/chito-caucasus-cuisine-bistro
clover-cafe-at-the-hava-ubud,Clover Cafe at The Hava Ubud,Ubud,7,121,0,0,1,3,3,2026-07-28,62,best_for not_for price_digits,,https://www.otherbali.com/places/clover-cafe-at-the-hava-ubud
de-daara-eateries-anandadara-ubud,De Daara Eateries (Anandadara Ubud),Ubud,7,121,0,0,0,4,7,2026-07-30,60,hours website best_for not_for price_digits,,https://www.otherbali.com/places/de-daara-eateries-anandadara-ubud
dice-at-the-craft-hotel,Dice at The Craft Hotel,Ubud,7,121,0,0,1,3,3,2026-07-28,62,hours not_for price_digits,,https://www.otherbali.com/places/dice-at-the-craft-hotel
herb-library,Herb Library Bali,Ubud,7,121,0,0,0,6,6,2026-07-28,62,price_digits,,https://www.otherbali.com/places/herb-library
kukusan-bali-restaurant-at-the-artini-dijiwa-ubud,Kukusan Bali Restaurant at The Artini Dijiwa Ubud,Ubud,7,121,0,0,1,3,3,2026-07-28,62,hours not_for price_digits,,https://www.otherbali.com/places/kukusan-bali-restaurant-at-the-artini-dijiwa-ubud
ksuna-restaurant,Ksuna Restaurant,Ubud,7,121,0,0,1,3,3,2026-07-28,62,best_for not_for price_digits,,https://www.otherbali.com/places/ksuna-restaurant
natti-s-indian-specialty-restaurant-ubud,Natti's Indian Specialty Restaurant Ubud,Ubud,7,121,0,0,1,3,3,2026-07-28,62,street_address not_for price_digits,,https://www.otherbali.com/places/natti-s-indian-specialty-restaurant-ubud
onion-collective,Onion Collective,Ubud,7,121,0,0,0,5,5,2026-07-29,61,hours street_address price_digits,,https://www.otherbali.com/places/onion-collective
sababay-winery,Sababay Winery,Ubud,7,121,0,0,1,3,3,2026-07-28,62,best_for not_for price_digits,,https://www.otherbali.com/places/sababay-winery
sans-indian-restaurant-ubud-by-wonderspace,Sans Indian Restaurant Ubud by Wonderspace,Ubud,7,121,0,0,1,3,3,2026-07-28,62,best_for not_for price_digits,,https://www.otherbali.com/places/sans-indian-restaurant-ubud-by-wonderspace
serai-restaurant-at-the-hava-ubud,Serai Restaurant at The Hava Ubud,Ubud,7,121,0,0,1,3,3,2026-07-28,62,best_for not_for price_digits,,https://www.otherbali.com/places/serai-restaurant-at-the-hava-ubud
seres-springs-resort-and-spa-singakerta-ubud,"SereS Springs Resort & Spa Singakerta, Ubud",Ubud,7,121,0,0,1,3,3,2026-07-27,63,hours not_for price_digits,,https://www.otherbali.com/places/seres-springs-resort-and-spa-singakerta-ubud
simply-social,Simply Social,Ubud,7,121,0,0,1,3,3,2026-07-28,62,best_for not_for price_digits,,https://www.otherbali.com/places/simply-social
sky-lounge-by-ely-s-kitchen-at-adiwana-unagi-suites,Sky Lounge by Ely's Kitchen at Adiwana Unagi Suites,Ubud,7,121,0,0,1,3,3,2026-07-28,62,best_for not_for price_digits,,https://www.otherbali.com/places/sky-lounge-by-ely-s-kitchen-at-adiwana-unagi-suites
takir-restaurant-and-bar-arya-arkananta-resort-and-spa,Takir Restaurant and Bar (Arya Arkananta Resort and Spa),Ubud,7,121,0,0,0,4,4,2026-07-30,60,hours website best_for not_for price_digits,,https://www.otherbali.com/places/takir-restaurant-and-bar-arya-arkananta-resort-and-spa
tembaga-restaurant,Tembaga Restaurant,Ubud,7,121,0,0,1,3,3,2026-07-28,62,best_for not_for price_digits,,https://www.otherbali.com/places/tembaga-restaurant
the-cepaka-bistro-bali,The Cepaka Bistro Bali,Ubud,7,121,0,0,1,3,3,2026-07-28,62,street_address not_for price_digits,,https://www.otherbali.com/places/the-cepaka-bistro-bali
the-cassowary-restaurant,The Cassowary Restaurant,Ubud,7,121,0,0,1,3,3,2026-07-28,62,best_for not_for price_digits,,https://www.otherbali.com/places/the-cassowary-restaurant
the-nini-restaurant-12,The Nini Restaurant | 12+,Ubud,7,121,0,0,1,3,3,2026-07-28,62,best_for not_for price_digits,,https://www.otherbali.com/places/the-nini-restaurant-12
the-sankara-suites-and-villas,The Sankara Suites & Villas,Ubud,7,121,0,0,1,3,3,2026-07-28,62,hours not_for price_digits,,https://www.otherbali.com/places/the-sankara-suites-and-villas
wajik-restaurant-by-ely-s-kitchen-unagi-wooden-villas-by-emana,Wajik Restaurant by Ely's Kitchen (Unagi Wooden Villas by Emana),Ubud,7,121,0,0,0,4,4,2026-07-30,60,hours website best_for not_for price_digits,,https://www.otherbali.com/places/wajik-restaurant-by-ely-s-kitchen-unagi-wooden-villas-by-emana
wild-ginger-restaurant-at-nandini-jungle-by-hanging-gardens,Wild Ginger Restaurant at Nandini Jungle by Hanging Gardens,Ubud,7,121,0,0,1,3,3,2026-07-27,63,hours not_for price_digits,,https://www.otherbali.com/places/wild-ginger-restaurant-at-nandini-jungle-by-hanging-gardens
bebek-bengil,Bebek Bengil,Ubud,7,120,0,0,0,5,5,2026-08-07,52,hours street_address price_digits,,https://www.otherbali.com/places/bebek-bengil
mozaic,Mozaic,Ubud,7,120,0,0,0,6,6,2026-08-07,52,hours,,https://www.otherbali.com/places/mozaic
sang-spa,Sang Spa & Yoga,Ubud,8,120,0,0,0,5,5,2026-08-07,52,hours not_for price_digits,,https://www.otherbali.com/places/sang-spa
bali-tao-center-ubud,Bali TAO Center,Ubud,8,118,0,0,1,3,3,2026-08-25,34,hours not_for price_digits,,https://www.otherbali.com/places/bali-tao-center-ubud
bali-yoga-school-ubud,Bali Yoga School,Ubud,8,118,0,0,1,3,3,2026-08-25,34,hours not_for price_digits,,https://www.otherbali.com/places/bali-yoga-school-ubud
banyan-tree-spa-macau-ubud,Banyan Tree Spa Macau,Ubud,8,118,0,0,1,3,3,2026-08-25,34,hours not_for price_digits,,https://www.otherbali.com/places/banyan-tree-spa-macau-ubud
chatraka-spa-ubud,Chatraka Spa,Ubud,8,118,0,0,1,3,3,2026-08-25,34,hours street_address price_digits,,https://www.otherbali.com/places/chatraka-spa-ubud
fresh-spa-ubud,Fresh! Spa,Ubud,8,118,0,0,1,3,3,2026-08-25,34,hours not_for price_digits,,https://www.otherbali.com/places/fresh-spa-ubud
gajah-putih-ubud,Gajah Putih,Ubud,8,118,0,0,1,4,4,2026-08-25,34,hours,,https://www.otherbali.com/places/gajah-putih-ubud
hesa-wellness-spa-ubud,Hesa Wellness Spa,Ubud,8,118,0,0,1,4,4,2026-08-25,34,hours,,https://www.otherbali.com/places/hesa-wellness-spa-ubud
kush-ayurveda-yoga-barn,KUSH Ayurvedic Rejuvenation Spa at The Yoga Barn,Ubud,8,118,0,0,1,3,3,2026-07-15,75,hours price_digits,,https://www.otherbali.com/places/kush-ayurveda-yoga-barn
lumiere-spa-bali-ubud,lumiere spa bali,Ubud,8,118,0,0,1,3,3,2026-08-25,34,hours street_address not_for,,https://www.otherbali.com/places/lumiere-spa-bali-ubud
melati-spa-ubud,Melati Spa,Ubud,8,118,0,0,1,3,3,2026-08-25,34,hours street_address not_for,,https://www.otherbali.com/places/melati-spa-ubud
putri-ubud-spa-ubud,Putri Ubud Spa,Ubud,8,118,0,0,1,3,3,2026-08-25,34,hours street_address not_for,,https://www.otherbali.com/places/putri-ubud-spa-ubud
serayu-spa-at-the-kayon-resort-ubud,Serayu Spa At The Kayon Resort,Ubud,8,118,0,0,1,3,3,2026-08-25,34,hours street_address not_for,,https://www.otherbali.com/places/serayu-spa-at-the-kayon-resort-ubud
taksu-ubud,Taksu,Ubud,8,118,0,0,1,3,3,2026-08-25,34,hours not_for price_digits,,https://www.otherbali.com/places/taksu-ubud
tegal-mesari-spa-ubud,Tegal Mesari Spa,Ubud,8,118,0,0,1,3,3,2026-08-25,34,hours street_address not_for,,https://www.otherbali.com/places/tegal-mesari-spa-ubud
the-sacred-river-spa-at-sayan-ubud,The Sacred River Spa at Sayan,Ubud,8,118,0,0,1,3,3,2026-08-25,34,hours not_for price_digits,,https://www.otherbali.com/places/the-sacred-river-spa-at-sayan-ubud
ubud-sari-spa-ubud,Ubud Sari Spa,Ubud,8,118,0,0,1,3,3,2026-08-25,34,hours street_address not_for,,https://www.otherbali.com/places/ubud-sari-spa-ubud
villa-sonia-ubud-ubud,Villa Sonia Ubud,Ubud,8,118,0,0,1,4,4,2026-08-25,34,hours,,https://www.otherbali.com/places/villa-sonia-ubud-ubud
como-uma-ubud-fitness,COMO Uma Ubud Fitness,Ubud,8,117,0,0,0,1,9,,999,hours street_address not_for price_digits,,https://www.otherbali.com/places/como-uma-ubud-fitness
four-seasons-resort-bali-at-sayan-fitness,Four Seasons Resort Bali at Sayan Fitness,Ubud,8,117,0,0,0,1,9,,999,hours street_address not_for price_digits,,https://www.otherbali.com/places/four-seasons-resort-bali-at-sayan-fitness
mandapa-fitness-centre,Mandapa Fitness Centre,Ubud,8,117,0,0,0,1,9,,999,hours street_address not_for price_digits,,https://www.otherbali.com/places/mandapa-fitness-centre
the-westin-resort-and-spa-ubud-fitness-studio,The Westin Resort & Spa Ubud Fitness Studio,Ubud,8,117,0,0,0,1,4,,999,hours street_address not_for price_digits,,https://www.otherbali.com/places/the-westin-resort-and-spa-ubud-fitness-studio
avocuts-coffee-and-eatery,Avocuts Coffee & Eatery,Ubud,8,116,0,0,1,3,3,2026-07-28,62,not_for price_digits,,https://www.otherbali.com/places/avocuts-coffee-and-eatery
cafe-lotus,Cafe Lotus,Ubud,8,116,0,0,1,3,3,2026-07-28,62,not_for price_digits,,https://www.otherbali.com/places/cafe-lotus
cherry-pepper-ubud,Cherry Pepper Ubud,Ubud,8,116,0,0,1,3,3,2026-07-28,62,not_for price_digits,,https://www.otherbali.com/places/cherry-pepper-ubud
deeva-restaurant-at-the-udaya,Deeva Restaurant at The Udaya,Ubud,9,116,0,0,1,3,3,2026-07-28,62,not_for price_digits,,https://www.otherbali.com/places/deeva-restaurant-at-the-udaya
dining-corner-restaurant,Delight Corner at Kayumanis Ubud,Ubud,9,116,0,0,1,3,3,2026-07-28,62,not_for price_digits,,https://www.otherbali.com/places/dining-corner-restaurant
donna-ubud,Donna,Ubud,9,116,0,0,0,6,7,2026-07-28,62,,,https://www.otherbali.com/places/donna-ubud
ferro-grill-restaurant-and-bar,FERRO Grill Restaurant & Bar,Ubud,9,116,0,0,1,3,3,2026-07-28,62,not_for price_digits,,https://www.otherbali.com/places/ferro-grill-restaurant-and-bar
flame-bar-and-grill-ubud,Flame Bar & Grill Ubud,Ubud,9,116,0,0,1,3,3,2026-07-28,62,not_for price_digits,,https://www.otherbali.com/places/flame-bar-and-grill-ubud
honey-and-smoke,Honey & Smoke,Ubud,9,116,0,0,1,3,3,2026-07-28,62,not_for price_digits,,https://www.otherbali.com/places/honey-and-smoke
hujan-locale,Hujan Locale,Ubud,9,116,0,0,0,6,6,2026-07-28,62,,,https://www.otherbali.com/places/hujan-locale
jingga-restaurant-at-bumi-kinar,Jingga Restaurant at Bumi Kinar,Ubud,9,116,0,0,1,3,3,2026-07-28,62,not_for price_digits,,https://www.otherbali.com/places/jingga-restaurant-at-bumi-kinar
kepitu-restaurant-by-the-kayon-valley-resort,Kepitu Restaurant by The Kayon Valley Resort,Ubud,9,116,0,0,1,3,3,2026-07-28,62,not_for price_digits,,https://www.otherbali.com/places/kepitu-restaurant-by-the-kayon-valley-resort
nasi-ayam-kedewatan-ibu-mangku,Nasi Ayam Kedewatan Ibu Mangku — Outlet Pusat Ubud,Ubud,9,116,0,0,0,4,5,2026-07-28,62,hours website not_for price_digits,,https://www.otherbali.com/places/nasi-ayam-kedewatan-ibu-mangku
norii-japanese-restaurant-ubud,Norii Japanese Restaurant — Ubud,Ubud,9,116,0,0,0,4,4,2026-08-04,55,hours street_address not_for price_digits,,https://www.otherbali.com/places/norii-japanese-restaurant-ubud
pasir-restaurant-ubud,PASIR Restaurant Ubud,Ubud,9,116,0,0,1,3,3,2026-07-28,62,not_for price_digits,,https://www.otherbali.com/places/pasir-restaurant-ubud
sacred-rice-restaurant,SACRED RICE Restaurant,Ubud,9,116,0,0,1,3,3,2026-07-28,62,not_for price_digits,,https://www.otherbali.com/places/sacred-rice-restaurant
sayan-valley,Sayan Valley,Ubud,9,116,0,0,1,3,3,2026-07-28,62,not_for price_digits,,https://www.otherbali.com/places/sayan-valley
shinraku-teppanyaki,Shinraku Teppanyaki,Ubud,9,116,0,0,1,3,3,2026-07-28,62,not_for price_digits,,https://www.otherbali.com/places/shinraku-teppanyaki
spice-by-blake,Spice by Blake,Ubud,9,116,0,0,1,3,3,2026-07-28,62,not_for price_digits,,https://www.otherbali.com/places/spice-by-blake
suka-espresso-ubud,SUKA UBUD,Ubud,9,116,0,0,0,6,6,2026-07-28,62,,,https://www.otherbali.com/places/suka-espresso-ubud
the-sayan-house-restaurant-ubud,The Sayan House Restaurant Ubud,Ubud,9,116,0,0,1,3,3,2026-07-28,62,not_for price_digits,,https://www.otherbali.com/places/the-sayan-house-restaurant-ubud
the-tempayan-at-tanah-gajah-a-resort-by-hadiprana,"The Tempayan at Tanah Gajah, a Resort by Hadiprana",Ubud,9,116,0,0,1,3,3,2026-07-28,62,not_for price_digits,,https://www.otherbali.com/places/the-tempayan-at-tanah-gajah-a-resort-by-hadiprana
three-elements-restaurant,Three Elements Restaurant,Ubud,9,116,0,0,1,3,3,2026-07-28,62,not_for price_digits,,https://www.otherbali.com/places/three-elements-restaurant
tree-bar-at-maya-ubud,Tree Bar at Maya Ubud,Ubud,9,116,0,0,1,3,3,2026-07-28,62,not_for price_digits,,https://www.otherbali.com/places/tree-bar-at-maya-ubud
waroeng-bernadette-at-ubud,Waroeng Bernadette at Ubud,Ubud,9,116,0,0,0,4,4,2026-07-28,62,website best_for not_for price_digits,,https://www.otherbali.com/places/waroeng-bernadette-at-ubud
whisper-cove-bar-ubud,Whisper Cove Bar Ubud,Ubud,9,116,0,0,1,3,3,2026-07-28,62,not_for price_digits,,https://www.otherbali.com/places/whisper-cove-bar-ubud
mamu-ubud-cafe-shisha-hookah,MAMU Ubud Cafe Shisha Hookah,Ubud,9,115,0,0,0,4,4,2026-08-07,52,hours street_address website price_digits,,https://www.otherbali.com/places/mamu-ubud-cafe-shisha-hookah
mango-tree-spa-loccitane,Mango Tree Spa by L'OCCITANE,Ubud,9,115,0,0,1,3,3,2026-08-07,52,street_address price_digits,,https://www.otherbali.com/places/mango-tree-spa-loccitane
zest-ubud,Zest Ubud,Ubud,10,115,0,0,0,6,7,2026-08-07,52,,,https://www.otherbali.com/places/zest-ubud
bali-wellness-spa-ubud,Bali Wellness Spa,Ubud,10,113,0,0,1,3,3,2026-08-25,34,hours not_for,,https://www.otherbali.com/places/bali-wellness-spa-ubud
mahamaya-spa-ubud,Mahamaya Spa,Ubud,10,113,0,0,1,3,3,2026-08-25,34,hours not_for,,https://www.otherbali.com/places/mahamaya-spa-ubud
pengosekan-spa-hotels-ubud,Pengosekan Spa Hotels,Ubud,10,113,0,0,1,3,3,2026-08-25,34,hours street_address,,https://www.otherbali.com/places/pengosekan-spa-hotels-ubud
shinto-spa-ubud,Shinto Spa,Ubud,10,113,0,0,1,3,3,2026-08-25,34,hours not_for,,https://www.otherbali.com/places/shinto-spa-ubud
bebek-tepi-sawah,Bebek Tepi Sawah,Ubud,10,112,0,0,0,4,4,2026-07-23,67,hours street_address price_digits,,https://www.otherbali.com/places/bebek-tepi-sawah
clear-cafe,Clear Café,Ubud,10,112,0,0,0,4,4,2026-07-23,67,hours street_address price_digits,,https://www.otherbali.com/places/clear-cafe
flourish,Flourish,Ubud,10,112,0,0,0,4,4,2026-07-23,67,hours street_address price_digits,,https://www.otherbali.com/places/flourish
pica-south-american-kitchen,Pica South American Kitchen,Ubud,10,112,0,0,0,4,4,2026-07-23,67,hours street_address price_digits,,https://www.otherbali.com/places/pica-south-american-kitchen
arctic-restaurant-breakfast-brunch-and-dinner,"ARCTIC Restaurant – Breakfast, Brunch & Dinner",Ubud,10,111,0,0,0,4,4,2026-07-28,62,best_for not_for price_digits,,https://www.otherbali.com/places/arctic-restaurant-breakfast-brunch-and-dinner
baas-terrace-and-wine-locked-lounge-at-metland-venya-ubud,Baas Terrace and Wine Locked Lounge at Metland Venya Ubud,Ubud,10,111,0,0,0,3,3,2026-07-28,62,hours street_address best_for not_for price_digits,,https://www.otherbali.com/places/baas-terrace-and-wine-locked-lounge-at-metland-venya-ubud
bale-udang-ubud,Bale Udang (Ubud),Ubud,10,111,0,0,0,3,3,2026-07-30,60,hours website best_for not_for price_digits,,https://www.otherbali.com/places/bale-udang-ubud
bell-aria-seres-springs-resort-and-spa-ubud,Bell'Aria (SereS Springs Resort and Spa Ubud),Ubud,10,111,0,0,0,3,3,2026-07-30,60,hours website best_for not_for price_digits,,https://www.otherbali.com/places/bell-aria-seres-springs-resort-and-spa-ubud
bulan-madu-restaurant-amora-ubud-boutique-villas,Bulan Madu Restaurant (Amora Ubud Boutique Villas),Ubud,10,111,0,0,0,3,3,2026-07-30,60,hours website best_for not_for price_digits,,https://www.otherbali.com/places/bulan-madu-restaurant-amora-ubud-boutique-villas
cinta-grill,Cinta Grill,Ubud,10,111,0,0,0,3,3,2026-07-30,60,hours website best_for not_for price_digits,,https://www.otherbali.com/places/cinta-grill
gabriel-french-bistro,Gabriel French Bistro,Ubud,10,111,0,0,0,3,3,2026-07-30,60,hours website best_for not_for price_digits,,https://www.otherbali.com/places/gabriel-french-bistro
jungle-flower-restaurant,Jungle Flower Restaurant,Ubud,10,111,0,0,0,3,3,2026-08-04,55,hours street_address website not_for price_digits,,https://www.otherbali.com/places/jungle-flower-restaurant
kemukus-restaurant-kuwarasan-a-pramana-experience,Kemukus Restaurant (Kuwarasan A Pramana Experience),Ubud,10,111,0,0,0,3,3,2026-07-30,60,hours website best_for not_for price_digits,,https://www.otherbali.com/places/kemukus-restaurant-kuwarasan-a-pramana-experience
kyoka-japanese-kitchen-ubud,Kyoka Japanese Kitchen Ubud,Ubud,10,111,0,0,0,4,4,2026-07-28,62,best_for not_for price_digits,,https://www.otherbali.com/places/kyoka-japanese-kitchen-ubud
lynked-restaurant,Lynked Restaurant,Ubud,10,111,0,0,0,3,3,2026-07-30,60,hours website best_for not_for price_digits,,https://www.otherbali.com/places/lynked-restaurant
nuah,NUAH,Ubud,10,111,0,0,0,3,3,2026-07-28,62,hours website best_for not_for price_digits,,https://www.otherbali.com/places/nuah
rempah-restaurant-menzel-ubud,Rempah Restaurant (Menzel Ubud),Ubud,10,111,0,0,0,3,3,2026-07-30,60,hours website best_for not_for price_digits,,https://www.otherbali.com/places/rempah-restaurant-menzel-ubud
sakti-dining-room-fivelements-retreat-bali,Sakti Dining Room (Fivelements Retreat Bali),Ubud,10,111,0,0,0,3,3,2026-07-30,60,hours website best_for not_for price_digits,,https://www.otherbali.com/places/sakti-dining-room-fivelements-retreat-bali
shichirin-japanese-restaurant-ubud,Shichirin Japanese Restaurant — Ubud,Ubud,10,111,0,0,0,4,4,2026-08-04,55,street_address not_for price_digits,,https://www.otherbali.com/places/shichirin-japanese-restaurant-ubud
tabia-the-westin-resort-and-spa-ubud-bali,"Tabia (The Westin Resort and Spa Ubud, Bali)",Ubud,10,111,0,0,0,3,3,2026-07-30,60,hours website best_for not_for price_digits,,https://www.otherbali.com/places/tabia-the-westin-resort-and-spa-ubud-bali
tangi-restaurant-gdas-bali-health-and-wellness-resort,Tangi Restaurant (Gdas Bali Health and Wellness Resort),Ubud,11,111,0,0,0,3,3,2026-07-30,60,hours website best_for not_for price_digits,,https://www.otherbali.com/places/tangi-restaurant-gdas-bali-health-and-wellness-resort
the-grill-at-luxe,The Grill at LUXE,Ubud,11,111,0,0,0,3,3,2026-07-30,60,hours website best_for not_for price_digits,,https://www.otherbali.com/places/the-grill-at-luxe
the-lair,The Lair,Ubud,11,111,0,0,0,3,3,2026-07-30,60,hours website best_for not_for price_digits,,https://www.otherbali.com/places/the-lair
vrindavan-100-pure-indian-vegetarian-and-vegan-restaurant-at-ubud,Vrindavan 100% Pure Indian Vegetarian & Vegan Restaurant at Ubud,Ubud,11,111,0,0,0,4,4,2026-07-28,62,best_for not_for price_digits,,https://www.otherbali.com/places/vrindavan-100-pure-indian-vegetarian-and-vegan-restaurant-at-ubud
chupacabras-south-american-prime-meats,CHUPACABRAS - South American | Prime Meats,Ubud,11,110,0,0,1,3,3,2026-08-11,48,street_address,,https://www.otherbali.com/places/chupacabras-south-american-prime-meats
kojin-teppanyaki-restaurant-ubud-by-wonderspace,Kojin Teppanyaki Restaurant Ubud by Wonderspace,Ubud,11,110,0,0,0,4,4,2026-08-07,52,street_address not_for price_digits,,https://www.otherbali.com/places/kojin-teppanyaki-restaurant-ubud-by-wonderspace
locavore-nxt,Locavore NXT,Ubud,11,110,0,0,0,5,5,2026-08-07,52,hours,,https://www.otherbali.com/places/locavore-nxt
alam-shanti-wellness-ubud,Alam Shanti Wellness,Ubud,11,108,0,0,0,4,95,2026-08-25,34,hours street_address not_for,,https://www.otherbali.com/places/alam-shanti-wellness-ubud
green-tara-spa-ubud,Green Tara Spa,Ubud,11,108,0,0,0,4,4,2026-08-25,34,hours street_address not_for,,https://www.otherbali.com/places/green-tara-spa-ubud
ary-s-book-cafe,Ary's Book Cafe,Ubud,11,106,0,0,0,3,3,2026-07-28,62,website best_for not_for price_digits,,https://www.otherbali.com/places/ary-s-book-cafe
bali-botanica-spa,Bali Botanica by Oneworld Ayurveda,Ubud,11,106,0,0,0,4,4,2026-07-29,61,not_for price_digits,,https://www.otherbali.com/places/bali-botanica-spa
bamboo-shoot-restaurant-at-emana-bambooscape,Bamboo Shoot Restaurant at Emana Bambooscape,Ubud,11,106,0,0,0,3,3,2026-07-28,62,hours best_for not_for price_digits,,https://www.otherbali.com/places/bamboo-shoot-restaurant-at-emana-bambooscape
bee-cafe-ubud-at-beehouse-dijiwa-ubud,Bee Cafe Ubud at Beehouse Dijiwa Ubud,Ubud,11,106,0,0,0,3,3,2026-07-28,62,hours best_for not_for price_digits,,https://www.otherbali.com/places/bee-cafe-ubud-at-beehouse-dijiwa-ubud
begawan-biji-restaurant-ubud-organic-farm-to-table,Begawan Biji Restaurant Ubud (Organic Farm-To-Table),Ubud,11,106,0,0,0,3,3,2026-07-28,62,street_address best_for not_for price_digits,,https://www.otherbali.com/places/begawan-biji-restaurant-ubud-organic-farm-to-table
bisma-valley-at-adiwana-bisma,Bisma Valley at Adiwana Bisma,Ubud,11,106,0,0,0,3,3,2026-07-28,62,hours best_for not_for price_digits,,https://www.otherbali.com/places/bisma-valley-at-adiwana-bisma
brie-restaurant-and-cheesery,Brie Restaurant & Cheesery,Ubud,11,106,0,0,0,3,3,2026-08-04,55,hours street_address not_for price_digits,,https://www.otherbali.com/places/brie-restaurant-and-cheesery
cantina-classe-ubud,Cantina Classe — Ubud,Ubud,11,106,0,0,0,3,3,2026-08-04,55,hours street_address not_for price_digits,,https://www.otherbali.com/places/cantina-classe-ubud
citrus-restaurant-ubud,Citrus Restaurant Ubud,Ubud,11,106,0,0,0,3,3,2026-07-28,62,street_address best_for not_for price_digits,,https://www.otherbali.com/places/citrus-restaurant-ubud
collina-kawi-restaurant-at-kawi-resort,Collina Kawi Restaurant at Kawi Resort,Ubud,11,106,0,0,0,3,3,2026-07-28,62,street_address best_for not_for price_digits,,https://www.otherbali.com/places/collina-kawi-restaurant-at-kawi-resort
figo-italian-restaurant-ubud,FIGO Italian Restaurant Ubud,Ubud,11,106,0,0,0,3,3,2026-07-28,62,website best_for not_for price_digits,,https://www.otherbali.com/places/figo-italian-restaurant-ubud
genio-by-twist,GENIO by twist,Ubud,11,106,0,0,0,3,3,2026-07-28,62,website best_for not_for price_digits,,https://www.otherbali.com/places/genio-by-twist
heart-space-bali,Heart Space Bali,Ubud,11,106,0,0,0,4,4,2026-07-29,61,hours price_digits,,https://www.otherbali.com/places/heart-space-bali
hura-restaurant-at-the-pala-ubud-villas,Hura Restaurant at The Pala Ubud Villas,Ubud,11,106,0,0,0,3,3,2026-07-28,62,hours best_for not_for price_digits,,https://www.otherbali.com/places/hura-restaurant-at-the-pala-ubud-villas
jack-fruit-restaurant-at-pramana-giri-kusuma,Jack Fruit Restaurant at Pramana Giri Kusuma,Ubud,11,106,0,0,0,3,3,2026-07-28,62,street_address best_for not_for price_digits,,https://www.otherbali.com/places/jack-fruit-restaurant-at-pramana-giri-kusuma
karsa-spa,Karsa Spa,Ubud,11,106,0,0,0,4,4,2026-08-04,55,street_address price_digits,,https://www.otherbali.com/places/karsa-spa
livingstone-holyground,Livingstone Holyground,Ubud,12,106,0,0,0,3,3,2026-07-28,62,website best_for not_for price_digits,,https://www.otherbali.com/places/livingstone-holyground
malam-asian-grill,Malam Asian Grill,Ubud,12,106,0,0,0,3,3,2026-07-28,62,website best_for not_for price_digits,,https://www.otherbali.com/places/malam-asian-grill
meat-eat,Meat eat!,Ubud,12,106,0,0,0,3,3,2026-07-28,62,website best_for not_for price_digits,,https://www.otherbali.com/places/meat-eat
natys-bar-and-grill-ubud,Natys Bar & Grill Ubud,Ubud,12,106,0,0,0,3,3,2026-07-28,62,street_address best_for not_for price_digits,,https://www.otherbali.com/places/natys-bar-and-grill-ubud
palapa-restaurant-at-luwak-estate,Palapa Restaurant at Luwak Estate,Ubud,12,106,0,0,0,3,3,2026-07-28,62,website best_for not_for price_digits,,https://www.otherbali.com/places/palapa-restaurant-at-luwak-estate
rize-ubud,rize ubud,Ubud,12,106,0,0,0,3,3,2026-07-28,62,website best_for not_for price_digits,,https://www.otherbali.com/places/rize-ubud
soulshine-bali,Soulshine Bali,Ubud,12,106,0,0,0,3,3,2026-07-28,62,hours best_for not_for price_digits,,https://www.otherbali.com/places/soulshine-bali
sungai-restaurant-at-sthala-a-tribute-portfolio-hotel,"Sungai Restaurant at Sthala, a Tribute Portfolio Hotel",Ubud,12,106,0,0,0,3,3,2026-07-28,62,hours best_for not_for price_digits,,https://www.otherbali.com/places/sungai-restaurant-at-sthala-a-tribute-portfolio-hotel
t-dung-restaurant-pool-and-bar-at-kenran-resort-ubud,T'dung Restaurant Pool and Bar at Kenran Resort Ubud,Ubud,12,106,0,0,0,3,3,2026-07-28,62,street_address best_for not_for price_digits,,https://www.otherbali.com/places/t-dung-restaurant-pool-and-bar-at-kenran-resort-ubud
taksu-spa-ubud,Taksu Spa,Ubud,12,106,0,0,0,3,4,2026-07-28,62,hours street_address not_for price_digits,,https://www.otherbali.com/places/taksu-spa-ubud
tall-trees-at-the-westin-resort-and-spa-ubud-bali,"Tall Trees at The Westin Resort and Spa Ubud, Bali",Ubud,12,106,0,0,0,3,3,2026-07-28,62,hours best_for not_for price_digits,,https://www.otherbali.com/places/tall-trees-at-the-westin-resort-and-spa-ubud-bali
tuju-ubud-social-club,TUJU UBUD SOCIAL CLUB,Ubud,12,106,0,0,0,3,3,2026-07-28,62,website best_for not_for price_digits,,https://www.otherbali.com/places/tuju-ubud-social-club
twist-ubud,Twist Ubud,Ubud,12,106,0,0,0,3,3,2026-07-28,62,website best_for not_for price_digits,,https://www.otherbali.com/places/twist-ubud
yonne-cafe-and-bar-at-sens-hotel-and-spa,Yonne Cafe and Bar at SenS Hotel and Spa,Ubud,12,106,0,0,0,3,3,2026-07-28,62,hours best_for not_for price_digits,,https://www.otherbali.com/places/yonne-cafe-and-bar-at-sens-hotel-and-spa
ankhusa-restaurant-ubud-by-wonderspace,Ankhusa Restaurant Ubud by Wonderspace,Ubud,12,105,0,0,0,3,3,2026-08-07,52,hours street_address not_for price_digits,,https://www.otherbali.com/places/ankhusa-restaurant-ubud-by-wonderspace
casa-de-lokha-mexican-grill-and-fusion-the-lokha-ubud,Casa de Lokha Mexican Grill and Fusion (The Lokha Ubud),Ubud,12,105,0,0,0,4,4,2026-08-11,48,hours website,,https://www.otherbali.com/places/casa-de-lokha-mexican-grill-and-fusion-the-lokha-ubud
maya-ubud-spa-ubud,Maya Ubud Spa & Wellness,Ubud,12,105,0,0,0,3,4,2026-08-07,52,hours street_address not_for price_digits,,https://www.otherbali.com/places/maya-ubud-spa-ubud
putri-bali-spa,Putri Bali Spa,Ubud,12,105,0,0,0,4,4,2026-08-07,52,not_for price_digits,,https://www.otherbali.com/places/putri-bali-spa
spring-spa-ubud,Spring Spa Ubud,Ubud,12,105,0,0,0,3,4,2026-08-07,52,hours street_address not_for price_digits,,https://www.otherbali.com/places/spring-spa-ubud
ubud-sari-health-resort,Ubud Sari Health Resort,Ubud,12,105,0,0,0,3,4,2026-08-07,52,hours street_address not_for price_digits,,https://www.otherbali.com/places/ubud-sari-health-resort
ubud-traditional-spa,Ubud Traditional Spa,Ubud,12,105,0,0,0,4,5,2026-08-07,52,street_address price_digits,,https://www.otherbali.com/places/ubud-traditional-spa
anantara-ubud-bali-resort-ubud,Anantara Ubud Bali Resort,Ubud,12,103,0,0,0,4,4,2026-08-25,34,hours street_address,,https://www.otherbali.com/places/anantara-ubud-bali-resort-ubud
kafe-ubud,Kafe,Ubud,12,103,0,0,0,3,3,2026-08-25,34,hours street_address not_for price_digits,,https://www.otherbali.com/places/kafe-ubud
nikmatul-choiroh-semassage-vaccinated-ubud,Nikmatul choiroh SeMassage (Vaccinated),Ubud,12,103,0,0,0,3,3,2026-08-25,34,hours street_address not_for price_digits,,https://www.otherbali.com/places/nikmatul-choiroh-semassage-vaccinated-ubud
parina-spa-ubud-ubud,Parina Spa Ubud,Ubud,12,103,0,0,0,3,3,2026-08-25,34,hours street_address not_for price_digits,,https://www.otherbali.com/places/parina-spa-ubud-ubud
sanggraloka-ubud-ubud,Sanggraloka Ubud,Ubud,13,103,0,0,0,3,3,2026-08-25,34,hours street_address not_for price_digits,,https://www.otherbali.com/places/sanggraloka-ubud-ubud
the-kasih-spa-ubud,The Kasih Spa,Ubud,13,103,0,0,0,4,4,2026-08-25,34,hours not_for,,https://www.otherbali.com/places/the-kasih-spa-ubud
this-is-bali-ubud,This Is Bali,Ubud,13,103,0,0,0,3,3,2026-08-25,34,hours street_address not_for price_digits,,https://www.otherbali.com/places/this-is-bali-ubud
vita-healing-massage-spa-ubud,Vita Healing Massage Spa,Ubud,13,103,0,0,0,3,3,2026-08-25,34,hours street_address not_for price_digits,,https://www.otherbali.com/places/vita-healing-massage-spa-ubud
amateras-restaurant-at-jannata-resort-and-spa,Amateras Restaurant at Jannata Resort & Spa,Ubud,13,101,0,0,0,3,238,2026-07-28,62,best_for not_for price_digits,,https://www.otherbali.com/places/amateras-restaurant-at-jannata-resort-and-spa
ambar-ubud-bar-at-mandapa-a-ritz-carlton-reserve,"Ambar Ubud Bar at Mandapa, a Ritz-Carlton Reserve",Ubud,13,101,0,0,0,3,6,2026-07-28,62,best_for not_for price_digits,,https://www.otherbali.com/places/ambar-ubud-bar-at-mandapa-a-ritz-carlton-reserve
aperitif-restaurant,Apéritif Restaurant,Ubud,13,101,0,0,0,3,3,2026-07-28,62,hours not_for price_digits,,https://www.otherbali.com/places/aperitif-restaurant
basilico-ubud-restaurant,Basilico Ubud Restaurant,Ubud,13,101,0,0,0,3,3,2026-07-28,62,best_for not_for price_digits,,https://www.otherbali.com/places/basilico-ubud-restaurant
black-garlic-ubud,Black Garlic Ubud,Ubud,13,101,0,0,0,3,3,2026-08-04,55,best_for not_for price_digits,,https://www.otherbali.com/places/black-garlic-ubud
bukit-cinta-restaurant-and-bar-at-the-lokha-ubud,Bukit Cinta Restaurant and Bar at The Lokha Ubud,Ubud,13,101,0,0,0,3,3,2026-07-28,62,best_for not_for price_digits,,https://www.otherbali.com/places/bukit-cinta-restaurant-and-bar-at-the-lokha-ubud
chora-mediterranean-restaurant-and-bar,CHORA Mediterranean Restaurant & Bar,Ubud,13,101,0,0,0,3,3,2026-07-28,62,best_for not_for price_digits,,https://www.otherbali.com/places/chora-mediterranean-restaurant-and-bar
coco-nails-ubud,Coco Nails Ubud,Ubud,13,101,0,0,0,2,8,2026-07-29,61,hours street_address website not_for price_digits,,https://www.otherbali.com/places/coco-nails-ubud
como-shambhala-at-como-uma-ubud-yoga-ubud,COMO Shambhala at COMO Uma Ubud Yoga,Ubud,13,101,0,0,1,1,11,2026-07-29,61,street_address not_for price_digits,,https://www.otherbali.com/places/como-shambhala-at-como-uma-ubud-yoga-ubud
cretya-sunset-by-alas-harum,Cretya Sunset,Ubud,13,101,0,0,0,3,3,2026-07-28,62,best_for not_for price_digits,,https://www.otherbali.com/places/cretya-sunset-by-alas-harum
di-sini-di-sana-by-rachman-and-sons,Di Sini Di Sana by Rachman & Sons,Ubud,13,101,0,0,0,3,3,2026-07-28,62,best_for not_for price_digits,,https://www.otherbali.com/places/di-sini-di-sana-by-rachman-and-sons
divya-bar-ubud,Divya Bar Ubud,Ubud,13,101,0,0,0,3,3,2026-07-28,62,best_for not_for price_digits,,https://www.otherbali.com/places/divya-bar-ubud
enclave-ubud-at-plataran-ubud,Enclave Ubud at Plataran Ubud,Ubud,13,101,0,0,0,3,3,2026-08-04,55,best_for not_for price_digits,,https://www.otherbali.com/places/enclave-ubud-at-plataran-ubud
french-kiss-restaurant,French Kiss Restaurant,Ubud,13,101,0,0,0,3,3,2026-08-04,55,best_for not_for price_digits,,https://www.otherbali.com/places/french-kiss-restaurant
friends-cafe-and-bistro,Friends Cafe & Bistro,Ubud,13,101,0,0,0,3,3,2026-07-28,62,best_for not_for price_digits,,https://www.otherbali.com/places/friends-cafe-and-bistro
ganesha-ek-sanskriti-at-ubud,Ganesha Ek Sanskriti at Ubud,Ubud,13,101,0,0,0,3,3,2026-07-28,62,best_for not_for price_digits,,https://www.otherbali.com/places/ganesha-ek-sanskriti-at-ubud
gauri-by-ely-s-kitchen-at-adiwana-unagi-riverfront,Gauri by Ely's Kitchen at Adiwana Unagi Riverfront,Ubud,13,101,0,0,0,3,3,2026-07-28,62,best_for not_for price_digits,,https://www.otherbali.com/places/gauri-by-ely-s-kitchen-at-adiwana-unagi-riverfront
hotapa-kitchen,Hotapa Kitchen,Ubud,13,101,0,0,0,3,3,2026-07-28,62,best_for not_for price_digits,,https://www.otherbali.com/places/hotapa-kitchen
ibu-susu-bar-and-kitchen,IBU SUSU Bar & Kitchen,Ubud,13,101,0,0,0,3,3,2026-07-28,62,best_for not_for price_digits,,https://www.otherbali.com/places/ibu-susu-bar-and-kitchen
injoy,INJOY,Ubud,13,101,0,0,0,3,3,2026-07-28,62,best_for not_for price_digits,,https://www.otherbali.com/places/injoy
janger-restaurant-at-puri-wulandari-a-boutique-resort-and-spa,"Janger Restaurant at Puri Wulandari, A Boutique Resort and Spa",Ubud,13,101,0,0,0,3,3,2026-07-28,62,best_for not_for price_digits,,https://www.otherbali.com/places/janger-restaurant-at-puri-wulandari-a-boutique-resort-and-spa
juggan-sky,Juggan Sky,Ubud,14,101,0,0,0,3,3,2026-08-04,55,best_for not_for price_digits,,https://www.otherbali.com/places/juggan-sky
kaukau-restaurant-at-arkamara-dijiwa-ubud,Kaukau Restaurant at Arkamara Dijiwa Ubud,Ubud,14,101,0,0,0,3,3,2026-07-28,62,best_for not_for price_digits,,https://www.otherbali.com/places/kaukau-restaurant-at-arkamara-dijiwa-ubud
kemangi-ubud-resto-at-adiwana-svarga-loka,Kemangi Ubud Resto at Adiwana Svarga Loka,Ubud,14,101,0,0,0,3,3,2026-08-04,55,best_for not_for price_digits,,https://www.otherbali.com/places/kemangi-ubud-resto-at-adiwana-svarga-loka
kubu-at-mandapa,Kubu at Mandapa,Ubud,14,101,0,0,0,3,3,2026-07-28,62,best_for not_for price_digits,,https://www.otherbali.com/places/kubu-at-mandapa
kunang-kunang-restaurant-at-the-sun-of-granary-resort-and-villas,Kunang-Kunang Restaurant at The Sun of Granary Resort and Villas,Ubud,14,101,0,0,0,3,3,2026-08-04,55,best_for not_for price_digits,,https://www.otherbali.com/places/kunang-kunang-restaurant-at-the-sun-of-granary-resort-and-villas
la-portal-to-shamballah,La Portal to Shamballah,Ubud,14,101,0,0,0,3,3,2026-08-04,55,hours street_address price_digits,,https://www.otherbali.com/places/la-portal-to-shamballah
lumbung-restaurant-at-visesa-ubud-resort,Lumbung Restaurant at Visesa Ubud Resort,Ubud,14,101,0,0,0,3,3,2026-07-28,62,best_for not_for price_digits,,https://www.otherbali.com/places/lumbung-restaurant-at-visesa-ubud-resort
madhubann-pure-veg-indian-restaurant,Madhubann : Pure Veg Indian Restaurant,Ubud,14,101,0,0,0,3,3,2026-07-28,62,best_for not_for price_digits,,https://www.otherbali.com/places/madhubann-pure-veg-indian-restaurant
mamu-garden-cafe-and-lounge,MAMU garden cafe & lounge,Ubud,14,101,0,0,0,3,3,2026-07-28,62,best_for not_for price_digits,,https://www.otherbali.com/places/mamu-garden-cafe-and-lounge
melali-ubud,Melali Ubud,Ubud,14,101,0,0,0,3,3,2026-07-28,62,best_for not_for price_digits,,https://www.otherbali.com/places/melali-ubud
nautilus,Nautilus,Ubud,14,101,0,0,0,3,3,2026-07-28,62,best_for not_for price_digits,,https://www.otherbali.com/places/nautilus
ngajeng-restaurant,Ngajeng Restaurant,Ubud,14,101,0,0,0,3,3,2026-08-04,55,best_for not_for price_digits,,https://www.otherbali.com/places/ngajeng-restaurant
noema-greek-restaurant-and-bar,Noema Greek Restaurant & Bar,Ubud,14,101,0,0,0,3,3,2026-07-28,62,best_for not_for price_digits,,https://www.otherbali.com/places/noema-greek-restaurant-and-bar
pistachio-restaurant-at-adiwana-bisma,Pistachio Restaurant at Adiwana Bisma,Ubud,14,101,0,0,0,3,3,2026-07-28,62,best_for not_for price_digits,,https://www.otherbali.com/places/pistachio-restaurant-at-adiwana-bisma
queen-s-of-india-at-ubud,Queen's of India at Ubud,Ubud,14,101,0,0,0,3,3,2026-07-28,62,best_for not_for price_digits,,https://www.otherbali.com/places/queen-s-of-india-at-ubud
sante-wine-and-dine-at-rusters,Sante Wine and Dine at RÜSTERS,Ubud,14,101,0,0,0,3,3,2026-07-28,62,best_for not_for price_digits,,https://www.otherbali.com/places/sante-wine-and-dine-at-rusters
senja-bar-and-resto-at-goya-boutique-resort,Senja Bar and Resto at Goya Boutique Resort,Ubud,14,101,0,0,0,3,3,2026-07-28,62,best_for not_for price_digits,,https://www.otherbali.com/places/senja-bar-and-resto-at-goya-boutique-resort
shrida,Shrida,Ubud,14,101,0,0,0,3,3,2026-08-04,55,best_for not_for price_digits,,https://www.otherbali.com/places/shrida
sumampan-restaurant-at-thewakanda-ubud,Sumampan Restaurant at thewakanda Ubud,Ubud,14,101,0,0,0,3,3,2026-07-28,62,best_for not_for price_digits,,https://www.otherbali.com/places/sumampan-restaurant-at-thewakanda-ubud
swiss-chalet-and-grill,Swiss Chalet and Grill,Ubud,14,101,0,0,0,3,3,2026-07-28,62,best_for not_for price_digits,,https://www.otherbali.com/places/swiss-chalet-and-grill
tablespoon-ubud-at-adiwana-suweta,Tablespoon Ubud at Adiwana Suweta,Ubud,14,101,0,0,0,3,3,2026-08-04,55,best_for not_for price_digits,,https://www.otherbali.com/places/tablespoon-ubud-at-adiwana-suweta
tanarasa-restaurant-at-tanadewa-resort-ubud-bali-by-cross-collection,Tanarasa Restaurant at Tanadewa Resort Ubud Bali by Cross Collection,Ubud,14,101,0,0,0,3,3,2026-07-28,62,best_for not_for price_digits,,https://www.otherbali.com/places/tanarasa-restaurant-at-tanadewa-resort-ubud-bali-by-cross-collection
tekila-mexican-restaurant-ubud,TeKila Mexican Restaurant Ubud,Ubud,14,101,0,0,0,3,3,2026-07-28,62,best_for not_for price_digits,,https://www.otherbali.com/places/tekila-mexican-restaurant-ubud
terracotta-restaurant-at-mathis-retreat-ubud,Terracotta Restaurant at MATHIS Retreat Ubud,Ubud,14,101,0,0,0,3,3,2026-07-28,62,best_for not_for price_digits,,https://www.otherbali.com/places/terracotta-restaurant-at-mathis-retreat-ubud
the-blue-door-bar-restaurant-and-club,"The Blue Door Bar, Restaurant & Club",Ubud,14,101,0,0,0,3,3,2026-07-28,62,best_for not_for price_digits,,https://www.otherbali.com/places/the-blue-door-bar-restaurant-and-club
the-kelusa-at-samsara-ubud,The Kelusa at Samsara Ubud,Ubud,15,101,0,0,0,3,3,2026-07-28,62,best_for not_for price_digits,,https://www.otherbali.com/places/the-kelusa-at-samsara-ubud
the-orchid-duck-restaurant,The Orchid Duck Restaurant,Ubud,15,101,0,0,0,3,3,2026-07-28,62,best_for not_for price_digits,,https://www.otherbali.com/places/the-orchid-duck-restaurant
the-swept-away-restaurant-ubud-by-the-samaya-ubud,The Swept Away Restaurant Ubud by The Samaya Ubud,Ubud,15,101,0,0,0,3,3,2026-07-28,62,best_for not_for price_digits,,https://www.otherbali.com/places/the-swept-away-restaurant-ubud-by-the-samaya-ubud
the-upper-deck-ubud,The Upper Deck Ubud,Ubud,15,101,0,0,0,3,3,2026-07-28,62,best_for not_for price_digits,,https://www.otherbali.com/places/the-upper-deck-ubud
three-monkeys-bali-at-ubud,Three Monkeys Bali at Ubud,Ubud,15,101,0,0,0,3,3,2026-07-28,62,best_for not_for price_digits,,https://www.otherbali.com/places/three-monkeys-bali-at-ubud
tis-cafe-ubud,Tis Cafe,Ubud,15,101,0,0,0,3,3,2026-08-04,55,best_for not_for price_digits,,https://www.otherbali.com/places/tis-cafe-ubud
uname-ubud-by-pramana,UNAME Ubud by Pramana,Ubud,15,101,0,0,0,3,3,2026-08-04,55,best_for not_for price_digits,,https://www.otherbali.com/places/uname-ubud-by-pramana
vanara-restaurant-at-sanna-ubud,Vanara Restaurant at Sanna Ubud,Ubud,15,101,0,0,0,3,3,2026-07-28,62,best_for not_for price_digits,,https://www.otherbali.com/places/vanara-restaurant-at-sanna-ubud
alchemy-yoga-meditation-center,Alchemy Yoga & Meditation Center,Ubud,15,100,0,0,0,4,95,2026-08-07,52,hours,,https://www.otherbali.com/places/alchemy-yoga-meditation-center
d-made-restaurant-the-kalyana-ubud-resort,D'Made Restaurant (The Kalyana Ubud Resort),Ubud,15,100,0,0,0,3,3,2026-08-11,48,hours website price_digits,,https://www.otherbali.com/places/d-made-restaurant-the-kalyana-ubud-resort
hakkoku-bali-sushi-omakase-restaurant,Hakkoku Bali - Sushi Omakase Restaurant,Ubud,15,100,0,0,0,4,4,2026-08-11,48,website,,https://www.otherbali.com/places/hakkoku-bali-sushi-omakase-restaurant
seven-paintings-ubud-restaurant,Seven Paintings Ubud Restaurant,Ubud,15,100,0,0,0,3,3,2026-08-07,52,hours street_address price_digits,,https://www.otherbali.com/places/seven-paintings-ubud-restaurant
the-jungle-club-ubud-by-wonderspace,The Jungle Club Ubud by Wonderspace,Ubud,15,100,0,0,0,3,3,2026-08-07,52,hours street_address price_digits,,https://www.otherbali.com/places/the-jungle-club-ubud-by-wonderspace
watercress-ubud,Watercress Ubud,Ubud,15,100,0,0,0,4,5,2026-08-07,52,hours,,https://www.otherbali.com/places/watercress-ubud
bali-botanica-ubud-ubud,Bali Botanica Ubud,Ubud,15,98,0,0,0,3,3,2026-08-25,34,hours street_address not_for,,https://www.otherbali.com/places/bali-botanica-ubud-ubud
pinstripe-bar-ubud,Pinstripe Bar,Ubud,15,98,0,0,1,1,1,2026-08-25,34,hours not_for price_digits,,https://www.otherbali.com/places/pinstripe-bar-ubud
the-faces-world-ubud,The Faces World,Ubud,15,98,0,0,0,3,3,2026-08-25,34,hours street_address not_for,,https://www.otherbali.com/places/the-faces-world-ubud
the-sanctoo-spa-wellness-ubud,The Sanctoo Spa & Wellness,Ubud,15,98,0,0,0,3,3,2026-08-25,34,hours not_for price_digits,,https://www.otherbali.com/places/the-sanctoo-spa-wellness-ubud
tlaga-spa-ubud,tlaga spa,Ubud,15,98,0,0,0,3,3,2026-08-25,34,hours street_address not_for,,https://www.otherbali.com/places/tlaga-spa-ubud
chaskaa-ubud,Chaskaa Modern Indian Cuisine and Bar at Ubud,Ubud,15,96,0,0,0,3,3,2026-07-28,62,not_for price_digits,,https://www.otherbali.com/places/chaskaa-ubud
fermeto-ubud-restaurant,Fermeto Ubud Restaurant,Ubud,15,96,0,0,0,3,3,2026-07-28,62,not_for price_digits,,https://www.otherbali.com/places/fermeto-ubud-restaurant
kepitu-restaurant-by-the-kayon-resort,Kepitu Restaurant by The Kayon Resort,Ubud,15,96,0,0,0,3,3,2026-07-28,62,not_for price_digits,,https://www.otherbali.com/places/kepitu-restaurant-by-the-kayon-resort
maya-ubud-yoga-ubud,Maya Ubud Yoga,Ubud,15,96,0,0,0,2,5,2026-07-29,61,hours street_address not_for price_digits,,https://www.otherbali.com/places/maya-ubud-yoga-ubud
the-chowk-ubud,The Chowk - Indian Gourmet House. (Museum Puri Lukisan Ubud),Ubud,15,96,0,0,0,3,3,2026-07-28,62,not_for price_digits,,https://www.otherbali.com/places/the-chowk-ubud
alchemy-yoga-and-meditation-center-ubud,Alchemy Yoga and Meditation Center,Ubud,15,95,0,0,0,2,12,2026-08-07,52,hours street_address not_for price_digits,,https://www.otherbali.com/places/alchemy-yoga-and-meditation-center-ubud
imbu-restaurant-the-kemilau-ubud,IMBU Restaurant (The Kemilau Ubud),Ubud,16,95,0,0,0,3,3,2026-08-11,48,hours website,,https://www.otherbali.com/places/imbu-restaurant-the-kemilau-ubud
laddu-restaurant-the-sankara-suites-and-villas,Laddu Restaurant (The Sankara Suites and Villas),Ubud,16,95,0,0,0,3,3,2026-08-11,48,hours website,,https://www.otherbali.com/places/laddu-restaurant-the-sankara-suites-and-villas
pyramids-of-chi,Pyramids of Chi,Ubud,16,95,0,0,0,3,3,2026-08-07,52,hours price_digits,,https://www.otherbali.com/places/pyramids-of-chi
the-shala-bali,The Shala Bali,Ubud,16,95,0,0,0,3,3,2026-08-07,52,hours price_digits,,https://www.otherbali.com/places/the-shala-bali
the-yoga-barn,The Yoga Barn,Ubud,16,95,0,0,1,1,1,2026-08-07,52,hours price_digits,,https://www.otherbali.com/places/the-yoga-barn
ubud-gym,Ubud Gym,Ubud,16,95,0,0,0,2,3,2026-08-07,52,street_address website not_for price_digits,,https://www.otherbali.com/places/ubud-gym
bali-barber-ubud,Bali Barber Ubud,Ubud,16,93,0,0,0,1,6,2026-07-13,77,hours street_address website not_for price_digits,,https://www.otherbali.com/places/bali-barber-ubud
kayumanis-spa-ubud-ubud,Kayumanis Spa Ubud,Ubud,16,93,0,0,0,3,3,2026-08-25,34,hours street_address,,https://www.otherbali.com/places/kayumanis-spa-ubud-ubud
ubud-bodyworks-centre-ubud,Ubud Bodyworks Centre,Ubud,16,93,0,0,0,3,3,2026-08-25,34,hours price_digits,,https://www.otherbali.com/places/ubud-bodyworks-centre-ubud
ubud-beauty-salon,Ubud Beauty Salon,Ubud,16,93,0,0,0,1,2,2026-07-13,77,hours street_address website not_for price_digits,,https://www.otherbali.com/places/ubud-beauty-salon
maya-ubud-fitness-centre-ubud,Maya Ubud Fitness Centre,Ubud,16,86,0,0,0,1,2,2026-07-29,61,hours street_address not_for price_digits,,https://www.otherbali.com/places/maya-ubud-fitness-centre-ubud
ubud-pilates,Ubud Pilates,Ubud,16,86,0,0,0,1,2,2026-07-28,62,hours street_address not_for price_digits,,https://www.otherbali.com/places/ubud-pilates
zuna-yoga-ubud,Zuna Yoga,Ubud,16,86,0,0,0,1,2,2026-07-28,62,hours street_address not_for price_digits,,https://www.otherbali.com/places/zuna-yoga-ubud
big-dragon-villas-ubud,Big Dragon Villas Ubud,Ubud,16,85,0,0,0,1,1,2026-08-07,52,hours street_address not_for price_digits,,https://www.otherbali.com/places/big-dragon-villas-ubud
nari-fire-influenced-bistro,NARI - Fire Influenced Bistro,Ubud,16,85,0,0,0,3,3,2026-08-11,48,,,https://www.otherbali.com/places/nari-fire-influenced-bistro
noonik-bistro,NOONIK Bistro,Ubud,16,85,0,0,0,3,3,2026-08-11,48,,,https://www.otherbali.com/places/noonik-bistro
ubud-fitness-center,Ubud Fitness Center,Ubud,16,85,0,0,0,1,2,2026-08-07,52,hours street_address not_for price_digits,,https://www.otherbali.com/places/ubud-fitness-center
dala-spa-beauty-at-alaya-ubud-ubud,DaLa Spa Beauty at Alaya Ubud,Ubud,16,81,0,0,0,1,7,2026-07-28,62,street_address not_for price_digits,,https://www.otherbali.com/places/dala-spa-beauty-at-alaya-ubud-ubud
radiantly-alive,Radiantly Alive,Ubud,16,81,0,0,0,1,1,2026-07-29,61,hours not_for price_digits,,https://www.otherbali.com/places/radiantly-alive
taksu-spa-beauty-ubud,Taksu Spa Beauty,Ubud,16,81,0,0,0,1,2,2026-07-28,62,street_address not_for price_digits,,https://www.otherbali.com/places/taksu-spa-beauty-ubud
titi-batu-ubud-club-ubud,Titi Batu Ubud Club,Ubud,16,81,0,0,0,1,2,2026-07-28,62,street_address not_for price_digits,,https://www.otherbali.com/places/titi-batu-ubud-club-ubud
intuitive-flow,Intuitive Flow,Ubud,16,80,0,0,0,1,10,2026-08-07,52,hours street_address price_digits,,https://www.otherbali.com/places/intuitive-flow
taksu-yoga,Taksu Yoga,Ubud,16,80,0,0,0,1,1,2026-08-07,52,street_address not_for price_digits,,https://www.otherbali.com/places/taksu-yoga
ubud-yoga-centre,Ubud Yoga Centre,Ubud,16,75,0,0,0,1,2,2026-08-07,52,hours price_digits,,https://www.otherbali.com/places/ubud-yoga-centre
ubud-yoga-house,Ubud Yoga House,Ubud,16,75,0,0,0,1,2,2026-08-07,52,hours price_digits,,https://www.otherbali.com/places/ubud-yoga-house
seminyak-yoga-shala,Seminyak Yoga Shala,Seminyak,17,1096,1,0,0,2,2,2026-07-28,62,hours street_address not_for price_digits,,https://www.otherbali.com/places/seminyak-yoga-shala
gateway-of-india-at-seminyak,Gateway of India at Seminyak,Seminyak,17,501,0,2,0,3,3,2026-07-28,62,best_for not_for price_digits,,https://www.otherbali.com/places/gateway-of-india-at-seminyak
moonlite-kitchen-and-bar,MOONLITE KITCHEN & BAR,Seminyak,17,336,0,1,0,8,14,2026-07-28,62,,,https://www.otherbali.com/places/moonlite-kitchen-and-bar
asha-wellness-spa-seminyak,Asha Wellness& Spa,Seminyak,17,333,0,1,1,5,44,2026-08-25,34,hours not_for,,https://www.otherbali.com/places/asha-wellness-spa-seminyak
grill-d-burgers-bali,Grill'd Burgers - Bali,Seminyak,17,301,0,1,0,3,3,2026-07-28,62,best_for not_for price_digits,,https://www.otherbali.com/places/grill-d-burgers-bali
hotel-indigo-bali-seminyak-beach-by-ihg,Hotel Indigo Bali Seminyak Beach by IHG,Seminyak,17,186,0,0,4,3,3,2026-07-28,62,hours best_for not_for price_digits,,https://www.otherbali.com/places/hotel-indigo-bali-seminyak-beach-by-ihg
hotel-indigo-bali-seminyak-beach-by-ihg-seminyak,Hotel Indigo Bali Seminyak Beach by IHG,Seminyak,17,186,0,0,4,3,3,2026-07-28,62,hours best_for not_for price_digits,,https://www.otherbali.com/places/hotel-indigo-bali-seminyak-beach-by-ihg-seminyak
merah-putih,Merah Putih,Seminyak,17,172,0,0,3,3,3,2026-07-24,66,hours street_address best_for not_for price_digits,,https://www.otherbali.com/places/merah-putih
ku-de-ta,KU DE TA,Seminyak,17,171,0,0,0,11,15,2026-07-28,62,price_digits,,https://www.otherbali.com/places/ku-de-ta
merah-putih-indonesian-restaurant,Merah Putih | Indonesian Restaurant,Seminyak,17,166,0,0,2,6,9,2026-07-28,62,not_for price_digits,,https://www.otherbali.com/places/merah-putih-indonesian-restaurant
seasalt,Seasalt,Seminyak,17,166,0,0,0,9,9,2026-07-28,62,hours street_address not_for price_digits,,https://www.otherbali.com/places/seasalt
warung-taman-bambu,Warung Taman Bambu,Seminyak,17,157,0,0,0,5,5,,999,hours street_address website price_digits,,https://www.otherbali.com/places/warung-taman-bambu
potato-head-beach-club,Potato Head Beach Club,Seminyak,17,156,0,0,0,8,8,2026-07-28,62,hours street_address not_for price_digits,,https://www.otherbali.com/places/potato-head-beach-club
naughty-nuris-warung-seminyak,Naughty Nuri's Warung Seminyak,Seminyak,17,151,0,0,0,8,15,2026-07-28,62,hours street_address price_digits,,https://www.otherbali.com/places/naughty-nuris-warung-seminyak
vincent-nigita,Vincent Nigita,Seminyak,17,151,0,0,0,8,8,2026-07-28,62,hours street_address price_digits,,https://www.otherbali.com/places/vincent-nigita
boyncow,Boy'N'Cow,Seminyak,17,146,0,0,0,8,17,2026-07-28,62,not_for price_digits,,https://www.otherbali.com/places/boyncow
gusto-gelato,Gusto Gelato & Caffe,Seminyak,17,146,0,0,0,8,10,2026-07-29,61,hours street_address,,https://www.otherbali.com/places/gusto-gelato
mauri-restaurant,Mauri Restaurant,Seminyak,17,146,0,0,0,9,9,2026-07-28,62,,,https://www.otherbali.com/places/mauri-restaurant
sisterfields,Sisterfields,Seminyak,17,146,0,0,0,7,9,2026-07-28,62,hours street_address not_for price_digits,,https://www.otherbali.com/places/sisterfields
warung-nia-balinese-food-and-pork-ribs,Warung Nia Balinese Food & Pork Ribs,Seminyak,17,146,0,0,0,7,8,2026-07-29,61,hours street_address not_for price_digits,,https://www.otherbali.com/places/warung-nia-balinese-food-and-pork-ribs
hotel-indigo-bali-seminyak-beach-seminyak,Hotel Indigo Bali Seminyak Beach,Seminyak,17,143,0,0,2,3,3,2026-08-25,34,hours street_address not_for price_digits,,https://www.otherbali.com/places/hotel-indigo-bali-seminyak-beach-seminyak
svaha-spa-seminyak-seminyak,Svaha Spa Seminyak,Seminyak,17,143,0,0,2,3,3,2026-08-25,34,hours street_address not_for price_digits,,https://www.otherbali.com/places/svaha-spa-seminyak-seminyak
corner-house-bali,Corner House Bali,Seminyak,17,141,0,0,0,7,19,2026-07-28,62,hours street_address price_digits,,https://www.otherbali.com/places/corner-house-bali
infinity-beach-club,Infinity Beach Club,Seminyak,17,141,0,0,2,3,3,2026-07-28,62,street_address not_for price_digits,,https://www.otherbali.com/places/infinity-beach-club
natys-restaurant-seminyak,Natys Restaurant Seminyak,Seminyak,17,141,0,0,0,7,7,2026-07-28,62,hours street_address price_digits,,https://www.otherbali.com/places/natys-restaurant-seminyak
bambu,Bambu,Seminyak,18,136,0,0,0,6,127,2026-07-28,62,hours street_address not_for price_digits,,https://www.otherbali.com/places/bambu
biku,Biku,Seminyak,18,136,0,0,0,6,18,2026-07-29,61,hours street_address not_for price_digits,,https://www.otherbali.com/places/biku
casa-blanca-bali,Casa Blanca Bali,Seminyak,18,136,0,0,2,3,3,2026-07-28,62,not_for price_digits,,https://www.otherbali.com/places/casa-blanca-bali
kilo-kitchen-bali-seminyak,Kilo Kitchen Bali - Seminyak,Seminyak,18,136,0,0,0,7,8,2026-07-28,62,not_for price_digits,,https://www.otherbali.com/places/kilo-kitchen-bali-seminyak
noaa-asian-bistro,NOAA Asian Bistro,Seminyak,18,136,0,0,2,3,3,2026-07-28,62,not_for price_digits,,https://www.otherbali.com/places/noaa-asian-bistro
spa-bali-moon-seminyak,Spa Bali Moon,Seminyak,18,133,0,0,1,5,5,2026-08-25,34,hours not_for,,https://www.otherbali.com/places/spa-bali-moon-seminyak
the-goat-seminyak,THE GOAT,Seminyak,18,133,0,0,1,5,5,2026-08-25,34,hours not_for,,https://www.otherbali.com/places/the-goat-seminyak
mamasan-bali,Mamasan Bali,Seminyak,18,132,0,0,0,6,11,2026-07-24,66,hours not_for price_digits,,https://www.otherbali.com/places/mamasan-bali
aoku,Aoku,Seminyak,18,131,0,0,1,4,125,2026-07-28,62,best_for not_for price_digits,,https://www.otherbali.com/places/aoku
expat-roasters,Expat. Roasters,Seminyak,18,131,0,0,0,6,16,2026-07-29,61,hours street_address price_digits,,https://www.otherbali.com/places/expat-roasters
hog-wild-with-chef-bruno,Hog Wild with Chef Bruno,Seminyak,18,131,0,0,0,6,6,2026-07-28,62,hours street_address price_digits,,https://www.otherbali.com/places/hog-wild-with-chef-bruno
kajin-japanese-contemporary-sushi,Kajin Japanese Contemporary Sushi,Seminyak,18,131,0,0,1,4,4,2026-07-28,62,best_for not_for price_digits,,https://www.otherbali.com/places/kajin-japanese-contemporary-sushi
la-casetta-bali,La Casetta Bali,Seminyak,18,131,0,0,0,6,6,2026-08-04,55,hours street_address price_digits,,https://www.otherbali.com/places/la-casetta-bali
warung-melati-nakula,Warung Melati,Seminyak,18,131,0,0,0,6,6,2026-07-28,62,hours street_address website,,https://www.otherbali.com/places/warung-melati-nakula
2-aces-massage-and-spa-seminyak,2 aces massage and spa,Seminyak,18,128,0,0,1,4,43,2026-08-25,34,hours not_for price_digits,,https://www.otherbali.com/places/2-aces-massage-and-spa-seminyak
body-soul-massage-seminyak,Body & Soul Massage,Seminyak,18,128,0,0,1,4,4,2026-08-25,34,hours street_address not_for,,https://www.otherbali.com/places/body-soul-massage-seminyak
fire-restaurant-seminyak,Fire Restaurant,Seminyak,18,128,0,0,1,4,4,2026-08-25,34,hours street_address not_for,,https://www.otherbali.com/places/fire-restaurant-seminyak
one-eleven-luxe-spa-seminyak,One Eleven Luxe Spa,Seminyak,18,128,0,0,1,4,4,2026-08-25,34,hours street_address not_for,,https://www.otherbali.com/places/one-eleven-luxe-spa-seminyak
alila-seminyak-yoga,Alila Seminyak Yoga,Seminyak,18,127,0,0,0,2,11,,999,hours street_address not_for price_digits,,https://www.otherbali.com/places/alila-seminyak-yoga
desa-potato-head-wellness,Desa Potato Head Wellness,Seminyak,18,127,0,0,0,2,11,,999,hours street_address not_for price_digits,,https://www.otherbali.com/places/desa-potato-head-wellness
the-legian-seminyak-wellness-yoga,The Legian Seminyak Wellness Yoga,Seminyak,18,127,0,0,0,2,5,,999,hours street_address not_for price_digits,,https://www.otherbali.com/places/the-legian-seminyak-wellness-yoga
w-bali-wellness-yoga,W Bali Wellness / Yoga,Seminyak,18,127,0,0,0,2,5,,999,hours street_address not_for price_digits,,https://www.otherbali.com/places/w-bali-wellness-yoga
amber-resto-seminyak,Amber Resto Seminyak,Seminyak,18,126,0,0,1,4,125,2026-07-28,62,not_for price_digits,,https://www.otherbali.com/places/amber-resto-seminyak
hinotori-at-montigo-resorts-seminyak,Hinotori at Montigo Resorts Seminyak,Seminyak,18,126,0,0,1,3,3,2026-07-28,62,hours best_for not_for price_digits,,https://www.otherbali.com/places/hinotori-at-montigo-resorts-seminyak
ling-lings-bali,Ling-Ling's Bali,Seminyak,18,126,0,0,0,6,8,2026-07-28,62,not_for price_digits,,https://www.otherbali.com/places/ling-lings-bali
sabeen-restaurant-at-the-haven-bali-seminyak,Sabeen Restaurant at THE HAVEN Bali Seminyak,Seminyak,19,126,0,0,1,3,3,2026-07-28,62,hours best_for not_for price_digits,,https://www.otherbali.com/places/sabeen-restaurant-at-the-haven-bali-seminyak
sardine,Sardine,Seminyak,19,126,0,0,0,5,5,2026-07-29,61,hours street_address not_for price_digits,,https://www.otherbali.com/places/sardine
waroeng-sulawesi-petitenget,Waroeng Sulawesi,Seminyak,19,126,0,0,0,5,12,2026-07-29,61,hours street_address website price_digits,,https://www.otherbali.com/places/waroeng-sulawesi-petitenget
chill-reflexology-seminyak,Chill Reflexology,Seminyak,19,123,0,0,1,3,3,2026-08-25,34,hours street_address not_for price_digits,,https://www.otherbali.com/places/chill-reflexology-seminyak
executive-bali-massage-seminyak,Executive Bali Massage,Seminyak,19,123,0,0,1,4,4,2026-08-25,34,hours not_for,,https://www.otherbali.com/places/executive-bali-massage-seminyak
jari-menari-spa-seminyak-bali-seminyak,Jari Menari Spa Seminyak Bali,Seminyak,19,123,0,0,1,3,3,2026-08-25,34,hours street_address not_for price_digits,,https://www.otherbali.com/places/jari-menari-spa-seminyak-bali-seminyak
lluvia-spa-seminyak,Lluvia Spa,Seminyak,19,123,0,0,1,4,4,2026-08-25,34,hours not_for,,https://www.otherbali.com/places/lluvia-spa-seminyak
mades-warung-seminyak,Mades Warung,Seminyak,19,123,0,0,0,5,5,2026-08-25,34,hours street_address not_for price_digits,,https://www.otherbali.com/places/mades-warung-seminyak
spa-at-peppers-seminyak-seminyak,Spa at Peppers Seminyak,Seminyak,19,123,0,0,1,3,3,2026-08-25,34,hours street_address not_for price_digits,,https://www.otherbali.com/places/spa-at-peppers-seminyak-seminyak
ssamaya-day-spa-seminyak,Ssamaya Day Spa,Seminyak,19,123,0,0,1,3,3,2026-08-25,34,hours street_address not_for price_digits,,https://www.otherbali.com/places/ssamaya-day-spa-seminyak
terra-spa-wellness-seminyak,Terra Spa & Wellness,Seminyak,19,123,0,0,1,4,4,2026-08-25,34,hours not_for,,https://www.otherbali.com/places/terra-spa-wellness-seminyak
the-art-of-body-seminyak,The Art of Body,Seminyak,19,123,0,0,1,3,3,2026-08-25,34,hours street_address not_for price_digits,,https://www.otherbali.com/places/the-art-of-body-seminyak
the-care-day-spa-seminyak,The Care Day Spa,Seminyak,19,123,0,0,1,3,3,2026-08-25,34,hours street_address not_for price_digits,,https://www.otherbali.com/places/the-care-day-spa-seminyak
the-spa-at-the-samaya-seminyak-seminyak,The Spa at The Samaya Seminyak,Seminyak,19,123,0,0,1,4,4,2026-08-25,34,hours street_address,,https://www.otherbali.com/places/the-spa-at-the-samaya-seminyak-seminyak
warung-murah-petitenget,Warung Murah,Seminyak,19,123,0,0,0,5,5,2026-07-15,75,hours street_address website,,https://www.otherbali.com/places/warung-murah-petitenget
wellness-by-the-legian-seminyak,Wellness by The Legian,Seminyak,19,123,0,0,1,3,3,2026-08-25,34,hours street_address not_for price_digits,,https://www.otherbali.com/places/wellness-by-the-legian-seminyak
sangsaka,Sangsaka,Seminyak,19,122,0,0,0,5,5,2026-07-24,66,hours not_for price_digits,,https://www.otherbali.com/places/sangsaka
15fit-seminyak,15FIT Seminyak,Seminyak,19,121,0,0,0,4,12,2026-07-28,62,hours street_address website not_for price_digits,,https://www.otherbali.com/places/15fit-seminyak
bketo-bali-at-blue-karma-dijiwa-seminyak,BKeto Bali at Blue Karma Dijiwa Seminyak,Seminyak,19,121,0,0,1,3,3,2026-07-28,62,best_for not_for price_digits,,https://www.otherbali.com/places/bketo-bali-at-blue-karma-dijiwa-seminyak
bossman-burgers,BO$$MAN,Seminyak,19,121,0,0,0,5,5,2026-07-29,61,hours street_address price_digits,,https://www.otherbali.com/places/bossman-burgers
frangipani-cafe-at-the-oberoi-beach-resort-bali,Frangipani Cafe at The Oberoi Beach Resort Bali,Seminyak,19,121,0,0,1,3,3,2026-07-28,62,best_for not_for price_digits,,https://www.otherbali.com/places/frangipani-cafe-at-the-oberoi-beach-resort-bali
hiiragi-restaurant-at-the-bk-village,Hiiragi Restaurant at The BK Village,Seminyak,19,121,0,0,1,3,3,2026-07-28,62,best_for not_for price_digits,,https://www.otherbali.com/places/hiiragi-restaurant-at-the-bk-village
kura-kura-restaurant-at-the-oberoi-beach-resort-bali,Kura Kura Restaurant at The Oberoi Beach Resort Bali,Seminyak,19,121,0,0,1,3,3,2026-07-28,62,best_for not_for price_digits,,https://www.otherbali.com/places/kura-kura-restaurant-at-the-oberoi-beach-resort-bali
mase-kitchen-and-bar,Mase Kitchen & Bar,Seminyak,19,121,0,0,1,3,3,2026-07-28,62,street_address not_for price_digits,,https://www.otherbali.com/places/mase-kitchen-and-bar
noi-bali-grill-and-hanging-out,Noi Bali Grill and Hanging Out,Seminyak,19,121,0,0,0,4,4,2026-07-30,60,hours website best_for not_for price_digits,,https://www.otherbali.com/places/noi-bali-grill-and-hanging-out
projects-brunch-and-coffee,Projects Brunch & Coffee,Seminyak,20,121,0,0,0,4,4,2026-07-30,60,hours website best_for not_for price_digits,,https://www.otherbali.com/places/projects-brunch-and-coffee
rooftop-sunset-bar-at-double-six-luxury-hotel,Rooftop Sunset Bar at Double Six Luxury Hotel,Seminyak,20,121,0,0,1,3,3,2026-07-28,62,best_for not_for price_digits,,https://www.otherbali.com/places/rooftop-sunset-bar-at-double-six-luxury-hotel
sanctuary-umalas-italian-restaurant-by-wonderspace,Sanctuary Umalas Italian Restaurant by Wonderspace,Seminyak,20,121,0,0,1,3,3,2026-07-28,62,best_for not_for price_digits,,https://www.otherbali.com/places/sanctuary-umalas-italian-restaurant-by-wonderspace
sanje-restaurant-and-lounge-at-the-seminyak-beach-resort,Sanje Restaurant and Lounge at The Seminyak Beach Resort,Seminyak,20,121,0,0,1,3,3,2026-07-28,62,best_for not_for price_digits,,https://www.otherbali.com/places/sanje-restaurant-and-lounge-at-the-seminyak-beach-resort
shishi-izakaya-lounge,ShiShi Izakaya Lounge,Seminyak,20,121,0,0,0,4,4,2026-07-30,60,hours website best_for not_for price_digits,,https://www.otherbali.com/places/shishi-izakaya-lounge
suzie-q-at-double-six-luxury-hotel,Suzie-Q at Double Six Luxury Hotel,Seminyak,20,121,0,0,1,3,3,2026-07-28,62,best_for not_for price_digits,,https://www.otherbali.com/places/suzie-q-at-double-six-luxury-hotel
tadd-s-restaurant-at-montigo-resorts-seminyak,TADD's Restaurant at Montigo Resorts Seminyak,Seminyak,20,121,0,0,1,3,3,2026-07-28,62,best_for not_for price_digits,,https://www.otherbali.com/places/tadd-s-restaurant-at-montigo-resorts-seminyak
the-plantation-grill-seminyak-at-double-six-luxury-hotel,The Plantation Grill Seminyak at Double Six Luxury Hotel,Seminyak,20,121,0,0,1,3,3,2026-07-28,62,best_for not_for price_digits,,https://www.otherbali.com/places/the-plantation-grill-seminyak-at-double-six-luxury-hotel
to-the-moon-cafe,To the moon cafe,Seminyak,20,121,0,0,0,4,4,2026-08-04,55,hours street_address website not_for price_digits,,https://www.otherbali.com/places/to-the-moon-cafe
waroeng-bernadette,Waroeng Bernadette at Seminyak,Seminyak,20,121,0,0,0,5,5,2026-07-28,62,website not_for price_digits,,https://www.otherbali.com/places/waroeng-bernadette
babi-guling-pak-malen,Warung Babi Guling Pak Malen,Seminyak,20,121,0,0,0,5,12,2026-07-28,62,hours street_address website,,https://www.otherbali.com/places/babi-guling-pak-malen
warung-enys,Warung Eny's,Seminyak,20,121,0,0,0,5,7,2026-07-29,61,hours street_address website,,https://www.otherbali.com/places/warung-enys
atman-spa-kerobokan-seminyak,Atman Spa Kerobokan,Seminyak,20,118,0,0,1,4,43,2026-08-25,34,hours,,https://www.otherbali.com/places/atman-spa-kerobokan-seminyak
bodyworks-bali-seminyak,Bodyworks Bali,Seminyak,20,118,0,0,1,3,3,2026-08-25,34,hours street_address not_for,,https://www.otherbali.com/places/bodyworks-bali-seminyak
grand-seminyak-spa-seminyak,Grand Seminyak Spa,Seminyak,20,118,0,0,1,3,3,2026-08-25,34,hours street_address not_for,,https://www.otherbali.com/places/grand-seminyak-spa-seminyak
ortus-wellness-seminyak,Ortus Wellness,Seminyak,20,118,0,0,1,3,3,2026-08-25,34,hours not_for price_digits,,https://www.otherbali.com/places/ortus-wellness-seminyak
the-laneway-restaurant-seminyak,The Laneway Restaurant,Seminyak,20,118,0,0,1,3,3,2026-08-25,34,hours street_address not_for,,https://www.otherbali.com/places/the-laneway-restaurant-seminyak
kynd-community,Kynd Community,Seminyak,20,117,0,0,0,5,5,2026-07-24,66,hours price_digits,,https://www.otherbali.com/places/kynd-community
revolver-seminyak,Revolver Seminyak,Seminyak,20,117,0,0,0,5,6,2026-07-24,66,hours price_digits,,https://www.otherbali.com/places/revolver-seminyak
watercress-seminyak,Watercress Seminyak,Seminyak,20,117,0,0,0,5,5,2026-07-24,66,hours price_digits,,https://www.otherbali.com/places/watercress-seminyak
2befit-bali,2befit Bali,Seminyak,20,116,0,0,0,4,12,2026-07-28,62,hours street_address not_for price_digits,,https://www.otherbali.com/places/2befit-bali
casadia-restaurant-and-bar,Casadia Restaurant & Bar,Seminyak,20,116,0,0,1,3,3,2026-07-28,62,not_for price_digits,,https://www.otherbali.com/places/casadia-restaurant-and-bar
cocoon-seminyak,Cocoon Seminyak,Seminyak,20,116,0,0,1,3,3,2026-07-28,62,not_for price_digits,,https://www.otherbali.com/places/cocoon-seminyak
fu-house-seminyak,Fu House | Seminyak,Seminyak,20,116,0,0,1,3,3,2026-07-28,62,not_for price_digits,,https://www.otherbali.com/places/fu-house-seminyak
ginger-moon-canteen,Ginger Moon Canteen,Seminyak,20,116,0,0,0,6,6,2026-07-28,62,,,https://www.otherbali.com/places/ginger-moon-canteen
huge-restaurant,Huge Restaurant,Seminyak,21,116,0,0,1,3,3,2026-07-28,62,not_for price_digits,,https://www.otherbali.com/places/huge-restaurant
isaya-teppanyaki-boutique-seminyak,Isaya Teppanyaki Boutique Seminyak,Seminyak,21,116,0,0,1,3,3,2026-07-28,62,not_for price_digits,,https://www.otherbali.com/places/isaya-teppanyaki-boutique-seminyak
jackson-lily-s-by-ginger-moon,Jackson Lily's by Ginger Moon,Seminyak,21,116,0,0,1,3,3,2026-07-28,62,not_for price_digits,,https://www.otherbali.com/places/jackson-lily-s-by-ginger-moon
la-favela-bali,La Favela Bali,Seminyak,21,116,0,0,1,3,3,2026-07-28,62,not_for price_digits,,https://www.otherbali.com/places/la-favela-bali
malverde-tequileria-and-nightclub,Malverde Tequileria & Nightclub,Seminyak,21,116,0,0,1,3,3,2026-07-28,62,not_for price_digits,,https://www.otherbali.com/places/malverde-tequileria-and-nightclub
norii-japanese-restaurant-seminyak,Norii Japanese Restaurant — Seminyak,Seminyak,21,116,0,0,0,4,4,2026-08-04,55,hours street_address not_for price_digits,,https://www.otherbali.com/places/norii-japanese-restaurant-seminyak
okuzono-japanese-dining-bali,Okuzono Japanese Dining Bali,Seminyak,21,116,0,0,0,4,4,2026-07-28,62,website best_for not_for price_digits,,https://www.otherbali.com/places/okuzono-japanese-dining-bali
pison-petitenget,"Pison, Petitenget",Seminyak,21,116,0,0,0,4,4,2026-07-28,62,hours street_address not_for price_digits,,https://www.otherbali.com/places/pison-petitenget
saltlick,Saltlick,Seminyak,21,116,0,0,1,3,3,2026-07-28,62,not_for price_digits,,https://www.otherbali.com/places/saltlick
satoshi,Satoshi,Seminyak,21,116,0,0,1,3,3,2026-07-28,62,not_for price_digits,,https://www.otherbali.com/places/satoshi
shichirin-japanese-restaurant-seminyak,Shichirin Japanese Restaurant — Seminyak,Seminyak,21,116,0,0,0,4,4,2026-08-04,55,hours street_address not_for price_digits,,https://www.otherbali.com/places/shichirin-japanese-restaurant-seminyak
shooters-bali,Shooters Bali,Seminyak,21,116,0,0,1,3,3,2026-07-28,62,not_for price_digits,,https://www.otherbali.com/places/shooters-bali
the-butchers-club-steakhouse,The Butchers Club Steakhouse,Seminyak,21,116,0,0,1,3,3,2026-07-28,62,not_for price_digits,,https://www.otherbali.com/places/the-butchers-club-steakhouse
the-island-grill-and-lounge,The Island Grill & Lounge,Seminyak,21,116,0,0,1,3,3,2026-07-28,62,not_for price_digits,,https://www.otherbali.com/places/the-island-grill-and-lounge
the-grumpy-butcher,The Grumpy Butcher,Seminyak,21,116,0,0,1,3,3,2026-07-28,62,not_for price_digits,,https://www.otherbali.com/places/the-grumpy-butcher
no-1-wellness-seminyak,No.1 Wellness,Seminyak,21,113,0,0,1,3,3,2026-08-25,34,hours price_digits,,https://www.otherbali.com/places/no-1-wellness-seminyak
bar-rasa,BAR RASA,Seminyak,21,111,0,0,0,3,6,2026-07-30,60,hours website best_for not_for price_digits,,https://www.otherbali.com/places/bar-rasa
batur-restaurant-grand-mercure-bali-seminyak,Batur Restaurant (Grand Mercure Bali Seminyak),Seminyak,21,111,0,0,0,3,3,2026-07-30,60,hours website best_for not_for price_digits,,https://www.otherbali.com/places/batur-restaurant-grand-mercure-bali-seminyak
buzo-seminyak-sushi-pizza-and-itameshi,"Buzo Seminyak – Sushi, Pizza & Itameshi",Seminyak,21,111,0,0,0,4,4,2026-07-28,62,best_for not_for price_digits,,https://www.otherbali.com/places/buzo-seminyak-sushi-pizza-and-itameshi
livingstone,Livingstone,Seminyak,21,111,0,0,0,3,3,2026-07-28,62,street_address website best_for not_for price_digits,,https://www.otherbali.com/places/livingstone
milk-and-madu-seminyak,Milk & Madu Seminyak,Seminyak,21,111,0,0,0,4,4,2026-07-29,61,hours not_for price_digits,,https://www.otherbali.com/places/milk-and-madu-seminyak
ocean-grand-beach,Ocean Grand Beach,Seminyak,21,111,0,0,0,3,3,2026-07-30,60,hours website best_for not_for price_digits,,https://www.otherbali.com/places/ocean-grand-beach
rosalita-s-cantina-bali,Rosalita's Cantina Bali,Seminyak,21,111,0,0,0,3,3,2026-07-30,60,hours website best_for not_for price_digits,,https://www.otherbali.com/places/rosalita-s-cantina-bali
seminyak-kitchen-courtyard-by-marriott-bali-seminyak-resort,Seminyak Kitchen (Courtyard by Marriott Bali Seminyak Resort),Seminyak,21,111,0,0,0,3,3,2026-07-30,60,hours website best_for not_for price_digits,,https://www.otherbali.com/places/seminyak-kitchen-courtyard-by-marriott-bali-seminyak-resort
shiro-sushi-sake-bar,Shiro Sushi/Sake Bar,Seminyak,21,111,0,0,0,4,4,2026-07-28,62,best_for not_for price_digits,,https://www.otherbali.com/places/shiro-sushi-sake-bar
shishi-nightclub-and-izakaya-lounge,ShiShi Nightclub & Izakaya Lounge,Seminyak,22,111,0,0,0,4,4,2026-07-28,62,best_for not_for price_digits,,https://www.otherbali.com/places/shishi-nightclub-and-izakaya-lounge
sugarsand,SugarSand,Seminyak,22,111,0,0,0,3,3,2026-07-30,60,hours website best_for not_for price_digits,,https://www.otherbali.com/places/sugarsand
takumi-japanese-fine-dining,Takumi 匠 Japanese Fine Dining,Seminyak,22,111,0,0,0,4,4,2026-07-28,62,best_for not_for price_digits,,https://www.otherbali.com/places/takumi-japanese-fine-dining
the-club-bali,The Club Bali,Seminyak,22,111,0,0,0,3,3,2026-07-30,60,hours website best_for not_for price_digits,,https://www.otherbali.com/places/the-club-bali
vrindavan-100-pure-indian-vegetarian-and-vegan-restaurant,Vrindavan 100% Pure Indian Vegetarian & Vegan Restaurant,Seminyak,22,111,0,0,0,4,4,2026-07-28,62,best_for not_for price_digits,,https://www.otherbali.com/places/vrindavan-100-pure-indian-vegetarian-and-vegan-restaurant
coolcontours-spa-beauty-seminyak,Coolcontours Spa & Beauty,Seminyak,22,108,0,0,1,2,5,2026-08-25,34,hours not_for price_digits,,https://www.otherbali.com/places/coolcontours-spa-beauty-seminyak
the-lotus-spa-seminyak,The Lotus Spa,Seminyak,22,108,0,0,0,4,4,2026-08-25,34,hours street_address not_for,,https://www.otherbali.com/places/the-lotus-spa-seminyak
sarong,Sarong,Seminyak,22,107,0,0,0,3,3,2026-07-24,66,hours website not_for price_digits,,https://www.otherbali.com/places/sarong
bali-fitness-seminyak-seminyak,Bali Fitness Seminyak,Seminyak,22,106,0,0,0,4,7,2026-07-29,61,street_address price_digits,,https://www.otherbali.com/places/bali-fitness-seminyak-seminyak
bistro-anwa,Bistro Anwa,Seminyak,22,106,0,0,0,3,3,2026-08-04,55,hours street_address not_for price_digits,,https://www.otherbali.com/places/bistro-anwa
bliss-lounge-bar,Bliss Lounge Bar,Seminyak,22,106,0,0,0,3,3,2026-07-28,62,website best_for not_for price_digits,,https://www.otherbali.com/places/bliss-lounge-bar
blu-sky-restaurant-bar-lounge,BLU Sky Restaurant - Bar - Lounge,Seminyak,22,106,0,0,0,3,3,2026-07-28,62,website best_for not_for price_digits,,https://www.otherbali.com/places/blu-sky-restaurant-bar-lounge
bodyworks-spa-seminyak,Bodyworks Spa,Seminyak,22,106,0,0,0,4,4,2026-07-28,62,street_address price_digits,,https://www.otherbali.com/places/bodyworks-spa-seminyak
capri-italian-restaurant-at-seminyak,Capri Italian Restaurant at Seminyak,Seminyak,22,106,0,0,0,3,3,2026-07-28,62,website best_for not_for price_digits,,https://www.otherbali.com/places/capri-italian-restaurant-at-seminyak
dong-oman-cultural-dining-at-tonys-villas-and-resort,Dong Oman Cultural Dining at Tonys Villas and Resort,Seminyak,22,106,0,0,0,3,3,2026-07-28,62,hours best_for not_for price_digits,,https://www.otherbali.com/places/dong-oman-cultural-dining-at-tonys-villas-and-resort
gambinos-bali,Gambinos Bali,Seminyak,22,106,0,0,0,3,3,2026-07-28,62,hours street_address not_for price_digits,,https://www.otherbali.com/places/gambinos-bali
kasava-resto-and-bar-at-royal-samaja-villas,Kasava Resto and Bar at Royal Samaja Villas,Seminyak,22,106,0,0,0,3,3,2026-07-28,62,website best_for not_for price_digits,,https://www.otherbali.com/places/kasava-resto-and-bar-at-royal-samaja-villas
lagoon-spa-seminyak-seminyak,Lagoon Spa Seminyak,Seminyak,22,106,0,0,0,4,4,2026-07-28,62,street_address price_digits,,https://www.otherbali.com/places/lagoon-spa-seminyak-seminyak
master-crepes,Master Crepes,Seminyak,22,106,0,0,0,3,3,2026-07-28,62,website best_for not_for price_digits,,https://www.otherbali.com/places/master-crepes
prior-cafe,Prior Cafe,Seminyak,22,106,0,0,0,3,3,2026-07-28,62,website best_for not_for price_digits,,https://www.otherbali.com/places/prior-cafe
rai-fitness-sunset-road-seminyak,Rai Fitness Sunset Road,Seminyak,22,106,0,0,0,3,3,2026-07-29,61,hours street_address website price_digits,,https://www.otherbali.com/places/rai-fitness-sunset-road-seminyak
sea-circus,Sea Circus Restaurant & Bar,Seminyak,22,106,0,0,0,4,4,2026-07-28,62,not_for price_digits,,https://www.otherbali.com/places/sea-circus
the-forge,The Forge,Seminyak,22,106,0,0,0,3,3,2026-07-28,62,hours best_for not_for price_digits,,https://www.otherbali.com/places/the-forge
tunu-bistro,Tunu Bistro,Seminyak,22,106,0,0,0,3,3,2026-07-28,62,website best_for not_for price_digits,,https://www.otherbali.com/places/tunu-bistro
york,YORK,Seminyak,22,106,0,0,0,3,3,2026-07-28,62,website best_for not_for price_digits,,https://www.otherbali.com/places/york
jazb-beauty-space-seminyak,Jazb Beauty Space,Seminyak,23,103,0,0,1,2,2,2026-08-25,34,hours not_for,,https://www.otherbali.com/places/jazb-beauty-space-seminyak
menjamu-seminyak,menjamu,Seminyak,23,103,0,0,0,3,3,2026-08-25,34,hours street_address not_for price_digits,,https://www.otherbali.com/places/menjamu-seminyak
the-shampoo-lounge-seminyak,The Shampoo Lounge,Seminyak,23,103,0,0,1,2,2,2026-08-25,34,hours not_for,,https://www.otherbali.com/places/the-shampoo-lounge-seminyak
takumi-bali,Takumi Bali,Seminyak,23,102,0,0,0,3,3,2026-07-24,66,hours street_address price_digits,,https://www.otherbali.com/places/takumi-bali
avenue-fitness-bali,Avenue Fitness Bali,Seminyak,23,101,0,0,0,3,11,2026-07-28,62,street_address not_for price_digits,,https://www.otherbali.com/places/avenue-fitness-bali
barbacoa,Barbacoa,Seminyak,23,101,0,0,0,3,3,2026-07-28,62,hours not_for price_digits,,https://www.otherbali.com/places/barbacoa
breeze-at-the-samaya-seminyak,Breeze at The Samaya Seminyak,Seminyak,23,101,0,0,0,3,3,2026-07-28,62,best_for not_for price_digits,,https://www.otherbali.com/places/breeze-at-the-samaya-seminyak
bread-yard,Bread Yard,Seminyak,23,101,0,0,0,3,3,2026-07-28,62,best_for not_for price_digits,,https://www.otherbali.com/places/bread-yard
chandi,Chandi,Seminyak,23,101,0,0,0,3,3,2026-07-28,62,best_for not_for price_digits,,https://www.otherbali.com/places/chandi
chaskaa-modern-indian-cuisine-and-bar-at-seminyak,Chaskaa Modern Indian Cuisine and Bar at Seminyak,Seminyak,23,101,0,0,0,3,3,2026-07-28,62,best_for not_for price_digits,,https://www.otherbali.com/places/chaskaa-modern-indian-cuisine-and-bar-at-seminyak
chez-gado-gado-restaurant,Chez Gado Gado Restaurant,Seminyak,23,101,0,0,0,3,3,2026-07-28,62,best_for not_for price_digits,,https://www.otherbali.com/places/chez-gado-gado-restaurant
de-nyuh-spa-seminyak,De Nyuh Spa Seminyak,Seminyak,23,101,0,0,0,3,3,2026-07-28,62,street_address not_for price_digits,,https://www.otherbali.com/places/de-nyuh-spa-seminyak
eko-cafe-by-deli-campur-asia,Eko Cafe by Deli Campur Asia,Seminyak,23,101,0,0,0,3,3,2026-07-28,62,best_for not_for price_digits,,https://www.otherbali.com/places/eko-cafe-by-deli-campur-asia
ely-s-kitchen,Ely's Kitchen,Seminyak,23,101,0,0,0,3,3,2026-07-28,62,best_for not_for price_digits,,https://www.otherbali.com/places/ely-s-kitchen
estia-woodfire-greek,Estia | Woodfire Greek,Seminyak,23,101,0,0,0,3,3,2026-07-28,62,best_for not_for price_digits,,https://www.otherbali.com/places/estia-woodfire-greek
frangipaani-at-prana-bali,Frangipaani at Prana Bali,Seminyak,23,101,0,0,0,3,3,2026-07-28,62,best_for not_for price_digits,,https://www.otherbali.com/places/frangipaani-at-prana-bali
groove-restaurant-at-avani-seminyak-bali-resort,Groove Restaurant at Avani Seminyak Bali Resort,Seminyak,23,101,0,0,0,3,3,2026-07-28,62,best_for not_for price_digits,,https://www.otherbali.com/places/groove-restaurant-at-avani-seminyak-bali-resort
herbs-and-stones-garden-restaurant,Herbs & Stones Garden Restaurant,Seminyak,23,101,0,0,0,3,3,2026-07-28,62,best_for not_for price_digits,,https://www.otherbali.com/places/herbs-and-stones-garden-restaurant
hut-cafe-bali,HUT Cafe Bali,Seminyak,23,101,0,0,0,3,3,2026-07-28,62,best_for not_for price_digits,,https://www.otherbali.com/places/hut-cafe-bali
izzi-rooftop-lounge-and-restaurant-and-bar-and-shisha,IZZI ROOFTOP LOUNGE & RESTAURANT & BAR & SHISHA,Seminyak,23,101,0,0,0,3,3,2026-08-04,55,hours street_address price_digits,,https://www.otherbali.com/places/izzi-rooftop-lounge-and-restaurant-and-bar-and-shisha
jiwa-bikram-yoga-bali-seminyak,Jiwa Bikram Yoga Bali,Seminyak,23,101,0,0,0,3,8,2026-07-29,61,hours street_address price_digits,,https://www.otherbali.com/places/jiwa-bikram-yoga-bali-seminyak
kahuna-rooftop-pool-and-restaurant,KAHUNA Rooftop Pool & Restaurant,Seminyak,23,101,0,0,0,3,3,2026-07-28,62,best_for not_for price_digits,,https://www.otherbali.com/places/kahuna-rooftop-pool-and-restaurant
kaum-bali,Kaum Bali,Seminyak,23,101,0,0,0,3,3,2026-07-28,62,hours not_for price_digits,,https://www.otherbali.com/places/kaum-bali
kuuki-rooftop-dining-at-cross-paasha-bali-seminyak,Kuuki Rooftop Dining at Cross Paasha Bali Seminyak,Seminyak,23,101,0,0,0,3,3,2026-07-28,62,best_for not_for price_digits,,https://www.otherbali.com/places/kuuki-rooftop-dining-at-cross-paasha-bali-seminyak
la-plancha,La Plancha,Seminyak,23,101,0,0,0,3,3,2026-07-28,62,best_for not_for price_digits,,https://www.otherbali.com/places/la-plancha
mano-beach-house,Mano Beach House,Seminyak,24,101,0,0,0,3,3,2026-07-28,62,best_for not_for price_digits,,https://www.otherbali.com/places/mano-beach-house
midaz-at-bali,Midaz at Bali,Seminyak,24,101,0,0,0,3,3,2026-07-28,62,best_for not_for price_digits,,https://www.otherbali.com/places/midaz-at-bali
neon-palms,NEON PALMS,Seminyak,24,101,0,0,0,3,3,2026-07-28,62,best_for not_for price_digits,,https://www.otherbali.com/places/neon-palms
okamura-bali,Okamura Bali,Seminyak,24,101,0,0,0,3,3,2026-07-28,62,best_for not_for price_digits,,https://www.otherbali.com/places/okamura-bali
olop-iyengar-yoga,Olop Iyengar Yoga,Seminyak,24,101,0,0,0,2,3,2026-07-28,62,hours street_address website not_for price_digits,,https://www.otherbali.com/places/olop-iyengar-yoga
oswego-bali,Oswego Bali,Seminyak,24,101,0,0,0,3,3,2026-07-28,62,best_for not_for price_digits,,https://www.otherbali.com/places/oswego-bali
queen-s-tandoor-indian-restaurant-seminyak-bali,Queen's Tandoor - Indian Restaurant Seminyak Bali,Seminyak,24,101,0,0,0,3,3,2026-07-28,62,best_for not_for price_digits,,https://www.otherbali.com/places/queen-s-tandoor-indian-restaurant-seminyak-bali
qissa-indian-restaurant-at-seminyak,Qissa Indian Restaurant at Seminyak,Seminyak,24,101,0,0,0,3,3,2026-07-28,62,best_for not_for price_digits,,https://www.otherbali.com/places/qissa-indian-restaurant-at-seminyak
queen-s-of-angsoka-by-queen-s-tandoor-at-ramada-by-wyndham-bali,Queen's of Angsoka By Queen's Tandoor at Ramada by Wyndham Bali,Seminyak,24,101,0,0,0,3,3,2026-07-28,62,best_for not_for price_digits,,https://www.otherbali.com/places/queen-s-of-angsoka-by-queen-s-tandoor-at-ramada-by-wyndham-bali
revive-pilates-umalas,Revive + Pilates Umalas,Seminyak,24,101,0,0,0,3,3,2026-07-28,62,hours street_address price_digits,,https://www.otherbali.com/places/revive-pilates-umalas
settimo-cielo-rustic-refined-italian,Settimo Cielo - Rustic Refined Italian,Seminyak,24,101,0,0,0,3,3,2026-07-28,62,best_for not_for price_digits,,https://www.otherbali.com/places/settimo-cielo-rustic-refined-italian
soham-wellness-spa-seminyak,Soham Wellness Spa,Seminyak,24,101,0,0,0,3,3,2026-07-28,62,street_address not_for price_digits,,https://www.otherbali.com/places/soham-wellness-spa-seminyak
south-east-brewing-co,South+East Brewing Co.,Seminyak,24,101,0,0,0,3,3,2026-07-28,62,best_for not_for price_digits,,https://www.otherbali.com/places/south-east-brewing-co
spice-mantraa-at-seminyak,Spice Mantraa at Seminyak,Seminyak,24,101,0,0,0,3,3,2026-07-28,62,best_for not_for price_digits,,https://www.otherbali.com/places/spice-mantraa-at-seminyak
spring-spa-seminyak,Spring Spa Seminyak,Seminyak,24,101,0,0,0,3,3,2026-07-28,62,street_address not_for price_digits,,https://www.otherbali.com/places/spring-spa-seminyak
the-junction-house-cafe-and-restaurant-seminyak,The Junction House - Cafe & Restaurant Seminyak,Seminyak,24,101,0,0,0,3,3,2026-07-28,62,best_for not_for price_digits,,https://www.otherbali.com/places/the-junction-house-cafe-and-restaurant-seminyak
the-restaurant-at-the-legian-seminyak,The Restaurant at The Legian Seminyak,Seminyak,24,101,0,0,0,3,3,2026-07-28,62,best_for not_for price_digits,,https://www.otherbali.com/places/the-restaurant-at-the-legian-seminyak
the-wok-spices,The Wok Spices,Seminyak,24,101,0,0,0,3,3,2026-07-28,62,best_for not_for price_digits,,https://www.otherbali.com/places/the-wok-spices
think-pink-nails-seminyak,Think Pink Nails Seminyak,Seminyak,24,101,0,0,0,3,3,2026-07-29,61,street_address not_for price_digits,,https://www.otherbali.com/places/think-pink-nails-seminyak
urban-bites-at-seminyak,Urban Bites at Seminyak,Seminyak,24,101,0,0,0,3,3,2026-07-28,62,best_for not_for price_digits,,https://www.otherbali.com/places/urban-bites-at-seminyak
yoga-108-bali-seminyak,Yoga 108 Bali,Seminyak,24,101,0,0,0,3,3,2026-07-29,61,hours street_address price_digits,,https://www.otherbali.com/places/yoga-108-bali-seminyak
younghee-bali,Younghee Bali,Seminyak,24,101,0,0,0,3,3,2026-07-28,62,best_for not_for price_digits,,https://www.otherbali.com/places/younghee-bali
zia-tina-eatery,Zia Tina Bali,Seminyak,24,101,0,0,0,3,3,2026-07-28,62,best_for not_for price_digits,,https://www.otherbali.com/places/zia-tina-eatery
deanna-spa-caf-seminyak,Deanna Spa & Café,Seminyak,24,98,0,0,0,3,3,2026-08-25,34,hours not_for price_digits,,https://www.otherbali.com/places/deanna-spa-caf-seminyak
dua-umalas-seminyak,Dua Umalas,Seminyak,24,98,0,0,0,3,3,2026-08-25,34,hours not_for price_digits,,https://www.otherbali.com/places/dua-umalas-seminyak
motion-fitness-bali-seminyak,Motion Fitness Bali Seminyak,Seminyak,25,98,0,0,0,2,2,2026-07-13,77,hours street_address not_for price_digits,,https://www.otherbali.com/places/motion-fitness-bali-seminyak
the-seminyak-beach-resort-spa-seminyak,The Seminyak Beach Resort & Spa,Seminyak,25,98,0,0,0,3,3,2026-08-25,34,hours street_address price_digits,,https://www.otherbali.com/places/the-seminyak-beach-resort-spa-seminyak
bali-barber-seminyak-seminyak,Bali Barber Seminyak,Seminyak,25,96,0,0,0,3,14,2026-07-29,61,street_address price_digits,,https://www.otherbali.com/places/bali-barber-seminyak-seminyak
bk-wellness-studio-umalas-by-blue-karma-secrets,BK Wellness Studio Umalas by Blue Karma Secrets,Seminyak,25,96,0,0,0,3,6,2026-07-28,62,hours street_address,,https://www.otherbali.com/places/bk-wellness-studio-umalas-by-blue-karma-secrets
jari-menari-seminyak,Jari Menari,Seminyak,25,96,0,0,0,3,3,2026-07-28,62,street_address price_digits,,https://www.otherbali.com/places/jari-menari-seminyak
prana-spa-seminyak,Prana Spa,Seminyak,25,96,0,0,0,3,3,2026-07-28,62,street_address price_digits,,https://www.otherbali.com/places/prana-spa-seminyak
saia-wellness-saia-pilates-umalas,SAIA Wellness / SAIA Pilates Umalas,Seminyak,25,96,0,0,0,3,3,2026-07-29,61,hours street_address,,https://www.otherbali.com/places/saia-wellness-saia-pilates-umalas
soham-pilates-class-program-seminyak,Soham Pilates / Class Program,Seminyak,25,96,0,0,0,2,2,2026-07-28,62,hours street_address not_for price_digits,,https://www.otherbali.com/places/soham-pilates-class-program-seminyak
soham-yoga-seminyak,Soham Yoga,Seminyak,25,96,0,0,0,2,2,2026-07-28,62,hours street_address not_for price_digits,,https://www.otherbali.com/places/soham-yoga-seminyak
sundari-day-spa-seminyak,Sundari Day Spa,Seminyak,25,96,0,0,0,3,3,2026-07-28,62,street_address price_digits,,https://www.otherbali.com/places/sundari-day-spa-seminyak
think-pink-salon-and-nails-bali,Think Pink Salon & Nails Bali,Seminyak,25,96,0,0,0,3,3,2026-07-29,61,hours street_address,,https://www.otherbali.com/places/think-pink-salon-and-nails-bali
you-spa-umalas,You Spa Umalas,Seminyak,25,96,0,0,0,3,3,2026-07-28,62,hours street_address,,https://www.otherbali.com/places/you-spa-umalas
spa-bali-seminyak,SPA BALI,Seminyak,25,93,0,0,0,3,3,2026-08-25,34,hours street_address,,https://www.otherbali.com/places/spa-bali-seminyak
bodyworks-beauty-seminyak-seminyak,Bodyworks Beauty Seminyak,Seminyak,25,91,0,0,0,2,13,2026-07-28,62,street_address not_for price_digits,,https://www.otherbali.com/places/bodyworks-beauty-seminyak-seminyak
cocoon-medical-spa-seminyak-seminyak,Cocoon Medical Spa Seminyak,Seminyak,25,91,0,0,0,2,13,2026-07-28,62,street_address not_for price_digits,,https://www.otherbali.com/places/cocoon-medical-spa-seminyak-seminyak
prana-spa-yoga-fitness-adjacent-seminyak,Prana Spa / Yoga fitness-adjacent,Seminyak,25,91,0,0,0,2,2,2026-07-28,62,street_address not_for price_digits,,https://www.otherbali.com/places/prana-spa-yoga-fitness-adjacent-seminyak
rejuvie-aesthetic-bali-seminyak-seminyak,Rejuvie Aesthetic Bali Seminyak,Seminyak,25,91,0,0,0,2,2,2026-07-28,62,street_address not_for price_digits,,https://www.otherbali.com/places/rejuvie-aesthetic-bali-seminyak-seminyak
soham-wellness-center-seminyak,Soham Wellness Center,Seminyak,25,91,0,0,0,2,2,2026-07-28,62,hours street_address price_digits,,https://www.otherbali.com/places/soham-wellness-center-seminyak
therapy-hair-spa-seminyak,Therapy Hair & Spa Seminyak,Seminyak,25,91,0,0,0,2,2,2026-07-29,61,street_address not_for price_digits,,https://www.otherbali.com/places/therapy-hair-spa-seminyak
takk-bali,TAKK Bali,Seminyak,25,90,0,0,0,3,3,2026-08-11,48,price_digits,,https://www.otherbali.com/places/takk-bali
glo-day-spa-salon-seminyak-seminyak,Glo Day Spa & Salon Seminyak,Seminyak,25,86,0,0,0,2,2,2026-07-28,62,street_address price_digits,,https://www.otherbali.com/places/glo-day-spa-salon-seminyak-seminyak
prana-yoga-seminyak,Prana Yoga,Seminyak,25,86,0,0,0,2,2,2026-07-28,62,street_address price_digits,,https://www.otherbali.com/places/prana-yoga-seminyak
rob-peetoom-hair-spa-bali-seminyak,Rob Peetoom Hair Spa Bali,Seminyak,25,86,0,0,0,2,2,2026-07-28,62,street_address price_digits,,https://www.otherbali.com/places/rob-peetoom-hair-spa-bali-seminyak
the-shampoo-lounge-seminyak-seminyak,The Shampoo Lounge Seminyak,Seminyak,25,86,0,0,0,2,2,2026-07-28,62,street_address price_digits,,https://www.otherbali.com/places/the-shampoo-lounge-seminyak-seminyak
nui-da-mano-beachfront-restaurant-in-batu-belig,Nui da Mano - Beachfront Restaurant in Batu Belig,Seminyak,25,85,0,0,0,3,3,2026-08-11,48,,,https://www.otherbali.com/places/nui-da-mano-beachfront-restaurant-in-batu-belig
sees-bali-cafe-and-eatery,Sees Bali Cafe & Eatery,Kuta & Legian,26,1041,1,0,0,2,2,2026-07-28,62,best_for not_for price_digits,,https://www.otherbali.com/places/sees-bali-cafe-and-eatery
ganesha-ek-sanskriti-at-lippo-mall-kuta,Ganesha Ek Sanskriti at Lippo Mall Kuta,Kuta & Legian,26,281,0,1,2,2,2,2026-07-28,62,best_for not_for price_digits,,https://www.otherbali.com/places/ganesha-ek-sanskriti-at-lippo-mall-kuta
hammerhead-fitness,Hammerhead Fitness,Kuta & Legian,26,247,0,1,0,2,6,2026-07-20,70,hours street_address not_for price_digits,,https://www.otherbali.com/places/hammerhead-fitness
pole-studio-bali,Pole Studio Bali,Kuta & Legian,26,247,0,1,0,2,4,2026-07-20,70,hours street_address not_for price_digits,,https://www.otherbali.com/places/pole-studio-bali
bali-green-surf,Bali Green Surf,Kuta & Legian,26,246,0,1,0,2,4,2026-07-29,61,hours street_address not_for price_digits,,https://www.otherbali.com/places/bali-green-surf
ground-zero-kitchen,Ground Zero Kitchen,Kuta & Legian,26,246,0,1,0,2,2,2026-07-28,62,street_address best_for not_for price_digits,,https://www.otherbali.com/places/ground-zero-kitchen
pantai-kuta,Pantai Kuta,Kuta & Legian,26,246,0,1,0,2,2,2026-07-29,61,hours street_address not_for price_digits,,https://www.otherbali.com/places/pantai-kuta
shally-s-dining-at-lippo-mall-kuta,Shally's Dining at Lippo Mall Kuta,Kuta & Legian,26,241,0,1,0,2,2,2026-07-28,62,best_for not_for price_digits,,https://www.otherbali.com/places/shally-s-dining-at-lippo-mall-kuta
lobby-bar-at-discovery-kartika-plaza-hotel,Lobby Bar at Discovery Kartika Plaza Hotel,Kuta & Legian,26,86,0,0,2,2,2,2026-07-28,62,hours best_for not_for price_digits,,https://www.otherbali.com/places/lobby-bar-at-discovery-kartika-plaza-hotel
tupai-bar-at-discovery-kartika-plaza-hotel,Tupai Bar at Discovery Kartika Plaza Hotel,Kuta & Legian,26,86,0,0,2,2,2,2026-07-28,62,hours best_for not_for price_digits,,https://www.otherbali.com/places/tupai-bar-at-discovery-kartika-plaza-hotel
ganesha-ek-sanskriti-at-discovery-mall-kuta-bali,Ganesha Ek Sanskriti at Discovery Mall Kuta Bali,Kuta & Legian,26,81,0,0,2,2,2,2026-07-28,62,best_for not_for price_digits,,https://www.otherbali.com/places/ganesha-ek-sanskriti-at-discovery-mall-kuta-bali
sunset-pilates-legian,Sunset Pilates Legian,Kuta & Legian,26,77,0,0,0,2,4,,999,hours street_address not_for price_digits,,https://www.otherbali.com/places/sunset-pilates-legian
aribar-tapas-cantina,Aribar Tapas Cantina,Kuta & Legian,26,76,0,0,2,2,83,2026-07-28,62,not_for price_digits,,https://www.otherbali.com/places/aribar-tapas-cantina
kabar-grill,KaBar Grill,Kuta & Legian,26,76,0,0,2,2,2,2026-07-28,62,not_for price_digits,,https://www.otherbali.com/places/kabar-grill
ganesha-ek-sanskriti-discovery-mall-kuta-bali,Ganesha Ek Sanskriti (Discovery Mall Kuta Bali),Kuta & Legian,26,71,0,0,1,2,2,2026-07-30,60,hours website best_for not_for price_digits,,https://www.otherbali.com/places/ganesha-ek-sanskriti-discovery-mall-kuta-bali
anjali-spa-kuta-legian,Anjali Spa,Kuta & Legian,26,68,0,0,1,3,27,2026-08-25,34,hours street_address not_for,,https://www.otherbali.com/places/anjali-spa-kuta-legian
body-worship-bali-kuta-legian,Body Worship Bali,Kuta & Legian,26,68,0,0,1,3,6,2026-08-25,34,hours street_address not_for,,https://www.otherbali.com/places/body-worship-bali-kuta-legian
galuh-bali-spa-kuta-kuta-legian,Galuh Bali Spa Kuta,Kuta & Legian,26,68,0,0,1,3,3,2026-08-25,34,hours street_address not_for,,https://www.otherbali.com/places/galuh-bali-spa-kuta-kuta-legian
celebrity-fitness,Celebrity Fitness,Kuta & Legian,26,67,0,0,1,2,8,2026-07-20,70,hours street_address not_for price_digits,,https://www.otherbali.com/places/celebrity-fitness
away-bali-legian-camakila,Away Bali Legian Camakila,Kuta & Legian,26,66,0,0,1,2,2,2026-07-28,62,hours best_for not_for price_digits,,https://www.otherbali.com/places/away-bali-legian-camakila
capibarra-restaurant-and-bar-kuta,Capibarra Restaurant & Bar Kuta,Kuta & Legian,26,66,0,0,1,2,2,2026-07-28,62,hours best_for not_for price_digits,,https://www.otherbali.com/places/capibarra-restaurant-and-bar-kuta
sushi-casa,Sushi Casa,Kuta & Legian,26,66,0,0,1,2,2,2026-07-28,62,website best_for not_for price_digits,,https://www.otherbali.com/places/sushi-casa
bali-green-spa-kuta-legian,Bali Green Spa,Kuta & Legian,26,63,0,0,1,3,27,2026-08-25,34,hours not_for,,https://www.otherbali.com/places/bali-green-spa-kuta-legian
bali-orchid-spa-kuta-legian,Bali Orchid Spa,Kuta & Legian,26,63,0,0,1,3,27,2026-08-25,34,hours not_for,,https://www.otherbali.com/places/bali-orchid-spa-kuta-legian
cozy-spa-bali-kuta-legian,COZY SPA BALI,Kuta & Legian,26,63,0,0,1,3,3,2026-08-25,34,hours not_for,,https://www.otherbali.com/places/cozy-spa-bali-kuta-legian
la-karma-spa-kuta-legian,La Karma Spa,Kuta & Legian,27,63,0,0,1,2,2,2026-08-25,34,hours street_address not_for price_digits,,https://www.otherbali.com/places/la-karma-spa-kuta-legian
pavilion-surf-club-kuta-legian,Pavilion Surf Club,Kuta & Legian,27,63,0,0,1,2,3,2026-08-25,34,hours street_address not_for price_digits,,https://www.otherbali.com/places/pavilion-surf-club-kuta-legian
pullman-bali-legian-beach-kuta-legian,Pullman Bali Legian Beach,Kuta & Legian,27,63,0,0,1,2,2,2026-08-25,34,hours street_address not_for price_digits,,https://www.otherbali.com/places/pullman-bali-legian-beach-kuta-legian
th-home-service-spa-and-massage-kuta-legian,Th home service spa and massage,Kuta & Legian,27,63,0,0,1,2,2,2026-08-25,34,hours street_address not_for price_digits,,https://www.otherbali.com/places/th-home-service-spa-and-massage-kuta-legian
usadha-spa-kuta-legian,Usadha Spa,Kuta & Legian,27,63,0,0,1,2,2,2026-08-25,34,hours street_address not_for price_digits,,https://www.otherbali.com/places/usadha-spa-kuta-legian
donbiu-at-padma-resort-legian,DONBIU at Padma Resort Legian,Kuta & Legian,27,61,0,0,1,2,2,2026-07-28,62,best_for not_for price_digits,,https://www.otherbali.com/places/donbiu-at-padma-resort-legian
hard-rock-cafe-bali,Hard Rock Cafe Bali,Kuta & Legian,27,61,0,0,1,2,2,2026-07-28,62,best_for not_for price_digits,,https://www.otherbali.com/places/hard-rock-cafe-bali
mozzarella-on-padma,Mozzarella On Padma,Kuta & Legian,27,61,0,0,1,2,2,2026-07-28,62,best_for not_for price_digits,,https://www.otherbali.com/places/mozzarella-on-padma
poppies-restaurant,Poppies Restaurant,Kuta & Legian,27,61,0,0,1,2,2,2026-07-28,62,best_for not_for price_digits,,https://www.otherbali.com/places/poppies-restaurant
skai-bar-and-grill,SKAI Bar & Grill,Kuta & Legian,27,61,0,0,1,2,2,2026-07-28,62,best_for not_for price_digits,,https://www.otherbali.com/places/skai-bar-and-grill
sunset-bar-and-lounge-at-discovery-kartika-plaza-hotel,Sunset Bar and Lounge at Discovery Kartika Plaza Hotel,Kuta & Legian,27,61,0,0,1,2,2,2026-07-28,62,best_for not_for price_digits,,https://www.otherbali.com/places/sunset-bar-and-lounge-at-discovery-kartika-plaza-hotel
tenkai-japanese-nikkei-restaurant-at-padma-resort-legian,TENKAI Japanese Nikkei Restaurant at Padma Resort Legian,Kuta & Legian,27,61,0,0,1,2,2,2026-07-28,62,best_for not_for price_digits,,https://www.otherbali.com/places/tenkai-japanese-nikkei-restaurant-at-padma-resort-legian
celestine-spa-kuta-legian,Celestine Spa,Kuta & Legian,27,58,0,0,1,2,2,2026-08-25,34,hours street_address price_digits,,https://www.otherbali.com/places/celestine-spa-kuta-legian
glory-massage-bali-kuta-legian,Glory Massage Bali,Kuta & Legian,27,58,0,0,1,2,2,2026-08-25,34,hours not_for price_digits,,https://www.otherbali.com/places/glory-massage-bali-kuta-legian
glow-spa-bali-kuta-legian,Glow Spa Bali,Kuta & Legian,27,58,0,0,1,2,2,2026-08-25,34,hours street_address not_for,,https://www.otherbali.com/places/glow-spa-bali-kuta-legian
kokuo-family-massage-reflexology-kuta-legian,Kokuo Family Massage & Reflexology,Kuta & Legian,27,58,0,0,1,2,2,2026-08-25,34,hours not_for price_digits,,https://www.otherbali.com/places/kokuo-family-massage-reflexology-kuta-legian
lux-day-spa-kuta-legian,Lux Day Spa,Kuta & Legian,27,58,0,0,1,2,2,2026-08-25,34,hours street_address not_for,,https://www.otherbali.com/places/lux-day-spa-kuta-legian
putu-bali-spa-home-care-kuta-legian,Putu Bali Spa Home Care,Kuta & Legian,27,58,0,0,1,2,2,2026-08-25,34,hours street_address not_for,,https://www.otherbali.com/places/putu-bali-spa-home-care-kuta-legian
revitalize-massage-kuta-legian,Revitalize Massage,Kuta & Legian,27,58,0,0,1,2,2,2026-08-25,34,hours not_for price_digits,,https://www.otherbali.com/places/revitalize-massage-kuta-legian
boardwalk-restaurant-bali,Boardwalk Restaurant Bali,Kuta & Legian,27,56,0,0,1,2,2,2026-07-28,62,not_for price_digits,,https://www.otherbali.com/places/boardwalk-restaurant-bali
daily-social,Daily Social,Kuta & Legian,27,56,0,0,1,2,2,2026-07-28,62,not_for price_digits,,https://www.otherbali.com/places/daily-social
envy-restaurant,ENVY Restaurant,Kuta & Legian,27,56,0,0,1,2,2,2026-07-28,62,not_for price_digits,,https://www.otherbali.com/places/envy-restaurant
rosso-vivo-dine-and-lounge,Rosso Vivo Dine & Lounge,Kuta & Legian,27,56,0,0,1,2,2,2026-07-28,62,not_for price_digits,,https://www.otherbali.com/places/rosso-vivo-dine-and-lounge
temple-by-ginger-moon,Temple by Ginger Moon,Kuta & Legian,27,56,0,0,1,2,2,2026-07-28,62,not_for price_digits,,https://www.otherbali.com/places/temple-by-ginger-moon
the-naked-tiger,THE NAKED TIGER,Kuta & Legian,27,56,0,0,1,2,2,2026-07-28,62,not_for price_digits,,https://www.otherbali.com/places/the-naked-tiger
warung-damar,Warung Damar,Kuta & Legian,28,56,0,0,1,2,2,2026-07-28,62,not_for price_digits,,https://www.otherbali.com/places/warung-damar
glow-spa-mandira-kuta-legian,Glow Spa Mandira,Kuta & Legian,28,53,0,0,1,2,2,2026-08-25,34,hours not_for,,https://www.otherbali.com/places/glow-spa-mandira-kuta-legian
ministry-of-villas-kuta-legian,Ministry of Villas,Kuta & Legian,28,53,0,0,1,2,2,2026-08-25,34,hours not_for,,https://www.otherbali.com/places/ministry-of-villas-kuta-legian
taman-air-spa-kuta-legian,Taman Air Spa,Kuta & Legian,28,53,0,0,1,2,2,2026-08-25,34,hours not_for,,https://www.otherbali.com/places/taman-air-spa-kuta-legian
tonic-kuta-legian,Tonic,Kuta & Legian,28,53,0,0,1,2,2,2026-08-25,34,hours not_for,,https://www.otherbali.com/places/tonic-kuta-legian
yes-spa-bali-yes-hair-bliss-kuta-legian,Yes Spa Bali & Yes Hair Bliss,Kuta & Legian,28,53,0,0,1,2,2,2026-08-25,34,hours not_for,,https://www.otherbali.com/places/yes-spa-bali-yes-hair-bliss-kuta-legian
anika-gym,Anika Gym,Kuta & Legian,28,52,0,0,0,2,8,2026-07-20,70,hours street_address website not_for price_digits,,https://www.otherbali.com/places/anika-gym
rai-fitness-sunset-bali,Rai Fitness Sunset Bali,Kuta & Legian,28,52,0,0,0,2,5,2026-07-20,70,hours street_address website not_for price_digits,,https://www.otherbali.com/places/rai-fitness-sunset-bali
azul-beach-club-legian,Azul Beach Club,Kuta & Legian,28,51,0,0,0,2,3,2026-07-29,61,hours street_address website not_for price_digits,,https://www.otherbali.com/places/azul-beach-club-legian
big-fish-grill-the-stones-legian-bali,"Big Fish Grill (The Stones – Legian, Bali)",Kuta & Legian,28,51,0,0,0,2,2,2026-07-30,60,hours website best_for not_for price_digits,,https://www.otherbali.com/places/big-fish-grill-the-stones-legian-bali
caseys-spa-beauty-salon-legian,Casey's Spa & Beauty Salon,Kuta & Legian,28,51,0,0,0,2,3,2026-07-29,61,hours street_address website not_for price_digits,,https://www.otherbali.com/places/caseys-spa-beauty-salon-legian
coffee-cartel-legian,Coffee Cartel,Kuta & Legian,28,51,0,0,0,2,4,2026-07-29,61,hours street_address website not_for price_digits,,https://www.otherbali.com/places/coffee-cartel-legian
crumb-and-coaster-kuta,Crumb & Coaster,Kuta & Legian,28,51,0,0,0,2,4,2026-07-29,61,hours street_address website not_for price_digits,,https://www.otherbali.com/places/crumb-and-coaster-kuta
engine-room-legian,Engine Room,Kuta & Legian,28,51,0,0,0,2,3,2026-07-29,61,hours street_address website not_for price_digits,,https://www.otherbali.com/places/engine-room-legian
gioi-ocean-gourmet,GIOI Ocean Gourmet,Kuta & Legian,28,51,0,0,0,2,2,2026-07-28,62,street_address website best_for not_for price_digits,,https://www.otherbali.com/places/gioi-ocean-gourmet
henry-s-steakhouse,HENRY'S Steakhouse,Kuta & Legian,28,51,0,0,0,2,2,2026-07-28,62,street_address website best_for not_for price_digits,,https://www.otherbali.com/places/henry-s-steakhouse
kimukatsu-beach-walk-bali,Kimukatsu (Beach Walk Bali),Kuta & Legian,28,51,0,0,0,2,2,2026-07-30,60,hours website best_for not_for price_digits,,https://www.otherbali.com/places/kimukatsu-beach-walk-bali
kupu-kupu-day-spa-legian,Kupu Kupu Day Spa,Kuta & Legian,28,51,0,0,0,2,3,2026-07-29,61,hours street_address website not_for price_digits,,https://www.otherbali.com/places/kupu-kupu-day-spa-legian
lobby-bar-discovery-kartika-plaza-hotel,Lobby Bar (Discovery Kartika Plaza Hotel),Kuta & Legian,28,51,0,0,0,2,2,2026-07-30,60,hours website best_for not_for price_digits,,https://www.otherbali.com/places/lobby-bar-discovery-kartika-plaza-hotel
mades-warung-kuta,Made's Warung,Kuta & Legian,28,51,0,0,0,2,3,2026-07-29,61,hours street_address website not_for price_digits,,https://www.otherbali.com/places/mades-warung-kuta
mozzarella-by-the-sea-the-bandha-hotel-and-suites,Mozzarella by The Sea (The Bandha Hotel and Suites),Kuta & Legian,28,51,0,0,0,2,4,2026-07-30,60,hours website best_for not_for price_digits,,https://www.otherbali.com/places/mozzarella-by-the-sea-the-bandha-hotel-and-suites
palms-restaurant-holiday-inn-resort-baruna-bali,Palms Restaurant (Holiday Inn Resort Baruna Bali),Kuta & Legian,28,51,0,0,0,2,2,2026-07-30,60,hours website best_for not_for price_digits,,https://www.otherbali.com/places/palms-restaurant-holiday-inn-resort-baruna-bali
rip-curl-surf-school-kuta-legian,Rip Curl Surf School,Kuta & Legian,28,51,0,0,0,2,4,2026-07-29,61,hours street_address website not_for price_digits,,https://www.otherbali.com/places/rip-curl-surf-school-kuta-legian
sokube-restaurant-and-bar-at-discovery-kartika-plaza-hotel,Sokube Restaurant and Bar at Discovery Kartika Plaza Hotel,Kuta & Legian,28,51,0,0,0,2,2,2026-07-28,62,hours website best_for not_for price_digits,,https://www.otherbali.com/places/sokube-restaurant-and-bar-at-discovery-kartika-plaza-hotel
tapas-tapas-bali-grand-livio-kuta-hotel,Tapas Tapas Bali (Grand Livio Kuta Hotel),Kuta & Legian,28,51,0,0,0,2,2,2026-07-30,60,hours website best_for not_for price_digits,,https://www.otherbali.com/places/tapas-tapas-bali-grand-livio-kuta-hotel
tupai-bar-discovery-kartika-plaza-hotel,Tupai Bar (Discovery Kartika Plaza Hotel),Kuta & Legian,29,51,0,0,0,2,2,2026-07-30,60,hours website best_for not_for price_digits,,https://www.otherbali.com/places/tupai-bar-discovery-kartika-plaza-hotel
warung-kampung-legian,Warung Kampung,Kuta & Legian,29,51,0,0,0,2,3,2026-07-29,61,hours street_address website not_for price_digits,,https://www.otherbali.com/places/warung-kampung-legian
drifter-kayu-aya,Drifter Kayu Aya,Kuta & Legian,29,47,0,0,0,2,4,2026-07-20,70,hours street_address not_for price_digits,,https://www.otherbali.com/places/drifter-kayu-aya
kros-tennis-bali,Kros Tennis Bali,Kuta & Legian,29,47,0,0,0,2,2,2026-07-20,70,hours street_address not_for price_digits,,https://www.otherbali.com/places/kros-tennis-bali
motion-skatepark,Motion Skatepark,Kuta & Legian,29,47,0,0,0,2,2,2026-07-20,70,hours street_address not_for price_digits,,https://www.otherbali.com/places/motion-skatepark
bella-italia-at-legian,Bella Italia at Legian,Kuta & Legian,29,46,0,0,0,2,2,2026-07-28,62,website best_for not_for price_digits,,https://www.otherbali.com/places/bella-italia-at-legian
fork-bali,FORK Bali,Kuta & Legian,29,46,0,0,0,2,2,2026-07-28,62,hours best_for not_for price_digits,,https://www.otherbali.com/places/fork-bali
gabah-padma-bali-restaurant-bali-at-rama-residence-padma-hotel,Gabah Padma Bali Restaurant Bali at Rama Residence Padma Hotel,Kuta & Legian,29,46,0,0,0,2,2,2026-07-28,62,website best_for not_for price_digits,,https://www.otherbali.com/places/gabah-padma-bali-restaurant-bali-at-rama-residence-padma-hotel
gateway-of-india-at-kuta,Gateway of India at Kuta,Kuta & Legian,29,46,0,0,0,2,2,2026-07-28,62,website best_for not_for price_digits,,https://www.otherbali.com/places/gateway-of-india-at-kuta
jasmine-aromatic-house,Jasmine Aromatic House,Kuta & Legian,29,46,0,0,0,2,2,2026-07-29,61,hours street_address not_for price_digits,,https://www.otherbali.com/places/jasmine-aromatic-house
la-casa-mexican-and-sunset-bar-at-anantara-vacation-club,La Casa Mexican and Sunset Bar at Anantara Vacation Club,Kuta & Legian,29,46,0,0,0,2,2,2026-07-28,62,website best_for not_for price_digits,,https://www.otherbali.com/places/la-casa-mexican-and-sunset-bar-at-anantara-vacation-club
moson-bali-villa-and-eatery,MOSON BALI VILLA & EATERY,Kuta & Legian,29,46,0,0,0,2,2,2026-07-28,62,website best_for not_for price_digits,,https://www.otherbali.com/places/moson-bali-villa-and-eatery
marina-bali-seafood,Marina Bali Seafood,Kuta & Legian,29,46,0,0,0,2,2,2026-07-28,62,website best_for not_for price_digits,,https://www.otherbali.com/places/marina-bali-seafood
pangi-bistro,Pangi Bistro,Kuta & Legian,29,46,0,0,0,2,2,2026-07-28,62,website best_for not_for price_digits,,https://www.otherbali.com/places/pangi-bistro
posers-pub-and-restaurant,Posers Pub & Restaurant,Kuta & Legian,29,46,0,0,0,2,2,2026-07-28,62,website best_for not_for price_digits,,https://www.otherbali.com/places/posers-pub-and-restaurant
skai-beach-club-legian,S.K.A.I Beach Club,Kuta & Legian,29,46,0,0,0,2,3,2026-07-29,61,hours street_address not_for price_digits,,https://www.otherbali.com/places/skai-beach-club-legian
sate-khas-senayan-beachwalk,Sate Khas Senayan,Kuta & Legian,29,46,0,0,0,2,2,2026-07-29,61,hours street_address website price_digits,,https://www.otherbali.com/places/sate-khas-senayan-beachwalk
sendok-emas-bar-and-restaurant,Sendok Emas Bar & Restaurant,Kuta & Legian,29,46,0,0,0,2,2,2026-07-28,62,website best_for not_for price_digits,,https://www.otherbali.com/places/sendok-emas-bar-and-restaurant
stadium-cafe,Stadium Cafe,Kuta & Legian,29,46,0,0,0,2,2,2026-07-28,62,website best_for not_for price_digits,,https://www.otherbali.com/places/stadium-cafe
street-32-at-mamaka-by-ovolo,Street 32 at Mamaka by Ovolo,Kuta & Legian,29,46,0,0,0,2,2,2026-07-28,62,hours best_for not_for price_digits,,https://www.otherbali.com/places/street-32-at-mamaka-by-ovolo
the-pond-restaurant,The Pond Restaurant,Kuta & Legian,29,46,0,0,0,2,2,2026-07-28,62,hours best_for not_for price_digits,,https://www.otherbali.com/places/the-pond-restaurant
vrindavan-100-pure-indian-vegetarian-and-vegan-restaurant-at-kuta,Vrindavan 100% Pure Indian Vegetarian & Vegan Restaurant at Kuta,Kuta & Legian,29,46,0,0,0,2,2,2026-07-28,62,website best_for not_for price_digits,,https://www.otherbali.com/places/vrindavan-100-pure-indian-vegetarian-and-vegan-restaurant-at-kuta
yoga-108-bali-kuta-legian,Yoga 108 Bali,Kuta & Legian,29,46,0,0,0,2,4,2026-07-29,61,hours street_address not_for price_digits,,https://www.otherbali.com/places/yoga-108-bali-kuta-legian
makan-place-kuta-legian,Makan Place,Kuta & Legian,29,43,0,0,0,2,2,2026-08-25,34,hours street_address not_for price_digits,,https://www.otherbali.com/places/makan-place-kuta-legian
the-one-legian-hotel-kuta-legian,The ONE Legian Hotel,Kuta & Legian,29,43,0,0,0,2,2,2026-08-25,34,hours street_address not_for price_digits,,https://www.otherbali.com/places/the-one-legian-hotel-kuta-legian
crossfit-seminyak,Crossfit Seminyak,Kuta & Legian,30,42,0,0,0,2,4,2026-07-20,70,hours street_address price_digits,,https://www.otherbali.com/places/crossfit-seminyak
al-dente-cucina-italiana-and-lounge,Al Dente Cucina Italiana & Lounge,Kuta & Legian,30,41,0,0,0,2,83,2026-07-28,62,best_for not_for price_digits,,https://www.otherbali.com/places/al-dente-cucina-italiana-and-lounge
atithi-indian-restaurant-and-bar,"Atithi, Indian Restaurant & Bar",Kuta & Legian,30,41,0,0,0,2,5,2026-07-28,62,best_for not_for price_digits,,https://www.otherbali.com/places/atithi-indian-restaurant-and-bar
beras-merah-waroeng-and-bar-at-adhi-jaya-hotel-kuta,Beras Merah Waroeng and Bar at Adhi Jaya Hotel Kuta,Kuta & Legian,30,41,0,0,0,2,2,2026-07-28,62,best_for not_for price_digits,,https://www.otherbali.com/places/beras-merah-waroeng-and-bar-at-adhi-jaya-hotel-kuta
bluefin-japanese-fusion-and-lounge,Bluefin Japanese Fusion & Lounge,Kuta & Legian,30,41,0,0,0,2,2,2026-07-28,62,best_for not_for price_digits,,https://www.otherbali.com/places/bluefin-japanese-fusion-and-lounge
chaskaa-modern-indian-cuisine-and-bar-at-kuta,Chaskaa Modern Indian Cuisine and Bar at Kuta,Kuta & Legian,30,41,0,0,0,2,2,2026-07-28,62,best_for not_for price_digits,,https://www.otherbali.com/places/chaskaa-modern-indian-cuisine-and-bar-at-kuta
coco-bistro-at-kuta-square,Coco Bistro at Kuta Square,Kuta & Legian,30,41,0,0,0,2,2,2026-07-28,62,best_for not_for price_digits,,https://www.otherbali.com/places/coco-bistro-at-kuta-square
el-jardin-steakhouse-by-andrea-peresthu,El Jardin Steakhouse by Andrea Peresthu,Kuta & Legian,30,41,0,0,0,2,2,2026-07-28,62,best_for not_for price_digits,,https://www.otherbali.com/places/el-jardin-steakhouse-by-andrea-peresthu
gabah-restaurant-and-bar,Gabah Restaurant & Bar,Kuta & Legian,30,41,0,0,0,2,2,2026-07-28,62,best_for not_for price_digits,,https://www.otherbali.com/places/gabah-restaurant-and-bar
ganesha-ek-sanskriti-at-lippo-plaza-sunset-road,Ganesha Ek Sanskriti at Lippo Plaza Sunset Road,Kuta & Legian,30,41,0,0,0,2,2,2026-07-28,62,best_for not_for price_digits,,https://www.otherbali.com/places/ganesha-ek-sanskriti-at-lippo-plaza-sunset-road
kin-thai-kitchen,Kin Thai Kitchen,Kuta & Legian,30,41,0,0,0,2,2,2026-07-28,62,best_for not_for price_digits,,https://www.otherbali.com/places/kin-thai-kitchen
kuta-social-club,Kuta Social Club,Kuta & Legian,30,41,0,0,0,2,2,2026-07-28,62,best_for not_for price_digits,,https://www.otherbali.com/places/kuta-social-club
marble-8-restaurant-at-dream-of-aventus,Marble 8 Restaurant at Dream of Aventus,Kuta & Legian,30,41,0,0,0,2,2,2026-07-28,62,best_for not_for price_digits,,https://www.otherbali.com/places/marble-8-restaurant-at-dream-of-aventus
mozzarella-restaurant-at-the-magani-hotel-and-spa,Mozzarella Restaurant at The Magani Hotel and Spa,Kuta & Legian,30,41,0,0,0,2,2,2026-07-28,62,best_for not_for price_digits,,https://www.otherbali.com/places/mozzarella-restaurant-at-the-magani-hotel-and-spa
papas-beach-cafe-at-alamkulkul-boutique-resort,Papas Beach Cafe at AlamKulkul Boutique Resort,Kuta & Legian,30,41,0,0,0,2,2,2026-07-28,62,best_for not_for price_digits,,https://www.otherbali.com/places/papas-beach-cafe-at-alamkulkul-boutique-resort
queen-s-of-india-at-kuta,Queen's of India at Kuta,Kuta & Legian,30,41,0,0,0,2,2,2026-07-28,62,best_for not_for price_digits,,https://www.otherbali.com/places/queen-s-of-india-at-kuta
seafood-house-restaurant,Seafood House Restaurant,Kuta & Legian,30,41,0,0,0,2,2,2026-07-28,62,best_for not_for price_digits,,https://www.otherbali.com/places/seafood-house-restaurant
spice-mantraa-at-kuta,Spice Mantraa at Kuta,Kuta & Legian,30,41,0,0,0,2,2,2026-07-28,62,best_for not_for price_digits,,https://www.otherbali.com/places/spice-mantraa-at-kuta
sukun-restaurant-kuta-at-amnaya-resort-kuta,Sukun Restaurant Kuta at Amnaya Resort Kuta,Kuta & Legian,30,41,0,0,0,2,2,2026-07-28,62,best_for not_for price_digits,,https://www.otherbali.com/places/sukun-restaurant-kuta-at-amnaya-resort-kuta
take-authentic-japanese-cuisine,TAKE Authentic Japanese Cuisine,Kuta & Legian,30,41,0,0,0,2,2,2026-07-28,62,best_for not_for price_digits,,https://www.otherbali.com/places/take-authentic-japanese-cuisine
tebu-merah-restaurant-at-fairfield-by-marriott-bali-legian,Tebu Merah Restaurant at Fairfield by Marriott Bali Legian,Kuta & Legian,30,41,0,0,0,2,2,2026-07-28,62,best_for not_for price_digits,,https://www.otherbali.com/places/tebu-merah-restaurant-at-fairfield-by-marriott-bali-legian
the-bandha-hotel-and-suites,The Bandha Hotel & Suites,Kuta & Legian,30,41,0,0,0,2,2,2026-07-28,62,hours not_for price_digits,,https://www.otherbali.com/places/the-bandha-hotel-and-suites
the-coffee-club-legian-at-anantara-vacation-club,The Coffee Club Legian at Anantara Vacation Club,Kuta & Legian,30,41,0,0,0,2,2,2026-07-28,62,best_for not_for price_digits,,https://www.otherbali.com/places/the-coffee-club-legian-at-anantara-vacation-club
the-pantry,The Pantry,Kuta & Legian,30,41,0,0,0,2,2,2026-07-28,62,best_for not_for price_digits,,https://www.otherbali.com/places/the-pantry
wanaku-seafood-and-chinese-restaurant,Wanaku Seafood & Chinese Restaurant,Kuta & Legian,30,41,0,0,0,2,2,2026-07-28,62,best_for not_for price_digits,,https://www.otherbali.com/places/wanaku-seafood-and-chinese-restaurant
oaza-uluwatu-kuta-legian,OAZA Uluwatu,Kuta & Legian,31,38,0,0,0,2,2,2026-08-25,34,hours street_address not_for,,https://www.otherbali.com/places/oaza-uluwatu-kuta-legian
padma-resort-legian-kuta-legian,Padma Resort Legian,Kuta & Legian,31,38,0,0,0,2,2,2026-08-25,34,hours street_address price_digits,,https://www.otherbali.com/places/padma-resort-legian-kuta-legian
big-fish-grill,Big Fish Grill,Kuta & Legian,31,36,0,0,0,2,2,2026-07-28,62,not_for price_digits,,https://www.otherbali.com/places/big-fish-grill
ocean-terrace-restaurant-at-legian-beach-hotel,Ocean Terrace Restaurant at Legian Beach Hotel,Kuta & Legian,31,36,0,0,0,2,2,2026-07-28,62,not_for price_digits,,https://www.otherbali.com/places/ocean-terrace-restaurant-at-legian-beach-hotel
rokkyu-teppanyaki-grand-istana-rama-hotel-kuta,Rokkyu Teppanyaki (Grand Istana Rama Hotel Kuta),Kuta & Legian,31,35,0,0,0,2,2,2026-08-11,48,hours website,,https://www.otherbali.com/places/rokkyu-teppanyaki-grand-istana-rama-hotel-kuta
afterglow-bar-and-kitchen-at-tribe-bali-kuta-beach,Afterglow Bar and Kitchen at Tribe Bali Kuta Beach,Kuta & Legian,31,30,0,0,0,2,83,2026-08-11,48,price_digits,,https://www.otherbali.com/places/afterglow-bar-and-kitchen-at-tribe-bali-kuta-beach
chamas-brazilian-churrascaria-at-kuta,Chamas Brazilian Churrascaria at Kuta,Kuta & Legian,31,30,0,0,0,2,2,2026-08-11,48,price_digits,,https://www.otherbali.com/places/chamas-brazilian-churrascaria-at-kuta
360-rooftop-at-anantara-uluwatu-bali-resort,360 Rooftop at Anantara Uluwatu Bali Resort,Uluwatu,32,491,0,2,0,2,55,2026-07-28,62,best_for not_for price_digits,,https://www.otherbali.com/places/360-rooftop-at-anantara-uluwatu-bali-resort
warung-bu-jonny-uluwatu,Warung Bu Jonny (Cak Man),Uluwatu,32,318,0,1,0,4,4,2026-07-14,76,hours street_address website price_digits,,https://www.otherbali.com/places/warung-bu-jonny-uluwatu
botol-biru-bar-and-grill-at-anantara-uluwatu-bali-resort,Botol Biru Bar and Grill at Anantara Uluwatu Bali Resort,Uluwatu,32,316,0,1,1,2,2,2026-07-28,62,hours best_for not_for price_digits,,https://www.otherbali.com/places/botol-biru-bar-and-grill-at-anantara-uluwatu-bali-resort
the-wellness-spa-uluwatu-bukit,The Wellness Spa,Uluwatu,32,308,0,1,1,2,2,2026-08-25,34,hours street_address not_for,,https://www.otherbali.com/places/the-wellness-spa-uluwatu-bukit
karma-spa-at-karma-kandara,Karma Spa at Karma Kandara,Uluwatu,32,295,0,1,0,2,2,2026-08-07,52,hours street_address not_for price_digits,,https://www.otherbali.com/places/karma-spa-at-karma-kandara
dorsey-s-barber-shop-uluwatu,Dorsey's Barber Shop Uluwatu,Uluwatu,32,291,0,1,0,1,8,2026-07-28,62,hours street_address website not_for price_digits,,https://www.otherbali.com/places/dorsey-s-barber-shop-uluwatu
natys-restaurant-jimbaran,Natys Restaurant Jimbaran,Uluwatu,32,291,0,1,0,2,2,2026-07-28,62,street_address not_for price_digits,,https://www.otherbali.com/places/natys-restaurant-jimbaran
notte-bali,Notte Bali,Uluwatu,32,291,0,1,0,2,2,2026-07-28,62,best_for not_for price_digits,,https://www.otherbali.com/places/notte-bali
garuda-wisnu-kencana,Garuda Wisnu Kencana,Uluwatu,32,286,0,1,0,1,2,2026-07-29,61,hours street_address not_for price_digits,,https://www.otherbali.com/places/garuda-wisnu-kencana
pantai-pandawa,Pantai Pandawa,Uluwatu,32,286,0,1,0,1,2,2026-07-29,61,hours street_address not_for price_digits,,https://www.otherbali.com/places/pantai-pandawa
ko-japanese-teppanyaki-and-sushi,"KO Japanese Restaurant, Teppanyaki and Sushi",Uluwatu,32,161,0,0,1,7,11,2026-07-28,62,street_address not_for price_digits,,https://www.otherbali.com/places/ko-japanese-teppanyaki-and-sushi
balique-restaurant,Balique,Uluwatu,32,151,0,0,0,8,21,2026-07-28,62,street_address not_for price_digits,,https://www.otherbali.com/places/balique-restaurant
the-cashew-tree,The Cashew Tree,Uluwatu,32,142,0,0,0,7,7,2026-07-19,71,hours website price_digits,,https://www.otherbali.com/places/the-cashew-tree
bella-cucina,Bella Cucina,Uluwatu,32,141,0,0,1,5,11,2026-07-28,62,street_address not_for price_digits,,https://www.otherbali.com/places/bella-cucina
nelayan-restaurant-and-puri-bar,"Nelayan Restaurant and Puri Bar at Jimbaran Puri, A Belmond Hotel, Bali",Uluwatu,32,136,0,0,0,7,7,2026-07-28,62,not_for price_digits,,https://www.otherbali.com/places/nelayan-restaurant-and-puri-bar
warung-ubay-ungasan,Warung Ubay,Uluwatu,32,133,0,0,0,5,5,2026-07-14,76,hours street_address website not_for price_digits,,https://www.otherbali.com/places/warung-ubay-ungasan
anantara-spa-uluwatu-bukit,Anantara Spa,Uluwatu,32,128,0,0,2,3,50,2026-08-25,34,hours,,https://www.otherbali.com/places/anantara-spa-uluwatu-bukit
laia-spa-uluwatu-bukit,LaiA Spa,Uluwatu,32,128,0,0,2,2,2,2026-08-25,34,hours not_for price_digits,,https://www.otherbali.com/places/laia-spa-uluwatu-bukit
rika-beauty-spa-uluwatu-bukit,Rika Beauty & Spa,Uluwatu,32,128,0,0,1,4,4,2026-08-25,34,hours street_address not_for,,https://www.otherbali.com/places/rika-beauty-spa-uluwatu-bukit
warung-local-pecatu,Warung Local,Uluwatu,32,128,0,0,0,5,5,2026-07-14,76,hours street_address website price_digits,,https://www.otherbali.com/places/warung-local-pecatu
svaha-spa-bingin,Svaha Spa Bingin,Uluwatu,32,126,0,0,1,3,3,2026-07-29,61,hours street_address not_for price_digits,,https://www.otherbali.com/places/svaha-spa-bingin
made-s-bakery-cafe-playground,Made’s Bakery Cafe Playground,Uluwatu,32,120,0,0,0,4,4,2026-08-07,52,hours street_address website not_for price_digits,,https://www.otherbali.com/places/made-s-bakery-cafe-playground
babi-guling-bali-ayu-pecatu,Babi Guling Bali Ayu,Uluwatu,32,118,0,0,0,4,4,2026-07-14,76,hours street_address website price_digits,,https://www.otherbali.com/places/babi-guling-bali-ayu-pecatu
professional-massage-uluwatu-uluwatu-bukit,Professional Massage Uluwatu,Uluwatu,32,118,0,0,1,3,3,2026-08-25,34,hours street_address not_for,,https://www.otherbali.com/places/professional-massage-uluwatu-uluwatu-bukit
rose-petal-beauty-center-uluwatu-bukit,Rose Petal Beauty Center,Uluwatu,32,118,0,0,2,1,1,2026-08-25,34,hours not_for price_digits,,https://www.otherbali.com/places/rose-petal-beauty-center-uluwatu-bukit
salty-face-bali-uluwatu-bukit,salty face Bali,Uluwatu,33,118,0,0,1,3,3,2026-08-25,34,hours street_address not_for,,https://www.otherbali.com/places/salty-face-bali-uluwatu-bukit
win-bali-spa-uluwatu-bukit,Win Bali Spa,Uluwatu,33,118,0,0,1,3,3,2026-08-25,34,hours street_address not_for,,https://www.otherbali.com/places/win-bali-spa-uluwatu-bukit
yeyes-warung-uluwatu,Yeye's Warung,Uluwatu,33,118,0,0,0,4,4,2026-07-14,76,hours street_address website price_digits,,https://www.otherbali.com/places/yeyes-warung-uluwatu
drifter-surf-cafe,Drifter Surf Shop & Cafe,Uluwatu,33,117,0,0,0,5,5,2026-07-19,71,hours price_digits,,https://www.otherbali.com/places/drifter-surf-cafe
six-senses-uluwatu-fitness-centre,Six Senses Uluwatu Fitness Centre,Uluwatu,33,117,0,0,0,1,7,,999,hours street_address not_for price_digits,,https://www.otherbali.com/places/six-senses-uluwatu-fitness-centre
six-senses-uluwatu-pilates,Six Senses Uluwatu Pilates,Uluwatu,33,117,0,0,0,1,1,,999,hours street_address not_for price_digits,,https://www.otherbali.com/places/six-senses-uluwatu-pilates
six-senses-uluwatu-yoga-pavilion,Six Senses Uluwatu Yoga Pavilion,Uluwatu,33,117,0,0,0,1,5,,999,hours street_address not_for price_digits,,https://www.otherbali.com/places/six-senses-uluwatu-yoga-pavilion
the-asa-maia-yoga,The Asa Maia Yoga,Uluwatu,33,117,0,0,0,1,4,,999,hours street_address not_for price_digits,,https://www.otherbali.com/places/the-asa-maia-yoga
the-asa-maia-pilates,The Asa Maia Pilates,Uluwatu,33,117,0,0,0,1,1,,999,hours street_address not_for price_digits,,https://www.otherbali.com/places/the-asa-maia-pilates
the-asa-maia-fitness,The Asa Maia Fitness,Uluwatu,33,117,0,0,0,1,4,,999,hours street_address not_for price_digits,,https://www.otherbali.com/places/the-asa-maia-fitness
the-istana-wellness-club,The Istana Wellness Club,Uluwatu,33,117,0,0,0,1,1,,999,hours street_address not_for price_digits,,https://www.otherbali.com/places/the-istana-wellness-club
the-istana-yoga,The Istana Yoga,Uluwatu,33,117,0,0,0,1,1,,999,hours street_address not_for price_digits,,https://www.otherbali.com/places/the-istana-yoga
clay-craft-at-renaissance-bali-uluwatu-resort-and-spa,Clay Craft at Renaissance Bali Uluwatu Resort and Spa,Uluwatu,33,116,0,0,1,2,2,2026-07-28,62,hours best_for not_for price_digits,,https://www.otherbali.com/places/clay-craft-at-renaissance-bali-uluwatu-resort-and-spa
mantra-at-jumeirah-bali,Mantra at Jumeirah Bali,Uluwatu,33,116,0,0,1,2,2,2026-07-28,62,hours best_for not_for price_digits,,https://www.otherbali.com/places/mantra-at-jumeirah-bali
ayana-spa-uluwatu-bukit,AYANA Spa,Uluwatu,33,113,0,0,1,2,49,2026-08-25,34,hours street_address not_for price_digits,,https://www.otherbali.com/places/ayana-spa-uluwatu-bukit
bali-surfing-camp-uluwatu-bukit,Bali Surfing Camp,Uluwatu,33,113,0,0,1,2,2,2026-08-25,34,hours street_address not_for price_digits,,https://www.otherbali.com/places/bali-surfing-camp-uluwatu-bukit
body-studio-bali-uluwatu-bukit,Body Studio Bali,Uluwatu,33,113,0,0,1,2,2,2026-08-25,34,hours street_address not_for price_digits,,https://www.otherbali.com/places/body-studio-bali-uluwatu-bukit
holiday-inn-resort-baruna-bali-tea-tree-spa-uluwatu-bukit,Holiday Inn Resort Baruna Bali - Tea Tree Spa,Uluwatu,33,113,0,0,1,3,3,2026-08-25,34,hours not_for,,https://www.otherbali.com/places/holiday-inn-resort-baruna-bali-tea-tree-spa-uluwatu-bukit
la-joya-uluwatu-bukit,La Joya,Uluwatu,33,113,0,0,1,2,2,2026-08-25,34,hours street_address not_for price_digits,,https://www.otherbali.com/places/la-joya-uluwatu-bukit
pandawa-cliff-estate-uluwatu-bukit,Pandawa Cliff Estate,Uluwatu,33,113,0,0,1,2,2,2026-08-25,34,hours street_address not_for price_digits,,https://www.otherbali.com/places/pandawa-cliff-estate-uluwatu-bukit
shiki-spa-uluwatu-bukit,Shiki Spa,Uluwatu,33,113,0,0,1,3,3,2026-08-25,34,hours not_for,,https://www.otherbali.com/places/shiki-spa-uluwatu-bukit
sohamsa-ocean-estate-uluwatu-bukit,Sohamsa Ocean Estate,Uluwatu,33,113,0,0,1,2,2,2026-08-25,34,hours street_address not_for price_digits,,https://www.otherbali.com/places/sohamsa-ocean-estate-uluwatu-bukit
spa-shell-uluwatu-bukit,Spa Shell,Uluwatu,33,113,0,0,1,3,3,2026-08-25,34,hours not_for,,https://www.otherbali.com/places/spa-shell-uluwatu-bukit
svaha-spa-melasti-uluwatu-bukit,Svaha Spa Melasti,Uluwatu,33,113,0,0,1,2,2,2026-08-25,34,hours street_address not_for price_digits,,https://www.otherbali.com/places/svaha-spa-melasti-uluwatu-bukit
the-istana-spa-uluwatu-bukit,The Istana Spa,Uluwatu,33,113,0,0,1,2,2,2026-08-25,34,hours street_address not_for price_digits,,https://www.otherbali.com/places/the-istana-spa-uluwatu-bukit
the-spa-uluwatu-bukit,The Spa,Uluwatu,34,113,0,0,1,2,2,2026-08-25,34,hours street_address not_for price_digits,,https://www.otherbali.com/places/the-spa-uluwatu-bukit
the-ungasan-uluwatu-bukit,The Ungasan,Uluwatu,34,113,0,0,1,2,2,2026-08-25,34,hours street_address not_for price_digits,,https://www.otherbali.com/places/the-ungasan-uluwatu-bukit
akasa-at-jumeirah-bali,Akasa at Jumeirah Bali,Uluwatu,34,111,0,0,1,2,55,2026-07-28,62,best_for not_for price_digits,,https://www.otherbali.com/places/akasa-at-jumeirah-bali
double-ikat,Double Ikat Restaurant at Renaissance Bali Uluwatu Resort & Spa,Uluwatu,34,111,0,0,1,2,2,2026-07-28,62,best_for not_for price_digits,,https://www.otherbali.com/places/double-ikat
kokoon-uluwatu-at-vanara-resort-and-spa,Kokoon Uluwatu at VANARA Resort & Spa,Uluwatu,34,111,0,0,1,2,2,2026-07-28,62,hours not_for price_digits,,https://www.otherbali.com/places/kokoon-uluwatu-at-vanara-resort-and-spa
sunset-beach-bar-and-grill-uluwatu-bukit,Sunset Beach Bar & Grill,Uluwatu,34,111,0,0,1,2,2,2026-07-28,62,best_for not_for price_digits,,https://www.otherbali.com/places/sunset-beach-bar-and-grill-uluwatu-bukit
tarabelle,Tarabelle,Uluwatu,34,111,0,0,1,2,2,2026-07-28,62,street_address not_for price_digits,,https://www.otherbali.com/places/tarabelle
dewas-landing-cafe,Dewas Landing Cafe,Uluwatu,34,110,0,0,0,3,3,2026-08-07,52,hours street_address website not_for price_digits,,https://www.otherbali.com/places/dewas-landing-cafe
avli-bali,AVLI,Uluwatu,34,108,0,0,1,2,2,2026-08-30,29,hours street_address price_digits,,https://www.otherbali.com/places/avli-bali
atmos-bodylab-uluwatu-bukit,ATMOS BodyLab,Uluwatu,34,108,0,0,1,3,50,2026-08-25,34,hours,,https://www.otherbali.com/places/atmos-bodylab-uluwatu-bukit
bali-bliss-massage-uluwatu-bukit,Bali Bliss Massage,Uluwatu,34,108,0,0,1,2,5,2026-08-25,34,hours street_address not_for,,https://www.otherbali.com/places/bali-bliss-massage-uluwatu-bukit
dbuchu-bingin,D'Buchu,Uluwatu,34,108,0,0,0,3,3,2026-07-14,76,hours street_address website price_digits,,https://www.otherbali.com/places/dbuchu-bingin
luhur-spa-uluwatu-bukit,Luhur Spa,Uluwatu,34,108,0,0,1,2,2,2026-08-25,34,hours street_address not_for,,https://www.otherbali.com/places/luhur-spa-uluwatu-bukit
mantra-wellness-bali-uluwatu-bukit,Mantra Wellness Bali,Uluwatu,34,108,0,0,1,2,2,2026-08-25,34,hours not_for price_digits,,https://www.otherbali.com/places/mantra-wellness-bali-uluwatu-bukit
m-boutique-resort-uluwatu-bukit,Mû Boutique Resort,Uluwatu,34,108,0,0,1,2,2,2026-08-25,34,hours not_for price_digits,,https://www.otherbali.com/places/m-boutique-resort-uluwatu-bukit
our-spa-boutique-bali-uluwatu-bukit,Our Spa & Boutique Bali,Uluwatu,34,108,0,0,1,2,2,2026-08-25,34,hours not_for price_digits,,https://www.otherbali.com/places/our-spa-boutique-bali-uluwatu-bukit
piccolina-bali-uluwatu-bukit,Piccolina Bali,Uluwatu,34,108,0,0,1,2,2,2026-08-25,34,hours street_address not_for,,https://www.otherbali.com/places/piccolina-bali-uluwatu-bukit
sean-spa-bali-uluwatu-bukit,Sean Spa Bali,Uluwatu,34,108,0,0,1,2,2,2026-08-25,34,hours not_for price_digits,,https://www.otherbali.com/places/sean-spa-bali-uluwatu-bukit
senses-spa-at-biu-biu-resort-uluwatu-bukit,Senses Spa at Biu Biu Resort,Uluwatu,34,108,0,0,1,2,2,2026-08-25,34,hours street_address not_for,,https://www.otherbali.com/places/senses-spa-at-biu-biu-resort-uluwatu-bukit
spring-spa-bingin-uluwatu-bukit,Spring Spa Bingin,Uluwatu,34,108,0,0,1,2,2,2026-08-25,34,hours not_for price_digits,,https://www.otherbali.com/places/spring-spa-bingin-uluwatu-bukit
the-elysian-uluwatu-bukit,The Elysian,Uluwatu,34,108,0,0,1,2,2,2026-08-25,34,hours street_address not_for,,https://www.otherbali.com/places/the-elysian-uluwatu-bukit
xin-spa-beauty-pecatu-uluwatu-bali-uluwatu-bukit,Xin Spa Beauty Pecatu Uluwatu Bali,Uluwatu,34,108,0,0,1,2,2,2026-08-25,34,hours not_for price_digits,,https://www.otherbali.com/places/xin-spa-beauty-pecatu-uluwatu-bali-uluwatu-bukit
zahra-spa-uluwatu-uluwatu-bukit,Zahra Spa Uluwatu,Uluwatu,34,108,0,0,1,2,2,2026-08-25,34,hours street_address not_for,,https://www.otherbali.com/places/zahra-spa-uluwatu-uluwatu-bukit
di-mare-restaurant-karma-kandara,di Mare Restaurant - Karma Kandara,Uluwatu,34,106,0,0,1,2,2,2026-07-28,62,not_for price_digits,,https://www.otherbali.com/places/di-mare-restaurant-karma-kandara
enchante,Enchante,Uluwatu,34,106,0,0,1,2,2,2026-07-28,62,not_for price_digits,,https://www.otherbali.com/places/enchante
humans-cafe,HUMANS CAFE,Uluwatu,35,106,0,0,0,3,3,2026-08-04,55,hours street_address not_for price_digits,,https://www.otherbali.com/places/humans-cafe
mensa-asian-bistro-and-bar,Mensa Asian Bistro and Bar,Uluwatu,35,106,0,0,1,2,2,2026-07-28,62,not_for price_digits,,https://www.otherbali.com/places/mensa-asian-bistro-and-bar
sana-uluwatu,Sana Uluwatu,Uluwatu,35,106,0,0,1,2,2,2026-07-28,62,not_for price_digits,,https://www.otherbali.com/places/sana-uluwatu
tacos-aqui-uluwatu,Tacos Aqui Uluwatu,Uluwatu,35,106,0,0,1,2,2,2026-07-28,62,not_for price_digits,,https://www.otherbali.com/places/tacos-aqui-uluwatu
wet-plate-kitchen,Wet Plate Kitchen,Uluwatu,35,106,0,0,1,2,2,2026-07-28,62,not_for price_digits,,https://www.otherbali.com/places/wet-plate-kitchen
rose-petal,Rose Petal,Uluwatu,35,105,0,0,1,1,1,2026-08-07,52,hours street_address not_for price_digits,,https://www.otherbali.com/places/rose-petal
six-senses-spa-uluwatu,Six Senses Spa Uluwatu,Uluwatu,35,105,0,0,0,3,3,2026-08-07,52,hours street_address not_for price_digits,,https://www.otherbali.com/places/six-senses-spa-uluwatu
the-asa-maia,The Asa Maia,Uluwatu,35,105,0,0,0,3,3,2026-08-07,52,hours street_address not_for price_digits,,https://www.otherbali.com/places/the-asa-maia
the-bvlgari-spa,The Bvlgari Spa,Uluwatu,35,105,0,0,0,3,3,2026-08-07,52,hours street_address not_for price_digits,,https://www.otherbali.com/places/the-bvlgari-spa
banana-lounge-bali-uluwatu-bukit,Banana Lounge Bali,Uluwatu,35,103,0,0,0,3,6,2026-08-25,34,hours street_address not_for price_digits,,https://www.otherbali.com/places/banana-lounge-bali-uluwatu-bukit
d-nailbar-uluwatu-bukit,D’Nailbar,Uluwatu,35,103,0,0,1,2,9,2026-08-25,34,hours not_for,,https://www.otherbali.com/places/d-nailbar-uluwatu-bukit
karma-spa-uluwatu-bukit,Karma Spa,Uluwatu,35,103,0,0,1,2,2,2026-08-25,34,hours not_for,,https://www.otherbali.com/places/karma-spa-uluwatu-bukit
the-resting-koala-uluwatu-bukit,The Resting Koala,Uluwatu,35,103,0,0,1,2,2,2026-08-25,34,hours not_for,,https://www.otherbali.com/places/the-resting-koala-uluwatu-bukit
white-rabbit-lounge-uluwatu-bukit,White Rabbit Lounge,Uluwatu,35,103,0,0,1,1,4,2026-08-25,34,hours street_address not_for price_digits,,https://www.otherbali.com/places/white-rabbit-lounge-uluwatu-bukit
baan-ying-thai,Baan Ying Thai,Uluwatu,35,101,0,0,0,2,2,2026-07-28,62,street_address website best_for not_for price_digits,,https://www.otherbali.com/places/baan-ying-thai
samudra-ganesha-indian-restaurant-and-bar,Samudra Ganesha Indian Restaurant & Bar,Uluwatu,35,101,0,0,0,2,2,2026-07-30,60,hours website best_for not_for price_digits,,https://www.otherbali.com/places/samudra-ganesha-indian-restaurant-and-bar
snowcat-bali-ussr-cuisine,Snowcat Bali USSR Cuisine,Uluwatu,35,101,0,0,0,2,2,2026-08-04,55,hours street_address website not_for price_digits,,https://www.otherbali.com/places/snowcat-bali-ussr-cuisine
ula-cafe,Ula Cafe,Uluwatu,35,101,0,0,0,3,3,2026-08-04,55,hours street_address price_digits,,https://www.otherbali.com/places/ula-cafe
wanaku-chinese-food-seafood-and-dimsum,"WANAKU Chinese Food, Seafood & Dimsum",Uluwatu,35,101,0,0,0,3,3,2026-07-28,62,best_for not_for price_digits,,https://www.otherbali.com/places/wanaku-chinese-food-seafood-and-dimsum
watu-steakhouse-six-senses-uluwatu,Watu Steakhouse (Six Senses Uluwatu),Uluwatu,35,101,0,0,0,2,2,2026-07-30,60,hours website best_for not_for price_digits,,https://www.otherbali.com/places/watu-steakhouse-six-senses-uluwatu
milk-and-madu-uluwatu,Milk & Madu Uluwatu,Uluwatu,35,100,0,0,0,3,3,2026-08-07,52,hours not_for price_digits,,https://www.otherbali.com/places/milk-and-madu-uluwatu
rotisserie-by-cashew-tree,Rotisserie by Cashew Tree,Uluwatu,35,100,0,0,0,2,2,2026-08-07,52,hours street_address website not_for price_digits,,https://www.otherbali.com/places/rotisserie-by-cashew-tree
bali-yoga-uluwatu-bukit,Bali Yoga,Uluwatu,35,98,0,0,1,1,10,2026-08-25,34,hours not_for price_digits,,https://www.otherbali.com/places/bali-yoga-uluwatu-bukit
ours-bali-uluwatu-bukit,Ours Bali,Uluwatu,35,98,0,0,1,1,4,2026-08-25,34,hours not_for price_digits,,https://www.otherbali.com/places/ours-bali-uluwatu-bukit
360-move-uluwatu,360 Move Uluwatu,Uluwatu,35,96,0,0,0,2,8,2026-07-28,62,hours street_address not_for price_digits,,https://www.otherbali.com/places/360-move-uluwatu
ami-studio,Ami Studio,Uluwatu,36,96,0,0,0,2,8,2026-07-28,62,hours street_address not_for price_digits,,https://www.otherbali.com/places/ami-studio
base-restaurant-at-hideaway-villas-bali-uluwatu,Base Restaurant at Hideaway Villas Bali Uluwatu,Uluwatu,36,96,0,0,0,2,2,2026-07-28,62,hours best_for not_for price_digits,,https://www.otherbali.com/places/base-restaurant-at-hideaway-villas-bali-uluwatu
chaskaa-modern-indian-cuisine-and-bar-at-jimbaran,Chaskaa Modern Indian Cuisine and Bar at Jimbaran,Uluwatu,36,96,0,0,0,2,2,2026-07-28,62,street_address best_for not_for price_digits,,https://www.otherbali.com/places/chaskaa-modern-indian-cuisine-and-bar-at-jimbaran
hedonist-space-restaurant-lounge-bar,HEDONIST SPACE restaurant | lounge | bar,Uluwatu,36,96,0,0,0,2,2,2026-07-28,62,street_address best_for not_for price_digits,,https://www.otherbali.com/places/hedonist-space-restaurant-lounge-bar
hidden-gem-uluwatu-at-hidden-hills-villas,Hidden Gem Uluwatu at Hidden Hills Villas,Uluwatu,36,96,0,0,0,2,2,2026-07-28,62,hours best_for not_for price_digits,,https://www.otherbali.com/places/hidden-gem-uluwatu-at-hidden-hills-villas
la-terrazza-uluwatu,La Terrazza Uluwatu,Uluwatu,36,96,0,0,0,2,2,2026-08-04,55,hours street_address not_for price_digits,,https://www.otherbali.com/places/la-terrazza-uluwatu
lemanja-uluwatu,Lemanjá Uluwatu,Uluwatu,36,96,0,0,0,2,2,2026-08-04,55,hours street_address not_for price_digits,,https://www.otherbali.com/places/lemanja-uluwatu
ours-spa-boutique,Ours Spa & Boutique,Uluwatu,36,96,0,0,0,2,2,2026-07-28,62,hours street_address not_for price_digits,,https://www.otherbali.com/places/ours-spa-boutique
spa-at-mu,Spa at Mu,Uluwatu,36,96,0,0,0,2,2,2026-07-28,62,hours street_address not_for price_digits,,https://www.otherbali.com/places/spa-at-mu
supreme-indian-restaurant,Supreme Indian Restaurant,Uluwatu,36,96,0,0,0,2,2,2026-07-28,62,hours street_address not_for price_digits,,https://www.otherbali.com/places/supreme-indian-restaurant
the-yoga-rescue,The Yoga Rescue,Uluwatu,36,96,0,0,0,2,2,2026-07-29,61,hours street_address not_for price_digits,,https://www.otherbali.com/places/the-yoga-rescue
artisan-ungasan,Artisan - Ungasan,Uluwatu,36,95,0,0,0,2,2,2026-08-07,52,street_address best_for not_for price_digits,,https://www.otherbali.com/places/artisan-ungasan
pak-gula,PAK GULA,Uluwatu,36,95,0,0,0,2,2,2026-08-07,52,hours street_address website price_digits,,https://www.otherbali.com/places/pak-gula
spring-spa-uluwatu,Spring Spa Uluwatu,Uluwatu,36,95,0,0,0,2,2,2026-08-07,52,hours street_address not_for price_digits,,https://www.otherbali.com/places/spring-spa-uluwatu
vela-spa,Vela Spa,Uluwatu,36,95,0,0,0,2,2,2026-08-07,52,hours street_address not_for price_digits,,https://www.otherbali.com/places/vela-spa
fresh-beauty-lounge-uluwatu-bukit,Fresh Beauty Lounge,Uluwatu,36,93,0,0,0,3,3,2026-08-25,34,hours not_for,,https://www.otherbali.com/places/fresh-beauty-lounge-uluwatu-bukit
hidden-gem-uluwatu-uluwatu-bukit,Hidden Gem Uluwatu,Uluwatu,36,93,0,0,0,2,2,2026-08-25,34,hours street_address not_for price_digits,,https://www.otherbali.com/places/hidden-gem-uluwatu-uluwatu-bukit
supernatural-wellbeing-uluwatu-bukit,Supernatural Wellbeing,Uluwatu,36,93,0,0,0,2,2,2026-08-25,34,hours street_address not_for price_digits,,https://www.otherbali.com/places/supernatural-wellbeing-uluwatu-bukit
the-cave-restaurant-uluwatu-bukit,The Cave Restaurant,Uluwatu,36,93,0,0,0,2,2,2026-08-25,34,hours street_address not_for price_digits,,https://www.otherbali.com/places/the-cave-restaurant-uluwatu-bukit
alma-tapas-bar-at-uluwatu,Alma Tapas Bar at Uluwatu,Uluwatu,36,91,0,0,0,2,55,2026-07-28,62,best_for not_for price_digits,,https://www.otherbali.com/places/alma-tapas-bar-at-uluwatu
filini-restaurant,Filini Restaurant at Radisson Blu Bali Uluwatu,Uluwatu,36,91,0,0,0,2,2,2026-07-28,62,best_for not_for price_digits,,https://www.otherbali.com/places/filini-restaurant
island-grooming-barbershop,Island Grooming Barbershop,Uluwatu,36,91,0,0,0,1,4,2026-07-29,61,hours street_address website not_for price_digits,,https://www.otherbali.com/places/island-grooming-barbershop
oliverra-restaurant-at-umana-bali-lxr-hotels-and-resorts,"Oliverra Restaurant at Umana Bali, LXR Hotels & Resorts",Uluwatu,36,91,0,0,0,2,2,2026-07-28,62,best_for not_for price_digits,,https://www.otherbali.com/places/oliverra-restaurant-at-umana-bali-lxr-hotels-and-resorts
rockfish-cliffside,Rockfish Cliffside,Uluwatu,36,91,0,0,0,2,2,2026-07-28,62,hours not_for price_digits,,https://www.otherbali.com/places/rockfish-cliffside
roosterfish-beach-club,Roosterfish Beach Club,Uluwatu,36,91,0,0,0,2,2,2026-07-28,62,best_for not_for price_digits,,https://www.otherbali.com/places/roosterfish-beach-club
segaran-dining-terrace-at-jumeirah-bali,Segaran Dining Terrace at Jumeirah Bali,Uluwatu,37,91,0,0,0,2,2,2026-07-28,62,best_for not_for price_digits,,https://www.otherbali.com/places/segaran-dining-terrace-at-jumeirah-bali
the-cave-by-chef-ryan-clift-at-the-edge,The cave by Chef Ryan Clift at The edge,Uluwatu,37,91,0,0,0,2,2,2026-07-28,62,best_for not_for price_digits,,https://www.otherbali.com/places/the-cave-by-chef-ryan-clift-at-the-edge
the-view-restaurant-bali,The View Restaurant Bali,Uluwatu,37,91,0,0,0,2,2,2026-07-28,62,best_for not_for price_digits,,https://www.otherbali.com/places/the-view-restaurant-bali
uma-beach-house,Uma Beach House,Uluwatu,37,91,0,0,0,2,2,2026-07-28,62,best_for not_for price_digits,,https://www.otherbali.com/places/uma-beach-house
whim-restaurant,Whim Restaurant at Prasana by Arjani Resorts,Uluwatu,37,91,0,0,0,2,2,2026-07-28,62,best_for not_for price_digits,,https://www.otherbali.com/places/whim-restaurant
ants-pants-uluwatu,Ants Pants Uluwatu,Uluwatu,37,90,0,0,0,2,5,2026-08-07,52,hours street_address price_digits,,https://www.otherbali.com/places/ants-pants-uluwatu
balumba-surf-school-uluwatu,Balumba Surf School,Uluwatu,37,90,0,0,0,1,3,2026-08-07,52,hours street_address website not_for price_digits,,https://www.otherbali.com/places/balumba-surf-school-uluwatu
lolas-cantina-uluwatu,Lola’s Cantina Mexicana — Uluwatu,Uluwatu,37,90,0,0,0,2,2,2026-08-07,52,hours not_for price_digits,,https://www.otherbali.com/places/lolas-cantina-uluwatu
padang-padang-surf-camp-uluwatu,Padang Padang Surf Camp,Uluwatu,37,90,0,0,0,1,3,2026-08-07,52,hours street_address website not_for price_digits,,https://www.otherbali.com/places/padang-padang-surf-camp-uluwatu
poggy-bali-surf-school-uluwatu,Poggy Bali Surf School,Uluwatu,37,90,0,0,0,1,3,2026-08-07,52,hours street_address website not_for price_digits,,https://www.otherbali.com/places/poggy-bali-surf-school-uluwatu
suka-uluwatu,SUKA ULUWATU,Uluwatu,37,90,0,0,0,2,2,2026-08-07,52,best_for not_for price_digits,,https://www.otherbali.com/places/suka-uluwatu
flex-flow-uluwatu-bukit,Flex & Flow,Uluwatu,37,88,0,0,0,2,2,2026-08-25,34,hours street_address not_for,,https://www.otherbali.com/places/flex-flow-uluwatu-bukit
oaza-uluwatu-uluwatu-bukit,OAZA Uluwatu,Uluwatu,37,88,0,0,0,2,2,2026-08-25,34,hours street_address not_for,,https://www.otherbali.com/places/oaza-uluwatu-uluwatu-bukit
wrong-gym-uluwatu-bukit,Wrong Gym,Uluwatu,37,88,0,0,0,2,2,2026-08-25,34,hours not_for price_digits,,https://www.otherbali.com/places/wrong-gym-uluwatu-bukit
bambu-pilates,Bambu Pilates,Uluwatu,37,87,0,0,0,1,17,2026-07-20,70,hours street_address not_for price_digits,,https://www.otherbali.com/places/bambu-pilates
bluvana-reformer-studio,Bluvana Reformer Studio,Uluwatu,37,87,0,0,0,1,8,2026-07-20,70,hours street_address not_for price_digits,,https://www.otherbali.com/places/bluvana-reformer-studio
la-tribu,La Tribu,Uluwatu,37,87,0,0,0,1,10,2026-07-20,70,hours street_address not_for price_digits,,https://www.otherbali.com/places/la-tribu
mantra-wellness,Mantra Wellness,Uluwatu,37,87,0,0,0,1,7,2026-07-20,70,hours street_address not_for price_digits,,https://www.otherbali.com/places/mantra-wellness
naya-uluwatu,NAYA Uluwatu,Uluwatu,37,87,0,0,0,1,7,2026-07-20,70,hours street_address not_for price_digits,,https://www.otherbali.com/places/naya-uluwatu
reform-uluwatu,Reform+ Uluwatu,Uluwatu,37,87,0,0,0,1,1,2026-07-20,70,hours street_address not_for price_digits,,https://www.otherbali.com/places/reform-uluwatu
zando-fight-camp-uluwatu,Zando Fight Camp Uluwatu,Uluwatu,37,87,0,0,0,1,1,2026-07-20,70,hours street_address website price_digits,,https://www.otherbali.com/places/zando-fight-camp-uluwatu
d-nailbar-spa-uluwatu,D'Nailbar Spa Uluwatu,Uluwatu,37,86,0,0,0,1,8,2026-07-29,61,hours street_address not_for price_digits,,https://www.otherbali.com/places/d-nailbar-spa-uluwatu
la-tribu-bali,La Tribu Bali,Uluwatu,37,86,0,0,0,1,1,2026-07-28,62,hours street_address not_for price_digits,,https://www.otherbali.com/places/la-tribu-bali
morning-light-yoga-studio,Morning Light Yoga Studio,Uluwatu,37,86,0,0,0,1,1,2026-07-28,62,hours street_address not_for price_digits,,https://www.otherbali.com/places/morning-light-yoga-studio
morning-light-yoga,Morning Light Yoga,Uluwatu,37,86,0,0,0,1,5,2026-07-28,62,hours street_address not_for price_digits,,https://www.otherbali.com/places/morning-light-yoga
reform-pilates-bali,Reform Pilates Bali,Uluwatu,38,86,0,0,0,1,1,2026-07-28,62,hours street_address not_for price_digits,,https://www.otherbali.com/places/reform-pilates-bali
the-space-bali,The Space Bali,Uluwatu,38,86,0,0,0,1,1,2026-07-29,61,hours street_address not_for price_digits,,https://www.otherbali.com/places/the-space-bali
yinside-yoga,YinSide Yoga,Uluwatu,38,86,0,0,0,1,1,2026-07-28,62,hours street_address not_for price_digits,,https://www.otherbali.com/places/yinside-yoga
alchemy-yoga-and-meditation-center-uluwatu,Alchemy Yoga & Meditation Center Uluwatu,Uluwatu,38,85,0,0,0,1,15,2026-08-07,52,hours street_address not_for price_digits,,https://www.otherbali.com/places/alchemy-yoga-and-meditation-center-uluwatu
bambu-fitness-bali,Bambu Fitness Bali,Uluwatu,38,85,0,0,0,1,7,2026-08-07,52,hours street_address not_for price_digits,,https://www.otherbali.com/places/bambu-fitness-bali
piccolina,Piccolina,Uluwatu,38,85,0,0,0,1,1,2026-08-07,52,hours street_address not_for price_digits,,https://www.otherbali.com/places/piccolina
raw-gym-uluwatu,Raw Gym Uluwatu,Uluwatu,38,85,0,0,0,1,1,2026-08-07,52,hours street_address not_for price_digits,,https://www.otherbali.com/places/raw-gym-uluwatu
reform-pilates-bingin,Reform Pilates Bingin,Uluwatu,38,85,0,0,0,1,4,2026-08-07,52,hours street_address not_for price_digits,,https://www.otherbali.com/places/reform-pilates-bingin
studio-fondue,Studio Fondue,Uluwatu,38,85,0,0,0,1,1,2026-08-07,52,hours street_address not_for price_digits,,https://www.otherbali.com/places/studio-fondue
the-temple-lodge,The Temple Lodge,Uluwatu,38,85,0,0,0,1,1,2026-08-07,52,hours street_address not_for price_digits,,https://www.otherbali.com/places/the-temple-lodge
ulu-active-recovery,ULU Active & Recovery,Uluwatu,38,85,0,0,0,1,1,2026-08-07,52,hours street_address not_for price_digits,,https://www.otherbali.com/places/ulu-active-recovery
ulu-yoga-bali,ULU Yoga Bali,Uluwatu,38,85,0,0,0,1,1,2026-08-07,52,hours street_address not_for price_digits,,https://www.otherbali.com/places/ulu-yoga-bali
yoga-the-istana,Yoga @ The Istana,Uluwatu,38,85,0,0,0,1,1,2026-08-07,52,hours street_address not_for price_digits,,https://www.otherbali.com/places/yoga-the-istana
yoga-searcher-bali,Yoga Searcher Bali,Uluwatu,38,85,0,0,0,1,1,2026-08-07,52,hours street_address not_for price_digits,,https://www.otherbali.com/places/yoga-searcher-bali
uluwatu-collective,Uluwatu Collective,Uluwatu,38,80,0,0,0,1,1,2026-08-07,52,hours street_address price_digits,,https://www.otherbali.com/places/uluwatu-collective
kuu-izakaya-dining,Kuu Izakaya Bali at Maya Sanur,Sanur,39,341,0,1,1,6,6,2026-07-28,62,price_digits,,https://www.otherbali.com/places/kuu-izakaya-dining
costa-beach-restaurant,COSTA - Beach Restaurant Sanur,Sanur,39,316,0,1,1,3,3,2026-07-28,62,not_for price_digits,,https://www.otherbali.com/places/costa-beach-restaurant
ares-restaurant-at-sudamala-resort-sanur,Ares Restaurant at Sudamala Resort Sanur,Sanur,39,301,0,1,0,3,44,2026-07-28,62,best_for not_for price_digits,,https://www.otherbali.com/places/ares-restaurant-at-sudamala-resort-sanur
rip-curl-school-of-surf,Rip Curl School of Surf,Sanur,39,287,0,1,0,1,2,2026-07-20,70,hours street_address not_for price_digits,,https://www.otherbali.com/places/rip-curl-school-of-surf
desa-wisata-sanur-kauh,Tourism Village Sanur Kauh,Sanur,39,286,0,1,0,1,1,2026-07-29,61,hours street_address not_for price_digits,,https://www.otherbali.com/places/desa-wisata-sanur-kauh
marramba-fitness,Marramba Fitness,Sanur,39,282,0,1,0,1,1,2026-07-20,70,hours street_address price_digits,,https://www.otherbali.com/places/marramba-fitness
warung-coconut-tree,Warung Coconut Tree,Sanur,39,187,0,0,0,8,8,,999,hours street_address website price_digits,,https://www.otherbali.com/places/warung-coconut-tree
white-orchid-sanur,White Orchid (Sanur),Sanur,39,167,0,0,0,6,6,,999,hours street_address website price_digits,,https://www.otherbali.com/places/white-orchid-sanur
lilla-pantai,Lilla Pantai,Sanur,39,156,0,0,0,8,8,2026-07-28,62,hours street_address website price_digits,,https://www.otherbali.com/places/lilla-pantai
pizzaria-hyatt,Pizzaria (Hyatt),Sanur,39,156,0,0,0,8,8,2026-07-28,62,hours street_address website price_digits,,https://www.otherbali.com/places/pizzaria-hyatt
warung-babi-guling-sanur-bypass,Warung Babi Guling Sanur,Sanur,39,152,0,0,0,5,8,,999,hours street_address website,,https://www.otherbali.com/places/warung-babi-guling-sanur-bypass
genius-cafe,Genius Cafe,Sanur,39,151,0,0,0,8,13,2026-07-28,62,hours street_address price_digits,,https://www.otherbali.com/places/genius-cafe
warung-little-bird,Warung Little Bird,Sanur,39,151,0,0,0,8,8,2026-07-28,62,hours street_address website,,https://www.otherbali.com/places/warung-little-bird
oranje-bar,Oranje Bar,Sanur,39,147,0,0,0,4,6,,999,hours street_address website price_digits,,https://www.otherbali.com/places/oranje-bar
bella-italia-sanur,Bella Italia Sanur,Sanur,39,146,0,0,0,7,7,2026-07-29,61,hours street_address website price_digits,,https://www.otherbali.com/places/bella-italia-sanur
gong-restaurant,Gong Restaurant,Sanur,39,146,0,0,0,7,7,2026-07-29,61,hours street_address website price_digits,,https://www.otherbali.com/places/gong-restaurant
mona-lisa-cafe,Mona Lisa Cafe,Sanur,39,146,0,0,0,7,12,2026-07-29,61,hours street_address website price_digits,,https://www.otherbali.com/places/mona-lisa-cafe
segara-the-seaside,Segara the Seaside,Sanur,39,146,0,0,0,7,7,2026-07-28,62,hours street_address website price_digits,,https://www.otherbali.com/places/segara-the-seaside
tsune-japanese-restaurant-bali-by-wonderspace,Tsune Japanese Restaurant Bali by Wonderspace,Sanur,39,146,0,0,2,4,4,2026-07-28,62,not_for price_digits,,https://www.otherbali.com/places/tsune-japanese-restaurant-bali-by-wonderspace
warung-makan-little-mars,Warung Makan Little Mars,Sanur,39,146,0,0,0,7,7,2026-07-29,61,hours street_address website price_digits,,https://www.otherbali.com/places/warung-makan-little-mars
warung-pregina,Pregina Warung,Sanur,39,142,0,0,0,4,12,,999,hours street_address website,,https://www.otherbali.com/places/warung-pregina
massimo-italian-restaurant,Massimo — Italian Restaurant,Sanur,39,141,0,0,0,7,7,2026-07-28,62,hours street_address price_digits,,https://www.otherbali.com/places/massimo-italian-restaurant
tree-bar-at-maya-sanur-resort-and-spa,Tree Bar at Maya Sanur Resort & Spa,Sanur,39,141,0,0,2,3,3,2026-07-28,62,hours not_for price_digits,,https://www.otherbali.com/places/tree-bar-at-maya-sanur-resort-and-spa
blissful-senja-sanur,Blissful Senja,Sanur,39,138,0,0,1,5,23,2026-08-25,34,hours street_address not_for,,https://www.otherbali.com/places/blissful-senja-sanur
sala-bistro,Sala Bistro,Sanur,39,136,0,0,0,6,6,2026-07-28,62,hours street_address website price_digits,,https://www.otherbali.com/places/sala-bistro
babi-guling-odah-sanur,Babi Guling Odah Sanur,Sanur,40,131,0,0,0,6,14,2026-07-29,61,hours street_address website,,https://www.otherbali.com/places/babi-guling-odah-sanur
junsei-izakaya,Junsei Izakaya,Sanur,40,131,0,0,1,4,4,2026-07-28,62,best_for not_for price_digits,,https://www.otherbali.com/places/junsei-izakaya
soul-on-the-beach,Soul on the Beach,Sanur,40,131,0,0,0,6,6,2026-07-29,61,hours street_address price_digits,,https://www.otherbali.com/places/soul-on-the-beach
koa-spa-sanur,Koa Spa,Sanur,40,128,0,0,1,4,4,2026-08-25,34,hours street_address not_for,,https://www.otherbali.com/places/koa-spa-sanur
massage-sanur-sanur,Massage Sanur,Sanur,40,128,0,0,1,4,4,2026-08-25,34,hours street_address not_for,,https://www.otherbali.com/places/massage-sanur-sanur
sudamala-resort-sanur-wellness-yoga-sanur,Sudamala Resort Sanur Wellness / Yoga,Sanur,40,128,0,0,1,3,3,2026-07-13,77,hours street_address not_for price_digits,,https://www.otherbali.com/places/sudamala-resort-sanur-wellness-yoga-sanur
the-nest-beachside-spa-sanur,The Nest Beachside Spa,Sanur,40,128,0,0,1,4,4,2026-08-25,34,hours street_address not_for,,https://www.otherbali.com/places/the-nest-beachside-spa-sanur
bali-beach-hotel-yoga-wellness,Bali Beach Hotel Yoga / Wellness,Sanur,40,127,0,0,0,2,9,,999,hours street_address not_for price_digits,,https://www.otherbali.com/places/bali-beach-hotel-yoga-wellness
maya-sanur-yoga-studio,Maya Sanur Yoga Studio,Sanur,40,127,0,0,0,2,9,,999,hours street_address not_for price_digits,,https://www.otherbali.com/places/maya-sanur-yoga-studio
puri-santrian-yoga-wellness,Puri Santrian Yoga / Wellness,Sanur,40,127,0,0,0,2,5,,999,hours street_address not_for price_digits,,https://www.otherbali.com/places/puri-santrian-yoga-wellness
shankha-spa-hyatt-regency-bali-yoga,Shankha Spa / Hyatt Regency Bali Yoga,Sanur,40,127,0,0,0,2,2,,999,hours street_address not_for price_digits,,https://www.otherbali.com/places/shankha-spa-hyatt-regency-bali-yoga
maya-sanur-spa-sanur,Maya Sanur Spa,Sanur,40,126,0,0,1,3,3,2026-07-28,62,hours street_address not_for price_digits,,https://www.otherbali.com/places/maya-sanur-spa-sanur
sudajiva-spa-at-sudamala-sanur-sanur,Sudajiva Spa at Sudamala Sanur,Sanur,40,126,0,0,1,3,3,2026-07-28,62,hours street_address not_for price_digits,,https://www.otherbali.com/places/sudajiva-spa-at-sudamala-sanur-sanur
warung-blanjong,Warung Blanjong,Sanur,40,126,0,0,1,4,4,2026-07-28,62,hours street_address,,https://www.otherbali.com/places/warung-blanjong
sari-day-spa-sanur,Sari Day Spa,Sanur,40,123,0,0,1,4,4,2026-08-25,34,hours not_for,,https://www.otherbali.com/places/sari-day-spa-sanur
the-sanur-sanur,The Sanur,Sanur,40,123,0,0,1,4,4,2026-08-25,34,hours not_for,,https://www.otherbali.com/places/the-sanur-sanur
beer-brothers,Beer Brothers,Sanur,40,121,0,0,0,4,9,2026-07-30,60,hours website best_for not_for price_digits,,https://www.otherbali.com/places/beer-brothers
nasi-bali-men-weti,Nasi Bali Men Weti,Sanur,40,121,0,0,0,5,13,2026-07-28,62,hours street_address website,,https://www.otherbali.com/places/nasi-bali-men-weti
retro-kitchen-and-bar,Retro Kitchen and Bar,Sanur,40,121,0,0,0,4,6,2026-07-28,62,hours street_address website not_for price_digits,,https://www.otherbali.com/places/retro-kitchen-and-bar
rue-maya-sanur,RUE (Maya Sanur),Sanur,40,121,0,0,0,4,7,2026-07-30,60,hours website best_for not_for price_digits,,https://www.otherbali.com/places/rue-maya-sanur
sumitra-luxury-villas-and-resort-by-pramana,Sumitra Luxury Villas & Resort by Pramana,Sanur,40,121,0,0,1,3,3,2026-07-28,62,hours not_for price_digits,,https://www.otherbali.com/places/sumitra-luxury-villas-and-resort-by-pramana
the-1o1-bali-oasis-sanur,THE 1O1 Bali Oasis Sanur,Sanur,40,121,0,0,1,3,3,2026-07-27,63,hours not_for price_digits,,https://www.otherbali.com/places/the-1o1-bali-oasis-sanur
ayu-spa-salon-sanur,Ayu Spa & Salon,Sanur,40,118,0,0,1,3,21,2026-08-25,34,hours not_for price_digits,,https://www.otherbali.com/places/ayu-spa-salon-sanur
griya-santrian-beach-resort-spa-sanur,Griya Santrian Beach Resort & Spa,Sanur,40,118,0,0,1,3,3,2026-08-25,34,hours street_address not_for,,https://www.otherbali.com/places/griya-santrian-beach-resort-spa-sanur
mercure-bali-sanur-resort-sanur,Mercure Bali Sanur Resort,Sanur,40,118,0,0,1,3,3,2026-08-25,34,hours street_address not_for,,https://www.otherbali.com/places/mercure-bali-sanur-resort-sanur
parigata-resorts-and-spa-sanur-bali-sanur,Parigata Resorts and Spa - Sanur Bali,Sanur,41,118,0,0,1,3,3,2026-08-25,34,hours not_for price_digits,,https://www.otherbali.com/places/parigata-resorts-and-spa-sanur-bali-sanur
the-nest-boutique-spa-sanur,The Nest Boutique Spa,Sanur,41,118,0,0,1,3,3,2026-08-25,34,hours street_address not_for,,https://www.otherbali.com/places/the-nest-boutique-spa-sanur
andaz-bali-fitness-centre,Andaz Bali Fitness Centre,Sanur,41,117,0,0,0,1,10,,999,hours street_address not_for price_digits,,https://www.otherbali.com/places/andaz-bali-fitness-centre
bali-beach-hotel-fitness-centre,Bali Beach Hotel Fitness Centre,Sanur,41,117,0,0,0,1,10,,999,hours street_address not_for price_digits,,https://www.otherbali.com/places/bali-beach-hotel-fitness-centre
holiday-inn-bali-sanur-gym,Holiday Inn Bali Sanur Gym,Sanur,41,117,0,0,0,1,1,,999,hours street_address not_for price_digits,,https://www.otherbali.com/places/holiday-inn-bali-sanur-gym
intercontinental-bali-sanur-resort-fitness-centre,InterContinental Bali Sanur Resort Fitness Centre,Sanur,41,117,0,0,0,1,1,,999,hours street_address not_for price_digits,,https://www.otherbali.com/places/intercontinental-bali-sanur-resort-fitness-centre
maya-sanur-fitness-centre,Maya Sanur Fitness Centre,Sanur,41,117,0,0,0,1,1,,999,hours street_address not_for price_digits,,https://www.otherbali.com/places/maya-sanur-fitness-centre
prime-plaza-hotel-sanur-fitness-centre,Prime Plaza Hotel Sanur Fitness Centre,Sanur,41,117,0,0,0,1,1,,999,hours street_address not_for price_digits,,https://www.otherbali.com/places/prime-plaza-hotel-sanur-fitness-centre
shankha-spa-and-fitness-at-hyatt-regency-bali,Shankha Spa & Fitness at Hyatt Regency Bali,Sanur,41,117,0,0,0,1,1,,999,hours street_address not_for price_digits,,https://www.otherbali.com/places/shankha-spa-and-fitness-at-hyatt-regency-bali
warung-mak-beng,Warung Mak Beng,Sanur,41,117,0,0,0,5,5,2026-07-24,66,hours website,,https://www.otherbali.com/places/warung-mak-beng
arunika-restaurant-by-the-meru-sanur,Arunika Restaurant by The Meru Sanur,Sanur,41,116,0,0,1,3,6,2026-07-28,62,not_for price_digits,,https://www.otherbali.com/places/arunika-restaurant-by-the-meru-sanur
kayumanis-seaside-restaurant-sanur,Kayumanis Seaside Restaurant Sanur,Sanur,41,116,0,0,1,3,3,2026-07-28,62,not_for price_digits,,https://www.otherbali.com/places/kayumanis-seaside-restaurant-sanur
kimukatsu-icon-bali,Kimukatsu Icon Bali,Sanur,41,116,0,0,1,3,3,2026-07-28,62,not_for price_digits,,https://www.otherbali.com/places/kimukatsu-icon-bali
lava-gastrobar-grill,Lava Gastrobar & Grill,Sanur,41,116,0,0,1,3,3,2026-07-28,62,not_for price_digits,,https://www.otherbali.com/places/lava-gastrobar-grill
linga-longa-bar,Linga Longa Bar,Sanur,41,116,0,0,0,4,6,2026-07-29,61,hours street_address website price_digits,,https://www.otherbali.com/places/linga-longa-bar
luca-bali-sanur,Luca Bali,Sanur,41,116,0,0,1,3,3,2026-07-28,62,not_for price_digits,,https://www.otherbali.com/places/luca-bali-sanur
mozza-sanur,Mozza Sanur,Sanur,41,116,0,0,1,3,3,2026-07-28,62,not_for price_digits,,https://www.otherbali.com/places/mozza-sanur
soya-japanese-restaurant,Soya Japanese Restaurant,Sanur,41,116,0,0,0,4,4,2026-07-28,62,website best_for not_for price_digits,,https://www.otherbali.com/places/soya-japanese-restaurant
taru-pramana-spa-sanur,Taru Pramana Spa & Wellness,Sanur,41,116,0,0,0,4,4,2026-07-28,62,hours street_address not_for price_digits,,https://www.otherbali.com/places/taru-pramana-spa-sanur
the-village-cucina-italiana,The Village Cucina Italiana,Sanur,41,116,0,0,1,3,3,2026-07-28,62,not_for price_digits,,https://www.otherbali.com/places/the-village-cucina-italiana
tsune-japanese-restaurant-sanur-by-wonderspace,Tsune Japanese Restaurant Sanur by Wonderspace,Sanur,41,116,0,0,0,4,4,2026-08-04,55,hours street_address not_for price_digits,,https://www.otherbali.com/places/tsune-japanese-restaurant-sanur-by-wonderspace
aroma-spa-retreat-sanur,Aroma Spa Retreat Sanur,Sanur,41,113,0,0,0,3,21,2026-07-13,77,hours street_address website not_for price_digits,,https://www.otherbali.com/places/aroma-spa-retreat-sanur
flow-restaurant-sumitra-luxury-villas-and-resort,Flow Restaurant (Sumitra Luxury Villas and Resort),Sanur,41,111,0,0,0,3,3,2026-07-30,60,hours website best_for not_for price_digits,,https://www.otherbali.com/places/flow-restaurant-sumitra-luxury-villas-and-resort
ranbo-japanese-restaurant-and-bar,Ranbo Japanese Restaurant And Bar,Sanur,41,111,0,0,0,4,4,2026-07-28,62,best_for not_for price_digits,,https://www.otherbali.com/places/ranbo-japanese-restaurant-and-bar
capri-italian-restaurant-at-sanur,Capri Italian Restaurant at Sanur,Sanur,41,106,0,0,0,3,3,2026-07-28,62,website best_for not_for price_digits,,https://www.otherbali.com/places/capri-italian-restaurant-at-sanur
glo-day-spa-salon-sanur-sanur,Glo Day Spa & Salon Sanur,Sanur,42,106,0,0,0,4,7,2026-07-28,62,street_address price_digits,,https://www.otherbali.com/places/glo-day-spa-salon-sanur-sanur
goro-goro-cafe-and-kitchen,GORO GORO CAFE & KITCHEN,Sanur,42,106,0,0,0,3,3,2026-07-28,62,website best_for not_for price_digits,,https://www.otherbali.com/places/goro-goro-cafe-and-kitchen
koa-shala-sanur,Koa Shala,Sanur,42,106,0,0,0,3,5,2026-07-29,61,hours street_address not_for price_digits,,https://www.otherbali.com/places/koa-shala-sanur
koa-shala-spa-sanur,Koa Shala Spa,Sanur,42,106,0,0,0,3,3,2026-07-29,61,hours street_address not_for price_digits,,https://www.otherbali.com/places/koa-shala-spa-sanur
leha-leha-spa-sanur,Leha Leha Spa Sanur,Sanur,42,106,0,0,0,3,3,2026-07-28,62,hours street_address not_for price_digits,,https://www.otherbali.com/places/leha-leha-spa-sanur
noodle-crazy-sanur,Noodle Crazy Sanur,Sanur,42,106,0,0,0,3,3,2026-07-28,62,website best_for not_for price_digits,,https://www.otherbali.com/places/noodle-crazy-sanur
puri-santrian-spa-sanur,Puri Santrian Spa,Sanur,42,106,0,0,0,3,3,2026-07-28,62,hours street_address not_for price_digits,,https://www.otherbali.com/places/puri-santrian-spa-sanur
good-hair-day-sanur,Good Hair Day Sanur,Sanur,42,103,0,0,0,2,4,2026-07-15,75,hours street_address website not_for price_digits,,https://www.otherbali.com/places/good-hair-day-sanur
2080-burger-x-cibo-pasta-house-sanur,2080 Burger x Cibo! Pasta House Sanur,Sanur,42,101,0,0,0,3,44,2026-07-28,62,best_for not_for price_digits,,https://www.otherbali.com/places/2080-burger-x-cibo-pasta-house-sanur
afterwork,Afterwork,Sanur,42,101,0,0,0,3,44,2026-07-28,62,best_for not_for price_digits,,https://www.otherbali.com/places/afterwork
bali-barber-sanur-sanur,Bali Barber Sanur,Sanur,42,101,0,0,0,3,5,2026-07-29,61,street_address not_for price_digits,,https://www.otherbali.com/places/bali-barber-sanur-sanur
cork-french-tavern,CORK FRENCH TAVERN,Sanur,42,101,0,0,0,3,3,2026-07-28,62,best_for not_for price_digits,,https://www.otherbali.com/places/cork-french-tavern
fisherman-s-club,Fisherman's Club,Sanur,42,101,0,0,0,3,3,2026-07-29,61,hours not_for price_digits,,https://www.otherbali.com/places/fisherman-s-club
ganesha-ek-sanskriti-at-sanur,Ganesha Ek Sanskriti at Sanur,Sanur,42,101,0,0,0,3,3,2026-07-28,62,best_for not_for price_digits,,https://www.otherbali.com/places/ganesha-ek-sanskriti-at-sanur
gong-restaurant-at-kayumanis-sanur,Gong Restaurant at Kayumanis Sanur,Sanur,42,101,0,0,0,3,3,2026-07-28,62,best_for not_for price_digits,,https://www.otherbali.com/places/gong-restaurant-at-kayumanis-sanur
jahe-restaurant,Jahe Restaurant,Sanur,42,101,0,0,0,3,3,2026-07-28,62,best_for not_for price_digits,,https://www.otherbali.com/places/jahe-restaurant
power-of-now-oasis-sanur,Power of Now Oasis,Sanur,42,101,0,0,0,3,3,2026-07-28,62,street_address not_for price_digits,,https://www.otherbali.com/places/power-of-now-oasis-sanur
roso-restaurant-at-the-meru-sanur,Roso Restaurant at The Meru Sanur,Sanur,42,101,0,0,0,3,3,2026-07-28,62,best_for not_for price_digits,,https://www.otherbali.com/places/roso-restaurant-at-the-meru-sanur
shotgun-social-bali,Shotgun Social Bali,Sanur,42,101,0,0,0,3,3,2026-07-28,62,best_for not_for price_digits,,https://www.otherbali.com/places/shotgun-social-bali
terrace-sanur-the-1o1-bali-oasis-sanur,Terrace Sanur (The 1O1 Bali Oasis Sanur),Sanur,42,101,0,0,0,3,3,2026-07-30,60,hours website price_digits,,https://www.otherbali.com/places/terrace-sanur-the-1o1-bali-oasis-sanur
the-chowk-indian-gourmet-house,The Chowk - Indian Gourmet House,Sanur,42,101,0,0,0,3,3,2026-07-28,62,best_for not_for price_digits,,https://www.otherbali.com/places/the-chowk-indian-gourmet-house
the-royal-kitchen-sanur,The Royal Kitchen sanur,Sanur,42,101,0,0,0,3,3,2026-07-28,62,best_for not_for price_digits,,https://www.otherbali.com/places/the-royal-kitchen-sanur
three-monkeys-bali-at-sanur,Three Monkeys Bali at Sanur,Sanur,42,101,0,0,0,3,3,2026-07-28,62,best_for not_for price_digits,,https://www.otherbali.com/places/three-monkeys-bali-at-sanur
martha-tilaar-salon-day-spa-sanur,Martha Tilaar Salon Day Spa Sanur,Sanur,42,96,0,0,0,2,4,2026-07-28,62,hours street_address not_for price_digits,,https://www.otherbali.com/places/martha-tilaar-salon-day-spa-sanur
power-of-now-yoga,Power Of Now (Yoga),Sanur,42,92,0,0,0,2,7,2026-07-20,70,hours street_address price_digits,,https://www.otherbali.com/places/power-of-now-yoga
fitness-plus,Fitness plus,Sanur,43,87,0,0,0,1,10,2026-07-20,70,hours street_address not_for price_digits,,https://www.otherbali.com/places/fitness-plus
hawa-gym-tukad-yeh-aya,Hawa Gym Tukad Yeh Aya,Sanur,43,87,0,0,0,1,4,2026-07-20,70,hours street_address not_for price_digits,,https://www.otherbali.com/places/hawa-gym-tukad-yeh-aya
sanur-surf-school,Sanur Surf School,Sanur,43,87,0,0,0,1,2,2026-07-20,70,hours street_address not_for price_digits,,https://www.otherbali.com/places/sanur-surf-school
anarasa-at-movenpick-resort,Anarasa at Mövenpick Resort,Jimbaran,44,336,0,1,1,4,21,2026-07-28,62,hours best_for not_for price_digits,,https://www.otherbali.com/places/anarasa-at-movenpick-resort
loloan-coastal-peruvian-at-raffles-bali,Loloan Coastal Peruvian at Raffles Bali,Jimbaran,44,321,0,1,1,3,3,2026-07-28,62,best_for not_for price_digits,,https://www.otherbali.com/places/loloan-coastal-peruvian-at-raffles-bali
pantai-jimbaran,Pantai Jimbaran,Jimbaran,44,317,0,1,0,1,1,,999,hours street_address not_for price_digits,,https://www.otherbali.com/places/pantai-jimbaran
spa-at-rimba-by-ayana-bali-jimbaran,Spa at RIMBA by AYANA Bali,Jimbaran,44,298,0,1,0,2,2,2026-07-13,77,hours street_address not_for price_digits,,https://www.otherbali.com/places/spa-at-rimba-by-ayana-bali-jimbaran
warung-mami-ikan-bakar,Warung Mami ikan bakar,Jimbaran,44,171,0,0,0,9,10,2026-07-29,61,hours street_address website not_for price_digits,,https://www.otherbali.com/places/warung-mami-ikan-bakar
akua-mediterranean,AKUA Mediterranean,Jimbaran,44,161,0,0,0,8,11,2026-07-29,61,hours street_address website not_for price_digits,,https://www.otherbali.com/places/akua-mediterranean
nyoman-cafe,Nyoman Café,Jimbaran,44,161,0,0,0,8,12,2026-07-28,62,hours street_address website not_for price_digits,,https://www.otherbali.com/places/nyoman-cafe
radja-seafood-cafe,Radja Seafood Cafe,Jimbaran,44,161,0,0,0,8,11,2026-07-28,62,hours street_address website not_for price_digits,,https://www.otherbali.com/places/radja-seafood-cafe
sundara,Sundara at Four Seasons Bali,Jimbaran,44,161,0,0,0,9,17,2026-07-28,62,street_address not_for price_digits,,https://www.otherbali.com/places/sundara
warung-ramayana-ikan-bakar,Warung Ramayana Ikan Bakar,Jimbaran,44,161,0,0,0,8,9,2026-07-28,62,hours street_address website not_for price_digits,,https://www.otherbali.com/places/warung-ramayana-ikan-bakar
bawang-merah-beachfront,Bawang Merah Beachfront,Jimbaran,44,156,0,0,0,8,14,2026-07-29,61,hours street_address not_for price_digits,,https://www.otherbali.com/places/bawang-merah-beachfront
menega-cafe,Menega Cafe,Jimbaran,44,156,0,0,0,8,8,2026-07-29,61,hours street_address website price_digits,,https://www.otherbali.com/places/menega-cafe
unique-rooftop-bar-and-restaurant,UNIQUE Rooftop Bar & Restaurant,Jimbaran,44,151,0,0,0,7,9,2026-07-28,62,hours street_address website not_for price_digits,,https://www.otherbali.com/places/unique-rooftop-bar-and-restaurant
dava-steak-and-seafood,DAVA Steak & Seafood,Jimbaran,44,146,0,0,0,7,9,2026-07-28,62,hours street_address not_for price_digits,,https://www.otherbali.com/places/dava-steak-and-seafood
rumari,Rumari at Raffles Bali,Jimbaran,44,141,0,0,2,3,3,2026-07-28,62,best_for not_for price_digits,,https://www.otherbali.com/places/rumari
rumari-counter-at-raffles-bali,Rumari Counter at Raffles Bali,Jimbaran,44,141,0,0,2,3,3,2026-07-28,62,best_for not_for price_digits,,https://www.otherbali.com/places/rumari-counter-at-raffles-bali
sunset-beach-bar-and-grill,Sunset Beach Bar & Grill,Jimbaran,44,141,0,0,0,6,8,2026-07-28,62,hours street_address website not_for price_digits,,https://www.otherbali.com/places/sunset-beach-bar-and-grill
ayana-bali-yoga,AYANA Bali Yoga,Jimbaran,44,137,0,0,0,3,8,,999,hours street_address not_for price_digits,,https://www.otherbali.com/places/ayana-bali-yoga
fore-coffee-jimbaran,Fore Coffee,Jimbaran,44,136,0,0,0,6,7,2026-07-29,61,hours street_address website price_digits,,https://www.otherbali.com/places/fore-coffee-jimbaran
kayumanis-resto-jimbaran,Kayumanis Resto Jimbaran,Jimbaran,44,136,0,0,0,7,9,2026-07-28,62,not_for price_digits,,https://www.otherbali.com/places/kayumanis-resto-jimbaran
arkipela-spa-at-mo-venpick-jimbaran-jimbaran,Arkipela Spa at Mövenpick Jimbaran,Jimbaran,44,131,0,0,1,4,24,2026-07-28,62,street_address not_for price_digits,,https://www.otherbali.com/places/arkipela-spa-at-mo-venpick-jimbaran-jimbaran
loloan-coastal-peruvian-raffles-bali,Loloan Coastal Peruvian (Raffles Bali),Jimbaran,44,131,0,0,1,3,3,2026-07-30,60,hours website best_for not_for price_digits,,https://www.otherbali.com/places/loloan-coastal-peruvian-raffles-bali
ayana-fitness-centre,AYANA Fitness Centre,Jimbaran,44,127,0,0,0,2,9,,999,hours street_address not_for price_digits,,https://www.otherbali.com/places/ayana-fitness-centre
four-seasons-jimbaran-fitness-centre,Four Seasons Jimbaran Fitness Centre,Jimbaran,44,127,0,0,0,2,9,,999,hours street_address not_for price_digits,,https://www.otherbali.com/places/four-seasons-jimbaran-fitness-centre
four-seasons-jimbaran-yoga,Four Seasons Jimbaran Yoga,Jimbaran,44,127,0,0,0,2,7,,999,hours street_address not_for price_digits,,https://www.otherbali.com/places/four-seasons-jimbaran-yoga
intercontinental-bali-resort-fitness-centre,InterContinental Bali Resort Fitness Centre,Jimbaran,45,127,0,0,0,2,9,,999,hours street_address not_for price_digits,,https://www.otherbali.com/places/intercontinental-bali-resort-fitness-centre
intercontinental-bali-resort-yoga,InterContinental Bali Resort Yoga,Jimbaran,45,127,0,0,0,2,6,,999,hours street_address not_for price_digits,,https://www.otherbali.com/places/intercontinental-bali-resort-yoga
le-meridien-bali-jimbaran-fitness,Le Méridien Bali Jimbaran Fitness,Jimbaran,45,127,0,0,0,2,5,,999,hours street_address not_for price_digits,,https://www.otherbali.com/places/le-meridien-bali-jimbaran-fitness
movenpick-jimbaran-yoga,Mövenpick Jimbaran Yoga,Jimbaran,45,127,0,0,0,2,5,,999,hours street_address not_for price_digits,,https://www.otherbali.com/places/movenpick-jimbaran-yoga
movenpick-resort-and-spa-jimbaran-fitness,Mövenpick Resort & Spa Jimbaran Fitness,Jimbaran,45,127,0,0,0,2,2,,999,hours street_address not_for price_digits,,https://www.otherbali.com/places/movenpick-resort-and-spa-jimbaran-fitness
azure-beach-restaurant,Azure beach club & restaurant Jimbaran,Jimbaran,45,126,0,0,0,6,9,2026-07-28,62,not_for price_digits,,https://www.otherbali.com/places/azure-beach-restaurant
cuca-restaurant,Cuca Restaurant,Jimbaran,45,126,0,0,0,5,7,2026-07-28,62,hours street_address not_for price_digits,,https://www.otherbali.com/places/cuca-restaurant
5kitchen-bali-suites5-hotel,5Kitchen Bali (Suites5 Hotel),Jimbaran,45,121,0,0,0,4,21,2026-07-30,60,hours website best_for not_for price_digits,,https://www.otherbali.com/places/5kitchen-bali-suites5-hotel
avisha-wellness-spa-bali-jimbaran,Avisha Wellness & Spa Bali,Jimbaran,45,118,0,0,1,3,23,2026-08-25,34,hours not_for price_digits,,https://www.otherbali.com/places/avisha-wellness-spa-bali-jimbaran
bamboo-spa-jimbaran,Bamboo Spa,Jimbaran,45,118,0,0,1,3,3,2026-08-25,34,hours street_address not_for,,https://www.otherbali.com/places/bamboo-spa-jimbaran
calma-spa-jimbaran-jimbaran,Calma Spa Jimbaran,Jimbaran,45,118,0,0,1,3,3,2026-08-25,34,hours street_address not_for,,https://www.otherbali.com/places/calma-spa-jimbaran-jimbaran
intercontinental-bali-resort-beauty-services-jimbaran,InterContinental Bali Resort Beauty Services,Jimbaran,45,116,0,0,1,2,6,2026-07-28,62,hours street_address not_for price_digits,,https://www.otherbali.com/places/intercontinental-bali-resort-beauty-services-jimbaran
citrine-day-spa-jimbaran,Citrine Day Spa,Jimbaran,45,113,0,0,1,2,2,2026-08-25,34,hours street_address not_for price_digits,,https://www.otherbali.com/places/citrine-day-spa-jimbaran
de-wave-family-massage-beauty-salon-jimbaran,De WAVE Family Massage & Beauty Salon,Jimbaran,45,113,0,0,1,3,7,2026-08-25,34,hours not_for,,https://www.otherbali.com/places/de-wave-family-massage-beauty-salon-jimbaran
swara-spa-jimbaran,Swara Spa,Jimbaran,45,113,0,0,1,2,2,2026-08-25,34,hours street_address not_for price_digits,,https://www.otherbali.com/places/swara-spa-jimbaran
the-lotus-spa-jimbaran,The Lotus Spa,Jimbaran,45,113,0,0,1,2,2,2026-08-25,34,hours street_address not_for price_digits,,https://www.otherbali.com/places/the-lotus-spa-jimbaran
chatwood-coffee-and-eatery,Chatwood Coffee and Eatery,Jimbaran,45,111,0,0,0,3,3,2026-07-30,60,hours website best_for not_for price_digits,,https://www.otherbali.com/places/chatwood-coffee-and-eatery
jimbaran-warrior,Jimbaran Warrior,Jimbaran,45,111,0,0,0,3,3,2026-07-29,61,hours street_address website not_for price_digits,,https://www.otherbali.com/places/jimbaran-warrior
ayana-spa-jimbaran,AYANA Spa,Jimbaran,45,108,0,0,1,2,22,2026-08-25,34,hours not_for price_digits,,https://www.otherbali.com/places/ayana-spa-jimbaran
balangan-surf-resort-jimbaran,Balangan Surf Resort,Jimbaran,45,108,0,0,1,2,5,2026-08-25,34,hours not_for price_digits,,https://www.otherbali.com/places/balangan-surf-resort-jimbaran
lotus-spa-jimbaran,Lotus Spa,Jimbaran,45,108,0,0,1,2,2,2026-08-25,34,hours street_address not_for,,https://www.otherbali.com/places/lotus-spa-jimbaran
sean-spa-bali-jimbaran,Sean Spa Bali,Jimbaran,45,108,0,0,1,2,2,2026-08-25,34,hours not_for price_digits,,https://www.otherbali.com/places/sean-spa-bali-jimbaran
balquisse-spa-jimbaran,Balquisse Spa,Jimbaran,45,106,0,0,0,3,3,2026-07-28,62,hours street_address not_for price_digits,,https://www.otherbali.com/places/balquisse-spa-jimbaran
balquisse-heritage-hotel-yoga-jimbaran,Balquisse Heritage Hotel Yoga,Jimbaran,45,106,0,0,0,3,4,2026-07-28,62,hours street_address not_for price_digits,,https://www.otherbali.com/places/balquisse-heritage-hotel-yoga-jimbaran
camino-resto-and-bar,Camino Resto & Bar,Jimbaran,45,106,0,0,0,3,3,2026-08-04,55,hours street_address not_for price_digits,,https://www.otherbali.com/places/camino-resto-and-bar
healing-village-spa-at-four-seasons-jimbaran-jimbaran,Healing Village Spa at Four Seasons Jimbaran,Jimbaran,46,106,0,0,0,3,3,2026-07-28,62,hours street_address not_for price_digits,,https://www.otherbali.com/places/healing-village-spa-at-four-seasons-jimbaran-jimbaran
jimbaran-hub-fitness-classes-jimbaran,Jimbaran Hub Fitness / Classes,Jimbaran,46,106,0,0,0,3,3,2026-07-29,61,hours street_address not_for price_digits,,https://www.otherbali.com/places/jimbaran-hub-fitness-classes-jimbaran
piramid-spa,Piramid Spa,Jimbaran,46,106,0,0,0,3,3,2026-07-28,62,hours street_address not_for price_digits,,https://www.otherbali.com/places/piramid-spa
thermes-marins-bali-spa-at-ayana-jimbaran,Thermes Marins Bali Spa at AYANA,Jimbaran,46,106,0,0,0,3,3,2026-07-28,62,hours street_address not_for price_digits,,https://www.otherbali.com/places/thermes-marins-bali-spa-at-ayana-jimbaran
bali-barber-jimbaran,Bali Barber Jimbaran,Jimbaran,46,103,0,0,0,2,6,2026-07-13,77,hours street_address website not_for price_digits,,https://www.otherbali.com/places/bali-barber-jimbaran
jimbaran-hair-beauty-studio,Jimbaran Hair & Beauty Studio,Jimbaran,46,103,0,0,0,2,5,2026-07-13,77,hours street_address website not_for price_digits,,https://www.otherbali.com/places/jimbaran-hair-beauty-studio
jimbaran-puri-spa-jimbaran,Jimbaran Puri Spa,Jimbaran,46,103,0,0,1,2,2,2026-08-25,34,hours street_address,,https://www.otherbali.com/places/jimbaran-puri-spa-jimbaran
sundara-jimbaran,Sundara,Jimbaran,46,103,0,0,0,3,3,2026-08-25,34,hours street_address not_for price_digits,,https://www.otherbali.com/places/sundara-jimbaran
asai-cafe,ASAI Cafe,Jimbaran,46,101,0,0,0,3,20,2026-07-28,62,best_for not_for price_digits,,https://www.otherbali.com/places/asai-cafe
barrels-steakhouse-at-samasta-lifestyle-village,Barrels Steakhouse at Samasta Lifestyle Village,Jimbaran,46,101,0,0,0,3,3,2026-07-28,62,best_for not_for price_digits,,https://www.otherbali.com/places/barrels-steakhouse-at-samasta-lifestyle-village
chaskaa-jimbaran,CHASKAA GWK — Jimbaran,Jimbaran,46,101,0,0,0,3,3,2026-07-29,61,hours not_for price_digits,,https://www.otherbali.com/places/chaskaa-jimbaran
jimbaran-hub-yoga-jimbaran,Jimbaran Hub Yoga,Jimbaran,46,101,0,0,0,3,3,2026-07-29,61,street_address not_for price_digits,,https://www.otherbali.com/places/jimbaran-hub-yoga-jimbaran
la-santa-rosa,La Santa Rosa,Jimbaran,46,101,0,0,0,3,3,2026-07-28,62,hours not_for price_digits,,https://www.otherbali.com/places/la-santa-rosa
mapogu-coffee-and-eatery-mapogu-restaurant,Mapogu Coffee & Eatery Mapogu Restaurant,Jimbaran,46,101,0,0,0,3,4,2026-08-04,55,hours street_address price_digits,,https://www.otherbali.com/places/mapogu-coffee-and-eatery-mapogu-restaurant
opia-bali,Opia Bali,Jimbaran,46,101,0,0,0,3,3,2026-07-28,62,best_for not_for price_digits,,https://www.otherbali.com/places/opia-bali
telu-bar-at-four-seasons-resort-bali-at-jimbaran-bay,TELU Bar at Four Seasons Resort Bali at Jimbaran Bay,Jimbaran,46,101,0,0,0,3,3,2026-07-28,62,best_for not_for price_digits,,https://www.otherbali.com/places/telu-bar-at-four-seasons-resort-bali-at-jimbaran-bay
jaansan-beach-house-restaurant-bar-and-lounge-at-kelan-beach,"Jaansan Beach House | Restaurant, Bar & Lounge at Kelan Beach",Jimbaran,46,96,0,0,0,3,3,2026-07-28,62,not_for price_digits,,https://www.otherbali.com/places/jaansan-beach-house-restaurant-bar-and-lounge-at-kelan-beach
jimbaran-bay-beach-resort-spa-jimbaran,Jimbaran Bay Beach Resort Spa,Jimbaran,46,96,0,0,0,2,2,2026-07-29,61,hours street_address not_for price_digits,,https://www.otherbali.com/places/jimbaran-bay-beach-resort-spa-jimbaran
karma-jimbaran-fitness-jimbaran,Karma Jimbaran Fitness,Jimbaran,46,96,0,0,0,2,2,2026-07-28,62,hours street_address not_for price_digits,,https://www.otherbali.com/places/karma-jimbaran-fitness-jimbaran
luxme-bali-jimbaran,LuxMe Bali,Jimbaran,46,93,0,0,0,2,2,2026-08-25,34,hours street_address not_for price_digits,,https://www.otherbali.com/places/luxme-bali-jimbaran
karma-spa-at-karma-jimbaran-jimbaran,Karma Spa at Karma Jimbaran,Jimbaran,46,91,0,0,0,2,2,2026-07-28,62,street_address not_for price_digits,,https://www.otherbali.com/places/karma-spa-at-karma-jimbaran-jimbaran
martha-tilaar-salon-day-spa-jimbaran,Martha Tilaar Salon Day Spa Jimbaran,Jimbaran,46,91,0,0,0,2,2,2026-07-28,62,street_address not_for price_digits,,https://www.otherbali.com/places/martha-tilaar-salon-day-spa-jimbaran
bombora-balangan-resort-jimbaran,Bombora Balangan Resort,Jimbaran,46,88,0,0,0,2,2,2026-08-25,34,hours not_for price_digits,,https://www.otherbali.com/places/bombora-balangan-resort-jimbaran
cafe-vida-healthy-organic-restaurant-canggu,CAFE VIDA Healthy Organic Restaurant Canggu,Canggu,47,330,0,1,0,6,25,2026-08-08,51,hours street_address not_for,,https://www.otherbali.com/places/cafe-vida-healthy-organic-restaurant-canggu
tropical-nomad,Tropical Nomad,Canggu,47,321,0,1,0,5,5,2026-07-28,62,hours street_address price_digits,,https://www.otherbali.com/places/tropical-nomad
babi-guling-men-lari,Babi Guling Men Lari,Canggu,47,320,0,1,0,4,12,2026-08-08,51,hours street_address website not_for price_digits,,https://www.otherbali.com/places/babi-guling-men-lari
babi-guling-men-agus,Babi Guling Men Agus,Canggu,47,315,0,1,0,4,12,2026-08-08,51,hours street_address website price_digits,,https://www.otherbali.com/places/babi-guling-men-agus
warung-sika,Warung Sika,Canggu,47,315,0,1,0,5,5,2026-08-07,52,hours street_address,,https://www.otherbali.com/places/warung-sika
tonic-day-spa-botanicals-canggu,Tonic Day Spa & Botanicals,Canggu,47,306,0,1,0,3,3,2026-07-28,62,hours street_address not_for price_digits,,https://www.otherbali.com/places/tonic-day-spa-botanicals-canggu
inklusiv-warung,Inklusiv Warung,Canggu,47,305,0,1,0,5,5,2026-08-08,51,,,https://www.otherbali.com/places/inklusiv-warung
wrong-gym-pererenan,Wrong Gym Pererenan,Canggu,47,296,0,1,0,3,3,2026-07-28,62,street_address price_digits,,https://www.otherbali.com/places/wrong-gym-pererenan
kong-contemporary-bistro,KONG | Contemporary Bistro,Canggu,47,291,0,1,0,2,2,2026-07-28,62,best_for not_for price_digits,,https://www.otherbali.com/places/kong-contemporary-bistro
desa-seni-yoga,Desa Seni Yoga,Canggu,47,286,0,1,0,1,14,2026-07-28,62,hours street_address not_for price_digits,,https://www.otherbali.com/places/desa-seni-yoga
lopodo-catering-and-events,Lopodo Catering & Events,Canggu,47,285,0,1,0,3,3,2026-08-08,51,,,https://www.otherbali.com/places/lopodo-catering-and-events
bali-climbing-bouldering-gym,Bali Climbing Bouldering Gym,Canggu,47,282,0,1,0,1,16,2026-07-20,70,hours street_address price_digits,,https://www.otherbali.com/places/bali-climbing-bouldering-gym
jungle-padel-canggu-canggu,Jungle Padel Canggu,Canggu,47,281,0,1,0,1,1,2026-07-28,62,street_address not_for price_digits,,https://www.otherbali.com/places/jungle-padel-canggu-canggu
soma-fight-club-canggu,SOMA Fight Club,Canggu,47,281,0,1,0,1,1,2026-07-28,62,street_address not_for price_digits,,https://www.otherbali.com/places/soma-fight-club-canggu
ashe-grill-and-bar,Ashe Grill & Bar,Canggu,47,275,0,1,0,2,2,2026-08-08,51,,,https://www.otherbali.com/places/ashe-grill-and-bar
mia-asian-modern-inspired-restaurant-and-bar,MiA - Asian Modern-Inspired Restaurant & Bar,Canggu,47,275,0,1,0,2,2,2026-08-08,51,,,https://www.otherbali.com/places/mia-asian-modern-inspired-restaurant-and-bar
milk-and-madu-beach-road,Milk & Madu Beach Road,Canggu,47,175,0,0,0,11,11,2026-08-07,52,street_address price_digits,,https://www.otherbali.com/places/milk-and-madu-beach-road
nook-umalas,Nook Umalas,Canggu,47,166,0,0,0,9,9,2026-07-28,62,hours street_address website price_digits,,https://www.otherbali.com/places/nook-umalas
atlas-beach-club,Atlas Beach Club,Canggu,47,165,0,0,0,10,10,2026-08-08,51,hours street_address,,https://www.otherbali.com/places/atlas-beach-club
warung-nonii,Warung Nonii,Canggu,47,161,0,0,0,8,8,2026-07-28,62,hours street_address website not_for price_digits,,https://www.otherbali.com/places/warung-nonii
ji-restaurant-bali,Ji Restaurant Bali,Canggu,47,160,0,0,0,9,9,2026-08-07,52,street_address not_for price_digits,,https://www.otherbali.com/places/ji-restaurant-bali
sensorium-bali,Sensorium Bali,Canggu,47,160,0,0,0,9,9,2026-08-07,52,hours street_address price_digits,,https://www.otherbali.com/places/sensorium-bali
touche-cafe-and-restaurant,Touché Cafe & Restaurant,Canggu,47,160,0,0,0,9,9,2026-08-07,52,street_address website price_digits,,https://www.otherbali.com/places/touche-cafe-and-restaurant
luma,Luma,Canggu,47,156,0,0,0,8,8,2026-08-04,55,hours street_address not_for price_digits,,https://www.otherbali.com/places/luma
secret-spot-bali,Secret Spot,Canggu,47,151,0,0,0,8,8,2026-07-28,62,hours street_address price_digits,,https://www.otherbali.com/places/secret-spot-bali
the-lawn-canggu-beach-club,The Lawn Canggu Beach Club,Canggu,48,151,0,0,0,8,9,2026-08-04,55,hours street_address price_digits,,https://www.otherbali.com/places/the-lawn-canggu-beach-club
bali-buda-canggu,Bali Buda Canggu,Canggu,48,150,0,0,0,8,8,2026-08-08,51,street_address not_for price_digits,,https://www.otherbali.com/places/bali-buda-canggu
hippie-fish-pererenan-beach,Hippie Fish Pererenan Beach,Canggu,48,150,0,0,0,8,8,2026-08-08,51,hours street_address price_digits,,https://www.otherbali.com/places/hippie-fish-pererenan-beach
home-by-chef-wayan,HOME by Chef Wayan,Canggu,48,150,0,0,1,7,7,2026-08-08,51,street_address,,https://www.otherbali.com/places/home-by-chef-wayan
lyma-beach,Lyma Beach,Canggu,48,150,0,0,0,8,8,2026-08-07,52,hours street_address price_digits,,https://www.otherbali.com/places/lyma-beach
riviera-bistro-berawa,Riviera Bistro Berawa,Canggu,48,150,0,0,0,8,8,2026-08-07,52,hours street_address price_digits,,https://www.otherbali.com/places/riviera-bistro-berawa
udara-bali,Udara Bali,Canggu,48,148,0,0,1,6,6,2026-07-15,75,street_address price_digits,,https://www.otherbali.com/places/udara-bali
sa-mesa-canggu-experience-dining,Sa'Mesa Canggu | Experience Dining,Canggu,48,147,0,0,1,2,2,,999,hours street_address not_for price_digits,,https://www.otherbali.com/places/sa-mesa-canggu-experience-dining
como-beach-club-canggu,COMO Beach Club Canggu,Canggu,48,145,0,0,0,9,9,2026-08-08,51,,,https://www.otherbali.com/places/como-beach-club-canggu
honey-kitchen,Honey Kitchen,Canggu,48,145,0,0,0,7,7,2026-08-08,51,hours street_address website not_for,,https://www.otherbali.com/places/honey-kitchen
warung-bu-mi,Warung Bu Mi,Canggu,48,145,0,0,0,7,7,2026-08-11,48,hours street_address website price_digits,,https://www.otherbali.com/places/warung-bu-mi
the-freebird-studio-canggu,The Freebird Studio,Canggu,48,143,0,0,3,2,2,2026-08-25,34,hours not_for,,https://www.otherbali.com/places/the-freebird-studio-canggu
rize-cafe,Rize Cafe,Canggu,48,141,0,0,0,7,7,2026-07-28,62,hours street_address price_digits,,https://www.otherbali.com/places/rize-cafe
the-loft-bali,The Loft,Canggu,48,141,0,0,0,7,7,2026-08-04,55,hours street_address price_digits,,https://www.otherbali.com/places/the-loft-bali
7am-bakers-umalas,7AM Bakers Umalas,Canggu,48,140,0,0,0,7,142,2026-08-08,51,hours street_address price_digits,,https://www.otherbali.com/places/7am-bakers-umalas
cafe-del-mar-bali,Café del Mar Bali,Canggu,48,140,0,0,0,7,7,2026-08-08,51,hours street_address price_digits,,https://www.otherbali.com/places/cafe-del-mar-bali
riviera-cafe-cemagi,Riviera Cafe Cemagi,Canggu,48,140,0,0,0,7,7,2026-08-07,52,hours street_address price_digits,,https://www.otherbali.com/places/riviera-cafe-cemagi
riviera-trattoria-pererenan,Riviera Trattoria Pererenan,Canggu,48,140,0,0,0,7,7,2026-08-07,52,hours street_address price_digits,,https://www.otherbali.com/places/riviera-trattoria-pererenan
skool-kitchen,SKOOL Kitchen,Canggu,48,140,0,0,0,8,8,2026-08-08,51,street_address,,https://www.otherbali.com/places/skool-kitchen
yuki-canggu,YUKI Canggu,Canggu,48,140,0,0,0,7,7,2026-08-07,52,hours street_address price_digits,,https://www.otherbali.com/places/yuki-canggu
amo-spa-canggu,AMO Spa,Canggu,48,138,0,0,1,5,5,2026-08-25,34,hours street_address not_for,,https://www.otherbali.com/places/amo-spa-canggu
udara-bali-spa-canggu,Udara Bali Spa,Canggu,48,138,0,0,2,3,3,2026-08-25,34,hours street_address not_for,,https://www.otherbali.com/places/udara-bali-spa-canggu
miel-specialty-coffee-canggu,MIEL Specialty Coffee Canggu,Canggu,48,136,0,0,0,6,6,2026-08-04,55,hours street_address website price_digits,,https://www.otherbali.com/places/miel-specialty-coffee-canggu
oma-jamu,Oma Jamu,Canggu,48,136,0,0,0,6,6,2026-08-04,55,hours street_address website price_digits,,https://www.otherbali.com/places/oma-jamu
rise-and-shine-cafe,Rise and Shine Cafe,Canggu,48,136,0,0,0,6,6,2026-08-04,55,hours street_address website price_digits,,https://www.otherbali.com/places/rise-and-shine-cafe
ruko-cafe,Ruko Cafe,Canggu,49,136,0,0,0,6,6,2026-08-04,55,hours street_address website price_digits,,https://www.otherbali.com/places/ruko-cafe
santanera,Santanera,Canggu,49,136,0,0,0,6,6,2026-08-04,55,hours street_address not_for price_digits,,https://www.otherbali.com/places/santanera
satu-satu-coffee-company,Satu-Satu Coffee Company,Canggu,49,136,0,0,0,6,6,2026-08-04,55,hours street_address website price_digits,,https://www.otherbali.com/places/satu-satu-coffee-company
the-shady-shack,The Shady Shack,Canggu,49,136,0,0,0,7,7,2026-08-04,55,street_address price_digits,,https://www.otherbali.com/places/the-shady-shack
zin-cafe-canggu,ZIN Cafe Canggu,Canggu,49,136,0,0,0,7,7,2026-08-04,55,street_address price_digits,,https://www.otherbali.com/places/zin-cafe-canggu
baked-pererenan,BAKED Pererenan,Canggu,49,135,0,0,0,6,6,2026-08-08,51,hours street_address not_for price_digits,,https://www.otherbali.com/places/baked-pererenan
crate-cafe,Crate Cafe,Canggu,49,135,0,0,0,7,26,2026-08-08,51,street_address price_digits,,https://www.otherbali.com/places/crate-cafe
milu-by-nook,Milu by Nook,Canggu,49,135,0,0,0,6,6,2026-08-08,51,hours street_address website price_digits,,https://www.otherbali.com/places/milu-by-nook
milk-and-madu-berawa,Milk & Madu Berawa,Canggu,49,135,0,0,0,7,7,2026-08-07,52,street_address price_digits,,https://www.otherbali.com/places/milk-and-madu-berawa
samesa-canggu,Sa'Mesa Canggu,Canggu,49,135,0,0,1,6,6,2026-08-08,51,,,https://www.otherbali.com/places/samesa-canggu
aliya-salon-and-day-spa-canggu,Aliya Salon and Day Spa,Canggu,49,133,0,0,1,5,62,2026-08-25,34,hours not_for,,https://www.otherbali.com/places/aliya-salon-and-day-spa-canggu
baked-berawa,BAKED. Berawa,Canggu,49,130,0,0,0,6,6,2026-08-08,51,hours street_address price_digits,,https://www.otherbali.com/places/baked-berawa
dandelion,Casa Tua,Canggu,49,130,0,0,0,6,6,2026-08-08,51,hours website price_digits,,https://www.otherbali.com/places/dandelion
copenhagen-cafe-berawa,Copenhagen CAFE Berawa,Canggu,49,130,0,0,0,6,6,2026-08-08,51,hours street_address price_digits,,https://www.otherbali.com/places/copenhagen-cafe-berawa
deus-ex-machina,Deus Ex Machina,Canggu,49,130,0,0,0,6,6,2026-08-08,51,hours street_address price_digits,,https://www.otherbali.com/places/deus-ex-machina
hungry-bird-coffee,Hungry Bird Coffee Roaster,Canggu,49,130,0,0,0,6,6,2026-08-08,51,hours street_address price_digits,,https://www.otherbali.com/places/hungry-bird-coffee
mason,Mason,Canggu,49,130,0,0,0,6,6,2026-08-08,51,hours street_address price_digits,,https://www.otherbali.com/places/mason
neighbourhood-food-seseh,Neighbourhood Food Seseh,Canggu,49,130,0,0,0,6,6,2026-08-07,52,hours street_address price_digits,,https://www.otherbali.com/places/neighbourhood-food-seseh
poule-de-luxe-bali,Poule de Luxe Bali,Canggu,49,130,0,0,0,7,7,2026-08-07,52,street_address,,https://www.otherbali.com/places/poule-de-luxe-bali
seseh-general-store,Seseh General Store,Canggu,49,130,0,0,0,6,6,2026-08-07,52,hours street_address price_digits,,https://www.otherbali.com/places/seseh-general-store
the-avocado-factory,The Avocado Factory,Canggu,49,130,0,0,0,7,7,2026-08-07,52,price_digits,,https://www.otherbali.com/places/the-avocado-factory
bali-dream-villa-resort-echo-beach-canggu-canggu,Bali Dream Villa Resort Echo Beach Canggu,Canggu,49,128,0,0,1,4,4,2026-08-25,34,hours street_address not_for,,https://www.otherbali.com/places/bali-dream-villa-resort-echo-beach-canggu-canggu
manori-spa-canggu,Manori Spa,Canggu,49,128,0,0,1,4,4,2026-08-25,34,hours street_address not_for,,https://www.otherbali.com/places/manori-spa-canggu
revive-bali-canggu,Revive Bali,Canggu,49,128,0,0,1,4,4,2026-08-25,34,hours street_address not_for,,https://www.otherbali.com/places/revive-bali-canggu
serenity-bali-yogi-spa-canggu,Serenity Bali Yogi Spa,Canggu,49,128,0,0,1,4,4,2026-08-25,34,hours street_address not_for,,https://www.otherbali.com/places/serenity-bali-yogi-spa-canggu
tyce-spa-bali-canggu,Tyce Spa Bali,Canggu,50,128,0,0,1,4,4,2026-08-25,34,hours street_address not_for,,https://www.otherbali.com/places/tyce-spa-bali-canggu
umalas-canggu,UMALAS,Canggu,50,128,0,0,1,4,4,2026-08-25,34,hours street_address not_for,,https://www.otherbali.com/places/umalas-canggu
the-free-bird-studio,The Free Bird Studio,Canggu,50,127,0,0,2,1,1,2026-07-20,70,hours street_address not_for price_digits,,https://www.otherbali.com/places/the-free-bird-studio
revolver-canggu,Revolver Canggu,Canggu,50,126,0,0,0,6,6,2026-08-04,55,street_address price_digits,,https://www.otherbali.com/places/revolver-canggu
roots-pererenan,Roots,Canggu,50,126,0,0,0,6,6,2026-07-28,62,website price_digits,,https://www.otherbali.com/places/roots-pererenan
sushimi-bali,Sushimi Bali,Canggu,50,126,0,0,0,6,6,2026-07-28,62,street_address price_digits,,https://www.otherbali.com/places/sushimi-bali
ulekan-berawa,Ulekan Berawa,Canggu,50,126,0,0,0,5,5,2026-08-04,55,hours street_address not_for price_digits,,https://www.otherbali.com/places/ulekan-berawa
beach-boy-canggu,Beach Boy Canggu,Canggu,50,125,0,0,0,6,6,2026-08-08,51,hours street_address,,https://www.otherbali.com/places/beach-boy-canggu
bottega-italiana,Bottega Italiana,Canggu,50,125,0,0,0,6,6,2026-08-08,51,street_address price_digits,,https://www.otherbali.com/places/bottega-italiana
brunch-club-pererenan,Brunch Club Pererenan,Canggu,50,125,0,0,0,6,25,2026-08-08,51,hours street_address,,https://www.otherbali.com/places/brunch-club-pererenan
finns-beach-club,FINNS Beach Club,Canggu,50,125,0,0,0,7,7,2026-08-08,51,,,https://www.otherbali.com/places/finns-beach-club
isla-by-earth-island,ISLA by Earth Island,Canggu,50,125,0,0,0,6,6,2026-08-08,51,hours street_address,,https://www.otherbali.com/places/isla-by-earth-island
la-brisa-bali,La Brisa Bali,Canggu,50,125,0,0,0,6,7,2026-08-08,51,hours street_address,,https://www.otherbali.com/places/la-brisa-bali
pizza-fabbrica,Pizza Fabbrica,Canggu,50,125,0,0,0,5,5,2026-08-08,51,hours street_address not_for price_digits,,https://www.otherbali.com/places/pizza-fabbrica
shelter-restaurant,Shelter Restaurant,Canggu,50,125,0,0,0,6,6,2026-08-07,52,street_address price_digits,,https://www.otherbali.com/places/shelter-restaurant
the-slow,The Slow,Canggu,50,125,0,0,0,5,5,2026-08-08,51,hours street_address website price_digits,,https://www.otherbali.com/places/the-slow
alam-wellness-bali-canggu,Alam Wellness Bali,Canggu,50,123,0,0,1,3,60,2026-08-25,34,hours street_address not_for price_digits,,https://www.otherbali.com/places/alam-wellness-bali-canggu
bali-serene-nature-canggu,Bali Serene Nature,Canggu,50,123,0,0,1,3,3,2026-08-25,34,hours street_address not_for price_digits,,https://www.otherbali.com/places/bali-serene-nature-canggu
blue-karma-village-canggu,Blue Karma Village,Canggu,50,123,0,0,1,3,3,2026-08-25,34,hours street_address not_for price_digits,,https://www.otherbali.com/places/blue-karma-village-canggu
hati-thai-canggu,Hati Thai,Canggu,50,123,0,0,1,4,4,2026-08-25,34,hours not_for,,https://www.otherbali.com/places/hati-thai-canggu
nomads-haus-canggu,Nomads Haus,Canggu,50,123,0,0,1,3,3,2026-08-25,34,hours street_address not_for price_digits,,https://www.otherbali.com/places/nomads-haus-canggu
swara-spa-canggu,Swara Spa,Canggu,50,123,0,0,1,3,3,2026-08-25,34,hours street_address not_for price_digits,,https://www.otherbali.com/places/swara-spa-canggu
the-ark-recovery-canggu,The Ark Recovery,Canggu,50,123,0,0,1,4,4,2026-08-25,34,hours street_address,,https://www.otherbali.com/places/the-ark-recovery-canggu
wave-house-bali-canggu,Wave House Bali,Canggu,50,123,0,0,1,3,3,2026-08-25,34,hours street_address not_for price_digits,,https://www.otherbali.com/places/wave-house-bali-canggu
honeycomb-bali,Honeycomb Bali,Canggu,50,121,0,0,0,4,4,2026-07-30,60,hours website best_for not_for price_digits,,https://www.otherbali.com/places/honeycomb-bali
lulu-bistrot,Lulu Bistrot,Canggu,51,121,0,0,0,5,5,2026-07-29,61,hours street_address price_digits,,https://www.otherbali.com/places/lulu-bistrot
neighbourhood-food-berawa,Neighbourhood Food Berawa,Canggu,51,121,0,0,0,5,5,2026-07-28,62,hours street_address price_digits,,https://www.otherbali.com/places/neighbourhood-food-berawa
warung-varuna,Warung Varuna,Canggu,51,121,0,0,0,5,5,2026-07-29,61,hours street_address website,,https://www.otherbali.com/places/warung-varuna
woods-bali,Woods Bali,Canggu,51,121,0,0,0,5,5,2026-08-04,55,street_address not_for price_digits,,https://www.otherbali.com/places/woods-bali
12-urban-cafe-breakfast-and-dinner-movie-night-cocktail-bar-canggu,12 Urban Cafe - Breakfast & Dinner | Movie night | Cocktail Bar Canggu,Canggu,51,120,0,0,0,6,141,2026-08-08,51,not_for,,https://www.otherbali.com/places/12-urban-cafe-breakfast-and-dinner-movie-night-cocktail-bar-canggu
babi-guling-sari-kembar-99,Babi Guling Sari Kembar 99,Canggu,51,120,0,0,0,4,12,2026-08-08,51,hours street_address website not_for price_digits,,https://www.otherbali.com/places/babi-guling-sari-kembar-99
bar-vera-bistro-and-wine-bar,Bar Vera Bistro & Wine Bar,Canggu,51,120,0,0,0,5,7,2026-08-08,51,hours street_address not_for,,https://www.otherbali.com/places/bar-vera-bistro-and-wine-bar
boheme-canggu,Boheme Restaurant at Shore Amora Canggu,Canggu,51,120,0,0,0,6,6,2026-08-08,51,price_digits,,https://www.otherbali.com/places/boheme-canggu
home-cafe-mengwi,HOME Cafe MENGWI,Canggu,51,120,0,0,0,4,7,2026-08-07,52,hours street_address website not_for price_digits,,https://www.otherbali.com/places/home-cafe-mengwi
moana-fish-eatery,Moana Fish Eatery,Canggu,51,120,0,0,0,5,5,2026-08-08,51,street_address website price_digits,,https://www.otherbali.com/places/moana-fish-eatery
two-face-canggu,TWO FACE Canggu,Canggu,51,120,0,0,0,5,5,2026-08-07,52,hours street_address price_digits,,https://www.otherbali.com/places/two-face-canggu
warung-jawa-bu-sri,Warung Jawa Bu Sri,Canggu,51,120,0,0,0,5,5,2026-08-07,52,hours street_address website,,https://www.otherbali.com/places/warung-jawa-bu-sri
warung-local,Warung Local,Canggu,51,120,0,0,0,5,5,2026-08-07,52,hours street_address website,,https://www.otherbali.com/places/warung-local
cocoon-medical-spa-canggu,Cocoon Medical Spa,Canggu,51,118,0,0,1,3,3,2026-08-25,34,hours not_for price_digits,,https://www.otherbali.com/places/cocoon-medical-spa-canggu
como-shambhala-uma-canggu-canggu,COMO Shambhala Uma Canggu,Canggu,51,118,0,0,1,3,3,2026-08-25,34,hours not_for price_digits,,https://www.otherbali.com/places/como-shambhala-uma-canggu-canggu
ecosfera-hotel-canggu,Ecosfera Hotel,Canggu,51,118,0,0,1,3,3,2026-08-25,34,hours not_for price_digits,,https://www.otherbali.com/places/ecosfera-hotel-canggu
espace-spa-bali-canggu,Espace Spa Bali,Canggu,51,118,0,0,1,3,3,2026-08-25,34,hours street_address not_for,,https://www.otherbali.com/places/espace-spa-bali-canggu
maja-canggu,Maja,Canggu,51,118,0,0,1,3,3,2026-08-25,34,hours street_address price_digits,,https://www.otherbali.com/places/maja-canggu
respawn-spa-bali-canggu,reSPAwn Spa Bali,Canggu,51,118,0,0,1,3,3,2026-08-25,34,hours street_address not_for,,https://www.otherbali.com/places/respawn-spa-bali-canggu
therapy-day-spa-canggu,Therapy Day Spa,Canggu,51,118,0,0,1,3,3,2026-08-25,34,hours street_address not_for,,https://www.otherbali.com/places/therapy-day-spa-canggu
udara-bali-yoga-detox-and-spa-organic-ocean,Udara Bali Yoga Detox & Spa / Organic Ocean,Canggu,51,118,0,0,1,3,3,2026-07-15,75,street_address price_digits,,https://www.otherbali.com/places/udara-bali-yoga-detox-and-spa-organic-ocean
motion-cafe,Motion Cafe,Canggu,51,116,0,0,0,5,5,2026-07-29,61,street_address price_digits,,https://www.otherbali.com/places/motion-cafe
swarna-spa-and-wellness,Swarna Spa and Wellness,Canggu,51,116,0,0,0,4,4,2026-07-28,62,hours street_address not_for price_digits,,https://www.otherbali.com/places/swarna-spa-and-wellness
therapy-day-spa-pererenan,Therapy Day Spa Pererenan,Canggu,51,116,0,0,0,4,4,2026-07-29,61,hours street_address not_for price_digits,,https://www.otherbali.com/places/therapy-day-spa-pererenan
workmates-coworking-space-and-cafe,Workmates Coworking Space & Cafe,Canggu,51,116,0,0,0,4,4,2026-08-04,55,hours street_address not_for price_digits,,https://www.otherbali.com/places/workmates-coworking-space-and-cafe
alma-tapas-bar,Alma Tapas Bar at Canggu,Canggu,52,115,0,0,0,6,141,2026-08-08,51,,,https://www.otherbali.com/places/alma-tapas-bar
artisan-pererenan,Artisan – Pererenan,Canggu,52,115,0,0,1,2,2,2026-08-07,52,hours street_address not_for price_digits,,https://www.otherbali.com/places/artisan-pererenan
jalapeno,Jalapeno,Canggu,52,115,0,0,0,5,5,2026-08-08,51,not_for price_digits,,https://www.otherbali.com/places/jalapeno
babi-guling-swari,Warung Babi Guling Swari,Canggu,52,115,0,0,0,4,7,2026-08-11,48,hours street_address website price_digits,,https://www.otherbali.com/places/babi-guling-swari
warung-yess,Warung Yess,Canggu,52,115,0,0,0,5,5,2026-08-07,52,hours street_address,,https://www.otherbali.com/places/warung-yess
watercress-berawa,Watercress Berawa,Canggu,52,115,0,0,0,4,4,2026-08-07,52,hours street_address not_for price_digits,,https://www.otherbali.com/places/watercress-berawa
ameline-beauty-spa-canggu,Ameline Beauty & Spa,Canggu,52,113,0,0,1,2,2,2026-08-25,34,hours street_address not_for price_digits,,https://www.otherbali.com/places/ameline-beauty-spa-canggu
beach-house-by-tonic-canggu,Beach House by Tonic,Canggu,52,113,0,0,1,3,3,2026-08-25,34,hours not_for,,https://www.otherbali.com/places/beach-house-by-tonic-canggu
beautyfulspa-canggu,Beautyfulspa,Canggu,52,113,0,0,1,3,3,2026-08-25,34,hours not_for,,https://www.otherbali.com/places/beautyfulspa-canggu
fajar-bali-luxury-spa-canggu,Fajar Bali Luxury Spa,Canggu,52,113,0,0,1,3,3,2026-08-25,34,hours not_for,,https://www.otherbali.com/places/fajar-bali-luxury-spa-canggu
koya-spa-canggu,KOYA SPA,Canggu,52,113,0,0,1,3,3,2026-08-25,34,hours not_for,,https://www.otherbali.com/places/koya-spa-canggu
korra-spa-canggu,Korra Spa,Canggu,52,113,0,0,1,3,3,2026-08-25,34,hours price_digits,,https://www.otherbali.com/places/korra-spa-canggu
mychef-canggu,myCHEF,Canggu,52,113,0,0,1,3,3,2026-08-25,34,hours street_address,,https://www.otherbali.com/places/mychef-canggu
shosan-holistic-spa-canggu,Shosan Holistic Spa,Canggu,52,113,0,0,1,3,3,2026-08-25,34,hours street_address,,https://www.otherbali.com/places/shosan-holistic-spa-canggu
tonic-canggu-canggu,Tonic Canggu,Canggu,52,113,0,0,1,3,3,2026-08-25,34,hours not_for,,https://www.otherbali.com/places/tonic-canggu-canggu
urban-oasis-canggu,Urban Oasis,Canggu,52,113,0,0,1,3,3,2026-08-25,34,hours not_for,,https://www.otherbali.com/places/urban-oasis-canggu
milano,Milano,Canggu,52,111,0,0,1,2,2,2026-07-28,62,best_for not_for price_digits,,https://www.otherbali.com/places/milano
samadi-bali,Samadi Bali,Canggu,52,111,0,0,0,4,4,2026-07-29,61,hours street_address price_digits,,https://www.otherbali.com/places/samadi-bali
12-kitchen-and-wine,12 Kitchen and Wine,Canggu,52,110,0,0,0,4,6,2026-08-08,51,street_address not_for price_digits,,https://www.otherbali.com/places/12-kitchen-and-wine
cocomo-at-canggu,Cocomo at Canggu,Canggu,52,110,0,0,1,3,3,2026-08-08,51,not_for,,https://www.otherbali.com/places/cocomo-at-canggu
nail-lesss-canggu,Nail Lesss Canggu,Canggu,52,110,0,0,0,3,3,2026-08-07,52,hours street_address website not_for price_digits,,https://www.otherbali.com/places/nail-lesss-canggu
nude-berawa,NÜDE Berawa,Canggu,52,110,0,0,0,5,5,2026-08-08,51,price_digits,,https://www.otherbali.com/places/nude-berawa
alma-spa-canggu,Alma Spa,Canggu,52,108,0,0,1,2,5,2026-08-25,34,hours not_for price_digits,,https://www.otherbali.com/places/alma-spa-canggu
rosies-nail-bar-canggu,Rosies Nail Bar,Canggu,52,108,0,0,1,2,2,2026-08-25,34,hours street_address not_for,,https://www.otherbali.com/places/rosies-nail-bar-canggu
the-path-yoga-center-canggu,The Path Yoga Center,Canggu,52,108,0,0,1,2,2,2026-08-25,34,hours street_address not_for,,https://www.otherbali.com/places/the-path-yoga-center-canggu
amo-spa-canggu-canggu,AMO Spa Canggu,Canggu,53,105,0,0,0,4,4,2026-08-08,51,street_address price_digits,,https://www.otherbali.com/places/amo-spa-canggu-canggu
bokashi-berawa,Bokashi Bali at Berawa,Canggu,53,105,0,0,0,5,5,2026-08-08,51,,,https://www.otherbali.com/places/bokashi-berawa
e-a-r-t-h-by-ulaman,E.A.R.T.H Restaurant & Lounge,Canggu,53,105,0,0,1,3,3,2026-08-08,51,,,https://www.otherbali.com/places/e-a-r-t-h-by-ulaman
loop-cafe,LOOP cafe,Canggu,53,105,0,0,0,4,4,2026-08-07,52,street_address price_digits,,https://www.otherbali.com/places/loop-cafe
luigis-hot-pizza,Luigi’s Hot Pizza,Canggu,53,105,0,0,0,4,4,2026-08-08,51,hours street_address,,https://www.otherbali.com/places/luigis-hot-pizza
air-seseh-recovery-club-canggu,Air Seseh Recovery Club,Canggu,53,103,0,0,0,3,60,2026-08-25,34,hours street_address not_for price_digits,,https://www.otherbali.com/places/air-seseh-recovery-club-canggu
glo-bali-canggu,Glo Bali,Canggu,53,103,0,0,1,1,11,2026-08-25,34,hours street_address not_for price_digits,,https://www.otherbali.com/places/glo-bali-canggu
six-senses-spas-canggu,Six Senses Spas,Canggu,53,103,0,0,0,3,3,2026-08-25,34,hours street_address not_for price_digits,,https://www.otherbali.com/places/six-senses-spas-canggu
body-factory-bali-recovery-canggu,Body Factory Bali Recovery,Canggu,53,101,0,0,0,3,3,2026-07-28,62,street_address not_for price_digits,,https://www.otherbali.com/places/body-factory-bali-recovery-canggu
bokashi-bali-pererenan,Bokashi Bali (Pererenan),Canggu,53,101,0,0,0,2,2,2026-07-30,60,hours website best_for not_for price_digits,,https://www.otherbali.com/places/bokashi-bali-pererenan
finns-recreation-club-finns-lifestyle-village,FINNS Recreation Club / FINNS Lifestyle Village,Canggu,53,101,0,0,0,3,3,2026-07-29,61,hours street_address price_digits,,https://www.otherbali.com/places/finns-recreation-club-finns-lifestyle-village
hip-hop-soul-restaurant,Hip Hop Soul Restaurant,Canggu,53,101,0,0,0,2,2,2026-07-30,60,hours website best_for not_for price_digits,,https://www.otherbali.com/places/hip-hop-soul-restaurant
kopiten,Kopiten,Canggu,53,101,0,0,0,2,2,2026-08-04,55,hours street_address website not_for price_digits,,https://www.otherbali.com/places/kopiten
mosto-berawa,Mosto Berawa,Canggu,53,101,0,0,0,3,5,2026-08-04,55,hours street_address price_digits,,https://www.otherbali.com/places/mosto-berawa
only-nails-pererenan,Only Nails Pererenan,Canggu,53,101,0,0,0,3,3,2026-08-04,55,street_address not_for price_digits,,https://www.otherbali.com/places/only-nails-pererenan
porch,Porch,Canggu,53,101,0,0,0,2,2,2026-08-04,55,hours street_address website not_for price_digits,,https://www.otherbali.com/places/porch
rite-bali-recovery-canggu,RITE Bali Recovery,Canggu,53,101,0,0,0,3,3,2026-07-28,62,street_address not_for price_digits,,https://www.otherbali.com/places/rite-bali-recovery-canggu
shichirin-japanese-restaurant-canggu,Shichirin Japanese Restaurant — Canggu,Canggu,53,101,0,0,0,3,3,2026-08-04,55,street_address not_for price_digits,,https://www.otherbali.com/places/shichirin-japanese-restaurant-canggu
therapy-canggu-canggu,Therapy Canggu,Canggu,53,101,0,0,0,3,3,2026-07-28,62,street_address not_for price_digits,,https://www.otherbali.com/places/therapy-canggu-canggu
vore-grillhouse-and-lounge,Vore Grillhouse and Lounge,Canggu,53,101,0,0,0,2,2,2026-07-30,60,hours website best_for not_for price_digits,,https://www.otherbali.com/places/vore-grillhouse-and-lounge
focaccia-buddies,Focaccia Buddies,Canggu,53,100,0,0,0,2,2,2026-08-07,52,hours street_address website not_for price_digits,,https://www.otherbali.com/places/focaccia-buddies
goldust-spa-canggu,Goldust Spa,Canggu,53,100,0,0,0,3,3,2026-08-08,51,hours street_address not_for,,https://www.otherbali.com/places/goldust-spa-canggu
mavammy,Mavammy,Canggu,53,100,0,0,0,2,2,2026-08-07,52,hours street_address website not_for price_digits,,https://www.otherbali.com/places/mavammy
spring-spa-canggu,Spring Spa Canggu,Canggu,53,100,0,0,0,3,3,2026-08-07,52,street_address not_for price_digits,,https://www.otherbali.com/places/spring-spa-canggu
nikara-spa-berawa-canggu,Nikara Spa Berawa,Canggu,53,98,0,0,0,4,4,2026-08-25,34,hours,,https://www.otherbali.com/places/nikara-spa-berawa-canggu
at06,AT06,Canggu,54,96,0,0,0,2,2,2026-08-04,55,hours street_address not_for price_digits,,https://www.otherbali.com/places/at06
kedai-tepi-kali-and-bar-at-tapa-tepi-kali-canggu,Kedai Tepi Kali and Bar at Tapa Tepi Kali Canggu,Canggu,54,96,0,0,0,2,2,2026-07-28,62,website best_for not_for price_digits,,https://www.otherbali.com/places/kedai-tepi-kali-and-bar-at-tapa-tepi-kali-canggu
samm-s-farm,Samm's Farm,Canggu,54,96,0,0,0,2,2,2026-07-28,62,website best_for not_for price_digits,,https://www.otherbali.com/places/samm-s-farm
selia-restaurant-coffee-bar,SELIA Restaurant Coffee Bar,Canggu,54,96,0,0,0,2,2,2026-07-28,62,website best_for not_for price_digits,,https://www.otherbali.com/places/selia-restaurant-coffee-bar
shary-shary,Shary Shary,Canggu,54,96,0,0,0,2,2,2026-07-28,62,website best_for not_for price_digits,,https://www.otherbali.com/places/shary-shary
terrace-brasserie-and-cafe,Terrace Brasserie & Café,Canggu,54,96,0,0,0,2,2,2026-07-28,62,website best_for not_for price_digits,,https://www.otherbali.com/places/terrace-brasserie-and-cafe
thara-kitchen-and-bar,Thara Kitchen & Bar,Canggu,54,96,0,0,0,2,2,2026-07-28,62,website best_for not_for price_digits,,https://www.otherbali.com/places/thara-kitchen-and-bar
the-room-bar-bali,The Room Bar - Bali,Canggu,54,96,0,0,0,2,2,2026-07-28,62,website best_for not_for price_digits,,https://www.otherbali.com/places/the-room-bar-bali
wonton-club,Wonton Club,Canggu,54,96,0,0,0,2,2,2026-07-28,62,website best_for not_for price_digits,,https://www.otherbali.com/places/wonton-club
yen-social-bali,Yen Social Bali,Canggu,54,96,0,0,0,2,2,2026-07-28,62,website best_for not_for price_digits,,https://www.otherbali.com/places/yen-social-bali
caffe-torino-by-venticinque-group-at-grand-srikandi-mansion,Caffè Torino by Venticinque Group at Grand Srikandi Mansion,Canggu,54,95,0,0,0,3,3,2026-08-08,51,website not_for,,https://www.otherbali.com/places/caffe-torino-by-venticinque-group-at-grand-srikandi-mansion
como-uma-canggu-wellness-spa-canggu,COMO Uma Canggu Wellness / Spa,Canggu,54,95,0,0,0,3,3,2026-08-08,51,hours street_address,,https://www.otherbali.com/places/como-uma-canggu-wellness-spa-canggu
cutiepai-nails,CutiePai Nails,Canggu,54,95,0,0,0,3,3,2026-08-08,51,hours street_address,,https://www.otherbali.com/places/cutiepai-nails
espace-spa-canggu-canggu,Espace Spa Canggu,Canggu,54,95,0,0,0,3,3,2026-08-08,51,street_address not_for,,https://www.otherbali.com/places/espace-spa-canggu-canggu
rize-pererenan,rize pererenan,Canggu,54,95,0,0,0,2,2,2026-08-07,52,website best_for not_for price_digits,,https://www.otherbali.com/places/rize-pererenan
seabird-bistro-and-coworking-canggu-by-wonderspace,Seabird Bistro & Coworking Canggu by Wonderspace,Canggu,54,95,0,0,0,2,2,2026-08-07,52,hours street_address not_for price_digits,,https://www.otherbali.com/places/seabird-bistro-and-coworking-canggu-by-wonderspace
sista-dumpling,SISTA DUMPLING 喜食,Canggu,54,95,0,0,0,3,3,2026-08-08,51,hours price_digits,,https://www.otherbali.com/places/sista-dumpling
bali-barber-canggu,Bali Barber Canggu,Canggu,54,93,0,0,0,1,11,2026-07-13,77,hours street_address website not_for price_digits,,https://www.otherbali.com/places/bali-barber-canggu
bella-canggu,Bella,Canggu,54,93,0,0,0,2,2,2026-08-25,34,hours street_address not_for price_digits,,https://www.otherbali.com/places/bella-canggu
gather-canggu,Gather,Canggu,54,93,0,0,0,2,2,2026-08-25,34,hours street_address not_for price_digits,,https://www.otherbali.com/places/gather-canggu
mello-spa-canggu-canggu,Mello Spa Canggu,Canggu,54,93,0,0,0,3,3,2026-08-25,34,hours not_for,,https://www.otherbali.com/places/mello-spa-canggu-canggu
uma-garden-canggu,Uma Garden,Canggu,54,93,0,0,0,2,2,2026-08-25,34,hours street_address not_for price_digits,,https://www.otherbali.com/places/uma-garden-canggu
cantina-classe-canggu,Cantina Classe — Canggu,Canggu,54,91,0,0,0,2,2,2026-08-04,55,street_address not_for price_digits,,https://www.otherbali.com/places/cantina-classe-canggu
jen-deli-restaurant-and-la-fortuna-bar-at-sense-canggu-beach-hotel,Jen Deli Restaurant and La Fortuna Bar at Sense Canggu Beach Hotel,Canggu,54,91,0,0,0,2,2,2026-07-28,62,best_for not_for price_digits,,https://www.otherbali.com/places/jen-deli-restaurant-and-la-fortuna-bar-at-sense-canggu-beach-hotel
khao-canggu,KHAO Canggu,Canggu,54,91,0,0,0,2,2,2026-07-28,62,best_for not_for price_digits,,https://www.otherbali.com/places/khao-canggu
lowcal-cheatery-and-bar,"LowCal, Cheatery and Bar",Canggu,55,91,0,0,0,2,2,2026-07-30,60,hours website price_digits,,https://www.otherbali.com/places/lowcal-cheatery-and-bar
one-eyed-jack,One Eyed Jack,Canggu,55,91,0,0,0,2,2,2026-08-04,55,best_for not_for price_digits,,https://www.otherbali.com/places/one-eyed-jack
paed-thai-canggu,Paed Thai — Canggu,Canggu,55,91,0,0,0,2,2,2026-08-04,55,street_address not_for price_digits,,https://www.otherbali.com/places/paed-thai-canggu
rasa-kitchen,Rasa Kitchen,Canggu,55,91,0,0,0,2,2,2026-07-28,62,best_for not_for price_digits,,https://www.otherbali.com/places/rasa-kitchen
roomah-canggu-at-holiday-inn-resort-bali-canggu,Roomah Canggu at Holiday Inn Resort Bali Canggu,Canggu,55,91,0,0,0,2,2,2026-07-28,62,best_for not_for price_digits,,https://www.otherbali.com/places/roomah-canggu-at-holiday-inn-resort-bali-canggu
sababa,Sababa,Canggu,55,91,0,0,0,2,2,2026-07-28,62,best_for not_for price_digits,,https://www.otherbali.com/places/sababa
think-pink-nails-canggu-canggu,Think Pink Nails Canggu,Canggu,55,91,0,0,0,2,2,2026-07-29,61,street_address not_for price_digits,,https://www.otherbali.com/places/think-pink-nails-canggu-canggu
turntable-canggu-steakhouse,Turntable Canggu | Steakhouse,Canggu,55,91,0,0,0,2,2,2026-07-28,62,best_for not_for price_digits,,https://www.otherbali.com/places/turntable-canggu-steakhouse
urban-bites-cafe-at-berawa,Urban Bites Cafe at Berawa,Canggu,55,91,0,0,0,2,2,2026-07-28,62,best_for not_for price_digits,,https://www.otherbali.com/places/urban-bites-cafe-at-berawa
zali-at-pererenan,Zali at Pererenan,Canggu,55,91,0,0,0,2,2,2026-07-28,62,best_for not_for price_digits,,https://www.otherbali.com/places/zali-at-pererenan
aunty-ji-s,Aunty Ji's,Canggu,55,90,0,0,0,3,3,2026-08-08,51,price_digits,,https://www.otherbali.com/places/aunty-ji-s
bambou-cafe-and-lagree-cemagi,Bambou Café & Lagree Cemagi,Canggu,55,90,0,0,0,2,2,2026-08-08,51,hours street_address not_for,,https://www.otherbali.com/places/bambou-cafe-and-lagree-cemagi
billy-ho-japanese-restaurant,Billy Ho Japanese Restaurant,Canggu,55,90,0,0,0,3,3,2026-08-08,51,price_digits,,https://www.otherbali.com/places/billy-ho-japanese-restaurant
estetica-belle,Estetica Belle,Canggu,55,90,0,0,0,3,3,2026-08-08,51,street_address,,https://www.otherbali.com/places/estetica-belle
face-therapy-spa-pererenan,Face Therapy Spa Pererenan,Canggu,55,90,0,0,0,3,3,2026-08-08,51,street_address,,https://www.otherbali.com/places/face-therapy-spa-pererenan
jungle-padel-canggu-shortcut,Jungle Padel Canggu Shortcut,Canggu,55,90,0,0,0,3,3,2026-08-07,52,street_address,,https://www.otherbali.com/places/jungle-padel-canggu-shortcut
lolas-cantina-canggu,Lola’s Cantina Mexicana — Canggu,Canggu,55,90,0,0,0,2,2,2026-08-07,52,street_address not_for price_digits,,https://www.otherbali.com/places/lolas-cantina-canggu
paradise-padel-bali,Paradise Padel Bali,Canggu,55,90,0,0,0,1,2,2026-08-07,52,hours street_address website not_for price_digits,,https://www.otherbali.com/places/paradise-padel-bali
sia-grill-and-seafood-bar,SIA - Grill & Seafood Bar,Canggu,55,90,0,0,0,3,3,2026-08-08,51,price_digits,,https://www.otherbali.com/places/sia-grill-and-seafood-bar
victory-fitness-club,Victory Fitness Club,Canggu,55,90,0,0,0,1,1,2026-08-07,52,hours street_address website not_for price_digits,,https://www.otherbali.com/places/victory-fitness-club
surya-fitness-gym,Surya Fitness Gym,Canggu,55,87,0,0,0,1,4,2026-07-20,70,hours street_address not_for price_digits,,https://www.otherbali.com/places/surya-fitness-gym
ecosfera-yoga-canggu-canggu,Ecosfera Yoga Canggu,Canggu,55,86,0,0,0,1,3,2026-07-28,62,hours street_address not_for price_digits,,https://www.otherbali.com/places/ecosfera-yoga-canggu-canggu
goldust-beauty-facials-canggu,Goldust Beauty / Facials,Canggu,55,86,0,0,0,1,4,2026-07-28,62,hours street_address not_for price_digits,,https://www.otherbali.com/places/goldust-beauty-facials-canggu
jet-black-ginger-canggu-canggu,Jet Black Ginger Canggu,Canggu,55,86,0,0,0,1,1,2026-07-29,61,hours street_address not_for price_digits,,https://www.otherbali.com/places/jet-black-ginger-canggu-canggu
ju-bali,Ju Bali,Canggu,55,86,0,0,0,2,2,2026-08-04,55,street_address price_digits,,https://www.otherbali.com/places/ju-bali
amavi-canggu-bali,AMAVI Canggu Bali,Canggu,56,85,0,0,0,1,4,2026-08-07,52,hours street_address not_for price_digits,,https://www.otherbali.com/places/amavi-canggu-bali
beachtown-grocer,Beachtown Grocer,Canggu,56,85,0,0,0,3,3,2026-08-08,51,,,https://www.otherbali.com/places/beachtown-grocer
cafe-coach,Cafe Coach,Canggu,56,85,0,0,0,3,3,2026-08-08,51,,,https://www.otherbali.com/places/cafe-coach
chow-chow-bali,Chow Chow Bali,Canggu,56,85,0,0,0,3,3,2026-08-08,51,,,https://www.otherbali.com/places/chow-chow-bali
dodo-pizza,Dodo Pizza,Canggu,56,85,0,0,0,2,2,2026-08-07,52,street_address price_digits,,https://www.otherbali.com/places/dodo-pizza
fitness-plus-canggu,Fitness Plus Canggu,Canggu,56,85,0,0,0,1,9,2026-08-08,51,hours street_address not_for price_digits,,https://www.otherbali.com/places/fitness-plus-canggu
genius-bistro,Genius Bistro,Canggu,56,85,0,0,0,2,2,2026-08-08,51,not_for price_digits,,https://www.otherbali.com/places/genius-bistro
grillos-cafe-and-eatery,Grillos Cafe & Eatery,Canggu,56,85,0,0,0,2,2,2026-08-08,51,website price_digits,,https://www.otherbali.com/places/grillos-cafe-and-eatery
kecambah-restaurant-at-lalasa-villas,Kecambah Restaurant at Lalasa Villas,Canggu,56,85,0,0,0,2,2,2026-08-08,51,hours price_digits,,https://www.otherbali.com/places/kecambah-restaurant-at-lalasa-villas
luna-and-sol-pilates-yoga,Luna & Sol Pilates - Yoga,Canggu,56,85,0,0,0,1,3,2026-08-07,52,hours street_address not_for price_digits,,https://www.otherbali.com/places/luna-and-sol-pilates-yoga
mission-flow-studio,Mission Flow Studio,Canggu,56,85,0,0,0,1,1,2026-08-07,52,hours street_address not_for price_digits,,https://www.otherbali.com/places/mission-flow-studio
pranava-yoga,Pranava Yoga,Canggu,56,85,0,0,0,1,3,2026-08-07,52,hours street_address not_for price_digits,,https://www.otherbali.com/places/pranava-yoga
sama-sama-prime,Sama Sama Prime,Canggu,56,85,0,0,0,2,2,2026-08-08,51,not_for price_digits,,https://www.otherbali.com/places/sama-sama-prime
only-nails-bali-canggu,Only Nails Bali,Canggu,56,83,0,0,0,2,2,2026-08-25,34,hours not_for,,https://www.otherbali.com/places/only-nails-bali-canggu
canggu-club-tennis-centre,Canggu Club Tennis Centre,Canggu,56,82,0,0,0,1,1,2026-07-20,70,street_address not_for price_digits,,https://www.otherbali.com/places/canggu-club-tennis-centre
nirvana-strength-tibubeneng,Nirvana Strength Tibubeneng,Canggu,56,82,0,0,0,1,1,2026-07-20,70,street_address not_for price_digits,,https://www.otherbali.com/places/nirvana-strength-tibubeneng
top-gym,Top Gym,Canggu,56,82,0,0,0,1,1,2026-07-20,70,street_address not_for price_digits,,https://www.otherbali.com/places/top-gym
the-shampoo-lounge-canggu,HairShop Canggu,Canggu,56,81,0,0,0,1,1,2026-07-29,61,street_address not_for price_digits,,https://www.otherbali.com/places/the-shampoo-lounge-canggu
nirvana-life-bali-canggu,Nirvana Life Bali,Canggu,56,81,0,0,0,1,1,2026-07-28,62,street_address not_for price_digits,,https://www.otherbali.com/places/nirvana-life-bali-canggu
obsidian-gym-bali-canggu,Obsidian Gym Bali,Canggu,56,81,0,0,0,1,1,2026-07-28,62,street_address not_for price_digits,,https://www.otherbali.com/places/obsidian-gym-bali-canggu
rite-bali-yoga-canggu,RITE Bali Yoga,Canggu,56,81,0,0,0,1,1,2026-07-28,62,street_address not_for price_digits,,https://www.otherbali.com/places/rite-bali-yoga-canggu
saya-club,Saya Club,Canggu,56,81,0,0,0,1,1,2026-08-04,55,street_address not_for price_digits,,https://www.otherbali.com/places/saya-club
serenity-eco-guesthouse-yoga-canggu,Serenity Eco Guesthouse & Yoga,Canggu,56,81,0,0,0,1,1,2026-07-28,62,street_address not_for price_digits,,https://www.otherbali.com/places/serenity-eco-guesthouse-yoga-canggu
the-canggu-studio-yoga-canggu,The Canggu Studio Yoga,Canggu,56,81,0,0,0,1,1,2026-07-29,61,street_address not_for price_digits,,https://www.otherbali.com/places/the-canggu-studio-yoga-canggu
the-practice-bali-canggu,The Practice Bali,Canggu,56,81,0,0,0,1,1,2026-07-29,61,street_address not_for price_digits,,https://www.otherbali.com/places/the-practice-bali-canggu
therapy-hair-spa-canggu-canggu,Therapy Hair & Spa Canggu,Canggu,57,81,0,0,0,1,1,2026-07-29,61,street_address not_for price_digits,,https://www.otherbali.com/places/therapy-hair-spa-canggu-canggu
wanderlust-fitness-village-canggu,Wanderlust Fitness Village,Canggu,57,81,0,0,0,1,1,2026-07-28,62,street_address not_for price_digits,,https://www.otherbali.com/places/wanderlust-fitness-village-canggu
ele-restaurant-bar-and-terrace,"ELE Restaurant, Bar and Terrace",Canggu,57,80,0,0,0,2,2,2026-08-08,51,price_digits,,https://www.otherbali.com/places/ele-restaurant-bar-and-terrace
eskq-bar-steak-house,ESKQ Bar Steak House,Canggu,57,80,0,0,0,2,2,2026-08-08,51,street_address,,https://www.otherbali.com/places/eskq-bar-steak-house
f45-training-canggu-canggu,F45 Training Canggu,Canggu,57,80,0,0,0,1,1,2026-08-08,51,hours street_address price_digits,,https://www.otherbali.com/places/f45-training-canggu-canggu
green-spot-cafe,Green Spot Cafe,Canggu,57,80,0,0,0,2,2,2026-08-08,51,not_for,,https://www.otherbali.com/places/green-spot-cafe
house-of-orange-beauty-canggu-canggu,House of Orange Beauty Canggu,Canggu,57,80,0,0,0,1,1,2026-08-08,51,hours street_address price_digits,,https://www.otherbali.com/places/house-of-orange-beauty-canggu-canggu
indigo,Indigo,Canggu,57,80,0,0,0,2,2,2026-08-08,51,price_digits,,https://www.otherbali.com/places/indigo
jade-by-todd-english,Jade by Todd English,Canggu,57,80,0,0,0,2,2,2026-08-08,51,price_digits,,https://www.otherbali.com/places/jade-by-todd-english
manhattan-cocktail-hookah-kitchen,Manhattan Cocktail Hookah Kitchen,Canggu,57,80,0,0,0,2,2,2026-08-08,51,price_digits,,https://www.otherbali.com/places/manhattan-cocktail-hookah-kitchen
s2s-crossfit,S2S Crossfit,Canggu,57,80,0,0,0,1,1,2026-08-07,52,street_address not_for price_digits,,https://www.otherbali.com/places/s2s-crossfit
smoke-grill-master-and-barbeque-bali,SMOKE – GRILL MASTER & BARBEQUE BALI,Canggu,57,80,0,0,0,2,2,2026-08-08,51,price_digits,,https://www.otherbali.com/places/smoke-grill-master-and-barbeque-bali
the-canggu-studio-canggu,The Canggu Studio,Canggu,57,80,0,0,0,1,1,2026-08-07,52,street_address not_for price_digits,,https://www.otherbali.com/places/the-canggu-studio-canggu
the-flow-bali,The Flow Bali,Canggu,57,80,0,0,0,2,2,2026-08-08,51,not_for,,https://www.otherbali.com/places/the-flow-bali
adda-yoga,Adda Yoga,Canggu,57,75,0,0,0,1,17,2026-08-08,51,hours street_address,,https://www.otherbali.com/places/adda-yoga
amplitude-skate-and-bike-park,Amplitude Skate & Bike Park,Canggu,57,75,0,0,0,1,16,2026-08-08,51,hours street_address,,https://www.otherbali.com/places/amplitude-skate-and-bike-park
bonito-restaurant,Bonito Restaurant,Canggu,57,75,0,0,0,2,2,2026-08-08,51,,,https://www.otherbali.com/places/bonito-restaurant
downtown-kedungu-restaurant-and-bar,Downtown Kedungu - Restaurant & Bar,Canggu,57,75,0,0,0,2,2,2026-08-08,51,,,https://www.otherbali.com/places/downtown-kedungu-restaurant-and-bar
glo-day-spa-salon-canggu-canggu,Glo Day Spa & Salon Canggu,Canggu,57,75,0,0,0,1,11,2026-08-08,51,street_address price_digits,,https://www.otherbali.com/places/glo-day-spa-salon-canggu-canggu
gravity-stretching-canggu,Gravity Stretching Canggu,Canggu,57,75,0,0,0,1,1,2026-08-08,51,hours street_address,,https://www.otherbali.com/places/gravity-stretching-canggu
guan-yin-yoga-canggu,Guan Yin Yoga Canggu,Canggu,57,75,0,0,0,1,1,2026-08-08,51,hours street_address,,https://www.otherbali.com/places/guan-yin-yoga-canggu
murmur-restaurant-lounge,Murmur Restaurant Lounge,Canggu,57,75,0,0,0,2,2,2026-08-08,51,,,https://www.otherbali.com/places/murmur-restaurant-lounge
rite-bali,Rite Bali,Canggu,57,75,0,0,0,1,1,2026-08-07,52,street_address price_digits,,https://www.otherbali.com/places/rite-bali
secana-rooftop-bali,Secana Rooftop,Canggu,57,75,0,0,0,2,2,2026-08-08,51,,,https://www.otherbali.com/places/secana-rooftop-bali
yema-kitchen,Yema Kitchen,Canggu,57,75,0,0,0,2,2,2026-08-08,51,,,https://www.otherbali.com/places/yema-kitchen
bali-padel-academy,Bali Padel Academy,Canggu,58,70,0,0,0,1,5,2026-08-08,51,street_address,,https://www.otherbali.com/places/bali-padel-academy
body-factory-bali-canggu,Body Factory Bali,Canggu,58,70,0,0,0,1,1,2026-08-08,51,street_address,,https://www.otherbali.com/places/body-factory-bali-canggu
brother-gym,Brother Gym,Canggu,58,70,0,0,0,1,9,2026-08-08,51,street_address,,https://www.otherbali.com/places/brother-gym
canggu-yoga-centre-canggu,Canggu Yoga Centre,Canggu,58,70,0,0,0,1,17,2026-08-08,51,price_digits,,https://www.otherbali.com/places/canggu-yoga-centre-canggu
flex-gym-bali,Flex Gym Bali,Canggu,58,70,0,0,0,1,9,2026-08-08,51,street_address,,https://www.otherbali.com/places/flex-gym-bali
bali-mma-canggu,Bali MMA,Canggu,58,65,0,0,0,1,14,2026-08-08,51,,,https://www.otherbali.com/places/bali-mma-canggu
tamarind-restaurant-at-nusa-dua-beach-hotel-and-spa,Tamarind Restaurant at Nusa Dua Beach Hotel and Spa,Nusa Dua,59,301,0,1,0,3,3,2026-07-28,62,best_for not_for price_digits,,https://www.otherbali.com/places/tamarind-restaurant-at-nusa-dua-beach-hotel-and-spa
the-tree-international-bar-and-restaurant,The Tree International Bar & Restaurant,Nusa Dua,59,301,0,1,0,3,3,2026-07-28,62,best_for not_for price_digits,,https://www.otherbali.com/places/the-tree-international-bar-and-restaurant
piasan,Piasan Nusa Dua Restaurant,Nusa Dua,59,186,0,0,3,6,6,2026-07-28,62,not_for price_digits,,https://www.otherbali.com/places/piasan
arwana-restaurant-at-the-laguna-a-luxury-collection-resort-and-spa,"Arwana Restaurant at The Laguna, a Luxury Collection Resort & Spa",Nusa Dua,59,176,0,0,3,4,59,2026-07-28,62,hours best_for not_for price_digits,,https://www.otherbali.com/places/arwana-restaurant-at-the-laguna-a-luxury-collection-resort-and-spa
arwana,Arwana,Nusa Dua,59,166,0,0,0,9,77,2026-07-28,62,hours street_address not_for price_digits,,https://www.otherbali.com/places/arwana
banyubiru-restaurant-at-the-laguna-a-luxury-collection-resort-and-spa,"Banyubiru Restaurant at The Laguna, a Luxury Collection Resort & Spa",Nusa Dua,59,166,0,0,3,3,3,2026-07-28,62,hours best_for not_for price_digits,,https://www.otherbali.com/places/banyubiru-restaurant-at-the-laguna-a-luxury-collection-resort-and-spa
kulkul-beach-house-at-the-laguna-a-luxury-collection-resort-and-spa,"Kulkul Beach House at The Laguna, a Luxury Collection Resort & Spa",Nusa Dua,59,166,0,0,3,3,3,2026-07-28,62,hours best_for not_for price_digits,,https://www.otherbali.com/places/kulkul-beach-house-at-the-laguna-a-luxury-collection-resort-and-spa
soleil-at-mulia,Soleil at Mulia,Nusa Dua,59,166,0,0,0,9,9,2026-07-28,62,hours street_address not_for price_digits,,https://www.otherbali.com/places/soleil-at-mulia
bumbu-bali,Bumbu Bali,Nusa Dua,59,151,0,0,0,7,10,2026-07-28,62,hours street_address website not_for price_digits,,https://www.otherbali.com/places/bumbu-bali
club-med-bali-fitness,Club Med Bali Fitness,Nusa Dua,59,147,0,0,1,2,11,,999,hours street_address not_for price_digits,,https://www.otherbali.com/places/club-med-bali-fitness
atomic-17-at-renaissance-bali-nusa-dua-resort,Atomic 17 at Renaissance Bali Nusa Dua Resort,Nusa Dua,59,146,0,0,2,3,5,2026-07-28,62,hours best_for not_for price_digits,,https://www.otherbali.com/places/atomic-17-at-renaissance-bali-nusa-dua-resort
backstage-at-renaissance-bali-nusa-dua-resort,Backstage at Renaissance Bali Nusa Dua Resort,Nusa Dua,59,146,0,0,2,3,3,2026-07-28,62,hours best_for not_for price_digits,,https://www.otherbali.com/places/backstage-at-renaissance-bali-nusa-dua-resort
nusa-dua-beach-grill,Nusa Dua Beach Grill,Nusa Dua,59,146,0,0,0,7,9,2026-07-28,62,hours street_address not_for price_digits,,https://www.otherbali.com/places/nusa-dua-beach-grill
piasan-nusa-dua-restaurant-piasan-restaurant,Piasan Nusa Dua Restaurant Piasan Restaurant,Nusa Dua,59,146,0,0,2,3,3,2026-08-04,55,hours street_address not_for price_digits,,https://www.otherbali.com/places/piasan-nusa-dua-restaurant-piasan-restaurant
tetaring,Tetaring,Nusa Dua,59,146,0,0,0,7,8,2026-07-28,62,hours street_address not_for price_digits,,https://www.otherbali.com/places/tetaring
bahari-balinese-spa-spa-nusa-dua,Bahari Balinese Spa - 芭荷蕊巴里岛Spa精油按摩养生馆,Nusa Dua,59,143,0,0,1,6,43,2026-08-25,34,hours not_for,,https://www.otherbali.com/places/bahari-balinese-spa-spa-nusa-dua
gourmet-and-cafe-nusa-dua,Gourmet and Cafe Nusa Dua,Nusa Dua,59,142,0,0,0,3,5,,999,hours street_address website not_for price_digits,,https://www.otherbali.com/places/gourmet-and-cafe-nusa-dua
bejana-ritz-carlton,"Bejana Restaurant at The Ritz-Carlton, Bali",Nusa Dua,59,141,0,0,0,7,16,2026-07-28,62,street_address not_for price_digits,,https://www.otherbali.com/places/bejana-ritz-carlton
white-orchid-nusa-dua,White Orchid Nusa Dua,Nusa Dua,59,141,0,0,0,6,6,2026-07-28,62,hours street_address website not_for price_digits,,https://www.otherbali.com/places/white-orchid-nusa-dua
izakaya-by-oku,Izakaya by OKU,Nusa Dua,59,136,0,0,0,6,7,2026-07-28,62,hours street_address not_for price_digits,,https://www.otherbali.com/places/izakaya-by-oku
kayuputi,Kayuputi Restaurant at The St. Regis Bali Resort,Nusa Dua,59,136,0,0,0,7,12,2026-07-28,62,not_for price_digits,,https://www.otherbali.com/places/kayuputi
koral,Koral,Nusa Dua,59,136,0,0,0,6,11,2026-07-28,62,hours street_address not_for price_digits,,https://www.otherbali.com/places/koral
kubu-garden-restaurant,Kubu Garden Restaurant & Coffee,Nusa Dua,59,136,0,0,0,6,6,2026-07-28,62,hours street_address not_for price_digits,,https://www.otherbali.com/places/kubu-garden-restaurant
manarai-beach-house,Manarai Beach House,Nusa Dua,59,136,0,0,0,6,7,2026-07-28,62,hours street_address not_for price_digits,,https://www.otherbali.com/places/manarai-beach-house
nampu-japanese-restaurant,Nampu Japanese Restaurant at Grand Hyatt Bali,Nusa Dua,59,136,0,0,1,4,4,2026-07-28,62,street_address best_for not_for price_digits,,https://www.otherbali.com/places/nampu-japanese-restaurant
the-beach-grill-ritz-carlton,"The Beach Grill at The Ritz-Carlton, Bali",Nusa Dua,60,136,0,0,0,7,7,2026-07-28,62,not_for price_digits,,https://www.otherbali.com/places/the-beach-grill-ritz-carlton
warung-dobiel-nusa-dua,Warung Dobiel,Nusa Dua,60,136,0,0,0,6,10,2026-07-28,62,hours street_address website price_digits,,https://www.otherbali.com/places/warung-dobiel-nusa-dua
adi-spa-healing-healthy-and-wellness-nusa-dua-nusa-dua,Adi Spa Healing healthy and Wellness Nusa Dua,Nusa Dua,60,133,0,0,1,4,41,2026-08-25,34,hours street_address not_for price_digits,,https://www.otherbali.com/places/adi-spa-healing-healthy-and-wellness-nusa-dua-nusa-dua
karma-spa-therapy-nusa-dua,Karma Spa Therapy,Nusa Dua,60,133,0,0,1,5,5,2026-08-25,34,hours not_for,,https://www.otherbali.com/places/karma-spa-therapy-nusa-dua
kayumanis-spa-nusa-dua-nusa-dua,Kayumanis Spa Nusa Dua,Nusa Dua,60,133,0,0,2,3,3,2026-08-25,34,hours street_address,,https://www.otherbali.com/places/kayumanis-spa-nusa-dua-nusa-dua
kriya-spa-at-grand-hyatt-bali-nusa-dua,Kriya Spa at Grand Hyatt Bali,Nusa Dua,60,131,0,0,1,4,4,2026-07-28,62,hours street_address price_digits,,https://www.otherbali.com/places/kriya-spa-at-grand-hyatt-bali-nusa-dua
nagisa-japanese-restaurant-at-hotel-nikko-bali-benoa-beach,Nagisa Japanese Restaurant at Hotel Nikko Bali Benoa Beach,Nusa Dua,60,131,0,0,1,4,4,2026-07-28,62,best_for not_for price_digits,,https://www.otherbali.com/places/nagisa-japanese-restaurant-at-hotel-nikko-bali-benoa-beach
revi-vo-spa-wellness-nusa-dua,REVĪVŌ Spa / Wellness,Nusa Dua,60,131,0,0,1,4,4,2026-07-28,62,hours street_address price_digits,,https://www.otherbali.com/places/revi-vo-spa-wellness-nusa-dua
sapa-seafood-and-grill-nusa-dua,Sapa Seafood & Grill - Nusa Dua,Nusa Dua,60,131,0,0,1,4,4,2026-07-28,62,street_address not_for price_digits,,https://www.otherbali.com/places/sapa-seafood-and-grill-nusa-dua
the-apurva-spa-nusa-dua,The Apurva Spa,Nusa Dua,60,131,0,0,1,4,4,2026-07-28,62,hours street_address price_digits,,https://www.otherbali.com/places/the-apurva-spa-nusa-dua
royal-orchid-spa-nusa-dua,Royal Orchid Spa,Nusa Dua,60,128,0,0,1,4,4,2026-08-25,34,hours street_address not_for,,https://www.otherbali.com/places/royal-orchid-spa-nusa-dua
the-tanjung-benoa-beach-resort-nusa-dua,The Tanjung Benoa Beach Resort,Nusa Dua,60,128,0,0,1,4,4,2026-08-25,34,hours street_address not_for,,https://www.otherbali.com/places/the-tanjung-benoa-beach-resort-nusa-dua
the-spa-at-hotel-nikko-bali-benoa-beach-nusa-dua,The Spa at Hotel Nikko Bali Benoa Beach,Nusa Dua,60,128,0,0,1,4,4,2026-08-25,34,hours street_address not_for,,https://www.otherbali.com/places/the-spa-at-hotel-nikko-bali-benoa-beach-nusa-dua
conrad-bali-fitness-centre,Conrad Bali Fitness Centre,Nusa Dua,60,127,0,0,0,2,11,,999,hours street_address not_for price_digits,,https://www.otherbali.com/places/conrad-bali-fitness-centre
conrad-bali-yoga,Conrad Bali Yoga,Nusa Dua,60,127,0,0,0,2,10,,999,hours street_address not_for price_digits,,https://www.otherbali.com/places/conrad-bali-yoga
courtyard-by-marriott-nusa-dua-gym,Courtyard by Marriott Nusa Dua Gym,Nusa Dua,60,127,0,0,0,2,11,,999,hours street_address not_for price_digits,,https://www.otherbali.com/places/courtyard-by-marriott-nusa-dua-gym
grand-hyatt-bali-yoga,Grand Hyatt Bali Yoga,Nusa Dua,60,127,0,0,0,2,10,,999,hours street_address not_for price_digits,,https://www.otherbali.com/places/grand-hyatt-bali-yoga
grand-hyatt-bali-fitness-centre,Grand Hyatt Bali Fitness Centre,Nusa Dua,60,127,0,0,0,2,5,,999,hours street_address not_for price_digits,,https://www.otherbali.com/places/grand-hyatt-bali-fitness-centre
nusa-dua-beach-hotel-yoga,Nusa Dua Beach Hotel Yoga,Nusa Dua,60,127,0,0,0,2,10,,999,hours street_address not_for price_digits,,https://www.otherbali.com/places/nusa-dua-beach-hotel-yoga
sofitel-bali-yoga,Sofitel Bali Yoga,Nusa Dua,60,127,0,0,0,2,5,,999,hours street_address not_for price_digits,,https://www.otherbali.com/places/sofitel-bali-yoga
st-regis-bali-yoga,St. Regis Bali Yoga,Nusa Dua,60,127,0,0,0,2,2,,999,hours street_address not_for price_digits,,https://www.otherbali.com/places/st-regis-bali-yoga
st-regis-bali-athletic-club,St. Regis Bali Athletic Club,Nusa Dua,60,127,0,0,0,2,2,,999,hours street_address not_for price_digits,,https://www.otherbali.com/places/st-regis-bali-athletic-club
the-bale-nusa-dua-yoga,The Bale Nusa Dua Yoga,Nusa Dua,60,127,0,0,0,2,2,,999,hours street_address not_for price_digits,,https://www.otherbali.com/places/the-bale-nusa-dua-yoga
westin-nusa-dua-fitness-studio,Westin Nusa Dua Fitness Studio,Nusa Dua,60,127,0,0,0,2,2,,999,hours street_address not_for price_digits,,https://www.otherbali.com/places/westin-nusa-dua-fitness-studio
westin-nusa-dua-yoga,Westin Nusa Dua Yoga,Nusa Dua,60,127,0,0,0,2,2,,999,hours street_address not_for price_digits,,https://www.otherbali.com/places/westin-nusa-dua-yoga
canna-beach-club,Canna Beach Club,Nusa Dua,61,126,0,0,0,5,6,2026-07-28,62,hours street_address not_for price_digits,,https://www.otherbali.com/places/canna-beach-club
grain-at-hilton-bali-resort,Grain at Hilton Bali Resort,Nusa Dua,61,126,0,0,1,3,3,2026-07-28,62,hours best_for not_for price_digits,,https://www.otherbali.com/places/grain-at-hilton-bali-resort
lion-x,Lion X at Renaissance Bali Nusa Dua Resort,Nusa Dua,61,126,0,0,1,3,3,2026-07-28,62,website best_for not_for price_digits,,https://www.otherbali.com/places/lion-x
nutrio-restaurant-at-revivo-wellness-resorts,NŪTRIŌ Restaurant at REVĪVŌ Wellness Resorts,Nusa Dua,61,126,0,0,1,3,3,2026-07-28,62,hours best_for not_for price_digits,,https://www.otherbali.com/places/nutrio-restaurant-at-revivo-wellness-resorts
pasar-senggol-at-grand-hyatt-bali,Pasar Senggol at Grand Hyatt Bali,Nusa Dua,61,126,0,0,1,3,3,2026-07-28,62,street_address best_for not_for price_digits,,https://www.otherbali.com/places/pasar-senggol-at-grand-hyatt-bali
tenji-sushi,Tenji Sushi,Nusa Dua,61,126,0,0,1,4,4,2026-07-28,62,not_for price_digits,,https://www.otherbali.com/places/tenji-sushi
warung-batan-bekul,Warung Batan Bekul,Nusa Dua,61,126,0,0,0,5,9,2026-07-29,61,hours street_address website price_digits,,https://www.otherbali.com/places/warung-batan-bekul
warung-halme-ikan-bakar-ala-jimbaran,Warung Hal-Me Ikan Bakar ala Jimbaran,Nusa Dua,61,126,0,0,0,5,8,2026-07-29,61,hours street_address website price_digits,,https://www.otherbali.com/places/warung-halme-ikan-bakar-ala-jimbaran
3d-relaxation-center-nusa-dua,3D Relaxation Center,Nusa Dua,61,123,0,0,0,6,43,2026-08-25,34,hours not_for,,https://www.otherbali.com/places/3d-relaxation-center-nusa-dua
bali-tropic-resort-nusa-dua,Bali Tropic Resort,Nusa Dua,61,123,0,0,1,4,4,2026-08-25,34,hours street_address,,https://www.otherbali.com/places/bali-tropic-resort-nusa-dua
galangal-spa-nusa-dua,Galangal Spa,Nusa Dua,61,123,0,0,1,3,3,2026-08-25,34,hours street_address not_for price_digits,,https://www.otherbali.com/places/galangal-spa-nusa-dua
luxury-spa-nusa-dua,Luxury Spa,Nusa Dua,61,123,0,0,1,3,3,2026-08-25,34,hours street_address not_for price_digits,,https://www.otherbali.com/places/luxury-spa-nusa-dua
mim-spa-nusa-dua,MIM SPA,Nusa Dua,61,123,0,0,1,3,3,2026-08-25,34,hours street_address not_for price_digits,,https://www.otherbali.com/places/mim-spa-nusa-dua
mybalihealing-nusa-dua,myBALIhealing,Nusa Dua,61,123,0,0,1,3,3,2026-08-25,34,hours street_address not_for price_digits,,https://www.otherbali.com/places/mybalihealing-nusa-dua
samantha-spa-at-santika-beach-resort-nusa-dua,Samantha Spa at Santika Beach Resort,Nusa Dua,61,123,0,0,1,3,3,2026-08-25,34,hours street_address not_for price_digits,,https://www.otherbali.com/places/samantha-spa-at-santika-beach-resort-nusa-dua
samuh-beach-nusa-dua,SAMUH BEACH,Nusa Dua,61,123,0,0,1,4,4,2026-08-25,34,hours street_address,,https://www.otherbali.com/places/samuh-beach-nusa-dua
the-ritz-carlton-spa-amelia-island-nusa-dua,"The Ritz-Carlton Spa, Amelia Island",Nusa Dua,61,123,0,0,1,3,3,2026-08-25,34,hours street_address not_for price_digits,,https://www.otherbali.com/places/the-ritz-carlton-spa-amelia-island-nusa-dua
wellness-spa-at-the-sakala-resort-bali-nusa-dua,Wellness Spa at The Sakala Resort Bali,Nusa Dua,61,123,0,0,1,3,3,2026-08-25,34,hours street_address not_for price_digits,,https://www.otherbali.com/places/wellness-spa-at-the-sakala-resort-bali-nusa-dua
elara-seaside-lounge-and-bar-at-hilton-bali-resort,Elara - Seaside Lounge and Bar at Hilton Bali Resort,Nusa Dua,61,121,0,0,1,3,3,2026-07-28,62,best_for not_for price_digits,,https://www.otherbali.com/places/elara-seaside-lounge-and-bar-at-hilton-bali-resort
giorgio-italian-restaurant-at-hotel-nikko-bali-benoa-beach,Giorgio Italian Restaurant at Hotel Nikko Bali Benoa Beach,Nusa Dua,61,121,0,0,1,3,3,2026-07-28,62,best_for not_for price_digits,,https://www.otherbali.com/places/giorgio-italian-restaurant-at-hotel-nikko-bali-benoa-beach
nasi-banjar-mbok-mang,Nasi Banjar Mbok Mang,Nusa Dua,61,121,0,0,0,5,9,2026-07-29,61,hours street_address website,,https://www.otherbali.com/places/nasi-banjar-mbok-mang
paon-bali-resto-and-bar-at-hilton-bali-resort,Paon Bali Resto and Bar at Hilton Bali Resort,Nusa Dua,61,121,0,0,1,3,3,2026-07-28,62,best_for not_for price_digits,,https://www.otherbali.com/places/paon-bali-resto-and-bar-at-hilton-bali-resort
revi-vo-yoga-mindfulness-nusa-dua,REVĪVŌ Yoga / Mindfulness,Nusa Dua,61,121,0,0,1,3,3,2026-07-28,62,hours street_address price_digits,,https://www.otherbali.com/places/revi-vo-yoga-mindfulness-nusa-dua
salsa-verde-at-grand-hyatt-bali,Salsa Verde at Grand Hyatt Bali,Nusa Dua,61,121,0,0,1,3,3,2026-07-28,62,best_for not_for price_digits,,https://www.otherbali.com/places/salsa-verde-at-grand-hyatt-bali
the-shore,The Shore,Nusa Dua,61,121,0,0,1,3,3,2026-07-28,62,best_for not_for price_digits,,https://www.otherbali.com/places/the-shore
bali-relaxing-resort-spa-nusa-dua,Bali Relaxing Resort & Spa,Nusa Dua,62,118,0,0,1,3,6,2026-08-25,34,hours not_for price_digits,,https://www.otherbali.com/places/bali-relaxing-resort-spa-nusa-dua
chi-massage-luxury-spa-nusa-dua-bali-nusa-dua,Chi Massage & Luxury Spa Nusa Dua Bali,Nusa Dua,62,118,0,0,1,3,3,2026-08-25,34,hours street_address not_for,,https://www.otherbali.com/places/chi-massage-luxury-spa-nusa-dua-bali-nusa-dua
heavenly-spa-by-westin-nusa-dua,Heavenly Spa by Westin,Nusa Dua,62,118,0,0,1,3,3,2026-08-25,34,hours street_address price_digits,,https://www.otherbali.com/places/heavenly-spa-by-westin-nusa-dua
ijen-spa-nusa-dua,Ijen Spa,Nusa Dua,62,118,0,0,1,3,3,2026-08-25,34,hours street_address not_for,,https://www.otherbali.com/places/ijen-spa-nusa-dua
jiwa-spa-nusa-dua,Jiwa Spa,Nusa Dua,62,118,0,0,1,3,3,2026-08-25,34,hours not_for price_digits,,https://www.otherbali.com/places/jiwa-spa-nusa-dua
merusaka-spa-nusa-dua,Merusaka Spa,Nusa Dua,62,118,0,0,1,3,3,2026-08-25,34,hours street_address not_for,,https://www.otherbali.com/places/merusaka-spa-nusa-dua
serene-bali-spa-nusa-dua,Serene Bali Spa,Nusa Dua,62,118,0,0,1,3,3,2026-08-25,34,hours not_for price_digits,,https://www.otherbali.com/places/serene-bali-spa-nusa-dua
sofitel-spa-with-clarins-nusa-dua,Sofitel Spa with Clarins,Nusa Dua,62,118,0,0,1,3,3,2026-08-25,34,hours not_for price_digits,,https://www.otherbali.com/places/sofitel-spa-with-clarins-nusa-dua
sunshine-spa-nusa-dua-nusa-dua,Sunshine Spa Nusa Dua,Nusa Dua,62,118,0,0,1,3,3,2026-08-25,34,hours not_for price_digits,,https://www.otherbali.com/places/sunshine-spa-nusa-dua-nusa-dua
tunjungsari-spa-nusa-dua,Tunjungsari Spa,Nusa Dua,62,118,0,0,1,3,3,2026-08-25,34,hours street_address not_for,,https://www.otherbali.com/places/tunjungsari-spa-nusa-dua
zahra-luxury-spa-nusa-dua,Zahra Luxury Spa,Nusa Dua,62,118,0,0,1,3,3,2026-08-25,34,hours street_address not_for,,https://www.otherbali.com/places/zahra-luxury-spa-nusa-dua
acala-bar-and-bistro,Acala Bar & Bistro,Nusa Dua,62,116,0,0,0,4,59,2026-07-28,62,street_address best_for not_for price_digits,,https://www.otherbali.com/places/acala-bar-and-bistro
burma-noodles-and-curry,Burma Noodles & Curry,Nusa Dua,62,116,0,0,1,3,3,2026-07-28,62,not_for price_digits,,https://www.otherbali.com/places/burma-noodles-and-curry
cliff-at-canna,Cliff at CANNA,Nusa Dua,62,116,0,0,1,3,3,2026-07-28,62,not_for price_digits,,https://www.otherbali.com/places/cliff-at-canna
homaya-restaurant-merusaka-nusa-dua,Homaya Restaurant (Merusaka Nusa Dua),Nusa Dua,62,116,0,0,0,3,3,2026-07-30,60,hours street_address website best_for not_for price_digits,,https://www.otherbali.com/places/homaya-restaurant-merusaka-nusa-dua
momo-bar-at-the-courtyard-by-marriott-bali-nusa-dua,MoMo Bar at The Courtyard by Marriott Bali Nusa Dua,Nusa Dua,62,116,0,0,1,3,3,2026-07-28,62,not_for price_digits,,https://www.otherbali.com/places/momo-bar-at-the-courtyard-by-marriott-bali-nusa-dua
rev-v-wellness-resort-fitness,REVĪVŌ Wellness Resort Fitness,Nusa Dua,62,116,0,0,1,2,2,2026-07-29,61,hours street_address not_for price_digits,,https://www.otherbali.com/places/rev-v-wellness-resort-fitness
tanah-liat-renaissance-bali-nusa-dua-resort,Tanah Liat (Renaissance Bali Nusa Dua Resort),Nusa Dua,62,116,0,0,0,3,3,2026-07-30,60,hours street_address website best_for not_for price_digits,,https://www.otherbali.com/places/tanah-liat-renaissance-bali-nusa-dua-resort
warung-nasi-ayam-bu-oki,Warung Nasi Ayam Bu Oki,Nusa Dua,62,116,0,0,0,5,5,2026-07-28,62,hours street_address,,https://www.otherbali.com/places/warung-nasi-ayam-bu-oki
bali-relaxing-resort-and-spa-nusa-dua-nusa-dua,Bali Relaxing Resort And Spa Nusa Dua,Nusa Dua,62,113,0,0,1,3,3,2026-08-25,34,hours not_for,,https://www.otherbali.com/places/bali-relaxing-resort-and-spa-nusa-dua-nusa-dua
rosehill-spa-nusa-dua,Rosehill Spa,Nusa Dua,62,113,0,0,1,3,3,2026-08-25,34,hours not_for,,https://www.otherbali.com/places/rosehill-spa-nusa-dua
the-u-spa-by-bali-relaxing-resort-nusa-dua,The U Spa by Bali Relaxing Resort,Nusa Dua,62,113,0,0,1,3,3,2026-08-25,34,hours not_for,,https://www.otherbali.com/places/the-u-spa-by-bali-relaxing-resort-nusa-dua
dua-kafe-nusa-dua,DUA Kafe,Nusa Dua,62,111,0,0,0,3,5,2026-07-29,61,hours street_address website not_for price_digits,,https://www.otherbali.com/places/dua-kafe-nusa-dua
ja-jan-bistro-at-merusaka-nusa-dua,Ja'Jan Bistro at Merusaka Nusa Dua,Nusa Dua,62,111,0,0,0,3,3,2026-07-28,62,street_address website best_for not_for price_digits,,https://www.otherbali.com/places/ja-jan-bistro-at-merusaka-nusa-dua
mulia-spa-nusa-dua,Mulia Spa,Nusa Dua,62,111,0,0,0,4,4,2026-07-28,62,hours street_address price_digits,,https://www.otherbali.com/places/mulia-spa-nusa-dua
sama-sama-yakiniku-and-japanese-restaurant-at-nusa-dua,Sama Sama Yakiniku and Japanese Restaurant at Nusa Dua,Nusa Dua,63,111,0,0,0,4,4,2026-07-28,62,best_for not_for price_digits,,https://www.otherbali.com/places/sama-sama-yakiniku-and-japanese-restaurant-at-nusa-dua
the-apurva-kempinski-fitness-centre-nusa-dua,The Apurva Kempinski Fitness Centre,Nusa Dua,63,111,0,0,1,2,2,2026-07-28,62,hours street_address price_digits,,https://www.otherbali.com/places/the-apurva-kempinski-fitness-centre-nusa-dua
the-apurva-kempinski-yoga-nusa-dua,The Apurva Kempinski Yoga,Nusa Dua,63,111,0,0,1,2,2,2026-07-29,61,hours street_address price_digits,,https://www.otherbali.com/places/the-apurva-kempinski-yoga-nusa-dua
frangipani-bali-spa-nusa-dua,Frangipani Bali Spa,Nusa Dua,63,108,0,0,1,3,3,2026-08-25,34,hours,,https://www.otherbali.com/places/frangipani-bali-spa-nusa-dua
zahra-spa-nusa-dua-nusa-dua,Zahra Spa Nusa Dua,Nusa Dua,63,108,0,0,0,4,4,2026-08-25,34,hours street_address not_for,,https://www.otherbali.com/places/zahra-spa-nusa-dua-nusa-dua
hamabe-at-the-westin-resort-nusa-dua-bali,"Hamabe at The Westin Resort Nusa Dua, Bali",Nusa Dua,63,106,0,0,0,3,3,2026-07-28,62,hours best_for not_for price_digits,,https://www.otherbali.com/places/hamabe-at-the-westin-resort-nusa-dua-bali
ikan-restaurant-and-bar-at-the-westin-resort-nusa-dua-bali,"IKAN Restaurant and Bar at The Westin Resort Nusa Dua, Bali",Nusa Dua,63,106,0,0,0,3,3,2026-07-28,62,street_address best_for not_for price_digits,,https://www.otherbali.com/places/ikan-restaurant-and-bar-at-the-westin-resort-nusa-dua-bali
kayumanis-beach-bar-and-grill-nusa-dua,Kayumanis Beach Bar & Grill Nusa Dua,Nusa Dua,63,106,0,0,0,3,3,2026-07-28,62,website best_for not_for price_digits,,https://www.otherbali.com/places/kayumanis-beach-bar-and-grill-nusa-dua
nyoman-s-beer-garden-bar-and-restaurant,Nyoman's Beer Garden Bar & Restaurant,Nusa Dua,63,106,0,0,0,3,3,2026-07-28,62,website best_for not_for price_digits,,https://www.otherbali.com/places/nyoman-s-beer-garden-bar-and-restaurant
prego-at-the-westin-resort-nusa-dua-bali,"Prego at The Westin Resort Nusa Dua, Bali",Nusa Dua,63,106,0,0,0,3,3,2026-07-28,62,street_address best_for not_for price_digits,,https://www.otherbali.com/places/prego-at-the-westin-resort-nusa-dua-bali
sakala-beach-club-at-the-sakala-resort-bali,Sakala Beach Club at The Sakala Resort Bali,Nusa Dua,63,106,0,0,0,3,3,2026-07-28,62,hours best_for not_for price_digits,,https://www.otherbali.com/places/sakala-beach-club-at-the-sakala-resort-bali
signa-cafe,Signa Cafe,Nusa Dua,63,106,0,0,0,3,5,2026-08-04,55,hours street_address not_for price_digits,,https://www.otherbali.com/places/signa-cafe
steaksmith-restaurant-at-renaissance-bali-nusa-dua-resort,Steaksmith Restaurant at Renaissance Bali Nusa Dua Resort,Nusa Dua,63,106,0,0,0,3,3,2026-07-28,62,website best_for not_for price_digits,,https://www.otherbali.com/places/steaksmith-restaurant-at-renaissance-bali-nusa-dua-resort
tetaring-restaurant-at-kayumanis-nusa-dua-private-villa-and-spa,Tetaring Restaurant at Kayumanis Nusa Dua Private Villa and Spa,Nusa Dua,63,106,0,0,0,3,3,2026-07-28,62,hours best_for not_for price_digits,,https://www.otherbali.com/places/tetaring-restaurant-at-kayumanis-nusa-dua-private-villa-and-spa
kekeb-restaurant-nusa-dua,Kekeb Restaurant,Nusa Dua,63,103,0,0,0,3,3,2026-08-25,34,hours street_address not_for price_digits,,https://www.otherbali.com/places/kekeb-restaurant-nusa-dua
melons-nusa-dua,Melons,Nusa Dua,63,103,0,0,0,3,3,2026-08-25,34,hours street_address not_for price_digits,,https://www.otherbali.com/places/melons-nusa-dua
santai-beach-house-nusa-dua,Santai Beach House,Nusa Dua,63,103,0,0,0,3,3,2026-08-25,34,hours street_address not_for price_digits,,https://www.otherbali.com/places/santai-beach-house-nusa-dua
boneka,Boneka Restaurant at The St. Regis Bali Resort,Nusa Dua,63,101,0,0,0,3,3,2026-07-28,62,best_for not_for price_digits,,https://www.otherbali.com/places/boneka
brook-nusa-dua,BROOK Nusa Dua,Nusa Dua,63,101,0,0,0,3,3,2026-08-04,55,hours street_address price_digits,,https://www.otherbali.com/places/brook-nusa-dua
coco-bistro-at-tanjung-benoa,Coco Bistro at Tanjung Benoa,Nusa Dua,63,101,0,0,0,3,3,2026-07-28,62,best_for not_for price_digits,,https://www.otherbali.com/places/coco-bistro-at-tanjung-benoa
ganesha-ek-sanskriti-at-ayodya-resort-bali,Ganesha Ek Sanskriti at Ayodya Resort Bali,Nusa Dua,63,101,0,0,0,3,3,2026-07-28,62,best_for not_for price_digits,,https://www.otherbali.com/places/ganesha-ek-sanskriti-at-ayodya-resort-bali
ganesha-elite-at-the-westin-resort-bali,Ganesha Elite at The Westin Resort Bali,Nusa Dua,63,101,0,0,0,3,3,2026-07-28,62,best_for not_for price_digits,,https://www.otherbali.com/places/ganesha-elite-at-the-westin-resort-bali
hiromi-restaurant-and-bar,Hiromi Restaurant and Bar,Nusa Dua,63,101,0,0,0,3,3,2026-07-28,62,best_for not_for price_digits,,https://www.otherbali.com/places/hiromi-restaurant-and-bar
honey-and-bread-cafe,Honey & Bread Cafe,Nusa Dua,63,101,0,0,0,3,3,2026-07-28,62,best_for not_for price_digits,,https://www.otherbali.com/places/honey-and-bread-cafe
jard-or-french-fusion-brasserie,JARD'OR French Fusion Brasserie,Nusa Dua,63,101,0,0,0,3,3,2026-07-28,62,best_for not_for price_digits,,https://www.otherbali.com/places/jard-or-french-fusion-brasserie
kenja-ikan-bakar-nusa-dua,Kenja Ikan Bakar & Seafood,Nusa Dua,64,101,0,0,0,4,4,2026-07-28,62,price_digits,,https://www.otherbali.com/places/kenja-ikan-bakar-nusa-dua
madawa-bali,Madawa Bali,Nusa Dua,64,101,0,0,0,3,3,2026-07-28,62,best_for not_for price_digits,,https://www.otherbali.com/places/madawa-bali
maja-restaurant-at-amarterra-villas-resort,Maja Restaurant at Amarterra Villas Resort,Nusa Dua,64,101,0,0,0,3,3,2026-07-28,62,best_for not_for price_digits,,https://www.otherbali.com/places/maja-restaurant-at-amarterra-villas-resort
muka-restaurant-and-bar,MuKa Restaurant and Bar,Nusa Dua,64,101,0,0,0,3,3,2026-07-28,62,best_for not_for price_digits,,https://www.otherbali.com/places/muka-restaurant-and-bar
queen-s-of-india-at-nusa-dua,Queen's of India at Nusa Dua,Nusa Dua,64,101,0,0,0,3,3,2026-07-28,62,best_for not_for price_digits,,https://www.otherbali.com/places/queen-s-of-india-at-nusa-dua
sukun-restaurant-nusa-dua-at-amnaya-resort-nusa-dua,Sukun Restaurant Nusa Dua at Amnaya Resort Nusa Dua,Nusa Dua,64,101,0,0,0,3,3,2026-07-28,62,best_for not_for price_digits,,https://www.otherbali.com/places/sukun-restaurant-nusa-dua-at-amnaya-resort-nusa-dua
bali-beauty-salon-nusa-dua,Bali Beauty Salon Nusa Dua,Nusa Dua,64,93,0,0,0,1,1,2026-07-13,77,hours street_address website not_for price_digits,,https://www.otherbali.com/places/bali-beauty-salon-nusa-dua
sekar-jagat-spa-nusa-dua-nusa-dua,Sekar Jagat Spa Nusa Dua,Nusa Dua,64,93,0,0,0,3,3,2026-08-25,34,hours not_for,,https://www.otherbali.com/places/sekar-jagat-spa-nusa-dua-nusa-dua
mulia-fitness-centre-nusa-dua,Mulia Fitness Centre,Nusa Dua,64,91,0,0,0,2,2,2026-07-29,61,hours street_address price_digits,,https://www.otherbali.com/places/mulia-fitness-centre-nusa-dua
sofitel-bali-fitness-centre-nusa-dua,Sofitel Bali Fitness Centre,Nusa Dua,64,91,0,0,0,2,2,2026-07-29,61,hours street_address price_digits,,https://www.otherbali.com/places/sofitel-bali-fitness-centre-nusa-dua
urban-seaside-restaurant-and-bar,Urban Seaside restaurant & bar,Nusa Dua,64,90,0,0,0,3,3,2026-08-11,48,price_digits,,https://www.otherbali.com/places/urban-seaside-restaurant-and-bar
acropora-bar-and-restaurant-at-pramana-natura-nusa-penida,Acropora Bar and Restaurant at Pramana Natura Nusa Penida,Nusa Penida,65,301,0,1,0,3,10,2026-07-28,62,best_for not_for price_digits,,https://www.otherbali.com/places/acropora-bar-and-restaurant-at-pramana-natura-nusa-penida
acala-bar-and-bistro-lembongan,Acala Bar & Bistro Lembongan,Nusa Penida,65,101,0,0,0,3,10,2026-07-28,62,best_for not_for price_digits,,https://www.otherbali.com/places/acala-bar-and-bistro-lembongan
amok-sunset-restaurant-and-bar,Amok Sunset Restaurant & Bar,Nusa Penida,65,101,0,0,0,3,10,2026-07-28,62,street_address not_for price_digits,,https://www.otherbali.com/places/amok-sunset-restaurant-and-bar
arna-suites-and-ocean-lounge,ARNA Suites and Ocean Lounge,Nusa Penida,65,96,0,0,0,2,5,2026-07-28,62,hours best_for not_for price_digits,,https://www.otherbali.com/places/arna-suites-and-ocean-lounge
jala-restaurant-at-the-acala-shri-sedana,Jala Restaurant at The Acala Shri Sedana,Nusa Penida,65,96,0,0,0,2,2,2026-07-28,62,hours best_for not_for price_digits,,https://www.otherbali.com/places/jala-restaurant-at-the-acala-shri-sedana
casa-bambu-cantina,Casa Bambù Cantina,Nusa Penida,65,91,0,0,0,2,2,2026-07-28,62,best_for not_for price_digits,,https://www.otherbali.com/places/casa-bambu-cantina
kowhai-restaurant-at-maua-nusa-penida,KŌWHAI Restaurant at MĀUA Nusa Penida,Nusa Penida,65,86,0,0,0,1,1,2026-07-28,62,street_address best_for not_for price_digits,,https://www.otherbali.com/places/kowhai-restaurant-at-maua-nusa-penida
warnakali-restaurant-at-adiwana-warnakali-resort,Warnakali Restaurant at Adiwana Warnakali Resort,Nusa Penida,65,86,0,0,0,1,1,2026-07-28,62,street_address best_for not_for price_digits,,https://www.otherbali.com/places/warnakali-restaurant-at-adiwana-warnakali-resort
desa-wisata-medewi,Tourism Village Medewi,Bali,66,277,0,1,0,2,3,,999,hours street_address not_for price_digits,,https://www.otherbali.com/places/desa-wisata-medewi
desa-wisata-undisan,Tourism Village Undisan,Bali,66,267,0,1,0,1,4,,999,hours street_address not_for price_digits,,https://www.otherbali.com/places/desa-wisata-undisan
desa-wisata-besakih,Tourism Village Besakih,Bali,66,267,0,1,0,1,3,,999,hours street_address not_for price_digits,,https://www.otherbali.com/places/desa-wisata-besakih
bunut-bolong,Bunut Bolong,Bali,66,246,0,1,0,2,3,2026-07-28,62,hours street_address not_for price_digits,,https://www.otherbali.com/places/bunut-bolong
jatiluwih,Jatiluwih,Bali,66,246,0,1,0,2,3,2026-07-29,61,hours street_address not_for price_digits,,https://www.otherbali.com/places/jatiluwih
bron-the-resto,BRON THE RESTO,Bali,66,241,0,1,0,2,9,2026-07-28,62,best_for not_for price_digits,,https://www.otherbali.com/places/bron-the-resto
desa-wisata-penglipuran,Desa Wisata Penglipuran,Bali,66,236,0,1,0,1,4,2026-07-29,61,hours street_address not_for price_digits,,https://www.otherbali.com/places/desa-wisata-penglipuran
pura-kehen,Pura Kehen,Bali,66,236,0,1,0,1,4,2026-07-29,61,hours street_address not_for price_digits,,https://www.otherbali.com/places/pura-kehen
desa-wisata-tembuku,Tourism Village Tembuku,Bali,66,236,0,1,0,1,4,2026-07-29,61,hours street_address not_for price_digits,,https://www.otherbali.com/places/desa-wisata-tembuku
desa-wisata-tenganan,Tourism Village Tenganan,Bali,66,236,0,1,0,1,3,2026-07-29,61,hours street_address not_for price_digits,,https://www.otherbali.com/places/desa-wisata-tenganan
desa-wisata-bugbug,Tourism Village Bugbug,Bali,66,236,0,1,0,1,3,2026-07-29,61,hours street_address not_for price_digits,,https://www.otherbali.com/places/desa-wisata-bugbug
tanah-lot,Tanah Lot,Bali,66,236,0,1,0,1,2,2026-07-29,61,hours street_address not_for price_digits,,https://www.otherbali.com/places/tanah-lot
samiya-restaurant-at-homm-saranam-baturiti,Samiya Restaurant at Homm Saranam Baturiti,Bali,66,231,0,1,0,1,4,2026-07-28,62,best_for not_for price_digits,,https://www.otherbali.com/places/samiya-restaurant-at-homm-saranam-baturiti
bali-reflexology-tabanan,Bali Reflexology,Bali,66,63,0,0,1,2,6,2026-08-25,34,hours street_address not_for price_digits,,https://www.otherbali.com/places/bali-reflexology-tabanan
empower-balance-tabanan,Empower Balance,Bali,66,63,0,0,1,2,6,2026-08-25,34,hours street_address not_for price_digits,,https://www.otherbali.com/places/empower-balance-tabanan
suenyo-eco-retreat-tabanan,Suenyo Eco Retreat,Bali,66,63,0,0,1,2,2,2026-08-25,34,hours street_address not_for price_digits,,https://www.otherbali.com/places/suenyo-eco-retreat-tabanan
aaron-spa-denpasar,Aaron Spa,Bali,66,58,0,0,1,2,5,2026-08-25,34,hours not_for price_digits,,https://www.otherbali.com/places/aaron-spa-denpasar
rps-spa-bali-denpasar,RPS Spa Bali,Bali,66,58,0,0,1,2,5,2026-08-25,34,hours not_for price_digits,,https://www.otherbali.com/places/rps-spa-bali-denpasar
serene-bali-spa-denpasar,Serene Bali Spa,Bali,66,58,0,0,1,2,5,2026-08-25,34,hours not_for price_digits,,https://www.otherbali.com/places/serene-bali-spa-denpasar
bali-healing-touch-karangasem,Bali Healing Touch,Bali,66,58,0,0,1,2,11,2026-08-25,34,hours not_for price_digits,,https://www.otherbali.com/places/bali-healing-touch-karangasem
jaya-spa-karangasem,Jaya Spa,Bali,66,58,0,0,1,2,2,2026-08-25,34,hours street_address not_for,,https://www.otherbali.com/places/jaya-spa-karangasem
the-green-spa-karangasem,The Green Spa,Bali,66,58,0,0,1,2,2,2026-08-25,34,hours street_address not_for,,https://www.otherbali.com/places/the-green-spa-karangasem
warung-wardani,Warung Wardani,Bali,66,56,0,0,0,3,3,2026-07-28,62,hours street_address website price_digits,,https://www.otherbali.com/places/warung-wardani
andre-bali-spa-karangasem,Andre Bali Spa,Bali,66,53,0,0,1,2,11,2026-08-25,34,hours street_address,,https://www.otherbali.com/places/andre-bali-spa-karangasem
bloo-lagoon-spa-wellness-karangasem,Bloo Lagoon Spa & Wellness,Bali,66,53,0,0,1,2,5,2026-08-25,34,hours not_for,,https://www.otherbali.com/places/bloo-lagoon-spa-wellness-karangasem
candi-beach-resort-spa-karangasem,Candi Beach Resort & Spa,Bali,67,53,0,0,1,1,1,2026-08-25,34,hours street_address not_for price_digits,,https://www.otherbali.com/places/candi-beach-resort-spa-karangasem
daura-candidasa-spa-karangasem,Daura CandiDasa Spa,Bali,67,53,0,0,1,1,1,2026-08-25,34,hours street_address not_for price_digits,,https://www.otherbali.com/places/daura-candidasa-spa-karangasem
lkp-tirtasari-spa-tabanan,LKP Tirtasari Spa,Bali,67,53,0,0,1,1,5,2026-08-25,34,hours street_address not_for price_digits,,https://www.otherbali.com/places/lkp-tirtasari-spa-tabanan
kedisan-kintamani,Kedisan Kintamani,Bali,67,51,0,0,1,0,0,2026-07-30,60,hours website best_for not_for price_digits,,https://www.otherbali.com/places/kedisan-kintamani
ayam-betutu-khas-gilimanuk,Ayam Betutu Khas Gilimanuk,Bali,67,51,0,0,0,3,10,2026-07-28,62,hours street_address price_digits,,https://www.otherbali.com/places/ayam-betutu-khas-gilimanuk
de-maison-bali-restaurant-and-bar,De Maison Bali Restaurant & Bar,Bali,67,51,0,0,0,2,5,2026-08-04,55,hours street_address website not_for price_digits,,https://www.otherbali.com/places/de-maison-bali-restaurant-and-bar
harmony-beauty-and-spa-bali-karangasem,Harmony Beauty and Spa Bali,Bali,67,48,0,0,1,1,1,2026-08-25,34,hours not_for price_digits,,https://www.otherbali.com/places/harmony-beauty-and-spa-bali-karangasem
nusa-indah-bungalows-villa-karangasem,Nusa Indah Bungalows & Villa,Bali,67,48,0,0,1,1,1,2026-08-25,34,hours not_for price_digits,,https://www.otherbali.com/places/nusa-indah-bungalows-villa-karangasem
9-11-cafe,9-11 Cafe,Bali,67,46,0,0,0,2,9,2026-07-28,62,website best_for not_for price_digits,,https://www.otherbali.com/places/9-11-cafe
shaburi-and-kintan-buffet-bali-at-trans-studio-mall-bali,Shaburi and Kintan Buffet Bali at Trans Studio Mall Bali,Bali,67,46,0,0,0,2,2,2026-07-28,62,website best_for not_for price_digits,,https://www.otherbali.com/places/shaburi-and-kintan-buffet-bali-at-trans-studio-mall-bali
toko-kopi-tuku,Toko Kopi Tuku,Bali,67,46,0,0,0,2,2,2026-07-29,61,hours street_address website price_digits,,https://www.otherbali.com/places/toko-kopi-tuku
cemara-point-by-dusun-bedugul-asri,Cemara Point by Dusun Bedugul Asri,Bali,67,46,0,0,0,2,7,2026-08-04,55,hours street_address not_for price_digits,,https://www.otherbali.com/places/cemara-point-by-dusun-bedugul-asri
nirjhara-tabanan,Nirjhara,Bali,67,43,0,0,0,2,5,2026-08-25,34,hours street_address not_for price_digits,,https://www.otherbali.com/places/nirjhara-tabanan
kimukatsu-at-living-world-bali,Kimukatsu at Living World Bali,Bali,67,41,0,0,0,2,2,2026-07-28,62,best_for not_for price_digits,,https://www.otherbali.com/places/kimukatsu-at-living-world-bali
kimukatsu-at-trans-studio-bali,Kimukatsu at Trans Studio Bali,Bali,67,41,0,0,0,2,2,2026-07-28,62,best_for not_for price_digits,,https://www.otherbali.com/places/kimukatsu-at-trans-studio-bali
marble-8-restaurant-at-city-of-aventus,Marble 8 Restaurant at City of Aventus,Bali,67,41,0,0,0,2,2,2026-07-28,62,best_for not_for price_digits,,https://www.otherbali.com/places/marble-8-restaurant-at-city-of-aventus
house-of-tundra,House of Tundra,Bali,67,41,0,0,0,1,6,2026-07-28,62,street_address website best_for not_for price_digits,,https://www.otherbali.com/places/house-of-tundra
nusantara,Nusantara,Bali,67,41,0,0,0,1,6,2026-07-30,60,hours website best_for not_for price_digits,,https://www.otherbali.com/places/nusantara
waka-bar-and-restaurant-wakagangga-boutique-resort,Waka Bar and Restaurant (WakaGangga Boutique Resort),Bali,67,41,0,0,0,1,1,2026-07-30,60,hours website best_for not_for price_digits,,https://www.otherbali.com/places/waka-bar-and-restaurant-wakagangga-boutique-resort
aquaria-s-inner-temple-spa-sanctuary-karangasem,Aquaria's Inner Temple spa sanctuary,Bali,67,38,0,0,0,2,11,2026-08-25,34,hours street_address not_for,,https://www.otherbali.com/places/aquaria-s-inner-temple-spa-sanctuary-karangasem
flamingo-restaurant-and-bar-at-sagara-candidasa,Flamingo Restaurant and Bar at Sagara Candidasa,Bali,67,36,0,0,0,1,4,2026-07-28,62,website best_for not_for price_digits,,https://www.otherbali.com/places/flamingo-restaurant-and-bar-at-sagara-candidasa
garpu-restaurant-at-ramayana-candidasa-beach-resort,Garpu Restaurant at Ramayana Candidasa Beach Resort,Bali,67,36,0,0,0,1,4,2026-07-28,62,website best_for not_for price_digits,,https://www.otherbali.com/places/garpu-restaurant-at-ramayana-candidasa-beach-resort
swarga-rasa-by-de-moksha,Swarga Rasa by De Moksha,Bali,67,36,0,0,0,1,1,2026-07-28,62,website best_for not_for price_digits,,https://www.otherbali.com/places/swarga-rasa-by-de-moksha
spa-spa-bali-denpasar,Spa Spa Bali,Bali,67,33,0,0,0,1,4,2026-08-25,34,hours street_address not_for price_digits,,https://www.otherbali.com/places/spa-spa-bali-denpasar
sisi-gege-restaurant-at-pramana-zahill,SiSi GeGe Restaurant at Pramana Zahill,Bali,67,31,0,0,0,1,2,2026-07-28,62,best_for not_for price_digits,,https://www.otherbali.com/places/sisi-gege-restaurant-at-pramana-zahill
edelweiss-restaurant-and-bar-at-tapa-agung-view,Edelweiss Restaurant and Bar at Tapa Agung View,Bali,68,31,0,0,0,1,4,2026-07-28,62,best_for not_for price_digits,,https://www.otherbali.com/places/edelweiss-restaurant-and-bar-at-tapa-agung-view
lezat-beach-restaurant-at-ashyana-candidasa-beach-resort,Lezat Beach Restaurant at Ashyana Candidasa Beach Resort,Bali,68,31,0,0,0,1,4,2026-07-28,62,best_for not_for price_digits,,https://www.otherbali.com/places/lezat-beach-restaurant-at-ashyana-candidasa-beach-resort
tirta-padma-tribhuwana-padma,Tirta Padma (Tribhuwana Padma),Bali,68,30,0,0,0,1,2,2026-08-11,48,hours website price_digits,,https://www.otherbali.com/places/tirta-padma-tribhuwana-padma
earthbound-lovina,Earthbound,Lovina,69,258,0,1,1,2,6,2026-08-25,34,hours not_for price_digits,,https://www.otherbali.com/places/earthbound-lovina
air-terjun-gitgit,Air Terjun Gitgit,Lovina,69,256,0,1,0,3,5,2026-07-29,61,hours street_address not_for price_digits,,https://www.otherbali.com/places/air-terjun-gitgit
pantai-lovina,Pantai Lovina,Lovina,69,256,0,1,0,3,5,2026-07-29,61,hours street_address not_for price_digits,,https://www.otherbali.com/places/pantai-lovina
desa-wisata-gitgit,Tourism Village Gitgit,Lovina,69,77,0,0,0,2,4,,999,hours street_address not_for price_digits,,https://www.otherbali.com/places/desa-wisata-gitgit
bali-dream-spa-lovina-lovina,Bali Dream Spa - Lovina,Lovina,69,73,0,0,1,3,7,2026-08-25,34,hours street_address not_for price_digits,,https://www.otherbali.com/places/bali-dream-spa-lovina-lovina
jaya-spa-lovina,Jaya Spa,Lovina,69,68,0,0,1,3,7,2026-08-25,34,hours street_address not_for,,https://www.otherbali.com/places/jaya-spa-lovina
santhika-retreat-center-lovina,Santhika Retreat Center,Lovina,69,68,0,0,1,3,3,2026-08-25,34,hours street_address not_for,,https://www.otherbali.com/places/santhika-retreat-center-lovina
rnd-lovina-spa-lovina,RND Lovina Spa,Lovina,69,63,0,0,1,3,6,2026-08-25,34,hours not_for,,https://www.otherbali.com/places/rnd-lovina-spa-lovina
secret-garden-restaurant,Secret Garden Restaurant,Lovina,69,46,0,0,0,2,2,2026-08-04,55,hours street_address website price_digits,,https://www.otherbali.com/places/secret-garden-restaurant
the-little-hill-terrace,The Little Hill Terrace,Munduk,70,246,0,1,0,2,2,2026-08-04,55,hours street_address not_for price_digits,,https://www.otherbali.com/places/the-little-hill-terrace
munduk-moding-plantation-munduk,Munduk Moding Plantation,Munduk,70,73,0,0,1,3,3,2026-08-25,34,hours street_address not_for price_digits,,https://www.otherbali.com/places/munduk-moding-plantation-munduk
mondo-surf-lifestyle-village-munduk,Mondo Surf & Lifestyle Village,Munduk,70,68,0,0,1,3,6,2026-08-25,34,hours street_address not_for,,https://www.otherbali.com/places/mondo-surf-lifestyle-village-munduk
putu-bali-spa-home-care-munduk,Putu Bali Spa Home Care,Munduk,70,68,0,0,1,3,3,2026-08-25,34,hours street_address not_for,,https://www.otherbali.com/places/putu-bali-spa-home-care-munduk
mahony-spa-wellness-munduk,Mahony Spa & Wellness,Munduk,70,63,0,0,1,3,12,2026-08-25,34,hours not_for,,https://www.otherbali.com/places/mahony-spa-wellness-munduk
munduk-tentrem-resort-munduk,Munduk Tentrem Resort,Munduk,70,63,0,0,1,2,2,2026-08-25,34,hours street_address not_for price_digits,,https://www.otherbali.com/places/munduk-tentrem-resort-munduk
okana-spa-munduk,OKANA Spa,Munduk,70,63,0,0,1,2,2,2026-08-25,34,hours street_address not_for price_digits,,https://www.otherbali.com/places/okana-spa-munduk
pala-spa-munduk,Pala Spa,Munduk,70,63,0,0,1,2,2,2026-08-25,34,hours street_address not_for price_digits,,https://www.otherbali.com/places/pala-spa-munduk
sanctua-bedugul-munduk,Sanctua Bedugul,Munduk,70,63,0,0,1,2,2,2026-08-25,34,hours street_address not_for price_digits,,https://www.otherbali.com/places/sanctua-bedugul-munduk
8lements-spa-saranam,8LEMENTS Spa at HOMM Saranam,Munduk,70,56,0,0,0,3,12,2026-07-28,62,hours street_address not_for price_digits,,https://www.otherbali.com/places/8lements-spa-saranam
bamboo-spa-at-munduk-moding-plantation-nature-re-munduk,Bamboo Spa at Munduk Moding Plantation Nature Resort,Munduk,70,48,0,0,0,3,12,2026-08-25,34,hours not_for price_digits,,https://www.otherbali.com/places/bamboo-spa-at-munduk-moding-plantation-nature-re-munduk
the-northview-bali-ngiring-ngewedang-restaurant-and-coffee-c,The Northview Bali – Ngiring Ngewedang Restaurant & Coffee Corner,Munduk,70,41,0,0,0,2,2,2026-08-04,55,hours street_address price_digits,,https://www.otherbali.com/places/the-northview-bali-ngiring-ngewedang-restaurant-and-coffee-c
anandinii-sidemen,Anandinii,Sidemen,71,78,0,0,2,2,8,2026-08-25,34,hours street_address not_for,,https://www.otherbali.com/places/anandinii-sidemen
kapha-spa-sidemen,Kapha Spa,Sidemen,71,78,0,0,2,2,8,2026-08-25,34,hours street_address not_for,,https://www.otherbali.com/places/kapha-spa-sidemen
anandinii-organic-garden-kitchen-sidemen,Anandinii Organic Garden & Kitchen,Sidemen,71,78,0,0,2,2,8,2026-08-25,34,hours street_address not_for,,https://www.otherbali.com/places/anandinii-organic-garden-kitchen-sidemen
lattranaya-sidemen,Lattranaya,Sidemen,71,58,0,0,1,2,5,2026-08-25,34,hours not_for price_digits,,https://www.otherbali.com/places/lattranaya-sidemen
spa-sidemen-sidemen,Spa Sidemen,Sidemen,71,58,0,0,1,2,2,2026-08-25,34,hours street_address not_for,,https://www.otherbali.com/places/spa-sidemen-sidemen
pelangi-villa-sidemen-sidemen,Pelangi Villa Sidemen,Sidemen,71,53,0,0,1,2,2,2026-08-25,34,hours not_for,,https://www.otherbali.com/places/pelangi-villa-sidemen-sidemen
wapa-di-ume-sidemen-sidemen,Wapa di Ume Sidemen,Sidemen,71,53,0,0,1,1,1,2026-08-25,34,hours street_address not_for price_digits,,https://www.otherbali.com/places/wapa-di-ume-sidemen-sidemen
blue-earth-village-amed,Blue Earth Village,Amed,72,53,0,0,1,1,5,2026-08-25,34,hours street_address not_for price_digits,,https://www.otherbali.com/places/blue-earth-village-amed
palm-garden-spa-amed,Palm Garden Spa,Amed,72,53,0,0,1,1,1,2026-08-25,34,hours street_address not_for price_digits,,https://www.otherbali.com/places/palm-garden-spa-amed
amed-roda-spa-amed,Amed Roda Spa,Amed,72,48,0,0,1,1,5,2026-08-25,34,hours street_address not_for,,https://www.otherbali.com/places/amed-roda-spa-amed
alala-amed-spa-boutique-amed,Alala Amed Spa & Boutique,Amed,72,43,0,0,1,1,5,2026-08-25,34,hours not_for,,https://www.otherbali.com/places/alala-amed-spa-boutique-amed
hotel-uyah-amed-spa-resort-amed,Hotel Uyah Amed & Spa Resort,Amed,72,43,0,0,1,1,4,2026-08-25,34,hours not_for,,https://www.otherbali.com/places/hotel-uyah-amed-spa-resort-amed
monkey-bar-bali,The Monkey Bar,Amed,72,36,0,0,0,1,1,2026-07-28,62,hours street_address not_for price_digits,,https://www.otherbali.com/places/monkey-bar-bali
