storage_bucket,storage_path,source_project,object_exists,content_hash,mime_type,file_size,width,height,inferred_venue_slug,matched_venue_id,matched_venue_slug,media_scope,duplicate_group,rights_basis,rights_grant_id,current_db_reference,target_media_record,primary_candidate,migration_action,blocker,remediation_action
owner-photo-candidates,confirmed-official-2026-07-24/casa-blanca-bali--01--c620efdfa638ab68.png,egkdapqwkfprtyqvvnso,true,c620efdfa638ab681d3481ff460041c2475f296ac44edf84662cfa83de736dbb,image/png,268528,400,400,casa-blanca-bali,imp_casa-blanca-bali,casa-blanca-bali,venue,,project_owner_global_authorization,MEDIA-002,venues.photo_url:casa-blanca-bali,NOT_CREATED_DRY_RUN,true,READY_FOR_MAPPING,,
owner-photo-candidates,confirmed-official-2026-07-24/casa-blanca-bali--02--3709997b49b99e9f.png,egkdapqwkfprtyqvvnso,true,3709997b49b99e9f5280d2dcc7700adb1e6b082c6d307e85a8c49d11d1610805,image/png,307715,400,400,casa-blanca-bali,imp_casa-blanca-bali,casa-blanca-bali,venue,,project_owner_global_authorization,MEDIA-002,,NOT_CREATED_DRY_RUN,false,READY_FOR_MAPPING,,
owner-photo-candidates,confirmed-official-2026-07-24/casa-blanca-bali--03--791c87ca2d268e32.png,egkdapqwkfprtyqvvnso,true,791c87ca2d268e3204bf8abb447bade2a852671daf8eeaa441aa69616b6c119b,image/png,322294,400,400,casa-blanca-bali,imp_casa-blanca-bali,casa-blanca-bali,venue,,project_owner_global_authorization,MEDIA-002,,NOT_CREATED_DRY_RUN,false,READY_FOR_MAPPING,,
owner-photo-candidates,confirmed-official-2026-07-24/chora-mediterranean-restaurant-and-bar--01--12d9475b5827953c.jpg,egkdapqwkfprtyqvvnso,true,12d9475b5827953cd8aa391724e0acf50a25e222538491a3e58e0d99630e341e,image/jpeg,158850,360,265,chora-mediterranean-restaurant-and-bar,imp_chora-mediterranean-restaurant-and-bar,chora-mediterranean-restaurant-and-bar,venue,,project_owner_global_authorization,MEDIA-002,venues.photo_url:chora-mediterranean-restaurant-and-bar,NOT_CREATED_DRY_RUN,true,READY_FOR_MAPPING,,
owner-photo-candidates,confirmed-official-2026-07-24/chora-mediterranean-restaurant-and-bar--02--1c90274f69359d61.jpg,egkdapqwkfprtyqvvnso,true,1c90274f69359d6124e2a9647fc437e1af8def5c601162d83b45a282957bf363,image/jpeg,225081,360,560,chora-mediterranean-restaurant-and-bar,imp_chora-mediterranean-restaurant-and-bar,chora-mediterranean-restaurant-and-bar,venue,,project_owner_global_authorization,MEDIA-002,,NOT_CREATED_DRY_RUN,false,READY_FOR_MAPPING,,
owner-photo-candidates,confirmed-official-2026-07-24/chora-mediterranean-restaurant-and-bar--03--c00f27376ee7f578.jpg,egkdapqwkfprtyqvvnso,true,c00f27376ee7f578c72618a4dbdf5f3ffcf90fe48edd2010b21e0777b4b98e18,image/jpeg,231440,356,473,chora-mediterranean-restaurant-and-bar,imp_chora-mediterranean-restaurant-and-bar,chora-mediterranean-restaurant-and-bar,venue,,project_owner_global_authorization,MEDIA-002,,NOT_CREATED_DRY_RUN,false,READY_FOR_MAPPING,,
owner-photo-candidates,confirmed-official-2026-07-24/chupacabras--01--2b65b99ff826c58d.jpg,egkdapqwkfprtyqvvnso,true,2b65b99ff826c58d2786d09018c860068efdea578578bc1baef190980747435c,image/jpeg,90573,372,693,chupacabras,imp_chupacabras,chupacabras,venue,,project_owner_global_authorization,MEDIA-002,venues.photo_url:chupacabras,NOT_CREATED_DRY_RUN,true,READY_FOR_MAPPING,,
owner-photo-candidates,confirmed-official-2026-07-24/chupacabras--02--bc4b8f6d87ae6bbe.jpg,egkdapqwkfprtyqvvnso,true,bc4b8f6d87ae6bbe5f961768ef12428547291939aac260a51120ceb301380f6e,image/jpeg,156913,704,642,chupacabras,imp_chupacabras,chupacabras,venue,,project_owner_global_authorization,MEDIA-002,,NOT_CREATED_DRY_RUN,false,READY_FOR_MAPPING,,
owner-photo-candidates,confirmed-official-2026-07-24/chupacabras--03--0eceb6b9be1ee012.jpg,egkdapqwkfprtyqvvnso,true,0eceb6b9be1ee012eb7bb1650e6113b004629c6a54355870d9f855af9b2dbeb1,image/jpeg,139534,467,582,chupacabras,imp_chupacabras,chupacabras,venue,,project_owner_global_authorization,MEDIA-002,,NOT_CREATED_DRY_RUN,false,READY_FOR_MAPPING,,
owner-photo-candidates,confirmed-official-2026-07-24/ely-s-kitchen-ubud--01--b61aa72d7259f1eb.jpg,egkdapqwkfprtyqvvnso,true,b61aa72d7259f1eb0fb7e470011ef076af21dd8266715ba02a1d69d5b8e87bea,image/jpeg,240178,800,600,ely-s-kitchen-ubud,imp_ely-s-kitchen-ubud,ely-s-kitchen-ubud,venue,,project_owner_global_authorization,MEDIA-002,venues.photo_url:ely-s-kitchen-ubud,NOT_CREATED_DRY_RUN,true,READY_FOR_MAPPING,,
owner-photo-candidates,confirmed-official-2026-07-24/ely-s-kitchen-ubud--02--03a25dabbcd3a404.jpg,egkdapqwkfprtyqvvnso,true,03a25dabbcd3a404da10d81abe1eaa651e8cac76c11e126d788020a531c655af,image/jpeg,214200,800,600,ely-s-kitchen-ubud,imp_ely-s-kitchen-ubud,ely-s-kitchen-ubud,venue,,project_owner_global_authorization,MEDIA-002,,NOT_CREATED_DRY_RUN,false,READY_FOR_MAPPING,,
owner-photo-candidates,confirmed-official-2026-07-24/ely-s-kitchen-ubud--03--3e4dbc91bd096055.jpg,egkdapqwkfprtyqvvnso,true,3e4dbc91bd096055aecb0107a33d28824395df8e71f361b036b050a369f2c960,image/jpeg,260481,800,600,ely-s-kitchen-ubud,imp_ely-s-kitchen-ubud,ely-s-kitchen-ubud,venue,,project_owner_global_authorization,MEDIA-002,,NOT_CREATED_DRY_RUN,false,READY_FOR_MAPPING,,
owner-photo-candidates,confirmed-official-2026-07-24/ibu-susu-bar-and-kitchen--01--71c0b3509065522a.jpg,egkdapqwkfprtyqvvnso,true,71c0b3509065522a674a4c4b9126ef13572737d04c06f4cdf55c3319f7786aca,image/jpeg,84914,640,628,ibu-susu-bar-and-kitchen,imp_ibu-susu-bar-and-kitchen,ibu-susu-bar-and-kitchen,venue,,project_owner_global_authorization,MEDIA-002,venues.photo_url:ibu-susu-bar-and-kitchen,NOT_CREATED_DRY_RUN,true,READY_FOR_MAPPING,,
owner-photo-candidates,confirmed-official-2026-07-24/ibu-susu-bar-and-kitchen--02--28e547665e725aac.jpg,egkdapqwkfprtyqvvnso,true,28e547665e725aac42afb120a32414177b177ebea1e8414ba5169d618fef9ae8,image/jpeg,100431,640,505,ibu-susu-bar-and-kitchen,imp_ibu-susu-bar-and-kitchen,ibu-susu-bar-and-kitchen,venue,,project_owner_global_authorization,MEDIA-002,,NOT_CREATED_DRY_RUN,false,READY_FOR_MAPPING,,
owner-photo-candidates,confirmed-official-2026-07-24/ibu-susu-bar-and-kitchen--03--71190376cefcdf18.jpg,egkdapqwkfprtyqvvnso,true,71190376cefcdf18dc721701d4ca9d9c9b29a0aee110436b61a200e122e1efd8,image/jpeg,156466,640,800,ibu-susu-bar-and-kitchen,imp_ibu-susu-bar-and-kitchen,ibu-susu-bar-and-kitchen,venue,,project_owner_global_authorization,MEDIA-002,,NOT_CREATED_DRY_RUN,false,READY_FOR_MAPPING,,
owner-photo-candidates,confirmed-official-2026-07-24/la-favela-bali--01--bec84ce3183d3c91.jpg,egkdapqwkfprtyqvvnso,true,bec84ce3183d3c9104cd12b6408ff3fc56b6701e6a323c1eda2fa9b624b34e46,image/jpeg,1121530,2560,1707,la-favela-bali,imp_la-favela-bali,la-favela-bali,venue,,project_owner_global_authorization,MEDIA-002,venues.photo_url:la-favela-bali,NOT_CREATED_DRY_RUN,true,READY_FOR_MAPPING,,
owner-photo-candidates,confirmed-official-2026-07-24/la-favela-bali--02--38eca07c1b7e177c.jpg,egkdapqwkfprtyqvvnso,true,38eca07c1b7e177cab1698ffa1f788d8f038ef431b35420d45166e114aee8ea5,image/jpeg,657395,1707,2560,la-favela-bali,imp_la-favela-bali,la-favela-bali,venue,,project_owner_global_authorization,MEDIA-002,,NOT_CREATED_DRY_RUN,false,READY_FOR_MAPPING,,
owner-photo-candidates,confirmed-official-2026-07-24/la-favela-bali--03--c079b64dca709e86.jpg,egkdapqwkfprtyqvvnso,true,c079b64dca709e8631910f3b7a0b1fee04950261844cdaff665873f55a3bcd09,image/jpeg,926901,2560,1707,la-favela-bali,imp_la-favela-bali,la-favela-bali,venue,,project_owner_global_authorization,MEDIA-002,,NOT_CREATED_DRY_RUN,false,READY_FOR_MAPPING,,
owner-photo-candidates,confirmed-official-2026-07-24/lava-gastrobar-and-grill--01--41c276092086de86.webp,egkdapqwkfprtyqvvnso,true,41c276092086de8632b80371e1ba50f4c71af2501a1df98d7e63a2e936f638c1,image/webp,48212,1280,678,lava-gastrobar-and-grill,,,unresolved,,project_owner_global_authorization,MEDIA-002,,NOT_CREATED_DRY_RUN,false,REMEDIATE_MAPPING,unresolved_entity_mapping,review lava-gastrobar-and-grill slug mapping
owner-photo-candidates,confirmed-official-2026-07-24/lava-gastrobar-and-grill--02--497664bc9fc1241e.jpg,egkdapqwkfprtyqvvnso,true,497664bc9fc1241eefc7d362577789c1e4f917df17f898ff0be85619109fd3bc,image/jpeg,288154,1080,1080,lava-gastrobar-and-grill,,,unresolved,,project_owner_global_authorization,MEDIA-002,,NOT_CREATED_DRY_RUN,false,REMEDIATE_MAPPING,unresolved_entity_mapping,review lava-gastrobar-and-grill slug mapping
owner-photo-candidates,confirmed-official-2026-07-24/lava-gastrobar-and-grill--03--89b39d6269f702b4.webp,egkdapqwkfprtyqvvnso,true,89b39d6269f702b4d8dd088a14db0ee2dbb660e5940779443a9f5f736ac87153,image/webp,199776,1080,1080,lava-gastrobar-and-grill,,,unresolved,,project_owner_global_authorization,MEDIA-002,,NOT_CREATED_DRY_RUN,false,REMEDIATE_MAPPING,unresolved_entity_mapping,review lava-gastrobar-and-grill slug mapping
owner-photo-candidates,confirmed-official-2026-07-24/mano-beach-house--01--3b7eeb948779b750.jpg,egkdapqwkfprtyqvvnso,true,3b7eeb948779b750b0ec2739a9e0446a0c2301a7a1c50b63bc030ced485d8d42,image/jpeg,443987,1440,961,mano-beach-house,imp_mano-beach-house,mano-beach-house,venue,,project_owner_global_authorization,MEDIA-002,venues.photo_url:mano-beach-house,NOT_CREATED_DRY_RUN,true,READY_FOR_MAPPING,,
owner-photo-candidates,confirmed-official-2026-07-24/mano-beach-house--02--0165a7e3a007078e.jpg,egkdapqwkfprtyqvvnso,true,0165a7e3a007078e4ef97ac93e19f952f16ffcfb45ca075e3a1ddeedd8824c0e,image/jpeg,1278597,2500,1667,mano-beach-house,imp_mano-beach-house,mano-beach-house,venue,,project_owner_global_authorization,MEDIA-002,,NOT_CREATED_DRY_RUN,false,READY_FOR_MAPPING,,
owner-photo-candidates,confirmed-official-2026-07-24/mano-beach-house--03--9921fa3b085baf37.jpg,egkdapqwkfprtyqvvnso,true,9921fa3b085baf37426ae9fae3be1227a800ebb78700f8d622d9f3372491b3c1,image/jpeg,1408404,2500,1668,mano-beach-house,imp_mano-beach-house,mano-beach-house,venue,,project_owner_global_authorization,MEDIA-002,,NOT_CREATED_DRY_RUN,false,READY_FOR_MAPPING,,
owner-photo-candidates,confirmed-official-2026-07-24/merah-putih--01--11a10d44a3e0bf00.webp,egkdapqwkfprtyqvvnso,true,11a10d44a3e0bf006f55504933506b2f705269523da930cc090725e29cb2ff58,image/webp,406798,1920,1280,merah-putih,imp_merah-putih,merah-putih,venue,DUP-001,project_owner_global_authorization,MEDIA-002,venues.photo_url:merah-putih,NOT_CREATED_DRY_RUN,true,CANONICALIZE_DUPLICATE_PRESERVE_ASSOCIATIONS,duplicate_content_hash,share canonical bytes; preserve logical association
owner-photo-candidates,confirmed-official-2026-07-24/merah-putih--02--5ac6dcb91a924997.jpg,egkdapqwkfprtyqvvnso,true,5ac6dcb91a92499709f15d62225d77c3fe4451b6b6bfbd15cb2747030047ab14,image/jpeg,73450,501,378,merah-putih,imp_merah-putih,merah-putih,venue,,project_owner_global_authorization,MEDIA-002,,NOT_CREATED_DRY_RUN,false,READY_FOR_MAPPING,,
owner-photo-candidates,confirmed-official-2026-07-24/merah-putih--03--ee15c4a7814ce072.jpg,egkdapqwkfprtyqvvnso,true,ee15c4a7814ce072ae78b02270dfd286c61e40f52e7664b787f780d50184f014,image/jpeg,73215,501,375,merah-putih,imp_merah-putih,merah-putih,venue,,project_owner_global_authorization,MEDIA-002,,NOT_CREATED_DRY_RUN,false,READY_FOR_MAPPING,,
owner-photo-candidates,confirmed-official-2026-07-24/one-eyed-jack--01--89324818bb38cb69.jpg,egkdapqwkfprtyqvvnso,true,89324818bb38cb69bd16c3a365882a31eb30bbcee9d1a1edf253660b627c15df,image/jpeg,162119,1200,800,one-eyed-jack,imp_one-eyed-jack,one-eyed-jack,venue,,project_owner_global_authorization,MEDIA-002,venues.photo_url:one-eyed-jack,NOT_CREATED_DRY_RUN,true,READY_FOR_MAPPING,,
owner-photo-candidates,confirmed-official-2026-07-24/one-eyed-jack--02--6759334bdd0103f7.jpg,egkdapqwkfprtyqvvnso,true,6759334bdd0103f7ace556c1d4ed8b7f5c40f2859173027620cc2017aef13610,image/jpeg,219781,998,1498,one-eyed-jack,imp_one-eyed-jack,one-eyed-jack,venue,,project_owner_global_authorization,MEDIA-002,,NOT_CREATED_DRY_RUN,false,READY_FOR_MAPPING,,
owner-photo-candidates,confirmed-official-2026-07-24/one-eyed-jack--03--b5c1012a131b8552.jpg,egkdapqwkfprtyqvvnso,true,b5c1012a131b8552c4e37b84838f55ada6c1a79855688b76749ff41b2b25dbd3,image/jpeg,91105,998,1496,one-eyed-jack,imp_one-eyed-jack,one-eyed-jack,venue,,project_owner_global_authorization,MEDIA-002,,NOT_CREATED_DRY_RUN,false,READY_FOR_MAPPING,,
owner-photo-candidates,confirmed-official-2026-07-24/roosterfish-beach-club--01--2f7bebf089e85ddc.jpg,egkdapqwkfprtyqvvnso,true,2f7bebf089e85ddc6aa225776fc56d9e0af217011a27b0769a24f5c07c5e4264,image/jpeg,105637,460,461,roosterfish-beach-club,imp_roosterfish-beach-club,roosterfish-beach-club,venue,,project_owner_global_authorization,MEDIA-002,venues.photo_url:roosterfish-beach-club,NOT_CREATED_DRY_RUN,true,READY_FOR_MAPPING,,
owner-photo-candidates,confirmed-official-2026-07-24/roosterfish-beach-club--02--01f8c6dfa4758711.jpg,egkdapqwkfprtyqvvnso,true,01f8c6dfa475871164ddd32c0503d545a96e562f302293fe2bcbc3af40a07150,image/jpeg,201737,460,461,roosterfish-beach-club,imp_roosterfish-beach-club,roosterfish-beach-club,venue,,project_owner_global_authorization,MEDIA-002,,NOT_CREATED_DRY_RUN,false,READY_FOR_MAPPING,,
owner-photo-candidates,confirmed-official-2026-07-24/roosterfish-beach-club--03--b5ef8f7cc5d3b53a.jpg,egkdapqwkfprtyqvvnso,true,b5ef8f7cc5d3b53ad0e91a018692673e9ebc3ebd6a435dcbf9572d8f976cbb49,image/jpeg,196596,460,461,roosterfish-beach-club,imp_roosterfish-beach-club,roosterfish-beach-club,venue,,project_owner_global_authorization,MEDIA-002,,NOT_CREATED_DRY_RUN,false,READY_FOR_MAPPING,,
owner-photo-candidates,confirmed-official-2026-07-24/takumi-bali--01--832a9bed8f9d676c.jpg,egkdapqwkfprtyqvvnso,true,832a9bed8f9d676ce3403ecd2968c2856b82c911a3acfffb3ad5090d074de704,image/jpeg,299031,940,1032,takumi-bali,imp_takumi-bali,takumi-bali,venue,,project_owner_global_authorization,MEDIA-002,venues.photo_url:takumi-bali,NOT_CREATED_DRY_RUN,true,READY_FOR_MAPPING,,
owner-photo-candidates,confirmed-official-2026-07-24/takumi-bali--02--261207693905b1e0.jpg,egkdapqwkfprtyqvvnso,true,261207693905b1e094268ea388803b48a80aabd86e50d2f28472c00e9460ed98,image/jpeg,585614,936,1392,takumi-bali,imp_takumi-bali,takumi-bali,venue,,project_owner_global_authorization,MEDIA-002,,NOT_CREATED_DRY_RUN,false,READY_FOR_MAPPING,,
owner-photo-candidates,confirmed-official-2026-07-24/takumi-bali--03--d03d0a3f6457b5a8.jpg,egkdapqwkfprtyqvvnso,true,d03d0a3f6457b5a880969e2b792bc3cf66c749b3b650c2551ac676801de5a75f,image/jpeg,444855,940,1188,takumi-bali,imp_takumi-bali,takumi-bali,venue,,project_owner_global_authorization,MEDIA-002,,NOT_CREATED_DRY_RUN,false,READY_FOR_MAPPING,,
owner-photo-candidates,confirmed-official-2026-07-24/the-grumpy-butcher--01--d7813e5ae4cc238d.jpg,egkdapqwkfprtyqvvnso,true,d7813e5ae4cc238dc356ba8ca9a91bbbe05e8182e33b0fc43f30690c50a5d2fb,image/jpeg,101003,900,900,the-grumpy-butcher,imp_the-grumpy-butcher,the-grumpy-butcher,venue,,project_owner_global_authorization,MEDIA-002,venues.photo_url:the-grumpy-butcher,NOT_CREATED_DRY_RUN,true,READY_FOR_MAPPING,,
owner-photo-candidates,confirmed-official-2026-07-24/the-grumpy-butcher--02--7dca05cb78a5eeff.jpg,egkdapqwkfprtyqvvnso,true,7dca05cb78a5eeff3920e19edbbeb4c479be1c96a78ab7d8dd3a998e84a4ab53,image/jpeg,46092,900,900,the-grumpy-butcher,imp_the-grumpy-butcher,the-grumpy-butcher,venue,,project_owner_global_authorization,MEDIA-002,,NOT_CREATED_DRY_RUN,false,READY_FOR_MAPPING,,
owner-photo-candidates,confirmed-official-2026-07-24/the-grumpy-butcher--03--7a816f0a852248c6.png,egkdapqwkfprtyqvvnso,true,7a816f0a852248c60690d6b2841286e1afda5a9a8c11684a108d82cd293d8120,image/png,3219269,1080,1920,the-grumpy-butcher,imp_the-grumpy-butcher,the-grumpy-butcher,venue,,project_owner_global_authorization,MEDIA-002,,NOT_CREATED_DRY_RUN,false,READY_FOR_MAPPING,,
owner-photo-candidates,confirmed-official-2026-07-24/tis-cafe-ubud--01--b20ecdb8b511f223.jpg,egkdapqwkfprtyqvvnso,true,b20ecdb8b511f223ae7a385367a848c2ee4ecf41ac9960107ad2964e6e8fe5aa,image/jpeg,558831,1600,900,tis-cafe-ubud,imp_tis-cafe-ubud,tis-cafe-ubud,venue,,project_owner_global_authorization,MEDIA-002,venues.photo_url:tis-cafe-ubud,NOT_CREATED_DRY_RUN,true,READY_FOR_MAPPING,,
owner-photo-candidates,confirmed-official-2026-07-24/tis-cafe-ubud--02--cecedef819b4d0ac.jpg,egkdapqwkfprtyqvvnso,true,cecedef819b4d0ac220411b907e1dc2aa0a5d50fa6662be8b02a12cff0a53309,image/jpeg,947189,1707,2560,tis-cafe-ubud,imp_tis-cafe-ubud,tis-cafe-ubud,venue,,project_owner_global_authorization,MEDIA-002,,NOT_CREATED_DRY_RUN,false,READY_FOR_MAPPING,,
owner-photo-candidates,confirmed-official-2026-07-24/tis-cafe-ubud--03--531c262186d5f1e4.jpg,egkdapqwkfprtyqvvnso,true,531c262186d5f1e43805420d1d33d8ddb0f3f3e674f27187d435a8405f9247be,image/jpeg,487347,1600,1067,tis-cafe-ubud,imp_tis-cafe-ubud,tis-cafe-ubud,venue,,project_owner_global_authorization,MEDIA-002,,NOT_CREATED_DRY_RUN,false,READY_FOR_MAPPING,,
owner-photo-candidates,confirmed-official-2026-07-24/tsune-japanese-restaurant-bali-by-wonderspace--01--386aaeb0e33f186c.jpg,egkdapqwkfprtyqvvnso,true,386aaeb0e33f186c54040a388644735095757a7094b87d68705ce11eb604a6c8,image/jpeg,208380,1280,1920,tsune-japanese-restaurant-bali-by-wonderspace,imp_tsune-japanese-restaurant-bali-by-wonderspace,tsune-japanese-restaurant-bali-by-wonderspace,venue,,project_owner_global_authorization,MEDIA-002,venues.photo_url:tsune-japanese-restaurant-bali-by-wonderspace,NOT_CREATED_DRY_RUN,true,READY_FOR_MAPPING,,
owner-photo-candidates,confirmed-official-2026-07-24/tsune-japanese-restaurant-bali-by-wonderspace--02--c9154df91a20f1b7.jpg,egkdapqwkfprtyqvvnso,true,c9154df91a20f1b759f5e4e6eabf2d163049b26fee72688a25c4754df599db02,image/jpeg,258187,1920,1280,tsune-japanese-restaurant-bali-by-wonderspace,imp_tsune-japanese-restaurant-bali-by-wonderspace,tsune-japanese-restaurant-bali-by-wonderspace,venue,,project_owner_global_authorization,MEDIA-002,,NOT_CREATED_DRY_RUN,false,READY_FOR_MAPPING,,
owner-photo-candidates,confirmed-official-2026-07-24/tsune-japanese-restaurant-bali-by-wonderspace--03--d89fb26527598b63.jpg,egkdapqwkfprtyqvvnso,true,d89fb26527598b6315e22309990dc4e56d4b50afd73fbb02e34d32c1b7a412e9,image/jpeg,62586,828,552,tsune-japanese-restaurant-bali-by-wonderspace,imp_tsune-japanese-restaurant-bali-by-wonderspace,tsune-japanese-restaurant-bali-by-wonderspace,venue,,project_owner_global_authorization,MEDIA-002,,NOT_CREATED_DRY_RUN,false,READY_FOR_MAPPING,,
owner-photo-candidates,confirmed-official-2026-07-24/zia-tina-eatery--01--31a54990cd961516.jpg,egkdapqwkfprtyqvvnso,true,31a54990cd96151612a7543196c96aa5953d6b294ecca6790162b0a8fc2e53c3,image/jpeg,77023,600,600,zia-tina-eatery,imp_zia-tina-eatery,zia-tina-eatery,venue,,project_owner_global_authorization,MEDIA-002,venues.photo_url:zia-tina-eatery,NOT_CREATED_DRY_RUN,true,READY_FOR_MAPPING,,
owner-photo-candidates,confirmed-official-2026-07-24/zia-tina-eatery--02--15240cd9919ceab8.jpg,egkdapqwkfprtyqvvnso,true,15240cd9919ceab8350c1bb61a978ed97e8e8b3864bb151ea644c51bf69f7592,image/jpeg,144948,600,600,zia-tina-eatery,imp_zia-tina-eatery,zia-tina-eatery,venue,,project_owner_global_authorization,MEDIA-002,,NOT_CREATED_DRY_RUN,false,READY_FOR_MAPPING,,
owner-photo-candidates,confirmed-official-2026-07-24/zia-tina-eatery--03--5b798fecfce1565a.jpg,egkdapqwkfprtyqvvnso,true,5b798fecfce1565a524c3f05a01ca51cc25c1e9522cfe79b27236bd5f170010d,image/jpeg,95250,600,600,zia-tina-eatery,imp_zia-tina-eatery,zia-tina-eatery,venue,,project_owner_global_authorization,MEDIA-002,,NOT_CREATED_DRY_RUN,false,READY_FOR_MAPPING,,
owner-photo-candidates,owner-candidates/v1/15fit-seminyak/69495c766ffd4bc99fd4bb257290094dc974b25316586417ac5dba216ac8e4cb.jpg,egkdapqwkfprtyqvvnso,true,69495c766ffd4bc99fd4bb257290094dc974b25316586417ac5dba216ac8e4cb,image/jpeg,257126,1440,1800,15fit-seminyak,wbimp_15fit-seminyak,15fit-seminyak,venue,,project_owner_global_authorization,MEDIA-002,venues.photo_url:15fit-seminyak,NOT_CREATED_DRY_RUN,true,READY_FOR_MAPPING,,
owner-photo-candidates,owner-candidates/v1/15fit-seminyak/c943e37c7da0489366ce12e08b0d93da0f42e583e6923cd985919cbe861f8e41.jpg,egkdapqwkfprtyqvvnso,true,c943e37c7da0489366ce12e08b0d93da0f42e583e6923cd985919cbe861f8e41,image/jpeg,235383,1440,1412,15fit-seminyak,wbimp_15fit-seminyak,15fit-seminyak,venue,,project_owner_global_authorization,MEDIA-002,,NOT_CREATED_DRY_RUN,false,READY_FOR_MAPPING,,
owner-photo-candidates,owner-candidates/v1/2befit-bali/40c82d28316b14cc758b8628f072c744eb1f5764196a295bd3f3c0ac28cf8851.jpg,egkdapqwkfprtyqvvnso,true,40c82d28316b14cc758b8628f072c744eb1f5764196a295bd3f3c0ac28cf8851,image/jpeg,83862,960,638,2befit-bali,wbimp_2befit-bali,2befit-bali,venue,,project_owner_global_authorization,MEDIA-002,venues.photo_url:2befit-bali,NOT_CREATED_DRY_RUN,true,READY_FOR_MAPPING,,
owner-photo-candidates,owner-candidates/v1/2befit-bali/e5c1925a20d88eea258704a8c7e45ec5b94414324cc6027b52e9677af0f762f6.jpg,egkdapqwkfprtyqvvnso,true,e5c1925a20d88eea258704a8c7e45ec5b94414324cc6027b52e9677af0f762f6,image/jpeg,79274,1000,800,2befit-bali,wbimp_2befit-bali,2befit-bali,venue,,project_owner_global_authorization,MEDIA-002,,NOT_CREATED_DRY_RUN,false,READY_FOR_MAPPING,,
owner-photo-candidates,owner-candidates/v1/360-move-uluwatu/55d4c98991721b7b38064e24bb19e7b0cefebbae1c4620a7f62eda412eb88782.jpg,egkdapqwkfprtyqvvnso,true,55d4c98991721b7b38064e24bb19e7b0cefebbae1c4620a7f62eda412eb88782,image/jpeg,146727,1200,630,360-move-uluwatu,wbimp_360-move-uluwatu,360-move-uluwatu,venue,,project_owner_global_authorization,MEDIA-002,venues.photo_url:360-move-uluwatu,NOT_CREATED_DRY_RUN,true,READY_FOR_MAPPING,,
owner-photo-candidates,owner-candidates/v1/360-move-uluwatu/80bd2b168575f6bd623bb82779cb989de6ea15e78559a3dfb49649f8d92772a4.jpg,egkdapqwkfprtyqvvnso,true,80bd2b168575f6bd623bb82779cb989de6ea15e78559a3dfb49649f8d92772a4,image/jpeg,54685,1100,1045,360-move-uluwatu,wbimp_360-move-uluwatu,360-move-uluwatu,venue,,project_owner_global_authorization,MEDIA-002,,NOT_CREATED_DRY_RUN,false,READY_FOR_MAPPING,,
owner-photo-candidates,owner-candidates/v1/360-move-uluwatu/97490563773774d00062ffcc9561fc0d6ff581a4da9b0588166ab7cf8dfb06ec.jpg,egkdapqwkfprtyqvvnso,true,97490563773774d00062ffcc9561fc0d6ff581a4da9b0588166ab7cf8dfb06ec,image/jpeg,149592,1300,867,360-move-uluwatu,wbimp_360-move-uluwatu,360-move-uluwatu,venue,,project_owner_global_authorization,MEDIA-002,,NOT_CREATED_DRY_RUN,false,READY_FOR_MAPPING,,
owner-photo-candidates,owner-candidates/v1/7am-bakers-umalas/330a9daed05c6d32b09b6f22db1c9c3631e45e3b16e3cd1aee894ad65c0935b4.webp,egkdapqwkfprtyqvvnso,true,330a9daed05c6d32b09b6f22db1c9c3631e45e3b16e3cd1aee894ad65c0935b4,image/webp,187768,1600,2400,7am-bakers-umalas,v_import_7am_bakers_umalas,7am-bakers-umalas,venue,,project_owner_global_authorization,MEDIA-002,venues.photo_url:7am-bakers-umalas,NOT_CREATED_DRY_RUN,true,READY_FOR_MAPPING,,
owner-photo-candidates,owner-candidates/v1/7am-bakers-umalas/3696ec69324b52fdc590442723f701566f02f64e7b1e29de7ae80b1539417ac1.webp,egkdapqwkfprtyqvvnso,true,3696ec69324b52fdc590442723f701566f02f64e7b1e29de7ae80b1539417ac1,image/webp,520916,1600,2400,7am-bakers-umalas,v_import_7am_bakers_umalas,7am-bakers-umalas,venue,,project_owner_global_authorization,MEDIA-002,,NOT_CREATED_DRY_RUN,false,READY_FOR_MAPPING,,
owner-photo-candidates,owner-candidates/v1/7am-bakers-umalas/e429d2113e3e9f4b10bc450113e5d4313b3c18faa0c8b6f24d6f45ba82f7caf2.webp,egkdapqwkfprtyqvvnso,true,e429d2113e3e9f4b10bc450113e5d4313b3c18faa0c8b6f24d6f45ba82f7caf2,image/webp,411682,1600,2400,7am-bakers-umalas,v_import_7am_bakers_umalas,7am-bakers-umalas,venue,,project_owner_global_authorization,MEDIA-002,,NOT_CREATED_DRY_RUN,false,READY_FOR_MAPPING,,
owner-photo-candidates,owner-candidates/v1/alchemy-yoga-and-meditation-center-ubud/89c0e66be8e3b1142fd3c36ab413bc23e53056a8a8e2ab4c99d78aa8ea2e24fe.jpg,egkdapqwkfprtyqvvnso,true,89c0e66be8e3b1142fd3c36ab413bc23e53056a8a8e2ab4c99d78aa8ea2e24fe,image/jpeg,1667245,2364,1330,alchemy-yoga-and-meditation-center-ubud,1b2203e8-a2b4-4313-a0eb-9e095f6b29cf,alchemy-yoga-and-meditation-center-ubud,venue,,project_owner_global_authorization,MEDIA-002,venues.photo_url:alchemy-yoga-and-meditation-center-ubud,NOT_CREATED_DRY_RUN,true,READY_FOR_MAPPING,,
owner-photo-candidates,owner-candidates/v1/alchemy-yoga-and-meditation-center-ubud/b782d71ed80aa9248a1f7c2320884128c91d94c8000396a8cf23c849aa6ac321.jpg,egkdapqwkfprtyqvvnso,true,b782d71ed80aa9248a1f7c2320884128c91d94c8000396a8cf23c849aa6ac321,image/jpeg,799067,2500,1337,alchemy-yoga-and-meditation-center-ubud,1b2203e8-a2b4-4313-a0eb-9e095f6b29cf,alchemy-yoga-and-meditation-center-ubud,venue,,project_owner_global_authorization,MEDIA-002,,NOT_CREATED_DRY_RUN,false,READY_FOR_MAPPING,,
owner-photo-candidates,owner-candidates/v1/alchemy-yoga-and-meditation-center-ubud/d607243eeda65b87043ebcc1d4e2e24404d5ba1fc6deaa68bfb8940cc2b1099b.avif,egkdapqwkfprtyqvvnso,true,d607243eeda65b87043ebcc1d4e2e24404d5ba1fc6deaa68bfb8940cc2b1099b,image/heif,42992,522,348,alchemy-yoga-and-meditation-center-ubud,1b2203e8-a2b4-4313-a0eb-9e095f6b29cf,alchemy-yoga-and-meditation-center-ubud,venue,,project_owner_global_authorization,MEDIA-002,,NOT_CREATED_DRY_RUN,false,READY_FOR_MAPPING,,
owner-photo-candidates,owner-candidates/v1/alchemy/1c84dbac3b43f00b9b8d5b1c6d0144827b537a9a4d72eb58371979af89173d92.png,egkdapqwkfprtyqvvnso,true,1c84dbac3b43f00b9b8d5b1c6d0144827b537a9a4d72eb58371979af89173d92,image/png,94717,1608,1330,alchemy,v_alchemy,alchemy,venue,,project_owner_global_authorization,MEDIA-002,venues.photo_url:alchemy,NOT_CREATED_DRY_RUN,true,READY_FOR_MAPPING,,
owner-photo-candidates,owner-candidates/v1/alchemy/300f100eff3ec6fcd7a58de1818a795f9879c65f5bd477809d7ffd33f719b429.avif,egkdapqwkfprtyqvvnso,true,300f100eff3ec6fcd7a58de1818a795f9879c65f5bd477809d7ffd33f719b429,image/heif,111347,960,639,alchemy,v_alchemy,alchemy,venue,,project_owner_global_authorization,MEDIA-002,,NOT_CREATED_DRY_RUN,false,READY_FOR_MAPPING,,
owner-photo-candidates,owner-candidates/v1/alchemy/7c7b4ad7d77a8832b73b36e3273c096d8e56819d5256a4be58b29a078bac71e0.jpg,egkdapqwkfprtyqvvnso,true,7c7b4ad7d77a8832b73b36e3273c096d8e56819d5256a4be58b29a078bac71e0,image/jpeg,1054194,2500,2500,alchemy,v_alchemy,alchemy,venue,,project_owner_global_authorization,MEDIA-002,,NOT_CREATED_DRY_RUN,false,READY_FOR_MAPPING,,
owner-photo-candidates,owner-candidates/v1/ami-studio/8a81824a2458f1ca2bd9c92db2429e15dccc01d358598dce344aaa04b297017a.jpg,egkdapqwkfprtyqvvnso,true,8a81824a2458f1ca2bd9c92db2429e15dccc01d358598dce344aaa04b297017a,image/jpeg,266831,1920,1280,ami-studio,wbimp_ami-studio,ami-studio,venue,,project_owner_global_authorization,MEDIA-002,venues.photo_url:ami-studio,NOT_CREATED_DRY_RUN,true,READY_FOR_MAPPING,,
owner-photo-candidates,owner-candidates/v1/ami-studio/c164a4fcc5179ed274c00597433fbfdadec455feffa1e19ef4f8ffc07293e36f.jpg,egkdapqwkfprtyqvvnso,true,c164a4fcc5179ed274c00597433fbfdadec455feffa1e19ef4f8ffc07293e36f,image/jpeg,322844,1319,1920,ami-studio,wbimp_ami-studio,ami-studio,venue,,project_owner_global_authorization,MEDIA-002,,NOT_CREATED_DRY_RUN,false,READY_FOR_MAPPING,,
owner-photo-candidates,owner-candidates/v1/ami-studio/ed5c991e372558148b21f21af835c6132d58dc9e2e831e2de4617147e76793a3.jpg,egkdapqwkfprtyqvvnso,true,ed5c991e372558148b21f21af835c6132d58dc9e2e831e2de4617147e76793a3,image/jpeg,228895,1319,1920,ami-studio,wbimp_ami-studio,ami-studio,venue,,project_owner_global_authorization,MEDIA-002,,NOT_CREATED_DRY_RUN,false,READY_FOR_MAPPING,,
owner-photo-candidates,owner-candidates/v1/amo-spa-canggu-canggu/9e7370de2a7516abedf7e072f4351e0a9662952112a9c9a7d74b910801419f89.webp,egkdapqwkfprtyqvvnso,true,9e7370de2a7516abedf7e072f4351e0a9662952112a9c9a7d74b910801419f89,image/webp,73470,1350,1080,amo-spa-canggu-canggu,9e440745-e22c-485e-accd-573650df4648,amo-spa-canggu-canggu,venue,,project_owner_global_authorization,MEDIA-002,venues.photo_url:amo-spa-canggu-canggu,NOT_CREATED_DRY_RUN,true,READY_FOR_MAPPING,,
owner-photo-candidates,owner-candidates/v1/amo-spa-canggu-canggu/a0365c5bcd4d2a00384f47ce495499f2687269d161e087b714e825701af1e1ed.webp,egkdapqwkfprtyqvvnso,true,a0365c5bcd4d2a00384f47ce495499f2687269d161e087b714e825701af1e1ed,image/webp,167558,1600,1080,amo-spa-canggu-canggu,9e440745-e22c-485e-accd-573650df4648,amo-spa-canggu-canggu,venue,,project_owner_global_authorization,MEDIA-002,,NOT_CREATED_DRY_RUN,false,READY_FOR_MAPPING,,
owner-photo-candidates,owner-candidates/v1/amo-spa-canggu-canggu/dc18dc6e94bcc7fc13fca8c9a65dfc1aea2f44193c7ce2b5b960393934439556.webp,egkdapqwkfprtyqvvnso,true,dc18dc6e94bcc7fc13fca8c9a65dfc1aea2f44193c7ce2b5b960393934439556,image/webp,192666,1600,667,amo-spa-canggu-canggu,9e440745-e22c-485e-accd-573650df4648,amo-spa-canggu-canggu,venue,,project_owner_global_authorization,MEDIA-002,,NOT_CREATED_DRY_RUN,false,READY_FOR_MAPPING,,
owner-photo-candidates,owner-candidates/v1/anomali-coffee-ubud/020f591942bb2c4e1d649d301f71fd463246a844be112dabb7de714eca5bb48d.jpg,egkdapqwkfprtyqvvnso,true,020f591942bb2c4e1d649d301f71fd463246a844be112dabb7de714eca5bb48d,image/jpeg,580182,1365,1706,anomali-coffee-ubud,v_import_anomali_coffee_ubud,anomali-coffee-ubud,venue,,project_owner_global_authorization,MEDIA-002,venues.photo_url:anomali-coffee-ubud,NOT_CREATED_DRY_RUN,true,READY_FOR_MAPPING,,
owner-photo-candidates,owner-candidates/v1/anomali-coffee-ubud/2734991f23682a7b31aa30b520833b45cf23d7e6920320551c11fdc292d7eeb5.jpg,egkdapqwkfprtyqvvnso,true,2734991f23682a7b31aa30b520833b45cf23d7e6920320551c11fdc292d7eeb5,image/jpeg,144196,720,1280,anomali-coffee-ubud,v_import_anomali_coffee_ubud,anomali-coffee-ubud,venue,,project_owner_global_authorization,MEDIA-002,,NOT_CREATED_DRY_RUN,false,READY_FOR_MAPPING,,
owner-photo-candidates,owner-candidates/v1/anomali-coffee-ubud/440ba4dd6507a79e62566be193e84c752236ff7e5572e27f78af6c6e708a73f5.jpg,egkdapqwkfprtyqvvnso,true,440ba4dd6507a79e62566be193e84c752236ff7e5572e27f78af6c6e708a73f5,image/jpeg,307693,1152,1440,anomali-coffee-ubud,v_import_anomali_coffee_ubud,anomali-coffee-ubud,venue,,project_owner_global_authorization,MEDIA-002,,NOT_CREATED_DRY_RUN,false,READY_FOR_MAPPING,,
owner-photo-candidates,owner-candidates/v1/arkipela-spa-at-mo-venpick-jimbaran-jimbaran/97cad8bd9324902d609c3c8809860ceaf7c945a60331e7ad678c49f84dcd5d26.webp,egkdapqwkfprtyqvvnso,true,97cad8bd9324902d609c3c8809860ceaf7c945a60331e7ad678c49f84dcd5d26,image/webp,133112,1600,1068,arkipela-spa-at-mo-venpick-jimbaran-jimbaran,9bffa068-447a-423a-9d3f-aedcb1d3542d,arkipela-spa-at-mo-venpick-jimbaran-jimbaran,venue,,project_owner_global_authorization,MEDIA-002,venues.photo_url:arkipela-spa-at-mo-venpick-jimbaran-jimbaran,NOT_CREATED_DRY_RUN,true,READY_FOR_MAPPING,,
owner-photo-candidates,owner-candidates/v1/arkipela-spa-at-mo-venpick-jimbaran-jimbaran/a4b6f2ca045bb947d7d815669f06634971750bf337bde1e0009a11da58293e0b.webp,egkdapqwkfprtyqvvnso,true,a4b6f2ca045bb947d7d815669f06634971750bf337bde1e0009a11da58293e0b,image/webp,135476,1600,1068,arkipela-spa-at-mo-venpick-jimbaran-jimbaran,9bffa068-447a-423a-9d3f-aedcb1d3542d,arkipela-spa-at-mo-venpick-jimbaran-jimbaran,venue,,project_owner_global_authorization,MEDIA-002,,NOT_CREATED_DRY_RUN,false,READY_FOR_MAPPING,,
owner-photo-candidates,owner-candidates/v1/arkipela-spa-at-mo-venpick-jimbaran-jimbaran/c3d71c6b8f714b91bc67f491a0de81a6f322f5c471d17605d9bb4791c37256e6.webp,egkdapqwkfprtyqvvnso,true,c3d71c6b8f714b91bc67f491a0de81a6f322f5c471d17605d9bb4791c37256e6,image/webp,275356,1600,2544,arkipela-spa-at-mo-venpick-jimbaran-jimbaran,9bffa068-447a-423a-9d3f-aedcb1d3542d,arkipela-spa-at-mo-venpick-jimbaran-jimbaran,venue,,project_owner_global_authorization,MEDIA-002,,NOT_CREATED_DRY_RUN,false,READY_FOR_MAPPING,,
owner-photo-candidates,owner-candidates/v1/artisan-uluwatu/299544dc4f9f5a5d950b0ed44cd71c3cc509bd02958e1935dc850ed71e33b5b0.jpg,egkdapqwkfprtyqvvnso,true,299544dc4f9f5a5d950b0ed44cd71c3cc509bd02958e1935dc850ed71e33b5b0,image/jpeg,153867,540,960,artisan-uluwatu,v_import_artisan_uluwatu,artisan-uluwatu,venue,,project_owner_global_authorization,MEDIA-002,venues.photo_url:artisan-uluwatu,NOT_CREATED_DRY_RUN,true,READY_FOR_MAPPING,,
owner-photo-candidates,owner-candidates/v1/artisan-uluwatu/d5920088bbe7ade992ef0939c3575258f9d43238a3ca27596cdbdc028e7e0256.jpg,egkdapqwkfprtyqvvnso,true,d5920088bbe7ade992ef0939c3575258f9d43238a3ca27596cdbdc028e7e0256,image/jpeg,3448962,3274,4096,artisan-uluwatu,v_import_artisan_uluwatu,artisan-uluwatu,venue,,project_owner_global_authorization,MEDIA-002,,NOT_CREATED_DRY_RUN,false,READY_FOR_MAPPING,,
owner-photo-candidates,owner-candidates/v1/artisan-uluwatu/e5110fe57cdf644ff072b4cfe9db1c9af7f6f1387a172b1f7e53646386d5d73d.webp,egkdapqwkfprtyqvvnso,true,e5110fe57cdf644ff072b4cfe9db1c9af7f6f1387a172b1f7e53646386d5d73d,image/webp,80088,1080,1350,artisan-uluwatu,v_import_artisan_uluwatu,artisan-uluwatu,venue,,project_owner_global_authorization,MEDIA-002,,NOT_CREATED_DRY_RUN,false,READY_FOR_MAPPING,,
owner-photo-candidates,owner-candidates/v1/arwana/0215552061ce58b6de14860f11df0f4e9058e83228e41e7a95c2abc0aa94eb32.avif,egkdapqwkfprtyqvvnso,true,0215552061ce58b6de14860f11df0f4e9058e83228e41e7a95c2abc0aa94eb32,image/heif,168525,1200,630,arwana,v_import_arwana,arwana,venue,,project_owner_global_authorization,MEDIA-002,venues.photo_url:arwana,NOT_CREATED_DRY_RUN,true,READY_FOR_MAPPING,,
owner-photo-candidates,owner-candidates/v1/arwana/1aa4b94b21d8ad6bd2dfe0b12bc5a1556c505490ffc5f5cf2198544c245ac70c.avif,egkdapqwkfprtyqvvnso,true,1aa4b94b21d8ad6bd2dfe0b12bc5a1556c505490ffc5f5cf2198544c245ac70c,image/heif,147562,1200,630,arwana,v_import_arwana,arwana,venue,,project_owner_global_authorization,MEDIA-002,,NOT_CREATED_DRY_RUN,false,READY_FOR_MAPPING,,
owner-photo-candidates,owner-candidates/v1/arwana/c34c53be022b3f020ede324a82ed93d49079365844b2045ffa400d58866844b9.avif,egkdapqwkfprtyqvvnso,true,c34c53be022b3f020ede324a82ed93d49079365844b2045ffa400d58866844b9,image/heif,163878,1800,541,arwana,v_import_arwana,arwana,venue,,project_owner_global_authorization,MEDIA-002,,NOT_CREATED_DRY_RUN,false,READY_FOR_MAPPING,,
owner-photo-candidates,owner-candidates/v1/atlas-beach-club/17dc34a1b07c89624009ba9a9a2a1c904925586cb0aaa6a93a3b6f80539db2f8.jpg,egkdapqwkfprtyqvvnso,true,17dc34a1b07c89624009ba9a9a2a1c904925586cb0aaa6a93a3b6f80539db2f8,image/jpeg,461381,1600,1067,atlas-beach-club,v_import_atlas_beach_club,atlas-beach-club,venue,,project_owner_global_authorization,MEDIA-002,venues.photo_url:atlas-beach-club,NOT_CREATED_DRY_RUN,true,READY_FOR_MAPPING,,
owner-photo-candidates,owner-candidates/v1/atlas-beach-club/6cb2946442f63db3af6afb4a9b04d70cd84e4a3243ba4a28cc7572e04e2627c9.webp,egkdapqwkfprtyqvvnso,true,6cb2946442f63db3af6afb4a9b04d70cd84e4a3243ba4a28cc7572e04e2627c9,image/webp,117308,2160,1200,atlas-beach-club,v_import_atlas_beach_club,atlas-beach-club,venue,,project_owner_global_authorization,MEDIA-002,,NOT_CREATED_DRY_RUN,false,READY_FOR_MAPPING,,
owner-photo-candidates,owner-candidates/v1/atlas-beach-club/6f59cef62857ce2152fca524329f2bd7370bc3871132bdc5ff1087b6613eee13.jpg,egkdapqwkfprtyqvvnso,true,6f59cef62857ce2152fca524329f2bd7370bc3871132bdc5ff1087b6613eee13,image/jpeg,396640,1344,725,atlas-beach-club,v_import_atlas_beach_club,atlas-beach-club,venue,,project_owner_global_authorization,MEDIA-002,,NOT_CREATED_DRY_RUN,false,READY_FOR_MAPPING,,
owner-photo-candidates,owner-candidates/v1/avenue-fitness-bali/748944077e8db362ebfd392c9b4caa74c366be34781d7b4337893c91a367d292.avif,egkdapqwkfprtyqvvnso,true,748944077e8db362ebfd392c9b4caa74c366be34781d7b4337893c91a367d292,image/heif,51284,693,1024,avenue-fitness-bali,wbimp_avenue-fitness-bali,avenue-fitness-bali,venue,,project_owner_global_authorization,MEDIA-002,venues.photo_url:avenue-fitness-bali,NOT_CREATED_DRY_RUN,true,READY_FOR_MAPPING,,
owner-photo-candidates,owner-candidates/v1/avenue-fitness-bali/ca4c9d8130def698b76c83591268a91b3311da1d510273f548dec84b7b1ceeba.webp,egkdapqwkfprtyqvvnso,true,ca4c9d8130def698b76c83591268a91b3311da1d510273f548dec84b7b1ceeba,image/webp,73202,1024,683,avenue-fitness-bali,wbimp_avenue-fitness-bali,avenue-fitness-bali,venue,,project_owner_global_authorization,MEDIA-002,,NOT_CREATED_DRY_RUN,false,READY_FOR_MAPPING,,
owner-photo-candidates,owner-candidates/v1/babi-guling-men-agus/179d7fb6847efd6c23e387437a3fb5c66291b97266fe1fe8c6ccf4655d4d4838.jpg,egkdapqwkfprtyqvvnso,true,179d7fb6847efd6c23e387437a3fb5c66291b97266fe1fe8c6ccf4655d4d4838,image/jpeg,239232,1080,1080,babi-guling-men-agus,v_babi-guling-men-agus,babi-guling-men-agus,venue,,project_owner_global_authorization,MEDIA-002,venues.photo_url:babi-guling-men-agus,NOT_CREATED_DRY_RUN,true,READY_FOR_MAPPING,,
owner-photo-candidates,owner-candidates/v1/babi-guling-men-agus/1a5035af31e00f67282ac675d5e59f3fdad2bf6da1540613117b26ba249f0336.jpg,egkdapqwkfprtyqvvnso,true,1a5035af31e00f67282ac675d5e59f3fdad2bf6da1540613117b26ba249f0336,image/jpeg,126304,720,1280,babi-guling-men-agus,v_babi-guling-men-agus,babi-guling-men-agus,venue,,project_owner_global_authorization,MEDIA-002,,NOT_CREATED_DRY_RUN,false,READY_FOR_MAPPING,,
owner-photo-candidates,owner-candidates/v1/babi-guling-men-agus/b325f8e81d3a25cce78efa52486f232c7d75c81a18e4f3366c7d26aa0c9aba70.jpg,egkdapqwkfprtyqvvnso,true,b325f8e81d3a25cce78efa52486f232c7d75c81a18e4f3366c7d26aa0c9aba70,image/jpeg,51319,640,640,babi-guling-men-agus,v_babi-guling-men-agus,babi-guling-men-agus,venue,,project_owner_global_authorization,MEDIA-002,,NOT_CREATED_DRY_RUN,false,READY_FOR_MAPPING,,
owner-photo-candidates,owner-candidates/v1/babi-guling-odah-sanur/567e39438330282efb609e1ef26398bba0bb164d2d48914f61b74942c014e107.jpg,egkdapqwkfprtyqvvnso,true,567e39438330282efb609e1ef26398bba0bb164d2d48914f61b74942c014e107,image/jpeg,197100,720,1280,babi-guling-odah-sanur,v_babi-guling-odah-sanur,babi-guling-odah-sanur,venue,,project_owner_global_authorization,MEDIA-002,venues.photo_url:babi-guling-odah-sanur,NOT_CREATED_DRY_RUN,true,READY_FOR_MAPPING,,
owner-photo-candidates,owner-candidates/v1/babi-guling-odah-sanur/80e3ce43cb92bfc8bf58213bfc15bfae7a9b07e62fafa711ce61ee8adac40530.jpg,egkdapqwkfprtyqvvnso,true,80e3ce43cb92bfc8bf58213bfc15bfae7a9b07e62fafa711ce61ee8adac40530,image/jpeg,85890,720,1280,babi-guling-odah-sanur,v_babi-guling-odah-sanur,babi-guling-odah-sanur,venue,,project_owner_global_authorization,MEDIA-002,,NOT_CREATED_DRY_RUN,false,READY_FOR_MAPPING,,
owner-photo-candidates,owner-candidates/v1/babi-guling-odah-sanur/a769c49b1281c7939c34c19398b0144812ce9bc839949ceea42de9adab1eb8a7.jpg,egkdapqwkfprtyqvvnso,true,a769c49b1281c7939c34c19398b0144812ce9bc839949ceea42de9adab1eb8a7,image/jpeg,142418,1080,1920,babi-guling-odah-sanur,v_babi-guling-odah-sanur,babi-guling-odah-sanur,venue,,project_owner_global_authorization,MEDIA-002,,NOT_CREATED_DRY_RUN,false,READY_FOR_MAPPING,,
owner-photo-candidates,owner-candidates/v1/babi-guling-pak-malen/5a917f186efa26ce33292c5c0df5f07220d312352e2c67685ac0c91d9ff6d083.jpg,egkdapqwkfprtyqvvnso,true,5a917f186efa26ce33292c5c0df5f07220d312352e2c67685ac0c91d9ff6d083,image/jpeg,73442,640,1136,babi-guling-pak-malen,v_babi-guling-pak-malen,babi-guling-pak-malen,venue,,project_owner_global_authorization,MEDIA-002,venues.photo_url:babi-guling-pak-malen,NOT_CREATED_DRY_RUN,true,READY_FOR_MAPPING,,
owner-photo-candidates,owner-candidates/v1/babi-guling-pak-malen/6df0e9e687c0f67ca6332da30c86293b48d81925e56f67a0b3e229e7fe3ff913.jpg,egkdapqwkfprtyqvvnso,true,6df0e9e687c0f67ca6332da30c86293b48d81925e56f67a0b3e229e7fe3ff913,image/jpeg,165866,720,1280,babi-guling-pak-malen,v_babi-guling-pak-malen,babi-guling-pak-malen,venue,,project_owner_global_authorization,MEDIA-002,,NOT_CREATED_DRY_RUN,false,READY_FOR_MAPPING,,
owner-photo-candidates,owner-candidates/v1/babi-guling-pak-malen/e79536135afced73b1027d6adc28cfcf57daba2fc6066f4f41e1c1336642001f.jpg,egkdapqwkfprtyqvvnso,true,e79536135afced73b1027d6adc28cfcf57daba2fc6066f4f41e1c1336642001f,image/jpeg,67541,640,1136,babi-guling-pak-malen,v_babi-guling-pak-malen,babi-guling-pak-malen,venue,,project_owner_global_authorization,MEDIA-002,,NOT_CREATED_DRY_RUN,false,READY_FOR_MAPPING,,
owner-photo-candidates,owner-candidates/v1/bali-barber-sanur-sanur/1671ada66d42e19d3c4adb651d99f82dcabc143db9551429927a43ab18c4a3e2.jpg,egkdapqwkfprtyqvvnso,true,1671ada66d42e19d3c4adb651d99f82dcabc143db9551429927a43ab18c4a3e2,image/jpeg,88783,720,720,bali-barber-sanur-sanur,fb5d31c1-6f9e-42ff-a57e-300c80536833,bali-barber-sanur-sanur,venue,DUP-002,project_owner_global_authorization,MEDIA-002,venues.photo_url:bali-barber-sanur-sanur,NOT_CREATED_DRY_RUN,true,CANONICALIZE_DUPLICATE_PRESERVE_ASSOCIATIONS,duplicate_content_hash,share canonical bytes; preserve logical association
owner-photo-candidates,owner-candidates/v1/bali-barber-sanur-sanur/6c4c074bf128d2fa341dda0247cf9c4e49fcd199acd264f7cbf42e0084b09910.jpg,egkdapqwkfprtyqvvnso,true,6c4c074bf128d2fa341dda0247cf9c4e49fcd199acd264f7cbf42e0084b09910,image/jpeg,313727,1280,720,bali-barber-sanur-sanur,fb5d31c1-6f9e-42ff-a57e-300c80536833,bali-barber-sanur-sanur,venue,DUP-003,project_owner_global_authorization,MEDIA-002,,NOT_CREATED_DRY_RUN,false,CANONICALIZE_DUPLICATE_PRESERVE_ASSOCIATIONS,duplicate_content_hash,share canonical bytes; preserve logical association
owner-photo-candidates,owner-candidates/v1/bali-barber-sanur-sanur/9527d090c857569dfb74506f1147b7494bc17a0d624775061405c8ccc1d583da.jpg,egkdapqwkfprtyqvvnso,true,9527d090c857569dfb74506f1147b7494bc17a0d624775061405c8ccc1d583da,image/jpeg,253854,1280,720,bali-barber-sanur-sanur,fb5d31c1-6f9e-42ff-a57e-300c80536833,bali-barber-sanur-sanur,venue,DUP-004,project_owner_global_authorization,MEDIA-002,,NOT_CREATED_DRY_RUN,false,CANONICALIZE_DUPLICATE_PRESERVE_ASSOCIATIONS,duplicate_content_hash,share canonical bytes; preserve logical association
owner-photo-candidates,owner-candidates/v1/bali-barber-seminyak-seminyak/1671ada66d42e19d3c4adb651d99f82dcabc143db9551429927a43ab18c4a3e2.jpg,egkdapqwkfprtyqvvnso,true,1671ada66d42e19d3c4adb651d99f82dcabc143db9551429927a43ab18c4a3e2,image/jpeg,88783,720,720,bali-barber-seminyak-seminyak,1af6f916-3fd2-4dfb-b46a-fa0a77e8f76d,bali-barber-seminyak-seminyak,venue,DUP-002,project_owner_global_authorization,MEDIA-002,venues.photo_url:bali-barber-seminyak-seminyak,NOT_CREATED_DRY_RUN,true,CANONICALIZE_DUPLICATE_PRESERVE_ASSOCIATIONS,duplicate_content_hash,share canonical bytes; preserve logical association
owner-photo-candidates,owner-candidates/v1/bali-barber-seminyak-seminyak/6c4c074bf128d2fa341dda0247cf9c4e49fcd199acd264f7cbf42e0084b09910.jpg,egkdapqwkfprtyqvvnso,true,6c4c074bf128d2fa341dda0247cf9c4e49fcd199acd264f7cbf42e0084b09910,image/jpeg,313727,1280,720,bali-barber-seminyak-seminyak,1af6f916-3fd2-4dfb-b46a-fa0a77e8f76d,bali-barber-seminyak-seminyak,venue,DUP-003,project_owner_global_authorization,MEDIA-002,,NOT_CREATED_DRY_RUN,false,CANONICALIZE_DUPLICATE_PRESERVE_ASSOCIATIONS,duplicate_content_hash,share canonical bytes; preserve logical association
owner-photo-candidates,owner-candidates/v1/bali-barber-seminyak-seminyak/9527d090c857569dfb74506f1147b7494bc17a0d624775061405c8ccc1d583da.jpg,egkdapqwkfprtyqvvnso,true,9527d090c857569dfb74506f1147b7494bc17a0d624775061405c8ccc1d583da,image/jpeg,253854,1280,720,bali-barber-seminyak-seminyak,1af6f916-3fd2-4dfb-b46a-fa0a77e8f76d,bali-barber-seminyak-seminyak,venue,DUP-004,project_owner_global_authorization,MEDIA-002,,NOT_CREATED_DRY_RUN,false,CANONICALIZE_DUPLICATE_PRESERVE_ASSOCIATIONS,duplicate_content_hash,share canonical bytes; preserve logical association
owner-photo-candidates,owner-candidates/v1/bali-buda-canggu/13767b5d24b14dee689b14529b6e7e0786c0a7fc60c4ac320fd5cf16f42edd77.png,egkdapqwkfprtyqvvnso,true,13767b5d24b14dee689b14529b6e7e0786c0a7fc60c4ac320fd5cf16f42edd77,image/png,2607803,2048,1790,bali-buda-canggu,v_import_bali_buda_canggu,bali-buda-canggu,venue,DUP-005,project_owner_global_authorization,MEDIA-002,venues.photo_url:bali-buda-canggu,NOT_CREATED_DRY_RUN,true,CANONICALIZE_DUPLICATE_PRESERVE_ASSOCIATIONS,duplicate_content_hash,share canonical bytes; preserve logical association
owner-photo-candidates,owner-candidates/v1/bali-buda-canggu/5043a20ca06a15df7a87bd4e532e4110cea308a00790e0f36ad3a9747f17d74f.jpg,egkdapqwkfprtyqvvnso,true,5043a20ca06a15df7a87bd4e532e4110cea308a00790e0f36ad3a9747f17d74f,image/jpeg,495174,2048,2048,bali-buda-canggu,v_import_bali_buda_canggu,bali-buda-canggu,venue,DUP-006,project_owner_global_authorization,MEDIA-002,,NOT_CREATED_DRY_RUN,false,CANONICALIZE_DUPLICATE_PRESERVE_ASSOCIATIONS,duplicate_content_hash,share canonical bytes; preserve logical association
owner-photo-candidates,owner-candidates/v1/bali-buda-canggu/51b9921669fad15a47a68c18ee789260b4e8d56dfc041dd9b73cc62369880916.jpg,egkdapqwkfprtyqvvnso,true,51b9921669fad15a47a68c18ee789260b4e8d56dfc041dd9b73cc62369880916,image/jpeg,813755,2560,1709,bali-buda-canggu,v_import_bali_buda_canggu,bali-buda-canggu,venue,,project_owner_global_authorization,MEDIA-002,,NOT_CREATED_DRY_RUN,false,READY_FOR_MAPPING,,
owner-photo-candidates,owner-candidates/v1/bali-buda-canggu/58dd557b9ae1f6f9f050a34f479d932ef7e0c44ab92ba233200c625caa6b7465.jpg,egkdapqwkfprtyqvvnso,true,58dd557b9ae1f6f9f050a34f479d932ef7e0c44ab92ba233200c625caa6b7465,image/jpeg,393329,2048,2048,bali-buda-canggu,v_import_bali_buda_canggu,bali-buda-canggu,venue,DUP-007,project_owner_global_authorization,MEDIA-002,,NOT_CREATED_DRY_RUN,false,CANONICALIZE_DUPLICATE_PRESERVE_ASSOCIATIONS,duplicate_content_hash,share canonical bytes; preserve logical association
owner-photo-candidates,owner-candidates/v1/bali-buda-canggu/9e7dd5c394e4ba1ebbcab2d2076a44745d9eb742c489a9529cce909274efcd69.jpg,egkdapqwkfprtyqvvnso,true,9e7dd5c394e4ba1ebbcab2d2076a44745d9eb742c489a9529cce909274efcd69,image/jpeg,157115,1500,1000,bali-buda-canggu,v_import_bali_buda_canggu,bali-buda-canggu,venue,,project_owner_global_authorization,MEDIA-002,,NOT_CREATED_DRY_RUN,false,READY_FOR_MAPPING,,
owner-photo-candidates,owner-candidates/v1/bali-buda-canggu/e675cb6cecea1aa02ed04c4b67e6ebe8aa58d470daca52d695c6f6eb99bdaeef.jpg,egkdapqwkfprtyqvvnso,true,e675cb6cecea1aa02ed04c4b67e6ebe8aa58d470daca52d695c6f6eb99bdaeef,image/jpeg,796380,2560,1709,bali-buda-canggu,v_import_bali_buda_canggu,bali-buda-canggu,venue,,project_owner_global_authorization,MEDIA-002,,NOT_CREATED_DRY_RUN,false,READY_FOR_MAPPING,,
owner-photo-candidates,owner-candidates/v1/bali-buda-ubud/13767b5d24b14dee689b14529b6e7e0786c0a7fc60c4ac320fd5cf16f42edd77.png,egkdapqwkfprtyqvvnso,true,13767b5d24b14dee689b14529b6e7e0786c0a7fc60c4ac320fd5cf16f42edd77,image/png,2607803,2048,1790,bali-buda-ubud,v_import_bali_buda_ubud,bali-buda-ubud,venue,DUP-005,project_owner_global_authorization,MEDIA-002,venues.photo_url:bali-buda-ubud,NOT_CREATED_DRY_RUN,true,CANONICALIZE_DUPLICATE_PRESERVE_ASSOCIATIONS,duplicate_content_hash,share canonical bytes; preserve logical association
owner-photo-candidates,owner-candidates/v1/bali-buda-ubud/20913095090ecfd98a635804b0487ff81538382a63fb9db323b4dca22be0b80b.jpg,egkdapqwkfprtyqvvnso,true,20913095090ecfd98a635804b0487ff81538382a63fb9db323b4dca22be0b80b,image/jpeg,600664,2560,1714,bali-buda-ubud,v_import_bali_buda_ubud,bali-buda-ubud,venue,,project_owner_global_authorization,MEDIA-002,,NOT_CREATED_DRY_RUN,false,READY_FOR_MAPPING,,
owner-photo-candidates,owner-candidates/v1/bali-buda-ubud/5043a20ca06a15df7a87bd4e532e4110cea308a00790e0f36ad3a9747f17d74f.jpg,egkdapqwkfprtyqvvnso,true,5043a20ca06a15df7a87bd4e532e4110cea308a00790e0f36ad3a9747f17d74f,image/jpeg,495174,2048,2048,bali-buda-ubud,v_import_bali_buda_ubud,bali-buda-ubud,venue,DUP-006,project_owner_global_authorization,MEDIA-002,,NOT_CREATED_DRY_RUN,false,CANONICALIZE_DUPLICATE_PRESERVE_ASSOCIATIONS,duplicate_content_hash,share canonical bytes; preserve logical association
owner-photo-candidates,owner-candidates/v1/bali-buda-ubud/58dd557b9ae1f6f9f050a34f479d932ef7e0c44ab92ba233200c625caa6b7465.jpg,egkdapqwkfprtyqvvnso,true,58dd557b9ae1f6f9f050a34f479d932ef7e0c44ab92ba233200c625caa6b7465,image/jpeg,393329,2048,2048,bali-buda-ubud,v_import_bali_buda_ubud,bali-buda-ubud,venue,DUP-007,project_owner_global_authorization,MEDIA-002,,NOT_CREATED_DRY_RUN,false,CANONICALIZE_DUPLICATE_PRESERVE_ASSOCIATIONS,duplicate_content_hash,share canonical bytes; preserve logical association
owner-photo-candidates,owner-candidates/v1/bali-buda-ubud/93786d6bfe9b900b10021ec928cb1922bba34c01c42f8e6b5a437f48369fe00a.jpg,egkdapqwkfprtyqvvnso,true,93786d6bfe9b900b10021ec928cb1922bba34c01c42f8e6b5a437f48369fe00a,image/jpeg,274339,1000,1500,bali-buda-ubud,v_import_bali_buda_ubud,bali-buda-ubud,venue,,project_owner_global_authorization,MEDIA-002,,NOT_CREATED_DRY_RUN,false,READY_FOR_MAPPING,,
owner-photo-candidates,owner-candidates/v1/bali-buda-ubud/b6bedd93788a5ea186d695bc5628795e123292b01ba669cbdbe12595cb5621cc.jpg,egkdapqwkfprtyqvvnso,true,b6bedd93788a5ea186d695bc5628795e123292b01ba669cbdbe12595cb5621cc,image/jpeg,130113,1080,1109,bali-buda-ubud,v_import_bali_buda_ubud,bali-buda-ubud,venue,,project_owner_global_authorization,MEDIA-002,,NOT_CREATED_DRY_RUN,false,READY_FOR_MAPPING,,
owner-photo-candidates,owner-candidates/v1/bali-fitness-seminyak-seminyak/551b32cccf456cc6f4022b16115b99692510c30944844c463f19b5b4852ada63.png,egkdapqwkfprtyqvvnso,true,551b32cccf456cc6f4022b16115b99692510c30944844c463f19b5b4852ada63,image/png,76976,1202,1202,bali-fitness-seminyak-seminyak,37993ce2-70c0-4da3-99d5-08d655aad43e,bali-fitness-seminyak-seminyak,venue,,project_owner_global_authorization,MEDIA-002,venues.photo_url:bali-fitness-seminyak-seminyak,NOT_CREATED_DRY_RUN,true,READY_FOR_MAPPING,,
owner-photo-candidates,owner-candidates/v1/bali-fitness-seminyak-seminyak/7f67cbdafe8398eb0e767462912a2dbf0a01197668788651cb1082eadf4e06f8.png,egkdapqwkfprtyqvvnso,true,7f67cbdafe8398eb0e767462912a2dbf0a01197668788651cb1082eadf4e06f8,image/png,817627,1024,683,bali-fitness-seminyak-seminyak,37993ce2-70c0-4da3-99d5-08d655aad43e,bali-fitness-seminyak-seminyak,venue,,project_owner_global_authorization,MEDIA-002,,NOT_CREATED_DRY_RUN,false,READY_FOR_MAPPING,,
owner-photo-candidates,owner-candidates/v1/bali-fitness-seminyak-seminyak/ff10baa829456de8c45c71d2d0e8c6a52792e6ba743cde94e7b6c892bfda1d98.avif,egkdapqwkfprtyqvvnso,true,ff10baa829456de8c45c71d2d0e8c6a52792e6ba743cde94e7b6c892bfda1d98,image/heif,45201,719,624,bali-fitness-seminyak-seminyak,37993ce2-70c0-4da3-99d5-08d655aad43e,bali-fitness-seminyak-seminyak,venue,,project_owner_global_authorization,MEDIA-002,,NOT_CREATED_DRY_RUN,false,READY_FOR_MAPPING,,
owner-photo-candidates,owner-candidates/v1/bali-mma-canggu/02b5a152f7458ed23b527e9e37a614579dc3ce88ab98ae07b5e35bb2a18ac088.webp,egkdapqwkfprtyqvvnso,true,02b5a152f7458ed23b527e9e37a614579dc3ce88ab98ae07b5e35bb2a18ac088,image/webp,411256,2048,1365,bali-mma-canggu,ee5ea747-120a-4bc6-99b5-525659b5d65f,bali-mma-canggu,venue,,project_owner_global_authorization,MEDIA-002,venues.photo_url:bali-mma-canggu,NOT_CREATED_DRY_RUN,true,READY_FOR_MAPPING,,
owner-photo-candidates,owner-candidates/v1/bali-mma-canggu/0cb7f336541ae19d10137194f2d554b2bf945f5834a6952dbdc8acd206eb02f9.webp,egkdapqwkfprtyqvvnso,true,0cb7f336541ae19d10137194f2d554b2bf945f5834a6952dbdc8acd206eb02f9,image/webp,248336,2048,1365,bali-mma-canggu,ee5ea747-120a-4bc6-99b5-525659b5d65f,bali-mma-canggu,venue,,project_owner_global_authorization,MEDIA-002,,NOT_CREATED_DRY_RUN,false,READY_FOR_MAPPING,,
owner-photo-candidates,owner-candidates/v1/bali-mma-canggu/829db3d9b028f9e220918c26df852d7f26623985dd43eb95b9a7d325c96ff491.webp,egkdapqwkfprtyqvvnso,true,829db3d9b028f9e220918c26df852d7f26623985dd43eb95b9a7d325c96ff491,image/webp,380512,2560,1707,bali-mma-canggu,ee5ea747-120a-4bc6-99b5-525659b5d65f,bali-mma-canggu,venue,,project_owner_global_authorization,MEDIA-002,,NOT_CREATED_DRY_RUN,false,READY_FOR_MAPPING,,
owner-photo-candidates,owner-candidates/v1/balique-restaurant/60902415cf34dd4546b52fa5f4c9fb888852b6db2a86e5527a6bf41589efd39b.jpg,egkdapqwkfprtyqvvnso,true,60902415cf34dd4546b52fa5f4c9fb888852b6db2a86e5527a6bf41589efd39b,image/jpeg,234418,1440,960,balique-restaurant,v_import_balique_restaurant,balique-restaurant,venue,,project_owner_global_authorization,MEDIA-002,venues.photo_url:balique-restaurant,NOT_CREATED_DRY_RUN,true,READY_FOR_MAPPING,,
owner-photo-candidates,owner-candidates/v1/balique-restaurant/70b1fe1ac3ce8ae29db44128f5145da586412a397051aeb84ce2a5077781191f.jpg,egkdapqwkfprtyqvvnso,true,70b1fe1ac3ce8ae29db44128f5145da586412a397051aeb84ce2a5077781191f,image/jpeg,136913,1024,684,balique-restaurant,v_import_balique_restaurant,balique-restaurant,venue,,project_owner_global_authorization,MEDIA-002,,NOT_CREATED_DRY_RUN,false,READY_FOR_MAPPING,,
owner-photo-candidates,owner-candidates/v1/balique-restaurant/c66198a76eb4995f672f95a965cfd0ca6d3170109396980b1cefebf6c177b478.jpg,egkdapqwkfprtyqvvnso,true,c66198a76eb4995f672f95a965cfd0ca6d3170109396980b1cefebf6c177b478,image/jpeg,357030,1440,960,balique-restaurant,v_import_balique_restaurant,balique-restaurant,venue,,project_owner_global_authorization,MEDIA-002,,NOT_CREATED_DRY_RUN,false,READY_FOR_MAPPING,,
owner-photo-candidates,owner-candidates/v1/balquisse-heritage-hotel-yoga-jimbaran/8186dd76e584a3e4711f277bcf3cbf8acb22f1b5111eb3c43fe4b559555304bd.webp,egkdapqwkfprtyqvvnso,true,8186dd76e584a3e4711f277bcf3cbf8acb22f1b5111eb3c43fe4b559555304bd,image/webp,57018,913,563,balquisse-heritage-hotel-yoga-jimbaran,3e3e2b1e-fa26-4b35-aa24-a2281ef2404a,balquisse-heritage-hotel-yoga-jimbaran,venue,,project_owner_global_authorization,MEDIA-002,venues.photo_url:balquisse-heritage-hotel-yoga-jimbaran,NOT_CREATED_DRY_RUN,true,READY_FOR_MAPPING,,
owner-photo-candidates,owner-candidates/v1/balquisse-heritage-hotel-yoga-jimbaran/9f5a14482a1f3cfe4c51c548c8d63a4892daff873b9a2e56d1837ed3802b23d2.jpg,egkdapqwkfprtyqvvnso,true,9f5a14482a1f3cfe4c51c548c8d63a4892daff873b9a2e56d1837ed3802b23d2,image/jpeg,125073,1200,630,balquisse-heritage-hotel-yoga-jimbaran,3e3e2b1e-fa26-4b35-aa24-a2281ef2404a,balquisse-heritage-hotel-yoga-jimbaran,venue,DUP-008,project_owner_global_authorization,MEDIA-002,,NOT_CREATED_DRY_RUN,false,CANONICALIZE_DUPLICATE_PRESERVE_ASSOCIATIONS,duplicate_content_hash,share canonical bytes; preserve logical association
owner-photo-candidates,owner-candidates/v1/balquisse-heritage-hotel-yoga-jimbaran/a4705e25e95cdece767951a4e210d9cc4b4467c9484fff993caeb8ec068a7e58.webp,egkdapqwkfprtyqvvnso,true,a4705e25e95cdece767951a4e210d9cc4b4467c9484fff993caeb8ec068a7e58,image/webp,38804,600,900,balquisse-heritage-hotel-yoga-jimbaran,3e3e2b1e-fa26-4b35-aa24-a2281ef2404a,balquisse-heritage-hotel-yoga-jimbaran,venue,,project_owner_global_authorization,MEDIA-002,,NOT_CREATED_DRY_RUN,false,READY_FOR_MAPPING,,
owner-photo-candidates,owner-candidates/v1/balquisse-heritage-hotel-yoga-jimbaran/c7eeed466f543bae5b3031215b5e1a593770d75b6b17a23774c89d99d25d13fa.webp,egkdapqwkfprtyqvvnso,true,c7eeed466f543bae5b3031215b5e1a593770d75b6b17a23774c89d99d25d13fa,image/webp,1546340,3053,4579,balquisse-heritage-hotel-yoga-jimbaran,3e3e2b1e-fa26-4b35-aa24-a2281ef2404a,balquisse-heritage-hotel-yoga-jimbaran,venue,DUP-009,project_owner_global_authorization,MEDIA-002,,NOT_CREATED_DRY_RUN,false,CANONICALIZE_DUPLICATE_PRESERVE_ASSOCIATIONS,duplicate_content_hash,share canonical bytes; preserve logical association
owner-photo-candidates,owner-candidates/v1/balquisse-heritage-hotel-yoga-jimbaran/db5c76a3213dc921cbb869576aaf13fadb44f005aa6e787166616224e598e2e8.webp,egkdapqwkfprtyqvvnso,true,db5c76a3213dc921cbb869576aaf13fadb44f005aa6e787166616224e598e2e8,image/webp,625030,5842,3895,balquisse-heritage-hotel-yoga-jimbaran,3e3e2b1e-fa26-4b35-aa24-a2281ef2404a,balquisse-heritage-hotel-yoga-jimbaran,venue,DUP-010,project_owner_global_authorization,MEDIA-002,,NOT_CREATED_DRY_RUN,false,CANONICALIZE_DUPLICATE_PRESERVE_ASSOCIATIONS,duplicate_content_hash,share canonical bytes; preserve logical association
owner-photo-candidates,owner-candidates/v1/balquisse-spa-jimbaran/9f5a14482a1f3cfe4c51c548c8d63a4892daff873b9a2e56d1837ed3802b23d2.jpg,egkdapqwkfprtyqvvnso,true,9f5a14482a1f3cfe4c51c548c8d63a4892daff873b9a2e56d1837ed3802b23d2,image/jpeg,125073,1200,630,balquisse-spa-jimbaran,4a5e1334-6150-4c7a-95a5-4d8cb17ee755,balquisse-spa-jimbaran,venue,DUP-008,project_owner_global_authorization,MEDIA-002,venues.photo_url:balquisse-spa-jimbaran,NOT_CREATED_DRY_RUN,true,CANONICALIZE_DUPLICATE_PRESERVE_ASSOCIATIONS,duplicate_content_hash,share canonical bytes; preserve logical association
owner-photo-candidates,owner-candidates/v1/balquisse-spa-jimbaran/c7eeed466f543bae5b3031215b5e1a593770d75b6b17a23774c89d99d25d13fa.webp,egkdapqwkfprtyqvvnso,true,c7eeed466f543bae5b3031215b5e1a593770d75b6b17a23774c89d99d25d13fa,image/webp,1546340,3053,4579,balquisse-spa-jimbaran,4a5e1334-6150-4c7a-95a5-4d8cb17ee755,balquisse-spa-jimbaran,venue,DUP-009,project_owner_global_authorization,MEDIA-002,,NOT_CREATED_DRY_RUN,false,CANONICALIZE_DUPLICATE_PRESERVE_ASSOCIATIONS,duplicate_content_hash,share canonical bytes; preserve logical association
owner-photo-candidates,owner-candidates/v1/balquisse-spa-jimbaran/db5c76a3213dc921cbb869576aaf13fadb44f005aa6e787166616224e598e2e8.webp,egkdapqwkfprtyqvvnso,true,db5c76a3213dc921cbb869576aaf13fadb44f005aa6e787166616224e598e2e8,image/webp,625030,5842,3895,balquisse-spa-jimbaran,4a5e1334-6150-4c7a-95a5-4d8cb17ee755,balquisse-spa-jimbaran,venue,DUP-010,project_owner_global_authorization,MEDIA-002,,NOT_CREATED_DRY_RUN,false,CANONICALIZE_DUPLICATE_PRESERVE_ASSOCIATIONS,duplicate_content_hash,share canonical bytes; preserve logical association
owner-photo-candidates,owner-candidates/v1/balquisse-spa-jimbaran/efd081411769148df2587f4f0006c8d006ea9b270bec1c833b57e3d2820d04e9.webp,egkdapqwkfprtyqvvnso,true,efd081411769148df2587f4f0006c8d006ea9b270bec1c833b57e3d2820d04e9,image/webp,38216,1200,506,balquisse-spa-jimbaran,4a5e1334-6150-4c7a-95a5-4d8cb17ee755,balquisse-spa-jimbaran,venue,,project_owner_global_authorization,MEDIA-002,,NOT_CREATED_DRY_RUN,false,READY_FOR_MAPPING,,
owner-photo-candidates,owner-candidates/v1/bambou-cafe-and-lagree-cemagi/03fb68f3342b207917dfb502c5a04c8bd7fb10140fa576dedab8880af8911aad.jpg,egkdapqwkfprtyqvvnso,true,03fb68f3342b207917dfb502c5a04c8bd7fb10140fa576dedab8880af8911aad,image/jpeg,109232,720,1280,bambou-cafe-and-lagree-cemagi,v_import_bambou_cafe_and_lagree_cemagi,bambou-cafe-and-lagree-cemagi,venue,,project_owner_global_authorization,MEDIA-002,venues.photo_url:bambou-cafe-and-lagree-cemagi,NOT_CREATED_DRY_RUN,true,READY_FOR_MAPPING,,
owner-photo-candidates,owner-candidates/v1/bambou-cafe-and-lagree-cemagi/33e113e4aeb59d98f89059897ed20b153914c907a23ed6283f10d43e3491819e.jpg,egkdapqwkfprtyqvvnso,true,33e113e4aeb59d98f89059897ed20b153914c907a23ed6283f10d43e3491819e,image/jpeg,308464,1440,1920,bambou-cafe-and-lagree-cemagi,v_import_bambou_cafe_and_lagree_cemagi,bambou-cafe-and-lagree-cemagi,venue,,project_owner_global_authorization,MEDIA-002,,NOT_CREATED_DRY_RUN,false,READY_FOR_MAPPING,,
owner-photo-candidates,owner-candidates/v1/bambou-cafe-and-lagree-cemagi/92ef7f786dacc76ca75525476eb78ab220cdab0df460019909287afe2e8c24ea.jpg,egkdapqwkfprtyqvvnso,true,92ef7f786dacc76ca75525476eb78ab220cdab0df460019909287afe2e8c24ea,image/jpeg,321735,1440,1920,bambou-cafe-and-lagree-cemagi,v_import_bambou_cafe_and_lagree_cemagi,bambou-cafe-and-lagree-cemagi,venue,,project_owner_global_authorization,MEDIA-002,,NOT_CREATED_DRY_RUN,false,READY_FOR_MAPPING,,
owner-photo-candidates,owner-candidates/v1/bambu-fitness-bali/0519b41f65de3cae95897bfb1594f68fa2fd3453b91cf5e0a88d0f491f199e70.jpg,egkdapqwkfprtyqvvnso,true,0519b41f65de3cae95897bfb1594f68fa2fd3453b91cf5e0a88d0f491f199e70,image/jpeg,206200,1080,1440,bambu-fitness-bali,wbimp_bambu-fitness-bali,bambu-fitness-bali,venue,,project_owner_global_authorization,MEDIA-002,venues.photo_url:bambu-fitness-bali,NOT_CREATED_DRY_RUN,true,READY_FOR_MAPPING,,
owner-photo-candidates,owner-candidates/v1/bambu-fitness-bali/179181e0d8a98d1c53c9e418a50aac10901680f496fca7f59bae01623cc218b1.png,egkdapqwkfprtyqvvnso,true,179181e0d8a98d1c53c9e418a50aac10901680f496fca7f59bae01623cc218b1,image/png,373754,900,900,bambu-fitness-bali,wbimp_bambu-fitness-bali,bambu-fitness-bali,venue,,project_owner_global_authorization,MEDIA-002,,NOT_CREATED_DRY_RUN,false,READY_FOR_MAPPING,,
owner-photo-candidates,owner-candidates/v1/bambu-fitness-bali/21d13d3bc1edfb491f30d718af80c7d3dcd5db57a1d228a3281a6a0c6521cc3d.jpg,egkdapqwkfprtyqvvnso,true,21d13d3bc1edfb491f30d718af80c7d3dcd5db57a1d228a3281a6a0c6521cc3d,image/jpeg,111814,1080,1920,bambu-fitness-bali,wbimp_bambu-fitness-bali,bambu-fitness-bali,venue,,project_owner_global_authorization,MEDIA-002,,NOT_CREATED_DRY_RUN,false,READY_FOR_MAPPING,,
owner-photo-candidates,owner-candidates/v1/bambu-fitness-bali/97ef339669b2ce7b49d588ffac3ac5145cc2a657f1ed8ce8c7e73d5319f2eceb.jpg,egkdapqwkfprtyqvvnso,true,97ef339669b2ce7b49d588ffac3ac5145cc2a657f1ed8ce8c7e73d5319f2eceb,image/jpeg,80332,720,1280,bambu-fitness-bali,wbimp_bambu-fitness-bali,bambu-fitness-bali,venue,,project_owner_global_authorization,MEDIA-002,,NOT_CREATED_DRY_RUN,false,READY_FOR_MAPPING,,
owner-photo-candidates,owner-candidates/v1/bambu-fitness-bali/daeb6ef5407b38122ee5979d238e28f335ff74eeb193c1542f24ff1757c5e682.jpg,egkdapqwkfprtyqvvnso,true,daeb6ef5407b38122ee5979d238e28f335ff74eeb193c1542f24ff1757c5e682,image/jpeg,225354,1290,1290,bambu-fitness-bali,wbimp_bambu-fitness-bali,bambu-fitness-bali,venue,,project_owner_global_authorization,MEDIA-002,,NOT_CREATED_DRY_RUN,false,READY_FOR_MAPPING,,
owner-photo-candidates,owner-candidates/v1/bambu-fitness-bali/ecf48eba7ff91baff9287d3e9875072335a061fdf60ed587b473d2074c351bfc.jpg,egkdapqwkfprtyqvvnso,true,ecf48eba7ff91baff9287d3e9875072335a061fdf60ed587b473d2074c351bfc,image/jpeg,111485,1080,1350,bambu-fitness-bali,wbimp_bambu-fitness-bali,bambu-fitness-bali,venue,,project_owner_global_authorization,MEDIA-002,,NOT_CREATED_DRY_RUN,false,READY_FOR_MAPPING,,
owner-photo-candidates,owner-candidates/v1/bambu/30f6b5bc35a82f73d9c73a6094bbd38ed975810365cdceed449c9e4a3c146519.jpg,egkdapqwkfprtyqvvnso,true,30f6b5bc35a82f73d9c73a6094bbd38ed975810365cdceed449c9e4a3c146519,image/jpeg,282110,1920,1245,bambu,v_import_bambu,bambu,venue,,project_owner_global_authorization,MEDIA-002,venues.photo_url:bambu,NOT_CREATED_DRY_RUN,true,READY_FOR_MAPPING,,
owner-photo-candidates,owner-candidates/v1/bambu/47600581174520bc81e067e4ed3d62139db64608365e17eb82fa8b361dfd7648.jpg,egkdapqwkfprtyqvvnso,true,47600581174520bc81e067e4ed3d62139db64608365e17eb82fa8b361dfd7648,image/jpeg,215154,1080,1080,bambu,v_import_bambu,bambu,venue,,project_owner_global_authorization,MEDIA-002,,NOT_CREATED_DRY_RUN,false,READY_FOR_MAPPING,,
owner-photo-candidates,owner-candidates/v1/bambu/638e00341ee664afbe702bd92308e25b167d7d650d1697bf353f27681de112f0.jpg,egkdapqwkfprtyqvvnso,true,638e00341ee664afbe702bd92308e25b167d7d650d1697bf353f27681de112f0,image/jpeg,383372,1200,1600,bambu,v_import_bambu,bambu,venue,,project_owner_global_authorization,MEDIA-002,,NOT_CREATED_DRY_RUN,false,READY_FOR_MAPPING,,
owner-photo-candidates,owner-candidates/v1/bawang-merah-beachfront/45d84e641047a9e3e67429687a48bc900d5db48b08a66f5678122b2549b928ed.webp,egkdapqwkfprtyqvvnso,true,45d84e641047a9e3e67429687a48bc900d5db48b08a66f5678122b2549b928ed,image/webp,271022,1294,2263,bawang-merah-beachfront,v_import_bawang_merah_beachfront,bawang-merah-beachfront,venue,,project_owner_global_authorization,MEDIA-002,venues.photo_url:bawang-merah-beachfront,NOT_CREATED_DRY_RUN,true,READY_FOR_MAPPING,,
owner-photo-candidates,owner-candidates/v1/bawang-merah-beachfront/9024b00592feefe758b1f55a103f5c88d41970f101ea589874496e5e92b7788f.webp,egkdapqwkfprtyqvvnso,true,9024b00592feefe758b1f55a103f5c88d41970f101ea589874496e5e92b7788f,image/webp,116718,1201,674,bawang-merah-beachfront,v_import_bawang_merah_beachfront,bawang-merah-beachfront,venue,,project_owner_global_authorization,MEDIA-002,,NOT_CREATED_DRY_RUN,false,READY_FOR_MAPPING,,
owner-photo-candidates,owner-candidates/v1/bawang-merah-beachfront/d6c5ba9665d5e22bc1f70b8555faeb37b9afaafbe85050073e5a61a71f757998.webp,egkdapqwkfprtyqvvnso,true,d6c5ba9665d5e22bc1f70b8555faeb37b9afaafbe85050073e5a61a71f757998,image/webp,46024,1239,717,bawang-merah-beachfront,v_import_bawang_merah_beachfront,bawang-merah-beachfront,venue,,project_owner_global_authorization,MEDIA-002,,NOT_CREATED_DRY_RUN,false,READY_FOR_MAPPING,,
owner-photo-candidates,owner-candidates/v1/bejana-ritz-carlton/c0d8b525a28813b4832e97f816b859abe11d6b8fea7631e9f5ce462bc37f499a.jpg,egkdapqwkfprtyqvvnso,true,c0d8b525a28813b4832e97f816b859abe11d6b8fea7631e9f5ce462bc37f499a,image/jpeg,178790,1200,630,bejana-ritz-carlton,v_import_bejana_ritz_carlton,bejana-ritz-carlton,venue,,project_owner_global_authorization,MEDIA-002,venues.photo_url:bejana-ritz-carlton,NOT_CREATED_DRY_RUN,true,READY_FOR_MAPPING,,
owner-photo-candidates,owner-candidates/v1/bejana-ritz-carlton/da57543bf4cd14faca0185a592202095e290f2e7654e3250a9ff257294db8d0c.avif,egkdapqwkfprtyqvvnso,true,da57543bf4cd14faca0185a592202095e290f2e7654e3250a9ff257294db8d0c,image/heif,58621,1800,541,bejana-ritz-carlton,v_import_bejana_ritz_carlton,bejana-ritz-carlton,venue,,project_owner_global_authorization,MEDIA-002,,NOT_CREATED_DRY_RUN,false,READY_FOR_MAPPING,,
owner-photo-candidates,owner-candidates/v1/bejana-ritz-carlton/e6e76e6a1b4fb73f2d6fc38682343e417a3e5d54b18ac773d691b2e4f90920f7.avif,egkdapqwkfprtyqvvnso,true,e6e76e6a1b4fb73f2d6fc38682343e417a3e5d54b18ac773d691b2e4f90920f7,image/heif,123299,1200,630,bejana-ritz-carlton,v_import_bejana_ritz_carlton,bejana-ritz-carlton,venue,,project_owner_global_authorization,MEDIA-002,,NOT_CREATED_DRY_RUN,false,READY_FOR_MAPPING,,
owner-photo-candidates,owner-candidates/v1/bella-cucina/4aed5690131370b67204d4a7336a5058e00df7a0c26f34594e0be58a4fe9cb68.avif,egkdapqwkfprtyqvvnso,true,4aed5690131370b67204d4a7336a5058e00df7a0c26f34594e0be58a4fe9cb68,image/heif,83459,1100,550,bella-cucina,v_import_bella_cucina,bella-cucina,venue,,project_owner_global_authorization,MEDIA-002,venues.photo_url:bella-cucina,NOT_CREATED_DRY_RUN,true,READY_FOR_MAPPING,,
owner-photo-candidates,owner-candidates/v1/bella-cucina/4f2f146c42b8d2eb6c1c83a698be049db8e53d87a13a066c05fa64f85c54a29b.jpg,egkdapqwkfprtyqvvnso,true,4f2f146c42b8d2eb6c1c83a698be049db8e53d87a13a066c05fa64f85c54a29b,image/jpeg,634432,3840,1920,bella-cucina,v_import_bella_cucina,bella-cucina,venue,,project_owner_global_authorization,MEDIA-002,,NOT_CREATED_DRY_RUN,false,READY_FOR_MAPPING,,
owner-photo-candidates,owner-candidates/v1/bella-cucina/5e20616da1accdd87618e486f25d4b637bfa9026c3ab7e53b180eb2fca6c45f6.webp,egkdapqwkfprtyqvvnso,true,5e20616da1accdd87618e486f25d4b637bfa9026c3ab7e53b180eb2fca6c45f6,image/webp,792282,4000,2000,bella-cucina,v_import_bella_cucina,bella-cucina,venue,DUP-011,project_owner_global_authorization,MEDIA-002,,NOT_CREATED_DRY_RUN,false,CANONICALIZE_DUPLICATE_PRESERVE_ASSOCIATIONS,duplicate_content_hash,share canonical bytes; preserve logical association
owner-photo-candidates,owner-candidates/v1/bella-cucina/6210a736abca74afbe81b6dc263e2481575ae04da32776add798e1aca17e657d.avif,egkdapqwkfprtyqvvnso,true,6210a736abca74afbe81b6dc263e2481575ae04da32776add798e1aca17e657d,image/heif,75797,1100,550,bella-cucina,v_import_bella_cucina,bella-cucina,venue,DUP-012,project_owner_global_authorization,MEDIA-002,,NOT_CREATED_DRY_RUN,false,CANONICALIZE_DUPLICATE_PRESERVE_ASSOCIATIONS,duplicate_content_hash,share canonical bytes; preserve logical association
owner-photo-candidates,owner-candidates/v1/bella-cucina/928cb8b47f3a16d4d928695295eb265520b67066705b9203f6bf96f43993ecda.avif,egkdapqwkfprtyqvvnso,true,928cb8b47f3a16d4d928695295eb265520b67066705b9203f6bf96f43993ecda,image/heif,52623,733,550,bella-cucina,v_import_bella_cucina,bella-cucina,venue,DUP-013,project_owner_global_authorization,MEDIA-002,,NOT_CREATED_DRY_RUN,false,CANONICALIZE_DUPLICATE_PRESERVE_ASSOCIATIONS,duplicate_content_hash,share canonical bytes; preserve logical association
owner-photo-candidates,owner-candidates/v1/bella-italia-sanur/18b0ab28792ff4ad187ed827cf6ad347b5ce4c65f2d9d03dd24bf081cd9ac2d0.jpg,egkdapqwkfprtyqvvnso,true,18b0ab28792ff4ad187ed827cf6ad347b5ce4c65f2d9d03dd24bf081cd9ac2d0,image/jpeg,170742,720,1280,bella-italia-sanur,v_import_bella_italia_sanur,bella-italia-sanur,venue,,project_owner_global_authorization,MEDIA-002,venues.photo_url:bella-italia-sanur,NOT_CREATED_DRY_RUN,true,READY_FOR_MAPPING,,
owner-photo-candidates,owner-candidates/v1/biku/192be32346906708738a7c5a5eec5ac1af77afc051ececd0ebe52db26e417883.jpg,egkdapqwkfprtyqvvnso,true,192be32346906708738a7c5a5eec5ac1af77afc051ececd0ebe52db26e417883,image/jpeg,122494,640,1136,biku,v_import_biku,biku,venue,,project_owner_global_authorization,MEDIA-002,venues.photo_url:biku,NOT_CREATED_DRY_RUN,true,READY_FOR_MAPPING,,
owner-photo-candidates,owner-candidates/v1/biku/345ce1734208ae68189aab5952c0061646e448316e84887624d3a110aa773de8.jpg,egkdapqwkfprtyqvvnso,true,345ce1734208ae68189aab5952c0061646e448316e84887624d3a110aa773de8,image/jpeg,105540,640,1136,biku,v_import_biku,biku,venue,,project_owner_global_authorization,MEDIA-002,,NOT_CREATED_DRY_RUN,false,READY_FOR_MAPPING,,
owner-photo-candidates,owner-candidates/v1/biku/e50ea24656715c664a41e7735694fd1c527e62ef139701fc3372146cde9925de.jpg,egkdapqwkfprtyqvvnso,true,e50ea24656715c664a41e7735694fd1c527e62ef139701fc3372146cde9925de,image/jpeg,174484,720,1280,biku,v_import_biku,biku,venue,,project_owner_global_authorization,MEDIA-002,,NOT_CREATED_DRY_RUN,false,READY_FOR_MAPPING,,
owner-photo-candidates,owner-candidates/v1/bk-wellness-studio-umalas-by-blue-karma-secrets/ad04e461a6b33ffd9a63405b6626090bc01d43d053a5dc0772a2d1e8d9cd2559.webp,egkdapqwkfprtyqvvnso,true,ad04e461a6b33ffd9a63405b6626090bc01d43d053a5dc0772a2d1e8d9cd2559,image/webp,214972,1536,1024,bk-wellness-studio-umalas-by-blue-karma-secrets,v_import_bk_wellness_studio_umalas_by_blue_karma_secrets,bk-wellness-studio-umalas-by-blue-karma-secrets,venue,,project_owner_global_authorization,MEDIA-002,venues.photo_url:bk-wellness-studio-umalas-by-blue-karma-secrets,NOT_CREATED_DRY_RUN,true,READY_FOR_MAPPING,,
owner-photo-candidates,owner-candidates/v1/bk-wellness-studio-umalas-by-blue-karma-secrets/d81f5a00a4fd780e7465235993e139e313b78488a7b2f0bda3a6802c35cebd5c.webp,egkdapqwkfprtyqvvnso,true,d81f5a00a4fd780e7465235993e139e313b78488a7b2f0bda3a6802c35cebd5c,image/webp,184066,1536,1024,bk-wellness-studio-umalas-by-blue-karma-secrets,v_import_bk_wellness_studio_umalas_by_blue_karma_secrets,bk-wellness-studio-umalas-by-blue-karma-secrets,venue,,project_owner_global_authorization,MEDIA-002,,NOT_CREATED_DRY_RUN,false,READY_FOR_MAPPING,,
owner-photo-candidates,owner-candidates/v1/body-factory-bali-canggu/123f08d0961a9c69bd546502ec1100a1ac82b81632bf30906b875bceddb3870e.jpg,egkdapqwkfprtyqvvnso,true,123f08d0961a9c69bd546502ec1100a1ac82b81632bf30906b875bceddb3870e,image/jpeg,49351,640,639,body-factory-bali-canggu,83d98157-3916-411b-aa07-2443d4d6f873,body-factory-bali-canggu,venue,,project_owner_global_authorization,MEDIA-002,venues.photo_url:body-factory-bali-canggu,NOT_CREATED_DRY_RUN,true,READY_FOR_MAPPING,,
owner-photo-candidates,owner-candidates/v1/body-factory-bali-canggu/1c7bd28a26e113d16b3eb7e7372bea86f667489e66df15ebefe51ef2712e6e87.jpg,egkdapqwkfprtyqvvnso,true,1c7bd28a26e113d16b3eb7e7372bea86f667489e66df15ebefe51ef2712e6e87,image/jpeg,39980,640,640,body-factory-bali-canggu,83d98157-3916-411b-aa07-2443d4d6f873,body-factory-bali-canggu,venue,,project_owner_global_authorization,MEDIA-002,,NOT_CREATED_DRY_RUN,false,READY_FOR_MAPPING,,
owner-photo-candidates,owner-candidates/v1/body-factory-bali-canggu/1e0a0fb7cb68c6222309294735da3d2d664cb8a691a7e0648be095c5bfff2851.jpg,egkdapqwkfprtyqvvnso,true,1e0a0fb7cb68c6222309294735da3d2d664cb8a691a7e0648be095c5bfff2851,image/jpeg,374428,2000,1333,body-factory-bali-canggu,83d98157-3916-411b-aa07-2443d4d6f873,body-factory-bali-canggu,venue,DUP-014,project_owner_global_authorization,MEDIA-002,,NOT_CREATED_DRY_RUN,false,CANONICALIZE_DUPLICATE_PRESERVE_ASSOCIATIONS,duplicate_content_hash,share canonical bytes; preserve logical association
owner-photo-candidates,owner-candidates/v1/body-factory-bali-canggu/c3d25cbb9fcddf48cf10081845f731c471339019ce673d30e1456252bb6a5b62.webp,egkdapqwkfprtyqvvnso,true,c3d25cbb9fcddf48cf10081845f731c471339019ce673d30e1456252bb6a5b62,image/webp,199180,1920,2880,body-factory-bali-canggu,83d98157-3916-411b-aa07-2443d4d6f873,body-factory-bali-canggu,venue,DUP-015,project_owner_global_authorization,MEDIA-002,,NOT_CREATED_DRY_RUN,false,CANONICALIZE_DUPLICATE_PRESERVE_ASSOCIATIONS,duplicate_content_hash,share canonical bytes; preserve logical association
owner-photo-candidates,owner-candidates/v1/body-factory-bali-canggu/d730b4c5b15e8cd81eb654320d6216560a88513de497b6ee95f919041a5285c9.jpg,egkdapqwkfprtyqvvnso,true,d730b4c5b15e8cd81eb654320d6216560a88513de497b6ee95f919041a5285c9,image/jpeg,510952,1080,1920,body-factory-bali-canggu,83d98157-3916-411b-aa07-2443d4d6f873,body-factory-bali-canggu,venue,,project_owner_global_authorization,MEDIA-002,,NOT_CREATED_DRY_RUN,false,READY_FOR_MAPPING,,
owner-photo-candidates,owner-candidates/v1/body-factory-bali-recovery-canggu/1e0a0fb7cb68c6222309294735da3d2d664cb8a691a7e0648be095c5bfff2851.jpg,egkdapqwkfprtyqvvnso,true,1e0a0fb7cb68c6222309294735da3d2d664cb8a691a7e0648be095c5bfff2851,image/jpeg,374428,2000,1333,body-factory-bali-recovery-canggu,88002cc4-c0cd-4e00-93a0-faa02c8e803d,body-factory-bali-recovery-canggu,venue,DUP-014,project_owner_global_authorization,MEDIA-002,venues.photo_url:body-factory-bali-recovery-canggu,NOT_CREATED_DRY_RUN,true,CANONICALIZE_DUPLICATE_PRESERVE_ASSOCIATIONS,duplicate_content_hash,share canonical bytes; preserve logical association
owner-photo-candidates,owner-candidates/v1/body-factory-bali-recovery-canggu/7da2af416eaf4feb8787a4fde77bca03a7b3f8d0fa4bd2cfe1c08907f71e1f19.jpg,egkdapqwkfprtyqvvnso,true,7da2af416eaf4feb8787a4fde77bca03a7b3f8d0fa4bd2cfe1c08907f71e1f19,image/jpeg,50279,640,640,body-factory-bali-recovery-canggu,88002cc4-c0cd-4e00-93a0-faa02c8e803d,body-factory-bali-recovery-canggu,venue,,project_owner_global_authorization,MEDIA-002,,NOT_CREATED_DRY_RUN,false,READY_FOR_MAPPING,,
owner-photo-candidates,owner-candidates/v1/body-factory-bali-recovery-canggu/9ae0bd4cb732654d391396108db279885b8c0a9e21c1a4d94e33bfc3e3801692.jpg,egkdapqwkfprtyqvvnso,true,9ae0bd4cb732654d391396108db279885b8c0a9e21c1a4d94e33bfc3e3801692,image/jpeg,399730,1080,1350,body-factory-bali-recovery-canggu,88002cc4-c0cd-4e00-93a0-faa02c8e803d,body-factory-bali-recovery-canggu,venue,,project_owner_global_authorization,MEDIA-002,,NOT_CREATED_DRY_RUN,false,READY_FOR_MAPPING,,
owner-photo-candidates,owner-candidates/v1/body-factory-bali-recovery-canggu/c3d25cbb9fcddf48cf10081845f731c471339019ce673d30e1456252bb6a5b62.webp,egkdapqwkfprtyqvvnso,true,c3d25cbb9fcddf48cf10081845f731c471339019ce673d30e1456252bb6a5b62,image/webp,199180,1920,2880,body-factory-bali-recovery-canggu,88002cc4-c0cd-4e00-93a0-faa02c8e803d,body-factory-bali-recovery-canggu,venue,DUP-015,project_owner_global_authorization,MEDIA-002,,NOT_CREATED_DRY_RUN,false,CANONICALIZE_DUPLICATE_PRESERVE_ASSOCIATIONS,duplicate_content_hash,share canonical bytes; preserve logical association
owner-photo-candidates,owner-candidates/v1/body-factory-bali-recovery-canggu/e1a300818f0bb365038aac8f67ca2673661998be193d636a82298aa350c3e9d5.jpg,egkdapqwkfprtyqvvnso,true,e1a300818f0bb365038aac8f67ca2673661998be193d636a82298aa350c3e9d5,image/jpeg,65797,640,640,body-factory-bali-recovery-canggu,88002cc4-c0cd-4e00-93a0-faa02c8e803d,body-factory-bali-recovery-canggu,venue,,project_owner_global_authorization,MEDIA-002,,NOT_CREATED_DRY_RUN,false,READY_FOR_MAPPING,,
owner-photo-candidates,owner-candidates/v1/bodyworks-beauty-seminyak-seminyak/0a8dda605fbcad3e9bb9bde123b36665269370df1d90594c107f0351e6008f29.webp,egkdapqwkfprtyqvvnso,true,0a8dda605fbcad3e9bb9bde123b36665269370df1d90594c107f0351e6008f29,image/webp,290630,2500,1666,bodyworks-beauty-seminyak-seminyak,4519dfea-8ac7-4c22-b2ef-8faaa198731e,bodyworks-beauty-seminyak-seminyak,venue,,project_owner_global_authorization,MEDIA-002,venues.photo_url:bodyworks-beauty-seminyak-seminyak,NOT_CREATED_DRY_RUN,true,READY_FOR_MAPPING,,
owner-photo-candidates,owner-candidates/v1/bodyworks-beauty-seminyak-seminyak/36d362172b32fc2e91e8a2a4d4871abfc03729ed2baed36b78fdb1b0674e80df.webp,egkdapqwkfprtyqvvnso,true,36d362172b32fc2e91e8a2a4d4871abfc03729ed2baed36b78fdb1b0674e80df,image/webp,105900,1707,1067,bodyworks-beauty-seminyak-seminyak,4519dfea-8ac7-4c22-b2ef-8faaa198731e,bodyworks-beauty-seminyak-seminyak,venue,,project_owner_global_authorization,MEDIA-002,,NOT_CREATED_DRY_RUN,false,READY_FOR_MAPPING,,
owner-photo-candidates,owner-candidates/v1/bodyworks-beauty-seminyak-seminyak/46202de96a16fcddda56a725db4f0130d858e79e3cb9a59e39f58c4d5561ba11.webp,egkdapqwkfprtyqvvnso,true,46202de96a16fcddda56a725db4f0130d858e79e3cb9a59e39f58c4d5561ba11,image/webp,325548,1707,1067,bodyworks-beauty-seminyak-seminyak,4519dfea-8ac7-4c22-b2ef-8faaa198731e,bodyworks-beauty-seminyak-seminyak,venue,DUP-016,project_owner_global_authorization,MEDIA-002,,NOT_CREATED_DRY_RUN,false,CANONICALIZE_DUPLICATE_PRESERVE_ASSOCIATIONS,duplicate_content_hash,share canonical bytes; preserve logical association
owner-photo-candidates,owner-candidates/v1/bodyworks-beauty-seminyak-seminyak/94c3b7f9d80279d40afc78ef73ff66eb3f88f167dcba175103b1d7c68942508d.webp,egkdapqwkfprtyqvvnso,true,94c3b7f9d80279d40afc78ef73ff66eb3f88f167dcba175103b1d7c68942508d,image/webp,466228,1888,2647,bodyworks-beauty-seminyak-seminyak,4519dfea-8ac7-4c22-b2ef-8faaa198731e,bodyworks-beauty-seminyak-seminyak,venue,DUP-017,project_owner_global_authorization,MEDIA-002,,NOT_CREATED_DRY_RUN,false,CANONICALIZE_DUPLICATE_PRESERVE_ASSOCIATIONS,duplicate_content_hash,share canonical bytes; preserve logical association
owner-photo-candidates,owner-candidates/v1/bodyworks-beauty-seminyak-seminyak/c33986be71983db72cf05a5ca08e1f9a2ea43028eb7d98615121d74a0c73bd29.webp,egkdapqwkfprtyqvvnso,true,c33986be71983db72cf05a5ca08e1f9a2ea43028eb7d98615121d74a0c73bd29,image/webp,341772,2500,1667,bodyworks-beauty-seminyak-seminyak,4519dfea-8ac7-4c22-b2ef-8faaa198731e,bodyworks-beauty-seminyak-seminyak,venue,,project_owner_global_authorization,MEDIA-002,,NOT_CREATED_DRY_RUN,false,READY_FOR_MAPPING,,
owner-photo-candidates,owner-candidates/v1/bodyworks-beauty-seminyak-seminyak/d31131c7116762af1dd167e9471b905133c3784dbc378bf4a8db832f5c363a9d.webp,egkdapqwkfprtyqvvnso,true,d31131c7116762af1dd167e9471b905133c3784dbc378bf4a8db832f5c363a9d,image/webp,114032,1500,1336,bodyworks-beauty-seminyak-seminyak,4519dfea-8ac7-4c22-b2ef-8faaa198731e,bodyworks-beauty-seminyak-seminyak,venue,DUP-018,project_owner_global_authorization,MEDIA-002,,NOT_CREATED_DRY_RUN,false,CANONICALIZE_DUPLICATE_PRESERVE_ASSOCIATIONS,duplicate_content_hash,share canonical bytes; preserve logical association
owner-photo-candidates,owner-candidates/v1/bodyworks-spa-seminyak/102c6286caf19f0cf4970f70e97749fac8612b6ee044e13fc8a06bec9cc6428e.webp,egkdapqwkfprtyqvvnso,true,102c6286caf19f0cf4970f70e97749fac8612b6ee044e13fc8a06bec9cc6428e,image/webp,166166,1707,1067,bodyworks-spa-seminyak,ba96857e-9e60-48dc-8acc-622a38bf9172,bodyworks-spa-seminyak,venue,,project_owner_global_authorization,MEDIA-002,venues.photo_url:bodyworks-spa-seminyak,NOT_CREATED_DRY_RUN,true,READY_FOR_MAPPING,,
owner-photo-candidates,owner-candidates/v1/bodyworks-spa-seminyak/112394ad4534f855e9e9a95db54dfbec376e268260f94de183c030c7ede45537.webp,egkdapqwkfprtyqvvnso,true,112394ad4534f855e9e9a95db54dfbec376e268260f94de183c030c7ede45537,image/webp,157224,1707,1067,bodyworks-spa-seminyak,ba96857e-9e60-48dc-8acc-622a38bf9172,bodyworks-spa-seminyak,venue,,project_owner_global_authorization,MEDIA-002,,NOT_CREATED_DRY_RUN,false,READY_FOR_MAPPING,,
owner-photo-candidates,owner-candidates/v1/bodyworks-spa-seminyak/46202de96a16fcddda56a725db4f0130d858e79e3cb9a59e39f58c4d5561ba11.webp,egkdapqwkfprtyqvvnso,true,46202de96a16fcddda56a725db4f0130d858e79e3cb9a59e39f58c4d5561ba11,image/webp,325548,1707,1067,bodyworks-spa-seminyak,ba96857e-9e60-48dc-8acc-622a38bf9172,bodyworks-spa-seminyak,venue,DUP-016,project_owner_global_authorization,MEDIA-002,,NOT_CREATED_DRY_RUN,false,CANONICALIZE_DUPLICATE_PRESERVE_ASSOCIATIONS,duplicate_content_hash,share canonical bytes; preserve logical association
owner-photo-candidates,owner-candidates/v1/bodyworks-spa-seminyak/94c3b7f9d80279d40afc78ef73ff66eb3f88f167dcba175103b1d7c68942508d.webp,egkdapqwkfprtyqvvnso,true,94c3b7f9d80279d40afc78ef73ff66eb3f88f167dcba175103b1d7c68942508d,image/webp,466228,1888,2647,bodyworks-spa-seminyak,ba96857e-9e60-48dc-8acc-622a38bf9172,bodyworks-spa-seminyak,venue,DUP-017,project_owner_global_authorization,MEDIA-002,,NOT_CREATED_DRY_RUN,false,CANONICALIZE_DUPLICATE_PRESERVE_ASSOCIATIONS,duplicate_content_hash,share canonical bytes; preserve logical association
owner-photo-candidates,owner-candidates/v1/bodyworks-spa-seminyak/ca9d3f289c8fe01614d57cc04256634a287e302c6c4fd64bfbf4faee0fe02fe6.webp,egkdapqwkfprtyqvvnso,true,ca9d3f289c8fe01614d57cc04256634a287e302c6c4fd64bfbf4faee0fe02fe6,image/webp,146196,1707,1067,bodyworks-spa-seminyak,ba96857e-9e60-48dc-8acc-622a38bf9172,bodyworks-spa-seminyak,venue,,project_owner_global_authorization,MEDIA-002,,NOT_CREATED_DRY_RUN,false,READY_FOR_MAPPING,,
owner-photo-candidates,owner-candidates/v1/bodyworks-spa-seminyak/d31131c7116762af1dd167e9471b905133c3784dbc378bf4a8db832f5c363a9d.webp,egkdapqwkfprtyqvvnso,true,d31131c7116762af1dd167e9471b905133c3784dbc378bf4a8db832f5c363a9d,image/webp,114032,1500,1336,bodyworks-spa-seminyak,ba96857e-9e60-48dc-8acc-622a38bf9172,bodyworks-spa-seminyak,venue,DUP-018,project_owner_global_authorization,MEDIA-002,,NOT_CREATED_DRY_RUN,false,CANONICALIZE_DUPLICATE_PRESERVE_ASSOCIATIONS,duplicate_content_hash,share canonical bytes; preserve logical association
owner-photo-candidates,owner-candidates/v1/boheme-canggu/2a4a1a8ffadb56dde37f5310704ad4fda187a79c38adbf395c27b0c59c0b436b.jpg,egkdapqwkfprtyqvvnso,true,2a4a1a8ffadb56dde37f5310704ad4fda187a79c38adbf395c27b0c59c0b436b,image/jpeg,363226,1080,1350,boheme-canggu,v_import_boheme_canggu,boheme-canggu,venue,,project_owner_global_authorization,MEDIA-002,venues.photo_url:boheme-canggu,NOT_CREATED_DRY_RUN,true,READY_FOR_MAPPING,,
owner-photo-candidates,owner-candidates/v1/boheme-canggu/39f5dd5141e5d4a8f3c98746c132d61ee464ab6efcb0af116bbe8e10d130e8f0.jpg,egkdapqwkfprtyqvvnso,true,39f5dd5141e5d4a8f3c98746c132d61ee464ab6efcb0af116bbe8e10d130e8f0,image/jpeg,290168,1080,1350,boheme-canggu,v_import_boheme_canggu,boheme-canggu,venue,,project_owner_global_authorization,MEDIA-002,,NOT_CREATED_DRY_RUN,false,READY_FOR_MAPPING,,
owner-photo-candidates,owner-candidates/v1/boheme-canggu/7eebbac813333f1da5152cce558a9466bcd580aaad5fcd5e2473f56e397ced38.jpg,egkdapqwkfprtyqvvnso,true,7eebbac813333f1da5152cce558a9466bcd580aaad5fcd5e2473f56e397ced38,image/jpeg,287639,1080,1350,boheme-canggu,v_import_boheme_canggu,boheme-canggu,venue,,project_owner_global_authorization,MEDIA-002,,NOT_CREATED_DRY_RUN,false,READY_FOR_MAPPING,,
owner-photo-candidates,owner-candidates/v1/bokashi-berawa/959ed7a859518889229a6e2f10ecdd42ef3532a400f18d6395c00f8214e55972.jpg,egkdapqwkfprtyqvvnso,true,959ed7a859518889229a6e2f10ecdd42ef3532a400f18d6395c00f8214e55972,image/jpeg,608802,1361,1715,bokashi-berawa,v_import_bokashi_berawa,bokashi-berawa,venue,,project_owner_global_authorization,MEDIA-002,venues.photo_url:bokashi-berawa,NOT_CREATED_DRY_RUN,true,READY_FOR_MAPPING,,
owner-photo-candidates,owner-candidates/v1/bokashi-berawa/a30ee3185e9bdc843adc42b4682950a0877b655b2ac502578c6ebb0b427fbf9a.jpg,egkdapqwkfprtyqvvnso,true,a30ee3185e9bdc843adc42b4682950a0877b655b2ac502578c6ebb0b427fbf9a,image/jpeg,197357,1215,2160,bokashi-berawa,v_import_bokashi_berawa,bokashi-berawa,venue,,project_owner_global_authorization,MEDIA-002,,NOT_CREATED_DRY_RUN,false,READY_FOR_MAPPING,,
owner-photo-candidates,owner-candidates/v1/bokashi-berawa/c60dc0e7175686244a18034b2b02e81cf1c4da322d9e621fb77836db1d2b4019.jpg,egkdapqwkfprtyqvvnso,true,c60dc0e7175686244a18034b2b02e81cf1c4da322d9e621fb77836db1d2b4019,image/jpeg,1551283,2611,3263,bokashi-berawa,v_import_bokashi_berawa,bokashi-berawa,venue,,project_owner_global_authorization,MEDIA-002,,NOT_CREATED_DRY_RUN,false,READY_FOR_MAPPING,,
owner-photo-candidates,owner-candidates/v1/boyncow/01a7685cb04c02dd132f2fd10a077383b8add1dd06f93f238a74b0d70abe35b3.jpg,egkdapqwkfprtyqvvnso,true,01a7685cb04c02dd132f2fd10a077383b8add1dd06f93f238a74b0d70abe35b3,image/jpeg,287433,734,1100,boyncow,v_import_boyncow,boyncow,venue,,project_owner_global_authorization,MEDIA-002,venues.photo_url:boyncow,NOT_CREATED_DRY_RUN,true,READY_FOR_MAPPING,,
owner-photo-candidates,owner-candidates/v1/boyncow/9aef7e52d3768ca1ec402734a0463ae130507ece1e5dc390d393570e0a61367d.jpg,egkdapqwkfprtyqvvnso,true,9aef7e52d3768ca1ec402734a0463ae130507ece1e5dc390d393570e0a61367d,image/jpeg,165069,1024,683,boyncow,v_import_boyncow,boyncow,venue,,project_owner_global_authorization,MEDIA-002,,NOT_CREATED_DRY_RUN,false,READY_FOR_MAPPING,,
owner-photo-candidates,owner-candidates/v1/boyncow/f0bb84b7900ffa76aacddd923a1de747a918f18285b1350211bd1b6d2ac7c589.jpg,egkdapqwkfprtyqvvnso,true,f0bb84b7900ffa76aacddd923a1de747a918f18285b1350211bd1b6d2ac7c589,image/jpeg,420508,1200,798,boyncow,v_import_boyncow,boyncow,venue,,project_owner_global_authorization,MEDIA-002,,NOT_CREATED_DRY_RUN,false,READY_FOR_MAPPING,,
owner-photo-candidates,owner-candidates/v1/bumbu-bali/1d2dfdcb81e9102bb1b566bc7ed0818dbcc38aedc5a8f152c934b286b0a126df.jpg,egkdapqwkfprtyqvvnso,true,1d2dfdcb81e9102bb1b566bc7ed0818dbcc38aedc5a8f152c934b286b0a126df,image/jpeg,186699,980,600,bumbu-bali,v_import_bumbu_bali,bumbu-bali,venue,,project_owner_global_authorization,MEDIA-002,venues.photo_url:bumbu-bali,NOT_CREATED_DRY_RUN,true,READY_FOR_MAPPING,,
owner-photo-candidates,owner-candidates/v1/bumbu-bali/711f7caf821ca041191994e77e8054c8b3226d47d2235768ef1aea9623f45d1f.jpg,egkdapqwkfprtyqvvnso,true,711f7caf821ca041191994e77e8054c8b3226d47d2235768ef1aea9623f45d1f,image/jpeg,146694,980,600,bumbu-bali,v_import_bumbu_bali,bumbu-bali,venue,,project_owner_global_authorization,MEDIA-002,,NOT_CREATED_DRY_RUN,false,READY_FOR_MAPPING,,
owner-photo-candidates,owner-candidates/v1/bumbu-bali/f135a3283c8642239ba3f71a4d4eb0140b9a31894789eb1e5358c044fb30ca3a.jpg,egkdapqwkfprtyqvvnso,true,f135a3283c8642239ba3f71a4d4eb0140b9a31894789eb1e5358c044fb30ca3a,image/jpeg,191036,980,600,bumbu-bali,v_import_bumbu_bali,bumbu-bali,venue,,project_owner_global_authorization,MEDIA-002,,NOT_CREATED_DRY_RUN,false,READY_FOR_MAPPING,,
owner-photo-candidates,owner-candidates/v1/cafe-vida-healthy-organic-restaurant-canggu/6c36f78a61325e1c7ba78e0c10803781ecdad8b552f1a470379fbf2634e3014a.jpg,egkdapqwkfprtyqvvnso,true,6c36f78a61325e1c7ba78e0c10803781ecdad8b552f1a470379fbf2634e3014a,image/jpeg,209309,640,1136,cafe-vida-healthy-organic-restaurant-canggu,v_import_cafe_vida_healthy_organic_restaurant_canggu,cafe-vida-healthy-organic-restaurant-canggu,venue,,project_owner_global_authorization,MEDIA-002,venues.photo_url:cafe-vida-healthy-organic-restaurant-canggu,NOT_CREATED_DRY_RUN,true,READY_FOR_MAPPING,,
owner-photo-candidates,owner-candidates/v1/cafe-vida-healthy-organic-restaurant-canggu/bf2493fc88727a2179a3aa94d288ab404889e1de8159a6cf9f9e4488761d4b33.jpg,egkdapqwkfprtyqvvnso,true,bf2493fc88727a2179a3aa94d288ab404889e1de8159a6cf9f9e4488761d4b33,image/jpeg,786069,1440,1763,cafe-vida-healthy-organic-restaurant-canggu,v_import_cafe_vida_healthy_organic_restaurant_canggu,cafe-vida-healthy-organic-restaurant-canggu,venue,,project_owner_global_authorization,MEDIA-002,,NOT_CREATED_DRY_RUN,false,READY_FOR_MAPPING,,
owner-photo-candidates,owner-candidates/v1/cafe-vida-healthy-organic-restaurant-canggu/e12bdfe648c96a8d409fdae3a202bbdfce8d9e77a472273d125fefdbae84538d.jpg,egkdapqwkfprtyqvvnso,true,e12bdfe648c96a8d409fdae3a202bbdfce8d9e77a472273d125fefdbae84538d,image/jpeg,460858,1440,1920,cafe-vida-healthy-organic-restaurant-canggu,v_import_cafe_vida_healthy_organic_restaurant_canggu,cafe-vida-healthy-organic-restaurant-canggu,venue,,project_owner_global_authorization,MEDIA-002,,NOT_CREATED_DRY_RUN,false,READY_FOR_MAPPING,,
owner-photo-candidates,owner-candidates/v1/cafe-wayan-and-bakery/1761e5bbffe758783f0099a245740c4bb9d3a88c9ab71da6a04397b9fa1c8569.jpg,egkdapqwkfprtyqvvnso,true,1761e5bbffe758783f0099a245740c4bb9d3a88c9ab71da6a04397b9fa1c8569,image/jpeg,116376,1279,1920,cafe-wayan-and-bakery,v_import_cafe_wayan_and_bakery,cafe-wayan-and-bakery,venue,,project_owner_global_authorization,MEDIA-002,venues.photo_url:cafe-wayan-and-bakery,NOT_CREATED_DRY_RUN,true,READY_FOR_MAPPING,,
owner-photo-candidates,owner-candidates/v1/cafe-wayan-and-bakery/6cd5d490d82dfad8ea8aa94a1266377b6262c3c59d74ebcc3db7b1bcd9194e60.jpg,egkdapqwkfprtyqvvnso,true,6cd5d490d82dfad8ea8aa94a1266377b6262c3c59d74ebcc3db7b1bcd9194e60,image/jpeg,109780,1920,1280,cafe-wayan-and-bakery,v_import_cafe_wayan_and_bakery,cafe-wayan-and-bakery,venue,,project_owner_global_authorization,MEDIA-002,,NOT_CREATED_DRY_RUN,false,READY_FOR_MAPPING,,
owner-photo-candidates,owner-candidates/v1/cafe-wayan-and-bakery/c21e77c7da8d416135c180fd820885d743b05b295bcc92efcc4a1b997ab12523.jpg,egkdapqwkfprtyqvvnso,true,c21e77c7da8d416135c180fd820885d743b05b295bcc92efcc4a1b997ab12523,image/jpeg,208914,1279,1920,cafe-wayan-and-bakery,v_import_cafe_wayan_and_bakery,cafe-wayan-and-bakery,venue,,project_owner_global_authorization,MEDIA-002,,NOT_CREATED_DRY_RUN,false,READY_FOR_MAPPING,,
owner-photo-candidates,owner-candidates/v1/canggu-yoga-centre-canggu/2ee518a00b5446e7f84b99b204cc17f23c0804b2d920737581a29370811c7f21.jpg,egkdapqwkfprtyqvvnso,true,2ee518a00b5446e7f84b99b204cc17f23c0804b2d920737581a29370811c7f21,image/jpeg,329661,1080,1440,canggu-yoga-centre-canggu,429b11af-69c7-4e69-a88c-9669026448cc,canggu-yoga-centre-canggu,venue,,project_owner_global_authorization,MEDIA-002,venues.photo_url:canggu-yoga-centre-canggu,NOT_CREATED_DRY_RUN,true,READY_FOR_MAPPING,,
owner-photo-candidates,owner-candidates/v1/canggu-yoga-centre-canggu/2f2ebb3f04723cd8f6469a3396637dc08340ef4ee6605c5e8d2d8055d999b191.jpg,egkdapqwkfprtyqvvnso,true,2f2ebb3f04723cd8f6469a3396637dc08340ef4ee6605c5e8d2d8055d999b191,image/jpeg,107167,640,1136,canggu-yoga-centre-canggu,429b11af-69c7-4e69-a88c-9669026448cc,canggu-yoga-centre-canggu,venue,,project_owner_global_authorization,MEDIA-002,,NOT_CREATED_DRY_RUN,false,READY_FOR_MAPPING,,
owner-photo-candidates,owner-candidates/v1/canggu-yoga-centre-canggu/32796b37441a70c82cadd76863e97f2df79ea00c3c953c9026d54a028c08c79c.jpg,egkdapqwkfprtyqvvnso,true,32796b37441a70c82cadd76863e97f2df79ea00c3c953c9026d54a028c08c79c,image/jpeg,263239,1280,854,canggu-yoga-centre-canggu,429b11af-69c7-4e69-a88c-9669026448cc,canggu-yoga-centre-canggu,venue,,project_owner_global_authorization,MEDIA-002,,NOT_CREATED_DRY_RUN,false,READY_FOR_MAPPING,,
owner-photo-candidates,owner-candidates/v1/cantika-zest/8b503fb5b0652ca8bc43ded689262be51b37cb0edb05f30bc701dc3bb7bd5a32.webp,egkdapqwkfprtyqvvnso,true,8b503fb5b0652ca8bc43ded689262be51b37cb0edb05f30bc701dc3bb7bd5a32,image/webp,436226,1440,1920,cantika-zest,50aecfb1-5f37-4400-8905-4a201ce48efd,cantika-zest,venue,,project_owner_global_authorization,MEDIA-002,venues.photo_url:cantika-zest,NOT_CREATED_DRY_RUN,true,READY_FOR_MAPPING,,
owner-photo-candidates,owner-candidates/v1/cantika-zest/de98d591df31c28cebf8b39f2ca2652892089d238a552da687f8723797fd3cee.webp,egkdapqwkfprtyqvvnso,true,de98d591df31c28cebf8b39f2ca2652892089d238a552da687f8723797fd3cee,image/webp,330470,1440,1440,cantika-zest,50aecfb1-5f37-4400-8905-4a201ce48efd,cantika-zest,venue,,project_owner_global_authorization,MEDIA-002,,NOT_CREATED_DRY_RUN,false,READY_FOR_MAPPING,,
owner-photo-candidates,owner-candidates/v1/cantika-zest/f177dc1811ceaa910721e9361f12e60c098b6302a84945d1810b0fca18f0cc80.jpg,egkdapqwkfprtyqvvnso,true,f177dc1811ceaa910721e9361f12e60c098b6302a84945d1810b0fca18f0cc80,image/jpeg,298802,720,1280,cantika-zest,50aecfb1-5f37-4400-8905-4a201ce48efd,cantika-zest,venue,,project_owner_global_authorization,MEDIA-002,,NOT_CREATED_DRY_RUN,false,READY_FOR_MAPPING,,
owner-photo-candidates,owner-candidates/v1/cocoon-medical-spa-seminyak-seminyak/31eecc0fd2457b312c95b05af49871d013c9e0a1d341170d10058c3650c6f776.webp,egkdapqwkfprtyqvvnso,true,31eecc0fd2457b312c95b05af49871d013c9e0a1d341170d10058c3650c6f776,image/webp,107456,1500,1000,cocoon-medical-spa-seminyak-seminyak,b8534a80-0eb7-4896-aef6-1ef06c35a5c4,cocoon-medical-spa-seminyak-seminyak,venue,,project_owner_global_authorization,MEDIA-002,venues.photo_url:cocoon-medical-spa-seminyak-seminyak,NOT_CREATED_DRY_RUN,true,READY_FOR_MAPPING,,
owner-photo-candidates,owner-candidates/v1/cocoon-medical-spa-seminyak-seminyak/a4f85c12f32f39694d78e43da598396b8a9f8caa734e28af36b8536b3a0ef0be.webp,egkdapqwkfprtyqvvnso,true,a4f85c12f32f39694d78e43da598396b8a9f8caa734e28af36b8536b3a0ef0be,image/webp,322560,1500,1000,cocoon-medical-spa-seminyak-seminyak,b8534a80-0eb7-4896-aef6-1ef06c35a5c4,cocoon-medical-spa-seminyak-seminyak,venue,,project_owner_global_authorization,MEDIA-002,,NOT_CREATED_DRY_RUN,false,READY_FOR_MAPPING,,
owner-photo-candidates,owner-candidates/v1/cocoon-medical-spa-seminyak-seminyak/af7b933f202fc7642755e5870b47282c4286fafd6341297b39624af931eb7d9d.webp,egkdapqwkfprtyqvvnso,true,af7b933f202fc7642755e5870b47282c4286fafd6341297b39624af931eb7d9d,image/webp,44398,1030,687,cocoon-medical-spa-seminyak-seminyak,b8534a80-0eb7-4896-aef6-1ef06c35a5c4,cocoon-medical-spa-seminyak-seminyak,venue,,project_owner_global_authorization,MEDIA-002,,NOT_CREATED_DRY_RUN,false,READY_FOR_MAPPING,,
owner-photo-candidates,owner-candidates/v1/como-shambhala-at-como-uma-ubud-yoga-ubud/0b5f89832c685da138f0cf565b3420c5c44bc64f7a54b6ead1bfe88a869f48d6.jpg,egkdapqwkfprtyqvvnso,true,0b5f89832c685da138f0cf565b3420c5c44bc64f7a54b6ead1bfe88a869f48d6,image/jpeg,207249,1200,630,como-shambhala-at-como-uma-ubud-yoga-ubud,e9453a37-cc72-4ab7-81f5-2fa88126959f,como-shambhala-at-como-uma-ubud-yoga-ubud,venue,,project_owner_global_authorization,MEDIA-002,venues.photo_url:como-shambhala-at-como-uma-ubud-yoga-ubud,NOT_CREATED_DRY_RUN,true,READY_FOR_MAPPING,,
owner-photo-candidates,owner-candidates/v1/como-shambhala-at-como-uma-ubud-yoga-ubud/0d7829f98eb4bde4d20ddc4789d06dd30327129479b4dc55569a8e289c0d7a96.jpg,egkdapqwkfprtyqvvnso,true,0d7829f98eb4bde4d20ddc4789d06dd30327129479b4dc55569a8e289c0d7a96,image/jpeg,246779,1200,630,como-shambhala-at-como-uma-ubud-yoga-ubud,e9453a37-cc72-4ab7-81f5-2fa88126959f,como-shambhala-at-como-uma-ubud-yoga-ubud,venue,,project_owner_global_authorization,MEDIA-002,,NOT_CREATED_DRY_RUN,false,READY_FOR_MAPPING,,
owner-photo-candidates,owner-candidates/v1/como-shambhala-at-como-uma-ubud-yoga-ubud/d0684c78939b4aeef627aadf41b9774ae44cab6b8051d3a45640d094ac4922ce.jpg,egkdapqwkfprtyqvvnso,true,d0684c78939b4aeef627aadf41b9774ae44cab6b8051d3a45640d094ac4922ce,image/jpeg,652505,1512,1512,como-shambhala-at-como-uma-ubud-yoga-ubud,e9453a37-cc72-4ab7-81f5-2fa88126959f,como-shambhala-at-como-uma-ubud-yoga-ubud,venue,,project_owner_global_authorization,MEDIA-002,,NOT_CREATED_DRY_RUN,false,READY_FOR_MAPPING,,
owner-photo-candidates,owner-candidates/v1/como-uma-canggu-wellness-spa-canggu/022a56c99a876e1dfb42cfa79e2a3e2a3d23882464f0099b40623d0a614adc75.jpg,egkdapqwkfprtyqvvnso,true,022a56c99a876e1dfb42cfa79e2a3e2a3d23882464f0099b40623d0a614adc75,image/jpeg,143720,1200,630,como-uma-canggu-wellness-spa-canggu,e6737ed6-b627-4595-8578-b9375fd6c383,como-uma-canggu-wellness-spa-canggu,venue,,project_owner_global_authorization,MEDIA-002,venues.photo_url:como-uma-canggu-wellness-spa-canggu,NOT_CREATED_DRY_RUN,true,READY_FOR_MAPPING,,
owner-photo-candidates,owner-candidates/v1/como-uma-canggu-wellness-spa-canggu/207eea46bc4bd69965effb8c3f7109eafb9f4a50a99a869c72a70a85851de0d1.jpg,egkdapqwkfprtyqvvnso,true,207eea46bc4bd69965effb8c3f7109eafb9f4a50a99a869c72a70a85851de0d1,image/jpeg,179631,1200,630,como-uma-canggu-wellness-spa-canggu,e6737ed6-b627-4595-8578-b9375fd6c383,como-uma-canggu-wellness-spa-canggu,venue,,project_owner_global_authorization,MEDIA-002,,NOT_CREATED_DRY_RUN,false,READY_FOR_MAPPING,,
owner-photo-candidates,owner-candidates/v1/como-uma-canggu-wellness-spa-canggu/e63ed417a9e08374111acb435308fd8cfb29cdb75d9b6b2b613f0754b0b6a2ea.jpg,egkdapqwkfprtyqvvnso,true,e63ed417a9e08374111acb435308fd8cfb29cdb75d9b6b2b613f0754b0b6a2ea,image/jpeg,51465,1280,768,como-uma-canggu-wellness-spa-canggu,e6737ed6-b627-4595-8578-b9375fd6c383,como-uma-canggu-wellness-spa-canggu,venue,,project_owner_global_authorization,MEDIA-002,,NOT_CREATED_DRY_RUN,false,READY_FOR_MAPPING,,
owner-photo-candidates,owner-candidates/v1/copenhagen-cafe-berawa/13d540714089ea155bf0c43c40cb86385a2c61b0d36bae707d8978d8c6413110.jpg,egkdapqwkfprtyqvvnso,true,13d540714089ea155bf0c43c40cb86385a2c61b0d36bae707d8978d8c6413110,image/jpeg,249704,1080,1920,copenhagen-cafe-berawa,v_import_copenhagen_cafe_berawa,copenhagen-cafe-berawa,venue,,project_owner_global_authorization,MEDIA-002,venues.photo_url:copenhagen-cafe-berawa,NOT_CREATED_DRY_RUN,true,READY_FOR_MAPPING,,
owner-photo-candidates,owner-candidates/v1/copenhagen-cafe-berawa/3a8c1c6b49b75c82640e97e5e7d32c5962e786091721748dba8d00f1dd976634.jpg,egkdapqwkfprtyqvvnso,true,3a8c1c6b49b75c82640e97e5e7d32c5962e786091721748dba8d00f1dd976634,image/jpeg,1022848,2160,2700,copenhagen-cafe-berawa,v_import_copenhagen_cafe_berawa,copenhagen-cafe-berawa,venue,,project_owner_global_authorization,MEDIA-002,,NOT_CREATED_DRY_RUN,false,READY_FOR_MAPPING,,
owner-photo-candidates,owner-candidates/v1/copenhagen-cafe-berawa/5ab33e2bca450bac94ab45d0de429c7738dc5bc48d86b0c5c0a1acfb9c44d46d.jpg,egkdapqwkfprtyqvvnso,true,5ab33e2bca450bac94ab45d0de429c7738dc5bc48d86b0c5c0a1acfb9c44d46d,image/jpeg,653472,2160,2700,copenhagen-cafe-berawa,v_import_copenhagen_cafe_berawa,copenhagen-cafe-berawa,venue,,project_owner_global_authorization,MEDIA-002,,NOT_CREATED_DRY_RUN,false,READY_FOR_MAPPING,,
owner-photo-candidates,owner-candidates/v1/corner-house-bali/60dcc8637ef32e9f9103d6a2b961699aa5ce01ce41c043bd0980d8ae3128a3ca.jpg,egkdapqwkfprtyqvvnso,true,60dcc8637ef32e9f9103d6a2b961699aa5ce01ce41c043bd0980d8ae3128a3ca,image/jpeg,143356,1080,801,corner-house-bali,v_import_corner_house_bali,corner-house-bali,venue,,project_owner_global_authorization,MEDIA-002,venues.photo_url:corner-house-bali,NOT_CREATED_DRY_RUN,true,READY_FOR_MAPPING,,
owner-photo-candidates,owner-candidates/v1/corner-house-bali/7e559ffab52b9bd398d89ee5816b9c7e0f0cc23fd6c9b0ac8529fc7418bfef79.png,egkdapqwkfprtyqvvnso,true,7e559ffab52b9bd398d89ee5816b9c7e0f0cc23fd6c9b0ac8529fc7418bfef79,image/png,1036651,832,750,corner-house-bali,v_import_corner_house_bali,corner-house-bali,venue,,project_owner_global_authorization,MEDIA-002,,NOT_CREATED_DRY_RUN,false,READY_FOR_MAPPING,,
owner-photo-candidates,owner-candidates/v1/corner-house-bali/82495070945c376306db2f545d85647b5cd2232620cdf8ccb71af0fd44b54e9d.jpg,egkdapqwkfprtyqvvnso,true,82495070945c376306db2f545d85647b5cd2232620cdf8ccb71af0fd44b54e9d,image/jpeg,144018,1080,810,corner-house-bali,v_import_corner_house_bali,corner-house-bali,venue,,project_owner_global_authorization,MEDIA-002,,NOT_CREATED_DRY_RUN,false,READY_FOR_MAPPING,,
owner-photo-candidates,owner-candidates/v1/crate-cafe/730a0487658b8ce65aa16dd23ca77140db301b13c1465e10c5ab3c8592388b7c.jpg,egkdapqwkfprtyqvvnso,true,730a0487658b8ce65aa16dd23ca77140db301b13c1465e10c5ab3c8592388b7c,image/jpeg,409648,1811,2560,crate-cafe,v_crate-cafe,crate-cafe,venue,,project_owner_global_authorization,MEDIA-002,venues.photo_url:crate-cafe,NOT_CREATED_DRY_RUN,true,READY_FOR_MAPPING,,
owner-photo-candidates,owner-candidates/v1/crate-cafe/7ee662696fc7b991bdec2314e73abfdff534cbe495a147f534a7e04b817fdc53.jpg,egkdapqwkfprtyqvvnso,true,7ee662696fc7b991bdec2314e73abfdff534cbe495a147f534a7e04b817fdc53,image/jpeg,643971,2047,2560,crate-cafe,v_crate-cafe,crate-cafe,venue,,project_owner_global_authorization,MEDIA-002,,NOT_CREATED_DRY_RUN,false,READY_FOR_MAPPING,,
owner-photo-candidates,owner-candidates/v1/crate-cafe/cd9f34f692cfbb662b6ad90128955915efef1e8f82429322abea2e5711edc625.jpg,egkdapqwkfprtyqvvnso,true,cd9f34f692cfbb662b6ad90128955915efef1e8f82429322abea2e5711edc625,image/jpeg,939738,1748,2480,crate-cafe,v_crate-cafe,crate-cafe,venue,,project_owner_global_authorization,MEDIA-002,,NOT_CREATED_DRY_RUN,false,READY_FOR_MAPPING,,
owner-photo-candidates,owner-candidates/v1/cuca-restaurant/2c09ee85f22de3bd7b6362135938eab36ee2d9d8bd4ea4a13990c5b319f6cc4b.webp,egkdapqwkfprtyqvvnso,true,2c09ee85f22de3bd7b6362135938eab36ee2d9d8bd4ea4a13990c5b319f6cc4b,image/webp,436444,2048,1365,cuca-restaurant,v_import_cuca_restaurant,cuca-restaurant,venue,,project_owner_global_authorization,MEDIA-002,venues.photo_url:cuca-restaurant,NOT_CREATED_DRY_RUN,true,READY_FOR_MAPPING,,
owner-photo-candidates,owner-candidates/v1/cuca-restaurant/4cbfc7baef2358e5376ae9d30e8745c0ead91bd9d8a381a5cf268bec5cdd8656.webp,egkdapqwkfprtyqvvnso,true,4cbfc7baef2358e5376ae9d30e8745c0ead91bd9d8a381a5cf268bec5cdd8656,image/webp,70384,2048,1536,cuca-restaurant,v_import_cuca_restaurant,cuca-restaurant,venue,,project_owner_global_authorization,MEDIA-002,,NOT_CREATED_DRY_RUN,false,READY_FOR_MAPPING,,
owner-photo-candidates,owner-candidates/v1/cuca-restaurant/4ed3220e82e7d3e6386f6592cafdbef0fae7333036021d124f100c975e5884c9.webp,egkdapqwkfprtyqvvnso,true,4ed3220e82e7d3e6386f6592cafdbef0fae7333036021d124f100c975e5884c9,image/webp,420428,2048,1536,cuca-restaurant,v_import_cuca_restaurant,cuca-restaurant,venue,,project_owner_global_authorization,MEDIA-002,,NOT_CREATED_DRY_RUN,false,READY_FOR_MAPPING,,
owner-photo-candidates,owner-candidates/v1/d-nailbar-spa-uluwatu/1b35483fca891db1d1439068c34fb8e46d1da9b45c33946c68e032814d58057f.png,egkdapqwkfprtyqvvnso,true,1b35483fca891db1d1439068c34fb8e46d1da9b45c33946c68e032814d58057f,image/png,49069,1920,1068,d-nailbar-spa-uluwatu,wbimp_d-nailbar-spa-uluwatu,d-nailbar-spa-uluwatu,venue,,project_owner_global_authorization,MEDIA-002,venues.photo_url:d-nailbar-spa-uluwatu,NOT_CREATED_DRY_RUN,true,READY_FOR_MAPPING,,
owner-photo-candidates,owner-candidates/v1/d-nailbar-spa-uluwatu/5e5a1b6ada2e52f4eb1718723f183c25449ed2e9ad707357daeeda7697c8ad87.jpg,egkdapqwkfprtyqvvnso,true,5e5a1b6ada2e52f4eb1718723f183c25449ed2e9ad707357daeeda7697c8ad87,image/jpeg,655795,1920,1234,d-nailbar-spa-uluwatu,wbimp_d-nailbar-spa-uluwatu,d-nailbar-spa-uluwatu,venue,,project_owner_global_authorization,MEDIA-002,,NOT_CREATED_DRY_RUN,false,READY_FOR_MAPPING,,
owner-photo-candidates,owner-candidates/v1/d-nailbar-spa-uluwatu/aad631f4bc419584dd1861bf2a8b6ff5ce9dce11778e473129acfb4c587c46d8.jpg,egkdapqwkfprtyqvvnso,true,aad631f4bc419584dd1861bf2a8b6ff5ce9dce11778e473129acfb4c587c46d8,image/jpeg,711576,1920,1440,d-nailbar-spa-uluwatu,wbimp_d-nailbar-spa-uluwatu,d-nailbar-spa-uluwatu,venue,,project_owner_global_authorization,MEDIA-002,,NOT_CREATED_DRY_RUN,false,READY_FOR_MAPPING,,
owner-photo-candidates,owner-candidates/v1/dala-spa-at-alaya-resort-ubud/1e9de45e6f95f4813b09a02793ea196813773c6b59687ffb2821989561a8c3dc.jpg,egkdapqwkfprtyqvvnso,true,1e9de45e6f95f4813b09a02793ea196813773c6b59687ffb2821989561a8c3dc,image/jpeg,73617,640,1136,dala-spa-at-alaya-resort-ubud,wbimp_dala-spa-at-alaya-resort-ubud,dala-spa-at-alaya-resort-ubud,venue,,project_owner_global_authorization,MEDIA-002,venues.photo_url:dala-spa-at-alaya-resort-ubud,NOT_CREATED_DRY_RUN,true,READY_FOR_MAPPING,,
owner-photo-candidates,owner-candidates/v1/dala-spa-at-alaya-resort-ubud/d9ad7b5ef9329f2cc36a9ad2b0003196ee0fa30bd19f0fef67298fe4195a433a.jpg,egkdapqwkfprtyqvvnso,true,d9ad7b5ef9329f2cc36a9ad2b0003196ee0fa30bd19f0fef67298fe4195a433a,image/jpeg,2655606,4096,3290,dala-spa-at-alaya-resort-ubud,wbimp_dala-spa-at-alaya-resort-ubud,dala-spa-at-alaya-resort-ubud,venue,,project_owner_global_authorization,MEDIA-002,,NOT_CREATED_DRY_RUN,false,READY_FOR_MAPPING,,
owner-photo-candidates,owner-candidates/v1/dala-spa-at-alaya-resort-ubud/f22b2d2dfb8525d481a5c6f9c41edb2bea6796c2a02df609ae308a410f09893a.jpg,egkdapqwkfprtyqvvnso,true,f22b2d2dfb8525d481a5c6f9c41edb2bea6796c2a02df609ae308a410f09893a,image/jpeg,229441,1080,1350,dala-spa-at-alaya-resort-ubud,wbimp_dala-spa-at-alaya-resort-ubud,dala-spa-at-alaya-resort-ubud,venue,,project_owner_global_authorization,MEDIA-002,,NOT_CREATED_DRY_RUN,false,READY_FOR_MAPPING,,
owner-photo-candidates,owner-candidates/v1/dala-spa-beauty-at-alaya-ubud-ubud/82159e7feecceae35cf4c376c110800bb63585131df5da9b9ea7987c37987fc7.jpg,egkdapqwkfprtyqvvnso,true,82159e7feecceae35cf4c376c110800bb63585131df5da9b9ea7987c37987fc7,image/jpeg,290771,1008,673,dala-spa-beauty-at-alaya-ubud-ubud,5eb494aa-3759-4c0f-8336-b941f58bc2df,dala-spa-beauty-at-alaya-ubud-ubud,venue,,project_owner_global_authorization,MEDIA-002,venues.photo_url:dala-spa-beauty-at-alaya-ubud-ubud,NOT_CREATED_DRY_RUN,true,READY_FOR_MAPPING,,
owner-photo-candidates,owner-candidates/v1/dala-spa-beauty-at-alaya-ubud-ubud/931a3d2540911b1e0039b38f849612b20b387c473e9907feae514bcc65fc87a2.jpg,egkdapqwkfprtyqvvnso,true,931a3d2540911b1e0039b38f849612b20b387c473e9907feae514bcc65fc87a2,image/jpeg,276858,903,720,dala-spa-beauty-at-alaya-ubud-ubud,5eb494aa-3759-4c0f-8336-b941f58bc2df,dala-spa-beauty-at-alaya-ubud-ubud,venue,,project_owner_global_authorization,MEDIA-002,,NOT_CREATED_DRY_RUN,false,READY_FOR_MAPPING,,
owner-photo-candidates,owner-candidates/v1/dala-spa-beauty-at-alaya-ubud-ubud/a049ae072f8caec7885ea54398094890ef2eaabdbdc8cc989ddd13ce59d49512.jpg,egkdapqwkfprtyqvvnso,true,a049ae072f8caec7885ea54398094890ef2eaabdbdc8cc989ddd13ce59d49512,image/jpeg,215380,1349,900,dala-spa-beauty-at-alaya-ubud-ubud,5eb494aa-3759-4c0f-8336-b941f58bc2df,dala-spa-beauty-at-alaya-ubud-ubud,venue,,project_owner_global_authorization,MEDIA-002,,NOT_CREATED_DRY_RUN,false,READY_FOR_MAPPING,,
owner-photo-candidates,owner-candidates/v1/dandelion/3eebc18bafaeb314f720d8d418d87e07f7503c1576213ae27dc91c585599000e.jpg,egkdapqwkfprtyqvvnso,true,3eebc18bafaeb314f720d8d418d87e07f7503c1576213ae27dc91c585599000e,image/jpeg,813885,3072,2304,dandelion,v_dandelion,dandelion,venue,,project_owner_global_authorization,MEDIA-002,venues.photo_url:dandelion,NOT_CREATED_DRY_RUN,true,READY_FOR_MAPPING,,
owner-photo-candidates,owner-candidates/v1/dandelion/59ec9840eaa29a59f0a0b8f84691ab98b21bacbf48911fd9b453c44cac29ea77.jpg,egkdapqwkfprtyqvvnso,true,59ec9840eaa29a59f0a0b8f84691ab98b21bacbf48911fd9b453c44cac29ea77,image/jpeg,2688719,3072,4096,dandelion,v_dandelion,dandelion,venue,,project_owner_global_authorization,MEDIA-002,,NOT_CREATED_DRY_RUN,false,READY_FOR_MAPPING,,
owner-photo-candidates,owner-candidates/v1/dandelion/7280887b79a9a78cb3ddf0356fe4f8bdca684bad5eaa09a3874140074838d154.jpg,egkdapqwkfprtyqvvnso,true,7280887b79a9a78cb3ddf0356fe4f8bdca684bad5eaa09a3874140074838d154,image/jpeg,43486,640,1138,dandelion,v_dandelion,dandelion,venue,,project_owner_global_authorization,MEDIA-002,,NOT_CREATED_DRY_RUN,false,READY_FOR_MAPPING,,
owner-photo-candidates,owner-candidates/v1/dava-steak-and-seafood/044096d190f73d9cc48178713f00840172f9d7aeb15a821457d5e27d02c06a76.webp,egkdapqwkfprtyqvvnso,true,044096d190f73d9cc48178713f00840172f9d7aeb15a821457d5e27d02c06a76,image/webp,161906,2016,1344,dava-steak-and-seafood,v_import_dava_steak_and_seafood,dava-steak-and-seafood,venue,,project_owner_global_authorization,MEDIA-002,venues.photo_url:dava-steak-and-seafood,NOT_CREATED_DRY_RUN,true,READY_FOR_MAPPING,,
owner-photo-candidates,owner-candidates/v1/dava-steak-and-seafood/15b620e2705806136b50d7747745daffeabb36c9da70680e4674ff3a2d889e91.webp,egkdapqwkfprtyqvvnso,true,15b620e2705806136b50d7747745daffeabb36c9da70680e4674ff3a2d889e91,image/webp,811424,2880,1920,dava-steak-and-seafood,v_import_dava_steak_and_seafood,dava-steak-and-seafood,venue,DUP-019,project_owner_global_authorization,MEDIA-002,,NOT_CREATED_DRY_RUN,false,CANONICALIZE_DUPLICATE_PRESERVE_ASSOCIATIONS,duplicate_content_hash,share canonical bytes; preserve logical association
owner-photo-candidates,owner-candidates/v1/dava-steak-and-seafood/b9314b517a2ce00a416c56880c517ad0ac8a9819167269d1e94885097b3b99a0.webp,egkdapqwkfprtyqvvnso,true,b9314b517a2ce00a416c56880c517ad0ac8a9819167269d1e94885097b3b99a0,image/webp,1036710,2880,1920,dava-steak-and-seafood,v_import_dava_steak_and_seafood,dava-steak-and-seafood,venue,DUP-020,project_owner_global_authorization,MEDIA-002,,NOT_CREATED_DRY_RUN,false,CANONICALIZE_DUPLICATE_PRESERVE_ASSOCIATIONS,duplicate_content_hash,share canonical bytes; preserve logical association
owner-photo-candidates,owner-candidates/v1/dava-steak-and-seafood/cd03b660745a1121a204d934e4dfa63f790c7b76f848d77363cefe1cf4582ab6.webp,egkdapqwkfprtyqvvnso,true,cd03b660745a1121a204d934e4dfa63f790c7b76f848d77363cefe1cf4582ab6,image/webp,259896,2161,1728,dava-steak-and-seafood,v_import_dava_steak_and_seafood,dava-steak-and-seafood,venue,,project_owner_global_authorization,MEDIA-002,,NOT_CREATED_DRY_RUN,false,READY_FOR_MAPPING,,
owner-photo-candidates,owner-candidates/v1/dava-steak-and-seafood/f56b0824fe258601a1a97fab450e9df65f7223e3a676475de1d80a1682dbabaf.webp,egkdapqwkfprtyqvvnso,true,f56b0824fe258601a1a97fab450e9df65f7223e3a676475de1d80a1682dbabaf,image/webp,94226,720,576,dava-steak-and-seafood,v_import_dava_steak_and_seafood,dava-steak-and-seafood,venue,,project_owner_global_authorization,MEDIA-002,,NOT_CREATED_DRY_RUN,false,READY_FOR_MAPPING,,
owner-photo-candidates,owner-candidates/v1/de-nyuh-spa-seminyak/7c6010fdd9c2fdc5ae2d98faf182b792c6a7fd0bdbbe61974a3fcdac349f02d2.jpg,egkdapqwkfprtyqvvnso,true,7c6010fdd9c2fdc5ae2d98faf182b792c6a7fd0bdbbe61974a3fcdac349f02d2,image/jpeg,959152,2500,1515,de-nyuh-spa-seminyak,wbimp_de-nyuh-spa-seminyak,de-nyuh-spa-seminyak,venue,,project_owner_global_authorization,MEDIA-002,venues.photo_url:de-nyuh-spa-seminyak,NOT_CREATED_DRY_RUN,true,READY_FOR_MAPPING,,
owner-photo-candidates,owner-candidates/v1/de-nyuh-spa-seminyak/e79744b606e4ed21d54c1bb70e31b0f439c4f3cb58039fb8c4139b24f4531e2a.png,egkdapqwkfprtyqvvnso,true,e79744b606e4ed21d54c1bb70e31b0f439c4f3cb58039fb8c4139b24f4531e2a,image/png,68875,3508,2482,de-nyuh-spa-seminyak,wbimp_de-nyuh-spa-seminyak,de-nyuh-spa-seminyak,venue,,project_owner_global_authorization,MEDIA-002,,NOT_CREATED_DRY_RUN,false,READY_FOR_MAPPING,,
owner-photo-candidates,owner-candidates/v1/desa-seni-yoga/2b0d77b09ef6acbc1a60cdaec21ad1a2d05166f792556f7b81da617addb5df60.webp,egkdapqwkfprtyqvvnso,true,2b0d77b09ef6acbc1a60cdaec21ad1a2d05166f792556f7b81da617addb5df60,image/webp,339684,1920,827,desa-seni-yoga,wbimp_desa-seni-yoga,desa-seni-yoga,venue,,project_owner_global_authorization,MEDIA-002,venues.photo_url:desa-seni-yoga,NOT_CREATED_DRY_RUN,true,READY_FOR_MAPPING,,
owner-photo-candidates,owner-candidates/v1/desa-seni-yoga/bf2fdd3244ec8a42c69d5f70320c71181aa729e4dce7b4c626ee4459e3eb4981.jpg,egkdapqwkfprtyqvvnso,true,bf2fdd3244ec8a42c69d5f70320c71181aa729e4dce7b4c626ee4459e3eb4981,image/jpeg,566211,1648,1767,desa-seni-yoga,wbimp_desa-seni-yoga,desa-seni-yoga,venue,,project_owner_global_authorization,MEDIA-002,,NOT_CREATED_DRY_RUN,false,READY_FOR_MAPPING,,
owner-photo-candidates,owner-candidates/v1/desa-seni-yoga/ed9026d60b735d822e786671c82c32c54fb6169a91c584d6dd444273450fc0f8.jpg,egkdapqwkfprtyqvvnso,true,ed9026d60b735d822e786671c82c32c54fb6169a91c584d6dd444273450fc0f8,image/jpeg,506534,1707,2560,desa-seni-yoga,wbimp_desa-seni-yoga,desa-seni-yoga,venue,,project_owner_global_authorization,MEDIA-002,,NOT_CREATED_DRY_RUN,false,READY_FOR_MAPPING,,
owner-photo-candidates,owner-candidates/v1/dicarik-warung/1e802ed21fa813b449f8daa25a3ecd0e183e44a5a0ea8b935f0d4a2faf3819e3.jpg,egkdapqwkfprtyqvvnso,true,1e802ed21fa813b449f8daa25a3ecd0e183e44a5a0ea8b935f0d4a2faf3819e3,image/jpeg,48655,640,1136,dicarik-warung,v_import_dicarik_warung,dicarik-warung,venue,,project_owner_global_authorization,MEDIA-002,venues.photo_url:dicarik-warung,NOT_CREATED_DRY_RUN,true,READY_FOR_MAPPING,,
owner-photo-candidates,owner-candidates/v1/dicarik-warung/32be34cb4386f19c94fafb25a1d79c62fa9ed00f7d0ed4e64b1f9ca15f63c597.webp,egkdapqwkfprtyqvvnso,true,32be34cb4386f19c94fafb25a1d79c62fa9ed00f7d0ed4e64b1f9ca15f63c597,image/webp,141082,1152,1440,dicarik-warung,v_import_dicarik_warung,dicarik-warung,venue,,project_owner_global_authorization,MEDIA-002,,NOT_CREATED_DRY_RUN,false,READY_FOR_MAPPING,,
owner-photo-candidates,owner-candidates/v1/dicarik-warung/811b46fe26b923389a2c17af836bc6a00e8e4ccc3a72fef6e5794571fbfc9134.jpg,egkdapqwkfprtyqvvnso,true,811b46fe26b923389a2c17af836bc6a00e8e4ccc3a72fef6e5794571fbfc9134,image/jpeg,79977,640,1136,dicarik-warung,v_import_dicarik_warung,dicarik-warung,venue,,project_owner_global_authorization,MEDIA-002,,NOT_CREATED_DRY_RUN,false,READY_FOR_MAPPING,,
owner-photo-candidates,owner-candidates/v1/dorsey-s-barber-shop-uluwatu/199496cd8831d02b0644d523b7cb9aff3ba2e09526ee24d651ec3763c7888fff.jpg,egkdapqwkfprtyqvvnso,true,199496cd8831d02b0644d523b7cb9aff3ba2e09526ee24d651ec3763c7888fff,image/jpeg,80142,1080,810,dorsey-s-barber-shop-uluwatu,wbimp_dorsey-s-barber-shop-uluwatu,dorsey-s-barber-shop-uluwatu,venue,,project_owner_global_authorization,MEDIA-002,venues.photo_url:dorsey-s-barber-shop-uluwatu,NOT_CREATED_DRY_RUN,true,READY_FOR_MAPPING,,
owner-photo-candidates,owner-candidates/v1/dorsey-s-barber-shop-uluwatu/7c5285c0561e73cef062a09fe000ffea38f8fad33612e4feffb52e2c15b054d1.jpg,egkdapqwkfprtyqvvnso,true,7c5285c0561e73cef062a09fe000ffea38f8fad33612e4feffb52e2c15b054d1,image/jpeg,66019,1080,720,dorsey-s-barber-shop-uluwatu,wbimp_dorsey-s-barber-shop-uluwatu,dorsey-s-barber-shop-uluwatu,venue,,project_owner_global_authorization,MEDIA-002,,NOT_CREATED_DRY_RUN,false,READY_FOR_MAPPING,,
owner-photo-candidates,owner-candidates/v1/dorsey-s-barber-shop-uluwatu/fbba0885ab62e2718076cb4518739ade7c93197733525a66678a787e28070be6.jpg,egkdapqwkfprtyqvvnso,true,fbba0885ab62e2718076cb4518739ade7c93197733525a66678a787e28070be6,image/jpeg,400238,1080,1921,dorsey-s-barber-shop-uluwatu,wbimp_dorsey-s-barber-shop-uluwatu,dorsey-s-barber-shop-uluwatu,venue,,project_owner_global_authorization,MEDIA-002,,NOT_CREATED_DRY_RUN,false,READY_FOR_MAPPING,,
owner-photo-candidates,owner-candidates/v1/ecosfera-yoga-canggu-canggu/1635f354daba3d122e3df33b2b844754d8ca80e559b08bfa8cc034dbd5829f8b.jpg,egkdapqwkfprtyqvvnso,true,1635f354daba3d122e3df33b2b844754d8ca80e559b08bfa8cc034dbd5829f8b,image/jpeg,247198,800,1200,ecosfera-yoga-canggu-canggu,549a509a-f3e3-430f-aac1-3f46fb1a4ba7,ecosfera-yoga-canggu-canggu,venue,,project_owner_global_authorization,MEDIA-002,venues.photo_url:ecosfera-yoga-canggu-canggu,NOT_CREATED_DRY_RUN,true,READY_FOR_MAPPING,,
owner-photo-candidates,owner-candidates/v1/ecosfera-yoga-canggu-canggu/3f950a8678593048d8794bcb6de8b7ee8ce865729fd44323416d413086b6dbf4.png,egkdapqwkfprtyqvvnso,true,3f950a8678593048d8794bcb6de8b7ee8ce865729fd44323416d413086b6dbf4,image/png,68538,3508,1285,ecosfera-yoga-canggu-canggu,549a509a-f3e3-430f-aac1-3f46fb1a4ba7,ecosfera-yoga-canggu-canggu,venue,,project_owner_global_authorization,MEDIA-002,,NOT_CREATED_DRY_RUN,false,READY_FOR_MAPPING,,
owner-photo-candidates,owner-candidates/v1/ecosfera-yoga-canggu-canggu/917beaf89a3a5b263187ea4291608d801bc9c024f9a058ee8da996bf3f6822c4.jpg,egkdapqwkfprtyqvvnso,true,917beaf89a3a5b263187ea4291608d801bc9c024f9a058ee8da996bf3f6822c4,image/jpeg,233050,1280,851,ecosfera-yoga-canggu-canggu,549a509a-f3e3-430f-aac1-3f46fb1a4ba7,ecosfera-yoga-canggu-canggu,venue,,project_owner_global_authorization,MEDIA-002,,NOT_CREATED_DRY_RUN,false,READY_FOR_MAPPING,,
owner-photo-candidates,owner-candidates/v1/el-kabron-bali/6ed42f7712a3e46413d0a12f203d51af22b700f6e3c6894b815152f7f95923a0.webp,egkdapqwkfprtyqvvnso,true,6ed42f7712a3e46413d0a12f203d51af22b700f6e3c6894b815152f7f95923a0,image/webp,224160,3191,1276,el-kabron-bali,v_import_el_kabron_bali,el-kabron-bali,venue,,project_owner_global_authorization,MEDIA-002,venues.photo_url:el-kabron-bali,NOT_CREATED_DRY_RUN,true,READY_FOR_MAPPING,,
owner-photo-candidates,owner-candidates/v1/el-kabron-bali/be79e7d1ad7189e3d2dd95e4a1860f8c241136b93c1ab80ff345fc751c36f5c3.webp,egkdapqwkfprtyqvvnso,true,be79e7d1ad7189e3d2dd95e4a1860f8c241136b93c1ab80ff345fc751c36f5c3,image/webp,228016,1600,640,el-kabron-bali,v_import_el_kabron_bali,el-kabron-bali,venue,,project_owner_global_authorization,MEDIA-002,,NOT_CREATED_DRY_RUN,false,READY_FOR_MAPPING,,
owner-photo-candidates,owner-candidates/v1/el-kabron-bali/f354de7290a25243ef2a5356a22756d938a5a5c92c8f4db5e8f4837ee8d64dae.webp,egkdapqwkfprtyqvvnso,true,f354de7290a25243ef2a5356a22756d938a5a5c92c8f4db5e8f4837ee8d64dae,image/webp,54468,1280,1280,el-kabron-bali,v_import_el_kabron_bali,el-kabron-bali,venue,,project_owner_global_authorization,MEDIA-002,,NOT_CREATED_DRY_RUN,false,READY_FOR_MAPPING,,
owner-photo-candidates,owner-candidates/v1/espace-spa-canggu-canggu/2648edd15065ee8502e7abeab60c4cf1df0365d11f0ea9c9dd05ae3455ad54cc.jpg,egkdapqwkfprtyqvvnso,true,2648edd15065ee8502e7abeab60c4cf1df0365d11f0ea9c9dd05ae3455ad54cc,image/jpeg,64665,1087,1094,espace-spa-canggu-canggu,9ec8fb27-5c6e-4eee-a88b-2028e40e6e2c,espace-spa-canggu-canggu,venue,,project_owner_global_authorization,MEDIA-002,venues.photo_url:espace-spa-canggu-canggu,NOT_CREATED_DRY_RUN,true,READY_FOR_MAPPING,,
owner-photo-candidates,owner-candidates/v1/espace-spa-canggu-canggu/3043564dde1237079ae69a8460b20d85281b0694d147bc36f4d6f37d03152a20.jpg,egkdapqwkfprtyqvvnso,true,3043564dde1237079ae69a8460b20d85281b0694d147bc36f4d6f37d03152a20,image/jpeg,86179,1170,821,espace-spa-canggu-canggu,9ec8fb27-5c6e-4eee-a88b-2028e40e6e2c,espace-spa-canggu-canggu,venue,,project_owner_global_authorization,MEDIA-002,,NOT_CREATED_DRY_RUN,false,READY_FOR_MAPPING,,
owner-photo-candidates,owner-candidates/v1/espace-spa-canggu-canggu/b57458eae42eedc4d3806b8b0c4e5aac30ac37ec7d635fbc1af0766a35b2cee8.jpg,egkdapqwkfprtyqvvnso,true,b57458eae42eedc4d3806b8b0c4e5aac30ac37ec7d635fbc1af0766a35b2cee8,image/jpeg,74095,1170,1170,espace-spa-canggu-canggu,9ec8fb27-5c6e-4eee-a88b-2028e40e6e2c,espace-spa-canggu-canggu,venue,,project_owner_global_authorization,MEDIA-002,,NOT_CREATED_DRY_RUN,false,READY_FOR_MAPPING,,
owner-photo-candidates,owner-candidates/v1/f45-training-canggu-canggu/7fa2aebe01881fbb593a684bc4412611dc0fc0309a4b7981529b6e69568e3c00.jpg,egkdapqwkfprtyqvvnso,true,7fa2aebe01881fbb593a684bc4412611dc0fc0309a4b7981529b6e69568e3c00,image/jpeg,2316865,1920,1248,f45-training-canggu-canggu,e414e017-29ef-4751-9b14-725a91992bf9,f45-training-canggu-canggu,venue,,project_owner_global_authorization,MEDIA-002,venues.photo_url:f45-training-canggu-canggu,NOT_CREATED_DRY_RUN,true,READY_FOR_MAPPING,,
owner-photo-candidates,owner-candidates/v1/f45-training-canggu-canggu/897d1732d89c88eb189b7c219ad0a5df0d309dcbfb681385ad638567ffccd05a.jpg,egkdapqwkfprtyqvvnso,true,897d1732d89c88eb189b7c219ad0a5df0d309dcbfb681385ad638567ffccd05a,image/jpeg,196226,1920,1000,f45-training-canggu-canggu,e414e017-29ef-4751-9b14-725a91992bf9,f45-training-canggu-canggu,venue,,project_owner_global_authorization,MEDIA-002,,NOT_CREATED_DRY_RUN,false,READY_FOR_MAPPING,,
owner-photo-candidates,owner-candidates/v1/f45-training-canggu-canggu/f97e41a9e8509091ff2690e283f626bd5996c213ac9f79beaeb902dc357ad77d.png,egkdapqwkfprtyqvvnso,true,f97e41a9e8509091ff2690e283f626bd5996c213ac9f79beaeb902dc357ad77d,image/png,169185,1200,630,f45-training-canggu-canggu,e414e017-29ef-4751-9b14-725a91992bf9,f45-training-canggu-canggu,venue,,project_owner_global_authorization,MEDIA-002,,NOT_CREATED_DRY_RUN,false,READY_FOR_MAPPING,,
owner-photo-candidates,owner-candidates/v1/face-therapy-spa-pererenan/3e42764271adbc5a0574d083399da5de1361505bcadbd6c7b0d3e936665f65c6.jpg,egkdapqwkfprtyqvvnso,true,3e42764271adbc5a0574d083399da5de1361505bcadbd6c7b0d3e936665f65c6,image/jpeg,212877,1200,630,face-therapy-spa-pererenan,v_import_face_therapy_spa_pererenan,face-therapy-spa-pererenan,venue,DUP-021,project_owner_global_authorization,MEDIA-002,venues.photo_url:face-therapy-spa-pererenan,NOT_CREATED_DRY_RUN,true,CANONICALIZE_DUPLICATE_PRESERVE_ASSOCIATIONS,duplicate_content_hash,share canonical bytes; preserve logical association
owner-photo-candidates,owner-candidates/v1/face-therapy-spa-pererenan/be403b04441c0b1739f1a3de6f14aeda0dbc5eb88d9222728d730a70c4e879f5.jpg,egkdapqwkfprtyqvvnso,true,be403b04441c0b1739f1a3de6f14aeda0dbc5eb88d9222728d730a70c4e879f5,image/jpeg,46902,1200,630,face-therapy-spa-pererenan,v_import_face_therapy_spa_pererenan,face-therapy-spa-pererenan,venue,,project_owner_global_authorization,MEDIA-002,,NOT_CREATED_DRY_RUN,false,READY_FOR_MAPPING,,
owner-photo-candidates,owner-candidates/v1/face-therapy-spa-pererenan/c9a31071cc4562f9ae8d1e9247b65b9818991e40dbf54aa806b34f6a790eb1d9.jpg,egkdapqwkfprtyqvvnso,true,c9a31071cc4562f9ae8d1e9247b65b9818991e40dbf54aa806b34f6a790eb1d9,image/jpeg,228083,2000,2000,face-therapy-spa-pererenan,v_import_face_therapy_spa_pererenan,face-therapy-spa-pererenan,venue,,project_owner_global_authorization,MEDIA-002,,NOT_CREATED_DRY_RUN,false,READY_FOR_MAPPING,,
owner-photo-candidates,owner-candidates/v1/genius-cafe/2a877f979c81817d5d8377deda2c06f516e8cc2a9c90b925240dd011488737ae.webp,egkdapqwkfprtyqvvnso,true,2a877f979c81817d5d8377deda2c06f516e8cc2a9c90b925240dd011488737ae,image/webp,169850,1920,1280,genius-cafe,v_import_genius_cafe,genius-cafe,venue,,project_owner_global_authorization,MEDIA-002,venues.photo_url:genius-cafe,NOT_CREATED_DRY_RUN,true,READY_FOR_MAPPING,,
owner-photo-candidates,owner-candidates/v1/genius-cafe/436526f5437fb54873286a285a78cd429159b510677da1209d558537d8532562.jpg,egkdapqwkfprtyqvvnso,true,436526f5437fb54873286a285a78cd429159b510677da1209d558537d8532562,image/jpeg,92091,1920,1040,genius-cafe,v_import_genius_cafe,genius-cafe,venue,,project_owner_global_authorization,MEDIA-002,,NOT_CREATED_DRY_RUN,false,READY_FOR_MAPPING,,
owner-photo-candidates,owner-candidates/v1/genius-cafe/a4dd1f54dd827cac1d7c805b48a23f3e4c60eeaf277b04f9ce7f739ff673f8b2.webp,egkdapqwkfprtyqvvnso,true,a4dd1f54dd827cac1d7c805b48a23f3e4c60eeaf277b04f9ce7f739ff673f8b2,image/webp,107888,1920,1280,genius-cafe,v_import_genius_cafe,genius-cafe,venue,,project_owner_global_authorization,MEDIA-002,,NOT_CREATED_DRY_RUN,false,READY_FOR_MAPPING,,
owner-photo-candidates,owner-candidates/v1/ginger-moon-canteen/3829b7227d2f034e7f9d095105317cf5fba5e1d57dae5eff83d8f6f20fd83fac.webp,egkdapqwkfprtyqvvnso,true,3829b7227d2f034e7f9d095105317cf5fba5e1d57dae5eff83d8f6f20fd83fac,image/webp,124218,1400,945,ginger-moon-canteen,v_import_ginger_moon_canteen,ginger-moon-canteen,venue,,project_owner_global_authorization,MEDIA-002,venues.photo_url:ginger-moon-canteen,NOT_CREATED_DRY_RUN,true,READY_FOR_MAPPING,,
owner-photo-candidates,owner-candidates/v1/ginger-moon-canteen/60416d66733a6d4b7c57fd2f9a6ec39a7b6afac26b10bc650e2e5caa689eef9e.webp,egkdapqwkfprtyqvvnso,true,60416d66733a6d4b7c57fd2f9a6ec39a7b6afac26b10bc650e2e5caa689eef9e,image/webp,93936,1400,933,ginger-moon-canteen,v_import_ginger_moon_canteen,ginger-moon-canteen,venue,,project_owner_global_authorization,MEDIA-002,,NOT_CREATED_DRY_RUN,false,READY_FOR_MAPPING,,
owner-photo-candidates,owner-candidates/v1/ginger-moon-canteen/f72246bb2eb882873ef7dcc0070b2b0f076990effb10b726f527a69df7ef2227.webp,egkdapqwkfprtyqvvnso,true,f72246bb2eb882873ef7dcc0070b2b0f076990effb10b726f527a69df7ef2227,image/webp,89230,900,600,ginger-moon-canteen,v_import_ginger_moon_canteen,ginger-moon-canteen,venue,,project_owner_global_authorization,MEDIA-002,,NOT_CREATED_DRY_RUN,false,READY_FOR_MAPPING,,
owner-photo-candidates,owner-candidates/v1/glo-day-spa-salon-canggu-canggu/1b6c7c36f126ecd3b7c106c1c2086d1c37cc283fcece3d4b5e2c8b20cc88fe16.jpg,egkdapqwkfprtyqvvnso,true,1b6c7c36f126ecd3b7c106c1c2086d1c37cc283fcece3d4b5e2c8b20cc88fe16,image/jpeg,207487,1620,1080,glo-day-spa-salon-canggu-canggu,d9018971-0efd-4a17-aac2-cd674b98ff18,glo-day-spa-salon-canggu-canggu,venue,,project_owner_global_authorization,MEDIA-002,venues.photo_url:glo-day-spa-salon-canggu-canggu,NOT_CREATED_DRY_RUN,true,READY_FOR_MAPPING,,
owner-photo-candidates,owner-candidates/v1/glo-day-spa-salon-canggu-canggu/39664539835739dfe16f69a4288f7d6760611c579bb92d39fb318cd815def55c.jpg,egkdapqwkfprtyqvvnso,true,39664539835739dfe16f69a4288f7d6760611c579bb92d39fb318cd815def55c,image/jpeg,254988,1620,1080,glo-day-spa-salon-canggu-canggu,d9018971-0efd-4a17-aac2-cd674b98ff18,glo-day-spa-salon-canggu-canggu,venue,,project_owner_global_authorization,MEDIA-002,,NOT_CREATED_DRY_RUN,false,READY_FOR_MAPPING,,
owner-photo-candidates,owner-candidates/v1/glo-day-spa-salon-canggu-canggu/e46ba21ba5be8321c00fc469bb956577caa65af13017dc032ea514b5cd2cdd86.jpg,egkdapqwkfprtyqvvnso,true,e46ba21ba5be8321c00fc469bb956577caa65af13017dc032ea514b5cd2cdd86,image/jpeg,185265,1620,1080,glo-day-spa-salon-canggu-canggu,d9018971-0efd-4a17-aac2-cd674b98ff18,glo-day-spa-salon-canggu-canggu,venue,,project_owner_global_authorization,MEDIA-002,,NOT_CREATED_DRY_RUN,false,READY_FOR_MAPPING,,
owner-photo-candidates,owner-candidates/v1/glo-day-spa-salon-sanur-sanur/0de4def005b14b63dd21702e791d0e040c099964ea14d66579fcc47e6ec466df.jpg,egkdapqwkfprtyqvvnso,true,0de4def005b14b63dd21702e791d0e040c099964ea14d66579fcc47e6ec466df,image/jpeg,221206,1920,1080,glo-day-spa-salon-sanur-sanur,2f1363b6-c4c5-4e52-bec5-4cbf41281ed5,glo-day-spa-salon-sanur-sanur,venue,DUP-022,project_owner_global_authorization,MEDIA-002,venues.photo_url:glo-day-spa-salon-sanur-sanur,NOT_CREATED_DRY_RUN,true,CANONICALIZE_DUPLICATE_PRESERVE_ASSOCIATIONS,duplicate_content_hash,share canonical bytes; preserve logical association
owner-photo-candidates,owner-candidates/v1/glo-day-spa-salon-sanur-sanur/133425ae29be7333d4ca11757ba81f6f3e2e0d1282ceddae680eaf88d8296133.jpg,egkdapqwkfprtyqvvnso,true,133425ae29be7333d4ca11757ba81f6f3e2e0d1282ceddae680eaf88d8296133,image/jpeg,190316,800,800,glo-day-spa-salon-sanur-sanur,2f1363b6-c4c5-4e52-bec5-4cbf41281ed5,glo-day-spa-salon-sanur-sanur,venue,,project_owner_global_authorization,MEDIA-002,,NOT_CREATED_DRY_RUN,false,READY_FOR_MAPPING,,
owner-photo-candidates,owner-candidates/v1/glo-day-spa-salon-sanur-sanur/3576cb6db0f3fb0ebb8faccd31347bf71a0111e9de3aa2b3d957bdaf02853f98.jpg,egkdapqwkfprtyqvvnso,true,3576cb6db0f3fb0ebb8faccd31347bf71a0111e9de3aa2b3d957bdaf02853f98,image/jpeg,278332,1920,1080,glo-day-spa-salon-sanur-sanur,2f1363b6-c4c5-4e52-bec5-4cbf41281ed5,glo-day-spa-salon-sanur-sanur,venue,DUP-023,project_owner_global_authorization,MEDIA-002,,NOT_CREATED_DRY_RUN,false,CANONICALIZE_DUPLICATE_PRESERVE_ASSOCIATIONS,duplicate_content_hash,share canonical bytes; preserve logical association
owner-photo-candidates,owner-candidates/v1/glo-day-spa-salon-sanur-sanur/baaeb471cdf08b1ac47d80decf2b7eb4741e8bb105204089d6d76980cd7b5074.jpg,egkdapqwkfprtyqvvnso,true,baaeb471cdf08b1ac47d80decf2b7eb4741e8bb105204089d6d76980cd7b5074,image/jpeg,285041,900,600,glo-day-spa-salon-sanur-sanur,2f1363b6-c4c5-4e52-bec5-4cbf41281ed5,glo-day-spa-salon-sanur-sanur,venue,,project_owner_global_authorization,MEDIA-002,,NOT_CREATED_DRY_RUN,false,READY_FOR_MAPPING,,
owner-photo-candidates,owner-candidates/v1/glo-day-spa-salon-sanur-sanur/e7d62d9394c502cc9151a9a5f0481c352bebd310c99a9d92b05421b10347577d.jpg,egkdapqwkfprtyqvvnso,true,e7d62d9394c502cc9151a9a5f0481c352bebd310c99a9d92b05421b10347577d,image/jpeg,222582,900,600,glo-day-spa-salon-sanur-sanur,2f1363b6-c4c5-4e52-bec5-4cbf41281ed5,glo-day-spa-salon-sanur-sanur,venue,,project_owner_global_authorization,MEDIA-002,,NOT_CREATED_DRY_RUN,false,READY_FOR_MAPPING,,
owner-photo-candidates,owner-candidates/v1/glo-day-spa-salon-seminyak-seminyak/0de4def005b14b63dd21702e791d0e040c099964ea14d66579fcc47e6ec466df.jpg,egkdapqwkfprtyqvvnso,true,0de4def005b14b63dd21702e791d0e040c099964ea14d66579fcc47e6ec466df,image/jpeg,221206,1920,1080,glo-day-spa-salon-seminyak-seminyak,f7f46ae1-4f6b-4090-8389-0b83cc329c54,glo-day-spa-salon-seminyak-seminyak,venue,DUP-022,project_owner_global_authorization,MEDIA-002,venues.photo_url:glo-day-spa-salon-seminyak-seminyak,NOT_CREATED_DRY_RUN,true,CANONICALIZE_DUPLICATE_PRESERVE_ASSOCIATIONS,duplicate_content_hash,share canonical bytes; preserve logical association
owner-photo-candidates,owner-candidates/v1/glo-day-spa-salon-seminyak-seminyak/14e3ef9d706881355bba4258d9ee366fa29cc1e7c8fd794e172c4ede16a807ba.jpg,egkdapqwkfprtyqvvnso,true,14e3ef9d706881355bba4258d9ee366fa29cc1e7c8fd794e172c4ede16a807ba,image/jpeg,263590,900,621,glo-day-spa-salon-seminyak-seminyak,f7f46ae1-4f6b-4090-8389-0b83cc329c54,glo-day-spa-salon-seminyak-seminyak,venue,,project_owner_global_authorization,MEDIA-002,,NOT_CREATED_DRY_RUN,false,READY_FOR_MAPPING,,
owner-photo-candidates,owner-candidates/v1/glo-day-spa-salon-seminyak-seminyak/3576cb6db0f3fb0ebb8faccd31347bf71a0111e9de3aa2b3d957bdaf02853f98.jpg,egkdapqwkfprtyqvvnso,true,3576cb6db0f3fb0ebb8faccd31347bf71a0111e9de3aa2b3d957bdaf02853f98,image/jpeg,278332,1920,1080,glo-day-spa-salon-seminyak-seminyak,f7f46ae1-4f6b-4090-8389-0b83cc329c54,glo-day-spa-salon-seminyak-seminyak,venue,DUP-023,project_owner_global_authorization,MEDIA-002,,NOT_CREATED_DRY_RUN,false,CANONICALIZE_DUPLICATE_PRESERVE_ASSOCIATIONS,duplicate_content_hash,share canonical bytes; preserve logical association
owner-photo-candidates,owner-candidates/v1/glo-day-spa-salon-seminyak-seminyak/6d3a535d51e312f450ead335317e08477ddccd9ffc47f4ecb747a929ef2153ba.webp,egkdapqwkfprtyqvvnso,true,6d3a535d51e312f450ead335317e08477ddccd9ffc47f4ecb747a929ef2153ba,image/webp,505992,900,600,glo-day-spa-salon-seminyak-seminyak,f7f46ae1-4f6b-4090-8389-0b83cc329c54,glo-day-spa-salon-seminyak-seminyak,venue,,project_owner_global_authorization,MEDIA-002,,NOT_CREATED_DRY_RUN,false,READY_FOR_MAPPING,,
owner-photo-candidates,owner-candidates/v1/goldust-beauty-facials-canggu/32dbfe30b63b1301843508afddada7c4bad35ffe5c0714dd431056efd3444e25.avif,egkdapqwkfprtyqvvnso,true,32dbfe30b63b1301843508afddada7c4bad35ffe5c0714dd431056efd3444e25,image/heif,117797,2399,1260,goldust-beauty-facials-canggu,91f4da12-af94-4fe6-85fa-0021b8d4ec33,goldust-beauty-facials-canggu,venue,DUP-024,project_owner_global_authorization,MEDIA-002,venues.photo_url:goldust-beauty-facials-canggu,NOT_CREATED_DRY_RUN,true,CANONICALIZE_DUPLICATE_PRESERVE_ASSOCIATIONS,duplicate_content_hash,share canonical bytes; preserve logical association
owner-photo-candidates,owner-candidates/v1/goldust-beauty-facials-canggu/a2f0b793dc62ff8617111df2fc047221b5b39e499b2aeddb7f99a63aefb93695.avif,egkdapqwkfprtyqvvnso,true,a2f0b793dc62ff8617111df2fc047221b5b39e499b2aeddb7f99a63aefb93695,image/heif,79068,2400,1260,goldust-beauty-facials-canggu,91f4da12-af94-4fe6-85fa-0021b8d4ec33,goldust-beauty-facials-canggu,venue,DUP-025,project_owner_global_authorization,MEDIA-002,,NOT_CREATED_DRY_RUN,false,CANONICALIZE_DUPLICATE_PRESERVE_ASSOCIATIONS,duplicate_content_hash,share canonical bytes; preserve logical association
owner-photo-candidates,owner-candidates/v1/goldust-beauty-facials-canggu/a807cacf8cfea9beac6bf3c7d730670e2899183503dec9c50503a3b5fc28e1d4.jpg,egkdapqwkfprtyqvvnso,true,a807cacf8cfea9beac6bf3c7d730670e2899183503dec9c50503a3b5fc28e1d4,image/jpeg,233078,552,980,goldust-beauty-facials-canggu,91f4da12-af94-4fe6-85fa-0021b8d4ec33,goldust-beauty-facials-canggu,venue,,project_owner_global_authorization,MEDIA-002,,NOT_CREATED_DRY_RUN,false,READY_FOR_MAPPING,,
owner-photo-candidates,owner-candidates/v1/goldust-beauty-facials-canggu/cc22c88293b46e3f35a9c809e04fc720c8c113010d918be0eeb3127d73b40bbd.jpg,egkdapqwkfprtyqvvnso,true,cc22c88293b46e3f35a9c809e04fc720c8c113010d918be0eeb3127d73b40bbd,image/jpeg,83030,716,1266,goldust-beauty-facials-canggu,91f4da12-af94-4fe6-85fa-0021b8d4ec33,goldust-beauty-facials-canggu,venue,,project_owner_global_authorization,MEDIA-002,,NOT_CREATED_DRY_RUN,false,READY_FOR_MAPPING,,
owner-photo-candidates,owner-candidates/v1/goldust-beauty-facials-canggu/f2d6254d51cecfeefd31803e9293abea8150540347538c1b775886fd069d42f2.jpg,egkdapqwkfprtyqvvnso,true,f2d6254d51cecfeefd31803e9293abea8150540347538c1b775886fd069d42f2,image/jpeg,1538863,2268,4032,goldust-beauty-facials-canggu,91f4da12-af94-4fe6-85fa-0021b8d4ec33,goldust-beauty-facials-canggu,venue,,project_owner_global_authorization,MEDIA-002,,NOT_CREATED_DRY_RUN,false,READY_FOR_MAPPING,,
owner-photo-candidates,owner-candidates/v1/goldust-beauty-facials-canggu/f6000cad5327e8defa85075ea6f513e8d058d024f0544327d8fff0e908298812.avif,egkdapqwkfprtyqvvnso,true,f6000cad5327e8defa85075ea6f513e8d058d024f0544327d8fff0e908298812,image/heif,285579,2399,1260,goldust-beauty-facials-canggu,91f4da12-af94-4fe6-85fa-0021b8d4ec33,goldust-beauty-facials-canggu,venue,DUP-026,project_owner_global_authorization,MEDIA-002,,NOT_CREATED_DRY_RUN,false,CANONICALIZE_DUPLICATE_PRESERVE_ASSOCIATIONS,duplicate_content_hash,share canonical bytes; preserve logical association
owner-photo-candidates,owner-candidates/v1/goldust-spa-canggu/18cbfc43ca7d11910297d49f05c1afb7b146f2254512b714c13206e31aa1fe91.jpg,egkdapqwkfprtyqvvnso,true,18cbfc43ca7d11910297d49f05c1afb7b146f2254512b714c13206e31aa1fe91,image/jpeg,75021,640,1136,goldust-spa-canggu,36062fcd-bc5b-4af8-b0f2-f31e24a88b8b,goldust-spa-canggu,venue,,project_owner_global_authorization,MEDIA-002,venues.photo_url:goldust-spa-canggu,NOT_CREATED_DRY_RUN,true,READY_FOR_MAPPING,,
owner-photo-candidates,owner-candidates/v1/goldust-spa-canggu/32dbfe30b63b1301843508afddada7c4bad35ffe5c0714dd431056efd3444e25.avif,egkdapqwkfprtyqvvnso,true,32dbfe30b63b1301843508afddada7c4bad35ffe5c0714dd431056efd3444e25,image/heif,117797,2399,1260,goldust-spa-canggu,36062fcd-bc5b-4af8-b0f2-f31e24a88b8b,goldust-spa-canggu,venue,DUP-024,project_owner_global_authorization,MEDIA-002,,NOT_CREATED_DRY_RUN,false,CANONICALIZE_DUPLICATE_PRESERVE_ASSOCIATIONS,duplicate_content_hash,share canonical bytes; preserve logical association
owner-photo-candidates,owner-candidates/v1/goldust-spa-canggu/43efcb1d0da716071a73002b50594eae6fa25bf7adff5d23fc2c79c5c326fc07.jpg,egkdapqwkfprtyqvvnso,true,43efcb1d0da716071a73002b50594eae6fa25bf7adff5d23fc2c79c5c326fc07,image/jpeg,36800,480,640,goldust-spa-canggu,36062fcd-bc5b-4af8-b0f2-f31e24a88b8b,goldust-spa-canggu,venue,,project_owner_global_authorization,MEDIA-002,,NOT_CREATED_DRY_RUN,false,READY_FOR_MAPPING,,
owner-photo-candidates,owner-candidates/v1/goldust-spa-canggu/724066df4c0e87513530e5c88962821620cf948ecb0d391681118744744ca09f.jpg,egkdapqwkfprtyqvvnso,true,724066df4c0e87513530e5c88962821620cf948ecb0d391681118744744ca09f,image/jpeg,41572,608,1080,goldust-spa-canggu,36062fcd-bc5b-4af8-b0f2-f31e24a88b8b,goldust-spa-canggu,venue,,project_owner_global_authorization,MEDIA-002,,NOT_CREATED_DRY_RUN,false,READY_FOR_MAPPING,,
owner-photo-candidates,owner-candidates/v1/goldust-spa-canggu/a2f0b793dc62ff8617111df2fc047221b5b39e499b2aeddb7f99a63aefb93695.avif,egkdapqwkfprtyqvvnso,true,a2f0b793dc62ff8617111df2fc047221b5b39e499b2aeddb7f99a63aefb93695,image/heif,79068,2400,1260,goldust-spa-canggu,36062fcd-bc5b-4af8-b0f2-f31e24a88b8b,goldust-spa-canggu,venue,DUP-025,project_owner_global_authorization,MEDIA-002,,NOT_CREATED_DRY_RUN,false,CANONICALIZE_DUPLICATE_PRESERVE_ASSOCIATIONS,duplicate_content_hash,share canonical bytes; preserve logical association
owner-photo-candidates,owner-candidates/v1/goldust-spa-canggu/f6000cad5327e8defa85075ea6f513e8d058d024f0544327d8fff0e908298812.avif,egkdapqwkfprtyqvvnso,true,f6000cad5327e8defa85075ea6f513e8d058d024f0544327d8fff0e908298812,image/heif,285579,2399,1260,goldust-spa-canggu,36062fcd-bc5b-4af8-b0f2-f31e24a88b8b,goldust-spa-canggu,venue,DUP-026,project_owner_global_authorization,MEDIA-002,,NOT_CREATED_DRY_RUN,false,CANONICALIZE_DUPLICATE_PRESERVE_ASSOCIATIONS,duplicate_content_hash,share canonical bytes; preserve logical association
owner-photo-candidates,owner-candidates/v1/gong-restaurant/19be67f26be84aee5b3fa31a03136f1c66dab19c09976090724874685e9fa6de.jpg,egkdapqwkfprtyqvvnso,true,19be67f26be84aee5b3fa31a03136f1c66dab19c09976090724874685e9fa6de,image/jpeg,218845,1080,1350,gong-restaurant,v_import_gong_restaurant,gong-restaurant,venue,,project_owner_global_authorization,MEDIA-002,venues.photo_url:gong-restaurant,NOT_CREATED_DRY_RUN,true,READY_FOR_MAPPING,,
owner-photo-candidates,owner-candidates/v1/gong-restaurant/87f47f61d3c3461c41707502553a21deb7c54e8229c50afaa3743ab78e76d8e3.jpg,egkdapqwkfprtyqvvnso,true,87f47f61d3c3461c41707502553a21deb7c54e8229c50afaa3743ab78e76d8e3,image/jpeg,203821,900,1125,gong-restaurant,v_import_gong_restaurant,gong-restaurant,venue,,project_owner_global_authorization,MEDIA-002,,NOT_CREATED_DRY_RUN,false,READY_FOR_MAPPING,,
owner-photo-candidates,owner-candidates/v1/gooseberry-french-restaurant-uluwatu/2301ab4dd27e77b94f428d7d4d5c348c7b9ed41989490960ad82d7e1429c87e8.jpg,egkdapqwkfprtyqvvnso,true,2301ab4dd27e77b94f428d7d4d5c348c7b9ed41989490960ad82d7e1429c87e8,image/jpeg,646955,1968,2460,gooseberry-french-restaurant-uluwatu,v_import_gooseberry_french_restaurant_uluwatu,gooseberry-french-restaurant-uluwatu,venue,,project_owner_global_authorization,MEDIA-002,venues.photo_url:gooseberry-french-restaurant-uluwatu,NOT_CREATED_DRY_RUN,true,READY_FOR_MAPPING,,
owner-photo-candidates,owner-candidates/v1/gooseberry-french-restaurant-uluwatu/5adfe4a2361abdc3b311ac2df19e8fbe7eae86c14fa3da3ee1544fd965035ab4.jpg,egkdapqwkfprtyqvvnso,true,5adfe4a2361abdc3b311ac2df19e8fbe7eae86c14fa3da3ee1544fd965035ab4,image/jpeg,609392,1440,1800,gooseberry-french-restaurant-uluwatu,v_import_gooseberry_french_restaurant_uluwatu,gooseberry-french-restaurant-uluwatu,venue,,project_owner_global_authorization,MEDIA-002,,NOT_CREATED_DRY_RUN,false,READY_FOR_MAPPING,,
owner-photo-candidates,owner-candidates/v1/gooseberry-french-restaurant-uluwatu/bccf5f34742da4a50c9a3d6f785aebe71e2cd7069e39315af39f7e1e86a5f578.jpg,egkdapqwkfprtyqvvnso,true,bccf5f34742da4a50c9a3d6f785aebe71e2cd7069e39315af39f7e1e86a5f578,image/jpeg,356114,1440,1663,gooseberry-french-restaurant-uluwatu,v_import_gooseberry_french_restaurant_uluwatu,gooseberry-french-restaurant-uluwatu,venue,,project_owner_global_authorization,MEDIA-002,,NOT_CREATED_DRY_RUN,false,READY_FOR_MAPPING,,
owner-photo-candidates,owner-candidates/v1/guan-yin-yoga-canggu/ce475b6602cd6b18c87e1efbf93ee6fb32d35110c1c251d7e1f735fb90f692b7.jpg,egkdapqwkfprtyqvvnso,true,ce475b6602cd6b18c87e1efbf93ee6fb32d35110c1c251d7e1f735fb90f692b7,image/jpeg,92988,720,720,guan-yin-yoga-canggu,wbimp_guan-yin-yoga-canggu,guan-yin-yoga-canggu,venue,,project_owner_global_authorization,MEDIA-002,venues.photo_url:guan-yin-yoga-canggu,NOT_CREATED_DRY_RUN,true,READY_FOR_MAPPING,,
owner-photo-candidates,owner-candidates/v1/guan-yin-yoga-canggu/e2e2930222f247146b8eb938c6ce9c541b31d4b0b3a06bd578b8dd8c7cd5f29b.jpg,egkdapqwkfprtyqvvnso,true,e2e2930222f247146b8eb938c6ce9c541b31d4b0b3a06bd578b8dd8c7cd5f29b,image/jpeg,742142,1000,1000,guan-yin-yoga-canggu,wbimp_guan-yin-yoga-canggu,guan-yin-yoga-canggu,venue,,project_owner_global_authorization,MEDIA-002,,NOT_CREATED_DRY_RUN,false,READY_FOR_MAPPING,,
owner-photo-candidates,owner-candidates/v1/guan-yin-yoga-canggu/f4606778db1de9de224a0885299cd25ea0f232e6ee746aec389d2dc60bb531a0.jpg,egkdapqwkfprtyqvvnso,true,f4606778db1de9de224a0885299cd25ea0f232e6ee746aec389d2dc60bb531a0,image/jpeg,481731,1000,1000,guan-yin-yoga-canggu,wbimp_guan-yin-yoga-canggu,guan-yin-yoga-canggu,venue,,project_owner_global_authorization,MEDIA-002,,NOT_CREATED_DRY_RUN,false,READY_FOR_MAPPING,,
owner-photo-candidates,owner-candidates/v1/healing-village-spa-at-four-seasons-jimbaran-jimbaran/523eb94b9324ad3b83a3ff9e4fb6d700ef095f18cb26acc4bfc8aedc00f268e8.jpg,egkdapqwkfprtyqvvnso,true,523eb94b9324ad3b83a3ff9e4fb6d700ef095f18cb26acc4bfc8aedc00f268e8,image/jpeg,131046,701,935,healing-village-spa-at-four-seasons-jimbaran-jimbaran,abdc8bed-99c7-4adc-88b7-d1b70e743866,healing-village-spa-at-four-seasons-jimbaran-jimbaran,venue,,project_owner_global_authorization,MEDIA-002,venues.photo_url:healing-village-spa-at-four-seasons-jimbaran-jimbaran,NOT_CREATED_DRY_RUN,true,READY_FOR_MAPPING,,
owner-photo-candidates,owner-candidates/v1/healing-village-spa-at-four-seasons-jimbaran-jimbaran/c51b4452b84f638c97490e46791b1e36ac9cdb24d4f8fbdd89625e1f270100ea.jpg,egkdapqwkfprtyqvvnso,true,c51b4452b84f638c97490e46791b1e36ac9cdb24d4f8fbdd89625e1f270100ea,image/jpeg,139310,1530,861,healing-village-spa-at-four-seasons-jimbaran-jimbaran,abdc8bed-99c7-4adc-88b7-d1b70e743866,healing-village-spa-at-four-seasons-jimbaran-jimbaran,venue,,project_owner_global_authorization,MEDIA-002,,NOT_CREATED_DRY_RUN,false,READY_FOR_MAPPING,,
owner-photo-candidates,owner-candidates/v1/healing-village-spa-at-four-seasons-jimbaran-jimbaran/c917053b870849cd34d0d0a80c3d40d9d270b6af86b2fc26d58dabaa04a9da8c.jpg,egkdapqwkfprtyqvvnso,true,c917053b870849cd34d0d0a80c3d40d9d270b6af86b2fc26d58dabaa04a9da8c,image/jpeg,323862,1530,861,healing-village-spa-at-four-seasons-jimbaran-jimbaran,abdc8bed-99c7-4adc-88b7-d1b70e743866,healing-village-spa-at-four-seasons-jimbaran-jimbaran,venue,,project_owner_global_authorization,MEDIA-002,,NOT_CREATED_DRY_RUN,false,READY_FOR_MAPPING,,
owner-photo-candidates,owner-candidates/v1/heart-space-bali/413ceef823554859011bed84f84e032b7b804cac59be6ced4ea8192e32dc4912.png,egkdapqwkfprtyqvvnso,true,413ceef823554859011bed84f84e032b7b804cac59be6ced4ea8192e32dc4912,image/png,40949,1970,1970,heart-space-bali,f3a778c2-bb86-430d-b87e-2bad28b666e2,heart-space-bali,venue,DUP-027,project_owner_global_authorization,MEDIA-002,venues.photo_url:heart-space-bali,NOT_CREATED_DRY_RUN,true,CANONICALIZE_DUPLICATE_PRESERVE_ASSOCIATIONS,duplicate_content_hash,share canonical bytes; preserve logical association
owner-photo-candidates,owner-candidates/v1/heart-space-bali/b68f99272708ab50a93101893b962126b2b462cbba7195f6e8b47734647fb461.png,egkdapqwkfprtyqvvnso,true,b68f99272708ab50a93101893b962126b2b462cbba7195f6e8b47734647fb461,image/png,94046,1330,1330,heart-space-bali,f3a778c2-bb86-430d-b87e-2bad28b666e2,heart-space-bali,venue,,project_owner_global_authorization,MEDIA-002,,NOT_CREATED_DRY_RUN,false,READY_FOR_MAPPING,,
owner-photo-candidates,owner-candidates/v1/heart-space-bali/f8257979367675a368bc40bdc5ae1ce701c38bf406b801fc603d58a312a814aa.png,egkdapqwkfprtyqvvnso,true,f8257979367675a368bc40bdc5ae1ce701c38bf406b801fc603d58a312a814aa,image/png,51028,1810,887,heart-space-bali,f3a778c2-bb86-430d-b87e-2bad28b666e2,heart-space-bali,venue,,project_owner_global_authorization,MEDIA-002,,NOT_CREATED_DRY_RUN,false,READY_FOR_MAPPING,,
owner-photo-candidates,owner-candidates/v1/hog-wild-with-chef-bruno/ae38346e59389cd15f78da1a4bf60ae175b5c136545d32ec2b2201ad32756f96.jpg,egkdapqwkfprtyqvvnso,true,ae38346e59389cd15f78da1a4bf60ae175b5c136545d32ec2b2201ad32756f96,image/jpeg,242390,1080,1350,hog-wild-with-chef-bruno,v_import_hog_wild_with_chef_bruno,hog-wild-with-chef-bruno,venue,,project_owner_global_authorization,MEDIA-002,venues.photo_url:hog-wild-with-chef-bruno,NOT_CREATED_DRY_RUN,true,READY_FOR_MAPPING,,
owner-photo-candidates,owner-candidates/v1/hog-wild-with-chef-bruno/c302e61bfd06bfd9ba3b076caa95c8cd4741a0d9d6db9b97ace38ea245041fcf.webp,egkdapqwkfprtyqvvnso,true,c302e61bfd06bfd9ba3b076caa95c8cd4741a0d9d6db9b97ace38ea245041fcf,image/webp,238528,1360,1020,hog-wild-with-chef-bruno,v_import_hog_wild_with_chef_bruno,hog-wild-with-chef-bruno,venue,,project_owner_global_authorization,MEDIA-002,,NOT_CREATED_DRY_RUN,false,READY_FOR_MAPPING,,
owner-photo-candidates,owner-candidates/v1/hog-wild-with-chef-bruno/dd14c792c57a8ae02d684fe240f0b7ecf0af600ee85d4dc5f8da3c22fd7cb55c.jpg,egkdapqwkfprtyqvvnso,true,dd14c792c57a8ae02d684fe240f0b7ecf0af600ee85d4dc5f8da3c22fd7cb55c,image/jpeg,600027,1350,1688,hog-wild-with-chef-bruno,v_import_hog_wild_with_chef_bruno,hog-wild-with-chef-bruno,venue,,project_owner_global_authorization,MEDIA-002,,NOT_CREATED_DRY_RUN,false,READY_FOR_MAPPING,,
owner-photo-candidates,owner-candidates/v1/honey-kitchen/0fd582a674105c4469b2a1a74cffb0024e15b468a1a581061983792ea24ea95c.jpg,egkdapqwkfprtyqvvnso,true,0fd582a674105c4469b2a1a74cffb0024e15b468a1a581061983792ea24ea95c,image/jpeg,1363630,3277,4096,honey-kitchen,v_import_honey_kitchen,honey-kitchen,venue,,project_owner_global_authorization,MEDIA-002,venues.photo_url:honey-kitchen,NOT_CREATED_DRY_RUN,true,READY_FOR_MAPPING,,
owner-photo-candidates,owner-candidates/v1/honey-kitchen/dd8f5e7c961798381b987746e4ff78995ceec42fa67ef8455bba257a80d5a15e.jpg,egkdapqwkfprtyqvvnso,true,dd8f5e7c961798381b987746e4ff78995ceec42fa67ef8455bba257a80d5a15e,image/jpeg,1086669,2460,3075,honey-kitchen,v_import_honey_kitchen,honey-kitchen,venue,,project_owner_global_authorization,MEDIA-002,,NOT_CREATED_DRY_RUN,false,READY_FOR_MAPPING,,
owner-photo-candidates,owner-candidates/v1/honey-kitchen/e8a10f5b2fda128cad16df8c81fa504b10eae14d443b35b2da5579ea8661b4cf.jpg,egkdapqwkfprtyqvvnso,true,e8a10f5b2fda128cad16df8c81fa504b10eae14d443b35b2da5579ea8661b4cf,image/jpeg,1340672,3277,4096,honey-kitchen,v_import_honey_kitchen,honey-kitchen,venue,,project_owner_global_authorization,MEDIA-002,,NOT_CREATED_DRY_RUN,false,READY_FOR_MAPPING,,
owner-photo-candidates,owner-candidates/v1/house-of-orange-beauty-canggu-canggu/176ee6be377ec884e1b293a941fa5305dcece6ead0601923bf88e405ecfdc0e6.jpg,egkdapqwkfprtyqvvnso,true,176ee6be377ec884e1b293a941fa5305dcece6ead0601923bf88e405ecfdc0e6,image/jpeg,704158,2048,1536,house-of-orange-beauty-canggu-canggu,330d228f-365f-4ce4-a0ed-a60351509ba4,house-of-orange-beauty-canggu-canggu,venue,,project_owner_global_authorization,MEDIA-002,venues.photo_url:house-of-orange-beauty-canggu-canggu,NOT_CREATED_DRY_RUN,true,READY_FOR_MAPPING,,
owner-photo-candidates,owner-candidates/v1/house-of-orange-beauty-canggu-canggu/d03a079a62aa24f624c9652a3b2396f6c1c3f978825b1d52617b023fed32f4c8.jpg,egkdapqwkfprtyqvvnso,true,d03a079a62aa24f624c9652a3b2396f6c1c3f978825b1d52617b023fed32f4c8,image/jpeg,203700,1748,1620,house-of-orange-beauty-canggu-canggu,330d228f-365f-4ce4-a0ed-a60351509ba4,house-of-orange-beauty-canggu-canggu,venue,,project_owner_global_authorization,MEDIA-002,,NOT_CREATED_DRY_RUN,false,READY_FOR_MAPPING,,
owner-photo-candidates,owner-candidates/v1/house-of-orange-beauty-canggu-canggu/f108b0bed7ad729ea3255048d72f12bf63abc763f6e6f374df7ccc175e20ad46.jpg,egkdapqwkfprtyqvvnso,true,f108b0bed7ad729ea3255048d72f12bf63abc763f6e6f374df7ccc175e20ad46,image/jpeg,501456,1440,2560,house-of-orange-beauty-canggu-canggu,330d228f-365f-4ce4-a0ed-a60351509ba4,house-of-orange-beauty-canggu-canggu,venue,,project_owner_global_authorization,MEDIA-002,,NOT_CREATED_DRY_RUN,false,READY_FOR_MAPPING,,
owner-photo-candidates,owner-candidates/v1/hujan-locale/19070c3db2c3b33411d4c4fe977b3269c971cb6767f88b96783bb0ac142af89e.webp,egkdapqwkfprtyqvvnso,true,19070c3db2c3b33411d4c4fe977b3269c971cb6767f88b96783bb0ac142af89e,image/webp,160534,1200,800,hujan-locale,v_hujan-locale,hujan-locale,venue,,project_owner_global_authorization,MEDIA-002,venues.photo_url:hujan-locale,NOT_CREATED_DRY_RUN,true,READY_FOR_MAPPING,,
owner-photo-candidates,owner-candidates/v1/hujan-locale/8ad752d0fc1ec3f5388838bce34401770bf43f9d3101d3c1c8f40d31a99ee436.png,egkdapqwkfprtyqvvnso,true,8ad752d0fc1ec3f5388838bce34401770bf43f9d3101d3c1c8f40d31a99ee436,image/png,1272499,1200,630,hujan-locale,v_hujan-locale,hujan-locale,venue,,project_owner_global_authorization,MEDIA-002,,NOT_CREATED_DRY_RUN,false,READY_FOR_MAPPING,,
owner-photo-candidates,owner-candidates/v1/hujan-locale/ae0306d5170b78aba7b1b79a011ec305352440afad33ebc6ec9ad03e2dfe1901.webp,egkdapqwkfprtyqvvnso,true,ae0306d5170b78aba7b1b79a011ec305352440afad33ebc6ec9ad03e2dfe1901,image/webp,201022,2560,800,hujan-locale,v_hujan-locale,hujan-locale,venue,,project_owner_global_authorization,MEDIA-002,,NOT_CREATED_DRY_RUN,false,READY_FOR_MAPPING,,
owner-photo-candidates,owner-candidates/v1/ibu-rai/4993d0f21dbc6cf7fce73dbefec932b6de6a10294d0c9f718e554a0bc9ca6d1b.jpg,egkdapqwkfprtyqvvnso,true,4993d0f21dbc6cf7fce73dbefec932b6de6a10294d0c9f718e554a0bc9ca6d1b,image/jpeg,252939,1440,1440,ibu-rai,v_import_ibu_rai,ibu-rai,venue,,project_owner_global_authorization,MEDIA-002,venues.photo_url:ibu-rai,NOT_CREATED_DRY_RUN,true,READY_FOR_MAPPING,,
owner-photo-candidates,owner-candidates/v1/ibu-rai/4a4a5e2c56cefdc883cacb3b9618d425d396ff2c9ff2af908ce5a0ee21f54c36.jpg,egkdapqwkfprtyqvvnso,true,4a4a5e2c56cefdc883cacb3b9618d425d396ff2c9ff2af908ce5a0ee21f54c36,image/jpeg,323501,1440,1440,ibu-rai,v_import_ibu_rai,ibu-rai,venue,,project_owner_global_authorization,MEDIA-002,,NOT_CREATED_DRY_RUN,false,READY_FOR_MAPPING,,
owner-photo-candidates,owner-candidates/v1/ibu-rai/b2b36341ba505b66b484e873175d7a3b4c98a61229037e985174bef2c156aa58.jpg,egkdapqwkfprtyqvvnso,true,b2b36341ba505b66b484e873175d7a3b4c98a61229037e985174bef2c156aa58,image/jpeg,765209,1440,1800,ibu-rai,v_import_ibu_rai,ibu-rai,venue,,project_owner_global_authorization,MEDIA-002,,NOT_CREATED_DRY_RUN,false,READY_FOR_MAPPING,,
owner-photo-candidates,owner-candidates/v1/intercontinental-bali-resort-beauty-services-jimbaran/2e3f0629aa749746c173b364c9a23156824fc9f191d38f99a970a03391472812.webp,egkdapqwkfprtyqvvnso,true,2e3f0629aa749746c173b364c9a23156824fc9f191d38f99a970a03391472812,image/webp,138254,1440,960,intercontinental-bali-resort-beauty-services-jimbaran,ac2e64dc-b17d-4d04-9b62-e9191c9cfe9c,intercontinental-bali-resort-beauty-services-jimbaran,venue,,project_owner_global_authorization,MEDIA-002,venues.photo_url:intercontinental-bali-resort-beauty-services-jimbaran,NOT_CREATED_DRY_RUN,true,READY_FOR_MAPPING,,
owner-photo-candidates,owner-candidates/v1/intercontinental-bali-resort-beauty-services-jimbaran/33b204815092f4c880e9db49cea8f75ce36d9d27ac6fb8dd7fe4cd0e8a888ca0.webp,egkdapqwkfprtyqvvnso,true,33b204815092f4c880e9db49cea8f75ce36d9d27ac6fb8dd7fe4cd0e8a888ca0,image/webp,61162,1440,960,intercontinental-bali-resort-beauty-services-jimbaran,ac2e64dc-b17d-4d04-9b62-e9191c9cfe9c,intercontinental-bali-resort-beauty-services-jimbaran,venue,,project_owner_global_authorization,MEDIA-002,,NOT_CREATED_DRY_RUN,false,READY_FOR_MAPPING,,
owner-photo-candidates,owner-candidates/v1/intercontinental-bali-resort-beauty-services-jimbaran/55ea271729db4ace96ea5799ba85652010697b633c18bd132676c35903f5e97c.webp,egkdapqwkfprtyqvvnso,true,55ea271729db4ace96ea5799ba85652010697b633c18bd132676c35903f5e97c,image/webp,92466,1440,746,intercontinental-bali-resort-beauty-services-jimbaran,ac2e64dc-b17d-4d04-9b62-e9191c9cfe9c,intercontinental-bali-resort-beauty-services-jimbaran,venue,,project_owner_global_authorization,MEDIA-002,,NOT_CREATED_DRY_RUN,false,READY_FOR_MAPPING,,
owner-photo-candidates,owner-candidates/v1/island-grooming-barbershop/4529f2e80d0ab4bf78715556b304580c4c6637935a97bfc91c2c5a5153281317.jpg,egkdapqwkfprtyqvvnso,true,4529f2e80d0ab4bf78715556b304580c4c6637935a97bfc91c2c5a5153281317,image/jpeg,116555,720,1280,island-grooming-barbershop,wbimp_island-grooming-barbershop,island-grooming-barbershop,venue,,project_owner_global_authorization,MEDIA-002,venues.photo_url:island-grooming-barbershop,NOT_CREATED_DRY_RUN,true,READY_FOR_MAPPING,,
owner-photo-candidates,owner-candidates/v1/island-grooming-barbershop/650738ab0cbe6a3bc615435a3c32c8a18629bfc93053494a6c2e05cfc37d0fef.jpg,egkdapqwkfprtyqvvnso,true,650738ab0cbe6a3bc615435a3c32c8a18629bfc93053494a6c2e05cfc37d0fef,image/jpeg,106057,720,960,island-grooming-barbershop,wbimp_island-grooming-barbershop,island-grooming-barbershop,venue,,project_owner_global_authorization,MEDIA-002,,NOT_CREATED_DRY_RUN,false,READY_FOR_MAPPING,,
owner-photo-candidates,owner-candidates/v1/izakaya-by-oku/29562851b53a8905639aa08c9e1c8ce03090bb6918c5259bd80a1085eb2672b3.avif,egkdapqwkfprtyqvvnso,true,29562851b53a8905639aa08c9e1c8ce03090bb6918c5259bd80a1085eb2672b3,image/heif,93903,1066,800,izakaya-by-oku,v_import_izakaya_by_oku,izakaya-by-oku,venue,,project_owner_global_authorization,MEDIA-002,venues.photo_url:izakaya-by-oku,NOT_CREATED_DRY_RUN,true,READY_FOR_MAPPING,,
owner-photo-candidates,owner-candidates/v1/izakaya-by-oku/a94e2d1162958a33678a6c25dbbfbcddb9312cc0d1e38c443551cf1a5eda9b2f.webp,egkdapqwkfprtyqvvnso,true,a94e2d1162958a33678a6c25dbbfbcddb9312cc0d1e38c443551cf1a5eda9b2f,image/webp,670780,1920,1440,izakaya-by-oku,v_import_izakaya_by_oku,izakaya-by-oku,venue,DUP-028,project_owner_global_authorization,MEDIA-002,,NOT_CREATED_DRY_RUN,false,CANONICALIZE_DUPLICATE_PRESERVE_ASSOCIATIONS,duplicate_content_hash,share canonical bytes; preserve logical association
owner-photo-candidates,owner-candidates/v1/izakaya-by-oku/e8476e7ed720aa8f5a79e24dabff77afbb58ec5776e40c5231ad91054092d6a1.avif,egkdapqwkfprtyqvvnso,true,e8476e7ed720aa8f5a79e24dabff77afbb58ec5776e40c5231ad91054092d6a1,image/heif,67443,1200,799,izakaya-by-oku,v_import_izakaya_by_oku,izakaya-by-oku,venue,,project_owner_global_authorization,MEDIA-002,,NOT_CREATED_DRY_RUN,false,READY_FOR_MAPPING,,
owner-photo-candidates,owner-candidates/v1/izakaya-by-oku/f3ac475a8285ed661a4c6ebb7909708945fdc0c8a0dbca9406daa2d23c0064cb.webp,egkdapqwkfprtyqvvnso,true,f3ac475a8285ed661a4c6ebb7909708945fdc0c8a0dbca9406daa2d23c0064cb,image/webp,338620,1920,1440,izakaya-by-oku,v_import_izakaya_by_oku,izakaya-by-oku,venue,DUP-029,project_owner_global_authorization,MEDIA-002,,NOT_CREATED_DRY_RUN,false,CANONICALIZE_DUPLICATE_PRESERVE_ASSOCIATIONS,duplicate_content_hash,share canonical bytes; preserve logical association
owner-photo-candidates,owner-candidates/v1/jaens-spa-ubud-ubud/24e5bb0e24658efaa091b7cf0403adda7e445be4de8a03b975d354d45e4049a5.avif,egkdapqwkfprtyqvvnso,true,24e5bb0e24658efaa091b7cf0403adda7e445be4de8a03b975d354d45e4049a5,image/heif,81863,2048,1365,jaens-spa-ubud-ubud,f3d7a422-5645-4a00-a9ce-1ef16fae57f2,jaens-spa-ubud-ubud,venue,,project_owner_global_authorization,MEDIA-002,venues.photo_url:jaens-spa-ubud-ubud,NOT_CREATED_DRY_RUN,true,READY_FOR_MAPPING,,
owner-photo-candidates,owner-candidates/v1/jaens-spa-ubud-ubud/8f794fa3d4c537fc719e1db6820564849a56e2b70f7f5052b243ec2dfd15f29b.avif,egkdapqwkfprtyqvvnso,true,8f794fa3d4c537fc719e1db6820564849a56e2b70f7f5052b243ec2dfd15f29b,image/heif,106561,2560,1706,jaens-spa-ubud-ubud,f3d7a422-5645-4a00-a9ce-1ef16fae57f2,jaens-spa-ubud-ubud,venue,,project_owner_global_authorization,MEDIA-002,,NOT_CREATED_DRY_RUN,false,READY_FOR_MAPPING,,
owner-photo-candidates,owner-candidates/v1/jaens-spa-ubud-ubud/b0888d2c6448e3dd998bad8516c9d6c705f1370163f36d1c391e8652a7fc1ff4.avif,egkdapqwkfprtyqvvnso,true,b0888d2c6448e3dd998bad8516c9d6c705f1370163f36d1c391e8652a7fc1ff4,image/heif,43012,2206,1471,jaens-spa-ubud-ubud,f3d7a422-5645-4a00-a9ce-1ef16fae57f2,jaens-spa-ubud-ubud,venue,,project_owner_global_authorization,MEDIA-002,,NOT_CREATED_DRY_RUN,false,READY_FOR_MAPPING,,
owner-photo-candidates,owner-candidates/v1/jalapeno/725f486fd7e62b5fb4605af77a912e2a91dd692146aec6137c030f91f028d859.webp,egkdapqwkfprtyqvvnso,true,725f486fd7e62b5fb4605af77a912e2a91dd692146aec6137c030f91f028d859,image/webp,119420,1280,853,jalapeno,v_import_jalapeno,jalapeno,venue,,project_owner_global_authorization,MEDIA-002,venues.photo_url:jalapeno,NOT_CREATED_DRY_RUN,true,READY_FOR_MAPPING,,
owner-photo-candidates,owner-candidates/v1/jalapeno/a61758c87038a09dd24c94b06d081ce45990508c837b1e36b85e104aaac413e5.webp,egkdapqwkfprtyqvvnso,true,a61758c87038a09dd24c94b06d081ce45990508c837b1e36b85e104aaac413e5,image/webp,201892,1365,2048,jalapeno,v_import_jalapeno,jalapeno,venue,,project_owner_global_authorization,MEDIA-002,,NOT_CREATED_DRY_RUN,false,READY_FOR_MAPPING,,
owner-photo-candidates,owner-candidates/v1/jalapeno/d4e7e7cb7f2543fab5a8db91ccef24df05056efd930a905956d0eeff2309c078.webp,egkdapqwkfprtyqvvnso,true,d4e7e7cb7f2543fab5a8db91ccef24df05056efd930a905956d0eeff2309c078,image/webp,360022,2047,1364,jalapeno,v_import_jalapeno,jalapeno,venue,,project_owner_global_authorization,MEDIA-002,,NOT_CREATED_DRY_RUN,false,READY_FOR_MAPPING,,
owner-photo-candidates,owner-candidates/v1/jari-menari-seminyak/3a1c74fc1d261aeb62c6cf330152f07f306c1bed0e0bf8fe333501b19e713ca6.jpg,egkdapqwkfprtyqvvnso,true,3a1c74fc1d261aeb62c6cf330152f07f306c1bed0e0bf8fe333501b19e713ca6,image/jpeg,823635,3024,1181,jari-menari-seminyak,70c2d270-10f6-4156-a158-73ea8e9eaf53,jari-menari-seminyak,venue,,project_owner_global_authorization,MEDIA-002,venues.photo_url:jari-menari-seminyak,NOT_CREATED_DRY_RUN,true,READY_FOR_MAPPING,,
owner-photo-candidates,owner-candidates/v1/jari-menari-seminyak/9d2ae178a2f327abf10b0a3372dbacd719a9cecaab35353636e9f6190b37f009.jpg,egkdapqwkfprtyqvvnso,true,9d2ae178a2f327abf10b0a3372dbacd719a9cecaab35353636e9f6190b37f009,image/jpeg,432563,1979,1350,jari-menari-seminyak,70c2d270-10f6-4156-a158-73ea8e9eaf53,jari-menari-seminyak,venue,,project_owner_global_authorization,MEDIA-002,,NOT_CREATED_DRY_RUN,false,READY_FOR_MAPPING,,
owner-photo-candidates,owner-candidates/v1/jari-menari-seminyak/cd9754d59ba7d81b96b52c58fb0b53864a4d132b172a54333bc6299aaf0dacf8.jpg,egkdapqwkfprtyqvvnso,true,cd9754d59ba7d81b96b52c58fb0b53864a4d132b172a54333bc6299aaf0dacf8,image/jpeg,2827408,4032,1575,jari-menari-seminyak,70c2d270-10f6-4156-a158-73ea8e9eaf53,jari-menari-seminyak,venue,,project_owner_global_authorization,MEDIA-002,,NOT_CREATED_DRY_RUN,false,READY_FOR_MAPPING,,
owner-photo-candidates,owner-candidates/v1/jet-black-ginger-canggu-canggu/26ae4f87e50ff3d9a19626353e2862621fe47cc72fbccfd6488b919ff0ab5e83.jpg,egkdapqwkfprtyqvvnso,true,26ae4f87e50ff3d9a19626353e2862621fe47cc72fbccfd6488b919ff0ab5e83,image/jpeg,149022,1080,1350,jet-black-ginger-canggu-canggu,b2a646c2-c461-4253-aeb8-babe057fe5d5,jet-black-ginger-canggu-canggu,venue,,project_owner_global_authorization,MEDIA-002,venues.photo_url:jet-black-ginger-canggu-canggu,NOT_CREATED_DRY_RUN,true,READY_FOR_MAPPING,,
owner-photo-candidates,owner-candidates/v1/jet-black-ginger-canggu-canggu/2dc39ad0ca0948027bc94ed0f57fbd037cbbc2c123c1c7d9f8482ae3bb34869a.jpg,egkdapqwkfprtyqvvnso,true,2dc39ad0ca0948027bc94ed0f57fbd037cbbc2c123c1c7d9f8482ae3bb34869a,image/jpeg,166553,1118,1405,jet-black-ginger-canggu-canggu,b2a646c2-c461-4253-aeb8-babe057fe5d5,jet-black-ginger-canggu-canggu,venue,,project_owner_global_authorization,MEDIA-002,,NOT_CREATED_DRY_RUN,false,READY_FOR_MAPPING,,
owner-photo-candidates,owner-candidates/v1/jet-black-ginger-canggu-canggu/7fd745e97bea3012dcfc44a8bfdc656d69d95d956bccf9d2229e40bf5836ca1e.jpg,egkdapqwkfprtyqvvnso,true,7fd745e97bea3012dcfc44a8bfdc656d69d95d956bccf9d2229e40bf5836ca1e,image/jpeg,340943,1612,1968,jet-black-ginger-canggu-canggu,b2a646c2-c461-4253-aeb8-babe057fe5d5,jet-black-ginger-canggu-canggu,venue,,project_owner_global_authorization,MEDIA-002,,NOT_CREATED_DRY_RUN,false,READY_FOR_MAPPING,,
owner-photo-candidates,owner-candidates/v1/ji-restaurant-bali/0374f1fea2bd7e4754e2907b44340a17af3766c38089be9eb0d47ab86aa0ddd9.jpg,egkdapqwkfprtyqvvnso,true,0374f1fea2bd7e4754e2907b44340a17af3766c38089be9eb0d47ab86aa0ddd9,image/jpeg,293139,2560,1067,ji-restaurant-bali,v_import_ji_restaurant_bali,ji-restaurant-bali,venue,,project_owner_global_authorization,MEDIA-002,venues.photo_url:ji-restaurant-bali,NOT_CREATED_DRY_RUN,true,READY_FOR_MAPPING,,
owner-photo-candidates,owner-candidates/v1/ji-restaurant-bali/0581e5573c17c9209e8dfd77651afa7dfa0f0521badcba7e3040595102339d59.jpg,egkdapqwkfprtyqvvnso,true,0581e5573c17c9209e8dfd77651afa7dfa0f0521badcba7e3040595102339d59,image/jpeg,207181,1600,666,ji-restaurant-bali,v_import_ji_restaurant_bali,ji-restaurant-bali,venue,,project_owner_global_authorization,MEDIA-002,,NOT_CREATED_DRY_RUN,false,READY_FOR_MAPPING,,
owner-photo-candidates,owner-candidates/v1/ji-restaurant-bali/e8ce4221181c90b3dfebc1222f76cbb69197cb440d51f9c87402f7a9343116ff.jpg,egkdapqwkfprtyqvvnso,true,e8ce4221181c90b3dfebc1222f76cbb69197cb440d51f9c87402f7a9343116ff,image/jpeg,332881,2560,1067,ji-restaurant-bali,v_import_ji_restaurant_bali,ji-restaurant-bali,venue,,project_owner_global_authorization,MEDIA-002,,NOT_CREATED_DRY_RUN,false,READY_FOR_MAPPING,,
owner-photo-candidates,owner-candidates/v1/jimbaran-bay-beach-resort-spa-jimbaran/46e88f05cbbd28dd95ad30c2c7e35fc9f2717aa395736eb84f2acd53d9a4239b.jpg,egkdapqwkfprtyqvvnso,true,46e88f05cbbd28dd95ad30c2c7e35fc9f2717aa395736eb84f2acd53d9a4239b,image/jpeg,291968,1440,800,jimbaran-bay-beach-resort-spa-jimbaran,eb815aa3-7473-4d66-b960-1616da99f434,jimbaran-bay-beach-resort-spa-jimbaran,venue,,project_owner_global_authorization,MEDIA-002,venues.photo_url:jimbaran-bay-beach-resort-spa-jimbaran,NOT_CREATED_DRY_RUN,true,READY_FOR_MAPPING,,
owner-photo-candidates,owner-candidates/v1/jimbaran-bay-beach-resort-spa-jimbaran/cfde5d4c6bcd08f7b8448e7443ba20ff5d00c7720d4106b6f4b0f43bb78cb016.jpg,egkdapqwkfprtyqvvnso,true,cfde5d4c6bcd08f7b8448e7443ba20ff5d00c7720d4106b6f4b0f43bb78cb016,image/jpeg,66849,900,600,jimbaran-bay-beach-resort-spa-jimbaran,eb815aa3-7473-4d66-b960-1616da99f434,jimbaran-bay-beach-resort-spa-jimbaran,venue,,project_owner_global_authorization,MEDIA-002,,NOT_CREATED_DRY_RUN,false,READY_FOR_MAPPING,,
owner-photo-candidates,owner-candidates/v1/jimbaran-bay-beach-resort-spa-jimbaran/fe1f1ab693cd536294334ad71bba1837723ecaf12189258e8d3983ed91fc189d.jpg,egkdapqwkfprtyqvvnso,true,fe1f1ab693cd536294334ad71bba1837723ecaf12189258e8d3983ed91fc189d,image/jpeg,306093,800,1200,jimbaran-bay-beach-resort-spa-jimbaran,eb815aa3-7473-4d66-b960-1616da99f434,jimbaran-bay-beach-resort-spa-jimbaran,venue,,project_owner_global_authorization,MEDIA-002,,NOT_CREATED_DRY_RUN,false,READY_FOR_MAPPING,,
owner-photo-candidates,owner-candidates/v1/jimbaran-hub-fitness-classes-jimbaran/2c89cf4247d1d4242e23698bb5d02064d45e20512a539dfaf099818f671e08a8.jpg,egkdapqwkfprtyqvvnso,true,2c89cf4247d1d4242e23698bb5d02064d45e20512a539dfaf099818f671e08a8,image/jpeg,405650,1999,1126,jimbaran-hub-fitness-classes-jimbaran,5b45da8f-c00d-433f-a908-52f3063584d9,jimbaran-hub-fitness-classes-jimbaran,venue,DUP-030,project_owner_global_authorization,MEDIA-002,venues.photo_url:jimbaran-hub-fitness-classes-jimbaran,NOT_CREATED_DRY_RUN,true,CANONICALIZE_DUPLICATE_PRESERVE_ASSOCIATIONS,duplicate_content_hash,share canonical bytes; preserve logical association
owner-photo-candidates,owner-candidates/v1/jimbaran-hub-fitness-classes-jimbaran/5d980c98a73275cbea0b5b8338104e5d54d3ce5649c2c453f6ddd56f5cdab352.png,egkdapqwkfprtyqvvnso,true,5d980c98a73275cbea0b5b8338104e5d54d3ce5649c2c453f6ddd56f5cdab352,image/png,71810,1742,830,jimbaran-hub-fitness-classes-jimbaran,5b45da8f-c00d-433f-a908-52f3063584d9,jimbaran-hub-fitness-classes-jimbaran,venue,DUP-031,project_owner_global_authorization,MEDIA-002,,NOT_CREATED_DRY_RUN,false,CANONICALIZE_DUPLICATE_PRESERVE_ASSOCIATIONS,duplicate_content_hash,share canonical bytes; preserve logical association
owner-photo-candidates,owner-candidates/v1/jimbaran-hub-fitness-classes-jimbaran/642ef3bd9af13a9cb54d045e246ea5fc10cff67291a8909bf7521409a6391e76.jpg,egkdapqwkfprtyqvvnso,true,642ef3bd9af13a9cb54d045e246ea5fc10cff67291a8909bf7521409a6391e76,image/jpeg,180744,1620,1080,jimbaran-hub-fitness-classes-jimbaran,5b45da8f-c00d-433f-a908-52f3063584d9,jimbaran-hub-fitness-classes-jimbaran,venue,DUP-032,project_owner_global_authorization,MEDIA-002,,NOT_CREATED_DRY_RUN,false,CANONICALIZE_DUPLICATE_PRESERVE_ASSOCIATIONS,duplicate_content_hash,share canonical bytes; preserve logical association
owner-photo-candidates,owner-candidates/v1/jimbaran-hub-fitness-classes-jimbaran/885018ba97a30612eb582dd09f61653bb6aea9880246b44510d036fa0fb420e0.jpg,egkdapqwkfprtyqvvnso,true,885018ba97a30612eb582dd09f61653bb6aea9880246b44510d036fa0fb420e0,image/jpeg,194184,864,1080,jimbaran-hub-fitness-classes-jimbaran,5b45da8f-c00d-433f-a908-52f3063584d9,jimbaran-hub-fitness-classes-jimbaran,venue,,project_owner_global_authorization,MEDIA-002,,NOT_CREATED_DRY_RUN,false,READY_FOR_MAPPING,,
owner-photo-candidates,owner-candidates/v1/jimbaran-hub-fitness-classes-jimbaran/d34547e2945026403692a10fe30e3a8bc9c30e7802719534eaf7a3f91a383a70.jpg,egkdapqwkfprtyqvvnso,true,d34547e2945026403692a10fe30e3a8bc9c30e7802719534eaf7a3f91a383a70,image/jpeg,307611,1620,1080,jimbaran-hub-fitness-classes-jimbaran,5b45da8f-c00d-433f-a908-52f3063584d9,jimbaran-hub-fitness-classes-jimbaran,venue,,project_owner_global_authorization,MEDIA-002,,NOT_CREATED_DRY_RUN,false,READY_FOR_MAPPING,,
owner-photo-candidates,owner-candidates/v1/jimbaran-hub-yoga-jimbaran/2c89cf4247d1d4242e23698bb5d02064d45e20512a539dfaf099818f671e08a8.jpg,egkdapqwkfprtyqvvnso,true,2c89cf4247d1d4242e23698bb5d02064d45e20512a539dfaf099818f671e08a8,image/jpeg,405650,1999,1126,jimbaran-hub-yoga-jimbaran,9e71a5c2-77b7-4f37-9920-de30fe5ddbbb,jimbaran-hub-yoga-jimbaran,venue,DUP-030,project_owner_global_authorization,MEDIA-002,venues.photo_url:jimbaran-hub-yoga-jimbaran,NOT_CREATED_DRY_RUN,true,CANONICALIZE_DUPLICATE_PRESERVE_ASSOCIATIONS,duplicate_content_hash,share canonical bytes; preserve logical association
owner-photo-candidates,owner-candidates/v1/jimbaran-hub-yoga-jimbaran/32ffd7bd5a5b4eec9db3a28c56bbbeef3bd55d157a76eb53dfcdd48297d56f90.png,egkdapqwkfprtyqvvnso,true,32ffd7bd5a5b4eec9db3a28c56bbbeef3bd55d157a76eb53dfcdd48297d56f90,image/png,2560728,1300,2311,jimbaran-hub-yoga-jimbaran,9e71a5c2-77b7-4f37-9920-de30fe5ddbbb,jimbaran-hub-yoga-jimbaran,venue,,project_owner_global_authorization,MEDIA-002,,NOT_CREATED_DRY_RUN,false,READY_FOR_MAPPING,,
owner-photo-candidates,owner-candidates/v1/jimbaran-hub-yoga-jimbaran/5d980c98a73275cbea0b5b8338104e5d54d3ce5649c2c453f6ddd56f5cdab352.png,egkdapqwkfprtyqvvnso,true,5d980c98a73275cbea0b5b8338104e5d54d3ce5649c2c453f6ddd56f5cdab352,image/png,71810,1742,830,jimbaran-hub-yoga-jimbaran,9e71a5c2-77b7-4f37-9920-de30fe5ddbbb,jimbaran-hub-yoga-jimbaran,venue,DUP-031,project_owner_global_authorization,MEDIA-002,,NOT_CREATED_DRY_RUN,false,CANONICALIZE_DUPLICATE_PRESERVE_ASSOCIATIONS,duplicate_content_hash,share canonical bytes; preserve logical association
owner-photo-candidates,owner-candidates/v1/jimbaran-hub-yoga-jimbaran/642ef3bd9af13a9cb54d045e246ea5fc10cff67291a8909bf7521409a6391e76.jpg,egkdapqwkfprtyqvvnso,true,642ef3bd9af13a9cb54d045e246ea5fc10cff67291a8909bf7521409a6391e76,image/jpeg,180744,1620,1080,jimbaran-hub-yoga-jimbaran,9e71a5c2-77b7-4f37-9920-de30fe5ddbbb,jimbaran-hub-yoga-jimbaran,venue,DUP-032,project_owner_global_authorization,MEDIA-002,,NOT_CREATED_DRY_RUN,false,CANONICALIZE_DUPLICATE_PRESERVE_ASSOCIATIONS,duplicate_content_hash,share canonical bytes; preserve logical association
owner-photo-candidates,owner-candidates/v1/jimbaran-hub-yoga-jimbaran/b4eb1367c3ec578e2b57b116c8358283055bdf9d0eb51384d8829e4147a7d070.jpg,egkdapqwkfprtyqvvnso,true,b4eb1367c3ec578e2b57b116c8358283055bdf9d0eb51384d8829e4147a7d070,image/jpeg,398757,1620,1080,jimbaran-hub-yoga-jimbaran,9e71a5c2-77b7-4f37-9920-de30fe5ddbbb,jimbaran-hub-yoga-jimbaran,venue,,project_owner_global_authorization,MEDIA-002,,NOT_CREATED_DRY_RUN,false,READY_FOR_MAPPING,,
owner-photo-candidates,owner-candidates/v1/jimbaran-hub-yoga-jimbaran/b820d121740cb6f7bddd9936fe8b21969f22762a1e144cb98fc4f401b916a6ef.jpg,egkdapqwkfprtyqvvnso,true,b820d121740cb6f7bddd9936fe8b21969f22762a1e144cb98fc4f401b916a6ef,image/jpeg,363962,1920,1080,jimbaran-hub-yoga-jimbaran,9e71a5c2-77b7-4f37-9920-de30fe5ddbbb,jimbaran-hub-yoga-jimbaran,venue,,project_owner_global_authorization,MEDIA-002,,NOT_CREATED_DRY_RUN,false,READY_FOR_MAPPING,,
owner-photo-candidates,owner-candidates/v1/jimbaran-warrior/35f3793d872cdb852f3e363e4a68ae17b3671f5c470e133377c4e37b491a7437.jpg,egkdapqwkfprtyqvvnso,true,35f3793d872cdb852f3e363e4a68ae17b3671f5c470e133377c4e37b491a7437,image/jpeg,40953,540,960,jimbaran-warrior,wbimp_jimbaran-warrior,jimbaran-warrior,venue,,project_owner_global_authorization,MEDIA-002,venues.photo_url:jimbaran-warrior,NOT_CREATED_DRY_RUN,true,READY_FOR_MAPPING,,
owner-photo-candidates,owner-candidates/v1/jimbaran-warrior/40f3628e6016b9e90877e7bc9dfce4184cc62676fcd1f7c9e3496d811921cdbb.jpg,egkdapqwkfprtyqvvnso,true,40f3628e6016b9e90877e7bc9dfce4184cc62676fcd1f7c9e3496d811921cdbb,image/jpeg,70116,540,960,jimbaran-warrior,wbimp_jimbaran-warrior,jimbaran-warrior,venue,,project_owner_global_authorization,MEDIA-002,,NOT_CREATED_DRY_RUN,false,READY_FOR_MAPPING,,
owner-photo-candidates,owner-candidates/v1/jimbaran-warrior/c6bcda3b12c7bd92c18256e6a2dbe63e19d620cc86439810e20ceeb1b64c235d.jpg,egkdapqwkfprtyqvvnso,true,c6bcda3b12c7bd92c18256e6a2dbe63e19d620cc86439810e20ceeb1b64c235d,image/jpeg,74790,540,960,jimbaran-warrior,wbimp_jimbaran-warrior,jimbaran-warrior,venue,,project_owner_global_authorization,MEDIA-002,,NOT_CREATED_DRY_RUN,false,READY_FOR_MAPPING,,
owner-photo-candidates,owner-candidates/v1/jiwa-bikram-yoga-bali-seminyak/0da162c51727f970ba9b4d7ce43faa12d6cd117aa63b7afa23e4226b531d1117.jpg,egkdapqwkfprtyqvvnso,true,0da162c51727f970ba9b4d7ce43faa12d6cd117aa63b7afa23e4226b531d1117,image/jpeg,80520,640,1138,jiwa-bikram-yoga-bali-seminyak,0b9040fd-17a3-4159-baa8-1cfea2bcce8a,jiwa-bikram-yoga-bali-seminyak,venue,,project_owner_global_authorization,MEDIA-002,venues.photo_url:jiwa-bikram-yoga-bali-seminyak,NOT_CREATED_DRY_RUN,true,READY_FOR_MAPPING,,
owner-photo-candidates,owner-candidates/v1/jiwa-bikram-yoga-bali-seminyak/bc3ea4b2a33ef15648dfac3d336a0132315f7dae4911fa9b2a24a6d5ecdb9d9f.jpg,egkdapqwkfprtyqvvnso,true,bc3ea4b2a33ef15648dfac3d336a0132315f7dae4911fa9b2a24a6d5ecdb9d9f,image/jpeg,82684,610,1084,jiwa-bikram-yoga-bali-seminyak,0b9040fd-17a3-4159-baa8-1cfea2bcce8a,jiwa-bikram-yoga-bali-seminyak,venue,,project_owner_global_authorization,MEDIA-002,,NOT_CREATED_DRY_RUN,false,READY_FOR_MAPPING,,
owner-photo-candidates,owner-candidates/v1/jiwa-bikram-yoga-bali-seminyak/bddb5f5f18f0942308536404c25722f0a6da7a3ba0725196a68483ad3f365981.jpg,egkdapqwkfprtyqvvnso,true,bddb5f5f18f0942308536404c25722f0a6da7a3ba0725196a68483ad3f365981,image/jpeg,127121,1280,1706,jiwa-bikram-yoga-bali-seminyak,0b9040fd-17a3-4159-baa8-1cfea2bcce8a,jiwa-bikram-yoga-bali-seminyak,venue,,project_owner_global_authorization,MEDIA-002,,NOT_CREATED_DRY_RUN,false,READY_FOR_MAPPING,,
owner-photo-candidates,owner-candidates/v1/jungle-padel-canggu-canggu/0ab6a61b2605ee8bfd08a1255eaf8493f609e10a4f85218395077acf16b69ff5.png,egkdapqwkfprtyqvvnso,true,0ab6a61b2605ee8bfd08a1255eaf8493f609e10a4f85218395077acf16b69ff5,image/png,99574,2560,1415,jungle-padel-canggu-canggu,d6e0e34b-df43-4b22-8608-3436069a7c19,jungle-padel-canggu-canggu,venue,,project_owner_global_authorization,MEDIA-002,venues.photo_url:jungle-padel-canggu-canggu,NOT_CREATED_DRY_RUN,true,READY_FOR_MAPPING,,
owner-photo-candidates,owner-candidates/v1/jungle-padel-canggu-canggu/57010c9a52a2306f2e754205213d1cc81f8d3208f099045d71053422c35d72ab.jpg,egkdapqwkfprtyqvvnso,true,57010c9a52a2306f2e754205213d1cc81f8d3208f099045d71053422c35d72ab,image/jpeg,226158,1080,1080,jungle-padel-canggu-canggu,d6e0e34b-df43-4b22-8608-3436069a7c19,jungle-padel-canggu-canggu,venue,,project_owner_global_authorization,MEDIA-002,,NOT_CREATED_DRY_RUN,false,READY_FOR_MAPPING,,
owner-photo-candidates,owner-candidates/v1/jungle-padel-canggu-canggu/594cda978df3f1c82cafff830deb3c9a809f78f8b6724a3cf13770d085154422.jpg,egkdapqwkfprtyqvvnso,true,594cda978df3f1c82cafff830deb3c9a809f78f8b6724a3cf13770d085154422,image/jpeg,286131,1600,1067,jungle-padel-canggu-canggu,d6e0e34b-df43-4b22-8608-3436069a7c19,jungle-padel-canggu-canggu,venue,,project_owner_global_authorization,MEDIA-002,,NOT_CREATED_DRY_RUN,false,READY_FOR_MAPPING,,
owner-photo-candidates,owner-candidates/v1/karma-jimbaran-fitness-jimbaran/257865473872ce3fbb46b72bfb4192861dc1aef4620487c62920bd8d8f6c17f9.jpg,egkdapqwkfprtyqvvnso,true,257865473872ce3fbb46b72bfb4192861dc1aef4620487c62920bd8d8f6c17f9,image/jpeg,94742,1170,780,karma-jimbaran-fitness-jimbaran,06c08167-26a2-4267-84a3-2ae1e765c5f6,karma-jimbaran-fitness-jimbaran,venue,,project_owner_global_authorization,MEDIA-002,venues.photo_url:karma-jimbaran-fitness-jimbaran,NOT_CREATED_DRY_RUN,true,READY_FOR_MAPPING,,
owner-photo-candidates,owner-candidates/v1/karma-jimbaran-fitness-jimbaran/2bcdf03df2e368623c8a11c827d467f550b4246c01bb85df61cb0a726a085476.jpg,egkdapqwkfprtyqvvnso,true,2bcdf03df2e368623c8a11c827d467f550b4246c01bb85df61cb0a726a085476,image/jpeg,200483,1280,800,karma-jimbaran-fitness-jimbaran,06c08167-26a2-4267-84a3-2ae1e765c5f6,karma-jimbaran-fitness-jimbaran,venue,DUP-033,project_owner_global_authorization,MEDIA-002,,NOT_CREATED_DRY_RUN,false,CANONICALIZE_DUPLICATE_PRESERVE_ASSOCIATIONS,duplicate_content_hash,share canonical bytes; preserve logical association
owner-photo-candidates,owner-candidates/v1/karma-jimbaran-fitness-jimbaran/37907b849f39655ccdcacd9a3b9500532ad1039a88a0913bfad6a4775871b642.jpg,egkdapqwkfprtyqvvnso,true,37907b849f39655ccdcacd9a3b9500532ad1039a88a0913bfad6a4775871b642,image/jpeg,116293,1170,780,karma-jimbaran-fitness-jimbaran,06c08167-26a2-4267-84a3-2ae1e765c5f6,karma-jimbaran-fitness-jimbaran,venue,,project_owner_global_authorization,MEDIA-002,,NOT_CREATED_DRY_RUN,false,READY_FOR_MAPPING,,
owner-photo-candidates,owner-candidates/v1/karma-jimbaran-fitness-jimbaran/395f3e2f0d9b95d5f4585ab0d75bbd8e477f0509a471db501df31f6c0a8e63eb.jpg,egkdapqwkfprtyqvvnso,true,395f3e2f0d9b95d5f4585ab0d75bbd8e477f0509a471db501df31f6c0a8e63eb,image/jpeg,105942,1170,780,karma-jimbaran-fitness-jimbaran,06c08167-26a2-4267-84a3-2ae1e765c5f6,karma-jimbaran-fitness-jimbaran,venue,,project_owner_global_authorization,MEDIA-002,,NOT_CREATED_DRY_RUN,false,READY_FOR_MAPPING,,
owner-photo-candidates,owner-candidates/v1/karma-jimbaran-fitness-jimbaran/b30cc98a2ad03e7ad868c80222eebc7a47a95643430c523d0d3ad6b8e390e903.jpg,egkdapqwkfprtyqvvnso,true,b30cc98a2ad03e7ad868c80222eebc7a47a95643430c523d0d3ad6b8e390e903,image/jpeg,98317,966,502,karma-jimbaran-fitness-jimbaran,06c08167-26a2-4267-84a3-2ae1e765c5f6,karma-jimbaran-fitness-jimbaran,venue,DUP-034,project_owner_global_authorization,MEDIA-002,,NOT_CREATED_DRY_RUN,false,CANONICALIZE_DUPLICATE_PRESERVE_ASSOCIATIONS,duplicate_content_hash,share canonical bytes; preserve logical association
owner-photo-candidates,owner-candidates/v1/karma-jimbaran-fitness-jimbaran/d3b3bbd0a4da50a293a00c3a3ea4fcd149ac715d827068e759b4eb061348d779.jpg,egkdapqwkfprtyqvvnso,true,d3b3bbd0a4da50a293a00c3a3ea4fcd149ac715d827068e759b4eb061348d779,image/jpeg,55873,800,533,karma-jimbaran-fitness-jimbaran,06c08167-26a2-4267-84a3-2ae1e765c5f6,karma-jimbaran-fitness-jimbaran,venue,DUP-035,project_owner_global_authorization,MEDIA-002,,NOT_CREATED_DRY_RUN,false,CANONICALIZE_DUPLICATE_PRESERVE_ASSOCIATIONS,duplicate_content_hash,share canonical bytes; preserve logical association
owner-photo-candidates,owner-candidates/v1/karma-spa-at-karma-jimbaran-jimbaran/2bcdf03df2e368623c8a11c827d467f550b4246c01bb85df61cb0a726a085476.jpg,egkdapqwkfprtyqvvnso,true,2bcdf03df2e368623c8a11c827d467f550b4246c01bb85df61cb0a726a085476,image/jpeg,200483,1280,800,karma-spa-at-karma-jimbaran-jimbaran,02299500-e9c5-4039-8f8e-1f7f36c8ff89,karma-spa-at-karma-jimbaran-jimbaran,venue,DUP-033,project_owner_global_authorization,MEDIA-002,venues.photo_url:karma-spa-at-karma-jimbaran-jimbaran,NOT_CREATED_DRY_RUN,true,CANONICALIZE_DUPLICATE_PRESERVE_ASSOCIATIONS,duplicate_content_hash,share canonical bytes; preserve logical association
owner-photo-candidates,owner-candidates/v1/karma-spa-at-karma-jimbaran-jimbaran/32e5f57cc3fd77bcde6cd380ebed4c8e06446cc666e2d367a34f45fb1de35ab2.jpg,egkdapqwkfprtyqvvnso,true,32e5f57cc3fd77bcde6cd380ebed4c8e06446cc666e2d367a34f45fb1de35ab2,image/jpeg,231303,1170,780,karma-spa-at-karma-jimbaran-jimbaran,02299500-e9c5-4039-8f8e-1f7f36c8ff89,karma-spa-at-karma-jimbaran-jimbaran,venue,,project_owner_global_authorization,MEDIA-002,,NOT_CREATED_DRY_RUN,false,READY_FOR_MAPPING,,
owner-photo-candidates,owner-candidates/v1/karma-spa-at-karma-jimbaran-jimbaran/522ba20760f4fd164ba7262194d0921910899924c80f17c5ab12d160c59d8a03.jpg,egkdapqwkfprtyqvvnso,true,522ba20760f4fd164ba7262194d0921910899924c80f17c5ab12d160c59d8a03,image/jpeg,124064,1170,780,karma-spa-at-karma-jimbaran-jimbaran,02299500-e9c5-4039-8f8e-1f7f36c8ff89,karma-spa-at-karma-jimbaran-jimbaran,venue,,project_owner_global_authorization,MEDIA-002,,NOT_CREATED_DRY_RUN,false,READY_FOR_MAPPING,,
owner-photo-candidates,owner-candidates/v1/karma-spa-at-karma-jimbaran-jimbaran/566591aafd42e15e6bc3bf51741db87bc40a5baf646268dc7b463229983a6356.jpg,egkdapqwkfprtyqvvnso,true,566591aafd42e15e6bc3bf51741db87bc40a5baf646268dc7b463229983a6356,image/jpeg,200791,1170,780,karma-spa-at-karma-jimbaran-jimbaran,02299500-e9c5-4039-8f8e-1f7f36c8ff89,karma-spa-at-karma-jimbaran-jimbaran,venue,,project_owner_global_authorization,MEDIA-002,,NOT_CREATED_DRY_RUN,false,READY_FOR_MAPPING,,
owner-photo-candidates,owner-candidates/v1/karma-spa-at-karma-jimbaran-jimbaran/b30cc98a2ad03e7ad868c80222eebc7a47a95643430c523d0d3ad6b8e390e903.jpg,egkdapqwkfprtyqvvnso,true,b30cc98a2ad03e7ad868c80222eebc7a47a95643430c523d0d3ad6b8e390e903,image/jpeg,98317,966,502,karma-spa-at-karma-jimbaran-jimbaran,02299500-e9c5-4039-8f8e-1f7f36c8ff89,karma-spa-at-karma-jimbaran-jimbaran,venue,DUP-034,project_owner_global_authorization,MEDIA-002,,NOT_CREATED_DRY_RUN,false,CANONICALIZE_DUPLICATE_PRESERVE_ASSOCIATIONS,duplicate_content_hash,share canonical bytes; preserve logical association
owner-photo-candidates,owner-candidates/v1/karma-spa-at-karma-jimbaran-jimbaran/d3b3bbd0a4da50a293a00c3a3ea4fcd149ac715d827068e759b4eb061348d779.jpg,egkdapqwkfprtyqvvnso,true,d3b3bbd0a4da50a293a00c3a3ea4fcd149ac715d827068e759b4eb061348d779,image/jpeg,55873,800,533,karma-spa-at-karma-jimbaran-jimbaran,02299500-e9c5-4039-8f8e-1f7f36c8ff89,karma-spa-at-karma-jimbaran-jimbaran,venue,DUP-035,project_owner_global_authorization,MEDIA-002,,NOT_CREATED_DRY_RUN,false,CANONICALIZE_DUPLICATE_PRESERVE_ASSOCIATIONS,duplicate_content_hash,share canonical bytes; preserve logical association
owner-photo-candidates,owner-candidates/v1/karma-spa-at-karma-kandara/2a36e2adc89287c9c53835c8f18ef99aa61f9f1aa37db8eae772a2dfdbc54e88.jpg,egkdapqwkfprtyqvvnso,true,2a36e2adc89287c9c53835c8f18ef99aa61f9f1aa37db8eae772a2dfdbc54e88,image/jpeg,278811,1920,1080,karma-spa-at-karma-kandara,wbimp_karma-spa-at-karma-kandara,karma-spa-at-karma-kandara,venue,,project_owner_global_authorization,MEDIA-002,venues.photo_url:karma-spa-at-karma-kandara,NOT_CREATED_DRY_RUN,true,READY_FOR_MAPPING,,
owner-photo-candidates,owner-candidates/v1/karma-spa-at-karma-kandara/44b3c996449e3aab88396b174acc2874797a7b9d7c5495518ae669f49f673184.jpg,egkdapqwkfprtyqvvnso,true,44b3c996449e3aab88396b174acc2874797a7b9d7c5495518ae669f49f673184,image/jpeg,225148,1920,1080,karma-spa-at-karma-kandara,wbimp_karma-spa-at-karma-kandara,karma-spa-at-karma-kandara,venue,,project_owner_global_authorization,MEDIA-002,,NOT_CREATED_DRY_RUN,false,READY_FOR_MAPPING,,
owner-photo-candidates,owner-candidates/v1/karma-spa-at-karma-kandara/8c3149edec77742ad7121997f0e1ee72bb0d8b444e6d1b3657031eed35642801.jpg,egkdapqwkfprtyqvvnso,true,8c3149edec77742ad7121997f0e1ee72bb0d8b444e6d1b3657031eed35642801,image/jpeg,718200,1080,1920,karma-spa-at-karma-kandara,wbimp_karma-spa-at-karma-kandara,karma-spa-at-karma-kandara,venue,,project_owner_global_authorization,MEDIA-002,,NOT_CREATED_DRY_RUN,false,READY_FOR_MAPPING,,
owner-photo-candidates,owner-candidates/v1/karsa-cafe/49b2b4375d4ec1d9cdc28172ce6bff7bfac5e9d5823abface06cd94ac5f321d5.jpg,egkdapqwkfprtyqvvnso,true,49b2b4375d4ec1d9cdc28172ce6bff7bfac5e9d5823abface06cd94ac5f321d5,image/jpeg,339850,1080,1920,karsa-cafe,v_import_karsa_cafe,karsa-cafe,venue,,project_owner_global_authorization,MEDIA-002,venues.photo_url:karsa-cafe,NOT_CREATED_DRY_RUN,true,READY_FOR_MAPPING,,
owner-photo-candidates,owner-candidates/v1/karsa-cafe/ada8ba553eb9baa59c6031e7603b26473e5b37722425e7dd7a8985f4c0a11fb6.jpg,egkdapqwkfprtyqvvnso,true,ada8ba553eb9baa59c6031e7603b26473e5b37722425e7dd7a8985f4c0a11fb6,image/jpeg,191363,1080,1920,karsa-cafe,v_import_karsa_cafe,karsa-cafe,venue,,project_owner_global_authorization,MEDIA-002,,NOT_CREATED_DRY_RUN,false,READY_FOR_MAPPING,,
owner-photo-candidates,owner-candidates/v1/karsa-cafe/e3fd2934f9cc31bea53d277e2945232f376f3da813ecc5dfded2562064fdf9cf.jpg,egkdapqwkfprtyqvvnso,true,e3fd2934f9cc31bea53d277e2945232f376f3da813ecc5dfded2562064fdf9cf,image/jpeg,233618,1170,2080,karsa-cafe,v_import_karsa_cafe,karsa-cafe,venue,,project_owner_global_authorization,MEDIA-002,,NOT_CREATED_DRY_RUN,false,READY_FOR_MAPPING,,
owner-photo-candidates,owner-candidates/v1/kayumanis-resto-jimbaran/3d853d29a3cf797deedd3b4af9c02ee244e1f7c67982ad8d2fd63d358c4a203c.jpg,egkdapqwkfprtyqvvnso,true,3d853d29a3cf797deedd3b4af9c02ee244e1f7c67982ad8d2fd63d358c4a203c,image/jpeg,205860,968,1000,kayumanis-resto-jimbaran,v_import_kayumanis_resto_jimbaran,kayumanis-resto-jimbaran,venue,,project_owner_global_authorization,MEDIA-002,venues.photo_url:kayumanis-resto-jimbaran,NOT_CREATED_DRY_RUN,true,READY_FOR_MAPPING,,
owner-photo-candidates,owner-candidates/v1/kayumanis-resto-jimbaran/962e1ef4a1ff1e36018d9225be9238a65860b6770eeb8ab8319214fbf69a6ef0.jpg,egkdapqwkfprtyqvvnso,true,962e1ef4a1ff1e36018d9225be9238a65860b6770eeb8ab8319214fbf69a6ef0,image/jpeg,232483,968,1000,kayumanis-resto-jimbaran,v_import_kayumanis_resto_jimbaran,kayumanis-resto-jimbaran,venue,,project_owner_global_authorization,MEDIA-002,,NOT_CREATED_DRY_RUN,false,READY_FOR_MAPPING,,
owner-photo-candidates,owner-candidates/v1/kayumanis-resto-jimbaran/cf9ae7ef37b88e4addf4ea5d29fd3177b1795cd8c18743054ab73b6a4cc442d8.jpg,egkdapqwkfprtyqvvnso,true,cf9ae7ef37b88e4addf4ea5d29fd3177b1795cd8c18743054ab73b6a4cc442d8,image/jpeg,202399,968,1000,kayumanis-resto-jimbaran,v_import_kayumanis_resto_jimbaran,kayumanis-resto-jimbaran,venue,,project_owner_global_authorization,MEDIA-002,,NOT_CREATED_DRY_RUN,false,READY_FOR_MAPPING,,
owner-photo-candidates,owner-candidates/v1/kayuputi/1e9c27b1f91947c83d2c718b87deefb913480c2393cdf0e585c2a6d4af1ba70e.jpg,egkdapqwkfprtyqvvnso,true,1e9c27b1f91947c83d2c718b87deefb913480c2393cdf0e585c2a6d4af1ba70e,image/jpeg,216495,1200,630,kayuputi,v_import_kayuputi,kayuputi,venue,,project_owner_global_authorization,MEDIA-002,venues.photo_url:kayuputi,NOT_CREATED_DRY_RUN,true,READY_FOR_MAPPING,,
owner-photo-candidates,owner-candidates/v1/kayuputi/91482e3fc81770f3030f63533cd7f68369b1571c67d01128995a61b60aef20db.avif,egkdapqwkfprtyqvvnso,true,91482e3fc81770f3030f63533cd7f68369b1571c67d01128995a61b60aef20db,image/heif,157534,1200,630,kayuputi,v_import_kayuputi,kayuputi,venue,,project_owner_global_authorization,MEDIA-002,,NOT_CREATED_DRY_RUN,false,READY_FOR_MAPPING,,
owner-photo-candidates,owner-candidates/v1/kayuputi/c591d7e207303b47bf561b60599630659842b761775c6d5b4aabbc1a1c03da3d.webp,egkdapqwkfprtyqvvnso,true,c591d7e207303b47bf561b60599630659842b761775c6d5b4aabbc1a1c03da3d,image/webp,300994,1800,808,kayuputi,v_import_kayuputi,kayuputi,venue,,project_owner_global_authorization,MEDIA-002,,NOT_CREATED_DRY_RUN,false,READY_FOR_MAPPING,,
owner-photo-candidates,owner-candidates/v1/kenja-ikan-bakar-nusa-dua/66e8b322bd87b66a695e1d1979ce690e419996995b7c4821bcc07149b344076e.png,egkdapqwkfprtyqvvnso,true,66e8b322bd87b66a695e1d1979ce690e419996995b7c4821bcc07149b344076e,image/png,2147779,1080,1350,kenja-ikan-bakar-nusa-dua,v_kenja-ikan-bakar-nusa-dua,kenja-ikan-bakar-nusa-dua,venue,,project_owner_global_authorization,MEDIA-002,venues.photo_url:kenja-ikan-bakar-nusa-dua,NOT_CREATED_DRY_RUN,true,READY_FOR_MAPPING,,
owner-photo-candidates,owner-candidates/v1/kenja-ikan-bakar-nusa-dua/6cc5734b5fc7d0c305cda3ec4ddfcca982810bf60aedd3f688fcb63afe5494b5.jpg,egkdapqwkfprtyqvvnso,true,6cc5734b5fc7d0c305cda3ec4ddfcca982810bf60aedd3f688fcb63afe5494b5,image/jpeg,1293634,1920,766,kenja-ikan-bakar-nusa-dua,v_kenja-ikan-bakar-nusa-dua,kenja-ikan-bakar-nusa-dua,venue,,project_owner_global_authorization,MEDIA-002,,NOT_CREATED_DRY_RUN,false,READY_FOR_MAPPING,,
owner-photo-candidates,owner-candidates/v1/kenja-ikan-bakar-nusa-dua/e1c370d972960eb26ce64e71a866ccc48b3393f3f6de761d63c2d6c535c73f06.png,egkdapqwkfprtyqvvnso,true,e1c370d972960eb26ce64e71a866ccc48b3393f3f6de761d63c2d6c535c73f06,image/png,2921064,1080,1350,kenja-ikan-bakar-nusa-dua,v_kenja-ikan-bakar-nusa-dua,kenja-ikan-bakar-nusa-dua,venue,,project_owner_global_authorization,MEDIA-002,,NOT_CREATED_DRY_RUN,false,READY_FOR_MAPPING,,
owner-photo-candidates,owner-candidates/v1/kilo-kitchen-bali-seminyak/6dfab5f907c71958931521f3cb5a1b5ff56c98905aca166681461fdf6225399e.jpg,egkdapqwkfprtyqvvnso,true,6dfab5f907c71958931521f3cb5a1b5ff56c98905aca166681461fdf6225399e,image/jpeg,130595,1024,683,kilo-kitchen-bali-seminyak,v_import_kilo_kitchen_bali_seminyak,kilo-kitchen-bali-seminyak,venue,,project_owner_global_authorization,MEDIA-002,venues.photo_url:kilo-kitchen-bali-seminyak,NOT_CREATED_DRY_RUN,true,READY_FOR_MAPPING,,
owner-photo-candidates,owner-candidates/v1/kilo-kitchen-bali-seminyak/7f95652dc5f6704a83b9ef0ec8da7843e2330123d00553a9cff0ea789313cd2e.jpg,egkdapqwkfprtyqvvnso,true,7f95652dc5f6704a83b9ef0ec8da7843e2330123d00553a9cff0ea789313cd2e,image/jpeg,240696,800,1108,kilo-kitchen-bali-seminyak,v_import_kilo_kitchen_bali_seminyak,kilo-kitchen-bali-seminyak,venue,,project_owner_global_authorization,MEDIA-002,,NOT_CREATED_DRY_RUN,false,READY_FOR_MAPPING,,
owner-photo-candidates,owner-candidates/v1/kilo-kitchen-bali-seminyak/bbae1376b5d28196725d7dd46264c84ccb334bf5ac2d5e5cfa4476f776d29937.png,egkdapqwkfprtyqvvnso,true,bbae1376b5d28196725d7dd46264c84ccb334bf5ac2d5e5cfa4476f776d29937,image/png,1013730,2000,1333,kilo-kitchen-bali-seminyak,v_import_kilo_kitchen_bali_seminyak,kilo-kitchen-bali-seminyak,venue,,project_owner_global_authorization,MEDIA-002,,NOT_CREATED_DRY_RUN,false,READY_FOR_MAPPING,,
owner-photo-candidates,owner-candidates/v1/ko-japanese-teppanyaki-and-sushi/2d386047b63ad713cbc073bdf5e569d7bae7d25379d9861713a7bdbe6316b3f8.avif,egkdapqwkfprtyqvvnso,true,2d386047b63ad713cbc073bdf5e569d7bae7d25379d9861713a7bdbe6316b3f8,image/heif,74152,1100,550,ko-japanese-teppanyaki-and-sushi,v_import_ko_japanese_teppanyaki_and_sushi,ko-japanese-teppanyaki-and-sushi,venue,,project_owner_global_authorization,MEDIA-002,venues.photo_url:ko-japanese-teppanyaki-and-sushi,NOT_CREATED_DRY_RUN,true,READY_FOR_MAPPING,,
owner-photo-candidates,owner-candidates/v1/ko-japanese-teppanyaki-and-sushi/5e20616da1accdd87618e486f25d4b637bfa9026c3ab7e53b180eb2fca6c45f6.webp,egkdapqwkfprtyqvvnso,true,5e20616da1accdd87618e486f25d4b637bfa9026c3ab7e53b180eb2fca6c45f6,image/webp,792282,4000,2000,ko-japanese-teppanyaki-and-sushi,v_import_ko_japanese_teppanyaki_and_sushi,ko-japanese-teppanyaki-and-sushi,venue,DUP-011,project_owner_global_authorization,MEDIA-002,,NOT_CREATED_DRY_RUN,false,CANONICALIZE_DUPLICATE_PRESERVE_ASSOCIATIONS,duplicate_content_hash,share canonical bytes; preserve logical association
owner-photo-candidates,owner-candidates/v1/ko-japanese-teppanyaki-and-sushi/6210a736abca74afbe81b6dc263e2481575ae04da32776add798e1aca17e657d.avif,egkdapqwkfprtyqvvnso,true,6210a736abca74afbe81b6dc263e2481575ae04da32776add798e1aca17e657d,image/heif,75797,1100,550,ko-japanese-teppanyaki-and-sushi,v_import_ko_japanese_teppanyaki_and_sushi,ko-japanese-teppanyaki-and-sushi,venue,DUP-012,project_owner_global_authorization,MEDIA-002,,NOT_CREATED_DRY_RUN,false,CANONICALIZE_DUPLICATE_PRESERVE_ASSOCIATIONS,duplicate_content_hash,share canonical bytes; preserve logical association
owner-photo-candidates,owner-candidates/v1/ko-japanese-teppanyaki-and-sushi/621a34b230b93a53324e05f303bb3c128aa3648abab840e53594e40cd199b18b.avif,egkdapqwkfprtyqvvnso,true,621a34b230b93a53324e05f303bb3c128aa3648abab840e53594e40cd199b18b,image/heif,117148,1100,550,ko-japanese-teppanyaki-and-sushi,v_import_ko_japanese_teppanyaki_and_sushi,ko-japanese-teppanyaki-and-sushi,venue,,project_owner_global_authorization,MEDIA-002,,NOT_CREATED_DRY_RUN,false,READY_FOR_MAPPING,,
owner-photo-candidates,owner-candidates/v1/ko-japanese-teppanyaki-and-sushi/721102cb3dd96f42ffc6c64ee23d5df250d090b57df1f1f40abe3a3150b0761d.avif,egkdapqwkfprtyqvvnso,true,721102cb3dd96f42ffc6c64ee23d5df250d090b57df1f1f40abe3a3150b0761d,image/heif,88467,4000,2000,ko-japanese-teppanyaki-and-sushi,v_import_ko_japanese_teppanyaki_and_sushi,ko-japanese-teppanyaki-and-sushi,venue,,project_owner_global_authorization,MEDIA-002,,NOT_CREATED_DRY_RUN,false,READY_FOR_MAPPING,,
owner-photo-candidates,owner-candidates/v1/ko-japanese-teppanyaki-and-sushi/928cb8b47f3a16d4d928695295eb265520b67066705b9203f6bf96f43993ecda.avif,egkdapqwkfprtyqvvnso,true,928cb8b47f3a16d4d928695295eb265520b67066705b9203f6bf96f43993ecda,image/heif,52623,733,550,ko-japanese-teppanyaki-and-sushi,v_import_ko_japanese_teppanyaki_and_sushi,ko-japanese-teppanyaki-and-sushi,venue,DUP-013,project_owner_global_authorization,MEDIA-002,,NOT_CREATED_DRY_RUN,false,CANONICALIZE_DUPLICATE_PRESERVE_ASSOCIATIONS,duplicate_content_hash,share canonical bytes; preserve logical association
owner-photo-candidates,owner-candidates/v1/koa-shala-sanur/1de01f7ec9bf1506e03298973c55fb6bd282a1f81a3afab5297206780579664f.webp,egkdapqwkfprtyqvvnso,true,1de01f7ec9bf1506e03298973c55fb6bd282a1f81a3afab5297206780579664f,image/webp,141744,2000,1333,koa-shala-sanur,61944bce-dc80-4cb4-9f04-e2a772253a68,koa-shala-sanur,venue,DUP-036,project_owner_global_authorization,MEDIA-002,venues.photo_url:koa-shala-sanur,NOT_CREATED_DRY_RUN,true,CANONICALIZE_DUPLICATE_PRESERVE_ASSOCIATIONS,duplicate_content_hash,share canonical bytes; preserve logical association
owner-photo-candidates,owner-candidates/v1/koa-shala-sanur/8fd352e6cff9b150e263e8a2466cd2928e89e75314b81108279007f890fc2454.webp,egkdapqwkfprtyqvvnso,true,8fd352e6cff9b150e263e8a2466cd2928e89e75314b81108279007f890fc2454,image/webp,82368,639,960,koa-shala-sanur,61944bce-dc80-4cb4-9f04-e2a772253a68,koa-shala-sanur,venue,DUP-037,project_owner_global_authorization,MEDIA-002,,NOT_CREATED_DRY_RUN,false,CANONICALIZE_DUPLICATE_PRESERVE_ASSOCIATIONS,duplicate_content_hash,share canonical bytes; preserve logical association
owner-photo-candidates,owner-candidates/v1/koa-shala-sanur/d2fa77e28d3a2a6535b1249875b55a7e102edc91890a313c78ac07cbda68144d.webp,egkdapqwkfprtyqvvnso,true,d2fa77e28d3a2a6535b1249875b55a7e102edc91890a313c78ac07cbda68144d,image/webp,106530,1920,1280,koa-shala-sanur,61944bce-dc80-4cb4-9f04-e2a772253a68,koa-shala-sanur,venue,DUP-038,project_owner_global_authorization,MEDIA-002,,NOT_CREATED_DRY_RUN,false,CANONICALIZE_DUPLICATE_PRESERVE_ASSOCIATIONS,duplicate_content_hash,share canonical bytes; preserve logical association
owner-photo-candidates,owner-candidates/v1/koa-shala-sanur/f5a61df8d2b2064b91a278897e915d5aaac08147149543e4e167a11521ab2aa7.webp,egkdapqwkfprtyqvvnso,true,f5a61df8d2b2064b91a278897e915d5aaac08147149543e4e167a11521ab2aa7,image/webp,2478404,2500,911,koa-shala-sanur,61944bce-dc80-4cb4-9f04-e2a772253a68,koa-shala-sanur,venue,,project_owner_global_authorization,MEDIA-002,,NOT_CREATED_DRY_RUN,false,READY_FOR_MAPPING,,
owner-photo-candidates,owner-candidates/v1/koa-shala-spa-sanur/1de01f7ec9bf1506e03298973c55fb6bd282a1f81a3afab5297206780579664f.webp,egkdapqwkfprtyqvvnso,true,1de01f7ec9bf1506e03298973c55fb6bd282a1f81a3afab5297206780579664f,image/webp,141744,2000,1333,koa-shala-spa-sanur,144b19c9-a094-4b51-9094-9b8291e63c0c,koa-shala-spa-sanur,venue,DUP-036,project_owner_global_authorization,MEDIA-002,venues.photo_url:koa-shala-spa-sanur,NOT_CREATED_DRY_RUN,true,CANONICALIZE_DUPLICATE_PRESERVE_ASSOCIATIONS,duplicate_content_hash,share canonical bytes; preserve logical association
owner-photo-candidates,owner-candidates/v1/koa-shala-spa-sanur/8fd352e6cff9b150e263e8a2466cd2928e89e75314b81108279007f890fc2454.webp,egkdapqwkfprtyqvvnso,true,8fd352e6cff9b150e263e8a2466cd2928e89e75314b81108279007f890fc2454,image/webp,82368,639,960,koa-shala-spa-sanur,144b19c9-a094-4b51-9094-9b8291e63c0c,koa-shala-spa-sanur,venue,DUP-037,project_owner_global_authorization,MEDIA-002,,NOT_CREATED_DRY_RUN,false,CANONICALIZE_DUPLICATE_PRESERVE_ASSOCIATIONS,duplicate_content_hash,share canonical bytes; preserve logical association
owner-photo-candidates,owner-candidates/v1/koa-shala-spa-sanur/d2fa77e28d3a2a6535b1249875b55a7e102edc91890a313c78ac07cbda68144d.webp,egkdapqwkfprtyqvvnso,true,d2fa77e28d3a2a6535b1249875b55a7e102edc91890a313c78ac07cbda68144d,image/webp,106530,1920,1280,koa-shala-spa-sanur,144b19c9-a094-4b51-9094-9b8291e63c0c,koa-shala-spa-sanur,venue,DUP-038,project_owner_global_authorization,MEDIA-002,,NOT_CREATED_DRY_RUN,false,CANONICALIZE_DUPLICATE_PRESERVE_ASSOCIATIONS,duplicate_content_hash,share canonical bytes; preserve logical association
owner-photo-candidates,owner-candidates/v1/koral/44bf5151f3ab1c0577fe180d8e7fb5c7efa687e91dc2dc99ca6be4e01995889a.avif,egkdapqwkfprtyqvvnso,true,44bf5151f3ab1c0577fe180d8e7fb5c7efa687e91dc2dc99ca6be4e01995889a,image/heif,407004,1920,1201,koral,v_import_koral,koral,venue,DUP-039,project_owner_global_authorization,MEDIA-002,venues.photo_url:koral,NOT_CREATED_DRY_RUN,true,CANONICALIZE_DUPLICATE_PRESERVE_ASSOCIATIONS,duplicate_content_hash,share canonical bytes; preserve logical association
owner-photo-candidates,owner-candidates/v1/koral/4e84519c87b46fffca942bdc4da82075ea5dff264b90426d069423c09fa8ee94.avif,egkdapqwkfprtyqvvnso,true,4e84519c87b46fffca942bdc4da82075ea5dff264b90426d069423c09fa8ee94,image/heif,203312,1200,750,koral,v_import_koral,koral,venue,,project_owner_global_authorization,MEDIA-002,,NOT_CREATED_DRY_RUN,false,READY_FOR_MAPPING,,
owner-photo-candidates,owner-candidates/v1/koral/a94e2d1162958a33678a6c25dbbfbcddb9312cc0d1e38c443551cf1a5eda9b2f.webp,egkdapqwkfprtyqvvnso,true,a94e2d1162958a33678a6c25dbbfbcddb9312cc0d1e38c443551cf1a5eda9b2f,image/webp,670780,1920,1440,koral,v_import_koral,koral,venue,DUP-028,project_owner_global_authorization,MEDIA-002,,NOT_CREATED_DRY_RUN,false,CANONICALIZE_DUPLICATE_PRESERVE_ASSOCIATIONS,duplicate_content_hash,share canonical bytes; preserve logical association
owner-photo-candidates,owner-candidates/v1/koral/d29c5dd5e0b6660ba9b753450fc9d6b854f7972f11be2de9405abf07accbd098.avif,egkdapqwkfprtyqvvnso,true,d29c5dd5e0b6660ba9b753450fc9d6b854f7972f11be2de9405abf07accbd098,image/heif,123956,1188,800,koral,v_import_koral,koral,venue,,project_owner_global_authorization,MEDIA-002,,NOT_CREATED_DRY_RUN,false,READY_FOR_MAPPING,,
owner-photo-candidates,owner-candidates/v1/koral/f6fb2dccda6a79345712bce56345fb002cc002e75ed295c7795c1742e5bd7d7c.avif,egkdapqwkfprtyqvvnso,true,f6fb2dccda6a79345712bce56345fb002cc002e75ed295c7795c1742e5bd7d7c,image/heif,147896,1200,672,koral,v_import_koral,koral,venue,,project_owner_global_authorization,MEDIA-002,,NOT_CREATED_DRY_RUN,false,READY_FOR_MAPPING,,
owner-photo-candidates,owner-candidates/v1/kriya-spa-at-grand-hyatt-bali-nusa-dua/09d803e477c4c3bbdd6ba3a893eda01ab595c729470e8ed75b5f17955a9fddce.webp,egkdapqwkfprtyqvvnso,true,09d803e477c4c3bbdd6ba3a893eda01ab595c729470e8ed75b5f17955a9fddce,image/webp,54022,2560,1440,kriya-spa-at-grand-hyatt-bali-nusa-dua,20d2bd41-6fd1-4ead-ba87-16d38a569f72,kriya-spa-at-grand-hyatt-bali-nusa-dua,venue,,project_owner_global_authorization,MEDIA-002,venues.photo_url:kriya-spa-at-grand-hyatt-bali-nusa-dua,NOT_CREATED_DRY_RUN,true,READY_FOR_MAPPING,,
owner-photo-candidates,owner-candidates/v1/kriya-spa-at-grand-hyatt-bali-nusa-dua/6a8d123e2c3ac4921607c38b4f574ce2d7a016ad1861d47918eeb4b22c79c031.webp,egkdapqwkfprtyqvvnso,true,6a8d123e2c3ac4921607c38b4f574ce2d7a016ad1861d47918eeb4b22c79c031,image/webp,317190,2560,1440,kriya-spa-at-grand-hyatt-bali-nusa-dua,20d2bd41-6fd1-4ead-ba87-16d38a569f72,kriya-spa-at-grand-hyatt-bali-nusa-dua,venue,,project_owner_global_authorization,MEDIA-002,,NOT_CREATED_DRY_RUN,false,READY_FOR_MAPPING,,
owner-photo-candidates,owner-candidates/v1/kriya-spa-at-grand-hyatt-bali-nusa-dua/fad1d69d804428d9fe89dc19702a8af21a1d3d1f93d450c043be48f2f908f991.jpg,egkdapqwkfprtyqvvnso,true,fad1d69d804428d9fe89dc19702a8af21a1d3d1f93d450c043be48f2f908f991,image/jpeg,511564,2560,1440,kriya-spa-at-grand-hyatt-bali-nusa-dua,20d2bd41-6fd1-4ead-ba87-16d38a569f72,kriya-spa-at-grand-hyatt-bali-nusa-dua,venue,,project_owner_global_authorization,MEDIA-002,,NOT_CREATED_DRY_RUN,false,READY_FOR_MAPPING,,
owner-photo-candidates,owner-candidates/v1/ku-de-ta/38828e64eeea8412d1e3c1cc8e9154cb78aca6c6e89cf76455ba9f5dede9bfc0.webp,egkdapqwkfprtyqvvnso,true,38828e64eeea8412d1e3c1cc8e9154cb78aca6c6e89cf76455ba9f5dede9bfc0,image/webp,132924,1024,589,ku-de-ta,v_import_ku_de_ta,ku-de-ta,venue,,project_owner_global_authorization,MEDIA-002,venues.photo_url:ku-de-ta,NOT_CREATED_DRY_RUN,true,READY_FOR_MAPPING,,
owner-photo-candidates,owner-candidates/v1/ku-de-ta/6dbe66cc2be251eaa8cafeed374a1151947dc14eb9274f0a02758c25a5ba1b87.webp,egkdapqwkfprtyqvvnso,true,6dbe66cc2be251eaa8cafeed374a1151947dc14eb9274f0a02758c25a5ba1b87,image/webp,104256,1078,707,ku-de-ta,v_import_ku_de_ta,ku-de-ta,venue,,project_owner_global_authorization,MEDIA-002,,NOT_CREATED_DRY_RUN,false,READY_FOR_MAPPING,,
owner-photo-candidates,owner-candidates/v1/ku-de-ta/e563a94b5360950343315e061f830456d8df13f4c7646171fbc5148fb79e6acc.webp,egkdapqwkfprtyqvvnso,true,e563a94b5360950343315e061f830456d8df13f4c7646171fbc5148fb79e6acc,image/webp,691196,900,675,ku-de-ta,v_import_ku_de_ta,ku-de-ta,venue,,project_owner_global_authorization,MEDIA-002,,NOT_CREATED_DRY_RUN,false,READY_FOR_MAPPING,,
owner-photo-candidates,owner-candidates/v1/kuu-izakaya-dining/86c8684f4880ff61ec018a7b4910be207e174f38165c5f181acb0cf82cc7a8a8.webp,egkdapqwkfprtyqvvnso,true,86c8684f4880ff61ec018a7b4910be207e174f38165c5f181acb0cf82cc7a8a8,image/webp,192054,960,540,kuu-izakaya-dining,v_import_kuu_izakaya_dining,kuu-izakaya-dining,venue,,project_owner_global_authorization,MEDIA-002,venues.photo_url:kuu-izakaya-dining,NOT_CREATED_DRY_RUN,true,READY_FOR_MAPPING,,
owner-photo-candidates,owner-candidates/v1/kuu-izakaya-dining/bc4dd1995a105955de137707349e382d45031637042f8c0b745e874ea631bde9.webp,egkdapqwkfprtyqvvnso,true,bc4dd1995a105955de137707349e382d45031637042f8c0b745e874ea631bde9,image/webp,132318,960,540,kuu-izakaya-dining,v_import_kuu_izakaya_dining,kuu-izakaya-dining,venue,,project_owner_global_authorization,MEDIA-002,,NOT_CREATED_DRY_RUN,false,READY_FOR_MAPPING,,
owner-photo-candidates,owner-candidates/v1/kuu-izakaya-dining/be33f1004766179daab2b694bf1c815f01ad56714e9819e87a1ac376231aae61.webp,egkdapqwkfprtyqvvnso,true,be33f1004766179daab2b694bf1c815f01ad56714e9819e87a1ac376231aae61,image/webp,67910,907,524,kuu-izakaya-dining,v_import_kuu_izakaya_dining,kuu-izakaya-dining,venue,,project_owner_global_authorization,MEDIA-002,,NOT_CREATED_DRY_RUN,false,READY_FOR_MAPPING,,
owner-photo-candidates,owner-candidates/v1/kynd-community/810cbc93ded1a4383df18dc02a8536b199671df4814cb55e2251a5e032af547c.webp,egkdapqwkfprtyqvvnso,true,810cbc93ded1a4383df18dc02a8536b199671df4814cb55e2251a5e032af547c,image/webp,291894,1078,1348,kynd-community,imp_kynd-community,kynd-community,venue,,project_owner_global_authorization,MEDIA-002,venues.photo_url:kynd-community,NOT_CREATED_DRY_RUN,true,READY_FOR_MAPPING,,
owner-photo-candidates,owner-candidates/v1/kynd-community/f7aa639f2fbb793ffbc069d2c6fd10482be5ffd8077b7fd0e4146e5fef6d7523.webp,egkdapqwkfprtyqvvnso,true,f7aa639f2fbb793ffbc069d2c6fd10482be5ffd8077b7fd0e4146e5fef6d7523,image/webp,234882,960,1200,kynd-community,imp_kynd-community,kynd-community,venue,,project_owner_global_authorization,MEDIA-002,,NOT_CREATED_DRY_RUN,false,READY_FOR_MAPPING,,
owner-photo-candidates,owner-candidates/v1/kynd-community/fb06d7ef477a04b2891fde2a5eb62e1f6470bb19f40c5747ea104e39be37a6a8.webp,egkdapqwkfprtyqvvnso,true,fb06d7ef477a04b2891fde2a5eb62e1f6470bb19f40c5747ea104e39be37a6a8,image/webp,327838,1078,1348,kynd-community,imp_kynd-community,kynd-community,venue,,project_owner_global_authorization,MEDIA-002,,NOT_CREATED_DRY_RUN,false,READY_FOR_MAPPING,,
owner-photo-candidates,owner-candidates/v1/la-casetta-bali/413ceef823554859011bed84f84e032b7b804cac59be6ced4ea8192e32dc4912.png,egkdapqwkfprtyqvvnso,true,413ceef823554859011bed84f84e032b7b804cac59be6ced4ea8192e32dc4912,image/png,40949,1970,1970,la-casetta-bali,v_import_la_casetta_bali,la-casetta-bali,venue,DUP-027,project_owner_global_authorization,MEDIA-002,venues.photo_url:la-casetta-bali,NOT_CREATED_DRY_RUN,true,CANONICALIZE_DUPLICATE_PRESERVE_ASSOCIATIONS,duplicate_content_hash,share canonical bytes; preserve logical association
owner-photo-candidates,owner-candidates/v1/la-casetta-bali/ebf0fcf388699abb5a99731b2508c7292eb0df987188356b00459c266dc579c0.jpg,egkdapqwkfprtyqvvnso,true,ebf0fcf388699abb5a99731b2508c7292eb0df987188356b00459c266dc579c0,image/jpeg,835921,3009,3009,la-casetta-bali,v_import_la_casetta_bali,la-casetta-bali,venue,,project_owner_global_authorization,MEDIA-002,,NOT_CREATED_DRY_RUN,false,READY_FOR_MAPPING,,
owner-photo-candidates,owner-candidates/v1/la-tribu-bali/50730feac5580fc54df56b89a766a0ae78223463a33bbb74b6549e827c6f07a3.webp,egkdapqwkfprtyqvvnso,true,50730feac5580fc54df56b89a766a0ae78223463a33bbb74b6549e827c6f07a3,image/webp,301516,1200,1600,la-tribu-bali,wbimp_la-tribu-bali,la-tribu-bali,venue,,project_owner_global_authorization,MEDIA-002,venues.photo_url:la-tribu-bali,NOT_CREATED_DRY_RUN,true,READY_FOR_MAPPING,,
owner-photo-candidates,owner-candidates/v1/la-tribu-bali/9fa28a8a1f4e13932629cde2118419e3608d79906b864d1655c1cbbbe42d7cd2.webp,egkdapqwkfprtyqvvnso,true,9fa28a8a1f4e13932629cde2118419e3608d79906b864d1655c1cbbbe42d7cd2,image/webp,222470,1536,990,la-tribu-bali,wbimp_la-tribu-bali,la-tribu-bali,venue,,project_owner_global_authorization,MEDIA-002,,NOT_CREATED_DRY_RUN,false,READY_FOR_MAPPING,,
owner-photo-candidates,owner-candidates/v1/la-tribu-bali/a7726c2418f2a449d7269775ef2e10c987478f0e1ee85114aece3638d7cbfbcd.webp,egkdapqwkfprtyqvvnso,true,a7726c2418f2a449d7269775ef2e10c987478f0e1ee85114aece3638d7cbfbcd,image/webp,60392,5760,3240,la-tribu-bali,wbimp_la-tribu-bali,la-tribu-bali,venue,,project_owner_global_authorization,MEDIA-002,,NOT_CREATED_DRY_RUN,false,READY_FOR_MAPPING,,
owner-photo-candidates,owner-candidates/v1/laggas-uluwatu/11ff7d4241c562def2a9b5094cb2d22eec27a163f8439a6ed6a0562e6b3201a4.jpg,egkdapqwkfprtyqvvnso,true,11ff7d4241c562def2a9b5094cb2d22eec27a163f8439a6ed6a0562e6b3201a4,image/jpeg,81954,540,960,laggas-uluwatu,v_import_laggas_uluwatu,laggas-uluwatu,venue,,project_owner_global_authorization,MEDIA-002,venues.photo_url:laggas-uluwatu,NOT_CREATED_DRY_RUN,true,READY_FOR_MAPPING,,
owner-photo-candidates,owner-candidates/v1/laggas-uluwatu/a99e92e57257df8483b771feec7cb98749aeb41ace200ce7f152f100e8712548.webp,egkdapqwkfprtyqvvnso,true,a99e92e57257df8483b771feec7cb98749aeb41ace200ce7f152f100e8712548,image/webp,326272,1440,1440,laggas-uluwatu,v_import_laggas_uluwatu,laggas-uluwatu,venue,,project_owner_global_authorization,MEDIA-002,,NOT_CREATED_DRY_RUN,false,READY_FOR_MAPPING,,
owner-photo-candidates,owner-candidates/v1/laggas-uluwatu/dbc99f31599e540994efba0a1f6a236037708b3cc2ecc50e6c483f547d27dade.webp,egkdapqwkfprtyqvvnso,true,dbc99f31599e540994efba0a1f6a236037708b3cc2ecc50e6c483f547d27dade,image/webp,231488,1440,1440,laggas-uluwatu,v_import_laggas_uluwatu,laggas-uluwatu,venue,,project_owner_global_authorization,MEDIA-002,,NOT_CREATED_DRY_RUN,false,READY_FOR_MAPPING,,
owner-photo-candidates,owner-candidates/v1/lagoon-spa-seminyak-seminyak/666943ed316224d682636fe25c59c98e228d7800a153c678ce94ce67d1000734.jpg,egkdapqwkfprtyqvvnso,true,666943ed316224d682636fe25c59c98e228d7800a153c678ce94ce67d1000734,image/jpeg,421055,1200,800,lagoon-spa-seminyak-seminyak,9f1a5043-160c-4a72-bf2d-33d556b80dd7,lagoon-spa-seminyak-seminyak,venue,,project_owner_global_authorization,MEDIA-002,venues.photo_url:lagoon-spa-seminyak-seminyak,NOT_CREATED_DRY_RUN,true,READY_FOR_MAPPING,,
owner-photo-candidates,owner-candidates/v1/lagoon-spa-seminyak-seminyak/739f1590c0ffcedff998a8a6df95881ad2b6ad82538128abb75aa04fe9baf1c4.jpg,egkdapqwkfprtyqvvnso,true,739f1590c0ffcedff998a8a6df95881ad2b6ad82538128abb75aa04fe9baf1c4,image/jpeg,852732,1080,1350,lagoon-spa-seminyak-seminyak,9f1a5043-160c-4a72-bf2d-33d556b80dd7,lagoon-spa-seminyak-seminyak,venue,,project_owner_global_authorization,MEDIA-002,,NOT_CREATED_DRY_RUN,false,READY_FOR_MAPPING,,
owner-photo-candidates,owner-candidates/v1/lagoon-spa-seminyak-seminyak/84a3583cc45a32ba88cdf843fabb6875fd2af4dd7834fe86b6c7d1972f32dec1.jpg,egkdapqwkfprtyqvvnso,true,84a3583cc45a32ba88cdf843fabb6875fd2af4dd7834fe86b6c7d1972f32dec1,image/jpeg,319752,1200,800,lagoon-spa-seminyak-seminyak,9f1a5043-160c-4a72-bf2d-33d556b80dd7,lagoon-spa-seminyak-seminyak,venue,,project_owner_global_authorization,MEDIA-002,,NOT_CREATED_DRY_RUN,false,READY_FOR_MAPPING,,
owner-photo-candidates,owner-candidates/v1/leha-leha-spa-sanur/3f14badb1d25fa8fc17d502d5b3b553e699dbc4f5d751d5db8e7d6b4b539737b.jpg,egkdapqwkfprtyqvvnso,true,3f14badb1d25fa8fc17d502d5b3b553e699dbc4f5d751d5db8e7d6b4b539737b,image/jpeg,168278,1382,500,leha-leha-spa-sanur,wbimp_leha-leha-spa-sanur,leha-leha-spa-sanur,venue,,project_owner_global_authorization,MEDIA-002,venues.photo_url:leha-leha-spa-sanur,NOT_CREATED_DRY_RUN,true,READY_FOR_MAPPING,,
owner-photo-candidates,owner-candidates/v1/leha-leha-spa-sanur/5c52275453cf602b4814b9af17a3ca4d298c4cf92bc0c743ec918ca4706f5268.jpg,egkdapqwkfprtyqvvnso,true,5c52275453cf602b4814b9af17a3ca4d298c4cf92bc0c743ec918ca4706f5268,image/jpeg,220094,1351,488,leha-leha-spa-sanur,wbimp_leha-leha-spa-sanur,leha-leha-spa-sanur,venue,,project_owner_global_authorization,MEDIA-002,,NOT_CREATED_DRY_RUN,false,READY_FOR_MAPPING,,
owner-photo-candidates,owner-candidates/v1/leha-leha-spa-sanur/91141a0d58d10b6b3d381b5cbf17bca955e32d5c92d817d52a217121333ee503.jpg,egkdapqwkfprtyqvvnso,true,91141a0d58d10b6b3d381b5cbf17bca955e32d5c92d817d52a217121333ee503,image/jpeg,394831,1600,630,leha-leha-spa-sanur,wbimp_leha-leha-spa-sanur,leha-leha-spa-sanur,venue,,project_owner_global_authorization,MEDIA-002,,NOT_CREATED_DRY_RUN,false,READY_FOR_MAPPING,,
owner-photo-candidates,owner-candidates/v1/lilla-pantai/2afa3aa52b2c23f603439c4828520f8dec00aaf537a59b82577edb5e3bbf12fa.jpg,egkdapqwkfprtyqvvnso,true,2afa3aa52b2c23f603439c4828520f8dec00aaf537a59b82577edb5e3bbf12fa,image/jpeg,399295,1152,2048,lilla-pantai,v_import_lilla_pantai,lilla-pantai,venue,,project_owner_global_authorization,MEDIA-002,venues.photo_url:lilla-pantai,NOT_CREATED_DRY_RUN,true,READY_FOR_MAPPING,,
owner-photo-candidates,owner-candidates/v1/lilla-pantai/44d81a41940012600e7f0ce26a08244717aff9cd1eadb651634407f166befae3.jpg,egkdapqwkfprtyqvvnso,true,44d81a41940012600e7f0ce26a08244717aff9cd1eadb651634407f166befae3,image/jpeg,186137,1200,630,lilla-pantai,v_import_lilla_pantai,lilla-pantai,venue,,project_owner_global_authorization,MEDIA-002,,NOT_CREATED_DRY_RUN,false,READY_FOR_MAPPING,,
owner-photo-candidates,owner-candidates/v1/ling-lings-bali/5fbf3ef12191b5ec2c85ab059b198bf17b01f3c64b109e262de1268a77aef7b5.jpg,egkdapqwkfprtyqvvnso,true,5fbf3ef12191b5ec2c85ab059b198bf17b01f3c64b109e262de1268a77aef7b5,image/jpeg,438841,2560,1440,ling-lings-bali,v_import_ling_lings_bali,ling-lings-bali,venue,,project_owner_global_authorization,MEDIA-002,venues.photo_url:ling-lings-bali,NOT_CREATED_DRY_RUN,true,READY_FOR_MAPPING,,
owner-photo-candidates,owner-candidates/v1/ling-lings-bali/c18dcce404e1252286ffff14287e67de8ee5b617bcfc869384bbe0f887d0f1ea.png,egkdapqwkfprtyqvvnso,true,c18dcce404e1252286ffff14287e67de8ee5b617bcfc869384bbe0f887d0f1ea,image/png,148472,2100,1800,ling-lings-bali,v_import_ling_lings_bali,ling-lings-bali,venue,,project_owner_global_authorization,MEDIA-002,,NOT_CREATED_DRY_RUN,false,READY_FOR_MAPPING,,
owner-photo-candidates,owner-candidates/v1/ling-lings-bali/d485a26e9fbaca7c4d401727dae25d400b6a3c085ec6365602e079b3f531c4a8.jpg,egkdapqwkfprtyqvvnso,true,d485a26e9fbaca7c4d401727dae25d400b6a3c085ec6365602e079b3f531c4a8,image/jpeg,487116,2560,1440,ling-lings-bali,v_import_ling_lings_bali,ling-lings-bali,venue,,project_owner_global_authorization,MEDIA-002,,NOT_CREATED_DRY_RUN,false,READY_FOR_MAPPING,,
owner-photo-candidates,owner-candidates/v1/linga-longa-bar/4352cc18d3304455a139560f67c1776d922290194820475b9488c8455afe84bb.jpg,egkdapqwkfprtyqvvnso,true,4352cc18d3304455a139560f67c1776d922290194820475b9488c8455afe84bb,image/jpeg,453139,2000,1500,linga-longa-bar,v_import_linga_longa_bar,linga-longa-bar,venue,,project_owner_global_authorization,MEDIA-002,venues.photo_url:linga-longa-bar,NOT_CREATED_DRY_RUN,true,READY_FOR_MAPPING,,
owner-photo-candidates,owner-candidates/v1/linga-longa-bar/69f83e98fef3b6079a641914bdb4ee442d1b065258577a3bbc203e7fd5111d52.jpg,egkdapqwkfprtyqvvnso,true,69f83e98fef3b6079a641914bdb4ee442d1b065258577a3bbc203e7fd5111d52,image/jpeg,670511,2000,1000,linga-longa-bar,v_import_linga_longa_bar,linga-longa-bar,venue,,project_owner_global_authorization,MEDIA-002,,NOT_CREATED_DRY_RUN,false,READY_FOR_MAPPING,,
owner-photo-candidates,owner-candidates/v1/linga-longa-bar/d48f718690100ffbc713d2b1cec2fc432f53a7244646a759f6cc742a9ac75c53.jpg,egkdapqwkfprtyqvvnso,true,d48f718690100ffbc713d2b1cec2fc432f53a7244646a759f6cc742a9ac75c53,image/jpeg,853128,1030,687,linga-longa-bar,v_import_linga_longa_bar,linga-longa-bar,venue,,project_owner_global_authorization,MEDIA-002,,NOT_CREATED_DRY_RUN,false,READY_FOR_MAPPING,,
owner-photo-candidates,owner-candidates/v1/luigis-hot-pizza/5f7405def26f6ab4db286bac06c3201956b5b2371b9d495a26d64c193f831617.jpg,egkdapqwkfprtyqvvnso,true,5f7405def26f6ab4db286bac06c3201956b5b2371b9d495a26d64c193f831617,image/jpeg,1067922,1200,676,luigis-hot-pizza,v_luigis-hot-pizza,luigis-hot-pizza,venue,,project_owner_global_authorization,MEDIA-002,venues.photo_url:luigis-hot-pizza,NOT_CREATED_DRY_RUN,true,READY_FOR_MAPPING,,
owner-photo-candidates,owner-candidates/v1/luigis-hot-pizza/a6b45cab6ca90964cc5f717658d67fc5b80c247c6b9b6038084851eef4845849.jpg,egkdapqwkfprtyqvvnso,true,a6b45cab6ca90964cc5f717658d67fc5b80c247c6b9b6038084851eef4845849,image/jpeg,56527,640,640,luigis-hot-pizza,v_luigis-hot-pizza,luigis-hot-pizza,venue,,project_owner_global_authorization,MEDIA-002,,NOT_CREATED_DRY_RUN,false,READY_FOR_MAPPING,,
owner-photo-candidates,owner-candidates/v1/luigis-hot-pizza/bee79103444b7bd278c19c22fee547b846a61a29a504217c03fd8266e6bedb61.jpg,egkdapqwkfprtyqvvnso,true,bee79103444b7bd278c19c22fee547b846a61a29a504217c03fd8266e6bedb61,image/jpeg,68978,640,640,luigis-hot-pizza,v_luigis-hot-pizza,luigis-hot-pizza,venue,,project_owner_global_authorization,MEDIA-002,,NOT_CREATED_DRY_RUN,false,READY_FOR_MAPPING,,
owner-photo-candidates,owner-candidates/v1/luma/3d15df3f87ec6f0bd9d6879a109e21327fac0a37e26951aa7cd2815f9cf58f03.webp,egkdapqwkfprtyqvvnso,true,3d15df3f87ec6f0bd9d6879a109e21327fac0a37e26951aa7cd2815f9cf58f03,image/webp,450308,2500,1667,luma,v_import_luma,luma,venue,,project_owner_global_authorization,MEDIA-002,venues.photo_url:luma,NOT_CREATED_DRY_RUN,true,READY_FOR_MAPPING,,
owner-photo-candidates,owner-candidates/v1/luma/8dbca90306d40074f799ab4e24f22cb6a79811a1e18cb84b254922e9db239ddb.jpg,egkdapqwkfprtyqvvnso,true,8dbca90306d40074f799ab4e24f22cb6a79811a1e18cb84b254922e9db239ddb,image/jpeg,555107,800,960,luma,v_import_luma,luma,venue,,project_owner_global_authorization,MEDIA-002,,NOT_CREATED_DRY_RUN,false,READY_FOR_MAPPING,,
owner-photo-candidates,owner-candidates/v1/luma/9ada20b86e4cfbcb9c5251dd318c53e2081894ae9d92d44d6427b13a816fdcdd.png,egkdapqwkfprtyqvvnso,true,9ada20b86e4cfbcb9c5251dd318c53e2081894ae9d92d44d6427b13a816fdcdd,image/png,66847,3064,908,luma,v_import_luma,luma,venue,,project_owner_global_authorization,MEDIA-002,,NOT_CREATED_DRY_RUN,false,READY_FOR_MAPPING,,
owner-photo-candidates,owner-candidates/v1/mamasan-bali/2b47f122c4416939f009ad9b8ccc6229bcaf8139b805bcb6026d65bccf49b1d4.png,egkdapqwkfprtyqvvnso,true,2b47f122c4416939f009ad9b8ccc6229bcaf8139b805bcb6026d65bccf49b1d4,image/png,1218809,1200,630,mamasan-bali,v_import_mamasan_bali,mamasan-bali,venue,,project_owner_global_authorization,MEDIA-002,venues.photo_url:mamasan-bali,NOT_CREATED_DRY_RUN,true,READY_FOR_MAPPING,,
owner-photo-candidates,owner-candidates/v1/mamasan-bali/30cbd565e91349d92635c05f4c48b3ee7ac9084f3b7297aefdfb77e7c0e61ed1.webp,egkdapqwkfprtyqvvnso,true,30cbd565e91349d92635c05f4c48b3ee7ac9084f3b7297aefdfb77e7c0e61ed1,image/webp,92670,2560,800,mamasan-bali,v_import_mamasan_bali,mamasan-bali,venue,,project_owner_global_authorization,MEDIA-002,,NOT_CREATED_DRY_RUN,false,READY_FOR_MAPPING,,
owner-photo-candidates,owner-candidates/v1/mamasan-bali/7c4222516168af1861185f8816e2e654702cf38f330eedb3fa6c414b72d49b8a.webp,egkdapqwkfprtyqvvnso,true,7c4222516168af1861185f8816e2e654702cf38f330eedb3fa6c414b72d49b8a,image/webp,100136,1024,683,mamasan-bali,v_import_mamasan_bali,mamasan-bali,venue,,project_owner_global_authorization,MEDIA-002,,NOT_CREATED_DRY_RUN,false,READY_FOR_MAPPING,,
owner-photo-candidates,owner-candidates/v1/manarai-beach-house/57ffd29b73fe4446547fc54d7523c8b9b239990dd61fafd716b51781c7beef85.webp,egkdapqwkfprtyqvvnso,true,57ffd29b73fe4446547fc54d7523c8b9b239990dd61fafd716b51781c7beef85,image/webp,106044,1270,932,manarai-beach-house,v_import_manarai_beach_house,manarai-beach-house,venue,,project_owner_global_authorization,MEDIA-002,venues.photo_url:manarai-beach-house,NOT_CREATED_DRY_RUN,true,READY_FOR_MAPPING,,
owner-photo-candidates,owner-candidates/v1/manarai-beach-house/91e9f1b548ca33c17e6b2819be5e85deee8804e57a37b67e42de2d5964a8adb9.png,egkdapqwkfprtyqvvnso,true,91e9f1b548ca33c17e6b2819be5e85deee8804e57a37b67e42de2d5964a8adb9,image/png,1145254,2160,1056,manarai-beach-house,v_import_manarai_beach_house,manarai-beach-house,venue,,project_owner_global_authorization,MEDIA-002,,NOT_CREATED_DRY_RUN,false,READY_FOR_MAPPING,,
owner-photo-candidates,owner-candidates/v1/manarai-beach-house/d363cb0cf86952bcce0432eb1a3245e6a6466810dc9e70f173e7e60bc847ce18.webp,egkdapqwkfprtyqvvnso,true,d363cb0cf86952bcce0432eb1a3245e6a6466810dc9e70f173e7e60bc847ce18,image/webp,60088,614,932,manarai-beach-house,v_import_manarai_beach_house,manarai-beach-house,venue,,project_owner_global_authorization,MEDIA-002,,NOT_CREATED_DRY_RUN,false,READY_FOR_MAPPING,,
owner-photo-candidates,owner-candidates/v1/mandapa-spa-ubud/86e2dcf53f1de84c13c655c5b5e0a9899c5d064ab62de3d3aa9d3772fe74fe5b.jpg,egkdapqwkfprtyqvvnso,true,86e2dcf53f1de84c13c655c5b5e0a9899c5d064ab62de3d3aa9d3772fe74fe5b,image/jpeg,168422,1336,750,mandapa-spa-ubud,ff81267e-3e5a-4bd7-8e2b-97668b4ece50,mandapa-spa-ubud,venue,,project_owner_global_authorization,MEDIA-002,venues.photo_url:mandapa-spa-ubud,NOT_CREATED_DRY_RUN,true,READY_FOR_MAPPING,,
owner-photo-candidates,owner-candidates/v1/mandapa-spa-ubud/c3c28ee7be81c6532288ccc981dbeae62133360049d0ccdeababb0a9ea471336.avif,egkdapqwkfprtyqvvnso,true,c3c28ee7be81c6532288ccc981dbeae62133360049d0ccdeababb0a9ea471336,image/heif,2154540,4800,3594,mandapa-spa-ubud,ff81267e-3e5a-4bd7-8e2b-97668b4ece50,mandapa-spa-ubud,venue,,project_owner_global_authorization,MEDIA-002,,NOT_CREATED_DRY_RUN,false,READY_FOR_MAPPING,,
owner-photo-candidates,owner-candidates/v1/mandapa-spa-ubud/f90674dd8a404c86f6b251ad8acaf433bd334d7f01a5bb1502e2e55d36f52075.jpg,egkdapqwkfprtyqvvnso,true,f90674dd8a404c86f6b251ad8acaf433bd334d7f01a5bb1502e2e55d36f52075,image/jpeg,209666,1336,753,mandapa-spa-ubud,ff81267e-3e5a-4bd7-8e2b-97668b4ece50,mandapa-spa-ubud,venue,,project_owner_global_authorization,MEDIA-002,,NOT_CREATED_DRY_RUN,false,READY_FOR_MAPPING,,
owner-photo-candidates,owner-candidates/v1/mango-tree-spa-loccitane/5e73808454e870e3d91aec346a74128883968dfb58ba71f19248b680d71f8a80.jpg,egkdapqwkfprtyqvvnso,true,5e73808454e870e3d91aec346a74128883968dfb58ba71f19248b680d71f8a80,image/jpeg,296172,1080,720,mango-tree-spa-loccitane,a5824552-8b24-4b75-a296-f02193ebcff9,mango-tree-spa-loccitane,venue,,project_owner_global_authorization,MEDIA-002,venues.photo_url:mango-tree-spa-loccitane,NOT_CREATED_DRY_RUN,true,READY_FOR_MAPPING,,
owner-photo-candidates,owner-candidates/v1/mango-tree-spa-loccitane/669c6313b494b3c1986da6557626b665729e3b108b790c03b0263901464375bd.jpg,egkdapqwkfprtyqvvnso,true,669c6313b494b3c1986da6557626b665729e3b108b790c03b0263901464375bd,image/jpeg,723817,1600,1068,mango-tree-spa-loccitane,a5824552-8b24-4b75-a296-f02193ebcff9,mango-tree-spa-loccitane,venue,,project_owner_global_authorization,MEDIA-002,,NOT_CREATED_DRY_RUN,false,READY_FOR_MAPPING,,
owner-photo-candidates,owner-candidates/v1/mango-tree-spa-loccitane/a59f0cc7ed6cb91aa2149e695903be5798ffe45b39cd2d424de11f6eca0afdc9.jpg,egkdapqwkfprtyqvvnso,true,a59f0cc7ed6cb91aa2149e695903be5798ffe45b39cd2d424de11f6eca0afdc9,image/jpeg,145483,900,506,mango-tree-spa-loccitane,a5824552-8b24-4b75-a296-f02193ebcff9,mango-tree-spa-loccitane,venue,,project_owner_global_authorization,MEDIA-002,,NOT_CREATED_DRY_RUN,false,READY_FOR_MAPPING,,
owner-photo-candidates,owner-candidates/v1/martha-tilaar-salon-day-spa-jimbaran/15a1f06f6fcf81d2ecfa2b39060dd6eea276f614607f00f738c5b7a9b2b1c7a0.jpg,egkdapqwkfprtyqvvnso,true,15a1f06f6fcf81d2ecfa2b39060dd6eea276f614607f00f738c5b7a9b2b1c7a0,image/jpeg,389386,1000,666,martha-tilaar-salon-day-spa-jimbaran,wbimp_martha-tilaar-salon-day-spa-jimbaran,martha-tilaar-salon-day-spa-jimbaran,venue,DUP-040,project_owner_global_authorization,MEDIA-002,venues.photo_url:martha-tilaar-salon-day-spa-jimbaran,NOT_CREATED_DRY_RUN,true,CANONICALIZE_DUPLICATE_PRESERVE_ASSOCIATIONS,duplicate_content_hash,share canonical bytes; preserve logical association
owner-photo-candidates,owner-candidates/v1/martha-tilaar-salon-day-spa-jimbaran/56f47c7e5af4fb2c928fa31e1406e4a136785c07e820a864c5fadccb9a3b6003.jpg,egkdapqwkfprtyqvvnso,true,56f47c7e5af4fb2c928fa31e1406e4a136785c07e820a864c5fadccb9a3b6003,image/jpeg,367654,1500,1000,martha-tilaar-salon-day-spa-jimbaran,wbimp_martha-tilaar-salon-day-spa-jimbaran,martha-tilaar-salon-day-spa-jimbaran,venue,DUP-041,project_owner_global_authorization,MEDIA-002,,NOT_CREATED_DRY_RUN,false,CANONICALIZE_DUPLICATE_PRESERVE_ASSOCIATIONS,duplicate_content_hash,share canonical bytes; preserve logical association
owner-photo-candidates,owner-candidates/v1/martha-tilaar-salon-day-spa-jimbaran/920c70f184f6bb56891faa3c413174de3677a95d85ac13a50c1cf2103d87e8b2.jpg,egkdapqwkfprtyqvvnso,true,920c70f184f6bb56891faa3c413174de3677a95d85ac13a50c1cf2103d87e8b2,image/jpeg,74871,1600,1000,martha-tilaar-salon-day-spa-jimbaran,wbimp_martha-tilaar-salon-day-spa-jimbaran,martha-tilaar-salon-day-spa-jimbaran,venue,DUP-042,project_owner_global_authorization,MEDIA-002,,NOT_CREATED_DRY_RUN,false,CANONICALIZE_DUPLICATE_PRESERVE_ASSOCIATIONS,duplicate_content_hash,share canonical bytes; preserve logical association
owner-photo-candidates,owner-candidates/v1/martha-tilaar-salon-day-spa-sanur/15a1f06f6fcf81d2ecfa2b39060dd6eea276f614607f00f738c5b7a9b2b1c7a0.jpg,egkdapqwkfprtyqvvnso,true,15a1f06f6fcf81d2ecfa2b39060dd6eea276f614607f00f738c5b7a9b2b1c7a0,image/jpeg,389386,1000,666,martha-tilaar-salon-day-spa-sanur,wbimp_martha-tilaar-salon-day-spa-sanur,martha-tilaar-salon-day-spa-sanur,venue,DUP-040,project_owner_global_authorization,MEDIA-002,venues.photo_url:martha-tilaar-salon-day-spa-sanur,NOT_CREATED_DRY_RUN,true,CANONICALIZE_DUPLICATE_PRESERVE_ASSOCIATIONS,duplicate_content_hash,share canonical bytes; preserve logical association
owner-photo-candidates,owner-candidates/v1/martha-tilaar-salon-day-spa-sanur/56f47c7e5af4fb2c928fa31e1406e4a136785c07e820a864c5fadccb9a3b6003.jpg,egkdapqwkfprtyqvvnso,true,56f47c7e5af4fb2c928fa31e1406e4a136785c07e820a864c5fadccb9a3b6003,image/jpeg,367654,1500,1000,martha-tilaar-salon-day-spa-sanur,wbimp_martha-tilaar-salon-day-spa-sanur,martha-tilaar-salon-day-spa-sanur,venue,DUP-041,project_owner_global_authorization,MEDIA-002,,NOT_CREATED_DRY_RUN,false,CANONICALIZE_DUPLICATE_PRESERVE_ASSOCIATIONS,duplicate_content_hash,share canonical bytes; preserve logical association
owner-photo-candidates,owner-candidates/v1/martha-tilaar-salon-day-spa-sanur/920c70f184f6bb56891faa3c413174de3677a95d85ac13a50c1cf2103d87e8b2.jpg,egkdapqwkfprtyqvvnso,true,920c70f184f6bb56891faa3c413174de3677a95d85ac13a50c1cf2103d87e8b2,image/jpeg,74871,1600,1000,martha-tilaar-salon-day-spa-sanur,wbimp_martha-tilaar-salon-day-spa-sanur,martha-tilaar-salon-day-spa-sanur,venue,DUP-042,project_owner_global_authorization,MEDIA-002,,NOT_CREATED_DRY_RUN,false,CANONICALIZE_DUPLICATE_PRESERVE_ASSOCIATIONS,duplicate_content_hash,share canonical bytes; preserve logical association
owner-photo-candidates,owner-candidates/v1/massimo-italian-restaurant/7e7de0e1c117e6514103c36964218877e505eeceb8b3367a28256c893a12a09f.jpg,egkdapqwkfprtyqvvnso,true,7e7de0e1c117e6514103c36964218877e505eeceb8b3367a28256c893a12a09f,image/jpeg,303680,2000,1335,massimo-italian-restaurant,v_import_massimo_italian_restaurant,massimo-italian-restaurant,venue,,project_owner_global_authorization,MEDIA-002,venues.photo_url:massimo-italian-restaurant,NOT_CREATED_DRY_RUN,true,READY_FOR_MAPPING,,
owner-photo-candidates,owner-candidates/v1/massimo-italian-restaurant/b0c9f21eb70afbd8eb7a5a4edd5b9d2e8f860ad2908028fb11a0de83e184a922.jpg,egkdapqwkfprtyqvvnso,true,b0c9f21eb70afbd8eb7a5a4edd5b9d2e8f860ad2908028fb11a0de83e184a922,image/jpeg,530954,1810,2560,massimo-italian-restaurant,v_import_massimo_italian_restaurant,massimo-italian-restaurant,venue,,project_owner_global_authorization,MEDIA-002,,NOT_CREATED_DRY_RUN,false,READY_FOR_MAPPING,,
owner-photo-candidates,owner-candidates/v1/massimo-italian-restaurant/fc6963eb8008561774b2ace86cf67bda4e20fb031358fa35617f8affeb3e4e0e.jpg,egkdapqwkfprtyqvvnso,true,fc6963eb8008561774b2ace86cf67bda4e20fb031358fa35617f8affeb3e4e0e,image/jpeg,657211,1810,2560,massimo-italian-restaurant,v_import_massimo_italian_restaurant,massimo-italian-restaurant,venue,,project_owner_global_authorization,MEDIA-002,,NOT_CREATED_DRY_RUN,false,READY_FOR_MAPPING,,
owner-photo-candidates,owner-candidates/v1/mauri-restaurant/2775a6fdc9e93eb01cba3f24dd49d94931dd4389f8ed16d345865cd5f106df16.jpg,egkdapqwkfprtyqvvnso,true,2775a6fdc9e93eb01cba3f24dd49d94931dd4389f8ed16d345865cd5f106df16,image/jpeg,713750,2400,2400,mauri-restaurant,v_import_mauri_restaurant,mauri-restaurant,venue,,project_owner_global_authorization,MEDIA-002,venues.photo_url:mauri-restaurant,NOT_CREATED_DRY_RUN,true,READY_FOR_MAPPING,,
owner-photo-candidates,owner-candidates/v1/mauri-restaurant/90af84a96feaeb49962fa2235c15853cbef2bff3bf4382083cf967d3c5e3ee11.jpg,egkdapqwkfprtyqvvnso,true,90af84a96feaeb49962fa2235c15853cbef2bff3bf4382083cf967d3c5e3ee11,image/jpeg,777683,2400,1600,mauri-restaurant,v_import_mauri_restaurant,mauri-restaurant,venue,,project_owner_global_authorization,MEDIA-002,,NOT_CREATED_DRY_RUN,false,READY_FOR_MAPPING,,
owner-photo-candidates,owner-candidates/v1/mauri-restaurant/d1d46e73ba96661a2a3150e32eac80572a8a3280fb5f8882677dd9a6bc097e51.png,egkdapqwkfprtyqvvnso,true,d1d46e73ba96661a2a3150e32eac80572a8a3280fb5f8882677dd9a6bc097e51,image/png,64333,3100,3100,mauri-restaurant,v_import_mauri_restaurant,mauri-restaurant,venue,,project_owner_global_authorization,MEDIA-002,,NOT_CREATED_DRY_RUN,false,READY_FOR_MAPPING,,
owner-photo-candidates,owner-candidates/v1/maya-sanur-spa-sanur/d301a5846fb39d9e4796824734ccc3a34722e6f19d966ce70abb9ccf23036c7a.webp,egkdapqwkfprtyqvvnso,true,d301a5846fb39d9e4796824734ccc3a34722e6f19d966ce70abb9ccf23036c7a,image/webp,326870,907,524,maya-sanur-spa-sanur,c1edf341-36ba-4414-b708-852b62733649,maya-sanur-spa-sanur,venue,,project_owner_global_authorization,MEDIA-002,venues.photo_url:maya-sanur-spa-sanur,NOT_CREATED_DRY_RUN,true,READY_FOR_MAPPING,,
owner-photo-candidates,owner-candidates/v1/maya-sanur-spa-sanur/ead41d50148e1eb4c35d45bc13b4b544522a144d6cf4bfccd9ab9f5fd37869fa.webp,egkdapqwkfprtyqvvnso,true,ead41d50148e1eb4c35d45bc13b4b544522a144d6cf4bfccd9ab9f5fd37869fa,image/webp,128590,907,524,maya-sanur-spa-sanur,c1edf341-36ba-4414-b708-852b62733649,maya-sanur-spa-sanur,venue,,project_owner_global_authorization,MEDIA-002,,NOT_CREATED_DRY_RUN,false,READY_FOR_MAPPING,,
owner-photo-candidates,owner-candidates/v1/maya-sanur-spa-sanur/f7e8ef39b64379e15b3904294217684f40af462cce8a7c3ae8e3f083b3838a82.jpg,egkdapqwkfprtyqvvnso,true,f7e8ef39b64379e15b3904294217684f40af462cce8a7c3ae8e3f083b3838a82,image/jpeg,943769,1920,1080,maya-sanur-spa-sanur,c1edf341-36ba-4414-b708-852b62733649,maya-sanur-spa-sanur,venue,,project_owner_global_authorization,MEDIA-002,,NOT_CREATED_DRY_RUN,false,READY_FOR_MAPPING,,
owner-photo-candidates,owner-candidates/v1/maya-ubud-fitness-centre-ubud/151160e840c647891f7f478ef6117dfc7fbc10587631ff51f1efe4a6aa22ee8f.webp,egkdapqwkfprtyqvvnso,true,151160e840c647891f7f478ef6117dfc7fbc10587631ff51f1efe4a6aa22ee8f,image/webp,228468,907,524,maya-ubud-fitness-centre-ubud,3781bf0f-d614-4970-9970-a1860736e189,maya-ubud-fitness-centre-ubud,venue,DUP-043,project_owner_global_authorization,MEDIA-002,venues.photo_url:maya-ubud-fitness-centre-ubud,NOT_CREATED_DRY_RUN,true,CANONICALIZE_DUPLICATE_PRESERVE_ASSOCIATIONS,duplicate_content_hash,share canonical bytes; preserve logical association
owner-photo-candidates,owner-candidates/v1/maya-ubud-fitness-centre-ubud/a9b722ad093270d20f11b4752cb28e549e1e57140ee62653b82784e70746e16d.jpg,egkdapqwkfprtyqvvnso,true,a9b722ad093270d20f11b4752cb28e549e1e57140ee62653b82784e70746e16d,image/jpeg,366637,960,595,maya-ubud-fitness-centre-ubud,3781bf0f-d614-4970-9970-a1860736e189,maya-ubud-fitness-centre-ubud,venue,,project_owner_global_authorization,MEDIA-002,,NOT_CREATED_DRY_RUN,false,READY_FOR_MAPPING,,
owner-photo-candidates,owner-candidates/v1/maya-ubud-fitness-centre-ubud/ae96962b42ec6a88baf83f8b475311ce5c0818fccd3d8632ec73e666af680247.webp,egkdapqwkfprtyqvvnso,true,ae96962b42ec6a88baf83f8b475311ce5c0818fccd3d8632ec73e666af680247,image/webp,89742,907,524,maya-ubud-fitness-centre-ubud,3781bf0f-d614-4970-9970-a1860736e189,maya-ubud-fitness-centre-ubud,venue,DUP-044,project_owner_global_authorization,MEDIA-002,,NOT_CREATED_DRY_RUN,false,CANONICALIZE_DUPLICATE_PRESERVE_ASSOCIATIONS,duplicate_content_hash,share canonical bytes; preserve logical association
owner-photo-candidates,owner-candidates/v1/maya-ubud-fitness-centre-ubud/b3e1169fb0b3b756c1dc4a64a0ba4d6da45fd7ff70139715982b60a0c362de6f.jpg,egkdapqwkfprtyqvvnso,true,b3e1169fb0b3b756c1dc4a64a0ba4d6da45fd7ff70139715982b60a0c362de6f,image/jpeg,362265,960,595,maya-ubud-fitness-centre-ubud,3781bf0f-d614-4970-9970-a1860736e189,maya-ubud-fitness-centre-ubud,venue,,project_owner_global_authorization,MEDIA-002,,NOT_CREATED_DRY_RUN,false,READY_FOR_MAPPING,,
owner-photo-candidates,owner-candidates/v1/maya-ubud-fitness-centre-ubud/c7c516d1d7c7bed4077f198e24e771772d4084b6f8f94c1b0d21e5a97f1f6abb.jpg,egkdapqwkfprtyqvvnso,true,c7c516d1d7c7bed4077f198e24e771772d4084b6f8f94c1b0d21e5a97f1f6abb,image/jpeg,200479,960,595,maya-ubud-fitness-centre-ubud,3781bf0f-d614-4970-9970-a1860736e189,maya-ubud-fitness-centre-ubud,venue,,project_owner_global_authorization,MEDIA-002,,NOT_CREATED_DRY_RUN,false,READY_FOR_MAPPING,,
owner-photo-candidates,owner-candidates/v1/maya-ubud-fitness-centre-ubud/d3adc195db104b77eaf66da2d2baa610b317add0237b45de0a3e1dab55aae9b3.jpg,egkdapqwkfprtyqvvnso,true,d3adc195db104b77eaf66da2d2baa610b317add0237b45de0a3e1dab55aae9b3,image/jpeg,664736,1920,1080,maya-ubud-fitness-centre-ubud,3781bf0f-d614-4970-9970-a1860736e189,maya-ubud-fitness-centre-ubud,venue,DUP-045,project_owner_global_authorization,MEDIA-002,,NOT_CREATED_DRY_RUN,false,CANONICALIZE_DUPLICATE_PRESERVE_ASSOCIATIONS,duplicate_content_hash,share canonical bytes; preserve logical association
owner-photo-candidates,owner-candidates/v1/maya-ubud-spa-ubud/151160e840c647891f7f478ef6117dfc7fbc10587631ff51f1efe4a6aa22ee8f.webp,egkdapqwkfprtyqvvnso,true,151160e840c647891f7f478ef6117dfc7fbc10587631ff51f1efe4a6aa22ee8f,image/webp,228468,907,524,maya-ubud-spa-ubud,0e76b9e7-e758-4b10-a9a5-5ba9ee5ceefa,maya-ubud-spa-ubud,venue,DUP-043,project_owner_global_authorization,MEDIA-002,venues.photo_url:maya-ubud-spa-ubud,NOT_CREATED_DRY_RUN,true,CANONICALIZE_DUPLICATE_PRESERVE_ASSOCIATIONS,duplicate_content_hash,share canonical bytes; preserve logical association
owner-photo-candidates,owner-candidates/v1/maya-ubud-spa-ubud/3ac6271e4f1341b417ced2038cc33eed1cb7d774b9c5854a386b82e2cdbbad31.jpg,egkdapqwkfprtyqvvnso,true,3ac6271e4f1341b417ced2038cc33eed1cb7d774b9c5854a386b82e2cdbbad31,image/jpeg,822776,1920,1080,maya-ubud-spa-ubud,0e76b9e7-e758-4b10-a9a5-5ba9ee5ceefa,maya-ubud-spa-ubud,venue,,project_owner_global_authorization,MEDIA-002,,NOT_CREATED_DRY_RUN,false,READY_FOR_MAPPING,,
owner-photo-candidates,owner-candidates/v1/maya-ubud-spa-ubud/3c59205fa59095da3cdaecb8a848461a25f78cb9e3b7c714a2ed4a91d60677b0.jpg,egkdapqwkfprtyqvvnso,true,3c59205fa59095da3cdaecb8a848461a25f78cb9e3b7c714a2ed4a91d60677b0,image/jpeg,347269,1736,600,maya-ubud-spa-ubud,0e76b9e7-e758-4b10-a9a5-5ba9ee5ceefa,maya-ubud-spa-ubud,venue,,project_owner_global_authorization,MEDIA-002,,NOT_CREATED_DRY_RUN,false,READY_FOR_MAPPING,,
owner-photo-candidates,owner-candidates/v1/maya-ubud-spa-ubud/ae96962b42ec6a88baf83f8b475311ce5c0818fccd3d8632ec73e666af680247.webp,egkdapqwkfprtyqvvnso,true,ae96962b42ec6a88baf83f8b475311ce5c0818fccd3d8632ec73e666af680247,image/webp,89742,907,524,maya-ubud-spa-ubud,0e76b9e7-e758-4b10-a9a5-5ba9ee5ceefa,maya-ubud-spa-ubud,venue,DUP-044,project_owner_global_authorization,MEDIA-002,,NOT_CREATED_DRY_RUN,false,CANONICALIZE_DUPLICATE_PRESERVE_ASSOCIATIONS,duplicate_content_hash,share canonical bytes; preserve logical association
owner-photo-candidates,owner-candidates/v1/maya-ubud-spa-ubud/d3adc195db104b77eaf66da2d2baa610b317add0237b45de0a3e1dab55aae9b3.jpg,egkdapqwkfprtyqvvnso,true,d3adc195db104b77eaf66da2d2baa610b317add0237b45de0a3e1dab55aae9b3,image/jpeg,664736,1920,1080,maya-ubud-spa-ubud,0e76b9e7-e758-4b10-a9a5-5ba9ee5ceefa,maya-ubud-spa-ubud,venue,DUP-045,project_owner_global_authorization,MEDIA-002,,NOT_CREATED_DRY_RUN,false,CANONICALIZE_DUPLICATE_PRESERVE_ASSOCIATIONS,duplicate_content_hash,share canonical bytes; preserve logical association
owner-photo-candidates,owner-candidates/v1/maya-ubud-spa-ubud/d8a4127552edbea36282cab78bb3333fcadd9fc0445506cd7437a9c8e5838e7e.jpg,egkdapqwkfprtyqvvnso,true,d8a4127552edbea36282cab78bb3333fcadd9fc0445506cd7437a9c8e5838e7e,image/jpeg,804435,1920,1080,maya-ubud-spa-ubud,0e76b9e7-e758-4b10-a9a5-5ba9ee5ceefa,maya-ubud-spa-ubud,venue,,project_owner_global_authorization,MEDIA-002,,NOT_CREATED_DRY_RUN,false,READY_FOR_MAPPING,,
owner-photo-candidates,owner-candidates/v1/maya-ubud-yoga-ubud/151160e840c647891f7f478ef6117dfc7fbc10587631ff51f1efe4a6aa22ee8f.webp,egkdapqwkfprtyqvvnso,true,151160e840c647891f7f478ef6117dfc7fbc10587631ff51f1efe4a6aa22ee8f,image/webp,228468,907,524,maya-ubud-yoga-ubud,f906f313-8800-406a-9cf1-98b6fc81551e,maya-ubud-yoga-ubud,venue,DUP-043,project_owner_global_authorization,MEDIA-002,venues.photo_url:maya-ubud-yoga-ubud,NOT_CREATED_DRY_RUN,true,CANONICALIZE_DUPLICATE_PRESERVE_ASSOCIATIONS,duplicate_content_hash,share canonical bytes; preserve logical association
owner-photo-candidates,owner-candidates/v1/maya-ubud-yoga-ubud/759aec0df26d038a81e68866e66350c9b9d4755124db7e17a70282ddb7450991.jpg,egkdapqwkfprtyqvvnso,true,759aec0df26d038a81e68866e66350c9b9d4755124db7e17a70282ddb7450991,image/jpeg,270313,960,595,maya-ubud-yoga-ubud,f906f313-8800-406a-9cf1-98b6fc81551e,maya-ubud-yoga-ubud,venue,,project_owner_global_authorization,MEDIA-002,,NOT_CREATED_DRY_RUN,false,READY_FOR_MAPPING,,
owner-photo-candidates,owner-candidates/v1/maya-ubud-yoga-ubud/ae96962b42ec6a88baf83f8b475311ce5c0818fccd3d8632ec73e666af680247.webp,egkdapqwkfprtyqvvnso,true,ae96962b42ec6a88baf83f8b475311ce5c0818fccd3d8632ec73e666af680247,image/webp,89742,907,524,maya-ubud-yoga-ubud,f906f313-8800-406a-9cf1-98b6fc81551e,maya-ubud-yoga-ubud,venue,DUP-044,project_owner_global_authorization,MEDIA-002,,NOT_CREATED_DRY_RUN,false,CANONICALIZE_DUPLICATE_PRESERVE_ASSOCIATIONS,duplicate_content_hash,share canonical bytes; preserve logical association
owner-photo-candidates,owner-candidates/v1/maya-ubud-yoga-ubud/b63852f084f5a7fa8effd98441c290b5a9231f14be5ae71bcacfc246b2a62bad.jpg,egkdapqwkfprtyqvvnso,true,b63852f084f5a7fa8effd98441c290b5a9231f14be5ae71bcacfc246b2a62bad,image/jpeg,247536,960,595,maya-ubud-yoga-ubud,f906f313-8800-406a-9cf1-98b6fc81551e,maya-ubud-yoga-ubud,venue,,project_owner_global_authorization,MEDIA-002,,NOT_CREATED_DRY_RUN,false,READY_FOR_MAPPING,,
owner-photo-candidates,owner-candidates/v1/maya-ubud-yoga-ubud/b697cea207b3a1010de674a80d22027f91d26b24b44c98a330f44e4f328ace93.jpg,egkdapqwkfprtyqvvnso,true,b697cea207b3a1010de674a80d22027f91d26b24b44c98a330f44e4f328ace93,image/jpeg,214960,960,595,maya-ubud-yoga-ubud,f906f313-8800-406a-9cf1-98b6fc81551e,maya-ubud-yoga-ubud,venue,,project_owner_global_authorization,MEDIA-002,,NOT_CREATED_DRY_RUN,false,READY_FOR_MAPPING,,
owner-photo-candidates,owner-candidates/v1/maya-ubud-yoga-ubud/d3adc195db104b77eaf66da2d2baa610b317add0237b45de0a3e1dab55aae9b3.jpg,egkdapqwkfprtyqvvnso,true,d3adc195db104b77eaf66da2d2baa610b317add0237b45de0a3e1dab55aae9b3,image/jpeg,664736,1920,1080,maya-ubud-yoga-ubud,f906f313-8800-406a-9cf1-98b6fc81551e,maya-ubud-yoga-ubud,venue,DUP-045,project_owner_global_authorization,MEDIA-002,,NOT_CREATED_DRY_RUN,false,CANONICALIZE_DUPLICATE_PRESERVE_ASSOCIATIONS,duplicate_content_hash,share canonical bytes; preserve logical association
owner-photo-candidates,owner-candidates/v1/merah-putih-indonesian-restaurant/11a10d44a3e0bf006f55504933506b2f705269523da930cc090725e29cb2ff58.webp,egkdapqwkfprtyqvvnso,true,11a10d44a3e0bf006f55504933506b2f705269523da930cc090725e29cb2ff58,image/webp,406798,1920,1280,merah-putih-indonesian-restaurant,v_import_merah_putih_indonesian_restaurant,merah-putih-indonesian-restaurant,venue,DUP-001,project_owner_global_authorization,MEDIA-002,venues.photo_url:merah-putih-indonesian-restaurant,NOT_CREATED_DRY_RUN,true,CANONICALIZE_DUPLICATE_PRESERVE_ASSOCIATIONS,duplicate_content_hash,share canonical bytes; preserve logical association
owner-photo-candidates,owner-candidates/v1/merah-putih-indonesian-restaurant/48b0436d046e9fb677b69800aba7be2d12b6d0f282c155ac8fb252b9ea3c8b3f.jpg,egkdapqwkfprtyqvvnso,true,48b0436d046e9fb677b69800aba7be2d12b6d0f282c155ac8fb252b9ea3c8b3f,image/jpeg,220924,1362,908,merah-putih-indonesian-restaurant,v_import_merah_putih_indonesian_restaurant,merah-putih-indonesian-restaurant,venue,,project_owner_global_authorization,MEDIA-002,,NOT_CREATED_DRY_RUN,false,READY_FOR_MAPPING,,
owner-photo-candidates,owner-candidates/v1/merah-putih-indonesian-restaurant/cafc7c39550956a1b65b34c31af9822bd149ea4938951e64ae668f2b82c0cfd4.jpg,egkdapqwkfprtyqvvnso,true,cafc7c39550956a1b65b34c31af9822bd149ea4938951e64ae668f2b82c0cfd4,image/jpeg,96221,1362,908,merah-putih-indonesian-restaurant,v_import_merah_putih_indonesian_restaurant,merah-putih-indonesian-restaurant,venue,,project_owner_global_authorization,MEDIA-002,,NOT_CREATED_DRY_RUN,false,READY_FOR_MAPPING,,
owner-photo-candidates,owner-candidates/v1/miel-specialty-coffee-canggu/23e06fcc714188b36617d74d14f7d486d9a66744ab623e363e3d13a58f31e303.jpg,egkdapqwkfprtyqvvnso,true,23e06fcc714188b36617d74d14f7d486d9a66744ab623e363e3d13a58f31e303,image/jpeg,206988,1080,1920,miel-specialty-coffee-canggu,v_import_miel_specialty_coffee_canggu,miel-specialty-coffee-canggu,venue,,project_owner_global_authorization,MEDIA-002,venues.photo_url:miel-specialty-coffee-canggu,NOT_CREATED_DRY_RUN,true,READY_FOR_MAPPING,,
owner-photo-candidates,owner-candidates/v1/miel-specialty-coffee-canggu/5ea82aaf3cd1dcb23d38982690c25387cd9d571961421726168dded2f83f8f0f.jpg,egkdapqwkfprtyqvvnso,true,5ea82aaf3cd1dcb23d38982690c25387cd9d571961421726168dded2f83f8f0f,image/jpeg,703465,1636,2048,miel-specialty-coffee-canggu,v_import_miel_specialty_coffee_canggu,miel-specialty-coffee-canggu,venue,,project_owner_global_authorization,MEDIA-002,,NOT_CREATED_DRY_RUN,false,READY_FOR_MAPPING,,
owner-photo-candidates,owner-candidates/v1/miel-specialty-coffee-canggu/abe0a6d9fe8d46e7fdec8acf845845ee2f5ee5e5119978bdc9184e63f34743e1.jpg,egkdapqwkfprtyqvvnso,true,abe0a6d9fe8d46e7fdec8acf845845ee2f5ee5e5119978bdc9184e63f34743e1,image/jpeg,1086457,1636,2048,miel-specialty-coffee-canggu,v_import_miel_specialty_coffee_canggu,miel-specialty-coffee-canggu,venue,,project_owner_global_authorization,MEDIA-002,,NOT_CREATED_DRY_RUN,false,READY_FOR_MAPPING,,
owner-photo-candidates,owner-candidates/v1/milk-and-madu-ubud/57cdc6009ab8753a536819ebabccdfb511831f9eecdf9b53e3fef3a67a65a4ad.webp,egkdapqwkfprtyqvvnso,true,57cdc6009ab8753a536819ebabccdfb511831f9eecdf9b53e3fef3a67a65a4ad,image/webp,302138,1920,1442,milk-and-madu-ubud,ebb35fb0-cc32-4f86-94b9-206345755e77,milk-and-madu-ubud,venue,,project_owner_global_authorization,MEDIA-002,venues.photo_url:milk-and-madu-ubud,NOT_CREATED_DRY_RUN,true,READY_FOR_MAPPING,,
owner-photo-candidates,owner-candidates/v1/milk-and-madu-ubud/8722f5da1af18dd893d6742a10973fb777558a9806aee7ac6b420e59cf2e7b71.webp,egkdapqwkfprtyqvvnso,true,8722f5da1af18dd893d6742a10973fb777558a9806aee7ac6b420e59cf2e7b71,image/webp,76644,1442,1920,milk-and-madu-ubud,ebb35fb0-cc32-4f86-94b9-206345755e77,milk-and-madu-ubud,venue,,project_owner_global_authorization,MEDIA-002,,NOT_CREATED_DRY_RUN,false,READY_FOR_MAPPING,,
owner-photo-candidates,owner-candidates/v1/milk-and-madu-ubud/e69a4d525b3b58c11fddce0fb4e1a2915d08e37e77e7a856ee880dad228baa55.webp,egkdapqwkfprtyqvvnso,true,e69a4d525b3b58c11fddce0fb4e1a2915d08e37e77e7a856ee880dad228baa55,image/webp,96750,1442,1920,milk-and-madu-ubud,ebb35fb0-cc32-4f86-94b9-206345755e77,milk-and-madu-ubud,venue,,project_owner_global_authorization,MEDIA-002,,NOT_CREATED_DRY_RUN,false,READY_FOR_MAPPING,,
owner-photo-candidates,owner-candidates/v1/milu-by-nook/ac7fde1e620ad5a65a5970f2950e13e5d2ea5e9cfb1bf2b8ee790134912c8911.jpg,egkdapqwkfprtyqvvnso,true,ac7fde1e620ad5a65a5970f2950e13e5d2ea5e9cfb1bf2b8ee790134912c8911,image/jpeg,570161,1342,1528,milu-by-nook,v_milu-by-nook,milu-by-nook,venue,,project_owner_global_authorization,MEDIA-002,venues.photo_url:milu-by-nook,NOT_CREATED_DRY_RUN,true,READY_FOR_MAPPING,,
owner-photo-candidates,owner-candidates/v1/milu-by-nook/af6b5acda7cc180f756fc9b3ade0c10114c88dcd8c24eb7d3e0645fc334f5988.jpg,egkdapqwkfprtyqvvnso,true,af6b5acda7cc180f756fc9b3ade0c10114c88dcd8c24eb7d3e0645fc334f5988,image/jpeg,157667,720,1280,milu-by-nook,v_milu-by-nook,milu-by-nook,venue,,project_owner_global_authorization,MEDIA-002,,NOT_CREATED_DRY_RUN,false,READY_FOR_MAPPING,,
owner-photo-candidates,owner-candidates/v1/milu-by-nook/ea8f87478b0284a38b686eef4652ddb692c385aa0f68b7fbce81ffefd1422b83.jpg,egkdapqwkfprtyqvvnso,true,ea8f87478b0284a38b686eef4652ddb692c385aa0f68b7fbce81ffefd1422b83,image/jpeg,3201026,3072,4096,milu-by-nook,v_milu-by-nook,milu-by-nook,venue,,project_owner_global_authorization,MEDIA-002,,NOT_CREATED_DRY_RUN,false,READY_FOR_MAPPING,,
owner-photo-candidates,owner-candidates/v1/mission-flow-studio/475622ebde7c125e99ce24a02b9a41b5d1e035c7f0d2150bfb96cbdfc24bdbbb.jpg,egkdapqwkfprtyqvvnso,true,475622ebde7c125e99ce24a02b9a41b5d1e035c7f0d2150bfb96cbdfc24bdbbb,image/jpeg,154091,1280,1600,mission-flow-studio,v_import_mission_flow_studio,mission-flow-studio,venue,,project_owner_global_authorization,MEDIA-002,venues.photo_url:mission-flow-studio,NOT_CREATED_DRY_RUN,true,READY_FOR_MAPPING,,
owner-photo-candidates,owner-candidates/v1/mission-flow-studio/4eff1ce49c1c6a1788043a242ed577429d28270c02f37e213194d7705be086e6.jpg,egkdapqwkfprtyqvvnso,true,4eff1ce49c1c6a1788043a242ed577429d28270c02f37e213194d7705be086e6,image/jpeg,219536,1280,1600,mission-flow-studio,v_import_mission_flow_studio,mission-flow-studio,venue,,project_owner_global_authorization,MEDIA-002,,NOT_CREATED_DRY_RUN,false,READY_FOR_MAPPING,,
owner-photo-candidates,owner-candidates/v1/mission-flow-studio/8a95c955200282b5654a3f46f4fe4914df932e8c362e872e90ff7d4481945621.jpg,egkdapqwkfprtyqvvnso,true,8a95c955200282b5654a3f46f4fe4914df932e8c362e872e90ff7d4481945621,image/jpeg,162918,1280,1600,mission-flow-studio,v_import_mission_flow_studio,mission-flow-studio,venue,,project_owner_global_authorization,MEDIA-002,,NOT_CREATED_DRY_RUN,false,READY_FOR_MAPPING,,
owner-photo-candidates,owner-candidates/v1/moana-fish-eatery/9436a1de6f83efd4966b7493b2db0862eb5f767efcc7b21fc4bc74428d669c11.jpg,egkdapqwkfprtyqvvnso,true,9436a1de6f83efd4966b7493b2db0862eb5f767efcc7b21fc4bc74428d669c11,image/jpeg,202040,1000,1778,moana-fish-eatery,v_moana-fish-eatery,moana-fish-eatery,venue,,project_owner_global_authorization,MEDIA-002,venues.photo_url:moana-fish-eatery,NOT_CREATED_DRY_RUN,true,READY_FOR_MAPPING,,
owner-photo-candidates,owner-candidates/v1/moana-fish-eatery/9c281ef530741f4489093a41a6bc7fd9619272b9bf3003797511c07186c8c8b3.jpg,egkdapqwkfprtyqvvnso,true,9c281ef530741f4489093a41a6bc7fd9619272b9bf3003797511c07186c8c8b3,image/jpeg,386091,1439,954,moana-fish-eatery,v_moana-fish-eatery,moana-fish-eatery,venue,,project_owner_global_authorization,MEDIA-002,,NOT_CREATED_DRY_RUN,false,READY_FOR_MAPPING,,
owner-photo-candidates,owner-candidates/v1/moana-fish-eatery/e8a8a24bcd62034600c527697e6f5cb3c5ab97c6a6742a77703b20b52d46340e.jpg,egkdapqwkfprtyqvvnso,true,e8a8a24bcd62034600c527697e6f5cb3c5ab97c6a6742a77703b20b52d46340e,image/jpeg,380454,1366,1687,moana-fish-eatery,v_moana-fish-eatery,moana-fish-eatery,venue,,project_owner_global_authorization,MEDIA-002,,NOT_CREATED_DRY_RUN,false,READY_FOR_MAPPING,,
owner-photo-candidates,owner-candidates/v1/moonlite-kitchen-and-bar/4b5b1f8c1d20591b8bd9bdea14dcc528ec2dde8f0a60f5356cd335ed8c784c4a.jpg,egkdapqwkfprtyqvvnso,true,4b5b1f8c1d20591b8bd9bdea14dcc528ec2dde8f0a60f5356cd335ed8c784c4a,image/jpeg,122172,720,1280,moonlite-kitchen-and-bar,v_import_moonlite_kitchen_and_bar,moonlite-kitchen-and-bar,venue,,project_owner_global_authorization,MEDIA-002,venues.photo_url:moonlite-kitchen-and-bar,NOT_CREATED_DRY_RUN,true,READY_FOR_MAPPING,,
owner-photo-candidates,owner-candidates/v1/moonlite-kitchen-and-bar/6f9eb42fa7e82bb213f0b9def12af64830c948a6ee9aebd93824d4ca34f45498.jpg,egkdapqwkfprtyqvvnso,true,6f9eb42fa7e82bb213f0b9def12af64830c948a6ee9aebd93824d4ca34f45498,image/jpeg,301940,1080,1920,moonlite-kitchen-and-bar,v_import_moonlite_kitchen_and_bar,moonlite-kitchen-and-bar,venue,,project_owner_global_authorization,MEDIA-002,,NOT_CREATED_DRY_RUN,false,READY_FOR_MAPPING,,
owner-photo-candidates,owner-candidates/v1/moonlite-kitchen-and-bar/71f25a57576a546662e5904f866641dc087ac89ed17d42ae4355507fab217c40.jpg,egkdapqwkfprtyqvvnso,true,71f25a57576a546662e5904f866641dc087ac89ed17d42ae4355507fab217c40,image/jpeg,2728088,3649,4096,moonlite-kitchen-and-bar,v_import_moonlite_kitchen_and_bar,moonlite-kitchen-and-bar,venue,,project_owner_global_authorization,MEDIA-002,,NOT_CREATED_DRY_RUN,false,READY_FOR_MAPPING,,
owner-photo-candidates,owner-candidates/v1/morning-light-yoga-studio/21bfc1746848db56720d9228b2efdc3641750199374ea9d6488ced38a994e62f.jpg,egkdapqwkfprtyqvvnso,true,21bfc1746848db56720d9228b2efdc3641750199374ea9d6488ced38a994e62f,image/jpeg,1202755,3360,2240,morning-light-yoga-studio,wbimp_morning-light-yoga-studio,morning-light-yoga-studio,venue,,project_owner_global_authorization,MEDIA-002,venues.photo_url:morning-light-yoga-studio,NOT_CREATED_DRY_RUN,true,READY_FOR_MAPPING,,
owner-photo-candidates,owner-candidates/v1/morning-light-yoga-studio/5fcb5fc5ac2e29f3b9395d322c77134c828494eefce7a265705509b2e4006710.jpg,egkdapqwkfprtyqvvnso,true,5fcb5fc5ac2e29f3b9395d322c77134c828494eefce7a265705509b2e4006710,image/jpeg,673402,2400,1599,morning-light-yoga-studio,wbimp_morning-light-yoga-studio,morning-light-yoga-studio,venue,,project_owner_global_authorization,MEDIA-002,,NOT_CREATED_DRY_RUN,false,READY_FOR_MAPPING,,
owner-photo-candidates,owner-candidates/v1/morning-light-yoga-studio/a63bcaaba48e2709e1c30c1896a9d0d6db90419101cd5987033d21963381cf29.webp,egkdapqwkfprtyqvvnso,true,a63bcaaba48e2709e1c30c1896a9d0d6db90419101cd5987033d21963381cf29,image/webp,427200,2480,3508,morning-light-yoga-studio,wbimp_morning-light-yoga-studio,morning-light-yoga-studio,venue,,project_owner_global_authorization,MEDIA-002,,NOT_CREATED_DRY_RUN,false,READY_FOR_MAPPING,,
owner-photo-candidates,owner-candidates/v1/mosto-berawa/1977088b50c79719e1475a645148ad46f19b609edc0fa12d7f0746a2889b3e13.webp,egkdapqwkfprtyqvvnso,true,1977088b50c79719e1475a645148ad46f19b609edc0fa12d7f0746a2889b3e13,image/webp,412248,1440,960,mosto-berawa,v_import_mosto_berawa,mosto-berawa,venue,,project_owner_global_authorization,MEDIA-002,venues.photo_url:mosto-berawa,NOT_CREATED_DRY_RUN,true,READY_FOR_MAPPING,,
owner-photo-candidates,owner-candidates/v1/mosto-berawa/59264315570b87b2c9cab6ff4f2b72d2f0f03680a654a033369403f456483c56.png,egkdapqwkfprtyqvvnso,true,59264315570b87b2c9cab6ff4f2b72d2f0f03680a654a033369403f456483c56,image/png,44378,2048,677,mosto-berawa,v_import_mosto_berawa,mosto-berawa,venue,,project_owner_global_authorization,MEDIA-002,,NOT_CREATED_DRY_RUN,false,READY_FOR_MAPPING,,
owner-photo-candidates,owner-candidates/v1/mosto-berawa/e73dd301b33b79a36840066bd6a7ee3aca76ed395e49c1ac4b76e4685df50bda.png,egkdapqwkfprtyqvvnso,true,e73dd301b33b79a36840066bd6a7ee3aca76ed395e49c1ac4b76e4685df50bda,image/png,68473,1182,1182,mosto-berawa,v_import_mosto_berawa,mosto-berawa,venue,,project_owner_global_authorization,MEDIA-002,,NOT_CREATED_DRY_RUN,false,READY_FOR_MAPPING,,
owner-photo-candidates,owner-candidates/v1/mulia-fitness-centre-nusa-dua/18c6e52980dd8e1f5fda27583014114a4895098cbce3186daf660b660b3568bd.webp,egkdapqwkfprtyqvvnso,true,18c6e52980dd8e1f5fda27583014114a4895098cbce3186daf660b660b3568bd,image/webp,153704,1920,1281,mulia-fitness-centre-nusa-dua,8e23d8e0-7077-4855-97ff-17a02bb3b3b6,mulia-fitness-centre-nusa-dua,venue,,project_owner_global_authorization,MEDIA-002,venues.photo_url:mulia-fitness-centre-nusa-dua,NOT_CREATED_DRY_RUN,true,READY_FOR_MAPPING,,
owner-photo-candidates,owner-candidates/v1/mulia-fitness-centre-nusa-dua/30849ac231f1a046eed179da13bee0110ff92505a93348d1ff7cf6d941907f58.webp,egkdapqwkfprtyqvvnso,true,30849ac231f1a046eed179da13bee0110ff92505a93348d1ff7cf6d941907f58,image/webp,291866,1920,1281,mulia-fitness-centre-nusa-dua,8e23d8e0-7077-4855-97ff-17a02bb3b3b6,mulia-fitness-centre-nusa-dua,venue,DUP-046,project_owner_global_authorization,MEDIA-002,,NOT_CREATED_DRY_RUN,false,CANONICALIZE_DUPLICATE_PRESERVE_ASSOCIATIONS,duplicate_content_hash,share canonical bytes; preserve logical association
owner-photo-candidates,owner-candidates/v1/mulia-fitness-centre-nusa-dua/86cb9061695f6fa8e78bcdb4b72938e9a11fecd8894f2de64ca8d96b5deba918.webp,egkdapqwkfprtyqvvnso,true,86cb9061695f6fa8e78bcdb4b72938e9a11fecd8894f2de64ca8d96b5deba918,image/webp,96352,1920,1281,mulia-fitness-centre-nusa-dua,8e23d8e0-7077-4855-97ff-17a02bb3b3b6,mulia-fitness-centre-nusa-dua,venue,,project_owner_global_authorization,MEDIA-002,,NOT_CREATED_DRY_RUN,false,READY_FOR_MAPPING,,
owner-photo-candidates,owner-candidates/v1/mulia-fitness-centre-nusa-dua/c5753e5468f90ef126e53918580f4060f94766119e7d12d65ad5381c36da34f5.jpg,egkdapqwkfprtyqvvnso,true,c5753e5468f90ef126e53918580f4060f94766119e7d12d65ad5381c36da34f5,image/jpeg,156295,1200,630,mulia-fitness-centre-nusa-dua,8e23d8e0-7077-4855-97ff-17a02bb3b3b6,mulia-fitness-centre-nusa-dua,venue,DUP-047,project_owner_global_authorization,MEDIA-002,,NOT_CREATED_DRY_RUN,false,CANONICALIZE_DUPLICATE_PRESERVE_ASSOCIATIONS,duplicate_content_hash,share canonical bytes; preserve logical association
owner-photo-candidates,owner-candidates/v1/mulia-fitness-centre-nusa-dua/cf0a17d2cf55885c9e2833b1fba699999dc6743ed6f1fba9149370d84f006488.webp,egkdapqwkfprtyqvvnso,true,cf0a17d2cf55885c9e2833b1fba699999dc6743ed6f1fba9149370d84f006488,image/webp,729010,4096,2731,mulia-fitness-centre-nusa-dua,8e23d8e0-7077-4855-97ff-17a02bb3b3b6,mulia-fitness-centre-nusa-dua,venue,DUP-048,project_owner_global_authorization,MEDIA-002,,NOT_CREATED_DRY_RUN,false,CANONICALIZE_DUPLICATE_PRESERVE_ASSOCIATIONS,duplicate_content_hash,share canonical bytes; preserve logical association
owner-photo-candidates,owner-candidates/v1/mulia-fitness-centre-nusa-dua/fbcfc95b59efbf045e7cc9202c35f53c2d685f0d6fd0102716499d11a31f66db.webp,egkdapqwkfprtyqvvnso,true,fbcfc95b59efbf045e7cc9202c35f53c2d685f0d6fd0102716499d11a31f66db,image/webp,69198,1920,1281,mulia-fitness-centre-nusa-dua,8e23d8e0-7077-4855-97ff-17a02bb3b3b6,mulia-fitness-centre-nusa-dua,venue,,project_owner_global_authorization,MEDIA-002,,NOT_CREATED_DRY_RUN,false,READY_FOR_MAPPING,,
owner-photo-candidates,owner-candidates/v1/mulia-spa-nusa-dua/0680b100f6cbc0303b3765cdd1b6ee4435186db828fa8f99929cf38e9b69a0ce.webp,egkdapqwkfprtyqvvnso,true,0680b100f6cbc0303b3765cdd1b6ee4435186db828fa8f99929cf38e9b69a0ce,image/webp,66446,1920,1281,mulia-spa-nusa-dua,79943c67-0de6-45e0-a539-d09ce8d2105e,mulia-spa-nusa-dua,venue,,project_owner_global_authorization,MEDIA-002,venues.photo_url:mulia-spa-nusa-dua,NOT_CREATED_DRY_RUN,true,READY_FOR_MAPPING,,
owner-photo-candidates,owner-candidates/v1/mulia-spa-nusa-dua/20a605f3337d82a438c69c01ab4a59a442ca0beb6b70499a5b0f2dc51ea3dd48.webp,egkdapqwkfprtyqvvnso,true,20a605f3337d82a438c69c01ab4a59a442ca0beb6b70499a5b0f2dc51ea3dd48,image/webp,55356,1920,1281,mulia-spa-nusa-dua,79943c67-0de6-45e0-a539-d09ce8d2105e,mulia-spa-nusa-dua,venue,,project_owner_global_authorization,MEDIA-002,,NOT_CREATED_DRY_RUN,false,READY_FOR_MAPPING,,
owner-photo-candidates,owner-candidates/v1/mulia-spa-nusa-dua/30849ac231f1a046eed179da13bee0110ff92505a93348d1ff7cf6d941907f58.webp,egkdapqwkfprtyqvvnso,true,30849ac231f1a046eed179da13bee0110ff92505a93348d1ff7cf6d941907f58,image/webp,291866,1920,1281,mulia-spa-nusa-dua,79943c67-0de6-45e0-a539-d09ce8d2105e,mulia-spa-nusa-dua,venue,DUP-046,project_owner_global_authorization,MEDIA-002,,NOT_CREATED_DRY_RUN,false,CANONICALIZE_DUPLICATE_PRESERVE_ASSOCIATIONS,duplicate_content_hash,share canonical bytes; preserve logical association
owner-photo-candidates,owner-candidates/v1/mulia-spa-nusa-dua/9714528778865050ecc98d06fdae56b09243fe5a50087451fd89bbc57a57dd7b.webp,egkdapqwkfprtyqvvnso,true,9714528778865050ecc98d06fdae56b09243fe5a50087451fd89bbc57a57dd7b,image/webp,63494,1920,1281,mulia-spa-nusa-dua,79943c67-0de6-45e0-a539-d09ce8d2105e,mulia-spa-nusa-dua,venue,,project_owner_global_authorization,MEDIA-002,,NOT_CREATED_DRY_RUN,false,READY_FOR_MAPPING,,
owner-photo-candidates,owner-candidates/v1/mulia-spa-nusa-dua/c5753e5468f90ef126e53918580f4060f94766119e7d12d65ad5381c36da34f5.jpg,egkdapqwkfprtyqvvnso,true,c5753e5468f90ef126e53918580f4060f94766119e7d12d65ad5381c36da34f5,image/jpeg,156295,1200,630,mulia-spa-nusa-dua,79943c67-0de6-45e0-a539-d09ce8d2105e,mulia-spa-nusa-dua,venue,DUP-047,project_owner_global_authorization,MEDIA-002,,NOT_CREATED_DRY_RUN,false,CANONICALIZE_DUPLICATE_PRESERVE_ASSOCIATIONS,duplicate_content_hash,share canonical bytes; preserve logical association
owner-photo-candidates,owner-candidates/v1/mulia-spa-nusa-dua/cf0a17d2cf55885c9e2833b1fba699999dc6743ed6f1fba9149370d84f006488.webp,egkdapqwkfprtyqvvnso,true,cf0a17d2cf55885c9e2833b1fba699999dc6743ed6f1fba9149370d84f006488,image/webp,729010,4096,2731,mulia-spa-nusa-dua,79943c67-0de6-45e0-a539-d09ce8d2105e,mulia-spa-nusa-dua,venue,DUP-048,project_owner_global_authorization,MEDIA-002,,NOT_CREATED_DRY_RUN,false,CANONICALIZE_DUPLICATE_PRESERVE_ASSOCIATIONS,duplicate_content_hash,share canonical bytes; preserve logical association
owner-photo-candidates,owner-candidates/v1/nail-lesss-canggu/353c946275b82f40290d5984694aa33ff26697c23d558eafe4d8e927c4af4050.jpg,egkdapqwkfprtyqvvnso,true,353c946275b82f40290d5984694aa33ff26697c23d558eafe4d8e927c4af4050,image/jpeg,217843,1080,1920,nail-lesss-canggu,v_import_nail_lesss_canggu,nail-lesss-canggu,venue,,project_owner_global_authorization,MEDIA-002,venues.photo_url:nail-lesss-canggu,NOT_CREATED_DRY_RUN,true,READY_FOR_MAPPING,,
owner-photo-candidates,owner-candidates/v1/nail-lesss-canggu/ebc1701ea4104ab0532d6ee372646a498797f21293fbd5931e7cc6519ebe827f.jpg,egkdapqwkfprtyqvvnso,true,ebc1701ea4104ab0532d6ee372646a498797f21293fbd5931e7cc6519ebe827f,image/jpeg,180211,900,1600,nail-lesss-canggu,v_import_nail_lesss_canggu,nail-lesss-canggu,venue,,project_owner_global_authorization,MEDIA-002,,NOT_CREATED_DRY_RUN,false,READY_FOR_MAPPING,,
owner-photo-candidates,owner-candidates/v1/nail-lesss-canggu/efd568d386507da6ffcefa5aebe585651ee9fdc05f37584cc97c2fe84d476b14.jpg,egkdapqwkfprtyqvvnso,true,efd568d386507da6ffcefa5aebe585651ee9fdc05f37584cc97c2fe84d476b14,image/jpeg,218083,1080,1920,nail-lesss-canggu,v_import_nail_lesss_canggu,nail-lesss-canggu,venue,,project_owner_global_authorization,MEDIA-002,,NOT_CREATED_DRY_RUN,false,READY_FOR_MAPPING,,
owner-photo-candidates,owner-candidates/v1/nasi-bali-men-weti/2a35835246ff735e1a23ad7051583f0b35f350f6dab207fc283563fec3371882.webp,egkdapqwkfprtyqvvnso,true,2a35835246ff735e1a23ad7051583f0b35f350f6dab207fc283563fec3371882,image/webp,76704,720,525,nasi-bali-men-weti,v_nasi-bali-men-weti,nasi-bali-men-weti,venue,,project_owner_global_authorization,MEDIA-002,venues.photo_url:nasi-bali-men-weti,NOT_CREATED_DRY_RUN,true,READY_FOR_MAPPING,,
owner-photo-candidates,owner-candidates/v1/nasi-bali-men-weti/34db4cd794cc786fafe74e3fedd9541463da324d21bf03639d64fa8f5784b230.jpg,egkdapqwkfprtyqvvnso,true,34db4cd794cc786fafe74e3fedd9541463da324d21bf03639d64fa8f5784b230,image/jpeg,68647,1073,805,nasi-bali-men-weti,v_nasi-bali-men-weti,nasi-bali-men-weti,venue,,project_owner_global_authorization,MEDIA-002,,NOT_CREATED_DRY_RUN,false,READY_FOR_MAPPING,,
owner-photo-candidates,owner-candidates/v1/nasi-bali-men-weti/c6dca7f44a08285924ae34d7028529eb994becff952090890a110adb42288af8.jpg,egkdapqwkfprtyqvvnso,true,c6dca7f44a08285924ae34d7028529eb994becff952090890a110adb42288af8,image/jpeg,161869,1080,1080,nasi-bali-men-weti,v_nasi-bali-men-weti,nasi-bali-men-weti,venue,,project_owner_global_authorization,MEDIA-002,,NOT_CREATED_DRY_RUN,false,READY_FOR_MAPPING,,
owner-photo-candidates,owner-candidates/v1/nasi-banjar-mbok-mang/08b5f653ea8f8defee38323dbe7e55f8e5d9e97b2fa61521b66c3cf0de989fc9.jpg,egkdapqwkfprtyqvvnso,true,08b5f653ea8f8defee38323dbe7e55f8e5d9e97b2fa61521b66c3cf0de989fc9,image/jpeg,131085,720,1280,nasi-banjar-mbok-mang,v_nasi-banjar-mbok-mang,nasi-banjar-mbok-mang,venue,,project_owner_global_authorization,MEDIA-002,venues.photo_url:nasi-banjar-mbok-mang,NOT_CREATED_DRY_RUN,true,READY_FOR_MAPPING,,
owner-photo-candidates,owner-candidates/v1/nasi-banjar-mbok-mang/5ec8daefd6c7ef413921b52731897a4c597c79b779c6c28429c4d612b5b2a6e7.jpg,egkdapqwkfprtyqvvnso,true,5ec8daefd6c7ef413921b52731897a4c597c79b779c6c28429c4d612b5b2a6e7,image/jpeg,246303,900,1600,nasi-banjar-mbok-mang,v_nasi-banjar-mbok-mang,nasi-banjar-mbok-mang,venue,,project_owner_global_authorization,MEDIA-002,,NOT_CREATED_DRY_RUN,false,READY_FOR_MAPPING,,
owner-photo-candidates,owner-candidates/v1/natys-restaurant-seminyak/080dfcf696b58ed22aebb6dad920ba2a6d1c62f9e3af7c496880acce2d08fee1.jpg,egkdapqwkfprtyqvvnso,true,080dfcf696b58ed22aebb6dad920ba2a6d1c62f9e3af7c496880acce2d08fee1,image/jpeg,50279,720,480,natys-restaurant-seminyak,v_import_natys_restaurant_seminyak,natys-restaurant-seminyak,venue,,project_owner_global_authorization,MEDIA-002,venues.photo_url:natys-restaurant-seminyak,NOT_CREATED_DRY_RUN,true,READY_FOR_MAPPING,,
owner-photo-candidates,owner-candidates/v1/natys-restaurant-seminyak/d97fb73d7c382b8a6df812b755a9e3f758deafef4a3506efd5fbad941cbbb20c.jpg,egkdapqwkfprtyqvvnso,true,d97fb73d7c382b8a6df812b755a9e3f758deafef4a3506efd5fbad941cbbb20c,image/jpeg,41368,720,480,natys-restaurant-seminyak,v_import_natys_restaurant_seminyak,natys-restaurant-seminyak,venue,,project_owner_global_authorization,MEDIA-002,,NOT_CREATED_DRY_RUN,false,READY_FOR_MAPPING,,
owner-photo-candidates,owner-candidates/v1/natys-restaurant-seminyak/dc841732fc4fdc94c449186e1271a215df0d84314306e005d8f9cbd784663a22.jpg,egkdapqwkfprtyqvvnso,true,dc841732fc4fdc94c449186e1271a215df0d84314306e005d8f9cbd784663a22,image/jpeg,57434,720,480,natys-restaurant-seminyak,v_import_natys_restaurant_seminyak,natys-restaurant-seminyak,venue,,project_owner_global_authorization,MEDIA-002,,NOT_CREATED_DRY_RUN,false,READY_FOR_MAPPING,,
owner-photo-candidates,owner-candidates/v1/naughty-nuris-warung-seminyak/80f9ed8bd0d0197ccdf00b64a789dea379629f02dae5171106e5a55e0bd2e8d6.jpg,egkdapqwkfprtyqvvnso,true,80f9ed8bd0d0197ccdf00b64a789dea379629f02dae5171106e5a55e0bd2e8d6,image/jpeg,205778,900,1000,naughty-nuris-warung-seminyak,v_import_naughty_nuris_warung_seminyak,naughty-nuris-warung-seminyak,venue,,project_owner_global_authorization,MEDIA-002,venues.photo_url:naughty-nuris-warung-seminyak,NOT_CREATED_DRY_RUN,true,READY_FOR_MAPPING,,
owner-photo-candidates,owner-candidates/v1/naughty-nuris-warung-seminyak/9e4bf757a89139fc7872a875885f8094a65ff62f2c2fa1dc41027deeb064ccdd.jpg,egkdapqwkfprtyqvvnso,true,9e4bf757a89139fc7872a875885f8094a65ff62f2c2fa1dc41027deeb064ccdd,image/jpeg,970321,1920,1280,naughty-nuris-warung-seminyak,v_import_naughty_nuris_warung_seminyak,naughty-nuris-warung-seminyak,venue,,project_owner_global_authorization,MEDIA-002,,NOT_CREATED_DRY_RUN,false,READY_FOR_MAPPING,,
owner-photo-candidates,owner-candidates/v1/naughty-nuris-warung-seminyak/c53ceeb9043d70f93819a385f4878b0e3a1ae8ac63d929c6b97a92832880ebe7.png,egkdapqwkfprtyqvvnso,true,c53ceeb9043d70f93819a385f4878b0e3a1ae8ac63d929c6b97a92832880ebe7,image/png,178718,3572,3573,naughty-nuris-warung-seminyak,v_import_naughty_nuris_warung_seminyak,naughty-nuris-warung-seminyak,venue,,project_owner_global_authorization,MEDIA-002,,NOT_CREATED_DRY_RUN,false,READY_FOR_MAPPING,,
owner-photo-candidates,owner-candidates/v1/neighbourhood-food-berawa/bbaac79fb8a3c7f6b7a10094f984b1e0b04b82a988c3c61d84fa13f75c2be1c7.webp,egkdapqwkfprtyqvvnso,true,bbaac79fb8a3c7f6b7a10094f984b1e0b04b82a988c3c61d84fa13f75c2be1c7,image/webp,454294,1667,2084,neighbourhood-food-berawa,v_import_neighbourhood_food_berawa,neighbourhood-food-berawa,venue,,project_owner_global_authorization,MEDIA-002,venues.photo_url:neighbourhood-food-berawa,NOT_CREATED_DRY_RUN,true,READY_FOR_MAPPING,,
owner-photo-candidates,owner-candidates/v1/neighbourhood-food-berawa/d0e51a73aef98222d9d6d6bfbffe558875e64035bac5ebe06d324d77c643699f.webp,egkdapqwkfprtyqvvnso,true,d0e51a73aef98222d9d6d6bfbffe558875e64035bac5ebe06d324d77c643699f,image/webp,533042,1667,2500,neighbourhood-food-berawa,v_import_neighbourhood_food_berawa,neighbourhood-food-berawa,venue,,project_owner_global_authorization,MEDIA-002,,NOT_CREATED_DRY_RUN,false,READY_FOR_MAPPING,,
owner-photo-candidates,owner-candidates/v1/neighbourhood-food-berawa/e930fecd1819117e179625ae6e5c68f4881df43cb23de0190f2d2565d6d767dc.webp,egkdapqwkfprtyqvvnso,true,e930fecd1819117e179625ae6e5c68f4881df43cb23de0190f2d2565d6d767dc,image/webp,193640,1667,2500,neighbourhood-food-berawa,v_import_neighbourhood_food_berawa,neighbourhood-food-berawa,venue,,project_owner_global_authorization,MEDIA-002,,NOT_CREATED_DRY_RUN,false,READY_FOR_MAPPING,,
owner-photo-candidates,owner-candidates/v1/neighbourhood-food-seseh/879615359b2459551ea6a40caff7dd10426fb2022e590e2ae81ad758c1b6eb8d.jpg,egkdapqwkfprtyqvvnso,true,879615359b2459551ea6a40caff7dd10426fb2022e590e2ae81ad758c1b6eb8d,image/jpeg,495369,1440,1631,neighbourhood-food-seseh,v_import_neighbourhood_food_seseh,neighbourhood-food-seseh,venue,,project_owner_global_authorization,MEDIA-002,venues.photo_url:neighbourhood-food-seseh,NOT_CREATED_DRY_RUN,true,READY_FOR_MAPPING,,
owner-photo-candidates,owner-candidates/v1/neighbourhood-food-seseh/a3baaa903b2bf5925ab3f55953486d3994049d27d4b064926bb187328171333a.jpg,egkdapqwkfprtyqvvnso,true,a3baaa903b2bf5925ab3f55953486d3994049d27d4b064926bb187328171333a,image/jpeg,40677,580,640,neighbourhood-food-seseh,v_import_neighbourhood_food_seseh,neighbourhood-food-seseh,venue,,project_owner_global_authorization,MEDIA-002,,NOT_CREATED_DRY_RUN,false,READY_FOR_MAPPING,,
owner-photo-candidates,owner-candidates/v1/neighbourhood-food-seseh/af10448faac211ad4931ce3b91342e5e082cf2c52a84718ad4c7ec91e1a40aec.jpg,egkdapqwkfprtyqvvnso,true,af10448faac211ad4931ce3b91342e5e082cf2c52a84718ad4c7ec91e1a40aec,image/jpeg,52656,640,640,neighbourhood-food-seseh,v_import_neighbourhood_food_seseh,neighbourhood-food-seseh,venue,,project_owner_global_authorization,MEDIA-002,,NOT_CREATED_DRY_RUN,false,READY_FOR_MAPPING,,
owner-photo-candidates,owner-candidates/v1/nelayan-restaurant-and-puri-bar/7741538bcce78352140bfd651859543ee627c3619924773168a37120bf265634.avif,egkdapqwkfprtyqvvnso,true,7741538bcce78352140bfd651859543ee627c3619924773168a37120bf265634,image/heif,41799,2580,1299,nelayan-restaurant-and-puri-bar,v_import_nelayan_restaurant_and_puri_bar,nelayan-restaurant-and-puri-bar,venue,,project_owner_global_authorization,MEDIA-002,venues.photo_url:nelayan-restaurant-and-puri-bar,NOT_CREATED_DRY_RUN,true,READY_FOR_MAPPING,,
owner-photo-candidates,owner-candidates/v1/nelayan-restaurant-and-puri-bar/7aa1bcebdb3774482cf731bc13bcf4dede45b6de753ca16e5a9c7e6b6f1daa4a.avif,egkdapqwkfprtyqvvnso,true,7aa1bcebdb3774482cf731bc13bcf4dede45b6de753ca16e5a9c7e6b6f1daa4a,image/heif,855638,3200,4000,nelayan-restaurant-and-puri-bar,v_import_nelayan_restaurant_and_puri_bar,nelayan-restaurant-and-puri-bar,venue,,project_owner_global_authorization,MEDIA-002,,NOT_CREATED_DRY_RUN,false,READY_FOR_MAPPING,,
owner-photo-candidates,owner-candidates/v1/nelayan-restaurant-and-puri-bar/89854b1d5ad095244161f1d36264ab4242874e255a761fb088026d8a8accc04e.avif,egkdapqwkfprtyqvvnso,true,89854b1d5ad095244161f1d36264ab4242874e255a761fb088026d8a8accc04e,image/heif,504265,2400,3000,nelayan-restaurant-and-puri-bar,v_import_nelayan_restaurant_and_puri_bar,nelayan-restaurant-and-puri-bar,venue,,project_owner_global_authorization,MEDIA-002,,NOT_CREATED_DRY_RUN,false,READY_FOR_MAPPING,,
owner-photo-candidates,owner-candidates/v1/nirvana-life-bali-canggu/7a102c84fd621d8c3262c24b8a02cf90c222358c4b09d73e3eabd6ae54499ec1.webp,egkdapqwkfprtyqvvnso,true,7a102c84fd621d8c3262c24b8a02cf90c222358c4b09d73e3eabd6ae54499ec1,image/webp,176702,1941,1294,nirvana-life-bali-canggu,5e6fd070-4262-492d-872a-df173d033744,nirvana-life-bali-canggu,venue,,project_owner_global_authorization,MEDIA-002,venues.photo_url:nirvana-life-bali-canggu,NOT_CREATED_DRY_RUN,true,READY_FOR_MAPPING,,
owner-photo-candidates,owner-candidates/v1/nirvana-life-bali-canggu/9009919edbd98bdef9a4852dbd631ac31116f783479bd1d1d041ab483961e264.webp,egkdapqwkfprtyqvvnso,true,9009919edbd98bdef9a4852dbd631ac31116f783479bd1d1d041ab483961e264,image/webp,40224,749,1024,nirvana-life-bali-canggu,5e6fd070-4262-492d-872a-df173d033744,nirvana-life-bali-canggu,venue,,project_owner_global_authorization,MEDIA-002,,NOT_CREATED_DRY_RUN,false,READY_FOR_MAPPING,,
owner-photo-candidates,owner-candidates/v1/nirvana-life-bali-canggu/c1007ec28bdaa5b26e6c36192d2e0436c6deb834bea381f6686821fdce07851f.webp,egkdapqwkfprtyqvvnso,true,c1007ec28bdaa5b26e6c36192d2e0436c6deb834bea381f6686821fdce07851f,image/webp,333888,2048,1365,nirvana-life-bali-canggu,5e6fd070-4262-492d-872a-df173d033744,nirvana-life-bali-canggu,venue,,project_owner_global_authorization,MEDIA-002,,NOT_CREATED_DRY_RUN,false,READY_FOR_MAPPING,,
owner-photo-candidates,owner-candidates/v1/nook-umalas/9afb915259c132b9f8a13319caa3b3cf4e9635b4ec359f9645caf9f6b0416cd5.jpg,egkdapqwkfprtyqvvnso,true,9afb915259c132b9f8a13319caa3b3cf4e9635b4ec359f9645caf9f6b0416cd5,image/jpeg,811998,3406,4096,nook-umalas,v_import_nook_umalas,nook-umalas,venue,,project_owner_global_authorization,MEDIA-002,venues.photo_url:nook-umalas,NOT_CREATED_DRY_RUN,true,READY_FOR_MAPPING,,
owner-photo-candidates,owner-candidates/v1/nook-umalas/eace49713a5a730e997383e639217ef323354eb2d59f0a27cfd50822fc627a53.jpg,egkdapqwkfprtyqvvnso,true,eace49713a5a730e997383e639217ef323354eb2d59f0a27cfd50822fc627a53,image/jpeg,1158000,2877,3836,nook-umalas,v_import_nook_umalas,nook-umalas,venue,,project_owner_global_authorization,MEDIA-002,,NOT_CREATED_DRY_RUN,false,READY_FOR_MAPPING,,
owner-photo-candidates,owner-candidates/v1/nook-umalas/ff37b5955f5ac9c2f518263140ddbceebc06e9c5d363a81031cc10c8349b8246.jpg,egkdapqwkfprtyqvvnso,true,ff37b5955f5ac9c2f518263140ddbceebc06e9c5d363a81031cc10c8349b8246,image/jpeg,2585091,3072,4096,nook-umalas,v_import_nook_umalas,nook-umalas,venue,,project_owner_global_authorization,MEDIA-002,,NOT_CREATED_DRY_RUN,false,READY_FOR_MAPPING,,
owner-photo-candidates,owner-candidates/v1/nusa-dua-beach-grill/35535b363b1cd539b4a57c2f4c0c64f14a6eb56fec46ebac6340c2ad28555a49.avif,egkdapqwkfprtyqvvnso,true,35535b363b1cd539b4a57c2f4c0c64f14a6eb56fec46ebac6340c2ad28555a49,image/heif,101090,2400,1260,nusa-dua-beach-grill,v_import_nusa_dua_beach_grill,nusa-dua-beach-grill,venue,,project_owner_global_authorization,MEDIA-002,venues.photo_url:nusa-dua-beach-grill,NOT_CREATED_DRY_RUN,true,READY_FOR_MAPPING,,
owner-photo-candidates,owner-candidates/v1/nusa-dua-beach-grill/6b5e8d9a4302ee5f4647af758c8cbf820fe7eb6f6d5165f9634c88b69227c8f4.avif,egkdapqwkfprtyqvvnso,true,6b5e8d9a4302ee5f4647af758c8cbf820fe7eb6f6d5165f9634c88b69227c8f4,image/heif,91575,2400,1260,nusa-dua-beach-grill,v_import_nusa_dua_beach_grill,nusa-dua-beach-grill,venue,,project_owner_global_authorization,MEDIA-002,,NOT_CREATED_DRY_RUN,false,READY_FOR_MAPPING,,
owner-photo-candidates,owner-candidates/v1/nusa-dua-beach-grill/7c12a42d928d80d1d7d716f2d77dcd14ed48de6453d3fa5d92b66cb9a0d5ab97.avif,egkdapqwkfprtyqvvnso,true,7c12a42d928d80d1d7d716f2d77dcd14ed48de6453d3fa5d92b66cb9a0d5ab97,image/heif,218584,2400,1260,nusa-dua-beach-grill,v_import_nusa_dua_beach_grill,nusa-dua-beach-grill,venue,,project_owner_global_authorization,MEDIA-002,,NOT_CREATED_DRY_RUN,false,READY_FOR_MAPPING,,
owner-photo-candidates,owner-candidates/v1/nyoman-cafe/55574d664e3dcffa83f221b7131a6a8164771b9f7820e68f93fd575c141d8e0a.jpg,egkdapqwkfprtyqvvnso,true,55574d664e3dcffa83f221b7131a6a8164771b9f7820e68f93fd575c141d8e0a,image/jpeg,97647,937,1171,nyoman-cafe,v_import_nyoman_cafe,nyoman-cafe,venue,,project_owner_global_authorization,MEDIA-002,venues.photo_url:nyoman-cafe,NOT_CREATED_DRY_RUN,true,READY_FOR_MAPPING,,
owner-photo-candidates,owner-candidates/v1/nyoman-cafe/5d256a2195b465fc5016069cbd17e173d53e1b7c8b357a880d0294cbf5f6d050.jpg,egkdapqwkfprtyqvvnso,true,5d256a2195b465fc5016069cbd17e173d53e1b7c8b357a880d0294cbf5f6d050,image/jpeg,82770,937,1171,nyoman-cafe,v_import_nyoman_cafe,nyoman-cafe,venue,,project_owner_global_authorization,MEDIA-002,,NOT_CREATED_DRY_RUN,false,READY_FOR_MAPPING,,
owner-photo-candidates,owner-candidates/v1/nyoman-cafe/6014470c2ac001b679e23aa210fb9226c095cfb98475ecd3b6a79cebf5137ff2.jpg,egkdapqwkfprtyqvvnso,true,6014470c2ac001b679e23aa210fb9226c095cfb98475ecd3b6a79cebf5137ff2,image/jpeg,61153,928,1160,nyoman-cafe,v_import_nyoman_cafe,nyoman-cafe,venue,,project_owner_global_authorization,MEDIA-002,,NOT_CREATED_DRY_RUN,false,READY_FOR_MAPPING,,
owner-photo-candidates,owner-candidates/v1/obsidian-gym-bali-canggu/b5dd58b4f2d549d897baba75dfd9eb956013b3146e60630e7759deb3c67b62e8.webp,egkdapqwkfprtyqvvnso,true,b5dd58b4f2d549d897baba75dfd9eb956013b3146e60630e7759deb3c67b62e8,image/webp,126060,2500,1875,obsidian-gym-bali-canggu,61f6a6cf-b257-455d-a244-b80f569624ce,obsidian-gym-bali-canggu,venue,,project_owner_global_authorization,MEDIA-002,venues.photo_url:obsidian-gym-bali-canggu,NOT_CREATED_DRY_RUN,true,READY_FOR_MAPPING,,
owner-photo-candidates,owner-candidates/v1/obsidian-gym-bali-canggu/bb30a3b317ffdda51c24c517656d65a3ea5fe3ec3bd37407da3fc09054732a35.webp,egkdapqwkfprtyqvvnso,true,bb30a3b317ffdda51c24c517656d65a3ea5fe3ec3bd37407da3fc09054732a35,image/webp,174828,2500,1875,obsidian-gym-bali-canggu,61f6a6cf-b257-455d-a244-b80f569624ce,obsidian-gym-bali-canggu,venue,,project_owner_global_authorization,MEDIA-002,,NOT_CREATED_DRY_RUN,false,READY_FOR_MAPPING,,
owner-photo-candidates,owner-candidates/v1/obsidian-gym-bali-canggu/ec637f370c8fb2e9a46c4d5716e56dc4ce1e76e7968c27bbfe92b2f7afd0bbbe.webp,egkdapqwkfprtyqvvnso,true,ec637f370c8fb2e9a46c4d5716e56dc4ce1e76e7968c27bbfe92b2f7afd0bbbe,image/webp,334984,2160,3840,obsidian-gym-bali-canggu,61f6a6cf-b257-455d-a244-b80f569624ce,obsidian-gym-bali-canggu,venue,,project_owner_global_authorization,MEDIA-002,,NOT_CREATED_DRY_RUN,false,READY_FOR_MAPPING,,
owner-photo-candidates,owner-candidates/v1/olop-iyengar-yoga/160f89ab11cef3ee78d0a8f849695bfdd36becde5bbbf970ce14f600fb14e43b.jpg,egkdapqwkfprtyqvvnso,true,160f89ab11cef3ee78d0a8f849695bfdd36becde5bbbf970ce14f600fb14e43b,image/jpeg,288918,1080,1080,olop-iyengar-yoga,wbimp_olop-iyengar-yoga,olop-iyengar-yoga,venue,,project_owner_global_authorization,MEDIA-002,venues.photo_url:olop-iyengar-yoga,NOT_CREATED_DRY_RUN,true,READY_FOR_MAPPING,,
owner-photo-candidates,owner-candidates/v1/olop-iyengar-yoga/b2ff5f548a63c44e42348e7daeecb195cddd8fbb45f1f2cc03bcfafa566e8bd1.jpg,egkdapqwkfprtyqvvnso,true,b2ff5f548a63c44e42348e7daeecb195cddd8fbb45f1f2cc03bcfafa566e8bd1,image/jpeg,41735,640,1136,olop-iyengar-yoga,wbimp_olop-iyengar-yoga,olop-iyengar-yoga,venue,,project_owner_global_authorization,MEDIA-002,,NOT_CREATED_DRY_RUN,false,READY_FOR_MAPPING,,
owner-photo-candidates,owner-candidates/v1/olop-iyengar-yoga/cf049a28eb3f73c670fdca0ff9e88b3a4528ba90b425ab31afb993c8e8bb04cb.jpg,egkdapqwkfprtyqvvnso,true,cf049a28eb3f73c670fdca0ff9e88b3a4528ba90b425ab31afb993c8e8bb04cb,image/jpeg,321929,1350,1688,olop-iyengar-yoga,wbimp_olop-iyengar-yoga,olop-iyengar-yoga,venue,,project_owner_global_authorization,MEDIA-002,,NOT_CREATED_DRY_RUN,false,READY_FOR_MAPPING,,
owner-photo-candidates,owner-candidates/v1/oma-jamu/0242a9d2ff72dc0750417de5255582f10ec33d6786866e4ce6838e05f8346350.jpg,egkdapqwkfprtyqvvnso,true,0242a9d2ff72dc0750417de5255582f10ec33d6786866e4ce6838e05f8346350,image/jpeg,358765,1536,1920,oma-jamu,v_import_oma_jamu,oma-jamu,venue,,project_owner_global_authorization,MEDIA-002,venues.photo_url:oma-jamu,NOT_CREATED_DRY_RUN,true,READY_FOR_MAPPING,,
owner-photo-candidates,owner-candidates/v1/oma-jamu/87e4222eb49d556e5da449cf4dff0663b5ef1c2f8e2e946a3183048a253ddd16.webp,egkdapqwkfprtyqvvnso,true,87e4222eb49d556e5da449cf4dff0663b5ef1c2f8e2e946a3183048a253ddd16,image/webp,54898,1080,1080,oma-jamu,v_import_oma_jamu,oma-jamu,venue,,project_owner_global_authorization,MEDIA-002,,NOT_CREATED_DRY_RUN,false,READY_FOR_MAPPING,,
owner-photo-candidates,owner-candidates/v1/oma-jamu/e6188d75e0a7d62ee430793239a6033e55a9d1fd1ca9b611c737e0286b4b6eda.jpg,egkdapqwkfprtyqvvnso,true,e6188d75e0a7d62ee430793239a6033e55a9d1fd1ca9b611c737e0286b4b6eda,image/jpeg,140538,1536,1920,oma-jamu,v_import_oma_jamu,oma-jamu,venue,,project_owner_global_authorization,MEDIA-002,,NOT_CREATED_DRY_RUN,false,READY_FOR_MAPPING,,
owner-photo-candidates,owner-candidates/v1/ours-spa-boutique/6a26f7b50ab7ab66c4dd1aacd1a5de88bbb2a2e187ab8394146d61e97b586bf7.jpg,egkdapqwkfprtyqvvnso,true,6a26f7b50ab7ab66c4dd1aacd1a5de88bbb2a2e187ab8394146d61e97b586bf7,image/jpeg,111351,1080,1920,ours-spa-boutique,wbimp_ours-spa-boutique,ours-spa-boutique,venue,,project_owner_global_authorization,MEDIA-002,venues.photo_url:ours-spa-boutique,NOT_CREATED_DRY_RUN,true,READY_FOR_MAPPING,,
owner-photo-candidates,owner-candidates/v1/ours-spa-boutique/f9fd998d9752dadf217576607085c4160a4eb8f923e7e88595e079cb6bdbaac8.jpg,egkdapqwkfprtyqvvnso,true,f9fd998d9752dadf217576607085c4160a4eb8f923e7e88595e079cb6bdbaac8,image/jpeg,280617,1080,1920,ours-spa-boutique,wbimp_ours-spa-boutique,ours-spa-boutique,venue,,project_owner_global_authorization,MEDIA-002,,NOT_CREATED_DRY_RUN,false,READY_FOR_MAPPING,,
owner-photo-candidates,owner-candidates/v1/ours-spa-boutique/fbf639f99db7043449a8eb4a0bc6985337585c45c57ecc58214bf66f45d8ac6c.jpg,egkdapqwkfprtyqvvnso,true,fbf639f99db7043449a8eb4a0bc6985337585c45c57ecc58214bf66f45d8ac6c,image/jpeg,146886,1080,1350,ours-spa-boutique,wbimp_ours-spa-boutique,ours-spa-boutique,venue,,project_owner_global_authorization,MEDIA-002,,NOT_CREATED_DRY_RUN,false,READY_FOR_MAPPING,,
owner-photo-candidates,owner-candidates/v1/papi-sapi/3972439ef9c258abf4fec018a44443035df8e6294f3280f4a6b0f87d88699e60.jpg,egkdapqwkfprtyqvvnso,true,3972439ef9c258abf4fec018a44443035df8e6294f3280f4a6b0f87d88699e60,image/jpeg,52852,500,750,papi-sapi,v_import_papi_sapi,papi-sapi,venue,,project_owner_global_authorization,MEDIA-002,venues.photo_url:papi-sapi,NOT_CREATED_DRY_RUN,true,READY_FOR_MAPPING,,
owner-photo-candidates,owner-candidates/v1/papi-sapi/a55e60bc1d3ea29def611363e259a69a8bd1e2172632f0ba78210acba70d5d97.jpg,egkdapqwkfprtyqvvnso,true,a55e60bc1d3ea29def611363e259a69a8bd1e2172632f0ba78210acba70d5d97,image/jpeg,72195,500,750,papi-sapi,v_import_papi_sapi,papi-sapi,venue,,project_owner_global_authorization,MEDIA-002,,NOT_CREATED_DRY_RUN,false,READY_FOR_MAPPING,,
owner-photo-candidates,owner-candidates/v1/papi-sapi/aaf93d38d5833a3425b4ddc918740d23388d2f3b0cc56336e6b3575099ce96d7.jpg,egkdapqwkfprtyqvvnso,true,aaf93d38d5833a3425b4ddc918740d23388d2f3b0cc56336e6b3575099ce96d7,image/jpeg,60552,500,750,papi-sapi,v_import_papi_sapi,papi-sapi,venue,,project_owner_global_authorization,MEDIA-002,,NOT_CREATED_DRY_RUN,false,READY_FOR_MAPPING,,
owner-photo-candidates,owner-candidates/v1/piasan/0aba4f62f0b3da1a44660d517e5bfa0b9666401399b51253e9cbb108e3723830.jpg,egkdapqwkfprtyqvvnso,true,0aba4f62f0b3da1a44660d517e5bfa0b9666401399b51253e9cbb108e3723830,image/jpeg,646370,1920,1280,piasan,v_import_piasan,piasan,venue,,project_owner_global_authorization,MEDIA-002,venues.photo_url:piasan,NOT_CREATED_DRY_RUN,true,READY_FOR_MAPPING,,
owner-photo-candidates,owner-candidates/v1/piasan/3c1bc7472190134acdc4e796d30a1139191cbee8cb4cc7ec0257fafb8ba4351f.jpg,egkdapqwkfprtyqvvnso,true,3c1bc7472190134acdc4e796d30a1139191cbee8cb4cc7ec0257fafb8ba4351f,image/jpeg,132113,768,768,piasan,v_import_piasan,piasan,venue,,project_owner_global_authorization,MEDIA-002,,NOT_CREATED_DRY_RUN,false,READY_FOR_MAPPING,,
owner-photo-candidates,owner-candidates/v1/piasan/93d9e695a21f028463941e8f6f9a0b77220590921291b07afb05e49cf82ee929.jpg,egkdapqwkfprtyqvvnso,true,93d9e695a21f028463941e8f6f9a0b77220590921291b07afb05e49cf82ee929,image/jpeg,85720,819,1024,piasan,v_import_piasan,piasan,venue,,project_owner_global_authorization,MEDIA-002,,NOT_CREATED_DRY_RUN,false,READY_FOR_MAPPING,,
owner-photo-candidates,owner-candidates/v1/piccolina/9778bccba1499874cd2bc6eeb2aedc7891f853a24c5fe4dc1be4bd2015b28dc2.webp,egkdapqwkfprtyqvvnso,true,9778bccba1499874cd2bc6eeb2aedc7891f853a24c5fe4dc1be4bd2015b28dc2,image/webp,391206,1600,2400,piccolina,wbimp_piccolina,piccolina,venue,,project_owner_global_authorization,MEDIA-002,venues.photo_url:piccolina,NOT_CREATED_DRY_RUN,true,READY_FOR_MAPPING,,
owner-photo-candidates,owner-candidates/v1/piccolina/f0ac1429e56e241f055226a9a10cde1f9be734cba47f2fdf9aff7bc2268ff001.webp,egkdapqwkfprtyqvvnso,true,f0ac1429e56e241f055226a9a10cde1f9be734cba47f2fdf9aff7bc2268ff001,image/webp,608704,1600,2400,piccolina,wbimp_piccolina,piccolina,venue,,project_owner_global_authorization,MEDIA-002,,NOT_CREATED_DRY_RUN,false,READY_FOR_MAPPING,,
owner-photo-candidates,owner-candidates/v1/piccolina/fdc9ec622ae8545be4cb0db0ce755d577bbcc2c5d1379f64cf551667333fdc61.webp,egkdapqwkfprtyqvvnso,true,fdc9ec622ae8545be4cb0db0ce755d577bbcc2c5d1379f64cf551667333fdc61,image/webp,642278,1600,2400,piccolina,wbimp_piccolina,piccolina,venue,,project_owner_global_authorization,MEDIA-002,,NOT_CREATED_DRY_RUN,false,READY_FOR_MAPPING,,
owner-photo-candidates,owner-candidates/v1/pison-petitenget/3bcaa4bee1e4bc29b9caf10d2fe6f1f0e537f727d316cade4c4d2fb16668d8ae.webp,egkdapqwkfprtyqvvnso,true,3bcaa4bee1e4bc29b9caf10d2fe6f1f0e537f727d316cade4c4d2fb16668d8ae,image/webp,181914,1600,900,pison-petitenget,v_import_pison_petitenget,pison-petitenget,venue,,project_owner_global_authorization,MEDIA-002,venues.photo_url:pison-petitenget,NOT_CREATED_DRY_RUN,true,READY_FOR_MAPPING,,
owner-photo-candidates,owner-candidates/v1/pison-petitenget/9fb0816d4034d1ae240f6bf3b4b771ddb142c98e040b8f1905630d5e9ae2ab6c.webp,egkdapqwkfprtyqvvnso,true,9fb0816d4034d1ae240f6bf3b4b771ddb142c98e040b8f1905630d5e9ae2ab6c,image/webp,192568,1600,900,pison-petitenget,v_import_pison_petitenget,pison-petitenget,venue,,project_owner_global_authorization,MEDIA-002,,NOT_CREATED_DRY_RUN,false,READY_FOR_MAPPING,,
owner-photo-candidates,owner-candidates/v1/pison-petitenget/a7eecd40e10ec62eaaaaff5b0781bcc241e4a791bc2706bdecbf27a1278d50cb.webp,egkdapqwkfprtyqvvnso,true,a7eecd40e10ec62eaaaaff5b0781bcc241e4a791bc2706bdecbf27a1278d50cb,image/webp,137274,1600,900,pison-petitenget,v_import_pison_petitenget,pison-petitenget,venue,,project_owner_global_authorization,MEDIA-002,,NOT_CREATED_DRY_RUN,false,READY_FOR_MAPPING,,
owner-photo-candidates,owner-candidates/v1/pizza-fabbrica/36b4353e89cf30cb3f14ee6450f04dba9f2d29c16be457681f02d29e0f4089d2.jpg,egkdapqwkfprtyqvvnso,true,36b4353e89cf30cb3f14ee6450f04dba9f2d29c16be457681f02d29e0f4089d2,image/jpeg,1616509,1080,1570,pizza-fabbrica,v_pizza-fabbrica,pizza-fabbrica,venue,,project_owner_global_authorization,MEDIA-002,venues.photo_url:pizza-fabbrica,NOT_CREATED_DRY_RUN,true,READY_FOR_MAPPING,,
owner-photo-candidates,owner-candidates/v1/pizza-fabbrica/847005cb95d77799acef207c748a7a9b1fa5d1b0cc0e85c9196fb191eaa7a5a7.jpg,egkdapqwkfprtyqvvnso,true,847005cb95d77799acef207c748a7a9b1fa5d1b0cc0e85c9196fb191eaa7a5a7,image/jpeg,248797,1440,1800,pizza-fabbrica,v_pizza-fabbrica,pizza-fabbrica,venue,,project_owner_global_authorization,MEDIA-002,,NOT_CREATED_DRY_RUN,false,READY_FOR_MAPPING,,
owner-photo-candidates,owner-candidates/v1/pizzaria-hyatt/3f0d6963c086e0143a8d76f411e99e7720610902ad51ba0496f5bd1e4fce6951.jpg,egkdapqwkfprtyqvvnso,true,3f0d6963c086e0143a8d76f411e99e7720610902ad51ba0496f5bd1e4fce6951,image/jpeg,2102373,2305,4096,pizzaria-hyatt,v_import_pizzaria_hyatt,pizzaria-hyatt,venue,,project_owner_global_authorization,MEDIA-002,venues.photo_url:pizzaria-hyatt,NOT_CREATED_DRY_RUN,true,READY_FOR_MAPPING,,
owner-photo-candidates,owner-candidates/v1/pizzaria-hyatt/bed519b0a6e14b1da7df0c258edbbd98fc14b0ac1bcea8bce2c72850174007d3.jpg,egkdapqwkfprtyqvvnso,true,bed519b0a6e14b1da7df0c258edbbd98fc14b0ac1bcea8bce2c72850174007d3,image/jpeg,136413,760,1350,pizzaria-hyatt,v_import_pizzaria_hyatt,pizzaria-hyatt,venue,,project_owner_global_authorization,MEDIA-002,,NOT_CREATED_DRY_RUN,false,READY_FOR_MAPPING,,
owner-photo-candidates,owner-candidates/v1/pizzaria-hyatt/c05753779e209429be37afbf87cbf464a739febbc20a7042f227d1719f48b773.jpg,egkdapqwkfprtyqvvnso,true,c05753779e209429be37afbf87cbf464a739febbc20a7042f227d1719f48b773,image/jpeg,76558,640,1136,pizzaria-hyatt,v_import_pizzaria_hyatt,pizzaria-hyatt,venue,,project_owner_global_authorization,MEDIA-002,,NOT_CREATED_DRY_RUN,false,READY_FOR_MAPPING,,
owner-photo-candidates,owner-candidates/v1/potato-head-beach-club/2014de4cf642faa7d5220c41be2eecb5b8c3bce4f9a6f06e3d1e253f7c234444.jpg,egkdapqwkfprtyqvvnso,true,2014de4cf642faa7d5220c41be2eecb5b8c3bce4f9a6f06e3d1e253f7c234444,image/jpeg,285925,1350,1080,potato-head-beach-club,v_import_potato_head_beach_club,potato-head-beach-club,venue,,project_owner_global_authorization,MEDIA-002,venues.photo_url:potato-head-beach-club,NOT_CREATED_DRY_RUN,true,READY_FOR_MAPPING,,
owner-photo-candidates,owner-candidates/v1/potato-head-beach-club/5cb1fd2834c6cc5973077323fc97800e570f20f7b2f6f899347412dd227d1f33.webp,egkdapqwkfprtyqvvnso,true,5cb1fd2834c6cc5973077323fc97800e570f20f7b2f6f899347412dd227d1f33,image/webp,41830,960,540,potato-head-beach-club,v_import_potato_head_beach_club,potato-head-beach-club,venue,,project_owner_global_authorization,MEDIA-002,,NOT_CREATED_DRY_RUN,false,READY_FOR_MAPPING,,
owner-photo-candidates,owner-candidates/v1/potato-head-beach-club/e02192207427812c810b6bb68d32d6d035986a75a1a1420546ce8abdc2d7a057.jpg,egkdapqwkfprtyqvvnso,true,e02192207427812c810b6bb68d32d6d035986a75a1a1420546ce8abdc2d7a057,image/jpeg,407985,1383,922,potato-head-beach-club,v_import_potato_head_beach_club,potato-head-beach-club,venue,,project_owner_global_authorization,MEDIA-002,,NOT_CREATED_DRY_RUN,false,READY_FOR_MAPPING,,
owner-photo-candidates,owner-candidates/v1/poule-de-luxe-bali/4a8dfe20b71d9b549b86a45f5e80b5ebe0996996d3b5e931f2e77fe0ba8139da.avif,egkdapqwkfprtyqvvnso,true,4a8dfe20b71d9b549b86a45f5e80b5ebe0996996d3b5e931f2e77fe0ba8139da,image/heif,41547,961,640,poule-de-luxe-bali,v_import_poule_de_luxe_bali,poule-de-luxe-bali,venue,,project_owner_global_authorization,MEDIA-002,venues.photo_url:poule-de-luxe-bali,NOT_CREATED_DRY_RUN,true,READY_FOR_MAPPING,,
owner-photo-candidates,owner-candidates/v1/poule-de-luxe-bali/75d31a171a3c1905edaadfe32ae323db368ebd9bcd5d39cb38720bd7c0a8e116.jpg,egkdapqwkfprtyqvvnso,true,75d31a171a3c1905edaadfe32ae323db368ebd9bcd5d39cb38720bd7c0a8e116,image/jpeg,133130,1080,860,poule-de-luxe-bali,v_import_poule_de_luxe_bali,poule-de-luxe-bali,venue,,project_owner_global_authorization,MEDIA-002,,NOT_CREATED_DRY_RUN,false,READY_FOR_MAPPING,,
owner-photo-candidates,owner-candidates/v1/poule-de-luxe-bali/a89964d79fc80302707bff142a40f901cbd7a92613e62b43a98f1e8eaba995b9.png,egkdapqwkfprtyqvvnso,true,a89964d79fc80302707bff142a40f901cbd7a92613e62b43a98f1e8eaba995b9,image/png,65952,1080,860,poule-de-luxe-bali,v_import_poule_de_luxe_bali,poule-de-luxe-bali,venue,,project_owner_global_authorization,MEDIA-002,,NOT_CREATED_DRY_RUN,false,READY_FOR_MAPPING,,
owner-photo-candidates,owner-candidates/v1/power-of-now-oasis-sanur/39ba6df9631fdc3a1095c6bb2ba3f9b27f9f2b89967ba4e1b4dcbbae5527077e.jpg,egkdapqwkfprtyqvvnso,true,39ba6df9631fdc3a1095c6bb2ba3f9b27f9f2b89967ba4e1b4dcbbae5527077e,image/jpeg,233488,1069,1326,power-of-now-oasis-sanur,520eda8e-2540-484a-81ef-5273beee7ed3,power-of-now-oasis-sanur,venue,,project_owner_global_authorization,MEDIA-002,venues.photo_url:power-of-now-oasis-sanur,NOT_CREATED_DRY_RUN,true,READY_FOR_MAPPING,,
owner-photo-candidates,owner-candidates/v1/power-of-now-oasis-sanur/c3acaeaa7e98d5845b5b3b3f279ee397bb714adb7ab42a6498a715b714553721.jpg,egkdapqwkfprtyqvvnso,true,c3acaeaa7e98d5845b5b3b3f279ee397bb714adb7ab42a6498a715b714553721,image/jpeg,217233,800,1200,power-of-now-oasis-sanur,520eda8e-2540-484a-81ef-5273beee7ed3,power-of-now-oasis-sanur,venue,,project_owner_global_authorization,MEDIA-002,,NOT_CREATED_DRY_RUN,false,READY_FOR_MAPPING,,
owner-photo-candidates,owner-candidates/v1/power-of-now-oasis-sanur/fe306cf27ab98e9609722e2cd7f36d7ed53fc470e18401d31a1c7e58a2560bd1.jpg,egkdapqwkfprtyqvvnso,true,fe306cf27ab98e9609722e2cd7f36d7ed53fc470e18401d31a1c7e58a2560bd1,image/jpeg,275270,1200,800,power-of-now-oasis-sanur,520eda8e-2540-484a-81ef-5273beee7ed3,power-of-now-oasis-sanur,venue,,project_owner_global_authorization,MEDIA-002,,NOT_CREATED_DRY_RUN,false,READY_FOR_MAPPING,,
owner-photo-candidates,owner-candidates/v1/prana-spa-seminyak/2d8a8d24665516fd43ec955fd9a57479380862314c81faa8938f3e2c07ae55e4.jpg,egkdapqwkfprtyqvvnso,true,2d8a8d24665516fd43ec955fd9a57479380862314c81faa8938f3e2c07ae55e4,image/jpeg,163300,1200,720,prana-spa-seminyak,b905f2e5-4070-41bd-ad08-1865e422c16a,prana-spa-seminyak,venue,DUP-049,project_owner_global_authorization,MEDIA-002,venues.photo_url:prana-spa-seminyak,NOT_CREATED_DRY_RUN,true,CANONICALIZE_DUPLICATE_PRESERVE_ASSOCIATIONS,duplicate_content_hash,share canonical bytes; preserve logical association
owner-photo-candidates,owner-candidates/v1/prana-spa-seminyak/35a9bd0a6705f69ec32c72e555d441c39fe5504b458562f741f22491c51e718e.jpg,egkdapqwkfprtyqvvnso,true,35a9bd0a6705f69ec32c72e555d441c39fe5504b458562f741f22491c51e718e,image/jpeg,122083,1000,667,prana-spa-seminyak,b905f2e5-4070-41bd-ad08-1865e422c16a,prana-spa-seminyak,venue,,project_owner_global_authorization,MEDIA-002,,NOT_CREATED_DRY_RUN,false,READY_FOR_MAPPING,,
owner-photo-candidates,owner-candidates/v1/prana-spa-seminyak/607c8cc599aebd1cc73b1a83a8492f7968cd8f2b804599dd236df7068c0aebf4.jpg,egkdapqwkfprtyqvvnso,true,607c8cc599aebd1cc73b1a83a8492f7968cd8f2b804599dd236df7068c0aebf4,image/jpeg,242135,1200,675,prana-spa-seminyak,b905f2e5-4070-41bd-ad08-1865e422c16a,prana-spa-seminyak,venue,DUP-050,project_owner_global_authorization,MEDIA-002,,NOT_CREATED_DRY_RUN,false,CANONICALIZE_DUPLICATE_PRESERVE_ASSOCIATIONS,duplicate_content_hash,share canonical bytes; preserve logical association
owner-photo-candidates,owner-candidates/v1/prana-spa-seminyak/ef7eda5d08bde61a4d85f47c0278285a76929f75dde5ff06145e99bc06561713.jpg,egkdapqwkfprtyqvvnso,true,ef7eda5d08bde61a4d85f47c0278285a76929f75dde5ff06145e99bc06561713,image/jpeg,200042,1200,675,prana-spa-seminyak,b905f2e5-4070-41bd-ad08-1865e422c16a,prana-spa-seminyak,venue,DUP-051,project_owner_global_authorization,MEDIA-002,,NOT_CREATED_DRY_RUN,false,CANONICALIZE_DUPLICATE_PRESERVE_ASSOCIATIONS,duplicate_content_hash,share canonical bytes; preserve logical association
owner-photo-candidates,owner-candidates/v1/prana-spa-yoga-fitness-adjacent-seminyak/2d8a8d24665516fd43ec955fd9a57479380862314c81faa8938f3e2c07ae55e4.jpg,egkdapqwkfprtyqvvnso,true,2d8a8d24665516fd43ec955fd9a57479380862314c81faa8938f3e2c07ae55e4,image/jpeg,163300,1200,720,prana-spa-yoga-fitness-adjacent-seminyak,94d3713f-5332-418f-be7d-16be828ca13c,prana-spa-yoga-fitness-adjacent-seminyak,venue,DUP-049,project_owner_global_authorization,MEDIA-002,venues.photo_url:prana-spa-yoga-fitness-adjacent-seminyak,NOT_CREATED_DRY_RUN,true,CANONICALIZE_DUPLICATE_PRESERVE_ASSOCIATIONS,duplicate_content_hash,share canonical bytes; preserve logical association
owner-photo-candidates,owner-candidates/v1/prana-spa-yoga-fitness-adjacent-seminyak/607c8cc599aebd1cc73b1a83a8492f7968cd8f2b804599dd236df7068c0aebf4.jpg,egkdapqwkfprtyqvvnso,true,607c8cc599aebd1cc73b1a83a8492f7968cd8f2b804599dd236df7068c0aebf4,image/jpeg,242135,1200,675,prana-spa-yoga-fitness-adjacent-seminyak,94d3713f-5332-418f-be7d-16be828ca13c,prana-spa-yoga-fitness-adjacent-seminyak,venue,DUP-050,project_owner_global_authorization,MEDIA-002,,NOT_CREATED_DRY_RUN,false,CANONICALIZE_DUPLICATE_PRESERVE_ASSOCIATIONS,duplicate_content_hash,share canonical bytes; preserve logical association
owner-photo-candidates,owner-candidates/v1/prana-spa-yoga-fitness-adjacent-seminyak/ef7eda5d08bde61a4d85f47c0278285a76929f75dde5ff06145e99bc06561713.jpg,egkdapqwkfprtyqvvnso,true,ef7eda5d08bde61a4d85f47c0278285a76929f75dde5ff06145e99bc06561713,image/jpeg,200042,1200,675,prana-spa-yoga-fitness-adjacent-seminyak,94d3713f-5332-418f-be7d-16be828ca13c,prana-spa-yoga-fitness-adjacent-seminyak,venue,DUP-051,project_owner_global_authorization,MEDIA-002,,NOT_CREATED_DRY_RUN,false,CANONICALIZE_DUPLICATE_PRESERVE_ASSOCIATIONS,duplicate_content_hash,share canonical bytes; preserve logical association
owner-photo-candidates,owner-candidates/v1/prana-yoga-seminyak/2d8a8d24665516fd43ec955fd9a57479380862314c81faa8938f3e2c07ae55e4.jpg,egkdapqwkfprtyqvvnso,true,2d8a8d24665516fd43ec955fd9a57479380862314c81faa8938f3e2c07ae55e4,image/jpeg,163300,1200,720,prana-yoga-seminyak,59e965c0-7427-40e5-9220-a77a1c3f8522,prana-yoga-seminyak,venue,DUP-049,project_owner_global_authorization,MEDIA-002,venues.photo_url:prana-yoga-seminyak,NOT_CREATED_DRY_RUN,true,CANONICALIZE_DUPLICATE_PRESERVE_ASSOCIATIONS,duplicate_content_hash,share canonical bytes; preserve logical association
owner-photo-candidates,owner-candidates/v1/prana-yoga-seminyak/607c8cc599aebd1cc73b1a83a8492f7968cd8f2b804599dd236df7068c0aebf4.jpg,egkdapqwkfprtyqvvnso,true,607c8cc599aebd1cc73b1a83a8492f7968cd8f2b804599dd236df7068c0aebf4,image/jpeg,242135,1200,675,prana-yoga-seminyak,59e965c0-7427-40e5-9220-a77a1c3f8522,prana-yoga-seminyak,venue,DUP-050,project_owner_global_authorization,MEDIA-002,,NOT_CREATED_DRY_RUN,false,CANONICALIZE_DUPLICATE_PRESERVE_ASSOCIATIONS,duplicate_content_hash,share canonical bytes; preserve logical association
owner-photo-candidates,owner-candidates/v1/prana-yoga-seminyak/d2e5709c173c806e35de3013574c8b659a0fb970ee98c8d8f683ab2950a07745.webp,egkdapqwkfprtyqvvnso,true,d2e5709c173c806e35de3013574c8b659a0fb970ee98c8d8f683ab2950a07745,image/webp,76692,1467,2200,prana-yoga-seminyak,59e965c0-7427-40e5-9220-a77a1c3f8522,prana-yoga-seminyak,venue,,project_owner_global_authorization,MEDIA-002,,NOT_CREATED_DRY_RUN,false,READY_FOR_MAPPING,,
owner-photo-candidates,owner-candidates/v1/prana-yoga-seminyak/e8628d023c9af8b263b3e7d0342b8d2b79c8bb2ed580c1d011203becdb4f489b.webp,egkdapqwkfprtyqvvnso,true,e8628d023c9af8b263b3e7d0342b8d2b79c8bb2ed580c1d011203becdb4f489b,image/webp,450390,2200,1467,prana-yoga-seminyak,59e965c0-7427-40e5-9220-a77a1c3f8522,prana-yoga-seminyak,venue,,project_owner_global_authorization,MEDIA-002,,NOT_CREATED_DRY_RUN,false,READY_FOR_MAPPING,,
owner-photo-candidates,owner-candidates/v1/prana-yoga-seminyak/ef7eda5d08bde61a4d85f47c0278285a76929f75dde5ff06145e99bc06561713.jpg,egkdapqwkfprtyqvvnso,true,ef7eda5d08bde61a4d85f47c0278285a76929f75dde5ff06145e99bc06561713,image/jpeg,200042,1200,675,prana-yoga-seminyak,59e965c0-7427-40e5-9220-a77a1c3f8522,prana-yoga-seminyak,venue,DUP-051,project_owner_global_authorization,MEDIA-002,,NOT_CREATED_DRY_RUN,false,CANONICALIZE_DUPLICATE_PRESERVE_ASSOCIATIONS,duplicate_content_hash,share canonical bytes; preserve logical association
owner-photo-candidates,owner-candidates/v1/prana-yoga-seminyak/fb177c6c6c54e9141dd6d927b0d671edd1bda79bc884f7a011de059a798e1dc0.webp,egkdapqwkfprtyqvvnso,true,fb177c6c6c54e9141dd6d927b0d671edd1bda79bc884f7a011de059a798e1dc0,image/webp,126906,960,1280,prana-yoga-seminyak,59e965c0-7427-40e5-9220-a77a1c3f8522,prana-yoga-seminyak,venue,,project_owner_global_authorization,MEDIA-002,,NOT_CREATED_DRY_RUN,false,READY_FOR_MAPPING,,
owner-photo-candidates,owner-candidates/v1/puri-santrian-spa-sanur/341ac9b569ef483d7384ba39022ebc90bdc9b4ff90bb0202737458959324aa0b.jpg,egkdapqwkfprtyqvvnso,true,341ac9b569ef483d7384ba39022ebc90bdc9b4ff90bb0202737458959324aa0b,image/jpeg,3046911,2699,1799,puri-santrian-spa-sanur,b633f1cc-e6f5-4d7c-a2ab-caa2d0ecefd1,puri-santrian-spa-sanur,venue,,project_owner_global_authorization,MEDIA-002,venues.photo_url:puri-santrian-spa-sanur,NOT_CREATED_DRY_RUN,true,READY_FOR_MAPPING,,
owner-photo-candidates,owner-candidates/v1/puri-santrian-spa-sanur/3f40aae49e32af09f7cb5dab31416478bed7899e4517a6556234d03538e30544.jpg,egkdapqwkfprtyqvvnso,true,3f40aae49e32af09f7cb5dab31416478bed7899e4517a6556234d03538e30544,image/jpeg,4890823,3822,2548,puri-santrian-spa-sanur,b633f1cc-e6f5-4d7c-a2ab-caa2d0ecefd1,puri-santrian-spa-sanur,venue,,project_owner_global_authorization,MEDIA-002,,NOT_CREATED_DRY_RUN,false,READY_FOR_MAPPING,,
owner-photo-candidates,owner-candidates/v1/puri-santrian-spa-sanur/4d8d16e9b43135376bd0185d869a58e6977f40eb27bb1633d1b1255793478226.jpg,egkdapqwkfprtyqvvnso,true,4d8d16e9b43135376bd0185d869a58e6977f40eb27bb1633d1b1255793478226,image/jpeg,167604,1500,1018,puri-santrian-spa-sanur,b633f1cc-e6f5-4d7c-a2ab-caa2d0ecefd1,puri-santrian-spa-sanur,venue,,project_owner_global_authorization,MEDIA-002,,NOT_CREATED_DRY_RUN,false,READY_FOR_MAPPING,,
owner-photo-candidates,owner-candidates/v1/radja-seafood-cafe/092dca7361b783ae2394a8fd12c4ebe9ff91f562a6e6ffa6eddd133e3a5eac9b.jpg,egkdapqwkfprtyqvvnso,true,092dca7361b783ae2394a8fd12c4ebe9ff91f562a6e6ffa6eddd133e3a5eac9b,image/jpeg,217947,1600,1200,radja-seafood-cafe,v_import_radja_seafood_cafe,radja-seafood-cafe,venue,,project_owner_global_authorization,MEDIA-002,venues.photo_url:radja-seafood-cafe,NOT_CREATED_DRY_RUN,true,READY_FOR_MAPPING,,
owner-photo-candidates,owner-candidates/v1/radja-seafood-cafe/febddb38acd877e088ab6cba0dc53b5526ba359210ef00aa912d5516dad44306.jpg,egkdapqwkfprtyqvvnso,true,febddb38acd877e088ab6cba0dc53b5526ba359210ef00aa912d5516dad44306,image/jpeg,203802,1600,1200,radja-seafood-cafe,v_import_radja_seafood_cafe,radja-seafood-cafe,venue,,project_owner_global_authorization,MEDIA-002,,NOT_CREATED_DRY_RUN,false,READY_FOR_MAPPING,,
owner-photo-candidates,owner-candidates/v1/rai-fitness-sunset-road-seminyak/4b5d146d5ec70e8b9b9e8996bfb8441d26561360d68d7f4e30d3205b3acf0bfa.jpg,egkdapqwkfprtyqvvnso,true,4b5d146d5ec70e8b9b9e8996bfb8441d26561360d68d7f4e30d3205b3acf0bfa,image/jpeg,1304219,2560,3200,rai-fitness-sunset-road-seminyak,c62e6345-9cf4-42aa-9163-7031087558a5,rai-fitness-sunset-road-seminyak,venue,,project_owner_global_authorization,MEDIA-002,venues.photo_url:rai-fitness-sunset-road-seminyak,NOT_CREATED_DRY_RUN,true,READY_FOR_MAPPING,,
owner-photo-candidates,owner-candidates/v1/rai-fitness-sunset-road-seminyak/8aa1dc5ee9b96056a099e95fec5a5fed15e56a0b86986299578be30b7069ff15.jpg,egkdapqwkfprtyqvvnso,true,8aa1dc5ee9b96056a099e95fec5a5fed15e56a0b86986299578be30b7069ff15,image/jpeg,553255,2562,3208,rai-fitness-sunset-road-seminyak,c62e6345-9cf4-42aa-9163-7031087558a5,rai-fitness-sunset-road-seminyak,venue,,project_owner_global_authorization,MEDIA-002,,NOT_CREATED_DRY_RUN,false,READY_FOR_MAPPING,,
owner-photo-candidates,owner-candidates/v1/rai-fitness-sunset-road-seminyak/c4058cbeb652d9a60a19f32ea1c12b5e2b8463f52357550e568ffebab45d33cc.jpg,egkdapqwkfprtyqvvnso,true,c4058cbeb652d9a60a19f32ea1c12b5e2b8463f52357550e568ffebab45d33cc,image/jpeg,538322,1600,2000,rai-fitness-sunset-road-seminyak,c62e6345-9cf4-42aa-9163-7031087558a5,rai-fitness-sunset-road-seminyak,venue,,project_owner_global_authorization,MEDIA-002,,NOT_CREATED_DRY_RUN,false,READY_FOR_MAPPING,,
owner-photo-candidates,owner-candidates/v1/raw-gym-uluwatu/0628c0172941028a6556625b8b8cfbb68f5c11a2ff9487d81f3eb722e07ae8f8.jpg,egkdapqwkfprtyqvvnso,true,0628c0172941028a6556625b8b8cfbb68f5c11a2ff9487d81f3eb722e07ae8f8,image/jpeg,108911,610,1084,raw-gym-uluwatu,wbimp_raw-gym-uluwatu,raw-gym-uluwatu,venue,,project_owner_global_authorization,MEDIA-002,venues.photo_url:raw-gym-uluwatu,NOT_CREATED_DRY_RUN,true,READY_FOR_MAPPING,,
owner-photo-candidates,owner-candidates/v1/raw-gym-uluwatu/201cb1828b4ddb08edcb1005a24d559b80d8b7def8114217faeac8999d9fd610.jpg,egkdapqwkfprtyqvvnso,true,201cb1828b4ddb08edcb1005a24d559b80d8b7def8114217faeac8999d9fd610,image/jpeg,191535,610,1084,raw-gym-uluwatu,wbimp_raw-gym-uluwatu,raw-gym-uluwatu,venue,,project_owner_global_authorization,MEDIA-002,,NOT_CREATED_DRY_RUN,false,READY_FOR_MAPPING,,
owner-photo-candidates,owner-candidates/v1/raw-gym-uluwatu/7fa01d9dc5a4f9a9d7d551dddda2df63687dd44fffad5e15f87b9729f0e025a9.jpg,egkdapqwkfprtyqvvnso,true,7fa01d9dc5a4f9a9d7d551dddda2df63687dd44fffad5e15f87b9729f0e025a9,image/jpeg,322783,1440,2160,raw-gym-uluwatu,wbimp_raw-gym-uluwatu,raw-gym-uluwatu,venue,,project_owner_global_authorization,MEDIA-002,,NOT_CREATED_DRY_RUN,false,READY_FOR_MAPPING,,
owner-photo-candidates,owner-candidates/v1/raw-gym-uluwatu/b892252c10895a88b0ca9a5dcb9b25f70fb55ef6cc161d7fc04d19f5893eab64.jpg,egkdapqwkfprtyqvvnso,true,b892252c10895a88b0ca9a5dcb9b25f70fb55ef6cc161d7fc04d19f5893eab64,image/jpeg,295751,1440,2160,raw-gym-uluwatu,wbimp_raw-gym-uluwatu,raw-gym-uluwatu,venue,,project_owner_global_authorization,MEDIA-002,,NOT_CREATED_DRY_RUN,false,READY_FOR_MAPPING,,
owner-photo-candidates,owner-candidates/v1/raw-gym-uluwatu/cf5426116ced50b95bdc0b8e99342fe4459981dd08ced5c776407380c8bf8a59.jpg,egkdapqwkfprtyqvvnso,true,cf5426116ced50b95bdc0b8e99342fe4459981dd08ced5c776407380c8bf8a59,image/jpeg,127163,610,1084,raw-gym-uluwatu,wbimp_raw-gym-uluwatu,raw-gym-uluwatu,venue,,project_owner_global_authorization,MEDIA-002,,NOT_CREATED_DRY_RUN,false,READY_FOR_MAPPING,,
owner-photo-candidates,owner-candidates/v1/raw-gym-uluwatu/fd7029af09a1850ae45bcc89cdc3f868d49aedf23649d3f198e8f541c6b9f7c0.jpg,egkdapqwkfprtyqvvnso,true,fd7029af09a1850ae45bcc89cdc3f868d49aedf23649d3f198e8f541c6b9f7c0,image/jpeg,289178,1440,2160,raw-gym-uluwatu,wbimp_raw-gym-uluwatu,raw-gym-uluwatu,venue,,project_owner_global_authorization,MEDIA-002,,NOT_CREATED_DRY_RUN,false,READY_FOR_MAPPING,,
owner-photo-candidates,owner-candidates/v1/reform-pilates-bali/09afe3e9e73ba15f1710d50627e627ac002fe960cc71c31753a4dca4fa303d39.jpg,egkdapqwkfprtyqvvnso,true,09afe3e9e73ba15f1710d50627e627ac002fe960cc71c31753a4dca4fa303d39,image/jpeg,72248,1330,1330,reform-pilates-bali,wbimp_reform-pilates-bali,reform-pilates-bali,venue,,project_owner_global_authorization,MEDIA-002,venues.photo_url:reform-pilates-bali,NOT_CREATED_DRY_RUN,true,READY_FOR_MAPPING,,
owner-photo-candidates,owner-candidates/v1/reform-pilates-bali/ba786a74cc4862d76741beeb39beee592b0bd8dd482fdc54f7c0f39f1b5706bf.jpg,egkdapqwkfprtyqvvnso,true,ba786a74cc4862d76741beeb39beee592b0bd8dd482fdc54f7c0f39f1b5706bf,image/jpeg,1502261,1299,1299,reform-pilates-bali,wbimp_reform-pilates-bali,reform-pilates-bali,venue,,project_owner_global_authorization,MEDIA-002,,NOT_CREATED_DRY_RUN,false,READY_FOR_MAPPING,,
owner-photo-candidates,owner-candidates/v1/rejuvie-aesthetic-bali-seminyak-seminyak/7209e0e3789ea480894d10bd91cd7c41f0ac34c20b3d92ebfc6b7800db4d02f0.jpg,egkdapqwkfprtyqvvnso,true,7209e0e3789ea480894d10bd91cd7c41f0ac34c20b3d92ebfc6b7800db4d02f0,image/jpeg,110542,1228,1080,rejuvie-aesthetic-bali-seminyak-seminyak,52291c68-5055-40d8-8d39-d4faf1e95697,rejuvie-aesthetic-bali-seminyak-seminyak,venue,,project_owner_global_authorization,MEDIA-002,venues.photo_url:rejuvie-aesthetic-bali-seminyak-seminyak,NOT_CREATED_DRY_RUN,true,READY_FOR_MAPPING,,
owner-photo-candidates,owner-candidates/v1/rejuvie-aesthetic-bali-seminyak-seminyak/8f218ec366085292834b8905dfab5a16045ba00b3f18ba5be7b0dae9cb81c141.jpg,egkdapqwkfprtyqvvnso,true,8f218ec366085292834b8905dfab5a16045ba00b3f18ba5be7b0dae9cb81c141,image/jpeg,279219,2560,2560,rejuvie-aesthetic-bali-seminyak-seminyak,52291c68-5055-40d8-8d39-d4faf1e95697,rejuvie-aesthetic-bali-seminyak-seminyak,venue,,project_owner_global_authorization,MEDIA-002,,NOT_CREATED_DRY_RUN,false,READY_FOR_MAPPING,,
owner-photo-candidates,owner-candidates/v1/rejuvie-aesthetic-bali-seminyak-seminyak/cb2575c2213e72e6736f08c97c0a751b34039aa2c915b609f4695b24e1997245.jpg,egkdapqwkfprtyqvvnso,true,cb2575c2213e72e6736f08c97c0a751b34039aa2c915b609f4695b24e1997245,image/jpeg,44107,735,490,rejuvie-aesthetic-bali-seminyak-seminyak,52291c68-5055-40d8-8d39-d4faf1e95697,rejuvie-aesthetic-bali-seminyak-seminyak,venue,,project_owner_global_authorization,MEDIA-002,,NOT_CREATED_DRY_RUN,false,READY_FOR_MAPPING,,
owner-photo-candidates,owner-candidates/v1/retro-kitchen-and-bar/22fad81a6da5a52507055ed41eb3bab8d73103fd5b3d2ccb28303938a4739404.jpg,egkdapqwkfprtyqvvnso,true,22fad81a6da5a52507055ed41eb3bab8d73103fd5b3d2ccb28303938a4739404,image/jpeg,71795,640,1136,retro-kitchen-and-bar,v_import_retro_kitchen_and_bar,retro-kitchen-and-bar,venue,,project_owner_global_authorization,MEDIA-002,venues.photo_url:retro-kitchen-and-bar,NOT_CREATED_DRY_RUN,true,READY_FOR_MAPPING,,
owner-photo-candidates,owner-candidates/v1/retro-kitchen-and-bar/aaf59aeea216c25552b21d18b1a81a52e063b9300e12b85e4e5938fa7b251a12.webp,egkdapqwkfprtyqvvnso,true,aaf59aeea216c25552b21d18b1a81a52e063b9300e12b85e4e5938fa7b251a12,image/webp,275704,1080,1350,retro-kitchen-and-bar,v_import_retro_kitchen_and_bar,retro-kitchen-and-bar,venue,,project_owner_global_authorization,MEDIA-002,,NOT_CREATED_DRY_RUN,false,READY_FOR_MAPPING,,
owner-photo-candidates,owner-candidates/v1/retro-kitchen-and-bar/d1391e03890d18878e1b9394830907f121c3b2230eb1533bba85b2c46c07c9bc.webp,egkdapqwkfprtyqvvnso,true,d1391e03890d18878e1b9394830907f121c3b2230eb1533bba85b2c46c07c9bc,image/webp,412870,1080,1350,retro-kitchen-and-bar,v_import_retro_kitchen_and_bar,retro-kitchen-and-bar,venue,,project_owner_global_authorization,MEDIA-002,,NOT_CREATED_DRY_RUN,false,READY_FOR_MAPPING,,
owner-photo-candidates,owner-candidates/v1/rev-v-wellness-resort-fitness/532ccb94aa9b7321ace564290a0819ea11b882e162204897298d2faaf11d41c0.webp,egkdapqwkfprtyqvvnso,true,532ccb94aa9b7321ace564290a0819ea11b882e162204897298d2faaf11d41c0,image/webp,147628,1200,720,rev-v-wellness-resort-fitness,wbimp_rev-v-wellness-resort-fitness,rev-v-wellness-resort-fitness,venue,DUP-052,project_owner_global_authorization,MEDIA-002,venues.photo_url:rev-v-wellness-resort-fitness,NOT_CREATED_DRY_RUN,true,CANONICALIZE_DUPLICATE_PRESERVE_ASSOCIATIONS,duplicate_content_hash,share canonical bytes; preserve logical association
owner-photo-candidates,owner-candidates/v1/rev-v-wellness-resort-fitness/6b8d5be5492ede5bb150534a468cce1cac26693b1328bc9c8005ece167e0161e.webp,egkdapqwkfprtyqvvnso,true,6b8d5be5492ede5bb150534a468cce1cac26693b1328bc9c8005ece167e0161e,image/webp,230890,1920,1280,rev-v-wellness-resort-fitness,wbimp_rev-v-wellness-resort-fitness,rev-v-wellness-resort-fitness,venue,,project_owner_global_authorization,MEDIA-002,,NOT_CREATED_DRY_RUN,false,READY_FOR_MAPPING,,
owner-photo-candidates,owner-candidates/v1/rev-v-wellness-resort-fitness/e39e6f7f80257b299b4bb82f853b0359c61c88661e3b9c2d6ed573650f03701e.webp,egkdapqwkfprtyqvvnso,true,e39e6f7f80257b299b4bb82f853b0359c61c88661e3b9c2d6ed573650f03701e,image/webp,77334,1920,1280,rev-v-wellness-resort-fitness,wbimp_rev-v-wellness-resort-fitness,rev-v-wellness-resort-fitness,venue,,project_owner_global_authorization,MEDIA-002,,NOT_CREATED_DRY_RUN,false,READY_FOR_MAPPING,,
owner-photo-candidates,owner-candidates/v1/revi-vo-spa-wellness-nusa-dua/3dff05e76c68529b3b33aa177932782e8ac7e54c28b9db6d36401239522ec0b9.webp,egkdapqwkfprtyqvvnso,true,3dff05e76c68529b3b33aa177932782e8ac7e54c28b9db6d36401239522ec0b9,image/webp,59174,1000,863,revi-vo-spa-wellness-nusa-dua,a06cffaf-b5d9-469b-8666-673d82b2600e,revi-vo-spa-wellness-nusa-dua,venue,,project_owner_global_authorization,MEDIA-002,venues.photo_url:revi-vo-spa-wellness-nusa-dua,NOT_CREATED_DRY_RUN,true,READY_FOR_MAPPING,,
owner-photo-candidates,owner-candidates/v1/revi-vo-spa-wellness-nusa-dua/532ccb94aa9b7321ace564290a0819ea11b882e162204897298d2faaf11d41c0.webp,egkdapqwkfprtyqvvnso,true,532ccb94aa9b7321ace564290a0819ea11b882e162204897298d2faaf11d41c0,image/webp,147628,1200,720,revi-vo-spa-wellness-nusa-dua,a06cffaf-b5d9-469b-8666-673d82b2600e,revi-vo-spa-wellness-nusa-dua,venue,DUP-052,project_owner_global_authorization,MEDIA-002,,NOT_CREATED_DRY_RUN,false,CANONICALIZE_DUPLICATE_PRESERVE_ASSOCIATIONS,duplicate_content_hash,share canonical bytes; preserve logical association
owner-photo-candidates,owner-candidates/v1/revi-vo-spa-wellness-nusa-dua/5f7e0b8624c5a292832ba6f38744db3c6d469ca6cde35c93a0487addea7f4a9a.webp,egkdapqwkfprtyqvvnso,true,5f7e0b8624c5a292832ba6f38744db3c6d469ca6cde35c93a0487addea7f4a9a,image/webp,87534,1639,2048,revi-vo-spa-wellness-nusa-dua,a06cffaf-b5d9-469b-8666-673d82b2600e,revi-vo-spa-wellness-nusa-dua,venue,DUP-053,project_owner_global_authorization,MEDIA-002,,NOT_CREATED_DRY_RUN,false,CANONICALIZE_DUPLICATE_PRESERVE_ASSOCIATIONS,duplicate_content_hash,share canonical bytes; preserve logical association
owner-photo-candidates,owner-candidates/v1/revi-vo-spa-wellness-nusa-dua/a4a8db7d01602d4eaa1309482e455c90510fc2b433b5aeaf47a9843ed537eddf.webp,egkdapqwkfprtyqvvnso,true,a4a8db7d01602d4eaa1309482e455c90510fc2b433b5aeaf47a9843ed537eddf,image/webp,25838,1000,863,revi-vo-spa-wellness-nusa-dua,a06cffaf-b5d9-469b-8666-673d82b2600e,revi-vo-spa-wellness-nusa-dua,venue,,project_owner_global_authorization,MEDIA-002,,NOT_CREATED_DRY_RUN,false,READY_FOR_MAPPING,,
owner-photo-candidates,owner-candidates/v1/revi-vo-spa-wellness-nusa-dua/cd6bcb8859426224dad01f006fe1685ec65ffbc6bfc5d53b209702d3ed0edd64.webp,egkdapqwkfprtyqvvnso,true,cd6bcb8859426224dad01f006fe1685ec65ffbc6bfc5d53b209702d3ed0edd64,image/webp,55010,1200,720,revi-vo-spa-wellness-nusa-dua,a06cffaf-b5d9-469b-8666-673d82b2600e,revi-vo-spa-wellness-nusa-dua,venue,DUP-054,project_owner_global_authorization,MEDIA-002,,NOT_CREATED_DRY_RUN,false,CANONICALIZE_DUPLICATE_PRESERVE_ASSOCIATIONS,duplicate_content_hash,share canonical bytes; preserve logical association
owner-photo-candidates,owner-candidates/v1/revi-vo-yoga-mindfulness-nusa-dua/532ccb94aa9b7321ace564290a0819ea11b882e162204897298d2faaf11d41c0.webp,egkdapqwkfprtyqvvnso,true,532ccb94aa9b7321ace564290a0819ea11b882e162204897298d2faaf11d41c0,image/webp,147628,1200,720,revi-vo-yoga-mindfulness-nusa-dua,5f0d83d1-d958-4bea-92f6-c129c0fab574,revi-vo-yoga-mindfulness-nusa-dua,venue,DUP-052,project_owner_global_authorization,MEDIA-002,venues.photo_url:revi-vo-yoga-mindfulness-nusa-dua,NOT_CREATED_DRY_RUN,true,CANONICALIZE_DUPLICATE_PRESERVE_ASSOCIATIONS,duplicate_content_hash,share canonical bytes; preserve logical association
owner-photo-candidates,owner-candidates/v1/revi-vo-yoga-mindfulness-nusa-dua/56e1b2fea2db9cef0ef7d34041e653ded9df6f0b036cf4f423ced4c0fa4f3b30.webp,egkdapqwkfprtyqvvnso,true,56e1b2fea2db9cef0ef7d34041e653ded9df6f0b036cf4f423ced4c0fa4f3b30,image/webp,92076,1000,863,revi-vo-yoga-mindfulness-nusa-dua,5f0d83d1-d958-4bea-92f6-c129c0fab574,revi-vo-yoga-mindfulness-nusa-dua,venue,,project_owner_global_authorization,MEDIA-002,,NOT_CREATED_DRY_RUN,false,READY_FOR_MAPPING,,
owner-photo-candidates,owner-candidates/v1/revi-vo-yoga-mindfulness-nusa-dua/5f7e0b8624c5a292832ba6f38744db3c6d469ca6cde35c93a0487addea7f4a9a.webp,egkdapqwkfprtyqvvnso,true,5f7e0b8624c5a292832ba6f38744db3c6d469ca6cde35c93a0487addea7f4a9a,image/webp,87534,1639,2048,revi-vo-yoga-mindfulness-nusa-dua,5f0d83d1-d958-4bea-92f6-c129c0fab574,revi-vo-yoga-mindfulness-nusa-dua,venue,DUP-053,project_owner_global_authorization,MEDIA-002,,NOT_CREATED_DRY_RUN,false,CANONICALIZE_DUPLICATE_PRESERVE_ASSOCIATIONS,duplicate_content_hash,share canonical bytes; preserve logical association
owner-photo-candidates,owner-candidates/v1/revi-vo-yoga-mindfulness-nusa-dua/7c64180addfe6e9b99c7a54e7cc9055db52259a0825e762f2217fbbd4658f584.webp,egkdapqwkfprtyqvvnso,true,7c64180addfe6e9b99c7a54e7cc9055db52259a0825e762f2217fbbd4658f584,image/webp,29390,1000,863,revi-vo-yoga-mindfulness-nusa-dua,5f0d83d1-d958-4bea-92f6-c129c0fab574,revi-vo-yoga-mindfulness-nusa-dua,venue,,project_owner_global_authorization,MEDIA-002,,NOT_CREATED_DRY_RUN,false,READY_FOR_MAPPING,,
owner-photo-candidates,owner-candidates/v1/revi-vo-yoga-mindfulness-nusa-dua/c09119d985043adb805b36340c0686c707652ddcb6e816d06dc6e69e1847161c.webp,egkdapqwkfprtyqvvnso,true,c09119d985043adb805b36340c0686c707652ddcb6e816d06dc6e69e1847161c,image/webp,38402,1000,863,revi-vo-yoga-mindfulness-nusa-dua,5f0d83d1-d958-4bea-92f6-c129c0fab574,revi-vo-yoga-mindfulness-nusa-dua,venue,,project_owner_global_authorization,MEDIA-002,,NOT_CREATED_DRY_RUN,false,READY_FOR_MAPPING,,
owner-photo-candidates,owner-candidates/v1/revi-vo-yoga-mindfulness-nusa-dua/cd6bcb8859426224dad01f006fe1685ec65ffbc6bfc5d53b209702d3ed0edd64.webp,egkdapqwkfprtyqvvnso,true,cd6bcb8859426224dad01f006fe1685ec65ffbc6bfc5d53b209702d3ed0edd64,image/webp,55010,1200,720,revi-vo-yoga-mindfulness-nusa-dua,5f0d83d1-d958-4bea-92f6-c129c0fab574,revi-vo-yoga-mindfulness-nusa-dua,venue,DUP-054,project_owner_global_authorization,MEDIA-002,,NOT_CREATED_DRY_RUN,false,CANONICALIZE_DUPLICATE_PRESERVE_ASSOCIATIONS,duplicate_content_hash,share canonical bytes; preserve logical association
owner-photo-candidates,owner-candidates/v1/revive-pilates-umalas/3597edf52dff1b67c0a81a35c244a0ff6816513e9b78a4fc74cf3f6dfcb82219.webp,egkdapqwkfprtyqvvnso,true,3597edf52dff1b67c0a81a35c244a0ff6816513e9b78a4fc74cf3f6dfcb82219,image/webp,1595384,2500,1899,revive-pilates-umalas,v_import_revive_pilates_umalas,revive-pilates-umalas,venue,,project_owner_global_authorization,MEDIA-002,venues.photo_url:revive-pilates-umalas,NOT_CREATED_DRY_RUN,true,READY_FOR_MAPPING,,
owner-photo-candidates,owner-candidates/v1/revive-pilates-umalas/39d5e78e8d9d15359716d44cff6ec4d30a311b9c956d5060db7c0f8318eae315.webp,egkdapqwkfprtyqvvnso,true,39d5e78e8d9d15359716d44cff6ec4d30a311b9c956d5060db7c0f8318eae315,image/webp,142166,1500,1000,revive-pilates-umalas,v_import_revive_pilates_umalas,revive-pilates-umalas,venue,,project_owner_global_authorization,MEDIA-002,,NOT_CREATED_DRY_RUN,false,READY_FOR_MAPPING,,
owner-photo-candidates,owner-candidates/v1/revive-pilates-umalas/9eda519e815135cc929e5e637cc8d3a54cee2c1c13eaec3788da773d0d42379d.webp,egkdapqwkfprtyqvvnso,true,9eda519e815135cc929e5e637cc8d3a54cee2c1c13eaec3788da773d0d42379d,image/webp,465952,2500,4443,revive-pilates-umalas,v_import_revive_pilates_umalas,revive-pilates-umalas,venue,,project_owner_global_authorization,MEDIA-002,,NOT_CREATED_DRY_RUN,false,READY_FOR_MAPPING,,
owner-photo-candidates,owner-candidates/v1/revolver-seminyak/416b00ddefee081de9fb9e8b64020369988062c04a77c659ee80c3b691939323.webp,egkdapqwkfprtyqvvnso,true,416b00ddefee081de9fb9e8b64020369988062c04a77c659ee80c3b691939323,image/webp,225268,1152,2048,revolver-seminyak,v_import_revolver_seminyak,revolver-seminyak,venue,,project_owner_global_authorization,MEDIA-002,venues.photo_url:revolver-seminyak,NOT_CREATED_DRY_RUN,true,READY_FOR_MAPPING,,
owner-photo-candidates,owner-candidates/v1/revolver-seminyak/4ba26fc76db614f2d1dba6d3c891187bbb5cb1fc32c4f998b38ce0762b9e6185.jpg,egkdapqwkfprtyqvvnso,true,4ba26fc76db614f2d1dba6d3c891187bbb5cb1fc32c4f998b38ce0762b9e6185,image/jpeg,558485,1152,2048,revolver-seminyak,v_import_revolver_seminyak,revolver-seminyak,venue,,project_owner_global_authorization,MEDIA-002,,NOT_CREATED_DRY_RUN,false,READY_FOR_MAPPING,,
owner-photo-candidates,owner-candidates/v1/revolver-seminyak/a79673a97e28badef536bcb3d20d0fa8f29706cb90f475f31412198ffc1c160e.webp,egkdapqwkfprtyqvvnso,true,a79673a97e28badef536bcb3d20d0fa8f29706cb90f475f31412198ffc1c160e,image/webp,385654,1152,2048,revolver-seminyak,v_import_revolver_seminyak,revolver-seminyak,venue,,project_owner_global_authorization,MEDIA-002,,NOT_CREATED_DRY_RUN,false,READY_FOR_MAPPING,,
owner-photo-candidates,owner-candidates/v1/rise-and-shine-cafe/26ead35be04cc750ac099fdf1246d860ea742875020266d04fda58eae667c978.jpg,egkdapqwkfprtyqvvnso,true,26ead35be04cc750ac099fdf1246d860ea742875020266d04fda58eae667c978,image/jpeg,94703,806,1007,rise-and-shine-cafe,v_import_rise_and_shine_cafe,rise-and-shine-cafe,venue,,project_owner_global_authorization,MEDIA-002,venues.photo_url:rise-and-shine-cafe,NOT_CREATED_DRY_RUN,true,READY_FOR_MAPPING,,
owner-photo-candidates,owner-candidates/v1/rise-and-shine-cafe/4faf8f1169737b0960d5f5521c5ffdf34f426f7128e7655ea9205cfb42211405.jpg,egkdapqwkfprtyqvvnso,true,4faf8f1169737b0960d5f5521c5ffdf34f426f7128e7655ea9205cfb42211405,image/jpeg,502948,1217,2160,rise-and-shine-cafe,v_import_rise_and_shine_cafe,rise-and-shine-cafe,venue,,project_owner_global_authorization,MEDIA-002,,NOT_CREATED_DRY_RUN,false,READY_FOR_MAPPING,,
owner-photo-candidates,owner-candidates/v1/rise-and-shine-cafe/72853a4b2a82d515bcac24b879e428fe367a8de92d548e663e042c89260158d2.jpg,egkdapqwkfprtyqvvnso,true,72853a4b2a82d515bcac24b879e428fe367a8de92d548e663e042c89260158d2,image/jpeg,232831,1440,1800,rise-and-shine-cafe,v_import_rise_and_shine_cafe,rise-and-shine-cafe,venue,,project_owner_global_authorization,MEDIA-002,,NOT_CREATED_DRY_RUN,false,READY_FOR_MAPPING,,
owner-photo-candidates,owner-candidates/v1/rite-bali-recovery-canggu/02345898b8ee0f161c9b81d4cae49ecac6486ef00e10fe1eb8aeb3e6ec3ae265.webp,egkdapqwkfprtyqvvnso,true,02345898b8ee0f161c9b81d4cae49ecac6486ef00e10fe1eb8aeb3e6ec3ae265,image/webp,168120,1600,2400,rite-bali-recovery-canggu,f0d2cdab-99a3-49f3-b7cb-9520c241e5f9,rite-bali-recovery-canggu,venue,DUP-055,project_owner_global_authorization,MEDIA-002,venues.photo_url:rite-bali-recovery-canggu,NOT_CREATED_DRY_RUN,true,CANONICALIZE_DUPLICATE_PRESERVE_ASSOCIATIONS,duplicate_content_hash,share canonical bytes; preserve logical association
owner-photo-candidates,owner-candidates/v1/rite-bali-recovery-canggu/4c972783ceb83782c665d8dcff162ddd9eca3c1d100f626c7d0abdc7e6973fc8.webp,egkdapqwkfprtyqvvnso,true,4c972783ceb83782c665d8dcff162ddd9eca3c1d100f626c7d0abdc7e6973fc8,image/webp,240242,1440,2156,rite-bali-recovery-canggu,f0d2cdab-99a3-49f3-b7cb-9520c241e5f9,rite-bali-recovery-canggu,venue,,project_owner_global_authorization,MEDIA-002,,NOT_CREATED_DRY_RUN,false,READY_FOR_MAPPING,,
owner-photo-candidates,owner-candidates/v1/rite-bali-recovery-canggu/5e398d31a33f17bcf033b7b4d4a59bfc68cc1e6bd461d29fbd44569fac5f8cb8.jpg,egkdapqwkfprtyqvvnso,true,5e398d31a33f17bcf033b7b4d4a59bfc68cc1e6bd461d29fbd44569fac5f8cb8,image/jpeg,225150,2000,1429,rite-bali-recovery-canggu,f0d2cdab-99a3-49f3-b7cb-9520c241e5f9,rite-bali-recovery-canggu,venue,DUP-056,project_owner_global_authorization,MEDIA-002,,NOT_CREATED_DRY_RUN,false,CANONICALIZE_DUPLICATE_PRESERVE_ASSOCIATIONS,duplicate_content_hash,share canonical bytes; preserve logical association
owner-photo-candidates,owner-candidates/v1/rite-bali-recovery-canggu/7312016500a4968f500a657a87b495a57d529b5db74bf8056a83040589b1210c.webp,egkdapqwkfprtyqvvnso,true,7312016500a4968f500a657a87b495a57d529b5db74bf8056a83040589b1210c,image/webp,213980,1122,1682,rite-bali-recovery-canggu,f0d2cdab-99a3-49f3-b7cb-9520c241e5f9,rite-bali-recovery-canggu,venue,,project_owner_global_authorization,MEDIA-002,,NOT_CREATED_DRY_RUN,false,READY_FOR_MAPPING,,
owner-photo-candidates,owner-candidates/v1/rite-bali-recovery-canggu/9b0c201fc2c94f6dd4ef5bd161239d84eba78b8dcdf7f5a15c9630c5ae449ade.webp,egkdapqwkfprtyqvvnso,true,9b0c201fc2c94f6dd4ef5bd161239d84eba78b8dcdf7f5a15c9630c5ae449ade,image/webp,146698,2000,1333,rite-bali-recovery-canggu,f0d2cdab-99a3-49f3-b7cb-9520c241e5f9,rite-bali-recovery-canggu,venue,DUP-057,project_owner_global_authorization,MEDIA-002,,NOT_CREATED_DRY_RUN,false,CANONICALIZE_DUPLICATE_PRESERVE_ASSOCIATIONS,duplicate_content_hash,share canonical bytes; preserve logical association
owner-photo-candidates,owner-candidates/v1/rite-bali-recovery-canggu/c2e12dc23b949d9391d3cda53e705046f4c8bb7a8b91eebf391be6d1a864dc5e.webp,egkdapqwkfprtyqvvnso,true,c2e12dc23b949d9391d3cda53e705046f4c8bb7a8b91eebf391be6d1a864dc5e,image/webp,45036,1440,960,rite-bali-recovery-canggu,f0d2cdab-99a3-49f3-b7cb-9520c241e5f9,rite-bali-recovery-canggu,venue,,project_owner_global_authorization,MEDIA-002,,NOT_CREATED_DRY_RUN,false,READY_FOR_MAPPING,,
owner-photo-candidates,owner-candidates/v1/rite-bali-yoga-canggu/02345898b8ee0f161c9b81d4cae49ecac6486ef00e10fe1eb8aeb3e6ec3ae265.webp,egkdapqwkfprtyqvvnso,true,02345898b8ee0f161c9b81d4cae49ecac6486ef00e10fe1eb8aeb3e6ec3ae265,image/webp,168120,1600,2400,rite-bali-yoga-canggu,4326efe8-6ef4-4f2a-baf6-a03ae762a1ce,rite-bali-yoga-canggu,venue,DUP-055,project_owner_global_authorization,MEDIA-002,venues.photo_url:rite-bali-yoga-canggu,NOT_CREATED_DRY_RUN,true,CANONICALIZE_DUPLICATE_PRESERVE_ASSOCIATIONS,duplicate_content_hash,share canonical bytes; preserve logical association
owner-photo-candidates,owner-candidates/v1/rite-bali-yoga-canggu/5e398d31a33f17bcf033b7b4d4a59bfc68cc1e6bd461d29fbd44569fac5f8cb8.jpg,egkdapqwkfprtyqvvnso,true,5e398d31a33f17bcf033b7b4d4a59bfc68cc1e6bd461d29fbd44569fac5f8cb8,image/jpeg,225150,2000,1429,rite-bali-yoga-canggu,4326efe8-6ef4-4f2a-baf6-a03ae762a1ce,rite-bali-yoga-canggu,venue,DUP-056,project_owner_global_authorization,MEDIA-002,,NOT_CREATED_DRY_RUN,false,CANONICALIZE_DUPLICATE_PRESERVE_ASSOCIATIONS,duplicate_content_hash,share canonical bytes; preserve logical association
owner-photo-candidates,owner-candidates/v1/rite-bali-yoga-canggu/8fdf670b0c10f05819207c8f58481a7fe00e4716437f77067bf1d044602a9d23.webp,egkdapqwkfprtyqvvnso,true,8fdf670b0c10f05819207c8f58481a7fe00e4716437f77067bf1d044602a9d23,image/webp,584842,2880,1920,rite-bali-yoga-canggu,4326efe8-6ef4-4f2a-baf6-a03ae762a1ce,rite-bali-yoga-canggu,venue,,project_owner_global_authorization,MEDIA-002,,NOT_CREATED_DRY_RUN,false,READY_FOR_MAPPING,,
owner-photo-candidates,owner-candidates/v1/rite-bali-yoga-canggu/9b0c201fc2c94f6dd4ef5bd161239d84eba78b8dcdf7f5a15c9630c5ae449ade.webp,egkdapqwkfprtyqvvnso,true,9b0c201fc2c94f6dd4ef5bd161239d84eba78b8dcdf7f5a15c9630c5ae449ade,image/webp,146698,2000,1333,rite-bali-yoga-canggu,4326efe8-6ef4-4f2a-baf6-a03ae762a1ce,rite-bali-yoga-canggu,venue,DUP-057,project_owner_global_authorization,MEDIA-002,,NOT_CREATED_DRY_RUN,false,CANONICALIZE_DUPLICATE_PRESERVE_ASSOCIATIONS,duplicate_content_hash,share canonical bytes; preserve logical association
owner-photo-candidates,owner-candidates/v1/rite-bali-yoga-canggu/ce616bf2585303d1eb444492c9a4df9c0a733ae6f13e2dd63c3254a7c0e5a9ff.webp,egkdapqwkfprtyqvvnso,true,ce616bf2585303d1eb444492c9a4df9c0a733ae6f13e2dd63c3254a7c0e5a9ff,image/webp,197426,2474,2474,rite-bali-yoga-canggu,4326efe8-6ef4-4f2a-baf6-a03ae762a1ce,rite-bali-yoga-canggu,venue,,project_owner_global_authorization,MEDIA-002,,NOT_CREATED_DRY_RUN,false,READY_FOR_MAPPING,,
owner-photo-candidates,owner-candidates/v1/rite-bali-yoga-canggu/dd45656a89e7222a519b63ffec53d60cf0b36735162bd5e8cec8889abe3bc52f.webp,egkdapqwkfprtyqvvnso,true,dd45656a89e7222a519b63ffec53d60cf0b36735162bd5e8cec8889abe3bc52f,image/webp,237302,2832,4240,rite-bali-yoga-canggu,4326efe8-6ef4-4f2a-baf6-a03ae762a1ce,rite-bali-yoga-canggu,venue,,project_owner_global_authorization,MEDIA-002,,NOT_CREATED_DRY_RUN,false,READY_FOR_MAPPING,,
owner-photo-candidates,owner-candidates/v1/riviera-bistro-berawa/693db16239d975454f93ed00ecbcf48335e60a715f9e8d81219fc6c59b54c70d.jpg,egkdapqwkfprtyqvvnso,true,693db16239d975454f93ed00ecbcf48335e60a715f9e8d81219fc6c59b54c70d,image/jpeg,495620,1080,1920,riviera-bistro-berawa,v_import_riviera_bistro_berawa,riviera-bistro-berawa,venue,,project_owner_global_authorization,MEDIA-002,venues.photo_url:riviera-bistro-berawa,NOT_CREATED_DRY_RUN,true,READY_FOR_MAPPING,,
owner-photo-candidates,owner-candidates/v1/riviera-bistro-berawa/753044364909944a32e35ea49e4678eae31bdd6bbdfe12c96a173388fe8b6054.jpg,egkdapqwkfprtyqvvnso,true,753044364909944a32e35ea49e4678eae31bdd6bbdfe12c96a173388fe8b6054,image/jpeg,174559,1080,1920,riviera-bistro-berawa,v_import_riviera_bistro_berawa,riviera-bistro-berawa,venue,,project_owner_global_authorization,MEDIA-002,,NOT_CREATED_DRY_RUN,false,READY_FOR_MAPPING,,
owner-photo-candidates,owner-candidates/v1/riviera-bistro-berawa/c630ed250930ffbceeaba8aa74029315b75e031583c96d2e78ecb369a6aae34e.webp,egkdapqwkfprtyqvvnso,true,c630ed250930ffbceeaba8aa74029315b75e031583c96d2e78ecb369a6aae34e,image/webp,185826,1920,1080,riviera-bistro-berawa,v_import_riviera_bistro_berawa,riviera-bistro-berawa,venue,,project_owner_global_authorization,MEDIA-002,,NOT_CREATED_DRY_RUN,false,READY_FOR_MAPPING,,
owner-photo-candidates,owner-candidates/v1/rize-cafe/69c8df32cd9619b2a8548d18b1cf90f3c00b8df3a98a89708afe9acdc8726bcb.png,egkdapqwkfprtyqvvnso,true,69c8df32cd9619b2a8548d18b1cf90f3c00b8df3a98a89708afe9acdc8726bcb,image/png,162367,2048,2048,rize-cafe,v_import_rize_cafe,rize-cafe,venue,,project_owner_global_authorization,MEDIA-002,venues.photo_url:rize-cafe,NOT_CREATED_DRY_RUN,true,READY_FOR_MAPPING,,
owner-photo-candidates,owner-candidates/v1/rize-cafe/9e2172ae35cf8e6eed43faabba7b7f4fba5f4e3d7aa097d894a6cff76556d01f.webp,egkdapqwkfprtyqvvnso,true,9e2172ae35cf8e6eed43faabba7b7f4fba5f4e3d7aa097d894a6cff76556d01f,image/webp,632586,2347,2560,rize-cafe,v_import_rize_cafe,rize-cafe,venue,,project_owner_global_authorization,MEDIA-002,,NOT_CREATED_DRY_RUN,false,READY_FOR_MAPPING,,
owner-photo-candidates,owner-candidates/v1/rize-cafe/c00c7bbe79faeb56c99431454a9304447acb304e7bc6930635539deff78a15ec.webp,egkdapqwkfprtyqvvnso,true,c00c7bbe79faeb56c99431454a9304447acb304e7bc6930635539deff78a15ec,image/webp,508274,2000,2236,rize-cafe,v_import_rize_cafe,rize-cafe,venue,,project_owner_global_authorization,MEDIA-002,,NOT_CREATED_DRY_RUN,false,READY_FOR_MAPPING,,
owner-photo-candidates,owner-candidates/v1/rob-peetoom-hair-spa-bali-seminyak/3dc676d6669907466af33d389485f0091e4a1ae37c6f341879d501bd2e779929.webp,egkdapqwkfprtyqvvnso,true,3dc676d6669907466af33d389485f0091e4a1ae37c6f341879d501bd2e779929,image/webp,638978,1920,2380,rob-peetoom-hair-spa-bali-seminyak,f3a210e5-7c64-44c1-9603-9f5e264564a5,rob-peetoom-hair-spa-bali-seminyak,venue,,project_owner_global_authorization,MEDIA-002,venues.photo_url:rob-peetoom-hair-spa-bali-seminyak,NOT_CREATED_DRY_RUN,true,READY_FOR_MAPPING,,
owner-photo-candidates,owner-candidates/v1/rob-peetoom-hair-spa-bali-seminyak/a7ad28d929212d3c9846c821b6582cf8219e21c02d3f2654c43161aed7486081.webp,egkdapqwkfprtyqvvnso,true,a7ad28d929212d3c9846c821b6582cf8219e21c02d3f2654c43161aed7486081,image/webp,343718,1920,1280,rob-peetoom-hair-spa-bali-seminyak,f3a210e5-7c64-44c1-9603-9f5e264564a5,rob-peetoom-hair-spa-bali-seminyak,venue,,project_owner_global_authorization,MEDIA-002,,NOT_CREATED_DRY_RUN,false,READY_FOR_MAPPING,,
owner-photo-candidates,owner-candidates/v1/rob-peetoom-hair-spa-bali-seminyak/cdc069ce96071b6c597c4f336d58205a92c3a235ef129b8feb61884a96c9a19e.webp,egkdapqwkfprtyqvvnso,true,cdc069ce96071b6c597c4f336d58205a92c3a235ef129b8feb61884a96c9a19e,image/webp,704900,5172,3448,rob-peetoom-hair-spa-bali-seminyak,f3a210e5-7c64-44c1-9603-9f5e264564a5,rob-peetoom-hair-spa-bali-seminyak,venue,,project_owner_global_authorization,MEDIA-002,,NOT_CREATED_DRY_RUN,false,READY_FOR_MAPPING,,
owner-photo-candidates,owner-candidates/v1/roots-pererenan/024718da9c6723eea64b0ac30bbffe70ba47d62c7b1eee5c19ceb2b9dd00fe88.jpg,egkdapqwkfprtyqvvnso,true,024718da9c6723eea64b0ac30bbffe70ba47d62c7b1eee5c19ceb2b9dd00fe88,image/jpeg,144673,609,1080,roots-pererenan,v_import_roots_pererenan,roots-pererenan,venue,,project_owner_global_authorization,MEDIA-002,venues.photo_url:roots-pererenan,NOT_CREATED_DRY_RUN,true,READY_FOR_MAPPING,,
owner-photo-candidates,owner-candidates/v1/roots-pererenan/3bfa92e850f26881868d380e3703aa9bd8c3e401f9cdb9205951ca55855865b5.jpg,egkdapqwkfprtyqvvnso,true,3bfa92e850f26881868d380e3703aa9bd8c3e401f9cdb9205951ca55855865b5,image/jpeg,671555,1365,1706,roots-pererenan,v_import_roots_pererenan,roots-pererenan,venue,,project_owner_global_authorization,MEDIA-002,,NOT_CREATED_DRY_RUN,false,READY_FOR_MAPPING,,
owner-photo-candidates,owner-candidates/v1/roots-pererenan/eaf178f854704e181f323bf62d8c1ea9a6621ad12569548e73e8fc556742fe1f.jpg,egkdapqwkfprtyqvvnso,true,eaf178f854704e181f323bf62d8c1ea9a6621ad12569548e73e8fc556742fe1f,image/jpeg,690693,1638,2047,roots-pererenan,v_import_roots_pererenan,roots-pererenan,venue,,project_owner_global_authorization,MEDIA-002,,NOT_CREATED_DRY_RUN,false,READY_FOR_MAPPING,,
owner-photo-candidates,owner-candidates/v1/rose-petal/3756b844556d53f9a87444b1898e04ee22b950ea5e7ac108e981a6735cc2753f.jpg,egkdapqwkfprtyqvvnso,true,3756b844556d53f9a87444b1898e04ee22b950ea5e7ac108e981a6735cc2753f,image/jpeg,355139,800,1880,rose-petal,wbimp_rose-petal,rose-petal,venue,,project_owner_global_authorization,MEDIA-002,venues.photo_url:rose-petal,NOT_CREATED_DRY_RUN,true,READY_FOR_MAPPING,,
owner-photo-candidates,owner-candidates/v1/rose-petal/656fbf4a858167342c3b23d34c3050445704626fcc182232158af22a0ec5cfd7.webp,egkdapqwkfprtyqvvnso,true,656fbf4a858167342c3b23d34c3050445704626fcc182232158af22a0ec5cfd7,image/webp,193582,1536,1024,rose-petal,wbimp_rose-petal,rose-petal,venue,,project_owner_global_authorization,MEDIA-002,,NOT_CREATED_DRY_RUN,false,READY_FOR_MAPPING,,
owner-photo-candidates,owner-candidates/v1/rose-petal/666049e6c20c3075f2c007fe358fb09fbd98d94228ead92fdd4bdb53423f5a3f.webp,egkdapqwkfprtyqvvnso,true,666049e6c20c3075f2c007fe358fb09fbd98d94228ead92fdd4bdb53423f5a3f,image/webp,184778,2400,2453,rose-petal,wbimp_rose-petal,rose-petal,venue,,project_owner_global_authorization,MEDIA-002,,NOT_CREATED_DRY_RUN,false,READY_FOR_MAPPING,,
owner-photo-candidates,owner-candidates/v1/ruko-cafe/02fdf02c3c80c423321550d24064eb3b14160603d75a0b4d45a419c725e94868.jpg,egkdapqwkfprtyqvvnso,true,02fdf02c3c80c423321550d24064eb3b14160603d75a0b4d45a419c725e94868,image/jpeg,534223,1440,1903,ruko-cafe,v_import_ruko_cafe,ruko-cafe,venue,,project_owner_global_authorization,MEDIA-002,venues.photo_url:ruko-cafe,NOT_CREATED_DRY_RUN,true,READY_FOR_MAPPING,,
owner-photo-candidates,owner-candidates/v1/ruko-cafe/10f21e8c9e754347643881af6bf3342601afb1779f618c2d98d2c8ae705d24e5.jpg,egkdapqwkfprtyqvvnso,true,10f21e8c9e754347643881af6bf3342601afb1779f618c2d98d2c8ae705d24e5,image/jpeg,401940,1440,1920,ruko-cafe,v_import_ruko_cafe,ruko-cafe,venue,,project_owner_global_authorization,MEDIA-002,,NOT_CREATED_DRY_RUN,false,READY_FOR_MAPPING,,
owner-photo-candidates,owner-candidates/v1/ruko-cafe/73cb2b6d0950856b0f4164b319cdfbb0e82b67334c450b8516e55079bedd5915.jpg,egkdapqwkfprtyqvvnso,true,73cb2b6d0950856b0f4164b319cdfbb0e82b67334c450b8516e55079bedd5915,image/jpeg,422544,1440,1920,ruko-cafe,v_import_ruko_cafe,ruko-cafe,venue,,project_owner_global_authorization,MEDIA-002,,NOT_CREATED_DRY_RUN,false,READY_FOR_MAPPING,,
owner-photo-candidates,owner-candidates/v1/sacred-river-spa-at-four-seasons-sayan-ubud/5e677ab4fecfca17e58e37b0e5fa1761c7b9e896cfd39054e1c9f624f003a029.jpg,egkdapqwkfprtyqvvnso,true,5e677ab4fecfca17e58e37b0e5fa1761c7b9e896cfd39054e1c9f624f003a029,image/jpeg,63475,701,935,sacred-river-spa-at-four-seasons-sayan-ubud,a568f567-47a0-479c-af3a-45dca1a87cda,sacred-river-spa-at-four-seasons-sayan-ubud,venue,,project_owner_global_authorization,MEDIA-002,venues.photo_url:sacred-river-spa-at-four-seasons-sayan-ubud,NOT_CREATED_DRY_RUN,true,READY_FOR_MAPPING,,
owner-photo-candidates,owner-candidates/v1/sacred-river-spa-at-four-seasons-sayan-ubud/f4432bd277dc7b1e04e4291de1093212a813eb76dc6c9dc2b4764555c2ab4b11.jpg,egkdapqwkfprtyqvvnso,true,f4432bd277dc7b1e04e4291de1093212a813eb76dc6c9dc2b4764555c2ab4b11,image/jpeg,277673,1530,861,sacred-river-spa-at-four-seasons-sayan-ubud,a568f567-47a0-479c-af3a-45dca1a87cda,sacred-river-spa-at-four-seasons-sayan-ubud,venue,,project_owner_global_authorization,MEDIA-002,,NOT_CREATED_DRY_RUN,false,READY_FOR_MAPPING,,
owner-photo-candidates,owner-candidates/v1/sacred-river-spa-at-four-seasons-sayan-ubud/fa1055b43db21c25bfd4ac04abf0ca41258ea59302534a855c0be36471b0f75d.jpg,egkdapqwkfprtyqvvnso,true,fa1055b43db21c25bfd4ac04abf0ca41258ea59302534a855c0be36471b0f75d,image/jpeg,248630,1530,861,sacred-river-spa-at-four-seasons-sayan-ubud,a568f567-47a0-479c-af3a-45dca1a87cda,sacred-river-spa-at-four-seasons-sayan-ubud,venue,,project_owner_global_authorization,MEDIA-002,,NOT_CREATED_DRY_RUN,false,READY_FOR_MAPPING,,
owner-photo-candidates,owner-candidates/v1/saia-wellness-saia-pilates-umalas/1ee10d3a1616aa527244fafd0142495aa78c7d54669c53ad0217510646bcf162.jpg,egkdapqwkfprtyqvvnso,true,1ee10d3a1616aa527244fafd0142495aa78c7d54669c53ad0217510646bcf162,image/jpeg,819537,3528,6268,saia-wellness-saia-pilates-umalas,v_import_saia_wellness_saia_pilates_umalas,saia-wellness-saia-pilates-umalas,venue,,project_owner_global_authorization,MEDIA-002,venues.photo_url:saia-wellness-saia-pilates-umalas,NOT_CREATED_DRY_RUN,true,READY_FOR_MAPPING,,
owner-photo-candidates,owner-candidates/v1/saia-wellness-saia-pilates-umalas/fbaaf61f95d4e2f4801518fa4730ab80b774f63d799f17976d31081563dd37e1.jpg,egkdapqwkfprtyqvvnso,true,fbaaf61f95d4e2f4801518fa4730ab80b774f63d799f17976d31081563dd37e1,image/jpeg,76915,640,1136,saia-wellness-saia-pilates-umalas,v_import_saia_wellness_saia_pilates_umalas,saia-wellness-saia-pilates-umalas,venue,,project_owner_global_authorization,MEDIA-002,,NOT_CREATED_DRY_RUN,false,READY_FOR_MAPPING,,
owner-photo-candidates,owner-candidates/v1/sala-bistro/115f3fe2c6066b06620bb27ad979c90d72de872cbcc3a3167acb2bf6f75dad6a.jpg,egkdapqwkfprtyqvvnso,true,115f3fe2c6066b06620bb27ad979c90d72de872cbcc3a3167acb2bf6f75dad6a,image/jpeg,826877,1638,2047,sala-bistro,v_import_sala_bistro,sala-bistro,venue,,project_owner_global_authorization,MEDIA-002,venues.photo_url:sala-bistro,NOT_CREATED_DRY_RUN,true,READY_FOR_MAPPING,,
owner-photo-candidates,owner-candidates/v1/sala-bistro/a48f06fcedebc43a9ffdcdfb354f44bfbda93cef5ba406f7c4b311edced8da06.jpg,egkdapqwkfprtyqvvnso,true,a48f06fcedebc43a9ffdcdfb354f44bfbda93cef5ba406f7c4b311edced8da06,image/jpeg,820084,2216,3936,sala-bistro,v_import_sala_bistro,sala-bistro,venue,,project_owner_global_authorization,MEDIA-002,,NOT_CREATED_DRY_RUN,false,READY_FOR_MAPPING,,
owner-photo-candidates,owner-candidates/v1/sangsaka/5d7de6ebde8b0870b3fa526c79c85b212bbede2f4fd85235f6732c38ed42b746.jpg,egkdapqwkfprtyqvvnso,true,5d7de6ebde8b0870b3fa526c79c85b212bbede2f4fd85235f6732c38ed42b746,image/jpeg,381626,1062,1324,sangsaka,v_import_sangsaka,sangsaka,venue,,project_owner_global_authorization,MEDIA-002,venues.photo_url:sangsaka,NOT_CREATED_DRY_RUN,true,READY_FOR_MAPPING,,
owner-photo-candidates,owner-candidates/v1/sangsaka/6bc17d3e546956121b44e5a8cc8483c2f8f470f91676de6c6f41c570f5c13329.jpg,egkdapqwkfprtyqvvnso,true,6bc17d3e546956121b44e5a8cc8483c2f8f470f91676de6c6f41c570f5c13329,image/jpeg,1985497,3274,4096,sangsaka,v_import_sangsaka,sangsaka,venue,,project_owner_global_authorization,MEDIA-002,,NOT_CREATED_DRY_RUN,false,READY_FOR_MAPPING,,
owner-photo-candidates,owner-candidates/v1/sangsaka/f387bd012166531eaabecdcc834407a99bf8949af99b4cde1b3b02d2afaa99b4.jpg,egkdapqwkfprtyqvvnso,true,f387bd012166531eaabecdcc834407a99bf8949af99b4cde1b3b02d2afaa99b4,image/jpeg,1415495,3274,4096,sangsaka,v_import_sangsaka,sangsaka,venue,,project_owner_global_authorization,MEDIA-002,,NOT_CREATED_DRY_RUN,false,READY_FOR_MAPPING,,
owner-photo-candidates,owner-candidates/v1/sardine/28bf0a05334d65020f6012b658e1e156680dd67288ceb796d9e53198dace6c95.avif,egkdapqwkfprtyqvvnso,true,28bf0a05334d65020f6012b658e1e156680dd67288ceb796d9e53198dace6c95,image/heif,48107,480,371,sardine,v_import_sardine,sardine,venue,,project_owner_global_authorization,MEDIA-002,venues.photo_url:sardine,NOT_CREATED_DRY_RUN,true,READY_FOR_MAPPING,,
owner-photo-candidates,owner-candidates/v1/sardine/3907ac54f912931d7c96d888d2e402358fc7b3e69cd96ab76c185f1cec01b176.avif,egkdapqwkfprtyqvvnso,true,3907ac54f912931d7c96d888d2e402358fc7b3e69cd96ab76c185f1cec01b176,image/heif,88964,480,558,sardine,v_import_sardine,sardine,venue,,project_owner_global_authorization,MEDIA-002,,NOT_CREATED_DRY_RUN,false,READY_FOR_MAPPING,,
owner-photo-candidates,owner-candidates/v1/sardine/6629a9b36c8033fdfa9d7a9798a22aa7bf4d77674c4b7916602c82d112508c4a.avif,egkdapqwkfprtyqvvnso,true,6629a9b36c8033fdfa9d7a9798a22aa7bf4d77674c4b7916602c82d112508c4a,image/heif,46060,480,371,sardine,v_import_sardine,sardine,venue,,project_owner_global_authorization,MEDIA-002,,NOT_CREATED_DRY_RUN,false,READY_FOR_MAPPING,,
owner-photo-candidates,owner-candidates/v1/satu-satu-coffee-company/416f19e1985ae69dc1488c1f0475c3b3f4932c04f0cdb8340f39ef11181cf479.jpg,egkdapqwkfprtyqvvnso,true,416f19e1985ae69dc1488c1f0475c3b3f4932c04f0cdb8340f39ef11181cf479,image/jpeg,69232,640,640,satu-satu-coffee-company,v_import_satu_satu_coffee_company,satu-satu-coffee-company,venue,,project_owner_global_authorization,MEDIA-002,venues.photo_url:satu-satu-coffee-company,NOT_CREATED_DRY_RUN,true,READY_FOR_MAPPING,,
owner-photo-candidates,owner-candidates/v1/satu-satu-coffee-company/6e57ca5a94265354812aa2a60a927f9bd7e78829d50a7b022623eae7f7428ec7.jpg,egkdapqwkfprtyqvvnso,true,6e57ca5a94265354812aa2a60a927f9bd7e78829d50a7b022623eae7f7428ec7,image/jpeg,665105,1440,1920,satu-satu-coffee-company,v_import_satu_satu_coffee_company,satu-satu-coffee-company,venue,,project_owner_global_authorization,MEDIA-002,,NOT_CREATED_DRY_RUN,false,READY_FOR_MAPPING,,
owner-photo-candidates,owner-candidates/v1/satu-satu-coffee-company/ed74276ba5101907fb5bf176345cce3eed713a2db6aab168469b0ec12d421d2a.jpg,egkdapqwkfprtyqvvnso,true,ed74276ba5101907fb5bf176345cce3eed713a2db6aab168469b0ec12d421d2a,image/jpeg,45953,640,640,satu-satu-coffee-company,v_import_satu_satu_coffee_company,satu-satu-coffee-company,venue,,project_owner_global_authorization,MEDIA-002,,NOT_CREATED_DRY_RUN,false,READY_FOR_MAPPING,,
owner-photo-candidates,owner-candidates/v1/sawobali/0ecdf31b8e8fcd5ae7fe81d9259198b6bdce0d1fbaf576e50249b6bef8443c28.jpg,egkdapqwkfprtyqvvnso,true,0ecdf31b8e8fcd5ae7fe81d9259198b6bdce0d1fbaf576e50249b6bef8443c28,image/jpeg,262846,1440,1440,sawobali,v_sawobali,sawobali,venue,,project_owner_global_authorization,MEDIA-002,venues.photo_url:sawobali,NOT_CREATED_DRY_RUN,true,READY_FOR_MAPPING,,
owner-photo-candidates,owner-candidates/v1/sawobali/1363fc6b39bc00e4c15de9307e0c4dab8bb123274effc2dbaf0d78f554327080.jpg,egkdapqwkfprtyqvvnso,true,1363fc6b39bc00e4c15de9307e0c4dab8bb123274effc2dbaf0d78f554327080,image/jpeg,198439,1440,1440,sawobali,v_sawobali,sawobali,venue,,project_owner_global_authorization,MEDIA-002,,NOT_CREATED_DRY_RUN,false,READY_FOR_MAPPING,,
owner-photo-candidates,owner-candidates/v1/sawobali/be05dd7e1be9d8eaa3419ac28d253a2a3d8fa931c5b4d2d7ba9d642b15b869d6.jpg,egkdapqwkfprtyqvvnso,true,be05dd7e1be9d8eaa3419ac28d253a2a3d8fa931c5b4d2d7ba9d642b15b869d6,image/jpeg,220757,1080,1920,sawobali,v_sawobali,sawobali,venue,,project_owner_global_authorization,MEDIA-002,,NOT_CREATED_DRY_RUN,false,READY_FOR_MAPPING,,
owner-photo-candidates,owner-candidates/v1/sea-circus/261245635cf2a398eb80f17b0fc5192951700b4572711c5c95bfd7309f9c3057.jpg,egkdapqwkfprtyqvvnso,true,261245635cf2a398eb80f17b0fc5192951700b4572711c5c95bfd7309f9c3057,image/jpeg,1210638,1348,899,sea-circus,v_import_sea_circus,sea-circus,venue,,project_owner_global_authorization,MEDIA-002,venues.photo_url:sea-circus,NOT_CREATED_DRY_RUN,true,READY_FOR_MAPPING,,
owner-photo-candidates,owner-candidates/v1/sea-circus/28d7c338549fcd204aa55b576b19b4958b6232d11775c37bc0e6cbdc4e470515.jpg,egkdapqwkfprtyqvvnso,true,28d7c338549fcd204aa55b576b19b4958b6232d11775c37bc0e6cbdc4e470515,image/jpeg,1451208,1348,899,sea-circus,v_import_sea_circus,sea-circus,venue,,project_owner_global_authorization,MEDIA-002,,NOT_CREATED_DRY_RUN,false,READY_FOR_MAPPING,,
owner-photo-candidates,owner-candidates/v1/sea-circus/94d257415b43f39fa561d1a9cce6326207a00d66f83b7ecc4745f6d62f1611eb.jpg,egkdapqwkfprtyqvvnso,true,94d257415b43f39fa561d1a9cce6326207a00d66f83b7ecc4745f6d62f1611eb,image/jpeg,1357461,1348,899,sea-circus,v_import_sea_circus,sea-circus,venue,,project_owner_global_authorization,MEDIA-002,,NOT_CREATED_DRY_RUN,false,READY_FOR_MAPPING,,
owner-photo-candidates,owner-candidates/v1/seasalt/14886619f1bd34cafeb7e2600005311b2a2b182ba458dc363a23ad4ea7c28cc3.jpg,egkdapqwkfprtyqvvnso,true,14886619f1bd34cafeb7e2600005311b2a2b182ba458dc363a23ad4ea7c28cc3,image/jpeg,172917,1080,1440,seasalt,v_import_seasalt,seasalt,venue,,project_owner_global_authorization,MEDIA-002,venues.photo_url:seasalt,NOT_CREATED_DRY_RUN,true,READY_FOR_MAPPING,,
owner-photo-candidates,owner-candidates/v1/seasalt/31588de97d3925bd6e3eda7350c5070ec912a94c3ab931e4d28493fb75be87b9.jpg,egkdapqwkfprtyqvvnso,true,31588de97d3925bd6e3eda7350c5070ec912a94c3ab931e4d28493fb75be87b9,image/jpeg,300785,1080,1440,seasalt,v_import_seasalt,seasalt,venue,,project_owner_global_authorization,MEDIA-002,,NOT_CREATED_DRY_RUN,false,READY_FOR_MAPPING,,
owner-photo-candidates,owner-candidates/v1/seasalt/7e2b4ab90a7811849f28f5f998ae0071a89e409405c77d088a092a82e0f16751.jpg,egkdapqwkfprtyqvvnso,true,7e2b4ab90a7811849f28f5f998ae0071a89e409405c77d088a092a82e0f16751,image/jpeg,552919,2457,1966,seasalt,v_import_seasalt,seasalt,venue,,project_owner_global_authorization,MEDIA-002,,NOT_CREATED_DRY_RUN,false,READY_FOR_MAPPING,,
owner-photo-candidates,owner-candidates/v1/seed-bingin/af719f82190a7d727ba4b1f90e3b3314e1522a9a7f0d0ea652714b0a2779cb9d.png,egkdapqwkfprtyqvvnso,true,af719f82190a7d727ba4b1f90e3b3314e1522a9a7f0d0ea652714b0a2779cb9d,image/png,307419,1200,630,seed-bingin,v_import_seed_bingin,seed-bingin,venue,,project_owner_global_authorization,MEDIA-002,venues.photo_url:seed-bingin,NOT_CREATED_DRY_RUN,true,READY_FOR_MAPPING,,
owner-photo-candidates,owner-candidates/v1/seed-bingin/eb1d08a48396e9d7289846d2b505842ce6438e7c72c2e5b5ff45a243e2a9fb25.webp,egkdapqwkfprtyqvvnso,true,eb1d08a48396e9d7289846d2b505842ce6438e7c72c2e5b5ff45a243e2a9fb25,image/webp,190626,906,899,seed-bingin,v_import_seed_bingin,seed-bingin,venue,,project_owner_global_authorization,MEDIA-002,,NOT_CREATED_DRY_RUN,false,READY_FOR_MAPPING,,
owner-photo-candidates,owner-candidates/v1/segara-the-seaside/ab12658ca455533161c17622646bea3a604648e27c3e9d11a648930fb9621bbd.webp,egkdapqwkfprtyqvvnso,true,ab12658ca455533161c17622646bea3a604648e27c3e9d11a648930fb9621bbd,image/webp,342514,1080,1440,segara-the-seaside,v_import_segara_the_seaside,segara-the-seaside,venue,,project_owner_global_authorization,MEDIA-002,venues.photo_url:segara-the-seaside,NOT_CREATED_DRY_RUN,true,READY_FOR_MAPPING,,
owner-photo-candidates,owner-candidates/v1/segara-the-seaside/d2a7386f429455098f4d7d304e74c26964cbb66d11b45a5fe978f9a1e9a14884.webp,egkdapqwkfprtyqvvnso,true,d2a7386f429455098f4d7d304e74c26964cbb66d11b45a5fe978f9a1e9a14884,image/webp,435672,1080,1440,segara-the-seaside,v_import_segara_the_seaside,segara-the-seaside,venue,,project_owner_global_authorization,MEDIA-002,,NOT_CREATED_DRY_RUN,false,READY_FOR_MAPPING,,
owner-photo-candidates,owner-candidates/v1/seniman-coffee-studio/6934f2fc667567b171d9577f5c9f191d7f0edc19734eaf8cbbe550386eabc053.jpg,egkdapqwkfprtyqvvnso,true,6934f2fc667567b171d9577f5c9f191d7f0edc19734eaf8cbbe550386eabc053,image/jpeg,958242,2560,1707,seniman-coffee-studio,v_import_seniman_coffee_studio,seniman-coffee-studio,venue,,project_owner_global_authorization,MEDIA-002,venues.photo_url:seniman-coffee-studio,NOT_CREATED_DRY_RUN,true,READY_FOR_MAPPING,,
owner-photo-candidates,owner-candidates/v1/seniman-coffee-studio/7b72877492a36ef75f73e7f33aadfb499e100ddbb8f2acde4e4e2b40538e0283.jpg,egkdapqwkfprtyqvvnso,true,7b72877492a36ef75f73e7f33aadfb499e100ddbb8f2acde4e4e2b40538e0283,image/jpeg,946833,2560,1707,seniman-coffee-studio,v_import_seniman_coffee_studio,seniman-coffee-studio,venue,,project_owner_global_authorization,MEDIA-002,,NOT_CREATED_DRY_RUN,false,READY_FOR_MAPPING,,
owner-photo-candidates,owner-candidates/v1/seniman-coffee-studio/c13c29e8f088aacb6f19dc898646af39757cd951a2e123fc4fc73dbd0a01268c.png,egkdapqwkfprtyqvvnso,true,c13c29e8f088aacb6f19dc898646af39757cd951a2e123fc4fc73dbd0a01268c,image/png,5910347,1728,2160,seniman-coffee-studio,v_import_seniman_coffee_studio,seniman-coffee-studio,venue,,project_owner_global_authorization,MEDIA-002,,NOT_CREATED_DRY_RUN,false,READY_FOR_MAPPING,,
owner-photo-candidates,owner-candidates/v1/serenity-eco-guesthouse-yoga-canggu/3981ca2cefcb2be2526d92b48e6066ccb942ff7d3aac294e4147412489e1471a.jpg,egkdapqwkfprtyqvvnso,true,3981ca2cefcb2be2526d92b48e6066ccb942ff7d3aac294e4147412489e1471a,image/jpeg,1381218,2500,1666,serenity-eco-guesthouse-yoga-canggu,b41080ae-ba78-472b-ae24-91785bf73356,serenity-eco-guesthouse-yoga-canggu,venue,,project_owner_global_authorization,MEDIA-002,venues.photo_url:serenity-eco-guesthouse-yoga-canggu,NOT_CREATED_DRY_RUN,true,READY_FOR_MAPPING,,
owner-photo-candidates,owner-candidates/v1/serenity-eco-guesthouse-yoga-canggu/5bbfa5bc96cf54e4c85f8bbedc6734d2b785b084655c304cbb6e46886df3438b.avif,egkdapqwkfprtyqvvnso,true,5bbfa5bc96cf54e4c85f8bbedc6734d2b785b084655c304cbb6e46886df3438b,image/heif,82342,710,866,serenity-eco-guesthouse-yoga-canggu,b41080ae-ba78-472b-ae24-91785bf73356,serenity-eco-guesthouse-yoga-canggu,venue,,project_owner_global_authorization,MEDIA-002,,NOT_CREATED_DRY_RUN,false,READY_FOR_MAPPING,,
owner-photo-candidates,owner-candidates/v1/serenity-eco-guesthouse-yoga-canggu/e14d39a26aa6ed850c5cffaf400cd3afc8e08b68929d10b238df302db0b2d62a.png,egkdapqwkfprtyqvvnso,true,e14d39a26aa6ed850c5cffaf400cd3afc8e08b68929d10b238df302db0b2d62a,image/png,148176,1182,1182,serenity-eco-guesthouse-yoga-canggu,b41080ae-ba78-472b-ae24-91785bf73356,serenity-eco-guesthouse-yoga-canggu,venue,,project_owner_global_authorization,MEDIA-002,,NOT_CREATED_DRY_RUN,false,READY_FOR_MAPPING,,
owner-photo-candidates,owner-candidates/v1/seseh-general-store/56194310f8d5272c6de3a91a29b63b3f075bcc0071bc44d57f51faa2f404df34.jpg,egkdapqwkfprtyqvvnso,true,56194310f8d5272c6de3a91a29b63b3f075bcc0071bc44d57f51faa2f404df34,image/jpeg,359696,1080,1350,seseh-general-store,v_import_seseh_general_store,seseh-general-store,venue,,project_owner_global_authorization,MEDIA-002,venues.photo_url:seseh-general-store,NOT_CREATED_DRY_RUN,true,READY_FOR_MAPPING,,
owner-photo-candidates,owner-candidates/v1/seseh-general-store/968dd928c27e62061f88f71c2678bfc2797d3a2fd300e04cf12d2c6d86c757cd.jpg,egkdapqwkfprtyqvvnso,true,968dd928c27e62061f88f71c2678bfc2797d3a2fd300e04cf12d2c6d86c757cd,image/jpeg,153232,640,1136,seseh-general-store,v_import_seseh_general_store,seseh-general-store,venue,,project_owner_global_authorization,MEDIA-002,,NOT_CREATED_DRY_RUN,false,READY_FOR_MAPPING,,
owner-photo-candidates,owner-candidates/v1/seseh-general-store/f4ba904c3894dd2cd75b4c4bb287491e02687c7258caedeb549d2a58f4a49b32.jpg,egkdapqwkfprtyqvvnso,true,f4ba904c3894dd2cd75b4c4bb287491e02687c7258caedeb549d2a58f4a49b32,image/jpeg,328382,1440,1920,seseh-general-store,v_import_seseh_general_store,seseh-general-store,venue,,project_owner_global_authorization,MEDIA-002,,NOT_CREATED_DRY_RUN,false,READY_FOR_MAPPING,,
owner-photo-candidates,owner-candidates/v1/sisterfields/03766fd3a65885598d2e6ad7ccfaef0c6a0e883f587d90155856bf13700b0400.webp,egkdapqwkfprtyqvvnso,true,03766fd3a65885598d2e6ad7ccfaef0c6a0e883f587d90155856bf13700b0400,image/webp,829788,2731,4096,sisterfields,v_import_sisterfields,sisterfields,venue,,project_owner_global_authorization,MEDIA-002,venues.photo_url:sisterfields,NOT_CREATED_DRY_RUN,true,READY_FOR_MAPPING,,
owner-photo-candidates,owner-candidates/v1/sisterfields/1f1768365ce7e14528bb9b87164ac5784cda3df8f16142683b8d26afd3c614e4.webp,egkdapqwkfprtyqvvnso,true,1f1768365ce7e14528bb9b87164ac5784cda3df8f16142683b8d26afd3c614e4,image/webp,994950,3333,5000,sisterfields,v_import_sisterfields,sisterfields,venue,,project_owner_global_authorization,MEDIA-002,,NOT_CREATED_DRY_RUN,false,READY_FOR_MAPPING,,
owner-photo-candidates,owner-candidates/v1/sisterfields/35da93dd8cf0719de78e868f8916b7408e19765f57ac5f2e65bfe9d9fea7e306.webp,egkdapqwkfprtyqvvnso,true,35da93dd8cf0719de78e868f8916b7408e19765f57ac5f2e65bfe9d9fea7e306,image/webp,304864,1595,2392,sisterfields,v_import_sisterfields,sisterfields,venue,,project_owner_global_authorization,MEDIA-002,,NOT_CREATED_DRY_RUN,false,READY_FOR_MAPPING,,
owner-photo-candidates,owner-candidates/v1/six-senses-spa-uluwatu/0e7596749cdf8830ab075784bf22fefd0ef1cfcb4f88cf98eef4c369046e854d.webp,egkdapqwkfprtyqvvnso,true,0e7596749cdf8830ab075784bf22fefd0ef1cfcb4f88cf98eef4c369046e854d,image/webp,948274,3840,2635,six-senses-spa-uluwatu,wbimp_six-senses-spa-uluwatu,six-senses-spa-uluwatu,venue,,project_owner_global_authorization,MEDIA-002,venues.photo_url:six-senses-spa-uluwatu,NOT_CREATED_DRY_RUN,true,READY_FOR_MAPPING,,
owner-photo-candidates,owner-candidates/v1/six-senses-spa-uluwatu/6255752687732013b2b316a8a3eaf9c57cdb81b0e07cdfe6cc667411903ba8d7.webp,egkdapqwkfprtyqvvnso,true,6255752687732013b2b316a8a3eaf9c57cdb81b0e07cdfe6cc667411903ba8d7,image/webp,1140042,3840,2880,six-senses-spa-uluwatu,wbimp_six-senses-spa-uluwatu,six-senses-spa-uluwatu,venue,,project_owner_global_authorization,MEDIA-002,,NOT_CREATED_DRY_RUN,false,READY_FOR_MAPPING,,
owner-photo-candidates,owner-candidates/v1/six-senses-spa-uluwatu/b9889b3d9103870b2420574451d66d8813d1d9c07688f830cbfb031abc4691da.webp,egkdapqwkfprtyqvvnso,true,b9889b3d9103870b2420574451d66d8813d1d9c07688f830cbfb031abc4691da,image/webp,1329944,3840,2563,six-senses-spa-uluwatu,wbimp_six-senses-spa-uluwatu,six-senses-spa-uluwatu,venue,,project_owner_global_authorization,MEDIA-002,,NOT_CREATED_DRY_RUN,false,READY_FOR_MAPPING,,
owner-photo-candidates,owner-candidates/v1/skool-kitchen/0c0da8bb67c8df6902c7fe28f9e5492b506707efe90ee4c58040fd0a2d0ad5af.jpg,egkdapqwkfprtyqvvnso,true,0c0da8bb67c8df6902c7fe28f9e5492b506707efe90ee4c58040fd0a2d0ad5af,image/jpeg,106153,720,1280,skool-kitchen,v_skool-kitchen,skool-kitchen,venue,,project_owner_global_authorization,MEDIA-002,venues.photo_url:skool-kitchen,NOT_CREATED_DRY_RUN,true,READY_FOR_MAPPING,,
owner-photo-candidates,owner-candidates/v1/skool-kitchen/76ff6a74e2fb0227fe1f38c5104b9460a885c755bf78aa7b3e35e1d87fd7e78d.jpg,egkdapqwkfprtyqvvnso,true,76ff6a74e2fb0227fe1f38c5104b9460a885c755bf78aa7b3e35e1d87fd7e78d,image/jpeg,70993,720,960,skool-kitchen,v_skool-kitchen,skool-kitchen,venue,,project_owner_global_authorization,MEDIA-002,,NOT_CREATED_DRY_RUN,false,READY_FOR_MAPPING,,
owner-photo-candidates,owner-candidates/v1/skool-kitchen/7f99595375fef78e89b03d07cd39da50e65ed3b56f16a1e491c855e66d7e7d09.jpg,egkdapqwkfprtyqvvnso,true,7f99595375fef78e89b03d07cd39da50e65ed3b56f16a1e491c855e66d7e7d09,image/jpeg,1213316,2250,3000,skool-kitchen,v_skool-kitchen,skool-kitchen,venue,,project_owner_global_authorization,MEDIA-002,,NOT_CREATED_DRY_RUN,false,READY_FOR_MAPPING,,
owner-photo-candidates,owner-candidates/v1/sofitel-bali-fitness-centre-nusa-dua/2c00baab5f6825456bfa6e5eebd8ec4ac845ff56f48ba20c4f4598b42c9470dc.jpg,egkdapqwkfprtyqvvnso,true,2c00baab5f6825456bfa6e5eebd8ec4ac845ff56f48ba20c4f4598b42c9470dc,image/jpeg,84270,603,758,sofitel-bali-fitness-centre-nusa-dua,841e2fa6-3f23-40ee-8899-c9d2dcb5093f,sofitel-bali-fitness-centre-nusa-dua,venue,,project_owner_global_authorization,MEDIA-002,venues.photo_url:sofitel-bali-fitness-centre-nusa-dua,NOT_CREATED_DRY_RUN,true,READY_FOR_MAPPING,,
owner-photo-candidates,owner-candidates/v1/sofitel-bali-fitness-centre-nusa-dua/76720435600ca61a60d98fa5bedd1e83d18318d7c632635a9ea27a9a26ff0117.jpg,egkdapqwkfprtyqvvnso,true,76720435600ca61a60d98fa5bedd1e83d18318d7c632635a9ea27a9a26ff0117,image/jpeg,634169,1707,2560,sofitel-bali-fitness-centre-nusa-dua,841e2fa6-3f23-40ee-8899-c9d2dcb5093f,sofitel-bali-fitness-centre-nusa-dua,venue,,project_owner_global_authorization,MEDIA-002,,NOT_CREATED_DRY_RUN,false,READY_FOR_MAPPING,,
owner-photo-candidates,owner-candidates/v1/sofitel-bali-fitness-centre-nusa-dua/948a9b9eaa8333db430566e166a3d9317819aa607ca9b4c092a71fb1345b0e35.jpg,egkdapqwkfprtyqvvnso,true,948a9b9eaa8333db430566e166a3d9317819aa607ca9b4c092a71fb1345b0e35,image/jpeg,2952040,2993,2723,sofitel-bali-fitness-centre-nusa-dua,841e2fa6-3f23-40ee-8899-c9d2dcb5093f,sofitel-bali-fitness-centre-nusa-dua,venue,,project_owner_global_authorization,MEDIA-002,,NOT_CREATED_DRY_RUN,false,READY_FOR_MAPPING,,
owner-photo-candidates,owner-candidates/v1/soham-pilates-class-program-seminyak/765f65f13f322dcebeddd5aa7c62b9a3be0d8b7e2f6f5c4ee525b028834b56e5.png,egkdapqwkfprtyqvvnso,true,765f65f13f322dcebeddd5aa7c62b9a3be0d8b7e2f6f5c4ee525b028834b56e5,image/png,1858101,1728,1120,soham-pilates-class-program-seminyak,12b7e4b1-78a8-47f7-92b6-bf4df84678d0,soham-pilates-class-program-seminyak,venue,DUP-058,project_owner_global_authorization,MEDIA-002,venues.photo_url:soham-pilates-class-program-seminyak,NOT_CREATED_DRY_RUN,true,CANONICALIZE_DUPLICATE_PRESERVE_ASSOCIATIONS,duplicate_content_hash,share canonical bytes; preserve logical association
owner-photo-candidates,owner-candidates/v1/soham-pilates-class-program-seminyak/9fc5719bcfb30b6f8b30b1f7ca6a3aa3773682daba4ed07f5b361438c36ae614.png,egkdapqwkfprtyqvvnso,true,9fc5719bcfb30b6f8b30b1f7ca6a3aa3773682daba4ed07f5b361438c36ae614,image/png,1379849,753,1024,soham-pilates-class-program-seminyak,12b7e4b1-78a8-47f7-92b6-bf4df84678d0,soham-pilates-class-program-seminyak,venue,DUP-059,project_owner_global_authorization,MEDIA-002,,NOT_CREATED_DRY_RUN,false,CANONICALIZE_DUPLICATE_PRESERVE_ASSOCIATIONS,duplicate_content_hash,share canonical bytes; preserve logical association
owner-photo-candidates,owner-candidates/v1/soham-pilates-class-program-seminyak/a67bde5a05fa8792c3bc1c4fc9a95659b28da8540f681f0dd986104f8b0bb3a4.png,egkdapqwkfprtyqvvnso,true,a67bde5a05fa8792c3bc1c4fc9a95659b28da8540f681f0dd986104f8b0bb3a4,image/png,1685617,1024,731,soham-pilates-class-program-seminyak,12b7e4b1-78a8-47f7-92b6-bf4df84678d0,soham-pilates-class-program-seminyak,venue,DUP-060,project_owner_global_authorization,MEDIA-002,,NOT_CREATED_DRY_RUN,false,CANONICALIZE_DUPLICATE_PRESERVE_ASSOCIATIONS,duplicate_content_hash,share canonical bytes; preserve logical association
owner-photo-candidates,owner-candidates/v1/soham-wellness-center-seminyak/3f70616a2b2860fd7ab07756f2adc1027981d89c678d15276c1137322834654d.png,egkdapqwkfprtyqvvnso,true,3f70616a2b2860fd7ab07756f2adc1027981d89c678d15276c1137322834654d,image/png,1555405,1024,625,soham-wellness-center-seminyak,17962d92-c8b3-4fa9-a549-ae456d2ee4f9,soham-wellness-center-seminyak,venue,,project_owner_global_authorization,MEDIA-002,venues.photo_url:soham-wellness-center-seminyak,NOT_CREATED_DRY_RUN,true,READY_FOR_MAPPING,,
owner-photo-candidates,owner-candidates/v1/soham-wellness-center-seminyak/765f65f13f322dcebeddd5aa7c62b9a3be0d8b7e2f6f5c4ee525b028834b56e5.png,egkdapqwkfprtyqvvnso,true,765f65f13f322dcebeddd5aa7c62b9a3be0d8b7e2f6f5c4ee525b028834b56e5,image/png,1858101,1728,1120,soham-wellness-center-seminyak,17962d92-c8b3-4fa9-a549-ae456d2ee4f9,soham-wellness-center-seminyak,venue,DUP-058,project_owner_global_authorization,MEDIA-002,,NOT_CREATED_DRY_RUN,false,CANONICALIZE_DUPLICATE_PRESERVE_ASSOCIATIONS,duplicate_content_hash,share canonical bytes; preserve logical association
owner-photo-candidates,owner-candidates/v1/soham-wellness-center-seminyak/a67bde5a05fa8792c3bc1c4fc9a95659b28da8540f681f0dd986104f8b0bb3a4.png,egkdapqwkfprtyqvvnso,true,a67bde5a05fa8792c3bc1c4fc9a95659b28da8540f681f0dd986104f8b0bb3a4,image/png,1685617,1024,731,soham-wellness-center-seminyak,17962d92-c8b3-4fa9-a549-ae456d2ee4f9,soham-wellness-center-seminyak,venue,DUP-060,project_owner_global_authorization,MEDIA-002,,NOT_CREATED_DRY_RUN,false,CANONICALIZE_DUPLICATE_PRESERVE_ASSOCIATIONS,duplicate_content_hash,share canonical bytes; preserve logical association
owner-photo-candidates,owner-candidates/v1/soham-wellness-center-seminyak/b835f616ee828ec259c549743232caeab805c71373dfa9e695027bc6f138ecce.png,egkdapqwkfprtyqvvnso,true,b835f616ee828ec259c549743232caeab805c71373dfa9e695027bc6f138ecce,image/png,1256066,1024,676,soham-wellness-center-seminyak,17962d92-c8b3-4fa9-a549-ae456d2ee4f9,soham-wellness-center-seminyak,venue,,project_owner_global_authorization,MEDIA-002,,NOT_CREATED_DRY_RUN,false,READY_FOR_MAPPING,,
owner-photo-candidates,owner-candidates/v1/soham-wellness-center-seminyak/b978422543fead660da6218a7a0f9cd1a4b56ca3d74786b43cdfe67df1482db6.png,egkdapqwkfprtyqvvnso,true,b978422543fead660da6218a7a0f9cd1a4b56ca3d74786b43cdfe67df1482db6,image/png,1614765,1024,725,soham-wellness-center-seminyak,17962d92-c8b3-4fa9-a549-ae456d2ee4f9,soham-wellness-center-seminyak,venue,,project_owner_global_authorization,MEDIA-002,,NOT_CREATED_DRY_RUN,false,READY_FOR_MAPPING,,
owner-photo-candidates,owner-candidates/v1/soham-wellness-spa-seminyak/349dd283d79b842c1e768ac0e5949378a292c9b803c42487e59bc173cd6320dd.png,egkdapqwkfprtyqvvnso,true,349dd283d79b842c1e768ac0e5949378a292c9b803c42487e59bc173cd6320dd,image/png,1354994,1024,656,soham-wellness-spa-seminyak,9277af07-fda6-4848-af86-a79aa7ba4e55,soham-wellness-spa-seminyak,venue,,project_owner_global_authorization,MEDIA-002,venues.photo_url:soham-wellness-spa-seminyak,NOT_CREATED_DRY_RUN,true,READY_FOR_MAPPING,,
owner-photo-candidates,owner-candidates/v1/soham-wellness-spa-seminyak/3f8adde3391044ee883c5ce5dc5ba948320eb01ae53e99faf3f9fbc5ab4d45dc.png,egkdapqwkfprtyqvvnso,true,3f8adde3391044ee883c5ce5dc5ba948320eb01ae53e99faf3f9fbc5ab4d45dc,image/png,1217657,1265,712,soham-wellness-spa-seminyak,9277af07-fda6-4848-af86-a79aa7ba4e55,soham-wellness-spa-seminyak,venue,,project_owner_global_authorization,MEDIA-002,,NOT_CREATED_DRY_RUN,false,READY_FOR_MAPPING,,
owner-photo-candidates,owner-candidates/v1/soham-wellness-spa-seminyak/751530085cdf3df8e6eb123bfa06ea5a41b85ae020a9590cedb982e16a8a4ea3.png,egkdapqwkfprtyqvvnso,true,751530085cdf3df8e6eb123bfa06ea5a41b85ae020a9590cedb982e16a8a4ea3,image/png,942685,1024,680,soham-wellness-spa-seminyak,9277af07-fda6-4848-af86-a79aa7ba4e55,soham-wellness-spa-seminyak,venue,,project_owner_global_authorization,MEDIA-002,,NOT_CREATED_DRY_RUN,false,READY_FOR_MAPPING,,
owner-photo-candidates,owner-candidates/v1/soham-wellness-spa-seminyak/9fc5719bcfb30b6f8b30b1f7ca6a3aa3773682daba4ed07f5b361438c36ae614.png,egkdapqwkfprtyqvvnso,true,9fc5719bcfb30b6f8b30b1f7ca6a3aa3773682daba4ed07f5b361438c36ae614,image/png,1379849,753,1024,soham-wellness-spa-seminyak,9277af07-fda6-4848-af86-a79aa7ba4e55,soham-wellness-spa-seminyak,venue,DUP-059,project_owner_global_authorization,MEDIA-002,,NOT_CREATED_DRY_RUN,false,CANONICALIZE_DUPLICATE_PRESERVE_ASSOCIATIONS,duplicate_content_hash,share canonical bytes; preserve logical association
owner-photo-candidates,owner-candidates/v1/soham-wellness-spa-seminyak/a67bde5a05fa8792c3bc1c4fc9a95659b28da8540f681f0dd986104f8b0bb3a4.png,egkdapqwkfprtyqvvnso,true,a67bde5a05fa8792c3bc1c4fc9a95659b28da8540f681f0dd986104f8b0bb3a4,image/png,1685617,1024,731,soham-wellness-spa-seminyak,9277af07-fda6-4848-af86-a79aa7ba4e55,soham-wellness-spa-seminyak,venue,DUP-060,project_owner_global_authorization,MEDIA-002,,NOT_CREATED_DRY_RUN,false,CANONICALIZE_DUPLICATE_PRESERVE_ASSOCIATIONS,duplicate_content_hash,share canonical bytes; preserve logical association
owner-photo-candidates,owner-candidates/v1/soham-yoga-seminyak/265daa2a17a1232f94c32cffe292b51b03b7ab17cb1d643ffc80880c783ad7c3.png,egkdapqwkfprtyqvvnso,true,265daa2a17a1232f94c32cffe292b51b03b7ab17cb1d643ffc80880c783ad7c3,image/png,999433,1024,682,soham-yoga-seminyak,d3abc058-cf4d-462b-be98-e05f758fe179,soham-yoga-seminyak,venue,,project_owner_global_authorization,MEDIA-002,venues.photo_url:soham-yoga-seminyak,NOT_CREATED_DRY_RUN,true,READY_FOR_MAPPING,,
owner-photo-candidates,owner-candidates/v1/soham-yoga-seminyak/765f65f13f322dcebeddd5aa7c62b9a3be0d8b7e2f6f5c4ee525b028834b56e5.png,egkdapqwkfprtyqvvnso,true,765f65f13f322dcebeddd5aa7c62b9a3be0d8b7e2f6f5c4ee525b028834b56e5,image/png,1858101,1728,1120,soham-yoga-seminyak,d3abc058-cf4d-462b-be98-e05f758fe179,soham-yoga-seminyak,venue,DUP-058,project_owner_global_authorization,MEDIA-002,,NOT_CREATED_DRY_RUN,false,CANONICALIZE_DUPLICATE_PRESERVE_ASSOCIATIONS,duplicate_content_hash,share canonical bytes; preserve logical association
owner-photo-candidates,owner-candidates/v1/soham-yoga-seminyak/9fc5719bcfb30b6f8b30b1f7ca6a3aa3773682daba4ed07f5b361438c36ae614.png,egkdapqwkfprtyqvvnso,true,9fc5719bcfb30b6f8b30b1f7ca6a3aa3773682daba4ed07f5b361438c36ae614,image/png,1379849,753,1024,soham-yoga-seminyak,d3abc058-cf4d-462b-be98-e05f758fe179,soham-yoga-seminyak,venue,DUP-059,project_owner_global_authorization,MEDIA-002,,NOT_CREATED_DRY_RUN,false,CANONICALIZE_DUPLICATE_PRESERVE_ASSOCIATIONS,duplicate_content_hash,share canonical bytes; preserve logical association
owner-photo-candidates,owner-candidates/v1/soham-yoga-seminyak/a67bde5a05fa8792c3bc1c4fc9a95659b28da8540f681f0dd986104f8b0bb3a4.png,egkdapqwkfprtyqvvnso,true,a67bde5a05fa8792c3bc1c4fc9a95659b28da8540f681f0dd986104f8b0bb3a4,image/png,1685617,1024,731,soham-yoga-seminyak,d3abc058-cf4d-462b-be98-e05f758fe179,soham-yoga-seminyak,venue,DUP-060,project_owner_global_authorization,MEDIA-002,,NOT_CREATED_DRY_RUN,false,CANONICALIZE_DUPLICATE_PRESERVE_ASSOCIATIONS,duplicate_content_hash,share canonical bytes; preserve logical association
owner-photo-candidates,owner-candidates/v1/soleil-at-mulia/2c245be58eb9846f8397ff75a6167eccda300e675ffce44a2ae0c9f9832fdccd.webp,egkdapqwkfprtyqvvnso,true,2c245be58eb9846f8397ff75a6167eccda300e675ffce44a2ae0c9f9832fdccd,image/webp,238992,1920,1281,soleil-at-mulia,v_import_soleil_at_mulia,soleil-at-mulia,venue,,project_owner_global_authorization,MEDIA-002,venues.photo_url:soleil-at-mulia,NOT_CREATED_DRY_RUN,true,READY_FOR_MAPPING,,
owner-photo-candidates,owner-candidates/v1/soleil-at-mulia/30849ac231f1a046eed179da13bee0110ff92505a93348d1ff7cf6d941907f58.webp,egkdapqwkfprtyqvvnso,true,30849ac231f1a046eed179da13bee0110ff92505a93348d1ff7cf6d941907f58,image/webp,291866,1920,1281,soleil-at-mulia,v_import_soleil_at_mulia,soleil-at-mulia,venue,DUP-046,project_owner_global_authorization,MEDIA-002,,NOT_CREATED_DRY_RUN,false,CANONICALIZE_DUPLICATE_PRESERVE_ASSOCIATIONS,duplicate_content_hash,share canonical bytes; preserve logical association
owner-photo-candidates,owner-candidates/v1/soleil-at-mulia/91c39e0ac220e4c7a9087687581b04acaedd945190ce1fc854626fd0b43b18a1.webp,egkdapqwkfprtyqvvnso,true,91c39e0ac220e4c7a9087687581b04acaedd945190ce1fc854626fd0b43b18a1,image/webp,441584,1920,1080,soleil-at-mulia,v_import_soleil_at_mulia,soleil-at-mulia,venue,,project_owner_global_authorization,MEDIA-002,,NOT_CREATED_DRY_RUN,false,READY_FOR_MAPPING,,
owner-photo-candidates,owner-candidates/v1/soma-fight-club-canggu/1df9514421eb9d79df94aeb7b9c93e985c916e47c18fc37f0c80c3eb5b0e57b1.webp,egkdapqwkfprtyqvvnso,true,1df9514421eb9d79df94aeb7b9c93e985c916e47c18fc37f0c80c3eb5b0e57b1,image/webp,107298,1800,800,soma-fight-club-canggu,be709e79-8cf8-434d-b14d-7edd1b599dd4,soma-fight-club-canggu,venue,,project_owner_global_authorization,MEDIA-002,venues.photo_url:soma-fight-club-canggu,NOT_CREATED_DRY_RUN,true,READY_FOR_MAPPING,,
owner-photo-candidates,owner-candidates/v1/soma-fight-club-canggu/7bf97d1538068b78b1b51bd8f3e399e8c1f36130bb6efc80ed4b3bcd5213faaa.webp,egkdapqwkfprtyqvvnso,true,7bf97d1538068b78b1b51bd8f3e399e8c1f36130bb6efc80ed4b3bcd5213faaa,image/webp,42234,1024,640,soma-fight-club-canggu,be709e79-8cf8-434d-b14d-7edd1b599dd4,soma-fight-club-canggu,venue,,project_owner_global_authorization,MEDIA-002,,NOT_CREATED_DRY_RUN,false,READY_FOR_MAPPING,,
owner-photo-candidates,owner-candidates/v1/soma-fight-club-canggu/ec679536489edeb3cfc64297ef17b6bcb7dd521e361754ac73f987b508dc7989.webp,egkdapqwkfprtyqvvnso,true,ec679536489edeb3cfc64297ef17b6bcb7dd521e361754ac73f987b508dc7989,image/webp,92852,1024,640,soma-fight-club-canggu,be709e79-8cf8-434d-b14d-7edd1b599dd4,soma-fight-club-canggu,venue,,project_owner_global_authorization,MEDIA-002,,NOT_CREATED_DRY_RUN,false,READY_FOR_MAPPING,,
owner-photo-candidates,owner-candidates/v1/son-of-a-baker/3d1e1c3ee4f0b92a0ec84529cdf342fa30f767f71061c4a0827c1354a594db32.webp,egkdapqwkfprtyqvvnso,true,3d1e1c3ee4f0b92a0ec84529cdf342fa30f767f71061c4a0827c1354a594db32,image/webp,55780,1080,1440,son-of-a-baker,v_import_son_of_a_baker,son-of-a-baker,venue,,project_owner_global_authorization,MEDIA-002,venues.photo_url:son-of-a-baker,NOT_CREATED_DRY_RUN,true,READY_FOR_MAPPING,,
owner-photo-candidates,owner-candidates/v1/son-of-a-baker/7b1b09417dc2ffacb78d95185f99884f6035c5d0ee3d42e59f5453d84e93a558.jpg,egkdapqwkfprtyqvvnso,true,7b1b09417dc2ffacb78d95185f99884f6035c5d0ee3d42e59f5453d84e93a558,image/jpeg,64229,540,960,son-of-a-baker,v_import_son_of_a_baker,son-of-a-baker,venue,,project_owner_global_authorization,MEDIA-002,,NOT_CREATED_DRY_RUN,false,READY_FOR_MAPPING,,
owner-photo-candidates,owner-candidates/v1/son-of-a-baker/bf0468d66e67223a9457547930a138135b13174ce2403bf24e9c7abe1e97e856.webp,egkdapqwkfprtyqvvnso,true,bf0468d66e67223a9457547930a138135b13174ce2403bf24e9c7abe1e97e856,image/webp,57950,1080,1350,son-of-a-baker,v_import_son_of_a_baker,son-of-a-baker,venue,,project_owner_global_authorization,MEDIA-002,,NOT_CREATED_DRY_RUN,false,READY_FOR_MAPPING,,
owner-photo-candidates,owner-candidates/v1/soul-on-the-beach/80804687f10add29f6e94ae470725308478774f7d069dd50bc3b0409bcfbf252.jpg,egkdapqwkfprtyqvvnso,true,80804687f10add29f6e94ae470725308478774f7d069dd50bc3b0409bcfbf252,image/jpeg,304316,1080,1920,soul-on-the-beach,v_import_soul_on_the_beach,soul-on-the-beach,venue,,project_owner_global_authorization,MEDIA-002,venues.photo_url:soul-on-the-beach,NOT_CREATED_DRY_RUN,true,READY_FOR_MAPPING,,
owner-photo-candidates,owner-candidates/v1/soul-on-the-beach/bd6fc8d629aa7ca09565821b17b60f8a8ec94fdb393b0cb9eb1262af8392350f.jpg,egkdapqwkfprtyqvvnso,true,bd6fc8d629aa7ca09565821b17b60f8a8ec94fdb393b0cb9eb1262af8392350f,image/jpeg,299590,1080,1350,soul-on-the-beach,v_import_soul_on_the_beach,soul-on-the-beach,venue,,project_owner_global_authorization,MEDIA-002,,NOT_CREATED_DRY_RUN,false,READY_FOR_MAPPING,,
owner-photo-candidates,owner-candidates/v1/soul-on-the-beach/c179f9d912ae69adbe38066e95a99cc7095ce85b67acec3703b24e12cb12706b.jpg,egkdapqwkfprtyqvvnso,true,c179f9d912ae69adbe38066e95a99cc7095ce85b67acec3703b24e12cb12706b,image/jpeg,375590,1440,1800,soul-on-the-beach,v_import_soul_on_the_beach,soul-on-the-beach,venue,,project_owner_global_authorization,MEDIA-002,,NOT_CREATED_DRY_RUN,false,READY_FOR_MAPPING,,
owner-photo-candidates,owner-candidates/v1/spa-at-mu/1434349bb71959276b18884de1f66c25caeaa095226dd795ccb6920b17959848.webp,egkdapqwkfprtyqvvnso,true,1434349bb71959276b18884de1f66c25caeaa095226dd795ccb6920b17959848,image/webp,135636,1000,627,spa-at-mu,wbimp_spa-at-mu,spa-at-mu,venue,,project_owner_global_authorization,MEDIA-002,venues.photo_url:spa-at-mu,NOT_CREATED_DRY_RUN,true,READY_FOR_MAPPING,,
owner-photo-candidates,owner-candidates/v1/spa-at-mu/703caa46adaebe1bbc7044b4a9f7352bce411b903d1f65c765f874e2534fc355.jpg,egkdapqwkfprtyqvvnso,true,703caa46adaebe1bbc7044b4a9f7352bce411b903d1f65c765f874e2534fc355,image/jpeg,143977,1440,1800,spa-at-mu,wbimp_spa-at-mu,spa-at-mu,venue,,project_owner_global_authorization,MEDIA-002,,NOT_CREATED_DRY_RUN,false,READY_FOR_MAPPING,,
owner-photo-candidates,owner-candidates/v1/spa-at-mu/9441e7cd946fbd12ac0ae2b33942bb6e56fd00f25093734fc9873ed5edeb1b8f.webp,egkdapqwkfprtyqvvnso,true,9441e7cd946fbd12ac0ae2b33942bb6e56fd00f25093734fc9873ed5edeb1b8f,image/webp,281754,1600,1066,spa-at-mu,wbimp_spa-at-mu,spa-at-mu,venue,,project_owner_global_authorization,MEDIA-002,,NOT_CREATED_DRY_RUN,false,READY_FOR_MAPPING,,
owner-photo-candidates,owner-candidates/v1/spring-spa-canggu/1b1ae60f7914530a2a498dd2b28e0e1df1130e170ae3ca3e8141818e8a762ef9.webp,egkdapqwkfprtyqvvnso,true,1b1ae60f7914530a2a498dd2b28e0e1df1130e170ae3ca3e8141818e8a762ef9,image/webp,275616,1600,1200,spring-spa-canggu,wbimp_spring-spa-canggu,spring-spa-canggu,venue,,project_owner_global_authorization,MEDIA-002,venues.photo_url:spring-spa-canggu,NOT_CREATED_DRY_RUN,true,READY_FOR_MAPPING,,
owner-photo-candidates,owner-candidates/v1/spring-spa-canggu/966e83ab6531eda7c347de17db300f2db1a9fdc1a3294c07a265d6bfc767e2af.webp,egkdapqwkfprtyqvvnso,true,966e83ab6531eda7c347de17db300f2db1a9fdc1a3294c07a265d6bfc767e2af,image/webp,223470,1600,1066,spring-spa-canggu,wbimp_spring-spa-canggu,spring-spa-canggu,venue,,project_owner_global_authorization,MEDIA-002,,NOT_CREATED_DRY_RUN,false,READY_FOR_MAPPING,,
owner-photo-candidates,owner-candidates/v1/spring-spa-canggu/98dd1baec973f4e668c5f070bf0c0460486024fe51cb50d081480d1b412a8f8c.webp,egkdapqwkfprtyqvvnso,true,98dd1baec973f4e668c5f070bf0c0460486024fe51cb50d081480d1b412a8f8c,image/webp,274514,1600,2133,spring-spa-canggu,wbimp_spring-spa-canggu,spring-spa-canggu,venue,,project_owner_global_authorization,MEDIA-002,,NOT_CREATED_DRY_RUN,false,READY_FOR_MAPPING,,
owner-photo-candidates,owner-candidates/v1/spring-spa-seminyak/18f04dbf7b3b828d7802ca3e5ebd40b740597554e51ab5a5d9298eee6e82ac11.jpg,egkdapqwkfprtyqvvnso,true,18f04dbf7b3b828d7802ca3e5ebd40b740597554e51ab5a5d9298eee6e82ac11,image/jpeg,962542,1440,1800,spring-spa-seminyak,wbimp_spring-spa-seminyak,spring-spa-seminyak,venue,,project_owner_global_authorization,MEDIA-002,venues.photo_url:spring-spa-seminyak,NOT_CREATED_DRY_RUN,true,READY_FOR_MAPPING,,
owner-photo-candidates,owner-candidates/v1/spring-spa-seminyak/22f1a1c4d0c17bac34abbe744256ed5f47589f90e422bd2fe9fd422ea883544d.jpg,egkdapqwkfprtyqvvnso,true,22f1a1c4d0c17bac34abbe744256ed5f47589f90e422bd2fe9fd422ea883544d,image/jpeg,56741,640,1136,spring-spa-seminyak,wbimp_spring-spa-seminyak,spring-spa-seminyak,venue,,project_owner_global_authorization,MEDIA-002,,NOT_CREATED_DRY_RUN,false,READY_FOR_MAPPING,,
owner-photo-candidates,owner-candidates/v1/spring-spa-ubud/1daf4e3b5bf07901031354fc5e4d35d1a0e4973ea59e016e6b809c3d980453c4.webp,egkdapqwkfprtyqvvnso,true,1daf4e3b5bf07901031354fc5e4d35d1a0e4973ea59e016e6b809c3d980453c4,image/webp,190552,1600,1200,spring-spa-ubud,94396147-b0ff-4df9-bb87-c045682704e8,spring-spa-ubud,venue,,project_owner_global_authorization,MEDIA-002,venues.photo_url:spring-spa-ubud,NOT_CREATED_DRY_RUN,true,READY_FOR_MAPPING,,
owner-photo-candidates,owner-candidates/v1/spring-spa-ubud/a66b6fd69307644a7a7508358584b6526fe358787b44cab1774460f191048a9c.webp,egkdapqwkfprtyqvvnso,true,a66b6fd69307644a7a7508358584b6526fe358787b44cab1774460f191048a9c,image/webp,392196,1600,2133,spring-spa-ubud,94396147-b0ff-4df9-bb87-c045682704e8,spring-spa-ubud,venue,,project_owner_global_authorization,MEDIA-002,,NOT_CREATED_DRY_RUN,false,READY_FOR_MAPPING,,
owner-photo-candidates,owner-candidates/v1/spring-spa-ubud/cb5f6ca4d5e0213648888aa3695f4bd255ac590375831f6c51634709adeebbf5.webp,egkdapqwkfprtyqvvnso,true,cb5f6ca4d5e0213648888aa3695f4bd255ac590375831f6c51634709adeebbf5,image/webp,235408,1600,1200,spring-spa-ubud,94396147-b0ff-4df9-bb87-c045682704e8,spring-spa-ubud,venue,,project_owner_global_authorization,MEDIA-002,,NOT_CREATED_DRY_RUN,false,READY_FOR_MAPPING,,
owner-photo-candidates,owner-candidates/v1/spring-spa-uluwatu/16b3279f62359e7a25160c1368fe1feefbba49032b06560c7f499de53c023fe5.webp,egkdapqwkfprtyqvvnso,true,16b3279f62359e7a25160c1368fe1feefbba49032b06560c7f499de53c023fe5,image/webp,240610,1600,1067,spring-spa-uluwatu,wbimp_spring-spa-uluwatu,spring-spa-uluwatu,venue,,project_owner_global_authorization,MEDIA-002,venues.photo_url:spring-spa-uluwatu,NOT_CREATED_DRY_RUN,true,READY_FOR_MAPPING,,
owner-photo-candidates,owner-candidates/v1/spring-spa-uluwatu/694b3caee76cde5554ac30d27ff1e31cfcebc5c4e4ecc5df63e58ead9570c43e.webp,egkdapqwkfprtyqvvnso,true,694b3caee76cde5554ac30d27ff1e31cfcebc5c4e4ecc5df63e58ead9570c43e,image/webp,467462,1600,1068,spring-spa-uluwatu,wbimp_spring-spa-uluwatu,spring-spa-uluwatu,venue,,project_owner_global_authorization,MEDIA-002,,NOT_CREATED_DRY_RUN,false,READY_FOR_MAPPING,,
owner-photo-candidates,owner-candidates/v1/studio-fondue/0b6b0e0ecb0b78d6d2192c10237dfeaa8c5e9508c20220e539cc4def9f6874c3.webp,egkdapqwkfprtyqvvnso,true,0b6b0e0ecb0b78d6d2192c10237dfeaa8c5e9508c20220e539cc4def9f6874c3,image/webp,78014,1424,2134,studio-fondue,wbimp_studio-fondue,studio-fondue,venue,,project_owner_global_authorization,MEDIA-002,venues.photo_url:studio-fondue,NOT_CREATED_DRY_RUN,true,READY_FOR_MAPPING,,
owner-photo-candidates,owner-candidates/v1/studio-fondue/a6f14aed83e8a8234f4fefb914dae75ae823cbb9fe7235cdc72dc6b880abc53d.webp,egkdapqwkfprtyqvvnso,true,a6f14aed83e8a8234f4fefb914dae75ae823cbb9fe7235cdc72dc6b880abc53d,image/webp,68930,640,1136,studio-fondue,wbimp_studio-fondue,studio-fondue,venue,,project_owner_global_authorization,MEDIA-002,,NOT_CREATED_DRY_RUN,false,READY_FOR_MAPPING,,
owner-photo-candidates,owner-candidates/v1/studio-fondue/eeb062e8235f499cc44be87f4931ee5d37c85e7324270186ae628aab8d9da2f0.webp,egkdapqwkfprtyqvvnso,true,eeb062e8235f499cc44be87f4931ee5d37c85e7324270186ae628aab8d9da2f0,image/webp,55068,640,1138,studio-fondue,wbimp_studio-fondue,studio-fondue,venue,,project_owner_global_authorization,MEDIA-002,,NOT_CREATED_DRY_RUN,false,READY_FOR_MAPPING,,
owner-photo-candidates,owner-candidates/v1/sudajiva-spa-at-sudamala-sanur-sanur/09b586aefcf471219e67c42adbfcc684a2a6174e5a12c5cd2c41cddff643953e.jpg,egkdapqwkfprtyqvvnso,true,09b586aefcf471219e67c42adbfcc684a2a6174e5a12c5cd2c41cddff643953e,image/jpeg,263281,1024,767,sudajiva-spa-at-sudamala-sanur-sanur,c0689f6f-3ac4-4bbf-b9b4-729b9c568b37,sudajiva-spa-at-sudamala-sanur-sanur,venue,,project_owner_global_authorization,MEDIA-002,venues.photo_url:sudajiva-spa-at-sudamala-sanur-sanur,NOT_CREATED_DRY_RUN,true,READY_FOR_MAPPING,,
owner-photo-candidates,owner-candidates/v1/sudajiva-spa-at-sudamala-sanur-sanur/4df659144894d744f2363e594075a850d6d3ac6b3b74130f1c280c8e6b1865cf.jpg,egkdapqwkfprtyqvvnso,true,4df659144894d744f2363e594075a850d6d3ac6b3b74130f1c280c8e6b1865cf,image/jpeg,44728,1024,576,sudajiva-spa-at-sudamala-sanur-sanur,c0689f6f-3ac4-4bbf-b9b4-729b9c568b37,sudajiva-spa-at-sudamala-sanur-sanur,venue,,project_owner_global_authorization,MEDIA-002,,NOT_CREATED_DRY_RUN,false,READY_FOR_MAPPING,,
owner-photo-candidates,owner-candidates/v1/sudajiva-spa-at-sudamala-sanur-sanur/6311cc45f6e6b0b419409f5e1b03bdbc47dd4f90c0516f236bc652de980e84e3.jpg,egkdapqwkfprtyqvvnso,true,6311cc45f6e6b0b419409f5e1b03bdbc47dd4f90c0516f236bc652de980e84e3,image/jpeg,292649,1920,1177,sudajiva-spa-at-sudamala-sanur-sanur,c0689f6f-3ac4-4bbf-b9b4-729b9c568b37,sudajiva-spa-at-sudamala-sanur-sanur,venue,DUP-061,project_owner_global_authorization,MEDIA-002,,NOT_CREATED_DRY_RUN,false,CANONICALIZE_DUPLICATE_PRESERVE_ASSOCIATIONS,duplicate_content_hash,share canonical bytes; preserve logical association
owner-photo-candidates,owner-candidates/v1/sudajiva-spa-at-sudamala-sanur-sanur/78a8753766a78164f6061bceefcca7c89910bfe46a82140a268ccdb58c5643a8.jpg,egkdapqwkfprtyqvvnso,true,78a8753766a78164f6061bceefcca7c89910bfe46a82140a268ccdb58c5643a8,image/jpeg,332010,2560,1595,sudajiva-spa-at-sudamala-sanur-sanur,c0689f6f-3ac4-4bbf-b9b4-729b9c568b37,sudajiva-spa-at-sudamala-sanur-sanur,venue,,project_owner_global_authorization,MEDIA-002,,NOT_CREATED_DRY_RUN,false,READY_FOR_MAPPING,,
owner-photo-candidates,owner-candidates/v1/sudajiva-spa-at-sudamala-sanur-sanur/8208e0063b1aad59a112cb7a1626dbb9ee68bcaa02bcaccf300c389b202c9af2.jpg,egkdapqwkfprtyqvvnso,true,8208e0063b1aad59a112cb7a1626dbb9ee68bcaa02bcaccf300c389b202c9af2,image/jpeg,174843,1920,1446,sudajiva-spa-at-sudamala-sanur-sanur,c0689f6f-3ac4-4bbf-b9b4-729b9c568b37,sudajiva-spa-at-sudamala-sanur-sanur,venue,DUP-062,project_owner_global_authorization,MEDIA-002,,NOT_CREATED_DRY_RUN,false,CANONICALIZE_DUPLICATE_PRESERVE_ASSOCIATIONS,duplicate_content_hash,share canonical bytes; preserve logical association
owner-photo-candidates,owner-candidates/v1/sudajiva-spa-at-sudamala-sanur-sanur/e894e22087ace2f032e6f06ccc5677065f8c3f0cd5a0ff03c6653d0b17e88c36.jpg,egkdapqwkfprtyqvvnso,true,e894e22087ace2f032e6f06ccc5677065f8c3f0cd5a0ff03c6653d0b17e88c36,image/jpeg,455268,2560,1681,sudajiva-spa-at-sudamala-sanur-sanur,c0689f6f-3ac4-4bbf-b9b4-729b9c568b37,sudajiva-spa-at-sudamala-sanur-sanur,venue,DUP-063,project_owner_global_authorization,MEDIA-002,,NOT_CREATED_DRY_RUN,false,CANONICALIZE_DUPLICATE_PRESERVE_ASSOCIATIONS,duplicate_content_hash,share canonical bytes; preserve logical association
owner-photo-candidates,owner-candidates/v1/sudamala-resort-sanur-wellness-yoga-sanur/1be00f870df07c87ab72a82a5b1ce7fab3f128a5ba549beebed65335626b975b.jpg,egkdapqwkfprtyqvvnso,true,1be00f870df07c87ab72a82a5b1ce7fab3f128a5ba549beebed65335626b975b,image/jpeg,1042213,1443,899,sudamala-resort-sanur-wellness-yoga-sanur,ddd05fd9-b75d-42e1-bdb6-94a4667a8dfb,sudamala-resort-sanur-wellness-yoga-sanur,venue,,project_owner_global_authorization,MEDIA-002,venues.photo_url:sudamala-resort-sanur-wellness-yoga-sanur,NOT_CREATED_DRY_RUN,true,READY_FOR_MAPPING,,
owner-photo-candidates,owner-candidates/v1/sudamala-resort-sanur-wellness-yoga-sanur/6311cc45f6e6b0b419409f5e1b03bdbc47dd4f90c0516f236bc652de980e84e3.jpg,egkdapqwkfprtyqvvnso,true,6311cc45f6e6b0b419409f5e1b03bdbc47dd4f90c0516f236bc652de980e84e3,image/jpeg,292649,1920,1177,sudamala-resort-sanur-wellness-yoga-sanur,ddd05fd9-b75d-42e1-bdb6-94a4667a8dfb,sudamala-resort-sanur-wellness-yoga-sanur,venue,DUP-061,project_owner_global_authorization,MEDIA-002,,NOT_CREATED_DRY_RUN,false,CANONICALIZE_DUPLICATE_PRESERVE_ASSOCIATIONS,duplicate_content_hash,share canonical bytes; preserve logical association
owner-photo-candidates,owner-candidates/v1/sudamala-resort-sanur-wellness-yoga-sanur/6f6e22840e607884b6825ce1bf2cceac5d794dcba763365641b4a0fb548c8376.jpg,egkdapqwkfprtyqvvnso,true,6f6e22840e607884b6825ce1bf2cceac5d794dcba763365641b4a0fb548c8376,image/jpeg,193861,1000,749,sudamala-resort-sanur-wellness-yoga-sanur,ddd05fd9-b75d-42e1-bdb6-94a4667a8dfb,sudamala-resort-sanur-wellness-yoga-sanur,venue,,project_owner_global_authorization,MEDIA-002,,NOT_CREATED_DRY_RUN,false,READY_FOR_MAPPING,,
owner-photo-candidates,owner-candidates/v1/sudamala-resort-sanur-wellness-yoga-sanur/8208e0063b1aad59a112cb7a1626dbb9ee68bcaa02bcaccf300c389b202c9af2.jpg,egkdapqwkfprtyqvvnso,true,8208e0063b1aad59a112cb7a1626dbb9ee68bcaa02bcaccf300c389b202c9af2,image/jpeg,174843,1920,1446,sudamala-resort-sanur-wellness-yoga-sanur,ddd05fd9-b75d-42e1-bdb6-94a4667a8dfb,sudamala-resort-sanur-wellness-yoga-sanur,venue,DUP-062,project_owner_global_authorization,MEDIA-002,,NOT_CREATED_DRY_RUN,false,CANONICALIZE_DUPLICATE_PRESERVE_ASSOCIATIONS,duplicate_content_hash,share canonical bytes; preserve logical association
owner-photo-candidates,owner-candidates/v1/sudamala-resort-sanur-wellness-yoga-sanur/b754cc0b795d0dbdcc67f084cb9f7b5472659337f288732f2f3f050ee389430b.jpg,egkdapqwkfprtyqvvnso,true,b754cc0b795d0dbdcc67f084cb9f7b5472659337f288732f2f3f050ee389430b,image/jpeg,1201693,1742,980,sudamala-resort-sanur-wellness-yoga-sanur,ddd05fd9-b75d-42e1-bdb6-94a4667a8dfb,sudamala-resort-sanur-wellness-yoga-sanur,venue,,project_owner_global_authorization,MEDIA-002,,NOT_CREATED_DRY_RUN,false,READY_FOR_MAPPING,,
owner-photo-candidates,owner-candidates/v1/sudamala-resort-sanur-wellness-yoga-sanur/e894e22087ace2f032e6f06ccc5677065f8c3f0cd5a0ff03c6653d0b17e88c36.jpg,egkdapqwkfprtyqvvnso,true,e894e22087ace2f032e6f06ccc5677065f8c3f0cd5a0ff03c6653d0b17e88c36,image/jpeg,455268,2560,1681,sudamala-resort-sanur-wellness-yoga-sanur,ddd05fd9-b75d-42e1-bdb6-94a4667a8dfb,sudamala-resort-sanur-wellness-yoga-sanur,venue,DUP-063,project_owner_global_authorization,MEDIA-002,,NOT_CREATED_DRY_RUN,false,CANONICALIZE_DUPLICATE_PRESERVE_ASSOCIATIONS,duplicate_content_hash,share canonical bytes; preserve logical association
owner-photo-candidates,owner-candidates/v1/suka-espresso-ubud/50047f0fde69473429dfc11df5e721650bde0460cec9fa1591d870896ddd12d2.webp,egkdapqwkfprtyqvvnso,true,50047f0fde69473429dfc11df5e721650bde0460cec9fa1591d870896ddd12d2,image/webp,429948,2500,1667,suka-espresso-ubud,959e45e0-7cbb-41b5-909a-712a48ed2bb9,suka-espresso-ubud,venue,,project_owner_global_authorization,MEDIA-002,venues.photo_url:suka-espresso-ubud,NOT_CREATED_DRY_RUN,true,READY_FOR_MAPPING,,
owner-photo-candidates,owner-candidates/v1/suka-espresso-ubud/61bcb26359067ad518ff87e9132248b06d2178f786da99b85ffe862d70bc2415.webp,egkdapqwkfprtyqvvnso,true,61bcb26359067ad518ff87e9132248b06d2178f786da99b85ffe862d70bc2415,image/webp,212392,1093,1639,suka-espresso-ubud,959e45e0-7cbb-41b5-909a-712a48ed2bb9,suka-espresso-ubud,venue,,project_owner_global_authorization,MEDIA-002,,NOT_CREATED_DRY_RUN,false,READY_FOR_MAPPING,,
owner-photo-candidates,owner-candidates/v1/suka-espresso-ubud/b3951ac034b44442c46b1dfb3bd86f1c4616f4eec672338b1c4d7eeb5c0eea85.webp,egkdapqwkfprtyqvvnso,true,b3951ac034b44442c46b1dfb3bd86f1c4616f4eec672338b1c4d7eeb5c0eea85,image/webp,887498,2000,3000,suka-espresso-ubud,959e45e0-7cbb-41b5-909a-712a48ed2bb9,suka-espresso-ubud,venue,,project_owner_global_authorization,MEDIA-002,,NOT_CREATED_DRY_RUN,false,READY_FOR_MAPPING,,
owner-photo-candidates,owner-candidates/v1/sundara/1d9ad097e59de4cec446ecefd4df776aac9acd64db472ffb7dc0a98b777ae367.jpg,egkdapqwkfprtyqvvnso,true,1d9ad097e59de4cec446ecefd4df776aac9acd64db472ffb7dc0a98b777ae367,image/jpeg,229795,1200,800,sundara,v_import_sundara,sundara,venue,,project_owner_global_authorization,MEDIA-002,venues.photo_url:sundara,NOT_CREATED_DRY_RUN,true,READY_FOR_MAPPING,,
owner-photo-candidates,owner-candidates/v1/sundara/e75ac541a18f7c43a71bc1e52207ecd8b56f5d4e04b6df3213663453e9e5d850.avif,egkdapqwkfprtyqvvnso,true,e75ac541a18f7c43a71bc1e52207ecd8b56f5d4e04b6df3213663453e9e5d850,image/heif,55112,1200,600,sundara,v_import_sundara,sundara,venue,,project_owner_global_authorization,MEDIA-002,,NOT_CREATED_DRY_RUN,false,READY_FOR_MAPPING,,
owner-photo-candidates,owner-candidates/v1/sundara/f4ccdae202154fc73510b32803dad5215e17829c3e387300ddb3b3571a5f94a6.jpg,egkdapqwkfprtyqvvnso,true,f4ccdae202154fc73510b32803dad5215e17829c3e387300ddb3b3571a5f94a6,image/jpeg,160259,1200,800,sundara,v_import_sundara,sundara,venue,,project_owner_global_authorization,MEDIA-002,,NOT_CREATED_DRY_RUN,false,READY_FOR_MAPPING,,
owner-photo-candidates,owner-candidates/v1/sundari-day-spa-seminyak/1187c88ec557d287c804d332c07cf2d3c2bcdfcc1ac47b1c8c4fdecdd3e9765c.jpg,egkdapqwkfprtyqvvnso,true,1187c88ec557d287c804d332c07cf2d3c2bcdfcc1ac47b1c8c4fdecdd3e9765c,image/jpeg,246215,1920,1280,sundari-day-spa-seminyak,6a77b336-10aa-49f3-ab2f-d06aa1c1c130,sundari-day-spa-seminyak,venue,,project_owner_global_authorization,MEDIA-002,venues.photo_url:sundari-day-spa-seminyak,NOT_CREATED_DRY_RUN,true,READY_FOR_MAPPING,,
owner-photo-candidates,owner-candidates/v1/sundari-day-spa-seminyak/4a9596bf5a255f96141067d53965226810142283d3f3d1f3c22390ed0cc841f7.jpg,egkdapqwkfprtyqvvnso,true,4a9596bf5a255f96141067d53965226810142283d3f3d1f3c22390ed0cc841f7,image/jpeg,243493,1920,1080,sundari-day-spa-seminyak,6a77b336-10aa-49f3-ab2f-d06aa1c1c130,sundari-day-spa-seminyak,venue,,project_owner_global_authorization,MEDIA-002,,NOT_CREATED_DRY_RUN,false,READY_FOR_MAPPING,,
owner-photo-candidates,owner-candidates/v1/sundari-day-spa-seminyak/66e6381a26bb4c9a1b2b020b4697d93e3c3e86136abbd1a63991c94daebc38ed.jpg,egkdapqwkfprtyqvvnso,true,66e6381a26bb4c9a1b2b020b4697d93e3c3e86136abbd1a63991c94daebc38ed,image/jpeg,201710,1920,1280,sundari-day-spa-seminyak,6a77b336-10aa-49f3-ab2f-d06aa1c1c130,sundari-day-spa-seminyak,venue,,project_owner_global_authorization,MEDIA-002,,NOT_CREATED_DRY_RUN,false,READY_FOR_MAPPING,,
owner-photo-candidates,owner-candidates/v1/sunset-beach-bar-and-grill/2311348ade03b2445cae36e1bea0c367a20e6260cfdbbfba6f79d4d402bb36bf.avif,egkdapqwkfprtyqvvnso,true,2311348ade03b2445cae36e1bea0c367a20e6260cfdbbfba6f79d4d402bb36bf,image/heif,726400,4000,2000,sunset-beach-bar-and-grill,v_import_sunset_beach_bar_and_grill,sunset-beach-bar-and-grill,venue,,project_owner_global_authorization,MEDIA-002,venues.photo_url:sunset-beach-bar-and-grill,NOT_CREATED_DRY_RUN,true,READY_FOR_MAPPING,,
owner-photo-candidates,owner-candidates/v1/sunset-beach-bar-and-grill/5e20616da1accdd87618e486f25d4b637bfa9026c3ab7e53b180eb2fca6c45f6.webp,egkdapqwkfprtyqvvnso,true,5e20616da1accdd87618e486f25d4b637bfa9026c3ab7e53b180eb2fca6c45f6,image/webp,792282,4000,2000,sunset-beach-bar-and-grill,v_import_sunset_beach_bar_and_grill,sunset-beach-bar-and-grill,venue,DUP-011,project_owner_global_authorization,MEDIA-002,,NOT_CREATED_DRY_RUN,false,CANONICALIZE_DUPLICATE_PRESERVE_ASSOCIATIONS,duplicate_content_hash,share canonical bytes; preserve logical association
owner-photo-candidates,owner-candidates/v1/sunset-beach-bar-and-grill/6210a736abca74afbe81b6dc263e2481575ae04da32776add798e1aca17e657d.avif,egkdapqwkfprtyqvvnso,true,6210a736abca74afbe81b6dc263e2481575ae04da32776add798e1aca17e657d,image/heif,75797,1100,550,sunset-beach-bar-and-grill,v_import_sunset_beach_bar_and_grill,sunset-beach-bar-and-grill,venue,DUP-012,project_owner_global_authorization,MEDIA-002,,NOT_CREATED_DRY_RUN,false,CANONICALIZE_DUPLICATE_PRESERVE_ASSOCIATIONS,duplicate_content_hash,share canonical bytes; preserve logical association
owner-photo-candidates,owner-candidates/v1/sunset-beach-bar-and-grill/72c469c1aa6fedf3ef872a0c00e5ef4fcfd148ce38bed7a9c18ec05e95b0f316.avif,egkdapqwkfprtyqvvnso,true,72c469c1aa6fedf3ef872a0c00e5ef4fcfd148ce38bed7a9c18ec05e95b0f316,image/heif,84186,1100,550,sunset-beach-bar-and-grill,v_import_sunset_beach_bar_and_grill,sunset-beach-bar-and-grill,venue,,project_owner_global_authorization,MEDIA-002,,NOT_CREATED_DRY_RUN,false,READY_FOR_MAPPING,,
owner-photo-candidates,owner-candidates/v1/sunset-beach-bar-and-grill/928cb8b47f3a16d4d928695295eb265520b67066705b9203f6bf96f43993ecda.avif,egkdapqwkfprtyqvvnso,true,928cb8b47f3a16d4d928695295eb265520b67066705b9203f6bf96f43993ecda,image/heif,52623,733,550,sunset-beach-bar-and-grill,v_import_sunset_beach_bar_and_grill,sunset-beach-bar-and-grill,venue,DUP-013,project_owner_global_authorization,MEDIA-002,,NOT_CREATED_DRY_RUN,false,CANONICALIZE_DUPLICATE_PRESERVE_ASSOCIATIONS,duplicate_content_hash,share canonical bytes; preserve logical association
owner-photo-candidates,owner-candidates/v1/sunset-beach-bar-and-grill/d8308743c6645f34976bed28a5475949fb548c8b9720f51e3cb35889b7e3fe7c.avif,egkdapqwkfprtyqvvnso,true,d8308743c6645f34976bed28a5475949fb548c8b9720f51e3cb35889b7e3fe7c,image/heif,160253,1100,550,sunset-beach-bar-and-grill,v_import_sunset_beach_bar_and_grill,sunset-beach-bar-and-grill,venue,,project_owner_global_authorization,MEDIA-002,,NOT_CREATED_DRY_RUN,false,READY_FOR_MAPPING,,
owner-photo-candidates,owner-candidates/v1/svaha-spa-beauty-ubud-ubud/39cf8c1625b5740ed68b794fada78c8b390b95aef42b43544eb4bdff446d909c.jpg,egkdapqwkfprtyqvvnso,true,39cf8c1625b5740ed68b794fada78c8b390b95aef42b43544eb4bdff446d909c,image/jpeg,397643,1080,1350,svaha-spa-beauty-ubud-ubud,4ec2ab78-ac24-45a6-8f2f-9f6c9bc2256d,svaha-spa-beauty-ubud-ubud,venue,,project_owner_global_authorization,MEDIA-002,venues.photo_url:svaha-spa-beauty-ubud-ubud,NOT_CREATED_DRY_RUN,true,READY_FOR_MAPPING,,
owner-photo-candidates,owner-candidates/v1/svaha-spa-beauty-ubud-ubud/9fee1352d4e435f1ad9753a73c7c11867010edc88b1e77f6bcf2a9e1b7376df0.jpg,egkdapqwkfprtyqvvnso,true,9fee1352d4e435f1ad9753a73c7c11867010edc88b1e77f6bcf2a9e1b7376df0,image/jpeg,353026,1080,1920,svaha-spa-beauty-ubud-ubud,4ec2ab78-ac24-45a6-8f2f-9f6c9bc2256d,svaha-spa-beauty-ubud-ubud,venue,,project_owner_global_authorization,MEDIA-002,,NOT_CREATED_DRY_RUN,false,READY_FOR_MAPPING,,
owner-photo-candidates,owner-candidates/v1/svaha-spa-beauty-ubud-ubud/d17b974d8b8684033289c512f444d0c3fa111d9cb70b48f56b3783945f19dccb.jpg,egkdapqwkfprtyqvvnso,true,d17b974d8b8684033289c512f444d0c3fa111d9cb70b48f56b3783945f19dccb,image/jpeg,184095,720,900,svaha-spa-beauty-ubud-ubud,4ec2ab78-ac24-45a6-8f2f-9f6c9bc2256d,svaha-spa-beauty-ubud-ubud,venue,,project_owner_global_authorization,MEDIA-002,,NOT_CREATED_DRY_RUN,false,READY_FOR_MAPPING,,
owner-photo-candidates,owner-candidates/v1/svaha-spa-bingin/3ecea302579ee06732c4be8509cd0cf852a1baa736f63ab2d2f6cf342d230631.webp,egkdapqwkfprtyqvvnso,true,3ecea302579ee06732c4be8509cd0cf852a1baa736f63ab2d2f6cf342d230631,image/webp,191608,1920,1280,svaha-spa-bingin,wbimp_svaha-spa-bingin,svaha-spa-bingin,venue,,project_owner_global_authorization,MEDIA-002,venues.photo_url:svaha-spa-bingin,NOT_CREATED_DRY_RUN,true,READY_FOR_MAPPING,,
owner-photo-candidates,owner-candidates/v1/svaha-spa-bingin/aecc9d9b239abf367a3944177fbda34f87dc86fe47a30f4ce79c13f85072b2e6.webp,egkdapqwkfprtyqvvnso,true,aecc9d9b239abf367a3944177fbda34f87dc86fe47a30f4ce79c13f85072b2e6,image/webp,551696,2560,1707,svaha-spa-bingin,wbimp_svaha-spa-bingin,svaha-spa-bingin,venue,,project_owner_global_authorization,MEDIA-002,,NOT_CREATED_DRY_RUN,false,READY_FOR_MAPPING,,
owner-photo-candidates,owner-candidates/v1/svaha-spa-bingin/b48b85990deb2e3c043e3d08a1f02cdb128d67fdb312a7effa32e6439be0746b.webp,egkdapqwkfprtyqvvnso,true,b48b85990deb2e3c043e3d08a1f02cdb128d67fdb312a7effa32e6439be0746b,image/webp,157096,1280,1920,svaha-spa-bingin,wbimp_svaha-spa-bingin,svaha-spa-bingin,venue,,project_owner_global_authorization,MEDIA-002,,NOT_CREATED_DRY_RUN,false,READY_FOR_MAPPING,,
owner-photo-candidates,owner-candidates/v1/svaha-spa-bisma-ubud/06e9dc56441df8eebed3012b6b575d6893b1be3d6b412cb1556e1eceae0d261d.webp,egkdapqwkfprtyqvvnso,true,06e9dc56441df8eebed3012b6b575d6893b1be3d6b412cb1556e1eceae0d261d,image/webp,68624,1080,720,svaha-spa-bisma-ubud,1b2650b4-4f5a-40a7-9aba-98fa6337f2a3,svaha-spa-bisma-ubud,venue,,project_owner_global_authorization,MEDIA-002,venues.photo_url:svaha-spa-bisma-ubud,NOT_CREATED_DRY_RUN,true,READY_FOR_MAPPING,,
owner-photo-candidates,owner-candidates/v1/svaha-spa-bisma-ubud/3320dff241dcf703fec19cebccf50692b0b2514548e861095f11e69cc512bd54.webp,egkdapqwkfprtyqvvnso,true,3320dff241dcf703fec19cebccf50692b0b2514548e861095f11e69cc512bd54,image/webp,62432,1080,720,svaha-spa-bisma-ubud,1b2650b4-4f5a-40a7-9aba-98fa6337f2a3,svaha-spa-bisma-ubud,venue,,project_owner_global_authorization,MEDIA-002,,NOT_CREATED_DRY_RUN,false,READY_FOR_MAPPING,,
owner-photo-candidates,owner-candidates/v1/svaha-spa-bisma-ubud/e330266d1fd1c20a90ca96055426e82253b8d1c3a090cdc98b33eab82edf8db9.webp,egkdapqwkfprtyqvvnso,true,e330266d1fd1c20a90ca96055426e82253b8d1c3a090cdc98b33eab82edf8db9,image/webp,65172,1080,720,svaha-spa-bisma-ubud,1b2650b4-4f5a-40a7-9aba-98fa6337f2a3,svaha-spa-bisma-ubud,venue,,project_owner_global_authorization,MEDIA-002,,NOT_CREATED_DRY_RUN,false,READY_FOR_MAPPING,,
owner-photo-candidates,owner-candidates/v1/swarna-spa-and-wellness/840422702c4b51b8731fed90356d6910df088e2a298b6ea32d52694b040f1af6.jpg,egkdapqwkfprtyqvvnso,true,840422702c4b51b8731fed90356d6910df088e2a298b6ea32d52694b040f1af6,image/jpeg,200293,2048,1365,swarna-spa-and-wellness,v_import_swarna_spa_and_wellness,swarna-spa-and-wellness,venue,,project_owner_global_authorization,MEDIA-002,venues.photo_url:swarna-spa-and-wellness,NOT_CREATED_DRY_RUN,true,READY_FOR_MAPPING,,
owner-photo-candidates,owner-candidates/v1/swarna-spa-and-wellness/c71420e1d6723258e8691781e7a346e43c24ccff0f859ee103c9b9777d4c9616.jpg,egkdapqwkfprtyqvvnso,true,c71420e1d6723258e8691781e7a346e43c24ccff0f859ee103c9b9777d4c9616,image/jpeg,259160,2560,1707,swarna-spa-and-wellness,v_import_swarna_spa_and_wellness,swarna-spa-and-wellness,venue,,project_owner_global_authorization,MEDIA-002,,NOT_CREATED_DRY_RUN,false,READY_FOR_MAPPING,,
owner-photo-candidates,owner-candidates/v1/swarna-spa-and-wellness/ea34f98377577ccfaccb6a400dd7bfe1814032d348f7c21917abcbd1bfbf6988.jpg,egkdapqwkfprtyqvvnso,true,ea34f98377577ccfaccb6a400dd7bfe1814032d348f7c21917abcbd1bfbf6988,image/jpeg,256814,2048,1365,swarna-spa-and-wellness,v_import_swarna_spa_and_wellness,swarna-spa-and-wellness,venue,,project_owner_global_authorization,MEDIA-002,,NOT_CREATED_DRY_RUN,false,READY_FOR_MAPPING,,
owner-photo-candidates,owner-candidates/v1/taksu-spa-beauty-ubud/196b16870498ed155707306abf1c7434a95689abc4dd21ea68cea50acc632a70.webp,egkdapqwkfprtyqvvnso,true,196b16870498ed155707306abf1c7434a95689abc4dd21ea68cea50acc632a70,image/webp,126238,900,600,taksu-spa-beauty-ubud,e3e71b37-1206-4923-9500-02b42db6c567,taksu-spa-beauty-ubud,venue,DUP-064,project_owner_global_authorization,MEDIA-002,venues.photo_url:taksu-spa-beauty-ubud,NOT_CREATED_DRY_RUN,true,CANONICALIZE_DUPLICATE_PRESERVE_ASSOCIATIONS,duplicate_content_hash,share canonical bytes; preserve logical association
owner-photo-candidates,owner-candidates/v1/taksu-spa-beauty-ubud/73da478be32d649eaba28600d3a117898c1cdb83f3993808a737c67114f6b381.webp,egkdapqwkfprtyqvvnso,true,73da478be32d649eaba28600d3a117898c1cdb83f3993808a737c67114f6b381,image/webp,101248,776,864,taksu-spa-beauty-ubud,e3e71b37-1206-4923-9500-02b42db6c567,taksu-spa-beauty-ubud,venue,,project_owner_global_authorization,MEDIA-002,,NOT_CREATED_DRY_RUN,false,READY_FOR_MAPPING,,
owner-photo-candidates,owner-candidates/v1/taksu-spa-beauty-ubud/a3c89bab856f8cef8db9000f554f3f5124424fa88cba636e137b0b0ed8c2dff2.webp,egkdapqwkfprtyqvvnso,true,a3c89bab856f8cef8db9000f554f3f5124424fa88cba636e137b0b0ed8c2dff2,image/webp,52650,776,864,taksu-spa-beauty-ubud,e3e71b37-1206-4923-9500-02b42db6c567,taksu-spa-beauty-ubud,venue,,project_owner_global_authorization,MEDIA-002,,NOT_CREATED_DRY_RUN,false,READY_FOR_MAPPING,,
owner-photo-candidates,owner-candidates/v1/taksu-spa-beauty-ubud/bad71f856570ce2ad8c3d1cc77f0049d6dd4d50d398492edb7b6f0e773daf50c.webp,egkdapqwkfprtyqvvnso,true,bad71f856570ce2ad8c3d1cc77f0049d6dd4d50d398492edb7b6f0e773daf50c,image/webp,177636,933,1014,taksu-spa-beauty-ubud,e3e71b37-1206-4923-9500-02b42db6c567,taksu-spa-beauty-ubud,venue,DUP-065,project_owner_global_authorization,MEDIA-002,,NOT_CREATED_DRY_RUN,false,CANONICALIZE_DUPLICATE_PRESERVE_ASSOCIATIONS,duplicate_content_hash,share canonical bytes; preserve logical association
owner-photo-candidates,owner-candidates/v1/taksu-spa-beauty-ubud/cd777a58734c150f6fae0d5842135d7f173c1d85670c634731eec01e7ebcbcc2.webp,egkdapqwkfprtyqvvnso,true,cd777a58734c150f6fae0d5842135d7f173c1d85670c634731eec01e7ebcbcc2,image/webp,169862,1200,800,taksu-spa-beauty-ubud,e3e71b37-1206-4923-9500-02b42db6c567,taksu-spa-beauty-ubud,venue,DUP-066,project_owner_global_authorization,MEDIA-002,,NOT_CREATED_DRY_RUN,false,CANONICALIZE_DUPLICATE_PRESERVE_ASSOCIATIONS,duplicate_content_hash,share canonical bytes; preserve logical association
owner-photo-candidates,owner-candidates/v1/taksu-spa-beauty-ubud/d548a98bac687015ed060b1eefadf0770d1e4c98882aac5554a1a66dbfbafa64.webp,egkdapqwkfprtyqvvnso,true,d548a98bac687015ed060b1eefadf0770d1e4c98882aac5554a1a66dbfbafa64,image/webp,59618,776,864,taksu-spa-beauty-ubud,e3e71b37-1206-4923-9500-02b42db6c567,taksu-spa-beauty-ubud,venue,,project_owner_global_authorization,MEDIA-002,,NOT_CREATED_DRY_RUN,false,READY_FOR_MAPPING,,
owner-photo-candidates,owner-candidates/v1/taksu-spa-ubud/196b16870498ed155707306abf1c7434a95689abc4dd21ea68cea50acc632a70.webp,egkdapqwkfprtyqvvnso,true,196b16870498ed155707306abf1c7434a95689abc4dd21ea68cea50acc632a70,image/webp,126238,900,600,taksu-spa-ubud,bde0bdf2-91aa-4fda-a140-612821177b90,taksu-spa-ubud,venue,DUP-064,project_owner_global_authorization,MEDIA-002,venues.photo_url:taksu-spa-ubud,NOT_CREATED_DRY_RUN,true,CANONICALIZE_DUPLICATE_PRESERVE_ASSOCIATIONS,duplicate_content_hash,share canonical bytes; preserve logical association
owner-photo-candidates,owner-candidates/v1/taksu-spa-ubud/1eafdf284eaad832863604def33b6df8b2e3a68da1ec8fed6c352ea3e28d7e92.webp,egkdapqwkfprtyqvvnso,true,1eafdf284eaad832863604def33b6df8b2e3a68da1ec8fed6c352ea3e28d7e92,image/webp,101820,736,484,taksu-spa-ubud,bde0bdf2-91aa-4fda-a140-612821177b90,taksu-spa-ubud,venue,,project_owner_global_authorization,MEDIA-002,,NOT_CREATED_DRY_RUN,false,READY_FOR_MAPPING,,
owner-photo-candidates,owner-candidates/v1/taksu-spa-ubud/9702ddfa5779941bddd1b2d4561ed8d917787025cf0149f4a4804b6d4dd9076b.webp,egkdapqwkfprtyqvvnso,true,9702ddfa5779941bddd1b2d4561ed8d917787025cf0149f4a4804b6d4dd9076b,image/webp,62980,736,484,taksu-spa-ubud,bde0bdf2-91aa-4fda-a140-612821177b90,taksu-spa-ubud,venue,,project_owner_global_authorization,MEDIA-002,,NOT_CREATED_DRY_RUN,false,READY_FOR_MAPPING,,
owner-photo-candidates,owner-candidates/v1/taksu-spa-ubud/bad71f856570ce2ad8c3d1cc77f0049d6dd4d50d398492edb7b6f0e773daf50c.webp,egkdapqwkfprtyqvvnso,true,bad71f856570ce2ad8c3d1cc77f0049d6dd4d50d398492edb7b6f0e773daf50c,image/webp,177636,933,1014,taksu-spa-ubud,bde0bdf2-91aa-4fda-a140-612821177b90,taksu-spa-ubud,venue,DUP-065,project_owner_global_authorization,MEDIA-002,,NOT_CREATED_DRY_RUN,false,CANONICALIZE_DUPLICATE_PRESERVE_ASSOCIATIONS,duplicate_content_hash,share canonical bytes; preserve logical association
owner-photo-candidates,owner-candidates/v1/taksu-spa-ubud/cd777a58734c150f6fae0d5842135d7f173c1d85670c634731eec01e7ebcbcc2.webp,egkdapqwkfprtyqvvnso,true,cd777a58734c150f6fae0d5842135d7f173c1d85670c634731eec01e7ebcbcc2,image/webp,169862,1200,800,taksu-spa-ubud,bde0bdf2-91aa-4fda-a140-612821177b90,taksu-spa-ubud,venue,DUP-066,project_owner_global_authorization,MEDIA-002,,NOT_CREATED_DRY_RUN,false,CANONICALIZE_DUPLICATE_PRESERVE_ASSOCIATIONS,duplicate_content_hash,share canonical bytes; preserve logical association
owner-photo-candidates,owner-candidates/v1/tetaring/0318edc4b86d9382292c06b2dde8b9807f6835e9db5a29817cf661ba7122b3b1.jpg,egkdapqwkfprtyqvvnso,true,0318edc4b86d9382292c06b2dde8b9807f6835e9db5a29817cf661ba7122b3b1,image/jpeg,658036,1631,1075,tetaring,v_import_tetaring,tetaring,venue,,project_owner_global_authorization,MEDIA-002,venues.photo_url:tetaring,NOT_CREATED_DRY_RUN,true,READY_FOR_MAPPING,,
owner-photo-candidates,owner-candidates/v1/tetaring/5487ac5efcc967fbedb080067f0dd60baf76c7e82f22ad00dfd8bd707f463183.jpg,egkdapqwkfprtyqvvnso,true,5487ac5efcc967fbedb080067f0dd60baf76c7e82f22ad00dfd8bd707f463183,image/jpeg,543306,1631,1075,tetaring,v_import_tetaring,tetaring,venue,,project_owner_global_authorization,MEDIA-002,,NOT_CREATED_DRY_RUN,false,READY_FOR_MAPPING,,
owner-photo-candidates,owner-candidates/v1/tetaring/7dc3d4fc8f7c2751b4f764eeb36a8e2eaaec7d0762b9bd1fc993e724cc49bc48.jpg,egkdapqwkfprtyqvvnso,true,7dc3d4fc8f7c2751b4f764eeb36a8e2eaaec7d0762b9bd1fc993e724cc49bc48,image/jpeg,191394,1349,2023,tetaring,v_import_tetaring,tetaring,venue,,project_owner_global_authorization,MEDIA-002,,NOT_CREATED_DRY_RUN,false,READY_FOR_MAPPING,,
owner-photo-candidates,owner-candidates/v1/the-apurva-kempinski-fitness-centre-nusa-dua/44bf5151f3ab1c0577fe180d8e7fb5c7efa687e91dc2dc99ca6be4e01995889a.avif,egkdapqwkfprtyqvvnso,true,44bf5151f3ab1c0577fe180d8e7fb5c7efa687e91dc2dc99ca6be4e01995889a,image/heif,407004,1920,1201,the-apurva-kempinski-fitness-centre-nusa-dua,51959428-e3b9-4deb-940c-158776da067a,the-apurva-kempinski-fitness-centre-nusa-dua,venue,DUP-039,project_owner_global_authorization,MEDIA-002,venues.photo_url:the-apurva-kempinski-fitness-centre-nusa-dua,NOT_CREATED_DRY_RUN,true,CANONICALIZE_DUPLICATE_PRESERVE_ASSOCIATIONS,duplicate_content_hash,share canonical bytes; preserve logical association
owner-photo-candidates,owner-candidates/v1/the-apurva-kempinski-fitness-centre-nusa-dua/7efbc910d1ec62ce5d4b79ff73f04df9e1dcb3fb1d1fe55d4d7d7b15e139105a.webp,egkdapqwkfprtyqvvnso,true,7efbc910d1ec62ce5d4b79ff73f04df9e1dcb3fb1d1fe55d4d7d7b15e139105a,image/webp,330772,1920,1547,the-apurva-kempinski-fitness-centre-nusa-dua,51959428-e3b9-4deb-940c-158776da067a,the-apurva-kempinski-fitness-centre-nusa-dua,venue,,project_owner_global_authorization,MEDIA-002,,NOT_CREATED_DRY_RUN,false,READY_FOR_MAPPING,,
owner-photo-candidates,owner-candidates/v1/the-apurva-kempinski-fitness-centre-nusa-dua/d96b0a6e9138c1f35a78eb414ad0aa111d07b3f4158e9b15922543866b24de2a.webp,egkdapqwkfprtyqvvnso,true,d96b0a6e9138c1f35a78eb414ad0aa111d07b3f4158e9b15922543866b24de2a,image/webp,173880,1920,1632,the-apurva-kempinski-fitness-centre-nusa-dua,51959428-e3b9-4deb-940c-158776da067a,the-apurva-kempinski-fitness-centre-nusa-dua,venue,,project_owner_global_authorization,MEDIA-002,,NOT_CREATED_DRY_RUN,false,READY_FOR_MAPPING,,
owner-photo-candidates,owner-candidates/v1/the-apurva-kempinski-fitness-centre-nusa-dua/e31f69abde73af5c62b804596935613b4a0f7765be51f65f792eb3a3bf94a14b.webp,egkdapqwkfprtyqvvnso,true,e31f69abde73af5c62b804596935613b4a0f7765be51f65f792eb3a3bf94a14b,image/webp,263130,1920,1440,the-apurva-kempinski-fitness-centre-nusa-dua,51959428-e3b9-4deb-940c-158776da067a,the-apurva-kempinski-fitness-centre-nusa-dua,venue,,project_owner_global_authorization,MEDIA-002,,NOT_CREATED_DRY_RUN,false,READY_FOR_MAPPING,,
owner-photo-candidates,owner-candidates/v1/the-apurva-kempinski-fitness-centre-nusa-dua/f1a1f7208e05c31c913a0c1025bb31051c9d4e336e28a37e831152791c0100ff.avif,egkdapqwkfprtyqvvnso,true,f1a1f7208e05c31c913a0c1025bb31051c9d4e336e28a37e831152791c0100ff,image/heif,458245,1920,1081,the-apurva-kempinski-fitness-centre-nusa-dua,51959428-e3b9-4deb-940c-158776da067a,the-apurva-kempinski-fitness-centre-nusa-dua,venue,DUP-067,project_owner_global_authorization,MEDIA-002,,NOT_CREATED_DRY_RUN,false,CANONICALIZE_DUPLICATE_PRESERVE_ASSOCIATIONS,duplicate_content_hash,share canonical bytes; preserve logical association
owner-photo-candidates,owner-candidates/v1/the-apurva-kempinski-fitness-centre-nusa-dua/f3ac475a8285ed661a4c6ebb7909708945fdc0c8a0dbca9406daa2d23c0064cb.webp,egkdapqwkfprtyqvvnso,true,f3ac475a8285ed661a4c6ebb7909708945fdc0c8a0dbca9406daa2d23c0064cb,image/webp,338620,1920,1440,the-apurva-kempinski-fitness-centre-nusa-dua,51959428-e3b9-4deb-940c-158776da067a,the-apurva-kempinski-fitness-centre-nusa-dua,venue,DUP-029,project_owner_global_authorization,MEDIA-002,,NOT_CREATED_DRY_RUN,false,CANONICALIZE_DUPLICATE_PRESERVE_ASSOCIATIONS,duplicate_content_hash,share canonical bytes; preserve logical association
owner-photo-candidates,owner-candidates/v1/the-apurva-kempinski-yoga-nusa-dua/44bf5151f3ab1c0577fe180d8e7fb5c7efa687e91dc2dc99ca6be4e01995889a.avif,egkdapqwkfprtyqvvnso,true,44bf5151f3ab1c0577fe180d8e7fb5c7efa687e91dc2dc99ca6be4e01995889a,image/heif,407004,1920,1201,the-apurva-kempinski-yoga-nusa-dua,9c6a69d4-16e1-44b8-8837-deaf0197ce21,the-apurva-kempinski-yoga-nusa-dua,venue,DUP-039,project_owner_global_authorization,MEDIA-002,venues.photo_url:the-apurva-kempinski-yoga-nusa-dua,NOT_CREATED_DRY_RUN,true,CANONICALIZE_DUPLICATE_PRESERVE_ASSOCIATIONS,duplicate_content_hash,share canonical bytes; preserve logical association
owner-photo-candidates,owner-candidates/v1/the-apurva-kempinski-yoga-nusa-dua/b1996376d33aa94cddb282599534e8570bda584d2c74173221ba6719dbe8e9b9.avif,egkdapqwkfprtyqvvnso,true,b1996376d33aa94cddb282599534e8570bda584d2c74173221ba6719dbe8e9b9,image/heif,100816,1920,1280,the-apurva-kempinski-yoga-nusa-dua,9c6a69d4-16e1-44b8-8837-deaf0197ce21,the-apurva-kempinski-yoga-nusa-dua,venue,,project_owner_global_authorization,MEDIA-002,,NOT_CREATED_DRY_RUN,false,READY_FOR_MAPPING,,
owner-photo-candidates,owner-candidates/v1/the-apurva-kempinski-yoga-nusa-dua/f1a1f7208e05c31c913a0c1025bb31051c9d4e336e28a37e831152791c0100ff.avif,egkdapqwkfprtyqvvnso,true,f1a1f7208e05c31c913a0c1025bb31051c9d4e336e28a37e831152791c0100ff,image/heif,458245,1920,1081,the-apurva-kempinski-yoga-nusa-dua,9c6a69d4-16e1-44b8-8837-deaf0197ce21,the-apurva-kempinski-yoga-nusa-dua,venue,DUP-067,project_owner_global_authorization,MEDIA-002,,NOT_CREATED_DRY_RUN,false,CANONICALIZE_DUPLICATE_PRESERVE_ASSOCIATIONS,duplicate_content_hash,share canonical bytes; preserve logical association
owner-photo-candidates,owner-candidates/v1/the-apurva-kempinski-yoga-nusa-dua/f3ac475a8285ed661a4c6ebb7909708945fdc0c8a0dbca9406daa2d23c0064cb.webp,egkdapqwkfprtyqvvnso,true,f3ac475a8285ed661a4c6ebb7909708945fdc0c8a0dbca9406daa2d23c0064cb,image/webp,338620,1920,1440,the-apurva-kempinski-yoga-nusa-dua,9c6a69d4-16e1-44b8-8837-deaf0197ce21,the-apurva-kempinski-yoga-nusa-dua,venue,DUP-029,project_owner_global_authorization,MEDIA-002,,NOT_CREATED_DRY_RUN,false,CANONICALIZE_DUPLICATE_PRESERVE_ASSOCIATIONS,duplicate_content_hash,share canonical bytes; preserve logical association
owner-photo-candidates,owner-candidates/v1/the-apurva-spa-nusa-dua/44bf5151f3ab1c0577fe180d8e7fb5c7efa687e91dc2dc99ca6be4e01995889a.avif,egkdapqwkfprtyqvvnso,true,44bf5151f3ab1c0577fe180d8e7fb5c7efa687e91dc2dc99ca6be4e01995889a,image/heif,407004,1920,1201,the-apurva-spa-nusa-dua,d9452f54-6123-426f-8c48-87cf296ef41e,the-apurva-spa-nusa-dua,venue,DUP-039,project_owner_global_authorization,MEDIA-002,venues.photo_url:the-apurva-spa-nusa-dua,NOT_CREATED_DRY_RUN,true,CANONICALIZE_DUPLICATE_PRESERVE_ASSOCIATIONS,duplicate_content_hash,share canonical bytes; preserve logical association
owner-photo-candidates,owner-candidates/v1/the-apurva-spa-nusa-dua/85f8ffae09b8e3aca5eb4b975f48926b4ba2340748d6d922f09c531d65b0be07.webp,egkdapqwkfprtyqvvnso,true,85f8ffae09b8e3aca5eb4b975f48926b4ba2340748d6d922f09c531d65b0be07,image/webp,276412,1920,1440,the-apurva-spa-nusa-dua,d9452f54-6123-426f-8c48-87cf296ef41e,the-apurva-spa-nusa-dua,venue,,project_owner_global_authorization,MEDIA-002,,NOT_CREATED_DRY_RUN,false,READY_FOR_MAPPING,,
owner-photo-candidates,owner-candidates/v1/the-apurva-spa-nusa-dua/c46c0e3acdc9d47cdb2d86eb1815bce8a1683fa21de45487e0847cb0e5b22528.webp,egkdapqwkfprtyqvvnso,true,c46c0e3acdc9d47cdb2d86eb1815bce8a1683fa21de45487e0847cb0e5b22528,image/webp,328964,1920,1440,the-apurva-spa-nusa-dua,d9452f54-6123-426f-8c48-87cf296ef41e,the-apurva-spa-nusa-dua,venue,,project_owner_global_authorization,MEDIA-002,,NOT_CREATED_DRY_RUN,false,READY_FOR_MAPPING,,
owner-photo-candidates,owner-candidates/v1/the-apurva-spa-nusa-dua/e35740fb25769a614ebf9b6bcec8d80a8380e5cbf5538c7a6555f3d8e127feba.webp,egkdapqwkfprtyqvvnso,true,e35740fb25769a614ebf9b6bcec8d80a8380e5cbf5538c7a6555f3d8e127feba,image/webp,268422,1920,2880,the-apurva-spa-nusa-dua,d9452f54-6123-426f-8c48-87cf296ef41e,the-apurva-spa-nusa-dua,venue,,project_owner_global_authorization,MEDIA-002,,NOT_CREATED_DRY_RUN,false,READY_FOR_MAPPING,,
owner-photo-candidates,owner-candidates/v1/the-apurva-spa-nusa-dua/f1a1f7208e05c31c913a0c1025bb31051c9d4e336e28a37e831152791c0100ff.avif,egkdapqwkfprtyqvvnso,true,f1a1f7208e05c31c913a0c1025bb31051c9d4e336e28a37e831152791c0100ff,image/heif,458245,1920,1081,the-apurva-spa-nusa-dua,d9452f54-6123-426f-8c48-87cf296ef41e,the-apurva-spa-nusa-dua,venue,DUP-067,project_owner_global_authorization,MEDIA-002,,NOT_CREATED_DRY_RUN,false,CANONICALIZE_DUPLICATE_PRESERVE_ASSOCIATIONS,duplicate_content_hash,share canonical bytes; preserve logical association
owner-photo-candidates,owner-candidates/v1/the-apurva-spa-nusa-dua/f3ac475a8285ed661a4c6ebb7909708945fdc0c8a0dbca9406daa2d23c0064cb.webp,egkdapqwkfprtyqvvnso,true,f3ac475a8285ed661a4c6ebb7909708945fdc0c8a0dbca9406daa2d23c0064cb,image/webp,338620,1920,1440,the-apurva-spa-nusa-dua,d9452f54-6123-426f-8c48-87cf296ef41e,the-apurva-spa-nusa-dua,venue,DUP-029,project_owner_global_authorization,MEDIA-002,,NOT_CREATED_DRY_RUN,false,CANONICALIZE_DUPLICATE_PRESERVE_ASSOCIATIONS,duplicate_content_hash,share canonical bytes; preserve logical association
owner-photo-candidates,owner-candidates/v1/the-asa-maia/055db7cf5aa69ff52a0739ae5731134f80fc77fc4be506364fa28bfe279a45bc.jpg,egkdapqwkfprtyqvvnso,true,055db7cf5aa69ff52a0739ae5731134f80fc77fc4be506364fa28bfe279a45bc,image/jpeg,100541,720,1080,the-asa-maia,wbimp_the-asa-maia,the-asa-maia,venue,,project_owner_global_authorization,MEDIA-002,venues.photo_url:the-asa-maia,NOT_CREATED_DRY_RUN,true,READY_FOR_MAPPING,,
owner-photo-candidates,owner-candidates/v1/the-asa-maia/19294c06365b0d345f6367b9bffe6440146e2ed8113b40fea819358298aba353.webp,egkdapqwkfprtyqvvnso,true,19294c06365b0d345f6367b9bffe6440146e2ed8113b40fea819358298aba353,image/webp,124022,950,880,the-asa-maia,wbimp_the-asa-maia,the-asa-maia,venue,,project_owner_global_authorization,MEDIA-002,,NOT_CREATED_DRY_RUN,false,READY_FOR_MAPPING,,
owner-photo-candidates,owner-candidates/v1/the-asa-maia/3a0308908cb390954c4b7761ee19b61a0f14c9f66b4e0ecd5bddbd2c3cc46fab.jpg,egkdapqwkfprtyqvvnso,true,3a0308908cb390954c4b7761ee19b61a0f14c9f66b4e0ecd5bddbd2c3cc46fab,image/jpeg,115926,720,1080,the-asa-maia,wbimp_the-asa-maia,the-asa-maia,venue,,project_owner_global_authorization,MEDIA-002,,NOT_CREATED_DRY_RUN,false,READY_FOR_MAPPING,,
owner-photo-candidates,owner-candidates/v1/the-beach-grill-ritz-carlton/2f4446c2fe47294a6f5f8e1922f496f5f017b95b1c1fb5f1740c826dde883034.jpg,egkdapqwkfprtyqvvnso,true,2f4446c2fe47294a6f5f8e1922f496f5f017b95b1c1fb5f1740c826dde883034,image/jpeg,188398,1800,808,the-beach-grill-ritz-carlton,v_import_the_beach_grill_ritz_carlton,the-beach-grill-ritz-carlton,venue,,project_owner_global_authorization,MEDIA-002,venues.photo_url:the-beach-grill-ritz-carlton,NOT_CREATED_DRY_RUN,true,READY_FOR_MAPPING,,
owner-photo-candidates,owner-candidates/v1/the-beach-grill-ritz-carlton/4b25a413df405bb18e0ad756eaf1a6d21248d9850edba179542b12e03c96104e.jpg,egkdapqwkfprtyqvvnso,true,4b25a413df405bb18e0ad756eaf1a6d21248d9850edba179542b12e03c96104e,image/jpeg,179238,1800,541,the-beach-grill-ritz-carlton,v_import_the_beach_grill_ritz_carlton,the-beach-grill-ritz-carlton,venue,,project_owner_global_authorization,MEDIA-002,,NOT_CREATED_DRY_RUN,false,READY_FOR_MAPPING,,
owner-photo-candidates,owner-candidates/v1/the-beach-grill-ritz-carlton/ed42ae2343c6ad768ee63cbf8a185b19fbfe8ea67679d4d29639a0ad1228ef27.jpg,egkdapqwkfprtyqvvnso,true,ed42ae2343c6ad768ee63cbf8a185b19fbfe8ea67679d4d29639a0ad1228ef27,image/jpeg,162687,1800,541,the-beach-grill-ritz-carlton,v_import_the_beach_grill_ritz_carlton,the-beach-grill-ritz-carlton,venue,,project_owner_global_authorization,MEDIA-002,,NOT_CREATED_DRY_RUN,false,READY_FOR_MAPPING,,
owner-photo-candidates,owner-candidates/v1/the-bvlgari-spa/05b5aa5f2a8487e414ad46479c1ae3c9f3eee170b9da1d3647abb69cf98ac3a3.jpg,egkdapqwkfprtyqvvnso,true,05b5aa5f2a8487e414ad46479c1ae3c9f3eee170b9da1d3647abb69cf98ac3a3,image/jpeg,323289,960,640,the-bvlgari-spa,wbimp_the-bvlgari-spa,the-bvlgari-spa,venue,,project_owner_global_authorization,MEDIA-002,venues.photo_url:the-bvlgari-spa,NOT_CREATED_DRY_RUN,true,READY_FOR_MAPPING,,
owner-photo-candidates,owner-candidates/v1/the-bvlgari-spa/87fe42c71927c8b88d7508e2b7850547791577a4597a50f107e5fc13a485077e.jpg,egkdapqwkfprtyqvvnso,true,87fe42c71927c8b88d7508e2b7850547791577a4597a50f107e5fc13a485077e,image/jpeg,81623,800,600,the-bvlgari-spa,wbimp_the-bvlgari-spa,the-bvlgari-spa,venue,,project_owner_global_authorization,MEDIA-002,,NOT_CREATED_DRY_RUN,false,READY_FOR_MAPPING,,
owner-photo-candidates,owner-candidates/v1/the-bvlgari-spa/9d4e68eb0a0af0ccaefd20320356156f3877e84ab896e223a746caf015adf4ea.jpg,egkdapqwkfprtyqvvnso,true,9d4e68eb0a0af0ccaefd20320356156f3877e84ab896e223a746caf015adf4ea,image/jpeg,115226,800,600,the-bvlgari-spa,wbimp_the-bvlgari-spa,the-bvlgari-spa,venue,,project_owner_global_authorization,MEDIA-002,,NOT_CREATED_DRY_RUN,false,READY_FOR_MAPPING,,
owner-photo-candidates,owner-candidates/v1/the-canggu-studio-canggu/0148ea6f3572e04fe16a514647670a54f3dc07815de16a1b2e4db5e23a486637.webp,egkdapqwkfprtyqvvnso,true,0148ea6f3572e04fe16a514647670a54f3dc07815de16a1b2e4db5e23a486637,image/webp,114332,1208,679,the-canggu-studio-canggu,b37081b1-8218-4964-b20f-cedeb5a8209e,the-canggu-studio-canggu,venue,,project_owner_global_authorization,MEDIA-002,venues.photo_url:the-canggu-studio-canggu,NOT_CREATED_DRY_RUN,true,READY_FOR_MAPPING,,
owner-photo-candidates,owner-candidates/v1/the-canggu-studio-canggu/2ff6db01176334018892bbd0aca8edc2624a5f81f23be97e61439f1eb432a28c.webp,egkdapqwkfprtyqvvnso,true,2ff6db01176334018892bbd0aca8edc2624a5f81f23be97e61439f1eb432a28c,image/webp,49802,1536,620,the-canggu-studio-canggu,b37081b1-8218-4964-b20f-cedeb5a8209e,the-canggu-studio-canggu,venue,DUP-068,project_owner_global_authorization,MEDIA-002,,NOT_CREATED_DRY_RUN,false,CANONICALIZE_DUPLICATE_PRESERVE_ASSOCIATIONS,duplicate_content_hash,share canonical bytes; preserve logical association
owner-photo-candidates,owner-candidates/v1/the-canggu-studio-canggu/3ac8d1f7ea246d84b4b76adc9334bb24b7a516976593f3331f83060053c06ab0.webp,egkdapqwkfprtyqvvnso,true,3ac8d1f7ea246d84b4b76adc9334bb24b7a516976593f3331f83060053c06ab0,image/webp,132156,1600,1067,the-canggu-studio-canggu,b37081b1-8218-4964-b20f-cedeb5a8209e,the-canggu-studio-canggu,venue,DUP-069,project_owner_global_authorization,MEDIA-002,,NOT_CREATED_DRY_RUN,false,CANONICALIZE_DUPLICATE_PRESERVE_ASSOCIATIONS,duplicate_content_hash,share canonical bytes; preserve logical association
owner-photo-candidates,owner-candidates/v1/the-canggu-studio-canggu/433f4bd59a701d9d19fa9c890b3fc7632c61686024b14aa3f8627f6a79787ad8.webp,egkdapqwkfprtyqvvnso,true,433f4bd59a701d9d19fa9c890b3fc7632c61686024b14aa3f8627f6a79787ad8,image/webp,89254,1208,679,the-canggu-studio-canggu,b37081b1-8218-4964-b20f-cedeb5a8209e,the-canggu-studio-canggu,venue,,project_owner_global_authorization,MEDIA-002,,NOT_CREATED_DRY_RUN,false,READY_FOR_MAPPING,,
owner-photo-candidates,owner-candidates/v1/the-canggu-studio-canggu/b891a82f9f0468df1e97a3d3b1bee9950e49235f8b07990790ccbf656fcd74a9.webp,egkdapqwkfprtyqvvnso,true,b891a82f9f0468df1e97a3d3b1bee9950e49235f8b07990790ccbf656fcd74a9,image/webp,75636,827,620,the-canggu-studio-canggu,b37081b1-8218-4964-b20f-cedeb5a8209e,the-canggu-studio-canggu,venue,,project_owner_global_authorization,MEDIA-002,,NOT_CREATED_DRY_RUN,false,READY_FOR_MAPPING,,
owner-photo-candidates,owner-candidates/v1/the-canggu-studio-canggu/f27210e99b99542df574c5a812b6f093174a022532cc57ae99b1668ada1aa08f.webp,egkdapqwkfprtyqvvnso,true,f27210e99b99542df574c5a812b6f093174a022532cc57ae99b1668ada1aa08f,image/webp,85074,1600,646,the-canggu-studio-canggu,b37081b1-8218-4964-b20f-cedeb5a8209e,the-canggu-studio-canggu,venue,DUP-070,project_owner_global_authorization,MEDIA-002,,NOT_CREATED_DRY_RUN,false,CANONICALIZE_DUPLICATE_PRESERVE_ASSOCIATIONS,duplicate_content_hash,share canonical bytes; preserve logical association
owner-photo-candidates,owner-candidates/v1/the-canggu-studio-yoga-canggu/2ff6db01176334018892bbd0aca8edc2624a5f81f23be97e61439f1eb432a28c.webp,egkdapqwkfprtyqvvnso,true,2ff6db01176334018892bbd0aca8edc2624a5f81f23be97e61439f1eb432a28c,image/webp,49802,1536,620,the-canggu-studio-yoga-canggu,588b99bc-7420-40fc-9fdc-99c9802e9e68,the-canggu-studio-yoga-canggu,venue,DUP-068,project_owner_global_authorization,MEDIA-002,venues.photo_url:the-canggu-studio-yoga-canggu,NOT_CREATED_DRY_RUN,true,CANONICALIZE_DUPLICATE_PRESERVE_ASSOCIATIONS,duplicate_content_hash,share canonical bytes; preserve logical association
owner-photo-candidates,owner-candidates/v1/the-canggu-studio-yoga-canggu/3ac8d1f7ea246d84b4b76adc9334bb24b7a516976593f3331f83060053c06ab0.webp,egkdapqwkfprtyqvvnso,true,3ac8d1f7ea246d84b4b76adc9334bb24b7a516976593f3331f83060053c06ab0,image/webp,132156,1600,1067,the-canggu-studio-yoga-canggu,588b99bc-7420-40fc-9fdc-99c9802e9e68,the-canggu-studio-yoga-canggu,venue,DUP-069,project_owner_global_authorization,MEDIA-002,,NOT_CREATED_DRY_RUN,false,CANONICALIZE_DUPLICATE_PRESERVE_ASSOCIATIONS,duplicate_content_hash,share canonical bytes; preserve logical association
owner-photo-candidates,owner-candidates/v1/the-canggu-studio-yoga-canggu/c08774c546acdcb6f1f867ff4d6d7a21cb14924ba35e65672427e2977b6e38f6.webp,egkdapqwkfprtyqvvnso,true,c08774c546acdcb6f1f867ff4d6d7a21cb14924ba35e65672427e2977b6e38f6,image/webp,79390,1108,958,the-canggu-studio-yoga-canggu,588b99bc-7420-40fc-9fdc-99c9802e9e68,the-canggu-studio-yoga-canggu,venue,,project_owner_global_authorization,MEDIA-002,,NOT_CREATED_DRY_RUN,false,READY_FOR_MAPPING,,
owner-photo-candidates,owner-candidates/v1/the-canggu-studio-yoga-canggu/c0b7ebf60e2581a75154913d0e932c416711a0c704282735e3bc6d0ff087d5c3.webp,egkdapqwkfprtyqvvnso,true,c0b7ebf60e2581a75154913d0e932c416711a0c704282735e3bc6d0ff087d5c3,image/webp,78118,683,587,the-canggu-studio-yoga-canggu,588b99bc-7420-40fc-9fdc-99c9802e9e68,the-canggu-studio-yoga-canggu,venue,,project_owner_global_authorization,MEDIA-002,,NOT_CREATED_DRY_RUN,false,READY_FOR_MAPPING,,
owner-photo-candidates,owner-candidates/v1/the-canggu-studio-yoga-canggu/d0bc6060dd547f1de998ae30158c5e3432539f37cb5ed91f5cc7be012d3e0a03.webp,egkdapqwkfprtyqvvnso,true,d0bc6060dd547f1de998ae30158c5e3432539f37cb5ed91f5cc7be012d3e0a03,image/webp,68704,1208,679,the-canggu-studio-yoga-canggu,588b99bc-7420-40fc-9fdc-99c9802e9e68,the-canggu-studio-yoga-canggu,venue,,project_owner_global_authorization,MEDIA-002,,NOT_CREATED_DRY_RUN,false,READY_FOR_MAPPING,,
owner-photo-candidates,owner-candidates/v1/the-canggu-studio-yoga-canggu/f27210e99b99542df574c5a812b6f093174a022532cc57ae99b1668ada1aa08f.webp,egkdapqwkfprtyqvvnso,true,f27210e99b99542df574c5a812b6f093174a022532cc57ae99b1668ada1aa08f,image/webp,85074,1600,646,the-canggu-studio-yoga-canggu,588b99bc-7420-40fc-9fdc-99c9802e9e68,the-canggu-studio-yoga-canggu,venue,DUP-070,project_owner_global_authorization,MEDIA-002,,NOT_CREATED_DRY_RUN,false,CANONICALIZE_DUPLICATE_PRESERVE_ASSOCIATIONS,duplicate_content_hash,share canonical bytes; preserve logical association
owner-photo-candidates,owner-candidates/v1/the-elephant/26592048795dbfe9e2365a2e65caf12ce8cd7d7bd473c448414a95e3e4a959c4.jpg,egkdapqwkfprtyqvvnso,true,26592048795dbfe9e2365a2e65caf12ce8cd7d7bd473c448414a95e3e4a959c4,image/jpeg,620221,2401,3202,the-elephant,v_the-elephant,the-elephant,venue,,project_owner_global_authorization,MEDIA-002,venues.photo_url:the-elephant,NOT_CREATED_DRY_RUN,true,READY_FOR_MAPPING,,
owner-photo-candidates,owner-candidates/v1/the-elephant/36bcf52f77168a5e3b13e06e93fcdb0af4421572df1414b3426eb8a98dd640f3.jpg,egkdapqwkfprtyqvvnso,true,36bcf52f77168a5e3b13e06e93fcdb0af4421572df1414b3426eb8a98dd640f3,image/jpeg,1469609,3414,4096,the-elephant,v_the-elephant,the-elephant,venue,,project_owner_global_authorization,MEDIA-002,,NOT_CREATED_DRY_RUN,false,READY_FOR_MAPPING,,
owner-photo-candidates,owner-candidates/v1/the-elephant/bcccf1541c74634578ff8a0500ff70a24a0e2d92137d5bfb2ef781e5452d73da.jpg,egkdapqwkfprtyqvvnso,true,bcccf1541c74634578ff8a0500ff70a24a0e2d92137d5bfb2ef781e5452d73da,image/jpeg,787817,3072,4096,the-elephant,v_the-elephant,the-elephant,venue,,project_owner_global_authorization,MEDIA-002,,NOT_CREATED_DRY_RUN,false,READY_FOR_MAPPING,,
owner-photo-candidates,owner-candidates/v1/the-lawn-canggu-beach-club/9a0a8ab203f6f965039ea987141b8d85748c522f461e5eb5858b484f46601bb4.jpg,egkdapqwkfprtyqvvnso,true,9a0a8ab203f6f965039ea987141b8d85748c522f461e5eb5858b484f46601bb4,image/jpeg,2527150,2500,3750,the-lawn-canggu-beach-club,v_import_the_lawn_canggu_beach_club,the-lawn-canggu-beach-club,venue,,project_owner_global_authorization,MEDIA-002,venues.photo_url:the-lawn-canggu-beach-club,NOT_CREATED_DRY_RUN,true,READY_FOR_MAPPING,,
owner-photo-candidates,owner-candidates/v1/the-lawn-canggu-beach-club/9ae696fec5b015f2c5e6551c2ac76f44e52995e2c17d804b4cb7d65c841f39c1.avif,egkdapqwkfprtyqvvnso,true,9ae696fec5b015f2c5e6551c2ac76f44e52995e2c17d804b4cb7d65c841f39c1,image/heif,54951,480,719,the-lawn-canggu-beach-club,v_import_the_lawn_canggu_beach_club,the-lawn-canggu-beach-club,venue,,project_owner_global_authorization,MEDIA-002,,NOT_CREATED_DRY_RUN,false,READY_FOR_MAPPING,,
owner-photo-candidates,owner-candidates/v1/the-lawn-canggu-beach-club/d60e070aa6814d84dfe4c14561aade73dd3729d6c8d51ef611a3bce17c7c2566.avif,egkdapqwkfprtyqvvnso,true,d60e070aa6814d84dfe4c14561aade73dd3729d6c8d51ef611a3bce17c7c2566,image/heif,60539,480,719,the-lawn-canggu-beach-club,v_import_the_lawn_canggu_beach_club,the-lawn-canggu-beach-club,venue,,project_owner_global_authorization,MEDIA-002,,NOT_CREATED_DRY_RUN,false,READY_FOR_MAPPING,,
owner-photo-candidates,owner-candidates/v1/the-practice-bali-canggu/76fb6d1d27bcdd4329e84ec385cf190ad34903d02fa40943d934fe63a41f9a20.jpg,egkdapqwkfprtyqvvnso,true,76fb6d1d27bcdd4329e84ec385cf190ad34903d02fa40943d934fe63a41f9a20,image/jpeg,443132,2023,800,the-practice-bali-canggu,447fca91-ec97-47e2-a14f-3fcd1033ab72,the-practice-bali-canggu,venue,,project_owner_global_authorization,MEDIA-002,venues.photo_url:the-practice-bali-canggu,NOT_CREATED_DRY_RUN,true,READY_FOR_MAPPING,,
owner-photo-candidates,owner-candidates/v1/the-practice-bali-canggu/9e62f29cf10e3213e9470aef8400b98a39d7ba87f42e5a0551f77d8aa222278f.jpg,egkdapqwkfprtyqvvnso,true,9e62f29cf10e3213e9470aef8400b98a39d7ba87f42e5a0551f77d8aa222278f,image/jpeg,735380,2023,800,the-practice-bali-canggu,447fca91-ec97-47e2-a14f-3fcd1033ab72,the-practice-bali-canggu,venue,,project_owner_global_authorization,MEDIA-002,,NOT_CREATED_DRY_RUN,false,READY_FOR_MAPPING,,
owner-photo-candidates,owner-candidates/v1/the-practice-bali-canggu/d764ca8873ceef0b1c995a20e6d3a8ae81372c1a2e6df2e120b8ead431998d31.jpg,egkdapqwkfprtyqvvnso,true,d764ca8873ceef0b1c995a20e6d3a8ae81372c1a2e6df2e120b8ead431998d31,image/jpeg,724237,2023,800,the-practice-bali-canggu,447fca91-ec97-47e2-a14f-3fcd1033ab72,the-practice-bali-canggu,venue,,project_owner_global_authorization,MEDIA-002,,NOT_CREATED_DRY_RUN,false,READY_FOR_MAPPING,,
owner-photo-candidates,owner-candidates/v1/the-shampoo-lounge-canggu/385a4906a8f7b1536081cda8a31880d835b50f02e5c8ac497cf50973115c97ee.jpg,egkdapqwkfprtyqvvnso,true,385a4906a8f7b1536081cda8a31880d835b50f02e5c8ac497cf50973115c97ee,image/jpeg,595737,2500,1650,the-shampoo-lounge-canggu,wbimp_the-shampoo-lounge-canggu,the-shampoo-lounge-canggu,venue,DUP-071,project_owner_global_authorization,MEDIA-002,venues.photo_url:the-shampoo-lounge-canggu,NOT_CREATED_DRY_RUN,true,CANONICALIZE_DUPLICATE_PRESERVE_ASSOCIATIONS,duplicate_content_hash,share canonical bytes; preserve logical association
owner-photo-candidates,owner-candidates/v1/the-shampoo-lounge-canggu/689f810b21671e2975e231814df703041f62b002b5a576b3f2c2e29be3e6430d.jpg,egkdapqwkfprtyqvvnso,true,689f810b21671e2975e231814df703041f62b002b5a576b3f2c2e29be3e6430d,image/jpeg,75977,1280,904,the-shampoo-lounge-canggu,wbimp_the-shampoo-lounge-canggu,the-shampoo-lounge-canggu,venue,,project_owner_global_authorization,MEDIA-002,,NOT_CREATED_DRY_RUN,false,READY_FOR_MAPPING,,
owner-photo-candidates,owner-candidates/v1/the-shampoo-lounge-canggu/c18d8882860f8da3acaf928c879c637fad629a21b731fbb0e4bb00e2dcbcb9a5.jpg,egkdapqwkfprtyqvvnso,true,c18d8882860f8da3acaf928c879c637fad629a21b731fbb0e4bb00e2dcbcb9a5,image/jpeg,143155,1500,750,the-shampoo-lounge-canggu,wbimp_the-shampoo-lounge-canggu,the-shampoo-lounge-canggu,venue,DUP-072,project_owner_global_authorization,MEDIA-002,,NOT_CREATED_DRY_RUN,false,CANONICALIZE_DUPLICATE_PRESERVE_ASSOCIATIONS,duplicate_content_hash,share canonical bytes; preserve logical association
owner-photo-candidates,owner-candidates/v1/the-shampoo-lounge-seminyak-seminyak/17d460e5c451459e7a155b262b2a2c7206e74fcb671912044341064350dc4a47.jpg,egkdapqwkfprtyqvvnso,true,17d460e5c451459e7a155b262b2a2c7206e74fcb671912044341064350dc4a47,image/jpeg,460869,1536,1024,the-shampoo-lounge-seminyak-seminyak,4c01ce2c-5382-41b7-bb53-bd97062e00f8,the-shampoo-lounge-seminyak-seminyak,venue,,project_owner_global_authorization,MEDIA-002,venues.photo_url:the-shampoo-lounge-seminyak-seminyak,NOT_CREATED_DRY_RUN,true,READY_FOR_MAPPING,,
owner-photo-candidates,owner-candidates/v1/the-shampoo-lounge-seminyak-seminyak/385a4906a8f7b1536081cda8a31880d835b50f02e5c8ac497cf50973115c97ee.jpg,egkdapqwkfprtyqvvnso,true,385a4906a8f7b1536081cda8a31880d835b50f02e5c8ac497cf50973115c97ee,image/jpeg,595737,2500,1650,the-shampoo-lounge-seminyak-seminyak,4c01ce2c-5382-41b7-bb53-bd97062e00f8,the-shampoo-lounge-seminyak-seminyak,venue,DUP-071,project_owner_global_authorization,MEDIA-002,,NOT_CREATED_DRY_RUN,false,CANONICALIZE_DUPLICATE_PRESERVE_ASSOCIATIONS,duplicate_content_hash,share canonical bytes; preserve logical association
owner-photo-candidates,owner-candidates/v1/the-shampoo-lounge-seminyak-seminyak/42a6d87cda1b68096e30708c73428f9d0e3aeb75ac40ea1659962daaf857f653.jpg,egkdapqwkfprtyqvvnso,true,42a6d87cda1b68096e30708c73428f9d0e3aeb75ac40ea1659962daaf857f653,image/jpeg,3375882,3024,4032,the-shampoo-lounge-seminyak-seminyak,4c01ce2c-5382-41b7-bb53-bd97062e00f8,the-shampoo-lounge-seminyak-seminyak,venue,,project_owner_global_authorization,MEDIA-002,,NOT_CREATED_DRY_RUN,false,READY_FOR_MAPPING,,
owner-photo-candidates,owner-candidates/v1/the-shampoo-lounge-seminyak-seminyak/a164a2f1847997dab3a57d9ace6e636ba4dd31320eeb87d13effc69dffc2e256.jpg,egkdapqwkfprtyqvvnso,true,a164a2f1847997dab3a57d9ace6e636ba4dd31320eeb87d13effc69dffc2e256,image/jpeg,2480837,3024,4032,the-shampoo-lounge-seminyak-seminyak,4c01ce2c-5382-41b7-bb53-bd97062e00f8,the-shampoo-lounge-seminyak-seminyak,venue,,project_owner_global_authorization,MEDIA-002,,NOT_CREATED_DRY_RUN,false,READY_FOR_MAPPING,,
owner-photo-candidates,owner-candidates/v1/the-shampoo-lounge-seminyak-seminyak/c18d8882860f8da3acaf928c879c637fad629a21b731fbb0e4bb00e2dcbcb9a5.jpg,egkdapqwkfprtyqvvnso,true,c18d8882860f8da3acaf928c879c637fad629a21b731fbb0e4bb00e2dcbcb9a5,image/jpeg,143155,1500,750,the-shampoo-lounge-seminyak-seminyak,4c01ce2c-5382-41b7-bb53-bd97062e00f8,the-shampoo-lounge-seminyak-seminyak,venue,DUP-072,project_owner_global_authorization,MEDIA-002,,NOT_CREATED_DRY_RUN,false,CANONICALIZE_DUPLICATE_PRESERVE_ASSOCIATIONS,duplicate_content_hash,share canonical bytes; preserve logical association
owner-photo-candidates,owner-candidates/v1/the-slow/16033ed210f8c66ffc1f7ecf23ba848bbba458441a50b998c77a67939812e7e1.jpg,egkdapqwkfprtyqvvnso,true,16033ed210f8c66ffc1f7ecf23ba848bbba458441a50b998c77a67939812e7e1,image/jpeg,503294,1900,1393,the-slow,v_the-slow,the-slow,venue,,project_owner_global_authorization,MEDIA-002,venues.photo_url:the-slow,NOT_CREATED_DRY_RUN,true,READY_FOR_MAPPING,,
owner-photo-candidates,owner-candidates/v1/the-slow/4fbc8ebe93f678fe0aef6066e45d7d3c444a183aae9ff3ed2c5c12a017ca5a7e.jpg,egkdapqwkfprtyqvvnso,true,4fbc8ebe93f678fe0aef6066e45d7d3c444a183aae9ff3ed2c5c12a017ca5a7e,image/jpeg,122031,852,1024,the-slow,v_the-slow,the-slow,venue,,project_owner_global_authorization,MEDIA-002,,NOT_CREATED_DRY_RUN,false,READY_FOR_MAPPING,,
owner-photo-candidates,owner-candidates/v1/the-slow/dd627fc6e9bfa7ef6abc1874229fa85a79af760e9dabae502fc35424a43fa005.jpg,egkdapqwkfprtyqvvnso,true,dd627fc6e9bfa7ef6abc1874229fa85a79af760e9dabae502fc35424a43fa005,image/jpeg,456501,1900,1266,the-slow,v_the-slow,the-slow,venue,,project_owner_global_authorization,MEDIA-002,,NOT_CREATED_DRY_RUN,false,READY_FOR_MAPPING,,
owner-photo-candidates,owner-candidates/v1/the-space-bali/457c99c997b51777ad07db78dbd8289ed23fd219009fe9c5d0845a225cbf6567.jpg,egkdapqwkfprtyqvvnso,true,457c99c997b51777ad07db78dbd8289ed23fd219009fe9c5d0845a225cbf6567,image/jpeg,181431,683,1024,the-space-bali,wbimp_the-space-bali,the-space-bali,venue,,project_owner_global_authorization,MEDIA-002,venues.photo_url:the-space-bali,NOT_CREATED_DRY_RUN,true,READY_FOR_MAPPING,,
owner-photo-candidates,owner-candidates/v1/the-space-bali/abdea4ef9c6d5139d618247c08baf563c900a0cb671028c16812278b150e7834.jpg,egkdapqwkfprtyqvvnso,true,abdea4ef9c6d5139d618247c08baf563c900a0cb671028c16812278b150e7834,image/jpeg,72973,854,1280,the-space-bali,wbimp_the-space-bali,the-space-bali,venue,,project_owner_global_authorization,MEDIA-002,,NOT_CREATED_DRY_RUN,false,READY_FOR_MAPPING,,
owner-photo-candidates,owner-candidates/v1/the-space-bali/bc40f2db03cdc8892fb107f9e96abff10630c1825d90f59c68b9c43244566c40.jpg,egkdapqwkfprtyqvvnso,true,bc40f2db03cdc8892fb107f9e96abff10630c1825d90f59c68b9c43244566c40,image/jpeg,316459,1366,2048,the-space-bali,wbimp_the-space-bali,the-space-bali,venue,,project_owner_global_authorization,MEDIA-002,,NOT_CREATED_DRY_RUN,false,READY_FOR_MAPPING,,
owner-photo-candidates,owner-candidates/v1/the-temple-lodge/d744940c00638ec1edac7d1dfb59660cf2d7233c5956b9a962661a71d0de5d58.jpg,egkdapqwkfprtyqvvnso,true,d744940c00638ec1edac7d1dfb59660cf2d7233c5956b9a962661a71d0de5d58,image/jpeg,218027,1920,1280,the-temple-lodge,wbimp_the-temple-lodge,the-temple-lodge,venue,,project_owner_global_authorization,MEDIA-002,venues.photo_url:the-temple-lodge,NOT_CREATED_DRY_RUN,true,READY_FOR_MAPPING,,
owner-photo-candidates,owner-candidates/v1/the-temple-lodge/e764bde6bee50f002bfaf4a8bf4c3a895ba063c3022a1e3d47f8592afd42829c.jpg,egkdapqwkfprtyqvvnso,true,e764bde6bee50f002bfaf4a8bf4c3a895ba063c3022a1e3d47f8592afd42829c,image/jpeg,215406,1920,1280,the-temple-lodge,wbimp_the-temple-lodge,the-temple-lodge,venue,,project_owner_global_authorization,MEDIA-002,,NOT_CREATED_DRY_RUN,false,READY_FOR_MAPPING,,
owner-photo-candidates,owner-candidates/v1/the-temple-lodge/f35870c9107f108460141ad1601a7859bdb6e95bcbb10d7443c028053eb68265.jpg,egkdapqwkfprtyqvvnso,true,f35870c9107f108460141ad1601a7859bdb6e95bcbb10d7443c028053eb68265,image/jpeg,233602,1920,1280,the-temple-lodge,wbimp_the-temple-lodge,the-temple-lodge,venue,,project_owner_global_authorization,MEDIA-002,,NOT_CREATED_DRY_RUN,false,READY_FOR_MAPPING,,
owner-photo-candidates,owner-candidates/v1/the-warung-at-alila-villas-uluwatu/04b75543eb4d925a3138d18d61710277afb29196bcf1b7c9696d7e7367e75ffd.webp,egkdapqwkfprtyqvvnso,true,04b75543eb4d925a3138d18d61710277afb29196bcf1b7c9696d7e7367e75ffd,image/webp,144902,2560,1440,the-warung-at-alila-villas-uluwatu,v_import_the_warung_at_alila_villas_uluwatu,the-warung-at-alila-villas-uluwatu,venue,,project_owner_global_authorization,MEDIA-002,venues.photo_url:the-warung-at-alila-villas-uluwatu,NOT_CREATED_DRY_RUN,true,READY_FOR_MAPPING,,
owner-photo-candidates,owner-candidates/v1/the-warung-at-alila-villas-uluwatu/3c33f9342c3abf83b1f2485f426fd1bf596fd5482fcad13fe9086a18f08244bb.webp,egkdapqwkfprtyqvvnso,true,3c33f9342c3abf83b1f2485f426fd1bf596fd5482fcad13fe9086a18f08244bb,image/webp,440618,2560,1440,the-warung-at-alila-villas-uluwatu,v_import_the_warung_at_alila_villas_uluwatu,the-warung-at-alila-villas-uluwatu,venue,,project_owner_global_authorization,MEDIA-002,,NOT_CREATED_DRY_RUN,false,READY_FOR_MAPPING,,
owner-photo-candidates,owner-candidates/v1/the-warung-at-alila-villas-uluwatu/accf366c6117333a4963c927dba53871eeb9cfc4dbe50469ae3bf06d1fd8dc2e.webp,egkdapqwkfprtyqvvnso,true,accf366c6117333a4963c927dba53871eeb9cfc4dbe50469ae3bf06d1fd8dc2e,image/webp,402638,2560,1440,the-warung-at-alila-villas-uluwatu,v_import_the_warung_at_alila_villas_uluwatu,the-warung-at-alila-villas-uluwatu,venue,,project_owner_global_authorization,MEDIA-002,,NOT_CREATED_DRY_RUN,false,READY_FOR_MAPPING,,
owner-photo-candidates,owner-candidates/v1/the-yoga-rescue/48521366b5a8a718940c683f5a103f5616974ae0f9a250331e0123e3d8d241d4.jpg,egkdapqwkfprtyqvvnso,true,48521366b5a8a718940c683f5a103f5616974ae0f9a250331e0123e3d8d241d4,image/jpeg,75448,768,512,the-yoga-rescue,wbimp_the-yoga-rescue,the-yoga-rescue,venue,,project_owner_global_authorization,MEDIA-002,venues.photo_url:the-yoga-rescue,NOT_CREATED_DRY_RUN,true,READY_FOR_MAPPING,,
owner-photo-candidates,owner-candidates/v1/the-yoga-rescue/48dc45bba024bb0016d71fd1d6cb9f570026de4172019ef245dc64bc0a973eb0.jpg,egkdapqwkfprtyqvvnso,true,48dc45bba024bb0016d71fd1d6cb9f570026de4172019ef245dc64bc0a973eb0,image/jpeg,72155,900,600,the-yoga-rescue,wbimp_the-yoga-rescue,the-yoga-rescue,venue,,project_owner_global_authorization,MEDIA-002,,NOT_CREATED_DRY_RUN,false,READY_FOR_MAPPING,,
owner-photo-candidates,owner-candidates/v1/the-yoga-rescue/9b3921dcef6fa7e062f1509d768466611cac33e8ff3b3e6274c4208fed95933f.jpg,egkdapqwkfprtyqvvnso,true,9b3921dcef6fa7e062f1509d768466611cac33e8ff3b3e6274c4208fed95933f,image/jpeg,68760,1247,788,the-yoga-rescue,wbimp_the-yoga-rescue,the-yoga-rescue,venue,,project_owner_global_authorization,MEDIA-002,,NOT_CREATED_DRY_RUN,false,READY_FOR_MAPPING,,
owner-photo-candidates,owner-candidates/v1/therapy-canggu-canggu/2c2d9b8fec3f202d41f75c113ae3cfdcf0bc67a4e6beee0f7842db995d01e49f.webp,egkdapqwkfprtyqvvnso,true,2c2d9b8fec3f202d41f75c113ae3cfdcf0bc67a4e6beee0f7842db995d01e49f,image/webp,44454,1500,678,therapy-canggu-canggu,fe9db0e9-7bc0-4c6a-ac5c-0a2d9b1dc76e,therapy-canggu-canggu,venue,,project_owner_global_authorization,MEDIA-002,venues.photo_url:therapy-canggu-canggu,NOT_CREATED_DRY_RUN,true,READY_FOR_MAPPING,,
owner-photo-candidates,owner-candidates/v1/therapy-canggu-canggu/eeaba2223f2439143a39d81aa91dc5097c5378fae5dc0e88f871f2fa940776b1.webp,egkdapqwkfprtyqvvnso,true,eeaba2223f2439143a39d81aa91dc5097c5378fae5dc0e88f871f2fa940776b1,image/webp,62714,1500,506,therapy-canggu-canggu,fe9db0e9-7bc0-4c6a-ac5c-0a2d9b1dc76e,therapy-canggu-canggu,venue,,project_owner_global_authorization,MEDIA-002,,NOT_CREATED_DRY_RUN,false,READY_FOR_MAPPING,,
owner-photo-candidates,owner-candidates/v1/therapy-canggu-canggu/f7675dac6461e2913f7578364afc7cd51aade247f11ab717cc0895783dfd58a4.jpg,egkdapqwkfprtyqvvnso,true,f7675dac6461e2913f7578364afc7cd51aade247f11ab717cc0895783dfd58a4,image/jpeg,41186,640,640,therapy-canggu-canggu,fe9db0e9-7bc0-4c6a-ac5c-0a2d9b1dc76e,therapy-canggu-canggu,venue,,project_owner_global_authorization,MEDIA-002,,NOT_CREATED_DRY_RUN,false,READY_FOR_MAPPING,,
owner-photo-candidates,owner-candidates/v1/therapy-hair-spa-canggu-canggu/20b7464e627fb08e4671d1926b074519575852379b63f3d177da0ba54596f140.webp,egkdapqwkfprtyqvvnso,true,20b7464e627fb08e4671d1926b074519575852379b63f3d177da0ba54596f140,image/webp,75942,1891,2540,therapy-hair-spa-canggu-canggu,76da39dc-1c09-4919-b8d4-bc257266b6bb,therapy-hair-spa-canggu-canggu,venue,DUP-073,project_owner_global_authorization,MEDIA-002,venues.photo_url:therapy-hair-spa-canggu-canggu,NOT_CREATED_DRY_RUN,true,CANONICALIZE_DUPLICATE_PRESERVE_ASSOCIATIONS,duplicate_content_hash,share canonical bytes; preserve logical association
owner-photo-candidates,owner-candidates/v1/therapy-hair-spa-canggu-canggu/6ff8495514e45c27e65fed38fd8be7a7f2c90b154a8abd8a9ebbd6f060fae45f.webp,egkdapqwkfprtyqvvnso,true,6ff8495514e45c27e65fed38fd8be7a7f2c90b154a8abd8a9ebbd6f060fae45f,image/webp,92420,1068,1600,therapy-hair-spa-canggu-canggu,76da39dc-1c09-4919-b8d4-bc257266b6bb,therapy-hair-spa-canggu-canggu,venue,DUP-074,project_owner_global_authorization,MEDIA-002,,NOT_CREATED_DRY_RUN,false,CANONICALIZE_DUPLICATE_PRESERVE_ASSOCIATIONS,duplicate_content_hash,share canonical bytes; preserve logical association
owner-photo-candidates,owner-candidates/v1/therapy-hair-spa-canggu-canggu/70412adbfad5dfe2ef02bce2fd72238cac3477a8a9306d7294c2079509d7beda.jpg,egkdapqwkfprtyqvvnso,true,70412adbfad5dfe2ef02bce2fd72238cac3477a8a9306d7294c2079509d7beda,image/jpeg,102875,1440,1440,therapy-hair-spa-canggu-canggu,76da39dc-1c09-4919-b8d4-bc257266b6bb,therapy-hair-spa-canggu-canggu,venue,,project_owner_global_authorization,MEDIA-002,,NOT_CREATED_DRY_RUN,false,READY_FOR_MAPPING,,
owner-photo-candidates,owner-candidates/v1/therapy-hair-spa-canggu-canggu/84b1c486b87f2ec0ab405fecdf94bf38c0145e6021be3b673afa5d41e9b8432b.webp,egkdapqwkfprtyqvvnso,true,84b1c486b87f2ec0ab405fecdf94bf38c0145e6021be3b673afa5d41e9b8432b,image/webp,101148,1080,1619,therapy-hair-spa-canggu-canggu,76da39dc-1c09-4919-b8d4-bc257266b6bb,therapy-hair-spa-canggu-canggu,venue,DUP-075,project_owner_global_authorization,MEDIA-002,,NOT_CREATED_DRY_RUN,false,CANONICALIZE_DUPLICATE_PRESERVE_ASSOCIATIONS,duplicate_content_hash,share canonical bytes; preserve logical association
owner-photo-candidates,owner-candidates/v1/therapy-hair-spa-canggu-canggu/cddcaa00fc55d64cad75a4997edb3fee5dab5a5e0fca36e05e24d0b0e22cec4d.jpg,egkdapqwkfprtyqvvnso,true,cddcaa00fc55d64cad75a4997edb3fee5dab5a5e0fca36e05e24d0b0e22cec4d,image/jpeg,70062,640,640,therapy-hair-spa-canggu-canggu,76da39dc-1c09-4919-b8d4-bc257266b6bb,therapy-hair-spa-canggu-canggu,venue,,project_owner_global_authorization,MEDIA-002,,NOT_CREATED_DRY_RUN,false,READY_FOR_MAPPING,,
owner-photo-candidates,owner-candidates/v1/therapy-hair-spa-canggu-canggu/f0095c38fd8154e2fdea8dffd025ce1614b6990edd2a0e996fcdc1c1fcd2aadd.webp,egkdapqwkfprtyqvvnso,true,f0095c38fd8154e2fdea8dffd025ce1614b6990edd2a0e996fcdc1c1fcd2aadd,image/webp,138560,1024,683,therapy-hair-spa-canggu-canggu,76da39dc-1c09-4919-b8d4-bc257266b6bb,therapy-hair-spa-canggu-canggu,venue,,project_owner_global_authorization,MEDIA-002,,NOT_CREATED_DRY_RUN,false,READY_FOR_MAPPING,,
owner-photo-candidates,owner-candidates/v1/therapy-hair-spa-seminyak/20b7464e627fb08e4671d1926b074519575852379b63f3d177da0ba54596f140.webp,egkdapqwkfprtyqvvnso,true,20b7464e627fb08e4671d1926b074519575852379b63f3d177da0ba54596f140,image/webp,75942,1891,2540,therapy-hair-spa-seminyak,wbimp_therapy-hair-spa-seminyak,therapy-hair-spa-seminyak,venue,DUP-073,project_owner_global_authorization,MEDIA-002,venues.photo_url:therapy-hair-spa-seminyak,NOT_CREATED_DRY_RUN,true,CANONICALIZE_DUPLICATE_PRESERVE_ASSOCIATIONS,duplicate_content_hash,share canonical bytes; preserve logical association
owner-photo-candidates,owner-candidates/v1/therapy-hair-spa-seminyak/6ff8495514e45c27e65fed38fd8be7a7f2c90b154a8abd8a9ebbd6f060fae45f.webp,egkdapqwkfprtyqvvnso,true,6ff8495514e45c27e65fed38fd8be7a7f2c90b154a8abd8a9ebbd6f060fae45f,image/webp,92420,1068,1600,therapy-hair-spa-seminyak,wbimp_therapy-hair-spa-seminyak,therapy-hair-spa-seminyak,venue,DUP-074,project_owner_global_authorization,MEDIA-002,,NOT_CREATED_DRY_RUN,false,CANONICALIZE_DUPLICATE_PRESERVE_ASSOCIATIONS,duplicate_content_hash,share canonical bytes; preserve logical association
owner-photo-candidates,owner-candidates/v1/therapy-hair-spa-seminyak/84b1c486b87f2ec0ab405fecdf94bf38c0145e6021be3b673afa5d41e9b8432b.webp,egkdapqwkfprtyqvvnso,true,84b1c486b87f2ec0ab405fecdf94bf38c0145e6021be3b673afa5d41e9b8432b,image/webp,101148,1080,1619,therapy-hair-spa-seminyak,wbimp_therapy-hair-spa-seminyak,therapy-hair-spa-seminyak,venue,DUP-075,project_owner_global_authorization,MEDIA-002,,NOT_CREATED_DRY_RUN,false,CANONICALIZE_DUPLICATE_PRESERVE_ASSOCIATIONS,duplicate_content_hash,share canonical bytes; preserve logical association
owner-photo-candidates,owner-candidates/v1/thermes-marins-bali-spa-at-ayana-jimbaran/15b620e2705806136b50d7747745daffeabb36c9da70680e4674ff3a2d889e91.webp,egkdapqwkfprtyqvvnso,true,15b620e2705806136b50d7747745daffeabb36c9da70680e4674ff3a2d889e91,image/webp,811424,2880,1920,thermes-marins-bali-spa-at-ayana-jimbaran,932f7fd6-718d-4394-afbe-2e606cfa22ff,thermes-marins-bali-spa-at-ayana-jimbaran,venue,DUP-019,project_owner_global_authorization,MEDIA-002,venues.photo_url:thermes-marins-bali-spa-at-ayana-jimbaran,NOT_CREATED_DRY_RUN,true,CANONICALIZE_DUPLICATE_PRESERVE_ASSOCIATIONS,duplicate_content_hash,share canonical bytes; preserve logical association
owner-photo-candidates,owner-candidates/v1/thermes-marins-bali-spa-at-ayana-jimbaran/47bf93960eec6ad92cad18e36443ebfcfa644d06ebc00b3a4dded654c1cfbab0.webp,egkdapqwkfprtyqvvnso,true,47bf93960eec6ad92cad18e36443ebfcfa644d06ebc00b3a4dded654c1cfbab0,image/webp,753672,2160,1728,thermes-marins-bali-spa-at-ayana-jimbaran,932f7fd6-718d-4394-afbe-2e606cfa22ff,thermes-marins-bali-spa-at-ayana-jimbaran,venue,,project_owner_global_authorization,MEDIA-002,,NOT_CREATED_DRY_RUN,false,READY_FOR_MAPPING,,
owner-photo-candidates,owner-candidates/v1/thermes-marins-bali-spa-at-ayana-jimbaran/b9314b517a2ce00a416c56880c517ad0ac8a9819167269d1e94885097b3b99a0.webp,egkdapqwkfprtyqvvnso,true,b9314b517a2ce00a416c56880c517ad0ac8a9819167269d1e94885097b3b99a0,image/webp,1036710,2880,1920,thermes-marins-bali-spa-at-ayana-jimbaran,932f7fd6-718d-4394-afbe-2e606cfa22ff,thermes-marins-bali-spa-at-ayana-jimbaran,venue,DUP-020,project_owner_global_authorization,MEDIA-002,,NOT_CREATED_DRY_RUN,false,CANONICALIZE_DUPLICATE_PRESERVE_ASSOCIATIONS,duplicate_content_hash,share canonical bytes; preserve logical association
owner-photo-candidates,owner-candidates/v1/thermes-marins-bali-spa-at-ayana-jimbaran/d534739fec512128b2e8772137f882e3b4fa1912c9065369dc463835f8fdde45.webp,egkdapqwkfprtyqvvnso,true,d534739fec512128b2e8772137f882e3b4fa1912c9065369dc463835f8fdde45,image/webp,995252,2880,2220,thermes-marins-bali-spa-at-ayana-jimbaran,932f7fd6-718d-4394-afbe-2e606cfa22ff,thermes-marins-bali-spa-at-ayana-jimbaran,venue,,project_owner_global_authorization,MEDIA-002,,NOT_CREATED_DRY_RUN,false,READY_FOR_MAPPING,,
owner-photo-candidates,owner-candidates/v1/think-pink-nails-canggu-canggu/41c404c963035fc4b40836b2e03a48a8d5074e7a8d88b31a958057bdbcee99a9.avif,egkdapqwkfprtyqvvnso,true,41c404c963035fc4b40836b2e03a48a8d5074e7a8d88b31a958057bdbcee99a9,image/heif,49982,542,442,think-pink-nails-canggu-canggu,7f63792a-3a78-4afa-b41d-1333d69e7ec1,think-pink-nails-canggu-canggu,venue,DUP-076,project_owner_global_authorization,MEDIA-002,venues.photo_url:think-pink-nails-canggu-canggu,NOT_CREATED_DRY_RUN,true,CANONICALIZE_DUPLICATE_PRESERVE_ASSOCIATIONS,duplicate_content_hash,share canonical bytes; preserve logical association
owner-photo-candidates,owner-candidates/v1/think-pink-nails-canggu-canggu/9dd6d4094a6da22bbfe709aa543f544483ba722b220c8c0020e9fd0bc20383bd.jpg,egkdapqwkfprtyqvvnso,true,9dd6d4094a6da22bbfe709aa543f544483ba722b220c8c0020e9fd0bc20383bd,image/jpeg,305910,1080,1350,think-pink-nails-canggu-canggu,7f63792a-3a78-4afa-b41d-1333d69e7ec1,think-pink-nails-canggu-canggu,venue,,project_owner_global_authorization,MEDIA-002,,NOT_CREATED_DRY_RUN,false,READY_FOR_MAPPING,,
owner-photo-candidates,owner-candidates/v1/think-pink-nails-canggu-canggu/c757c156d5505c2f38f6ad6ced047a7756611edeb0d9c3ea138974ab99d687c6.jpg,egkdapqwkfprtyqvvnso,true,c757c156d5505c2f38f6ad6ced047a7756611edeb0d9c3ea138974ab99d687c6,image/jpeg,41576,640,640,think-pink-nails-canggu-canggu,7f63792a-3a78-4afa-b41d-1333d69e7ec1,think-pink-nails-canggu-canggu,venue,,project_owner_global_authorization,MEDIA-002,,NOT_CREATED_DRY_RUN,false,READY_FOR_MAPPING,,
owner-photo-candidates,owner-candidates/v1/think-pink-salon-and-nails-bali/3f50a4698c82a518ee9dcb107aecf7d1594e211c5c96db2659d973f33d38f4e9.jpg,egkdapqwkfprtyqvvnso,true,3f50a4698c82a518ee9dcb107aecf7d1594e211c5c96db2659d973f33d38f4e9,image/jpeg,1216823,1638,2048,think-pink-salon-and-nails-bali,v_import_think_pink_salon_and_nails_bali,think-pink-salon-and-nails-bali,venue,,project_owner_global_authorization,MEDIA-002,venues.photo_url:think-pink-salon-and-nails-bali,NOT_CREATED_DRY_RUN,true,READY_FOR_MAPPING,,
owner-photo-candidates,owner-candidates/v1/think-pink-salon-and-nails-bali/41c404c963035fc4b40836b2e03a48a8d5074e7a8d88b31a958057bdbcee99a9.avif,egkdapqwkfprtyqvvnso,true,41c404c963035fc4b40836b2e03a48a8d5074e7a8d88b31a958057bdbcee99a9,image/heif,49982,542,442,think-pink-salon-and-nails-bali,v_import_think_pink_salon_and_nails_bali,think-pink-salon-and-nails-bali,venue,DUP-076,project_owner_global_authorization,MEDIA-002,,NOT_CREATED_DRY_RUN,false,CANONICALIZE_DUPLICATE_PRESERVE_ASSOCIATIONS,duplicate_content_hash,share canonical bytes; preserve logical association
owner-photo-candidates,owner-candidates/v1/think-pink-salon-and-nails-bali/4cae37849bc6ba0b965224e3539312b507df81ec3e211ef0a6594e2c5f670937.jpg,egkdapqwkfprtyqvvnso,true,4cae37849bc6ba0b965224e3539312b507df81ec3e211ef0a6594e2c5f670937,image/jpeg,160694,1440,1800,think-pink-salon-and-nails-bali,v_import_think_pink_salon_and_nails_bali,think-pink-salon-and-nails-bali,venue,,project_owner_global_authorization,MEDIA-002,,NOT_CREATED_DRY_RUN,false,READY_FOR_MAPPING,,
owner-photo-candidates,owner-candidates/v1/titi-batu-ubud-club-ubud/4138d1648087e1056ce713fbe19719bca3eb4a72561e962135a6f11c0524ab33.jpg,egkdapqwkfprtyqvvnso,true,4138d1648087e1056ce713fbe19719bca3eb4a72561e962135a6f11c0524ab33,image/jpeg,1242815,2500,1666,titi-batu-ubud-club-ubud,b5a8707c-f46d-40d3-aeee-6cee76ce75d7,titi-batu-ubud-club-ubud,venue,,project_owner_global_authorization,MEDIA-002,venues.photo_url:titi-batu-ubud-club-ubud,NOT_CREATED_DRY_RUN,true,READY_FOR_MAPPING,,
owner-photo-candidates,owner-candidates/v1/titi-batu-ubud-club-ubud/b11770aed95a8dff47bde06b63e38a35ab4b3cceffe0b76a3a5b3327c2d3b1bf.avif,egkdapqwkfprtyqvvnso,true,b11770aed95a8dff47bde06b63e38a35ab4b3cceffe0b76a3a5b3327c2d3b1bf,image/heif,53403,439,656,titi-batu-ubud-club-ubud,b5a8707c-f46d-40d3-aeee-6cee76ce75d7,titi-batu-ubud-club-ubud,venue,,project_owner_global_authorization,MEDIA-002,,NOT_CREATED_DRY_RUN,false,READY_FOR_MAPPING,,
owner-photo-candidates,owner-candidates/v1/titi-batu-ubud-club-ubud/e7aab0c2943220cdb9e4aabeb76e66a77c0f945cf95a55276bfe43f9c589552e.jpg,egkdapqwkfprtyqvvnso,true,e7aab0c2943220cdb9e4aabeb76e66a77c0f945cf95a55276bfe43f9c589552e,image/jpeg,56536,1063,531,titi-batu-ubud-club-ubud,b5a8707c-f46d-40d3-aeee-6cee76ce75d7,titi-batu-ubud-club-ubud,venue,,project_owner_global_authorization,MEDIA-002,,NOT_CREATED_DRY_RUN,false,READY_FOR_MAPPING,,
owner-photo-candidates,owner-candidates/v1/tonic-day-spa-botanicals-canggu/3f6717f3ac231ea0573dbaea3b39c4f9f7c92e0afd39f3b595e3061c292308f3.jpg,egkdapqwkfprtyqvvnso,true,3f6717f3ac231ea0573dbaea3b39c4f9f7c92e0afd39f3b595e3061c292308f3,image/jpeg,548084,1569,2088,tonic-day-spa-botanicals-canggu,8434ea33-1d29-41e2-8523-4db999d265f1,tonic-day-spa-botanicals-canggu,venue,,project_owner_global_authorization,MEDIA-002,venues.photo_url:tonic-day-spa-botanicals-canggu,NOT_CREATED_DRY_RUN,true,READY_FOR_MAPPING,,
owner-photo-candidates,owner-candidates/v1/tonic-day-spa-botanicals-canggu/4d4e085d87dfc609b16f27d6201680bbf84dad1590a55d69ad18088ffa62d12f.jpg,egkdapqwkfprtyqvvnso,true,4d4e085d87dfc609b16f27d6201680bbf84dad1590a55d69ad18088ffa62d12f,image/jpeg,74539,720,1280,tonic-day-spa-botanicals-canggu,8434ea33-1d29-41e2-8523-4db999d265f1,tonic-day-spa-botanicals-canggu,venue,,project_owner_global_authorization,MEDIA-002,,NOT_CREATED_DRY_RUN,false,READY_FOR_MAPPING,,
owner-photo-candidates,owner-candidates/v1/tonic-day-spa-botanicals-canggu/ae1eff98e03c29b7a827a296e02f92cb4a35b7d42748a579b13ec47dd2740579.jpg,egkdapqwkfprtyqvvnso,true,ae1eff98e03c29b7a827a296e02f92cb4a35b7d42748a579b13ec47dd2740579,image/jpeg,129565,900,602,tonic-day-spa-botanicals-canggu,8434ea33-1d29-41e2-8523-4db999d265f1,tonic-day-spa-botanicals-canggu,venue,,project_owner_global_authorization,MEDIA-002,,NOT_CREATED_DRY_RUN,false,READY_FOR_MAPPING,,
owner-photo-candidates,owner-candidates/v1/touche-cafe-and-restaurant/0959a82aec053989bbdf23dc28a2b7ac9beb558e97faf9713f7c34921f81de74.jpg,egkdapqwkfprtyqvvnso,true,0959a82aec053989bbdf23dc28a2b7ac9beb558e97faf9713f7c34921f81de74,image/jpeg,134292,720,1280,touche-cafe-and-restaurant,v_import_touche_cafe_and_restaurant,touche-cafe-and-restaurant,venue,,project_owner_global_authorization,MEDIA-002,venues.photo_url:touche-cafe-and-restaurant,NOT_CREATED_DRY_RUN,true,READY_FOR_MAPPING,,
owner-photo-candidates,owner-candidates/v1/touche-cafe-and-restaurant/09d9c3e93e3f220ea561b263dd71ecc353d334466523a1e2464e48d7358b9f81.jpg,egkdapqwkfprtyqvvnso,true,09d9c3e93e3f220ea561b263dd71ecc353d334466523a1e2464e48d7358b9f81,image/jpeg,215502,1080,1920,touche-cafe-and-restaurant,v_import_touche_cafe_and_restaurant,touche-cafe-and-restaurant,venue,,project_owner_global_authorization,MEDIA-002,,NOT_CREATED_DRY_RUN,false,READY_FOR_MAPPING,,
owner-photo-candidates,owner-candidates/v1/touche-cafe-and-restaurant/25243ad2c3314a1232bdc4e0299d6738fc7655bf7e890802ede71e6ac221416c.jpg,egkdapqwkfprtyqvvnso,true,25243ad2c3314a1232bdc4e0299d6738fc7655bf7e890802ede71e6ac221416c,image/jpeg,167997,1080,1920,touche-cafe-and-restaurant,v_import_touche_cafe_and_restaurant,touche-cafe-and-restaurant,venue,,project_owner_global_authorization,MEDIA-002,,NOT_CREATED_DRY_RUN,false,READY_FOR_MAPPING,,
owner-photo-candidates,owner-candidates/v1/tropical-nomad/070625555718186b591253ecd6dab7bb759de3b3561f14fdabf511693b03ee2e.webp,egkdapqwkfprtyqvvnso,true,070625555718186b591253ecd6dab7bb759de3b3561f14fdabf511693b03ee2e,image/webp,286390,1920,2880,tropical-nomad,v_import_tropical_nomad,tropical-nomad,venue,,project_owner_global_authorization,MEDIA-002,venues.photo_url:tropical-nomad,NOT_CREATED_DRY_RUN,true,READY_FOR_MAPPING,,
owner-photo-candidates,owner-candidates/v1/tropical-nomad/12ec687cb033ec219efbcf8cca97cefc9bfc248284e0cca9571342053ff1d1b8.jpg,egkdapqwkfprtyqvvnso,true,12ec687cb033ec219efbcf8cca97cefc9bfc248284e0cca9571342053ff1d1b8,image/jpeg,1295804,6000,4000,tropical-nomad,v_import_tropical_nomad,tropical-nomad,venue,,project_owner_global_authorization,MEDIA-002,,NOT_CREATED_DRY_RUN,false,READY_FOR_MAPPING,,
owner-photo-candidates,owner-candidates/v1/tropical-nomad/33bc10019654c661f5080ce71a32f86563b8950181b54db7a95827e81dc50dbc.webp,egkdapqwkfprtyqvvnso,true,33bc10019654c661f5080ce71a32f86563b8950181b54db7a95827e81dc50dbc,image/webp,187474,1920,1280,tropical-nomad,v_import_tropical_nomad,tropical-nomad,venue,,project_owner_global_authorization,MEDIA-002,,NOT_CREATED_DRY_RUN,false,READY_FOR_MAPPING,,
owner-photo-candidates,owner-candidates/v1/ubud-pilates/0b3265d432f54d266b7b381e406a15a4dd882a367c20c1213931cb276389cfca.jpg,egkdapqwkfprtyqvvnso,true,0b3265d432f54d266b7b381e406a15a4dd882a367c20c1213931cb276389cfca,image/jpeg,302851,1920,1080,ubud-pilates,wbimp_ubud-pilates,ubud-pilates,venue,,project_owner_global_authorization,MEDIA-002,venues.photo_url:ubud-pilates,NOT_CREATED_DRY_RUN,true,READY_FOR_MAPPING,,
owner-photo-candidates,owner-candidates/v1/ubud-pilates/2e87c4e383d1dfc8dd1b97f8930aea62dd3a159fac80fc3f17e602c18b9f285c.jpg,egkdapqwkfprtyqvvnso,true,2e87c4e383d1dfc8dd1b97f8930aea62dd3a159fac80fc3f17e602c18b9f285c,image/jpeg,353336,1920,1080,ubud-pilates,wbimp_ubud-pilates,ubud-pilates,venue,,project_owner_global_authorization,MEDIA-002,,NOT_CREATED_DRY_RUN,false,READY_FOR_MAPPING,,
owner-photo-candidates,owner-candidates/v1/ubud-pilates/343f2e328fd5693ab8006b347cbc029466d613967cb26fd5f61fe6061317c8c9.jpg,egkdapqwkfprtyqvvnso,true,343f2e328fd5693ab8006b347cbc029466d613967cb26fd5f61fe6061317c8c9,image/jpeg,630065,1920,1080,ubud-pilates,wbimp_ubud-pilates,ubud-pilates,venue,,project_owner_global_authorization,MEDIA-002,,NOT_CREATED_DRY_RUN,false,READY_FOR_MAPPING,,
owner-photo-candidates,owner-candidates/v1/ubud-yoga-house/4771bb665d7f63b0d5853c8dfd693aeff0fbbe744b2d4cffd0d9521a21b0d39e.jpg,egkdapqwkfprtyqvvnso,true,4771bb665d7f63b0d5853c8dfd693aeff0fbbe744b2d4cffd0d9521a21b0d39e,image/jpeg,387930,2500,1200,ubud-yoga-house,10935959-2d36-4a66-8fc1-5b27c53bacc9,ubud-yoga-house,venue,,project_owner_global_authorization,MEDIA-002,venues.photo_url:ubud-yoga-house,NOT_CREATED_DRY_RUN,true,READY_FOR_MAPPING,,
owner-photo-candidates,owner-candidates/v1/ubud-yoga-house/67216c522c207ac15d4c8b26cfd42d99188009b8690ff9032c527434ddf3bb74.jpg,egkdapqwkfprtyqvvnso,true,67216c522c207ac15d4c8b26cfd42d99188009b8690ff9032c527434ddf3bb74,image/jpeg,547933,2048,1366,ubud-yoga-house,10935959-2d36-4a66-8fc1-5b27c53bacc9,ubud-yoga-house,venue,,project_owner_global_authorization,MEDIA-002,,NOT_CREATED_DRY_RUN,false,READY_FOR_MAPPING,,
owner-photo-candidates,owner-candidates/v1/ubud-yoga-house/c5dbd9ae1a28087c3f6645b919af27b89c29e01105ddc955c63018db2d9e5eee.jpg,egkdapqwkfprtyqvvnso,true,c5dbd9ae1a28087c3f6645b919af27b89c29e01105ddc955c63018db2d9e5eee,image/jpeg,290833,1800,800,ubud-yoga-house,10935959-2d36-4a66-8fc1-5b27c53bacc9,ubud-yoga-house,venue,,project_owner_global_authorization,MEDIA-002,,NOT_CREATED_DRY_RUN,false,READY_FOR_MAPPING,,
owner-photo-candidates,owner-candidates/v1/ulu-active-recovery/7983e27fe3aa689784650bb1ed614e7d84f2bee959c52ebf7ece0840bfbe3674.jpg,egkdapqwkfprtyqvvnso,true,7983e27fe3aa689784650bb1ed614e7d84f2bee959c52ebf7ece0840bfbe3674,image/jpeg,1077098,1707,2560,ulu-active-recovery,wbimp_ulu-active-recovery,ulu-active-recovery,venue,,project_owner_global_authorization,MEDIA-002,venues.photo_url:ulu-active-recovery,NOT_CREATED_DRY_RUN,true,READY_FOR_MAPPING,,
owner-photo-candidates,owner-candidates/v1/ulu-active-recovery/96ae610589afd4060ddb7ee69c27e54207efbb09fe09fe3a9ce17b2bf57f3aa7.webp,egkdapqwkfprtyqvvnso,true,96ae610589afd4060ddb7ee69c27e54207efbb09fe09fe3a9ce17b2bf57f3aa7,image/webp,117388,1707,2560,ulu-active-recovery,wbimp_ulu-active-recovery,ulu-active-recovery,venue,,project_owner_global_authorization,MEDIA-002,,NOT_CREATED_DRY_RUN,false,READY_FOR_MAPPING,,
owner-photo-candidates,owner-candidates/v1/ulu-active-recovery/f025ce1bac6207926083396c3d1cac90c6b78358a04f5e873bf6a04a0ed37cb2.webp,egkdapqwkfprtyqvvnso,true,f025ce1bac6207926083396c3d1cac90c6b78358a04f5e873bf6a04a0ed37cb2,image/webp,584568,1708,2560,ulu-active-recovery,wbimp_ulu-active-recovery,ulu-active-recovery,venue,,project_owner_global_authorization,MEDIA-002,,NOT_CREATED_DRY_RUN,false,READY_FOR_MAPPING,,
owner-photo-candidates,owner-candidates/v1/ulu-fishmarket/4a0742d04d6abda864d2ce3c0ca59c042389eb91a8caf1d982c0a8559fee8abf.png,egkdapqwkfprtyqvvnso,true,4a0742d04d6abda864d2ce3c0ca59c042389eb91a8caf1d982c0a8559fee8abf,image/png,135732,1500,1500,ulu-fishmarket,v_import_ulu_fishmarket,ulu-fishmarket,venue,,project_owner_global_authorization,MEDIA-002,venues.photo_url:ulu-fishmarket,NOT_CREATED_DRY_RUN,true,READY_FOR_MAPPING,,
owner-photo-candidates,owner-candidates/v1/ulu-fishmarket/9af93867c9595d08ea63ec50885d3cce5970c7ccba566f2cb1119b0536ab35ee.jpg,egkdapqwkfprtyqvvnso,true,9af93867c9595d08ea63ec50885d3cce5970c7ccba566f2cb1119b0536ab35ee,image/jpeg,48471,1200,630,ulu-fishmarket,v_import_ulu_fishmarket,ulu-fishmarket,venue,,project_owner_global_authorization,MEDIA-002,,NOT_CREATED_DRY_RUN,false,READY_FOR_MAPPING,,
owner-photo-candidates,owner-candidates/v1/ulu-fishmarket/e782f856e0c56ffd7a5a2db65955f195e1576d65b9a382e2cd8fd36dfdf17382.jpg,egkdapqwkfprtyqvvnso,true,e782f856e0c56ffd7a5a2db65955f195e1576d65b9a382e2cd8fd36dfdf17382,image/jpeg,341661,1024,683,ulu-fishmarket,v_import_ulu_fishmarket,ulu-fishmarket,venue,,project_owner_global_authorization,MEDIA-002,,NOT_CREATED_DRY_RUN,false,READY_FOR_MAPPING,,
owner-photo-candidates,owner-candidates/v1/ulu-yoga-bali/00ab0da93d718f60e0956224707581099382f97b5032503a504964a4e0f2c507.jpg,egkdapqwkfprtyqvvnso,true,00ab0da93d718f60e0956224707581099382f97b5032503a504964a4e0f2c507,image/jpeg,493933,1200,630,ulu-yoga-bali,wbimp_ulu-yoga-bali,ulu-yoga-bali,venue,,project_owner_global_authorization,MEDIA-002,venues.photo_url:ulu-yoga-bali,NOT_CREATED_DRY_RUN,true,READY_FOR_MAPPING,,
owner-photo-candidates,owner-candidates/v1/ulu-yoga-bali/381410f7569864066b446b77070017f8e10b75a661a54c397280dd36490a150f.jpg,egkdapqwkfprtyqvvnso,true,381410f7569864066b446b77070017f8e10b75a661a54c397280dd36490a150f,image/jpeg,631406,1200,630,ulu-yoga-bali,wbimp_ulu-yoga-bali,ulu-yoga-bali,venue,,project_owner_global_authorization,MEDIA-002,,NOT_CREATED_DRY_RUN,false,READY_FOR_MAPPING,,
owner-photo-candidates,owner-candidates/v1/ulu-yoga-bali/8f077c159e04583ede811fb2c24a564b7b064e2685006a4a962798014aeb3d1d.jpg,egkdapqwkfprtyqvvnso,true,8f077c159e04583ede811fb2c24a564b7b064e2685006a4a962798014aeb3d1d,image/jpeg,883663,1200,630,ulu-yoga-bali,wbimp_ulu-yoga-bali,ulu-yoga-bali,venue,,project_owner_global_authorization,MEDIA-002,,NOT_CREATED_DRY_RUN,false,READY_FOR_MAPPING,,
owner-photo-candidates,owner-candidates/v1/unique-rooftop-bar-and-restaurant/15b620e2705806136b50d7747745daffeabb36c9da70680e4674ff3a2d889e91.webp,egkdapqwkfprtyqvvnso,true,15b620e2705806136b50d7747745daffeabb36c9da70680e4674ff3a2d889e91,image/webp,811424,2880,1920,unique-rooftop-bar-and-restaurant,v_import_unique_rooftop_bar_and_restaurant,unique-rooftop-bar-and-restaurant,venue,DUP-019,project_owner_global_authorization,MEDIA-002,venues.photo_url:unique-rooftop-bar-and-restaurant,NOT_CREATED_DRY_RUN,true,CANONICALIZE_DUPLICATE_PRESERVE_ASSOCIATIONS,duplicate_content_hash,share canonical bytes; preserve logical association
owner-photo-candidates,owner-candidates/v1/unique-rooftop-bar-and-restaurant/8540a8158cf79ec91702d0c18a6b83f94859c8429c1797bc4bf6da155e41e3f2.webp,egkdapqwkfprtyqvvnso,true,8540a8158cf79ec91702d0c18a6b83f94859c8429c1797bc4bf6da155e41e3f2,image/webp,748128,2158,1726,unique-rooftop-bar-and-restaurant,v_import_unique_rooftop_bar_and_restaurant,unique-rooftop-bar-and-restaurant,venue,,project_owner_global_authorization,MEDIA-002,,NOT_CREATED_DRY_RUN,false,READY_FOR_MAPPING,,
owner-photo-candidates,owner-candidates/v1/unique-rooftop-bar-and-restaurant/a592a10ed5a526bdaf60a8b3c33910e154716a4a582c6699a4526bc74b404656.webp,egkdapqwkfprtyqvvnso,true,a592a10ed5a526bdaf60a8b3c33910e154716a4a582c6699a4526bc74b404656,image/webp,1393470,3200,2136,unique-rooftop-bar-and-restaurant,v_import_unique_rooftop_bar_and_restaurant,unique-rooftop-bar-and-restaurant,venue,,project_owner_global_authorization,MEDIA-002,,NOT_CREATED_DRY_RUN,false,READY_FOR_MAPPING,,
owner-photo-candidates,owner-candidates/v1/unique-rooftop-bar-and-restaurant/b9314b517a2ce00a416c56880c517ad0ac8a9819167269d1e94885097b3b99a0.webp,egkdapqwkfprtyqvvnso,true,b9314b517a2ce00a416c56880c517ad0ac8a9819167269d1e94885097b3b99a0,image/webp,1036710,2880,1920,unique-rooftop-bar-and-restaurant,v_import_unique_rooftop_bar_and_restaurant,unique-rooftop-bar-and-restaurant,venue,DUP-020,project_owner_global_authorization,MEDIA-002,,NOT_CREATED_DRY_RUN,false,CANONICALIZE_DUPLICATE_PRESERVE_ASSOCIATIONS,duplicate_content_hash,share canonical bytes; preserve logical association
owner-photo-candidates,owner-candidates/v1/unique-rooftop-bar-and-restaurant/ef3af7171d50b8c0b27f10a3cbbe49742ccccd357ee2af7c92e3374dbd13c102.webp,egkdapqwkfprtyqvvnso,true,ef3af7171d50b8c0b27f10a3cbbe49742ccccd357ee2af7c92e3374dbd13c102,image/webp,1084420,2880,1920,unique-rooftop-bar-and-restaurant,v_import_unique_rooftop_bar_and_restaurant,unique-rooftop-bar-and-restaurant,venue,,project_owner_global_authorization,MEDIA-002,,NOT_CREATED_DRY_RUN,false,READY_FOR_MAPPING,,
owner-photo-candidates,owner-candidates/v1/vela-spa/017c357680ea05ea4ccf3c649d8ffd430f44da382aad89cb541df74f78953b16.jpg,egkdapqwkfprtyqvvnso,true,017c357680ea05ea4ccf3c649d8ffd430f44da382aad89cb541df74f78953b16,image/jpeg,218534,1080,1350,vela-spa,wbimp_vela-spa,vela-spa,venue,,project_owner_global_authorization,MEDIA-002,venues.photo_url:vela-spa,NOT_CREATED_DRY_RUN,true,READY_FOR_MAPPING,,
owner-photo-candidates,owner-candidates/v1/vela-spa/6a8cc82868de224376dc93f7b43fbbcec67011ae897607c5e72947943ea35a41.jpg,egkdapqwkfprtyqvvnso,true,6a8cc82868de224376dc93f7b43fbbcec67011ae897607c5e72947943ea35a41,image/jpeg,343978,1067,1600,vela-spa,wbimp_vela-spa,vela-spa,venue,,project_owner_global_authorization,MEDIA-002,,NOT_CREATED_DRY_RUN,false,READY_FOR_MAPPING,,
owner-photo-candidates,owner-candidates/v1/vela-spa/c29566cdf7cee014d4532c0d8582b972c6f0c6e806a62189aaba90470f5ef09e.jpg,egkdapqwkfprtyqvvnso,true,c29566cdf7cee014d4532c0d8582b972c6f0c6e806a62189aaba90470f5ef09e,image/jpeg,173858,1638,2048,vela-spa,wbimp_vela-spa,vela-spa,venue,,project_owner_global_authorization,MEDIA-002,,NOT_CREATED_DRY_RUN,false,READY_FOR_MAPPING,,
owner-photo-candidates,owner-candidates/v1/wanderlust-fitness-village-canggu/437072b9c27d80c607e550fbdbbab2c7104d0a3b2fc8f57227f85a76524acb6c.jpg,egkdapqwkfprtyqvvnso,true,437072b9c27d80c607e550fbdbbab2c7104d0a3b2fc8f57227f85a76524acb6c,image/jpeg,138481,1024,536,wanderlust-fitness-village-canggu,c8d6b2ea-d0a6-40b8-b884-833461d0be51,wanderlust-fitness-village-canggu,venue,,project_owner_global_authorization,MEDIA-002,venues.photo_url:wanderlust-fitness-village-canggu,NOT_CREATED_DRY_RUN,true,READY_FOR_MAPPING,,
owner-photo-candidates,owner-candidates/v1/wanderlust-fitness-village-canggu/57a545a40f98466aa9a9b4e9e89dee745d2b774a438e4e5191a06abbb5cfc83e.png,egkdapqwkfprtyqvvnso,true,57a545a40f98466aa9a9b4e9e89dee745d2b774a438e4e5191a06abbb5cfc83e,image/png,718445,980,633,wanderlust-fitness-village-canggu,c8d6b2ea-d0a6-40b8-b884-833461d0be51,wanderlust-fitness-village-canggu,venue,,project_owner_global_authorization,MEDIA-002,,NOT_CREATED_DRY_RUN,false,READY_FOR_MAPPING,,
owner-photo-candidates,owner-candidates/v1/wanderlust-fitness-village-canggu/bb4e9edafb6a9d5b3570d2588334c0056d4b8d25ff60f924138a7d5c5b7316e9.jpg,egkdapqwkfprtyqvvnso,true,bb4e9edafb6a9d5b3570d2588334c0056d4b8d25ff60f924138a7d5c5b7316e9,image/jpeg,336759,1920,1078,wanderlust-fitness-village-canggu,c8d6b2ea-d0a6-40b8-b884-833461d0be51,wanderlust-fitness-village-canggu,venue,,project_owner_global_authorization,MEDIA-002,,NOT_CREATED_DRY_RUN,false,READY_FOR_MAPPING,,
owner-photo-candidates,owner-candidates/v1/waroeng-bernadette/3e42764271adbc5a0574d083399da5de1361505bcadbd6c7b0d3e936665f65c6.jpg,egkdapqwkfprtyqvvnso,true,3e42764271adbc5a0574d083399da5de1361505bcadbd6c7b0d3e936665f65c6,image/jpeg,212877,1200,630,waroeng-bernadette,v_import_waroeng_bernadette,waroeng-bernadette,venue,DUP-021,project_owner_global_authorization,MEDIA-002,venues.photo_url:waroeng-bernadette,NOT_CREATED_DRY_RUN,true,CANONICALIZE_DUPLICATE_PRESERVE_ASSOCIATIONS,duplicate_content_hash,share canonical bytes; preserve logical association
owner-photo-candidates,owner-candidates/v1/waroeng-bernadette/fe7cc34893c82fd240a7746d3b28aa32da1f6823bd608705e512982393920210.jpg,egkdapqwkfprtyqvvnso,true,fe7cc34893c82fd240a7746d3b28aa32da1f6823bd608705e512982393920210,image/jpeg,45622,1200,630,waroeng-bernadette,v_import_waroeng_bernadette,waroeng-bernadette,venue,,project_owner_global_authorization,MEDIA-002,,NOT_CREATED_DRY_RUN,false,READY_FOR_MAPPING,,
owner-photo-candidates,owner-candidates/v1/waroeng-sulawesi-petitenget/19814d83f26bd93836d325f35b387df74bbcb3e868178c8a2d39ad164830424c.jpg,egkdapqwkfprtyqvvnso,true,19814d83f26bd93836d325f35b387df74bbcb3e868178c8a2d39ad164830424c,image/jpeg,87409,640,1138,waroeng-sulawesi-petitenget,v_waroeng-sulawesi-petitenget,waroeng-sulawesi-petitenget,venue,,project_owner_global_authorization,MEDIA-002,venues.photo_url:waroeng-sulawesi-petitenget,NOT_CREATED_DRY_RUN,true,READY_FOR_MAPPING,,
owner-photo-candidates,owner-candidates/v1/waroeng-sulawesi-petitenget/7404485ce88b8c9f873266f30d06cdebe843742861e838ff5f08b5de0f029eac.jpg,egkdapqwkfprtyqvvnso,true,7404485ce88b8c9f873266f30d06cdebe843742861e838ff5f08b5de0f029eac,image/jpeg,116854,640,1138,waroeng-sulawesi-petitenget,v_waroeng-sulawesi-petitenget,waroeng-sulawesi-petitenget,venue,,project_owner_global_authorization,MEDIA-002,,NOT_CREATED_DRY_RUN,false,READY_FOR_MAPPING,,
owner-photo-candidates,owner-candidates/v1/waroeng-sulawesi-petitenget/7b0a1a5fa2810f954ddeceaee2eb89ca128e4b058782f746a7b8ce43e22b6bd3.jpg,egkdapqwkfprtyqvvnso,true,7b0a1a5fa2810f954ddeceaee2eb89ca128e4b058782f746a7b8ce43e22b6bd3,image/jpeg,72361,640,1138,waroeng-sulawesi-petitenget,v_waroeng-sulawesi-petitenget,waroeng-sulawesi-petitenget,venue,,project_owner_global_authorization,MEDIA-002,,NOT_CREATED_DRY_RUN,false,READY_FOR_MAPPING,,
owner-photo-candidates,owner-candidates/v1/warung-batan-bekul/27ec5e99dc8860245ffbd75fb103c23f41d1edf128c3280d1cc43485793e1c2c.jpg,egkdapqwkfprtyqvvnso,true,27ec5e99dc8860245ffbd75fb103c23f41d1edf128c3280d1cc43485793e1c2c,image/jpeg,195218,2047,1152,warung-batan-bekul,v_warung-batan-bekul,warung-batan-bekul,venue,,project_owner_global_authorization,MEDIA-002,venues.photo_url:warung-batan-bekul,NOT_CREATED_DRY_RUN,true,READY_FOR_MAPPING,,
owner-photo-candidates,owner-candidates/v1/warung-batan-bekul/a46f4b636c7bbef2b7bf1f9e66c69297ba2733a3cb16eb930eb358af6967ae1c.jpg,egkdapqwkfprtyqvvnso,true,a46f4b636c7bbef2b7bf1f9e66c69297ba2733a3cb16eb930eb358af6967ae1c,image/jpeg,74911,640,1136,warung-batan-bekul,v_warung-batan-bekul,warung-batan-bekul,venue,,project_owner_global_authorization,MEDIA-002,,NOT_CREATED_DRY_RUN,false,READY_FOR_MAPPING,,
owner-photo-candidates,owner-candidates/v1/warung-batan-bekul/b1518959f512da12eac2a030b54497bf1173d1d0ea990802c9c6dd5512b4756f.jpg,egkdapqwkfprtyqvvnso,true,b1518959f512da12eac2a030b54497bf1173d1d0ea990802c9c6dd5512b4756f,image/jpeg,147784,1080,1080,warung-batan-bekul,v_warung-batan-bekul,warung-batan-bekul,venue,,project_owner_global_authorization,MEDIA-002,,NOT_CREATED_DRY_RUN,false,READY_FOR_MAPPING,,
owner-photo-candidates,owner-candidates/v1/warung-batan-bekul/b620c641bb9657ab2bf43355d9b9cfb022640e7a05c51b5f8d6db0527e14102f.jpg,egkdapqwkfprtyqvvnso,true,b620c641bb9657ab2bf43355d9b9cfb022640e7a05c51b5f8d6db0527e14102f,image/jpeg,181189,894,894,warung-batan-bekul,v_warung-batan-bekul,warung-batan-bekul,venue,,project_owner_global_authorization,MEDIA-002,,NOT_CREATED_DRY_RUN,false,READY_FOR_MAPPING,,
owner-photo-candidates,owner-candidates/v1/warung-blanjong/0c591ecf01c8d77e8bd4226ee6125283c7514860da6acf80ba080c4672c6b747.jpg,egkdapqwkfprtyqvvnso,true,0c591ecf01c8d77e8bd4226ee6125283c7514860da6acf80ba080c4672c6b747,image/jpeg,324462,1200,900,warung-blanjong,v_warung-blanjong,warung-blanjong,venue,,project_owner_global_authorization,MEDIA-002,venues.photo_url:warung-blanjong,NOT_CREATED_DRY_RUN,true,READY_FOR_MAPPING,,
owner-photo-candidates,owner-candidates/v1/warung-blanjong/13d8dc32b95c6a98e08f69c9c40d085678436607d20c723b78c6d09f96838065.jpg,egkdapqwkfprtyqvvnso,true,13d8dc32b95c6a98e08f69c9c40d085678436607d20c723b78c6d09f96838065,image/jpeg,257072,1200,902,warung-blanjong,v_warung-blanjong,warung-blanjong,venue,,project_owner_global_authorization,MEDIA-002,,NOT_CREATED_DRY_RUN,false,READY_FOR_MAPPING,,
owner-photo-candidates,owner-candidates/v1/warung-blanjong/845185683e14d0dcf145e270e908f80fc9ca63e75d225453db1049c8568da731.jpg,egkdapqwkfprtyqvvnso,true,845185683e14d0dcf145e270e908f80fc9ca63e75d225453db1049c8568da731,image/jpeg,193276,1200,675,warung-blanjong,v_warung-blanjong,warung-blanjong,venue,,project_owner_global_authorization,MEDIA-002,,NOT_CREATED_DRY_RUN,false,READY_FOR_MAPPING,,
owner-photo-candidates,owner-candidates/v1/warung-dobiel-nusa-dua/4e7ba5b2edc6d4f3d6ed6ca4ee21208fe7153af427e45363098a08b1feb58b71.jpg,egkdapqwkfprtyqvvnso,true,4e7ba5b2edc6d4f3d6ed6ca4ee21208fe7153af427e45363098a08b1feb58b71,image/jpeg,243495,1080,1400,warung-dobiel-nusa-dua,e6eadf7e-ef84-4faa-9dd8-a9f5a9076e67,warung-dobiel-nusa-dua,venue,,project_owner_global_authorization,MEDIA-002,venues.photo_url:warung-dobiel-nusa-dua,NOT_CREATED_DRY_RUN,true,READY_FOR_MAPPING,,
owner-photo-candidates,owner-candidates/v1/warung-dobiel-nusa-dua/95197ec2b9da8faf05c1c02b693a5e7c20217d034d6b24c8bdb351bd5c6071e6.jpg,egkdapqwkfprtyqvvnso,true,95197ec2b9da8faf05c1c02b693a5e7c20217d034d6b24c8bdb351bd5c6071e6,image/jpeg,600269,1400,1816,warung-dobiel-nusa-dua,e6eadf7e-ef84-4faa-9dd8-a9f5a9076e67,warung-dobiel-nusa-dua,venue,,project_owner_global_authorization,MEDIA-002,,NOT_CREATED_DRY_RUN,false,READY_FOR_MAPPING,,
owner-photo-candidates,owner-candidates/v1/warung-dobiel-nusa-dua/d9031c60fb944facbdc23134cfe827890fc8cca519608ec062ed9145176cc71e.jpg,egkdapqwkfprtyqvvnso,true,d9031c60fb944facbdc23134cfe827890fc8cca519608ec062ed9145176cc71e,image/jpeg,509439,1080,1400,warung-dobiel-nusa-dua,e6eadf7e-ef84-4faa-9dd8-a9f5a9076e67,warung-dobiel-nusa-dua,venue,,project_owner_global_authorization,MEDIA-002,,NOT_CREATED_DRY_RUN,false,READY_FOR_MAPPING,,
owner-photo-candidates,owner-candidates/v1/warung-enys/815074d04aca736aaff21920b567f65a3f7ff6536430e0a0819de8077edc7715.webp,egkdapqwkfprtyqvvnso,true,815074d04aca736aaff21920b567f65a3f7ff6536430e0a0819de8077edc7715,image/webp,63208,1080,1080,warung-enys,v_warung-enys,warung-enys,venue,,project_owner_global_authorization,MEDIA-002,venues.photo_url:warung-enys,NOT_CREATED_DRY_RUN,true,READY_FOR_MAPPING,,
owner-photo-candidates,owner-candidates/v1/warung-enys/c65a1daa99d3c3bd090b98d21b4aa541a91befe0434cd003414e18ca68c11315.webp,egkdapqwkfprtyqvvnso,true,c65a1daa99d3c3bd090b98d21b4aa541a91befe0434cd003414e18ca68c11315,image/webp,72194,1080,1395,warung-enys,v_warung-enys,warung-enys,venue,,project_owner_global_authorization,MEDIA-002,,NOT_CREATED_DRY_RUN,false,READY_FOR_MAPPING,,
owner-photo-candidates,owner-candidates/v1/warung-halme-ikan-bakar-ala-jimbaran/2b5f86186036aeed5eb13e938e21fc367cf637e48954dd7f1866599775b00e14.jpg,egkdapqwkfprtyqvvnso,true,2b5f86186036aeed5eb13e938e21fc367cf637e48954dd7f1866599775b00e14,image/jpeg,341723,1350,1688,warung-halme-ikan-bakar-ala-jimbaran,v_warung-halme-ikan-bakar-ala-jimbaran,warung-halme-ikan-bakar-ala-jimbaran,venue,,project_owner_global_authorization,MEDIA-002,venues.photo_url:warung-halme-ikan-bakar-ala-jimbaran,NOT_CREATED_DRY_RUN,true,READY_FOR_MAPPING,,
owner-photo-candidates,owner-candidates/v1/warung-halme-ikan-bakar-ala-jimbaran/c8488b01ded1652ce1f85cf610b7af51b6df106b593885f09264a9bba5b08ca9.jpg,egkdapqwkfprtyqvvnso,true,c8488b01ded1652ce1f85cf610b7af51b6df106b593885f09264a9bba5b08ca9,image/jpeg,237247,1080,1350,warung-halme-ikan-bakar-ala-jimbaran,v_warung-halme-ikan-bakar-ala-jimbaran,warung-halme-ikan-bakar-ala-jimbaran,venue,,project_owner_global_authorization,MEDIA-002,,NOT_CREATED_DRY_RUN,false,READY_FOR_MAPPING,,
owner-photo-candidates,owner-candidates/v1/warung-halme-ikan-bakar-ala-jimbaran/fe3894844fe9c46d2b5dcdfbee4b657b86802ddcbd5ec65e0376dc837714e99f.jpg,egkdapqwkfprtyqvvnso,true,fe3894844fe9c46d2b5dcdfbee4b657b86802ddcbd5ec65e0376dc837714e99f,image/jpeg,80111,640,1136,warung-halme-ikan-bakar-ala-jimbaran,v_warung-halme-ikan-bakar-ala-jimbaran,warung-halme-ikan-bakar-ala-jimbaran,venue,,project_owner_global_authorization,MEDIA-002,,NOT_CREATED_DRY_RUN,false,READY_FOR_MAPPING,,
owner-photo-candidates,owner-candidates/v1/warung-jawa-bu-sri/145a284b072e0448fcaed4066b363f25e69c98465aa49a1a9f5f42e727ba992c.webp,egkdapqwkfprtyqvvnso,true,145a284b072e0448fcaed4066b363f25e69c98465aa49a1a9f5f42e727ba992c,image/webp,221896,1440,1800,warung-jawa-bu-sri,v_warung-jawa-bu-sri,warung-jawa-bu-sri,venue,,project_owner_global_authorization,MEDIA-002,venues.photo_url:warung-jawa-bu-sri,NOT_CREATED_DRY_RUN,true,READY_FOR_MAPPING,,
owner-photo-candidates,owner-candidates/v1/warung-jawa-bu-sri/20e98748c6ed0a77a6baac5838fd22052b5d8e432807d0a9f0e2d76f2f2606a5.jpg,egkdapqwkfprtyqvvnso,true,20e98748c6ed0a77a6baac5838fd22052b5d8e432807d0a9f0e2d76f2f2606a5,image/jpeg,3838502,2362,2952,warung-jawa-bu-sri,v_warung-jawa-bu-sri,warung-jawa-bu-sri,venue,,project_owner_global_authorization,MEDIA-002,,NOT_CREATED_DRY_RUN,false,READY_FOR_MAPPING,,
owner-photo-candidates,owner-candidates/v1/warung-jawa-bu-sri/a5c00118a082dcb80135bf5a0a552e9e0e825a0801e5623ff5d84fb3b530cb52.jpg,egkdapqwkfprtyqvvnso,true,a5c00118a082dcb80135bf5a0a552e9e0e825a0801e5623ff5d84fb3b530cb52,image/jpeg,2126684,2362,2952,warung-jawa-bu-sri,v_warung-jawa-bu-sri,warung-jawa-bu-sri,venue,,project_owner_global_authorization,MEDIA-002,,NOT_CREATED_DRY_RUN,false,READY_FOR_MAPPING,,
owner-photo-candidates,owner-candidates/v1/warung-little-bird/0cee12d395625398717467f4943f5dec16206d54c1b124e20004cd5e7460f7d5.jpg,egkdapqwkfprtyqvvnso,true,0cee12d395625398717467f4943f5dec16206d54c1b124e20004cd5e7460f7d5,image/jpeg,68562,640,1136,warung-little-bird,v_import_warung_little_bird,warung-little-bird,venue,,project_owner_global_authorization,MEDIA-002,venues.photo_url:warung-little-bird,NOT_CREATED_DRY_RUN,true,READY_FOR_MAPPING,,
owner-photo-candidates,owner-candidates/v1/warung-little-bird/58cd1dfd19a72d6b41ce95d2f179b84fbf0cd63865d49e64b773c2bf8f79af75.jpg,egkdapqwkfprtyqvvnso,true,58cd1dfd19a72d6b41ce95d2f179b84fbf0cd63865d49e64b773c2bf8f79af75,image/jpeg,70104,640,1136,warung-little-bird,v_import_warung_little_bird,warung-little-bird,venue,,project_owner_global_authorization,MEDIA-002,,NOT_CREATED_DRY_RUN,false,READY_FOR_MAPPING,,
owner-photo-candidates,owner-candidates/v1/warung-little-bird/c980ffc1085cb300aadb82f0672744055a007c2677cfb496ffb06906db3d0dac.jpg,egkdapqwkfprtyqvvnso,true,c980ffc1085cb300aadb82f0672744055a007c2677cfb496ffb06906db3d0dac,image/jpeg,1006177,3072,4096,warung-little-bird,v_import_warung_little_bird,warung-little-bird,venue,,project_owner_global_authorization,MEDIA-002,,NOT_CREATED_DRY_RUN,false,READY_FOR_MAPPING,,
owner-photo-candidates,owner-candidates/v1/warung-local/2022dd0672f67dcfee26c66c32ccad372031591d2b25878ba1920e1bcfc406ec.jpg,egkdapqwkfprtyqvvnso,true,2022dd0672f67dcfee26c66c32ccad372031591d2b25878ba1920e1bcfc406ec,image/jpeg,953620,1080,1350,warung-local,v_warung-local,warung-local,venue,,project_owner_global_authorization,MEDIA-002,venues.photo_url:warung-local,NOT_CREATED_DRY_RUN,true,READY_FOR_MAPPING,,
owner-photo-candidates,owner-candidates/v1/warung-local/311b4902d24d243da003d1b96dd38a1abdd8de85d689f03c51aa0ecbc31b1564.jpg,egkdapqwkfprtyqvvnso,true,311b4902d24d243da003d1b96dd38a1abdd8de85d689f03c51aa0ecbc31b1564,image/jpeg,2590924,3277,4096,warung-local,v_warung-local,warung-local,venue,,project_owner_global_authorization,MEDIA-002,,NOT_CREATED_DRY_RUN,false,READY_FOR_MAPPING,,
owner-photo-candidates,owner-candidates/v1/warung-makan-little-mars/379ccbe669c6051d0c21afa1adda0714003d1304ad2daa7c2eede029658cd5cd.jpg,egkdapqwkfprtyqvvnso,true,379ccbe669c6051d0c21afa1adda0714003d1304ad2daa7c2eede029658cd5cd,image/jpeg,66460,640,1136,warung-makan-little-mars,v_import_warung_makan_little_mars,warung-makan-little-mars,venue,,project_owner_global_authorization,MEDIA-002,venues.photo_url:warung-makan-little-mars,NOT_CREATED_DRY_RUN,true,READY_FOR_MAPPING,,
owner-photo-candidates,owner-candidates/v1/warung-makan-little-mars/3a1d72b295df741278b5285948415cbe3efd88587f843193a53b6823f0e98e61.webp,egkdapqwkfprtyqvvnso,true,3a1d72b295df741278b5285948415cbe3efd88587f843193a53b6823f0e98e61,image/webp,72762,1080,1080,warung-makan-little-mars,v_import_warung_makan_little_mars,warung-makan-little-mars,venue,,project_owner_global_authorization,MEDIA-002,,NOT_CREATED_DRY_RUN,false,READY_FOR_MAPPING,,
owner-photo-candidates,owner-candidates/v1/warung-makan-little-mars/791b8d339f125dca71e02423c3f0111331dabff4a7e0b16dd6d1f7a4b6eb3e92.webp,egkdapqwkfprtyqvvnso,true,791b8d339f125dca71e02423c3f0111331dabff4a7e0b16dd6d1f7a4b6eb3e92,image/webp,197684,810,1080,warung-makan-little-mars,v_import_warung_makan_little_mars,warung-makan-little-mars,venue,,project_owner_global_authorization,MEDIA-002,,NOT_CREATED_DRY_RUN,false,READY_FOR_MAPPING,,
owner-photo-candidates,owner-candidates/v1/warung-melati-nakula/2c77f93b891c22e35f4177035945c587b1db8fd9d4af3c1a470b469315d902e7.jpg,egkdapqwkfprtyqvvnso,true,2c77f93b891c22e35f4177035945c587b1db8fd9d4af3c1a470b469315d902e7,image/jpeg,91754,640,1136,warung-melati-nakula,v_warung-melati-nakula,warung-melati-nakula,venue,,project_owner_global_authorization,MEDIA-002,venues.photo_url:warung-melati-nakula,NOT_CREATED_DRY_RUN,true,READY_FOR_MAPPING,,
owner-photo-candidates,owner-candidates/v1/warung-melati-nakula/871e9c72214c000b437edaa28a5a8a96b5211c82e406549a122ff746bf32f7c1.jpg,egkdapqwkfprtyqvvnso,true,871e9c72214c000b437edaa28a5a8a96b5211c82e406549a122ff746bf32f7c1,image/jpeg,72927,640,1136,warung-melati-nakula,v_warung-melati-nakula,warung-melati-nakula,venue,,project_owner_global_authorization,MEDIA-002,,NOT_CREATED_DRY_RUN,false,READY_FOR_MAPPING,,
owner-photo-candidates,owner-candidates/v1/warung-melati-nakula/8dac67731db83a5b81eb0c14b5502cef5a00a6058d78479107aad9a6d2a33799.jpg,egkdapqwkfprtyqvvnso,true,8dac67731db83a5b81eb0c14b5502cef5a00a6058d78479107aad9a6d2a33799,image/jpeg,86516,640,1136,warung-melati-nakula,v_warung-melati-nakula,warung-melati-nakula,venue,,project_owner_global_authorization,MEDIA-002,,NOT_CREATED_DRY_RUN,false,READY_FOR_MAPPING,,
owner-photo-candidates,owner-candidates/v1/warung-mendez/1820b08f66f65c63a59a17eda20af12f501b3d67404aa6aedef3586846108534.jpg,egkdapqwkfprtyqvvnso,true,1820b08f66f65c63a59a17eda20af12f501b3d67404aa6aedef3586846108534,image/jpeg,211465,1208,1440,warung-mendez,v_warung-mendez,warung-mendez,venue,,project_owner_global_authorization,MEDIA-002,venues.photo_url:warung-mendez,NOT_CREATED_DRY_RUN,true,READY_FOR_MAPPING,,
owner-photo-candidates,owner-candidates/v1/warung-mendez/965c8845238dfb79342c8f67cfc7b44deb401469f96648e1bbfaf11676827144.jpg,egkdapqwkfprtyqvvnso,true,965c8845238dfb79342c8f67cfc7b44deb401469f96648e1bbfaf11676827144,image/jpeg,264237,1440,1586,warung-mendez,v_warung-mendez,warung-mendez,venue,,project_owner_global_authorization,MEDIA-002,,NOT_CREATED_DRY_RUN,false,READY_FOR_MAPPING,,
owner-photo-candidates,owner-candidates/v1/warung-mendez/a5bfde2f7f7521f5c71294cbc4700e9542a7d8853956947be822b6852ee1d692.jpg,egkdapqwkfprtyqvvnso,true,a5bfde2f7f7521f5c71294cbc4700e9542a7d8853956947be822b6852ee1d692,image/jpeg,114156,1080,832,warung-mendez,v_warung-mendez,warung-mendez,venue,,project_owner_global_authorization,MEDIA-002,,NOT_CREATED_DRY_RUN,false,READY_FOR_MAPPING,,
owner-photo-candidates,owner-candidates/v1/warung-nasi-ayam-bu-oki/172d8e70cc87f3511a673a413f60d8abfcf400a7a62e650aad6171fee1857df6.jpg,egkdapqwkfprtyqvvnso,true,172d8e70cc87f3511a673a413f60d8abfcf400a7a62e650aad6171fee1857df6,image/jpeg,207575,1080,1080,warung-nasi-ayam-bu-oki,v_warung-nasi-ayam-bu-oki,warung-nasi-ayam-bu-oki,venue,,project_owner_global_authorization,MEDIA-002,venues.photo_url:warung-nasi-ayam-bu-oki,NOT_CREATED_DRY_RUN,true,READY_FOR_MAPPING,,
owner-photo-candidates,owner-candidates/v1/warung-nasi-ayam-bu-oki/209447cc097b817e6f6e57da8c81fde6582deeb3e808e6d5c4c645ca712ed658.jpg,egkdapqwkfprtyqvvnso,true,209447cc097b817e6f6e57da8c81fde6582deeb3e808e6d5c4c645ca712ed658,image/jpeg,146978,1080,1080,warung-nasi-ayam-bu-oki,v_warung-nasi-ayam-bu-oki,warung-nasi-ayam-bu-oki,venue,,project_owner_global_authorization,MEDIA-002,,NOT_CREATED_DRY_RUN,false,READY_FOR_MAPPING,,
owner-photo-candidates,owner-candidates/v1/warung-nasi-ayam-bu-oki/5fba555c6f6dfbcde30aa7043df615e4037a2dc10d9d02e5ae3192e4b6eb6db8.png,egkdapqwkfprtyqvvnso,true,5fba555c6f6dfbcde30aa7043df615e4037a2dc10d9d02e5ae3192e4b6eb6db8,image/png,302941,1060,992,warung-nasi-ayam-bu-oki,v_warung-nasi-ayam-bu-oki,warung-nasi-ayam-bu-oki,venue,,project_owner_global_authorization,MEDIA-002,,NOT_CREATED_DRY_RUN,false,READY_FOR_MAPPING,,
owner-photo-candidates,owner-candidates/v1/warung-nia-balinese-food-and-pork-ribs/29344a09cde03152161e48f53779930e44822be1aa8322cbf01ee498b3f321de.webp,egkdapqwkfprtyqvvnso,true,29344a09cde03152161e48f53779930e44822be1aa8322cbf01ee498b3f321de,image/webp,135922,960,960,warung-nia-balinese-food-and-pork-ribs,v_import_warung_nia_balinese_food_and_pork_ribs,warung-nia-balinese-food-and-pork-ribs,venue,,project_owner_global_authorization,MEDIA-002,venues.photo_url:warung-nia-balinese-food-and-pork-ribs,NOT_CREATED_DRY_RUN,true,READY_FOR_MAPPING,,
owner-photo-candidates,owner-candidates/v1/warung-nia-balinese-food-and-pork-ribs/3143a70825f3c31e2058656bfabeebeecf490d9d9b873389cf9a00cb1b34f87c.webp,egkdapqwkfprtyqvvnso,true,3143a70825f3c31e2058656bfabeebeecf490d9d9b873389cf9a00cb1b34f87c,image/webp,71114,720,720,warung-nia-balinese-food-and-pork-ribs,v_import_warung_nia_balinese_food_and_pork_ribs,warung-nia-balinese-food-and-pork-ribs,venue,,project_owner_global_authorization,MEDIA-002,,NOT_CREATED_DRY_RUN,false,READY_FOR_MAPPING,,
owner-photo-candidates,owner-candidates/v1/warung-nia-balinese-food-and-pork-ribs/a6365896da08a3d4bfd2abe94ac535bb8f20e9ff18c45fdcaecb59e995194fc5.webp,egkdapqwkfprtyqvvnso,true,a6365896da08a3d4bfd2abe94ac535bb8f20e9ff18c45fdcaecb59e995194fc5,image/webp,159526,960,770,warung-nia-balinese-food-and-pork-ribs,v_import_warung_nia_balinese_food_and_pork_ribs,warung-nia-balinese-food-and-pork-ribs,venue,,project_owner_global_authorization,MEDIA-002,,NOT_CREATED_DRY_RUN,false,READY_FOR_MAPPING,,
owner-photo-candidates,owner-candidates/v1/warung-ramayana-ikan-bakar/0200f921c130d2bfdff3a97c93d86ffc350fab3cf73626c8d4206020559532c4.jpg,egkdapqwkfprtyqvvnso,true,0200f921c130d2bfdff3a97c93d86ffc350fab3cf73626c8d4206020559532c4,image/jpeg,270512,1080,1080,warung-ramayana-ikan-bakar,v_import_warung_ramayana_ikan_bakar,warung-ramayana-ikan-bakar,venue,,project_owner_global_authorization,MEDIA-002,venues.photo_url:warung-ramayana-ikan-bakar,NOT_CREATED_DRY_RUN,true,READY_FOR_MAPPING,,
owner-photo-candidates,owner-candidates/v1/warung-ramayana-ikan-bakar/80c55610c448086c47f1ff498662c1f64d79a6779ed9c3cf365a13686dc23098.jpg,egkdapqwkfprtyqvvnso,true,80c55610c448086c47f1ff498662c1f64d79a6779ed9c3cf365a13686dc23098,image/jpeg,232104,1080,1081,warung-ramayana-ikan-bakar,v_import_warung_ramayana_ikan_bakar,warung-ramayana-ikan-bakar,venue,,project_owner_global_authorization,MEDIA-002,,NOT_CREATED_DRY_RUN,false,READY_FOR_MAPPING,,
owner-photo-candidates,owner-candidates/v1/warung-ramayana-ikan-bakar/fdaaac4f36c0191c7a82166f61a279c68f2c2dfd002fb9831107a0629606d2d1.jpg,egkdapqwkfprtyqvvnso,true,fdaaac4f36c0191c7a82166f61a279c68f2c2dfd002fb9831107a0629606d2d1,image/jpeg,184715,1440,1440,warung-ramayana-ikan-bakar,v_import_warung_ramayana_ikan_bakar,warung-ramayana-ikan-bakar,venue,,project_owner_global_authorization,MEDIA-002,,NOT_CREATED_DRY_RUN,false,READY_FOR_MAPPING,,
owner-photo-candidates,owner-candidates/v1/warung-siam/20889ea40df3e73d9e0cd1281484b7c4bb5ce9d17417783753a307f5854d1694.jpg,egkdapqwkfprtyqvvnso,true,20889ea40df3e73d9e0cd1281484b7c4bb5ce9d17417783753a307f5854d1694,image/jpeg,60159,640,1136,warung-siam,v_warung-siam,warung-siam,venue,,project_owner_global_authorization,MEDIA-002,venues.photo_url:warung-siam,NOT_CREATED_DRY_RUN,true,READY_FOR_MAPPING,,
owner-photo-candidates,owner-candidates/v1/warung-siam/2d755d6df30aac5157d2b695970cf28f59e3c23faa3c420d23a28d2307e2d325.jpg,egkdapqwkfprtyqvvnso,true,2d755d6df30aac5157d2b695970cf28f59e3c23faa3c420d23a28d2307e2d325,image/jpeg,560256,1440,1920,warung-siam,v_warung-siam,warung-siam,venue,,project_owner_global_authorization,MEDIA-002,,NOT_CREATED_DRY_RUN,false,READY_FOR_MAPPING,,
owner-photo-candidates,owner-candidates/v1/warung-siam/dec900f55366f12443aa8e89244a9dfb5dc9faff0cd3b9079452cda0ddcca323.jpg,egkdapqwkfprtyqvvnso,true,dec900f55366f12443aa8e89244a9dfb5dc9faff0cd3b9079452cda0ddcca323,image/jpeg,71365,640,1136,warung-siam,v_warung-siam,warung-siam,venue,,project_owner_global_authorization,MEDIA-002,,NOT_CREATED_DRY_RUN,false,READY_FOR_MAPPING,,
owner-photo-candidates,owner-candidates/v1/warung-sika/51e8c3813dc3acec2dd1a77013acf50893fb6b86666ed8e60104f8f0616b064f.jpg,egkdapqwkfprtyqvvnso,true,51e8c3813dc3acec2dd1a77013acf50893fb6b86666ed8e60104f8f0616b064f,image/jpeg,138687,540,960,warung-sika,v_warung-sika,warung-sika,venue,,project_owner_global_authorization,MEDIA-002,venues.photo_url:warung-sika,NOT_CREATED_DRY_RUN,true,READY_FOR_MAPPING,,
owner-photo-candidates,owner-candidates/v1/warung-sika/5672c45efa919fd7b8e13ef3aaa7311c09d9c13790d1148fdfba56884fb0ac07.jpg,egkdapqwkfprtyqvvnso,true,5672c45efa919fd7b8e13ef3aaa7311c09d9c13790d1148fdfba56884fb0ac07,image/jpeg,173515,720,1280,warung-sika,v_warung-sika,warung-sika,venue,,project_owner_global_authorization,MEDIA-002,,NOT_CREATED_DRY_RUN,false,READY_FOR_MAPPING,,
owner-photo-candidates,owner-candidates/v1/warung-sika/d4173aad8b2094413943fd6e236edb8dec6d541e08168f7ef7113ef945506b13.jpg,egkdapqwkfprtyqvvnso,true,d4173aad8b2094413943fd6e236edb8dec6d541e08168f7ef7113ef945506b13,image/jpeg,97313,640,1136,warung-sika,v_warung-sika,warung-sika,venue,,project_owner_global_authorization,MEDIA-002,,NOT_CREATED_DRY_RUN,false,READY_FOR_MAPPING,,
owner-photo-candidates,owner-candidates/v1/warung-varuna/9ea54c417f63d14f2e897384ecb124531c70fd15606e54ed13c94bbe6b30e6c2.jpg,egkdapqwkfprtyqvvnso,true,9ea54c417f63d14f2e897384ecb124531c70fd15606e54ed13c94bbe6b30e6c2,image/jpeg,313889,828,1472,warung-varuna,v_warung-varuna,warung-varuna,venue,,project_owner_global_authorization,MEDIA-002,venues.photo_url:warung-varuna,NOT_CREATED_DRY_RUN,true,READY_FOR_MAPPING,,
owner-photo-candidates,owner-candidates/v1/warung-varuna/aa99f5357f2a0e7bb5989f7e471b21c3c2a0ebcd7d4f3bf0e0dc751335f537ed.jpg,egkdapqwkfprtyqvvnso,true,aa99f5357f2a0e7bb5989f7e471b21c3c2a0ebcd7d4f3bf0e0dc751335f537ed,image/jpeg,65979,640,1136,warung-varuna,v_warung-varuna,warung-varuna,venue,,project_owner_global_authorization,MEDIA-002,,NOT_CREATED_DRY_RUN,false,READY_FOR_MAPPING,,
owner-photo-candidates,owner-candidates/v1/warung-varuna/e1b2e13d0c6fac389d8f3efc4c81f87adaec3a88968d9fdc9d58b10b69097014.jpg,egkdapqwkfprtyqvvnso,true,e1b2e13d0c6fac389d8f3efc4c81f87adaec3a88968d9fdc9d58b10b69097014,image/jpeg,114862,640,1136,warung-varuna,v_warung-varuna,warung-varuna,venue,,project_owner_global_authorization,MEDIA-002,,NOT_CREATED_DRY_RUN,false,READY_FOR_MAPPING,,
owner-photo-candidates,owner-candidates/v1/warung-yess/39d844cc6ecbfdd76df0c53e4d484c464419d8ac27e9563cd692028419b3f3d7.jpg,egkdapqwkfprtyqvvnso,true,39d844cc6ecbfdd76df0c53e4d484c464419d8ac27e9563cd692028419b3f3d7,image/jpeg,164136,1440,1571,warung-yess,v_warung-yess,warung-yess,venue,,project_owner_global_authorization,MEDIA-002,venues.photo_url:warung-yess,NOT_CREATED_DRY_RUN,true,READY_FOR_MAPPING,,
owner-photo-candidates,owner-candidates/v1/warung-yess/758de1df78070c4bcfff2571c92e00ee73cbd39d3da7ea32a08affba3409d1ba.jpg,egkdapqwkfprtyqvvnso,true,758de1df78070c4bcfff2571c92e00ee73cbd39d3da7ea32a08affba3409d1ba,image/jpeg,384585,1333,1777,warung-yess,v_warung-yess,warung-yess,venue,,project_owner_global_authorization,MEDIA-002,,NOT_CREATED_DRY_RUN,false,READY_FOR_MAPPING,,
owner-photo-candidates,owner-candidates/v1/warung-yess/eb7485b49611bc95cbd96ec8cf52f3bba8fe8e3d13d8b9406e7efc32a0cb821e.jpg,egkdapqwkfprtyqvvnso,true,eb7485b49611bc95cbd96ec8cf52f3bba8fe8e3d13d8b9406e7efc32a0cb821e,image/jpeg,207302,1440,1516,warung-yess,v_warung-yess,warung-yess,venue,,project_owner_global_authorization,MEDIA-002,,NOT_CREATED_DRY_RUN,false,READY_FOR_MAPPING,,
owner-photo-candidates,owner-candidates/v1/watercress-seminyak/0c46d5f9cb6fa255fc1e5149d345b313a644174f2dc3aa03bdf299502bce15df.png,egkdapqwkfprtyqvvnso,true,0c46d5f9cb6fa255fc1e5149d345b313a644174f2dc3aa03bdf299502bce15df,image/png,569588,1020,1020,watercress-seminyak,31dff038-e86a-478a-bc97-14e8237ba748,watercress-seminyak,venue,,project_owner_global_authorization,MEDIA-002,venues.photo_url:watercress-seminyak,NOT_CREATED_DRY_RUN,true,READY_FOR_MAPPING,,
owner-photo-candidates,owner-candidates/v1/watercress-seminyak/43ed22aa9ebeff2e35aeb4f385848e0e0620aa183d2fe0157af8030d07d8c0a1.webp,egkdapqwkfprtyqvvnso,true,43ed22aa9ebeff2e35aeb4f385848e0e0620aa183d2fe0157af8030d07d8c0a1,image/webp,103918,1350,1688,watercress-seminyak,31dff038-e86a-478a-bc97-14e8237ba748,watercress-seminyak,venue,DUP-077,project_owner_global_authorization,MEDIA-002,,NOT_CREATED_DRY_RUN,false,CANONICALIZE_DUPLICATE_PRESERVE_ASSOCIATIONS,duplicate_content_hash,share canonical bytes; preserve logical association
owner-photo-candidates,owner-candidates/v1/watercress-seminyak/6cd9396e72f3398790238b4ad94a9b8da0ae6260f23fb8619cba9fa223193ddd.webp,egkdapqwkfprtyqvvnso,true,6cd9396e72f3398790238b4ad94a9b8da0ae6260f23fb8619cba9fa223193ddd,image/webp,71112,1350,1688,watercress-seminyak,31dff038-e86a-478a-bc97-14e8237ba748,watercress-seminyak,venue,DUP-078,project_owner_global_authorization,MEDIA-002,,NOT_CREATED_DRY_RUN,false,CANONICALIZE_DUPLICATE_PRESERVE_ASSOCIATIONS,duplicate_content_hash,share canonical bytes; preserve logical association
owner-photo-candidates,owner-candidates/v1/watercress-seminyak/b642dc53d687be965373ee610c9d38ab2c9b880bd76f4c873ec18700978d2187.webp,egkdapqwkfprtyqvvnso,true,b642dc53d687be965373ee610c9d38ab2c9b880bd76f4c873ec18700978d2187,image/webp,143324,1350,1688,watercress-seminyak,31dff038-e86a-478a-bc97-14e8237ba748,watercress-seminyak,venue,DUP-079,project_owner_global_authorization,MEDIA-002,,NOT_CREATED_DRY_RUN,false,CANONICALIZE_DUPLICATE_PRESERVE_ASSOCIATIONS,duplicate_content_hash,share canonical bytes; preserve logical association
owner-photo-candidates,owner-candidates/v1/watercress-seminyak/c144aa05896ff1ef0e7dde967585a0d512d3f6ecd4b6b18a87f018d672dbc27f.jpg,egkdapqwkfprtyqvvnso,true,c144aa05896ff1ef0e7dde967585a0d512d3f6ecd4b6b18a87f018d672dbc27f,image/jpeg,95528,1000,1000,watercress-seminyak,31dff038-e86a-478a-bc97-14e8237ba748,watercress-seminyak,venue,,project_owner_global_authorization,MEDIA-002,,NOT_CREATED_DRY_RUN,false,READY_FOR_MAPPING,,
owner-photo-candidates,owner-candidates/v1/watercress-ubud/43ed22aa9ebeff2e35aeb4f385848e0e0620aa183d2fe0157af8030d07d8c0a1.webp,egkdapqwkfprtyqvvnso,true,43ed22aa9ebeff2e35aeb4f385848e0e0620aa183d2fe0157af8030d07d8c0a1,image/webp,103918,1350,1688,watercress-ubud,85b59aec-c650-4694-88fe-89d6e8140a9b,watercress-ubud,venue,DUP-077,project_owner_global_authorization,MEDIA-002,venues.photo_url:watercress-ubud,NOT_CREATED_DRY_RUN,true,CANONICALIZE_DUPLICATE_PRESERVE_ASSOCIATIONS,duplicate_content_hash,share canonical bytes; preserve logical association
owner-photo-candidates,owner-candidates/v1/watercress-ubud/4730780deae6c21f78f0c58fc89853cc24e1c7e4978554c255aae899c531d9e0.jpg,egkdapqwkfprtyqvvnso,true,4730780deae6c21f78f0c58fc89853cc24e1c7e4978554c255aae899c531d9e0,image/jpeg,719650,1440,1561,watercress-ubud,85b59aec-c650-4694-88fe-89d6e8140a9b,watercress-ubud,venue,,project_owner_global_authorization,MEDIA-002,,NOT_CREATED_DRY_RUN,false,READY_FOR_MAPPING,,
owner-photo-candidates,owner-candidates/v1/watercress-ubud/6a2a3008acfec1f0b8877675e10018a0c7106858deb113d1a477c99c1d24fb3a.jpg,egkdapqwkfprtyqvvnso,true,6a2a3008acfec1f0b8877675e10018a0c7106858deb113d1a477c99c1d24fb3a,image/jpeg,611001,1440,1800,watercress-ubud,85b59aec-c650-4694-88fe-89d6e8140a9b,watercress-ubud,venue,,project_owner_global_authorization,MEDIA-002,,NOT_CREATED_DRY_RUN,false,READY_FOR_MAPPING,,
owner-photo-candidates,owner-candidates/v1/watercress-ubud/6cd9396e72f3398790238b4ad94a9b8da0ae6260f23fb8619cba9fa223193ddd.webp,egkdapqwkfprtyqvvnso,true,6cd9396e72f3398790238b4ad94a9b8da0ae6260f23fb8619cba9fa223193ddd,image/webp,71112,1350,1688,watercress-ubud,85b59aec-c650-4694-88fe-89d6e8140a9b,watercress-ubud,venue,DUP-078,project_owner_global_authorization,MEDIA-002,,NOT_CREATED_DRY_RUN,false,CANONICALIZE_DUPLICATE_PRESERVE_ASSOCIATIONS,duplicate_content_hash,share canonical bytes; preserve logical association
owner-photo-candidates,owner-candidates/v1/watercress-ubud/b642dc53d687be965373ee610c9d38ab2c9b880bd76f4c873ec18700978d2187.webp,egkdapqwkfprtyqvvnso,true,b642dc53d687be965373ee610c9d38ab2c9b880bd76f4c873ec18700978d2187,image/webp,143324,1350,1688,watercress-ubud,85b59aec-c650-4694-88fe-89d6e8140a9b,watercress-ubud,venue,DUP-079,project_owner_global_authorization,MEDIA-002,,NOT_CREATED_DRY_RUN,false,CANONICALIZE_DUPLICATE_PRESERVE_ASSOCIATIONS,duplicate_content_hash,share canonical bytes; preserve logical association
owner-photo-candidates,owner-candidates/v1/white-orchid-nusa-dua/9bc07362f050c44f82842733d9b0fbaf22a96e729fadcb5cb1fa52c09b4986f3.jpg,egkdapqwkfprtyqvvnso,true,9bc07362f050c44f82842733d9b0fbaf22a96e729fadcb5cb1fa52c09b4986f3,image/jpeg,502634,1440,1800,white-orchid-nusa-dua,v_import_white_orchid_nusa_dua,white-orchid-nusa-dua,venue,,project_owner_global_authorization,MEDIA-002,venues.photo_url:white-orchid-nusa-dua,NOT_CREATED_DRY_RUN,true,READY_FOR_MAPPING,,
owner-photo-candidates,owner-candidates/v1/white-orchid-nusa-dua/b430d9c156df226a7e14565ec066ca3cbba6859e0887fb61131c4177539b6a9d.jpg,egkdapqwkfprtyqvvnso,true,b430d9c156df226a7e14565ec066ca3cbba6859e0887fb61131c4177539b6a9d,image/jpeg,331057,1440,1800,white-orchid-nusa-dua,v_import_white_orchid_nusa_dua,white-orchid-nusa-dua,venue,,project_owner_global_authorization,MEDIA-002,,NOT_CREATED_DRY_RUN,false,READY_FOR_MAPPING,,
owner-photo-candidates,owner-candidates/v1/white-orchid-nusa-dua/c11f3603eb7f570a5b7df92fd2bfd3c93cb91e77ef68890a639855e597f2c400.jpg,egkdapqwkfprtyqvvnso,true,c11f3603eb7f570a5b7df92fd2bfd3c93cb91e77ef68890a639855e597f2c400,image/jpeg,569218,1440,1800,white-orchid-nusa-dua,v_import_white_orchid_nusa_dua,white-orchid-nusa-dua,venue,,project_owner_global_authorization,MEDIA-002,,NOT_CREATED_DRY_RUN,false,READY_FOR_MAPPING,,
owner-photo-candidates,owner-candidates/v1/whos-who/488155b9d11fbb39e54d418113ea22f6ae21e6a9e4f207cce1ed3b4f3b1098ea.jpg,egkdapqwkfprtyqvvnso,true,488155b9d11fbb39e54d418113ea22f6ae21e6a9e4f207cce1ed3b4f3b1098ea,image/jpeg,83961,640,1136,whos-who,v_whos-who,whos-who,venue,,project_owner_global_authorization,MEDIA-002,venues.photo_url:whos-who,NOT_CREATED_DRY_RUN,true,READY_FOR_MAPPING,,
owner-photo-candidates,owner-candidates/v1/whos-who/cc5fe85e7e4d1b75ab922b5a8e8b20e9d87e73ef890589d13627f3845778b053.jpg,egkdapqwkfprtyqvvnso,true,cc5fe85e7e4d1b75ab922b5a8e8b20e9d87e73ef890589d13627f3845778b053,image/jpeg,220155,720,1280,whos-who,v_whos-who,whos-who,venue,,project_owner_global_authorization,MEDIA-002,,NOT_CREATED_DRY_RUN,false,READY_FOR_MAPPING,,
owner-photo-candidates,owner-candidates/v1/wrong-gym-pererenan/34b460833d9334cc0ace7435a98350764b107c74c9b090aace8d4ca3caa272c8.webp,egkdapqwkfprtyqvvnso,true,34b460833d9334cc0ace7435a98350764b107c74c9b090aace8d4ca3caa272c8,image/webp,251356,1920,1080,wrong-gym-pererenan,v_import_wrong_gym_pererenan,wrong-gym-pererenan,venue,,project_owner_global_authorization,MEDIA-002,venues.photo_url:wrong-gym-pererenan,NOT_CREATED_DRY_RUN,true,READY_FOR_MAPPING,,
owner-photo-candidates,owner-candidates/v1/wrong-gym-pererenan/dd981749f4e5a155ab2dd9954bd3ace797894378b1c7cebab260d1f251a2353a.webp,egkdapqwkfprtyqvvnso,true,dd981749f4e5a155ab2dd9954bd3ace797894378b1c7cebab260d1f251a2353a,image/webp,335536,2400,1600,wrong-gym-pererenan,v_import_wrong_gym_pererenan,wrong-gym-pererenan,venue,,project_owner_global_authorization,MEDIA-002,,NOT_CREATED_DRY_RUN,false,READY_FOR_MAPPING,,
owner-photo-candidates,owner-candidates/v1/wrong-gym-pererenan/e293bf5ef4b1188f10d889dd303c862e74d9e561b3e00b2d142fd01975b6d48b.webp,egkdapqwkfprtyqvvnso,true,e293bf5ef4b1188f10d889dd303c862e74d9e561b3e00b2d142fd01975b6d48b,image/webp,54726,1800,1013,wrong-gym-pererenan,v_import_wrong_gym_pererenan,wrong-gym-pererenan,venue,,project_owner_global_authorization,MEDIA-002,,NOT_CREATED_DRY_RUN,false,READY_FOR_MAPPING,,
owner-photo-candidates,owner-candidates/v1/wulan-vegetarian-warung/73ffdf8b2d8b2981d0fd58b41a8ba542c8fe25c7608ec5b5955b004fe05804e4.jpg,egkdapqwkfprtyqvvnso,true,73ffdf8b2d8b2981d0fd58b41a8ba542c8fe25c7608ec5b5955b004fe05804e4,image/jpeg,85993,540,960,wulan-vegetarian-warung,v_wulan-vegetarian-warung,wulan-vegetarian-warung,venue,,project_owner_global_authorization,MEDIA-002,venues.photo_url:wulan-vegetarian-warung,NOT_CREATED_DRY_RUN,true,READY_FOR_MAPPING,,
owner-photo-candidates,owner-candidates/v1/wulan-vegetarian-warung/86e6f4ac8a2a009c538f4052a675c571374998e847ad67a35b4675ef9fca94fd.jpg,egkdapqwkfprtyqvvnso,true,86e6f4ac8a2a009c538f4052a675c571374998e847ad67a35b4675ef9fca94fd,image/jpeg,90179,612,1081,wulan-vegetarian-warung,v_wulan-vegetarian-warung,wulan-vegetarian-warung,venue,,project_owner_global_authorization,MEDIA-002,,NOT_CREATED_DRY_RUN,false,READY_FOR_MAPPING,,
owner-photo-candidates,owner-candidates/v1/yinside-yoga/c5489a0fb828bd457c19b8751e2ea9c0eddca7674374d43e26e8e52673ee432f.jpg,egkdapqwkfprtyqvvnso,true,c5489a0fb828bd457c19b8751e2ea9c0eddca7674374d43e26e8e52673ee432f,image/jpeg,108982,1200,1166,yinside-yoga,wbimp_yinside-yoga,yinside-yoga,venue,,project_owner_global_authorization,MEDIA-002,venues.photo_url:yinside-yoga,NOT_CREATED_DRY_RUN,true,READY_FOR_MAPPING,,
owner-photo-candidates,owner-candidates/v1/yinside-yoga/e45b50afee0e3e78470055c832e6712dbf7049e7c0af4612707e762dfe48dc1b.jpg,egkdapqwkfprtyqvvnso,true,e45b50afee0e3e78470055c832e6712dbf7049e7c0af4612707e762dfe48dc1b,image/jpeg,291118,1200,800,yinside-yoga,wbimp_yinside-yoga,yinside-yoga,venue,,project_owner_global_authorization,MEDIA-002,,NOT_CREATED_DRY_RUN,false,READY_FOR_MAPPING,,
owner-photo-candidates,owner-candidates/v1/yinside-yoga/f2801278b070dfa6625f28a21fa9a2bac6e7122ac73b4d77c55c92fff444a3e6.jpg,egkdapqwkfprtyqvvnso,true,f2801278b070dfa6625f28a21fa9a2bac6e7122ac73b4d77c55c92fff444a3e6,image/jpeg,213726,1600,1200,yinside-yoga,wbimp_yinside-yoga,yinside-yoga,venue,,project_owner_global_authorization,MEDIA-002,,NOT_CREATED_DRY_RUN,false,READY_FOR_MAPPING,,
owner-photo-candidates,owner-candidates/v1/yoga-108-bali-seminyak/207014bc11f66b88f41700305c1d0786ee7c51e6d80b2258a64232ca4b585f01.png,egkdapqwkfprtyqvvnso,true,207014bc11f66b88f41700305c1d0786ee7c51e6d80b2258a64232ca4b585f01,image/png,82522,2560,657,yoga-108-bali-seminyak,844b295c-6fcb-4c34-9c9c-ec11fb22ddd8,yoga-108-bali-seminyak,venue,,project_owner_global_authorization,MEDIA-002,venues.photo_url:yoga-108-bali-seminyak,NOT_CREATED_DRY_RUN,true,READY_FOR_MAPPING,,
owner-photo-candidates,owner-candidates/v1/yoga-108-bali-seminyak/28a4a5afac80ec77d768f1536e97f32b40310a1f51566cee358db8aa364fbbdd.jpg,egkdapqwkfprtyqvvnso,true,28a4a5afac80ec77d768f1536e97f32b40310a1f51566cee358db8aa364fbbdd,image/jpeg,213645,1368,1171,yoga-108-bali-seminyak,844b295c-6fcb-4c34-9c9c-ec11fb22ddd8,yoga-108-bali-seminyak,venue,,project_owner_global_authorization,MEDIA-002,,NOT_CREATED_DRY_RUN,false,READY_FOR_MAPPING,,
owner-photo-candidates,owner-candidates/v1/yoga-108-bali-seminyak/9f287687eb037670bde271ad7eb15ce42ecba0b1d82cd8f57ce2fae17810cdb5.jpg,egkdapqwkfprtyqvvnso,true,9f287687eb037670bde271ad7eb15ce42ecba0b1d82cd8f57ce2fae17810cdb5,image/jpeg,81506,576,1024,yoga-108-bali-seminyak,844b295c-6fcb-4c34-9c9c-ec11fb22ddd8,yoga-108-bali-seminyak,venue,,project_owner_global_authorization,MEDIA-002,,NOT_CREATED_DRY_RUN,false,READY_FOR_MAPPING,,
owner-photo-candidates,owner-candidates/v1/yoga-searcher-bali/5bc2d42bbe001b904e8f9342d9e309020165572bc538cdcf7c9fdb42e02fb83d.webp,egkdapqwkfprtyqvvnso,true,5bc2d42bbe001b904e8f9342d9e309020165572bc538cdcf7c9fdb42e02fb83d,image/webp,78564,570,692,yoga-searcher-bali,wbimp_yoga-searcher-bali,yoga-searcher-bali,venue,,project_owner_global_authorization,MEDIA-002,venues.photo_url:yoga-searcher-bali,NOT_CREATED_DRY_RUN,true,READY_FOR_MAPPING,,
owner-photo-candidates,owner-candidates/v1/yoga-searcher-bali/e5b0efcc9b31379e638fbe87a3e3f2b4bbb48541dbd2134621e324647e84592f.webp,egkdapqwkfprtyqvvnso,true,e5b0efcc9b31379e638fbe87a3e3f2b4bbb48541dbd2134621e324647e84592f,image/webp,1396020,4000,2669,yoga-searcher-bali,wbimp_yoga-searcher-bali,yoga-searcher-bali,venue,,project_owner_global_authorization,MEDIA-002,,NOT_CREATED_DRY_RUN,false,READY_FOR_MAPPING,,
owner-photo-candidates,owner-candidates/v1/yoga-searcher-bali/ecd50c9cfd48795e67d173c428013378c946c2dbe268d8a7e1145aeb8f8fa75d.jpg,egkdapqwkfprtyqvvnso,true,ecd50c9cfd48795e67d173c428013378c946c2dbe268d8a7e1145aeb8f8fa75d,image/jpeg,26161,570,692,yoga-searcher-bali,wbimp_yoga-searcher-bali,yoga-searcher-bali,venue,,project_owner_global_authorization,MEDIA-002,,NOT_CREATED_DRY_RUN,false,READY_FOR_MAPPING,,
owner-photo-candidates,owner-candidates/v1/yoga-the-istana/48243b023e1d8957a15779a28963778346614143bca9a608a6ff61a8767519a7.jpg,egkdapqwkfprtyqvvnso,true,48243b023e1d8957a15779a28963778346614143bca9a608a6ff61a8767519a7,image/jpeg,96417,1000,667,yoga-the-istana,wbimp_yoga-the-istana,yoga-the-istana,venue,,project_owner_global_authorization,MEDIA-002,venues.photo_url:yoga-the-istana,NOT_CREATED_DRY_RUN,true,READY_FOR_MAPPING,,
owner-photo-candidates,owner-candidates/v1/yoga-the-istana/75b6e401e252d92074ba58d74d13dc65fe0a13c9cb520dd3b0652c5a6de8a90e.jpg,egkdapqwkfprtyqvvnso,true,75b6e401e252d92074ba58d74d13dc65fe0a13c9cb520dd3b0652c5a6de8a90e,image/jpeg,274065,1920,1283,yoga-the-istana,wbimp_yoga-the-istana,yoga-the-istana,venue,,project_owner_global_authorization,MEDIA-002,,NOT_CREATED_DRY_RUN,false,READY_FOR_MAPPING,,
owner-photo-candidates,owner-candidates/v1/yoga-the-istana/8e4095bf54a0b37a7497deaed8040f248ba2690e3efef0196561438ddc2d6e76.jpg,egkdapqwkfprtyqvvnso,true,8e4095bf54a0b37a7497deaed8040f248ba2690e3efef0196561438ddc2d6e76,image/jpeg,175646,1667,767,yoga-the-istana,wbimp_yoga-the-istana,yoga-the-istana,venue,,project_owner_global_authorization,MEDIA-002,,NOT_CREATED_DRY_RUN,false,READY_FOR_MAPPING,,
owner-photo-candidates,owner-candidates/v1/you-spa-umalas/77258e86de25190c692fd9ba53787bc705e4a12fa79a6e891c73d50b92682e55.jpg,egkdapqwkfprtyqvvnso,true,77258e86de25190c692fd9ba53787bc705e4a12fa79a6e891c73d50b92682e55,image/jpeg,109265,1500,1071,you-spa-umalas,v_import_you_spa_umalas,you-spa-umalas,venue,,project_owner_global_authorization,MEDIA-002,venues.photo_url:you-spa-umalas,NOT_CREATED_DRY_RUN,true,READY_FOR_MAPPING,,
owner-photo-candidates,owner-candidates/v1/you-spa-umalas/de700933f32067e58088129e2288b6fa9b3de9441eff76ee6396b4b821901be8.jpg,egkdapqwkfprtyqvvnso,true,de700933f32067e58088129e2288b6fa9b3de9441eff76ee6396b4b821901be8,image/jpeg,311905,1200,800,you-spa-umalas,v_import_you_spa_umalas,you-spa-umalas,venue,,project_owner_global_authorization,MEDIA-002,,NOT_CREATED_DRY_RUN,false,READY_FOR_MAPPING,,
owner-photo-candidates,owner-candidates/v1/you-spa-umalas/e6db9c37c474a2d54beca3ad5bb522926db23106e5e4b011d718e5caa8380926.jpg,egkdapqwkfprtyqvvnso,true,e6db9c37c474a2d54beca3ad5bb522926db23106e5e4b011d718e5caa8380926,image/jpeg,242946,1500,2000,you-spa-umalas,v_import_you_spa_umalas,you-spa-umalas,venue,,project_owner_global_authorization,MEDIA-002,,NOT_CREATED_DRY_RUN,false,READY_FOR_MAPPING,,
owner-photo-candidates,owner-candidates/v1/zest-ubud/080bb9e0a5c417dd6b6d14320e74996f1f8ccbb4e1d0373ffe77942c03994aab.avif,egkdapqwkfprtyqvvnso,true,080bb9e0a5c417dd6b6d14320e74996f1f8ccbb4e1d0373ffe77942c03994aab,image/heif,57241,770,963,zest-ubud,388b4673-6408-46d2-9649-bd894627e1f6,zest-ubud,venue,,project_owner_global_authorization,MEDIA-002,venues.photo_url:zest-ubud,NOT_CREATED_DRY_RUN,true,READY_FOR_MAPPING,,
owner-photo-candidates,owner-candidates/v1/zest-ubud/931b620d3ca0e87b9391f7954328ec5d25982843735eea9f83b7df878f8feaa3.avif,egkdapqwkfprtyqvvnso,true,931b620d3ca0e87b9391f7954328ec5d25982843735eea9f83b7df878f8feaa3,image/heif,97192,1559,877,zest-ubud,388b4673-6408-46d2-9649-bd894627e1f6,zest-ubud,venue,,project_owner_global_authorization,MEDIA-002,,NOT_CREATED_DRY_RUN,false,READY_FOR_MAPPING,,
owner-photo-candidates,owner-candidates/v1/zest-ubud/f766c0254eb76fb4701c002b0a2be1a2fee46db181e749b9b6f732eac5ee6230.avif,egkdapqwkfprtyqvvnso,true,f766c0254eb76fb4701c002b0a2be1a2fee46db181e749b9b6f732eac5ee6230,image/heif,75897,770,963,zest-ubud,388b4673-6408-46d2-9649-bd894627e1f6,zest-ubud,venue,,project_owner_global_authorization,MEDIA-002,,NOT_CREATED_DRY_RUN,false,READY_FOR_MAPPING,,
owner-photo-candidates,owner-candidates/v1/zin-cafe-canggu/45a31f5365cb81ebb123107bcfed307d8fa6c24330c1faa589f1fe78ab6419fc.jpg,egkdapqwkfprtyqvvnso,true,45a31f5365cb81ebb123107bcfed307d8fa6c24330c1faa589f1fe78ab6419fc,image/jpeg,99840,1198,799,zin-cafe-canggu,v_import_zin_cafe_canggu,zin-cafe-canggu,venue,,project_owner_global_authorization,MEDIA-002,venues.photo_url:zin-cafe-canggu,NOT_CREATED_DRY_RUN,true,READY_FOR_MAPPING,,
owner-photo-candidates,owner-candidates/v1/zin-cafe-canggu/8aa5add155d82b87b13f1de57ebc9409ccd941c9d548b5d2c9210e35e4d444aa.webp,egkdapqwkfprtyqvvnso,true,8aa5add155d82b87b13f1de57ebc9409ccd941c9d548b5d2c9210e35e4d444aa,image/webp,236568,2048,1368,zin-cafe-canggu,v_import_zin_cafe_canggu,zin-cafe-canggu,venue,,project_owner_global_authorization,MEDIA-002,,NOT_CREATED_DRY_RUN,false,READY_FOR_MAPPING,,
owner-photo-candidates,owner-candidates/v1/zin-cafe-canggu/fdbf4b5ea6cc072d1215a66daf2e88de2a5e58422b6a289c9494421b002ab9a8.webp,egkdapqwkfprtyqvvnso,true,fdbf4b5ea6cc072d1215a66daf2e88de2a5e58422b6a289c9494421b002ab9a8,image/webp,159878,2048,1367,zin-cafe-canggu,v_import_zin_cafe_canggu,zin-cafe-canggu,venue,,project_owner_global_authorization,MEDIA-002,,NOT_CREATED_DRY_RUN,false,READY_FOR_MAPPING,,
owner-photo-candidates,owner-candidates/v1/zuna-yoga-ubud/03acfcbd50029e3ad84e7528346c8c09490a3e21fb645a26c45ad9084d5e3444.jpg,egkdapqwkfprtyqvvnso,true,03acfcbd50029e3ad84e7528346c8c09490a3e21fb645a26c45ad9084d5e3444,image/jpeg,305250,1800,1012,zuna-yoga-ubud,6f5b2a23-cf45-459e-a07e-45cecd6fc9f0,zuna-yoga-ubud,venue,,project_owner_global_authorization,MEDIA-002,venues.photo_url:zuna-yoga-ubud,NOT_CREATED_DRY_RUN,true,READY_FOR_MAPPING,,
owner-photo-candidates,owner-candidates/v1/zuna-yoga-ubud/55c0118e787784d826b1f9fabde02fd030e0036835d2313f951fcf7d8e05f990.jpg,egkdapqwkfprtyqvvnso,true,55c0118e787784d826b1f9fabde02fd030e0036835d2313f951fcf7d8e05f990,image/jpeg,182876,1900,1069,zuna-yoga-ubud,6f5b2a23-cf45-459e-a07e-45cecd6fc9f0,zuna-yoga-ubud,venue,,project_owner_global_authorization,MEDIA-002,,NOT_CREATED_DRY_RUN,false,READY_FOR_MAPPING,,
owner-photo-candidates,owner-candidates/v1/zuna-yoga-ubud/6b7bf61ec536a0a891f31821463b3ffea656f7cd41dac93c10be211ebeee7cea.jpg,egkdapqwkfprtyqvvnso,true,6b7bf61ec536a0a891f31821463b3ffea656f7cd41dac93c10be211ebeee7cea,image/jpeg,163995,2000,1125,zuna-yoga-ubud,6f5b2a23-cf45-459e-a07e-45cecd6fc9f0,zuna-yoga-ubud,venue,,project_owner_global_authorization,MEDIA-002,,NOT_CREATED_DRY_RUN,false,READY_FOR_MAPPING,,
legacy-external,https://xvhxyohqkkpaynrgrvvb.supabase.co/storage/v1/object/public/venue-photos/draft/therapy-day-spa-pererenan/2ff1e35257d8f26d2399.jpg,xvhxyohqkkpaynrgrvvb,false,,,,,,therapy-day-spa-pererenan,v_import_therapy_day_spa_pererenan,therapy-day-spa-pererenan,venue,,project_owner_global_authorization,MEDIA-002,venues.photo_url:therapy-day-spa-pererenan,NOT_CREATED_DRY_RUN,false,RECOVERY_QUEUE,inaccessible_legacy_source,recover or replace from authorized inventory; do not discard
legacy-external,https://xvhxyohqkkpaynrgrvvb.supabase.co/storage/v1/object/public/venue-photos/draft/samesa-canggu/4e5e4d1c314ca6969e38.jpg,xvhxyohqkkpaynrgrvvb,false,,,,,,samesa-canggu,v_samesa-canggu,samesa-canggu,venue,,project_owner_global_authorization,MEDIA-002,venues.photo_url:samesa-canggu,NOT_CREATED_DRY_RUN,false,RECOVERY_QUEUE,inaccessible_legacy_source,recover or replace from authorized inventory; do not discard
legacy-external,https://xvhxyohqkkpaynrgrvvb.supabase.co/storage/v1/object/public/venue-photos/draft/isla-by-earth-island/20f241c3dcb74bf86ca8.jpg,xvhxyohqkkpaynrgrvvb,false,,,,,,isla-by-earth-island,v_import_isla_by_earth_island,isla-by-earth-island,venue,,project_owner_global_authorization,MEDIA-002,venues.photo_url:isla-by-earth-island,NOT_CREATED_DRY_RUN,false,RECOVERY_QUEUE,inaccessible_legacy_source,recover or replace from authorized inventory; do not discard
legacy-external,https://xvhxyohqkkpaynrgrvvb.supabase.co/storage/v1/object/public/venue-photos/draft/rite-bali/7cb586dd51042c4780b3.png,xvhxyohqkkpaynrgrvvb,false,,,,,,rite-bali,v_import_rite_bali,rite-bali,venue,,project_owner_global_authorization,MEDIA-002,venues.photo_url:rite-bali,NOT_CREATED_DRY_RUN,false,RECOVERY_QUEUE,inaccessible_legacy_source,recover or replace from authorized inventory; do not discard
legacy-external,https://xvhxyohqkkpaynrgrvvb.supabase.co/storage/v1/object/public/venue-photos/draft/casa-luna/0f69e15d640264db77d4.jpg,xvhxyohqkkpaynrgrvvb,false,,,,,,casa-luna,v_import_casa_luna,casa-luna,venue,,project_owner_global_authorization,MEDIA-002,venues.photo_url:casa-luna,NOT_CREATED_DRY_RUN,false,RECOVERY_QUEUE,inaccessible_legacy_source,recover or replace from authorized inventory; do not discard
legacy-external,https://xvhxyohqkkpaynrgrvvb.supabase.co/storage/v1/object/public/venue-photos/draft/the-shady-shack/4cf9edf3df41dde82b1a.webp,xvhxyohqkkpaynrgrvvb,false,,,,,,the-shady-shack,v_import_the_shady_shack,the-shady-shack,venue,,project_owner_global_authorization,MEDIA-002,venues.photo_url:the-shady-shack,NOT_CREATED_DRY_RUN,false,RECOVERY_QUEUE,inaccessible_legacy_source,recover or replace from authorized inventory; do not discard
legacy-external,https://xvhxyohqkkpaynrgrvvb.supabase.co/storage/v1/object/public/venue-photos/draft/lyma-beach/d52837e2be82bfd431c1.webp,xvhxyohqkkpaynrgrvvb,false,,,,,,lyma-beach,v_import_lyma_beach,lyma-beach,venue,,project_owner_global_authorization,MEDIA-002,venues.photo_url:lyma-beach,NOT_CREATED_DRY_RUN,false,RECOVERY_QUEUE,inaccessible_legacy_source,recover or replace from authorized inventory; do not discard
legacy-external,https://xvhxyohqkkpaynrgrvvb.supabase.co/storage/v1/object/public/venue-photos/draft/tropical-temptation-adult-only-beach-club/bd4d7ad05df0b6243dce.jpg,xvhxyohqkkpaynrgrvvb,false,,,,,,tropical-temptation-adult-only-beach-club,v_import_tropical_temptation_adult_only_beach_club,tropical-temptation-adult-only-beach-club,venue,,project_owner_global_authorization,MEDIA-002,venues.photo_url:tropical-temptation-adult-only-beach-club,NOT_CREATED_DRY_RUN,false,RECOVERY_QUEUE,inaccessible_legacy_source,recover or replace from authorized inventory; do not discard
legacy-external,https://xvhxyohqkkpaynrgrvvb.supabase.co/storage/v1/object/public/venue-photos/draft/ulu-garden/bcc777f38adfc3306a99.webp,xvhxyohqkkpaynrgrvvb,false,,,,,,ulu-garden,v_import_ulu_garden,ulu-garden,venue,,project_owner_global_authorization,MEDIA-002,venues.photo_url:ulu-garden,NOT_CREATED_DRY_RUN,false,RECOVERY_QUEUE,inaccessible_legacy_source,recover or replace from authorized inventory; do not discard
legacy-external,https://xvhxyohqkkpaynrgrvvb.supabase.co/storage/v1/object/public/venue-photos/draft/hippie-fish-pererenan-beach/c46009c2617f836614b2.jpg,xvhxyohqkkpaynrgrvvb,false,,,,,,hippie-fish-pererenan-beach,v_import_hippie_fish_pererenan_beach,hippie-fish-pererenan-beach,venue,,project_owner_global_authorization,MEDIA-002,venues.photo_url:hippie-fish-pererenan-beach,NOT_CREATED_DRY_RUN,false,RECOVERY_QUEUE,inaccessible_legacy_source,recover or replace from authorized inventory; do not discard
legacy-external,https://xvhxyohqkkpaynrgrvvb.supabase.co/storage/v1/object/public/venue-photos/draft/santanera/e8bc9e6834d7f4b56ef5.webp,xvhxyohqkkpaynrgrvvb,false,,,,,,santanera,v_import_santanera,santanera,venue,,project_owner_global_authorization,MEDIA-002,venues.photo_url:santanera,NOT_CREATED_DRY_RUN,false,RECOVERY_QUEUE,inaccessible_legacy_source,recover or replace from authorized inventory; do not discard
legacy-external,https://xvhxyohqkkpaynrgrvvb.supabase.co/storage/v1/object/public/venue-photos/draft/12-kitchen-and-wine/b6912e9d7c108cb59f19.jpg,xvhxyohqkkpaynrgrvvb,false,,,,,,12-kitchen-and-wine,v_import_12_kitchen_and_wine,12-kitchen-and-wine,venue,,project_owner_global_authorization,MEDIA-002,venues.photo_url:12-kitchen-and-wine,NOT_CREATED_DRY_RUN,false,RECOVERY_QUEUE,inaccessible_legacy_source,recover or replace from authorized inventory; do not discard
legacy-external,https://xvhxyohqkkpaynrgrvvb.supabase.co/storage/v1/object/public/venue-photos/draft/la-brisa-bali/9a3266b06d1fcaa5b130.jpg,xvhxyohqkkpaynrgrvvb,false,,,,,,la-brisa-bali,v_import_la_brisa_bali,la-brisa-bali,venue,,project_owner_global_authorization,MEDIA-002,venues.photo_url:la-brisa-bali,NOT_CREATED_DRY_RUN,false,RECOVERY_QUEUE,inaccessible_legacy_source,recover or replace from authorized inventory; do not discard
legacy-external,https://xvhxyohqkkpaynrgrvvb.supabase.co/storage/v1/object/public/venue-photos/draft/samadi-bali/4c8f32ddccdce7d7b96f.jpg,xvhxyohqkkpaynrgrvvb,false,,,,,,samadi-bali,v_import_samadi_bali,samadi-bali,venue,,project_owner_global_authorization,MEDIA-002,venues.photo_url:samadi-bali,NOT_CREATED_DRY_RUN,false,RECOVERY_QUEUE,inaccessible_legacy_source,recover or replace from authorized inventory; do not discard
legacy-external,https://xvhxyohqkkpaynrgrvvb.supabase.co/storage/v1/object/public/venue-photos/draft/milk-and-madu-beach-road/ebbecaf3032f0679bd41.webp,xvhxyohqkkpaynrgrvvb,false,,,,,,milk-and-madu-beach-road,v_import_milk_and_madu_beach_road,milk-and-madu-beach-road,venue,,project_owner_global_authorization,MEDIA-002,venues.photo_url:milk-and-madu-beach-road,NOT_CREATED_DRY_RUN,false,RECOVERY_QUEUE,inaccessible_legacy_source,recover or replace from authorized inventory; do not discard
legacy-external,https://xvhxyohqkkpaynrgrvvb.supabase.co/storage/v1/object/public/venue-photos/draft/baked-pererenan/a493633f9afeff608ea5.jpg,xvhxyohqkkpaynrgrvvb,false,,,,,,baked-pererenan,v_import_baked_pererenan,baked-pererenan,venue,,project_owner_global_authorization,MEDIA-002,venues.photo_url:baked-pererenan,NOT_CREATED_DRY_RUN,false,RECOVERY_QUEUE,inaccessible_legacy_source,recover or replace from authorized inventory; do not discard
legacy-external,https://xvhxyohqkkpaynrgrvvb.supabase.co/storage/v1/object/public/venue-photos/draft/kush-ayurveda-yoga-barn/7c697ae94bbf3b27bae8.jpg,xvhxyohqkkpaynrgrvvb,false,,,,,,kush-ayurveda-yoga-barn,ab6771be-a0f1-4261-bef2-a667909bc856,kush-ayurveda-yoga-barn,venue,,project_owner_global_authorization,MEDIA-002,venues.photo_url:kush-ayurveda-yoga-barn,NOT_CREATED_DRY_RUN,false,RECOVERY_QUEUE,inaccessible_legacy_source,recover or replace from authorized inventory; do not discard
legacy-external,https://xvhxyohqkkpaynrgrvvb.supabase.co/storage/v1/object/public/venue-photos/draft/laka-leke/37c08ee4ca9d0299c2a0.png,xvhxyohqkkpaynrgrvvb,false,,,,,,laka-leke,v_laka-leke,laka-leke,venue,,project_owner_global_authorization,MEDIA-002,venues.photo_url:laka-leke,NOT_CREATED_DRY_RUN,false,RECOVERY_QUEUE,inaccessible_legacy_source,recover or replace from authorized inventory; do not discard
legacy-external,https://xvhxyohqkkpaynrgrvvb.supabase.co/storage/v1/object/public/venue-photos/draft/pyramids-of-chi/81ad4a6331ee5f94da06.jpg,xvhxyohqkkpaynrgrvvb,false,,,,,,pyramids-of-chi,ceb336c1-5821-43da-bc54-fdf6c26cc5d9,pyramids-of-chi,venue,,project_owner_global_authorization,MEDIA-002,venues.photo_url:pyramids-of-chi,NOT_CREATED_DRY_RUN,false,RECOVERY_QUEUE,inaccessible_legacy_source,recover or replace from authorized inventory; do not discard
legacy-external,https://xvhxyohqkkpaynrgrvvb.supabase.co/storage/v1/object/public/venue-photos/draft/bar-vera-bistro-and-wine-bar/52f960af7c302a4cd59a.jpg,xvhxyohqkkpaynrgrvvb,false,,,,,,bar-vera-bistro-and-wine-bar,v_import_bar_vera_bistro_and_wine_bar,bar-vera-bistro-and-wine-bar,venue,,project_owner_global_authorization,MEDIA-002,venues.photo_url:bar-vera-bistro-and-wine-bar,NOT_CREATED_DRY_RUN,false,RECOVERY_QUEUE,inaccessible_legacy_source,recover or replace from authorized inventory; do not discard
legacy-external,https://xvhxyohqkkpaynrgrvvb.supabase.co/storage/v1/object/public/venue-photos/draft/putri-bali-spa/43c7e320bd1bd34b6a97.webp,xvhxyohqkkpaynrgrvvb,false,,,,,,putri-bali-spa,5ef727ea-7e10-48bf-8bb7-c0577e5fc04e,putri-bali-spa,venue,,project_owner_global_authorization,MEDIA-002,venues.photo_url:putri-bali-spa,NOT_CREATED_DRY_RUN,false,RECOVERY_QUEUE,inaccessible_legacy_source,recover or replace from authorized inventory; do not discard
legacy-external,https://xvhxyohqkkpaynrgrvvb.supabase.co/storage/v1/object/public/venue-photos/draft/sensorium-bali/e009097af7d4de207a25.jpg,xvhxyohqkkpaynrgrvvb,false,,,,,,sensorium-bali,v_import_sensorium_bali,sensorium-bali,venue,,project_owner_global_authorization,MEDIA-002,venues.photo_url:sensorium-bali,NOT_CREATED_DRY_RUN,false,RECOVERY_QUEUE,inaccessible_legacy_source,recover or replace from authorized inventory; do not discard
legacy-external,https://xvhxyohqkkpaynrgrvvb.supabase.co/storage/v1/object/public/venue-photos/draft/sundays-beach-club/a8be54e53c07696df17f.png,xvhxyohqkkpaynrgrvvb,false,,,,,,sundays-beach-club,v_import_sundays_beach_club,sundays-beach-club,venue,,project_owner_global_authorization,MEDIA-002,venues.photo_url:sundays-beach-club,NOT_CREATED_DRY_RUN,false,RECOVERY_QUEUE,inaccessible_legacy_source,recover or replace from authorized inventory; do not discard
legacy-external,https://xvhxyohqkkpaynrgrvvb.supabase.co/storage/v1/object/public/venue-photos/draft/karsa-spa/7eed261962e722cce8bc.png,xvhxyohqkkpaynrgrvvb,false,,,,,,karsa-spa,0d3ec7f6-a187-4c57-9099-e558aab17653,karsa-spa,venue,,project_owner_global_authorization,MEDIA-002,venues.photo_url:karsa-spa,NOT_CREATED_DRY_RUN,false,RECOVERY_QUEUE,inaccessible_legacy_source,recover or replace from authorized inventory; do not discard
legacy-external,https://xvhxyohqkkpaynrgrvvb.supabase.co/storage/v1/object/public/venue-photos/draft/riviera-cafe-cemagi/a2b7ccbae1378705d54e.webp,xvhxyohqkkpaynrgrvvb,false,,,,,,riviera-cafe-cemagi,v_import_riviera_cafe_cemagi,riviera-cafe-cemagi,venue,,project_owner_global_authorization,MEDIA-002,venues.photo_url:riviera-cafe-cemagi,NOT_CREATED_DRY_RUN,false,RECOVERY_QUEUE,inaccessible_legacy_source,recover or replace from authorized inventory; do not discard
legacy-external,https://xvhxyohqkkpaynrgrvvb.supabase.co/storage/v1/object/public/venue-photos/draft/udara-bali/72b9ce4887731387227c.jpg,xvhxyohqkkpaynrgrvvb,false,,,,,,udara-bali,v_import_udara_bali,udara-bali,venue,,project_owner_global_authorization,MEDIA-002,venues.photo_url:udara-bali,NOT_CREATED_DRY_RUN,false,RECOVERY_QUEUE,inaccessible_legacy_source,recover or replace from authorized inventory; do not discard
legacy-external,https://xvhxyohqkkpaynrgrvvb.supabase.co/storage/v1/object/public/venue-photos/draft/cascades/b1bd4c26d5fb14ee7717.jpg,xvhxyohqkkpaynrgrvvb,false,,,,,,cascades,v_cascades,cascades,venue,,project_owner_global_authorization,MEDIA-002,venues.photo_url:cascades,NOT_CREATED_DRY_RUN,false,RECOVERY_QUEUE,inaccessible_legacy_source,recover or replace from authorized inventory; do not discard
legacy-external,https://xvhxyohqkkpaynrgrvvb.supabase.co/storage/v1/object/public/venue-photos/draft/intuitive-flow/2505c00af8c45c57757a.jpg,xvhxyohqkkpaynrgrvvb,false,,,,,,intuitive-flow,c4119d28-7714-4274-a289-c63369fd43bb,intuitive-flow,venue,,project_owner_global_authorization,MEDIA-002,venues.photo_url:intuitive-flow,NOT_CREATED_DRY_RUN,false,RECOVERY_QUEUE,inaccessible_legacy_source,recover or replace from authorized inventory; do not discard
legacy-external,https://xvhxyohqkkpaynrgrvvb.supabase.co/storage/v1/object/public/venue-photos/draft/alchemy-uluwatu/83158ba728a5b993a7b0.jpg,xvhxyohqkkpaynrgrvvb,false,,,,,,alchemy-uluwatu,v_import_alchemy_uluwatu,alchemy-uluwatu,venue,,project_owner_global_authorization,MEDIA-002,venues.photo_url:alchemy-uluwatu,NOT_CREATED_DRY_RUN,false,RECOVERY_QUEUE,inaccessible_legacy_source,recover or replace from authorized inventory; do not discard
legacy-external,https://xvhxyohqkkpaynrgrvvb.supabase.co/storage/v1/object/public/venue-photos/draft/radiantly-alive/b6733628d22cc9ed34c9.jpg,xvhxyohqkkpaynrgrvvb,false,,,,,,radiantly-alive,1d8de9b4-c345-4700-b4e5-d0c3fb15433b,radiantly-alive,venue,,project_owner_global_authorization,MEDIA-002,venues.photo_url:radiantly-alive,NOT_CREATED_DRY_RUN,false,RECOVERY_QUEUE,inaccessible_legacy_source,recover or replace from authorized inventory; do not discard
legacy-external,https://xvhxyohqkkpaynrgrvvb.supabase.co/storage/v1/object/public/venue-photos/draft/zali-uluwatu/b273cf6a534c9e740d82.jpg,xvhxyohqkkpaynrgrvvb,false,,,,,,zali-uluwatu,v_import_zali_uluwatu,zali-uluwatu,venue,,project_owner_global_authorization,MEDIA-002,venues.photo_url:zali-uluwatu,NOT_CREATED_DRY_RUN,false,RECOVERY_QUEUE,inaccessible_legacy_source,recover or replace from authorized inventory; do not discard
legacy-external,https://xvhxyohqkkpaynrgrvvb.supabase.co/storage/v1/object/public/venue-photos/draft/beach-boy-canggu/c7be62fc7e2afa2453b1.jpg,xvhxyohqkkpaynrgrvvb,false,,,,,,beach-boy-canggu,v_import_beach_boy_canggu,beach-boy-canggu,venue,,project_owner_global_authorization,MEDIA-002,venues.photo_url:beach-boy-canggu,NOT_CREATED_DRY_RUN,false,RECOVERY_QUEUE,inaccessible_legacy_source,recover or replace from authorized inventory; do not discard
legacy-external,https://xvhxyohqkkpaynrgrvvb.supabase.co/storage/v1/object/public/venue-photos/draft/alchemy-yoga-meditation-center/10bfad61db1af3ffb17b.jpg,xvhxyohqkkpaynrgrvvb,false,,,,,,alchemy-yoga-meditation-center,beb69deb-f66e-4b16-8874-460df37c0100,alchemy-yoga-meditation-center,venue,,project_owner_global_authorization,MEDIA-002,venues.photo_url:alchemy-yoga-meditation-center,NOT_CREATED_DRY_RUN,false,RECOVERY_QUEUE,inaccessible_legacy_source,recover or replace from authorized inventory; do not discard
legacy-external,https://xvhxyohqkkpaynrgrvvb.supabase.co/storage/v1/object/public/venue-photos/draft/the-yoga-barn/7c697ae94bbf3b27bae8.jpg,xvhxyohqkkpaynrgrvvb,false,,,,,,the-yoga-barn,68741f1a-2555-4bb1-974a-d16a8155c931,the-yoga-barn,venue,,project_owner_global_authorization,MEDIA-002,venues.photo_url:the-yoga-barn,NOT_CREATED_DRY_RUN,false,RECOVERY_QUEUE,inaccessible_legacy_source,recover or replace from authorized inventory; do not discard
legacy-external,https://xvhxyohqkkpaynrgrvvb.supabase.co/storage/v1/object/public/venue-photos/draft/ubud-yoga-centre/9ebf3a2ddec9109a8ce0.jpg,xvhxyohqkkpaynrgrvvb,false,,,,,,ubud-yoga-centre,747cc036-129b-4eda-b397-7623c730c8a0,ubud-yoga-centre,venue,,project_owner_global_authorization,MEDIA-002,venues.photo_url:ubud-yoga-centre,NOT_CREATED_DRY_RUN,false,RECOVERY_QUEUE,inaccessible_legacy_source,recover or replace from authorized inventory; do not discard
legacy-external,https://xvhxyohqkkpaynrgrvvb.supabase.co/storage/v1/object/public/venue-photos/draft/oneworld-ayurveda/dca548d2364f819b740e.jpg,xvhxyohqkkpaynrgrvvb,false,,,,,,oneworld-ayurveda,3093b0d1-4740-4c13-823c-6183e833fedd,oneworld-ayurveda,venue,,project_owner_global_authorization,MEDIA-002,venues.photo_url:oneworld-ayurveda,NOT_CREATED_DRY_RUN,false,RECOVERY_QUEUE,inaccessible_legacy_source,recover or replace from authorized inventory; do not discard
legacy-external,https://xvhxyohqkkpaynrgrvvb.supabase.co/storage/v1/object/public/venue-photos/draft/ubud-sari-health-resort/3a9c0a86e52782acd681.jpg,xvhxyohqkkpaynrgrvvb,false,,,,,,ubud-sari-health-resort,6d2f7ea7-fa9d-4138-8dc6-43a5cea3aff3,ubud-sari-health-resort,venue,,project_owner_global_authorization,MEDIA-002,venues.photo_url:ubud-sari-health-resort,NOT_CREATED_DRY_RUN,false,RECOVERY_QUEUE,inaccessible_legacy_source,recover or replace from authorized inventory; do not discard
legacy-external,https://xvhxyohqkkpaynrgrvvb.supabase.co/storage/v1/object/public/venue-photos/draft/taksu-yoga-ubud/1cddbffb07b7b7290f6e.webp,xvhxyohqkkpaynrgrvvb,false,,,,,,taksu-yoga-ubud,0d6c6141-85f5-49df-9706-4e18c8313f70,taksu-yoga-ubud,venue,,project_owner_global_authorization,MEDIA-002,venues.photo_url:taksu-yoga-ubud,NOT_CREATED_DRY_RUN,false,RECOVERY_QUEUE,inaccessible_legacy_source,recover or replace from authorized inventory; do not discard
legacy-external,https://xvhxyohqkkpaynrgrvvb.supabase.co/storage/v1/object/public/venue-photos/draft/mason/7f7e8cf9b1950ee98605.webp,xvhxyohqkkpaynrgrvvb,false,,,,,,mason,v_mason,mason,venue,,project_owner_global_authorization,MEDIA-002,venues.photo_url:mason,NOT_CREATED_DRY_RUN,false,RECOVERY_QUEUE,inaccessible_legacy_source,recover or replace from authorized inventory; do not discard
legacy-external,https://xvhxyohqkkpaynrgrvvb.supabase.co/storage/v1/object/public/venue-photos/draft/milk-and-madu-berawa/ebbecaf3032f0679bd41.webp,xvhxyohqkkpaynrgrvvb,false,,,,,,milk-and-madu-berawa,v_import_milk_and_madu_berawa,milk-and-madu-berawa,venue,,project_owner_global_authorization,MEDIA-002,venues.photo_url:milk-and-madu-berawa,NOT_CREATED_DRY_RUN,false,RECOVERY_QUEUE,inaccessible_legacy_source,recover or replace from authorized inventory; do not discard
legacy-external,https://xvhxyohqkkpaynrgrvvb.supabase.co/storage/v1/object/public/venue-photos/draft/deus-ex-machina/9091f59ae6c2c529e805.jpg,xvhxyohqkkpaynrgrvvb,false,,,,,,deus-ex-machina,v_deus-ex-machina,deus-ex-machina,venue,,project_owner_global_authorization,MEDIA-002,venues.photo_url:deus-ex-machina,NOT_CREATED_DRY_RUN,false,RECOVERY_QUEUE,inaccessible_legacy_source,recover or replace from authorized inventory; do not discard
legacy-external,https://xvhxyohqkkpaynrgrvvb.supabase.co/storage/v1/object/public/venue-photos/draft/ubud-traditional-spa/0e6e8e079db6035c7dc5.jpg,xvhxyohqkkpaynrgrvvb,false,,,,,,ubud-traditional-spa,b9fd90b3-179a-4301-b722-99f005801f9e,ubud-traditional-spa,venue,,project_owner_global_authorization,MEDIA-002,venues.photo_url:ubud-traditional-spa,NOT_CREATED_DRY_RUN,false,RECOVERY_QUEUE,inaccessible_legacy_source,recover or replace from authorized inventory; do not discard
legacy-external,https://xvhxyohqkkpaynrgrvvb.supabase.co/storage/v1/object/public/venue-photos/draft/baked-berawa/a493633f9afeff608ea5.jpg,xvhxyohqkkpaynrgrvvb,false,,,,,,baked-berawa,v_import_baked_berawa,baked-berawa,venue,,project_owner_global_authorization,MEDIA-002,venues.photo_url:baked-berawa,NOT_CREATED_DRY_RUN,false,RECOVERY_QUEUE,inaccessible_legacy_source,recover or replace from authorized inventory; do not discard
legacy-external,https://xvhxyohqkkpaynrgrvvb.supabase.co/storage/v1/object/public/venue-photos/draft/revolver-canggu/a8f1fdc0b750a1dd9c7b.jpg,xvhxyohqkkpaynrgrvvb,false,,,,,,revolver-canggu,v_import_revolver_canggu,revolver-canggu,venue,,project_owner_global_authorization,MEDIA-002,venues.photo_url:revolver-canggu,NOT_CREATED_DRY_RUN,false,RECOVERY_QUEUE,inaccessible_legacy_source,recover or replace from authorized inventory; do not discard
legacy-external,https://xvhxyohqkkpaynrgrvvb.supabase.co/storage/v1/object/public/venue-photos/draft/woods-bali/913a42dd146dadcf6196.jpg,xvhxyohqkkpaynrgrvvb,false,,,,,,woods-bali,v_import_woods_bali,woods-bali,venue,,project_owner_global_authorization,MEDIA-002,venues.photo_url:woods-bali,NOT_CREATED_DRY_RUN,false,RECOVERY_QUEUE,inaccessible_legacy_source,recover or replace from authorized inventory; do not discard
legacy-external,https://xvhxyohqkkpaynrgrvvb.supabase.co/storage/v1/object/public/venue-photos/draft/motion-cafe/f15093c661cc68307dde.jpg,xvhxyohqkkpaynrgrvvb,false,,,,,,motion-cafe,v_import_motion_cafe,motion-cafe,venue,,project_owner_global_authorization,MEDIA-002,venues.photo_url:motion-cafe,NOT_CREATED_DRY_RUN,false,RECOVERY_QUEUE,inaccessible_legacy_source,recover or replace from authorized inventory; do not discard
legacy-external,https://xvhxyohqkkpaynrgrvvb.supabase.co/storage/v1/object/public/venue-photos/draft/single-fin/157b046eb0076d5ab2ce.webp,xvhxyohqkkpaynrgrvvb,false,,,,,,single-fin,v_import_single_fin,single-fin,venue,,project_owner_global_authorization,MEDIA-002,venues.photo_url:single-fin,NOT_CREATED_DRY_RUN,false,RECOVERY_QUEUE,inaccessible_legacy_source,recover or replace from authorized inventory; do not discard
legacy-external,https://xvhxyohqkkpaynrgrvvb.supabase.co/storage/v1/object/public/venue-photos/draft/oneeighty/0fa1897bd256a4d2c837.png,xvhxyohqkkpaynrgrvvb,false,,,,,,oneeighty,v_import_oneeighty,oneeighty,venue,,project_owner_global_authorization,MEDIA-002,venues.photo_url:oneeighty,NOT_CREATED_DRY_RUN,false,RECOVERY_QUEUE,inaccessible_legacy_source,recover or replace from authorized inventory; do not discard
legacy-external,https://xvhxyohqkkpaynrgrvvb.supabase.co/storage/v1/object/public/venue-photos/draft/masonry-restaurant/1f2696b2a981983f8cb1.webp,xvhxyohqkkpaynrgrvvb,false,,,,,,masonry-restaurant,v_import_masonry_restaurant,masonry-restaurant,venue,,project_owner_global_authorization,MEDIA-002,venues.photo_url:masonry-restaurant,NOT_CREATED_DRY_RUN,false,RECOVERY_QUEUE,inaccessible_legacy_source,recover or replace from authorized inventory; do not discard
legacy-external,https://xvhxyohqkkpaynrgrvvb.supabase.co/storage/v1/object/public/venue-photos/draft/locavore-nxt/665011828b3745b36705.webp,xvhxyohqkkpaynrgrvvb,false,,,,,,locavore-nxt,v_locavore-nxt,locavore-nxt,venue,,project_owner_global_authorization,MEDIA-002,venues.photo_url:locavore-nxt,NOT_CREATED_DRY_RUN,false,RECOVERY_QUEUE,inaccessible_legacy_source,recover or replace from authorized inventory; do not discard
legacy-external,https://xvhxyohqkkpaynrgrvvb.supabase.co/storage/v1/object/public/venue-photos/draft/room4dessert/90adb2562b1944594c0f.jpg,xvhxyohqkkpaynrgrvvb,false,,,,,,room4dessert,v_room4dessert,room4dessert,venue,,project_owner_global_authorization,MEDIA-002,venues.photo_url:room4dessert,NOT_CREATED_DRY_RUN,false,RECOVERY_QUEUE,inaccessible_legacy_source,recover or replace from authorized inventory; do not discard
legacy-external,https://xvhxyohqkkpaynrgrvvb.supabase.co/storage/v1/object/public/venue-photos/draft/the-avocado-factory/bc0397f7498a13d77d8b.jpg,xvhxyohqkkpaynrgrvvb,false,,,,,,the-avocado-factory,v_import_the_avocado_factory,the-avocado-factory,venue,,project_owner_global_authorization,MEDIA-002,venues.photo_url:the-avocado-factory,NOT_CREATED_DRY_RUN,false,RECOVERY_QUEUE,inaccessible_legacy_source,recover or replace from authorized inventory; do not discard
legacy-external,https://xvhxyohqkkpaynrgrvvb.supabase.co/storage/v1/object/public/venue-photos/draft/warung-bu-mi/28556fda3ce0517ad205.jpg,xvhxyohqkkpaynrgrvvb,false,,,,,,warung-bu-mi,v_warung-bu-mi,warung-bu-mi,venue,,project_owner_global_authorization,MEDIA-002,venues.photo_url:warung-bu-mi,NOT_CREATED_DRY_RUN,false,RECOVERY_QUEUE,inaccessible_legacy_source,recover or replace from authorized inventory; do not discard
legacy-external,https://xvhxyohqkkpaynrgrvvb.supabase.co/storage/v1/object/public/venue-photos/draft/the-shala-bali/31646a0827e1c76b0f0e.jpg,xvhxyohqkkpaynrgrvvb,false,,,,,,the-shala-bali,3db91038-1d4f-4c3c-b92f-070727d3654d,the-shala-bali,venue,,project_owner_global_authorization,MEDIA-002,venues.photo_url:the-shala-bali,NOT_CREATED_DRY_RUN,false,RECOVERY_QUEUE,inaccessible_legacy_source,recover or replace from authorized inventory; do not discard
legacy-external,https://xvhxyohqkkpaynrgrvvb.supabase.co/storage/v1/object/public/venue-photos/draft/cafe-del-mar-bali/7f91e6c8fceb393230e0.webp,xvhxyohqkkpaynrgrvvb,false,,,,,,cafe-del-mar-bali,v_import_cafe_del_mar_bali,cafe-del-mar-bali,venue,,project_owner_global_authorization,MEDIA-002,venues.photo_url:cafe-del-mar-bali,NOT_CREATED_DRY_RUN,false,RECOVERY_QUEUE,inaccessible_legacy_source,recover or replace from authorized inventory; do not discard
legacy-external,https://xvhxyohqkkpaynrgrvvb.supabase.co/storage/v1/object/public/venue-photos/draft/sang-spa/0914813ee291105aea7a.jpg,xvhxyohqkkpaynrgrvvb,false,,,,,,sang-spa,1ac1a933-171c-4835-a62c-e3864adf60be,sang-spa,venue,,project_owner_global_authorization,MEDIA-002,venues.photo_url:sang-spa,NOT_CREATED_DRY_RUN,false,RECOVERY_QUEUE,inaccessible_legacy_source,recover or replace from authorized inventory; do not discard
legacy-external,https://xvhxyohqkkpaynrgrvvb.supabase.co/storage/v1/object/public/venue-photos/draft/brunch-club-pererenan/cee4d27a65d92fa9c2cf.jpg,xvhxyohqkkpaynrgrvvb,false,,,,,,brunch-club-pererenan,v_import_brunch_club_pererenan,brunch-club-pererenan,venue,,project_owner_global_authorization,MEDIA-002,venues.photo_url:brunch-club-pererenan,NOT_CREATED_DRY_RUN,false,RECOVERY_QUEUE,inaccessible_legacy_source,recover or replace from authorized inventory; do not discard
legacy-external,https://xvhxyohqkkpaynrgrvvb.supabase.co/storage/v1/object/public/venue-photos/draft/bottega-italiana/cb1292a73a931722e606.webp,xvhxyohqkkpaynrgrvvb,false,,,,,,bottega-italiana,v_bottega-italiana,bottega-italiana,venue,,project_owner_global_authorization,MEDIA-002,venues.photo_url:bottega-italiana,NOT_CREATED_DRY_RUN,false,RECOVERY_QUEUE,inaccessible_legacy_source,recover or replace from authorized inventory; do not discard
legacy-external,https://xvhxyohqkkpaynrgrvvb.supabase.co/storage/v1/object/public/venue-photos/draft/jaens-spa/ffe0b22cfe8d24a0f3c5.webp,xvhxyohqkkpaynrgrvvb,false,,,,,,jaens-spa,ed4c1bfb-8638-4df8-9735-46039ec5a4a2,jaens-spa,venue,,project_owner_global_authorization,MEDIA-002,venues.photo_url:jaens-spa,NOT_CREATED_DRY_RUN,false,RECOVERY_QUEUE,inaccessible_legacy_source,recover or replace from authorized inventory; do not discard
legacy-external,https://xvhxyohqkkpaynrgrvvb.supabase.co/storage/v1/object/public/venue-photos/draft/bali-botanica-spa/2b0dcf76308691297d29.jpg,xvhxyohqkkpaynrgrvvb,false,,,,,,bali-botanica-spa,d65a22f4-a3e3-4788-b93d-23f3d35aa566,bali-botanica-spa,venue,,project_owner_global_authorization,MEDIA-002,venues.photo_url:bali-botanica-spa,NOT_CREATED_DRY_RUN,false,RECOVERY_QUEUE,inaccessible_legacy_source,recover or replace from authorized inventory; do not discard
legacy-external,https://xvhxyohqkkpaynrgrvvb.supabase.co/storage/v1/object/public/venue-photos/draft/shelter-restaurant/639b46b607a26a14f2da.webp,xvhxyohqkkpaynrgrvvb,false,,,,,,shelter-restaurant,v_import_shelter_restaurant,shelter-restaurant,venue,,project_owner_global_authorization,MEDIA-002,venues.photo_url:shelter-restaurant,NOT_CREATED_DRY_RUN,false,RECOVERY_QUEUE,inaccessible_legacy_source,recover or replace from authorized inventory; do not discard
legacy-external,https://xvhxyohqkkpaynrgrvvb.supabase.co/storage/v1/object/public/venue-photos/draft/riviera-trattoria-pererenan/5a1e0d0f286d83da97b4.jpg,xvhxyohqkkpaynrgrvvb,false,,,,,,riviera-trattoria-pererenan,v_import_riviera_trattoria_pererenan,riviera-trattoria-pererenan,venue,,project_owner_global_authorization,MEDIA-002,venues.photo_url:riviera-trattoria-pererenan,NOT_CREATED_DRY_RUN,false,RECOVERY_QUEUE,inaccessible_legacy_source,recover or replace from authorized inventory; do not discard
legacy-external,https://xvhxyohqkkpaynrgrvvb.supabase.co/storage/v1/object/public/venue-photos/draft/onion-collective/e93bf5f7bbded178411c.jpg,xvhxyohqkkpaynrgrvvb,false,,,,,,onion-collective,v_onion-collective,onion-collective,venue,,project_owner_global_authorization,MEDIA-002,venues.photo_url:onion-collective,NOT_CREATED_DRY_RUN,false,RECOVERY_QUEUE,inaccessible_legacy_source,recover or replace from authorized inventory; do not discard
legacy-external,https://xvhxyohqkkpaynrgrvvb.supabase.co/storage/v1/object/public/venue-photos/draft/manga-madu/296ea170ae52213adaeb.jpg,xvhxyohqkkpaynrgrvvb,false,,,,,,manga-madu,v_manga-madu,manga-madu,venue,,project_owner_global_authorization,MEDIA-002,venues.photo_url:manga-madu,NOT_CREATED_DRY_RUN,false,RECOVERY_QUEUE,inaccessible_legacy_source,recover or replace from authorized inventory; do not discard
legacy-external,https://xvhxyohqkkpaynrgrvvb.supabase.co/storage/v1/object/public/venue-photos/draft/udara-bali-yoga-detox-and-spa-organic-ocean/04c888b70b3ed53bc9f2.jpg,xvhxyohqkkpaynrgrvvb,false,,,,,,udara-bali-yoga-detox-and-spa-organic-ocean,v_import_udara_bali_yoga_detox_and_spa_organic_ocean,udara-bali-yoga-detox-and-spa-organic-ocean,venue,,project_owner_global_authorization,MEDIA-002,venues.photo_url:udara-bali-yoga-detox-and-spa-organic-ocean,NOT_CREATED_DRY_RUN,false,RECOVERY_QUEUE,inaccessible_legacy_source,recover or replace from authorized inventory; do not discard
legacy-external,https://xvhxyohqkkpaynrgrvvb.supabase.co/storage/v1/object/public/venue-photos/draft/donna-ubud/33bcb872478ae2a69c56.jpg,xvhxyohqkkpaynrgrvvb,false,,,,,,donna-ubud,v_donna-ubud,donna-ubud,venue,,project_owner_global_authorization,MEDIA-002,venues.photo_url:donna-ubud,NOT_CREATED_DRY_RUN,false,RECOVERY_QUEUE,inaccessible_legacy_source,recover or replace from authorized inventory; do not discard
legacy-external,https://xvhxyohqkkpaynrgrvvb.supabase.co/storage/v1/object/public/venue-photos/draft/finns-beach-club/0dda91dae3b2358c51df.jpg,xvhxyohqkkpaynrgrvvb,false,,,,,,finns-beach-club,v_finns-beach-club,finns-beach-club,venue,,project_owner_global_authorization,MEDIA-002,venues.photo_url:finns-beach-club,NOT_CREATED_DRY_RUN,false,RECOVERY_QUEUE,inaccessible_legacy_source,recover or replace from authorized inventory; do not discard
legacy-external,https://xvhxyohqkkpaynrgrvvb.supabase.co/storage/v1/object/public/venue-photos/draft/ulekan-berawa/c2e1119aaf5c88c1b543.jpg,xvhxyohqkkpaynrgrvvb,false,,,,,,ulekan-berawa,v_import_ulekan_berawa,ulekan-berawa,venue,,project_owner_global_authorization,MEDIA-002,venues.photo_url:ulekan-berawa,NOT_CREATED_DRY_RUN,false,RECOVERY_QUEUE,inaccessible_legacy_source,recover or replace from authorized inventory; do not discard
legacy-external,https://xvhxyohqkkpaynrgrvvb.supabase.co/storage/v1/object/public/venue-photos/draft/gelato-secrets-ubud/9fb7902242711f41ee1e.jpg,xvhxyohqkkpaynrgrvvb,false,,,,,,gelato-secrets-ubud,v_gelato-secrets-ubud,gelato-secrets-ubud,venue,,project_owner_global_authorization,MEDIA-002,venues.photo_url:gelato-secrets-ubud,NOT_CREATED_DRY_RUN,false,RECOVERY_QUEUE,inaccessible_legacy_source,recover or replace from authorized inventory; do not discard
legacy-external,https://xvhxyohqkkpaynrgrvvb.supabase.co/storage/v1/object/public/venue-photos/draft/estetica-belle/ce0b23122ba651781fdb.jpg,xvhxyohqkkpaynrgrvvb,false,,,,,,estetica-belle,v_import_estetica_belle,estetica-belle,venue,,project_owner_global_authorization,MEDIA-002,venues.photo_url:estetica-belle,NOT_CREATED_DRY_RUN,false,RECOVERY_QUEUE,inaccessible_legacy_source,recover or replace from authorized inventory; do not discard
legacy-external,https://xvhxyohqkkpaynrgrvvb.supabase.co/storage/v1/object/public/venue-photos/draft/cutiepai-nails/4037b285c2e3092c3774.png,xvhxyohqkkpaynrgrvvb,false,,,,,,cutiepai-nails,v_import_cutiepai_nails,cutiepai-nails,venue,,project_owner_global_authorization,MEDIA-002,venues.photo_url:cutiepai-nails,NOT_CREATED_DRY_RUN,false,RECOVERY_QUEUE,inaccessible_legacy_source,recover or replace from authorized inventory; do not discard
legacy-external,https://xvhxyohqkkpaynrgrvvb.supabase.co/storage/v1/object/public/venue-photos/draft/fair-warung-bale/3dea8497b859a1804fd3.jpg,xvhxyohqkkpaynrgrvvb,false,,,,,,fair-warung-bale,v_import_fair_warung_bale,fair-warung-bale,venue,,project_owner_global_authorization,MEDIA-002,venues.photo_url:fair-warung-bale,NOT_CREATED_DRY_RUN,false,RECOVERY_QUEUE,inaccessible_legacy_source,recover or replace from authorized inventory; do not discard
legacy-external,https://xvhxyohqkkpaynrgrvvb.supabase.co/storage/v1/object/public/venue-photos/draft/nude-berawa/58a4ad26f829a3ad1d81.webp,xvhxyohqkkpaynrgrvvb,false,,,,,,nude-berawa,v_nude-berawa,nude-berawa,venue,,project_owner_global_authorization,MEDIA-002,venues.photo_url:nude-berawa,NOT_CREATED_DRY_RUN,false,RECOVERY_QUEUE,inaccessible_legacy_source,recover or replace from authorized inventory; do not discard
legacy-external,https://xvhxyohqkkpaynrgrvvb.supabase.co/storage/v1/object/public/venue-photos/draft/bali-bohemia/8b25568274b72c396145.jpg,xvhxyohqkkpaynrgrvvb,false,,,,,,bali-bohemia,v_bali-bohemia,bali-bohemia,venue,,project_owner_global_authorization,MEDIA-002,venues.photo_url:bali-bohemia,NOT_CREATED_DRY_RUN,false,RECOVERY_QUEUE,inaccessible_legacy_source,recover or replace from authorized inventory; do not discard
legacy-external,https://xvhxyohqkkpaynrgrvvb.supabase.co/storage/v1/object/public/venue-photos/draft/jungle-padel-canggu-shortcut/7918cd2ef2c6764ee5b3.jpg,xvhxyohqkkpaynrgrvvb,false,,,,,,jungle-padel-canggu-shortcut,v_import_jungle_padel_canggu_shortcut,jungle-padel-canggu-shortcut,venue,,project_owner_global_authorization,MEDIA-002,venues.photo_url:jungle-padel-canggu-shortcut,NOT_CREATED_DRY_RUN,false,RECOVERY_QUEUE,inaccessible_legacy_source,recover or replace from authorized inventory; do not discard
legacy-external,https://xvhxyohqkkpaynrgrvvb.supabase.co/storage/v1/object/public/venue-photos/draft/finns-recreation-club-finns-lifestyle-village/c6fde7083e7d088fa35c.jpg,xvhxyohqkkpaynrgrvvb,false,,,,,,finns-recreation-club-finns-lifestyle-village,v_import_finns_recreation_club_finns_lifestyle_village,finns-recreation-club-finns-lifestyle-village,venue,,project_owner_global_authorization,MEDIA-002,venues.photo_url:finns-recreation-club-finns-lifestyle-village,NOT_CREATED_DRY_RUN,false,RECOVERY_QUEUE,inaccessible_legacy_source,recover or replace from authorized inventory; do not discard
legacy-external,https://xvhxyohqkkpaynrgrvvb.supabase.co/storage/v1/object/public/venue-photos/draft/yuki-canggu/2a2dae22053c973915ae.png,xvhxyohqkkpaynrgrvvb,false,,,,,,yuki-canggu,v_import_yuki_canggu,yuki-canggu,venue,,project_owner_global_authorization,MEDIA-002,venues.photo_url:yuki-canggu,NOT_CREATED_DRY_RUN,false,RECOVERY_QUEUE,inaccessible_legacy_source,recover or replace from authorized inventory; do not discard
legacy-external,https://xvhxyohqkkpaynrgrvvb.supabase.co/storage/v1/object/public/venue-photos/draft/seeds-of-life/821eaafb6d1a0be42850.jpg,xvhxyohqkkpaynrgrvvb,false,,,,,,seeds-of-life,v_seeds-of-life,seeds-of-life,venue,,project_owner_global_authorization,MEDIA-002,venues.photo_url:seeds-of-life,NOT_CREATED_DRY_RUN,false,RECOVERY_QUEUE,inaccessible_legacy_source,recover or replace from authorized inventory; do not discard
legacy-external,https://xvhxyohqkkpaynrgrvvb.supabase.co/storage/v1/object/public/venue-photos/draft/only-nails-pererenan/ee66018da0ca48dd4fbb.webp,xvhxyohqkkpaynrgrvvb,false,,,,,,only-nails-pererenan,v_import_only_nails_pererenan,only-nails-pererenan,venue,,project_owner_global_authorization,MEDIA-002,venues.photo_url:only-nails-pererenan,NOT_CREATED_DRY_RUN,false,RECOVERY_QUEUE,inaccessible_legacy_source,recover or replace from authorized inventory; do not discard
legacy-external,https://xvhxyohqkkpaynrgrvvb.supabase.co/storage/v1/object/public/venue-photos/draft/two-face-canggu/48f27b2928c75e2540d8.webp,xvhxyohqkkpaynrgrvvb,false,,,,,,two-face-canggu,v_import_two_face_canggu,two-face-canggu,venue,,project_owner_global_authorization,MEDIA-002,venues.photo_url:two-face-canggu,NOT_CREATED_DRY_RUN,false,RECOVERY_QUEUE,inaccessible_legacy_source,recover or replace from authorized inventory; do not discard
legacy-external,https://xvhxyohqkkpaynrgrvvb.supabase.co/storage/v1/object/public/venue-photos/draft/como-beach-club-canggu/2ca5c425fff7d51e1cad.jpg,xvhxyohqkkpaynrgrvvb,false,,,,,,como-beach-club-canggu,v_import_como_beach_club_canggu,como-beach-club-canggu,venue,,project_owner_global_authorization,MEDIA-002,venues.photo_url:como-beach-club-canggu,NOT_CREATED_DRY_RUN,false,RECOVERY_QUEUE,inaccessible_legacy_source,recover or replace from authorized inventory; do not discard
legacy-external,https://xvhxyohqkkpaynrgrvvb.supabase.co/storage/v1/object/public/venue-photos/draft/svaha-spa/bda5dff76adffb9fbbb1.jpg,xvhxyohqkkpaynrgrvvb,false,,,,,,svaha-spa,a84991fe-5d80-4985-a364-555e7347d789,svaha-spa,venue,,project_owner_global_authorization,MEDIA-002,venues.photo_url:svaha-spa,NOT_CREATED_DRY_RUN,false,RECOVERY_QUEUE,inaccessible_legacy_source,recover or replace from authorized inventory; do not discard
legacy-external,https://xvhxyohqkkpaynrgrvvb.supabase.co/storage/v1/object/public/venue-photos/draft/lulu-bistrot/dd6b8d1d91ff1d865c79.webp,xvhxyohqkkpaynrgrvvb,false,,,,,,lulu-bistrot,v_import_lulu_bistrot,lulu-bistrot,venue,,project_owner_global_authorization,MEDIA-002,venues.photo_url:lulu-bistrot,NOT_CREATED_DRY_RUN,false,RECOVERY_QUEUE,inaccessible_legacy_source,recover or replace from authorized inventory; do not discard
legacy-external,https://xvhxyohqkkpaynrgrvvb.supabase.co/storage/v1/object/public/venue-photos/draft/mozaic/421df8885f017b33c1e4.jpg,xvhxyohqkkpaynrgrvvb,false,,,,,,mozaic,v_mozaic,mozaic,venue,,project_owner_global_authorization,MEDIA-002,venues.photo_url:mozaic,NOT_CREATED_DRY_RUN,false,RECOVERY_QUEUE,inaccessible_legacy_source,recover or replace from authorized inventory; do not discard
legacy-external,https://xvhxyohqkkpaynrgrvvb.supabase.co/storage/v1/object/public/venue-photos/draft/bgs-uluwatu/ed3535cbe4c6c0dc2ebf.webp,xvhxyohqkkpaynrgrvvb,false,,,,,,bgs-uluwatu,v_import_bgs_uluwatu,bgs-uluwatu,venue,,project_owner_global_authorization,MEDIA-002,venues.photo_url:bgs-uluwatu,NOT_CREATED_DRY_RUN,false,RECOVERY_QUEUE,inaccessible_legacy_source,recover or replace from authorized inventory; do not discard
legacy-external,https://xvhxyohqkkpaynrgrvvb.supabase.co/storage/v1/object/public/venue-photos/draft/kala-uluwatu/3184ae0466135d6740b5.jpg,xvhxyohqkkpaynrgrvvb,false,,,,,,kala-uluwatu,v_import_kala_uluwatu,kala-uluwatu,venue,,project_owner_global_authorization,MEDIA-002,venues.photo_url:kala-uluwatu,NOT_CREATED_DRY_RUN,false,RECOVERY_QUEUE,inaccessible_legacy_source,recover or replace from authorized inventory; do not discard
legacy-external,https://xvhxyohqkkpaynrgrvvb.supabase.co/storage/v1/object/public/venue-photos/draft/mana-uluwatu/f0cf3a42ebedfd14e7bf.jpg,xvhxyohqkkpaynrgrvvb,false,,,,,,mana-uluwatu,v_import_mana_uluwatu,mana-uluwatu,venue,,project_owner_global_authorization,MEDIA-002,venues.photo_url:mana-uluwatu,NOT_CREATED_DRY_RUN,false,RECOVERY_QUEUE,inaccessible_legacy_source,recover or replace from authorized inventory; do not discard
legacy-external,https://xvhxyohqkkpaynrgrvvb.supabase.co/storage/v1/object/public/venue-photos/draft/waatu/ad0b4a72837caa74a27f.webp,xvhxyohqkkpaynrgrvvb,false,,,,,,waatu,v_import_waatu,waatu,venue,,project_owner_global_authorization,MEDIA-002,venues.photo_url:waatu,NOT_CREATED_DRY_RUN,false,RECOVERY_QUEUE,inaccessible_legacy_source,recover or replace from authorized inventory; do not discard
legacy-external,https://xvhxyohqkkpaynrgrvvb.supabase.co/storage/v1/object/public/venue-photos/draft/suka-espresso/a1c3cfb3f55025cd3026.webp,xvhxyohqkkpaynrgrvvb,false,,,,,,suka-espresso,v_import_suka_espresso,suka-espresso,venue,,project_owner_global_authorization,MEDIA-002,venues.photo_url:suka-espresso,NOT_CREATED_DRY_RUN,false,RECOVERY_QUEUE,inaccessible_legacy_source,recover or replace from authorized inventory; do not discard
legacy-external,https://xvhxyohqkkpaynrgrvvb.supabase.co/storage/v1/object/public/venue-photos/draft/yuki-uluwatu/2a2dae22053c973915ae.png,xvhxyohqkkpaynrgrvvb,false,,,,,,yuki-uluwatu,v_import_yuki_uluwatu,yuki-uluwatu,venue,,project_owner_global_authorization,MEDIA-002,venues.photo_url:yuki-uluwatu,NOT_CREATED_DRY_RUN,false,RECOVERY_QUEUE,inaccessible_legacy_source,recover or replace from authorized inventory; do not discard
legacy-external,https://xvhxyohqkkpaynrgrvvb.supabase.co/storage/v1/object/public/venue-photos/draft/white-rock-beach-club/f6dfdb422ad768ac793a.jpg,xvhxyohqkkpaynrgrvvb,false,,,,,,white-rock-beach-club,v_import_white_rock_beach_club,white-rock-beach-club,venue,,project_owner_global_authorization,MEDIA-002,venues.photo_url:white-rock-beach-club,NOT_CREATED_DRY_RUN,false,RECOVERY_QUEUE,inaccessible_legacy_source,recover or replace from authorized inventory; do not discard
