unit_id,surface,slug_or_path,field,before,after,action,reason,source,decision
W-12-urban-cafe-breakfast-and-dinner-movie-night-cocktail-bar-canggu-why_its_here,db,12-urban-cafe-breakfast-and-dinner-movie-night-cocktail-bar-canggu,why_its_here,"An all-day cafe and cocktail bar on Jalan Pantai Batu Mejan, open 8am to midnight every day. The main menu runs from pasta and risotto to schnitzel, seafood and a rib eye steak, with separate brunch, bar and wine-cocktail menus. Tables can be booked through the site or Chope.","A cafe and cocktail bar on Jalan Pantai Batu Mejan, open 8am to midnight daily. The main menu goes from pasta and risotto to schnitzel and seafood, with a rib eye steak. Brunch, the bar and wine cocktails have their own menus. Book through the site or Chope.",replace,"two 'X, Y and Z' lists in one 23-word sentence split into three short sentences; 'all-day' and 'every day' folded into 'open 8am to midnight daily'; no fact dropped",wave-db 2026-10-05: style rewrite of the record's own text (rung 2); facts not re-verified,ДА
W-7am-bakers-umalas-why_its_here,db,7am-bakers-umalas,why_its_here,"A bakery and all-day cafe on Jalan Bumbak Dauh in Umalas, one of seven 7AM Bakers outlets across Bali and Jakarta. Its own outlet page describes freshly baked artisan pastries, specialty coffee and international dishes, with delivery through GoFood and GrabFood and online table booking.","On Jalan Bumbak Dauh, 7AM Bakers runs its Umalas outlet as a bakery and all-day cafe. The brand has seven outlets across Bali and Jakarta, and this one's page describes freshly baked artisan pastries, specialty coffee and international dishes. Tables book online; GoFood and GrabFood deliver.",replace,"category-on-street opener replaced by the brand/outlet; two lists reduced to one; no fact dropped; opening re-ordered to break the '<Name> is a' run (wave-db opener pass, 2026-10-06), same words and facts",wave-db 2026-10-05: style rewrite of the record's own text (rung 2); facts not re-verified,ДА
W-7am-bakers-umalas-not_for,db,7am-bakers-umalas,not_for,"Daytime only - closes in the evening, no late dinner",A late dinner: it keeps daytime hours and closes in the evening,replace,three fragments joined by a spaced hyphen rewritten as one clause with the reason after a colon; 'only' folded into 'keeps daytime hours',wave-db 2026-10-05: style rewrite of the record's own text (rung 2); facts not re-verified,ДА
W-adda-yoga-why_its_here,db,adda-yoga,why_its_here,"A yoga studio on Jalan Kayu Manis in Canggu, above the Awan co-working space. The schedule covers vinyasa, ashtanga, hatha, yin and restorative classes plus pranayama, meditation, sound healing and kundalini sessions, and the studio runs 200- and 300-hour teacher trainings. Drop-in rates are tiered by tourist visa, KITAS and Indonesian ID.","A yoga studio above the Awan co-working space on Jalan Kayu Manis in Canggu. Classes run from vinyasa and ashtanga to hatha, yin and restorative, with pranayama and meditation alongside sound healing and kundalini. The studio also runs 200- and 300-hour teacher trainings.",replace,34-word sentence with two long lists split; drop-in tiers (tourist visa / KITAS / Indonesian ID) moved to best_for; no fact dropped,wave-db 2026-10-05: style rewrite of the record's own text (rung 2); facts not re-verified,ДА
W-adda-yoga-best_for,db,adda-yoga,best_for,Walk-in yoga in Canggu with KITAS and local pricing; sound and kundalini sessions,"A walk-in class, with drop-in rates tiered by tourist visa, KITAS or Indonesian ID",replace,rate tiers moved here from why_its_here and stated plainly ('KITAS and local pricing' = the KITAS and Indonesian-ID tiers); 'sound and kundalini sessions' kept in why_its_here,wave-db 2026-10-05: style rewrite of the record's own text (rung 2); facts not re-verified,ДА
W-adda-yoga-not_for,db,adda-yoga,not_for,No online booking or payment - register and pay at the counter,Booking or paying online: you register and pay at the counter,replace,"'No online booking or payment - ...' turned into who it does not suit, reason after a colon; spaced hyphen removed",wave-db 2026-10-05: style rewrite of the record's own text (rung 2); facts not re-verified,ДА
W-amo-spa-canggu-canggu-why_its_here,db,amo-spa-canggu-canggu,why_its_here,"A Batu Bolong wellness spot pairing traditional Balinese spa treatments with AMO Baths -- a self-guided sauna, ice-bath and mineral-soak recovery circuit -- plus clinical facials and a cold-pressed juice cafe, running since 2008.","A Batu Bolong wellness spa, open since 2008, that pairs traditional Balinese treatments with AMO Baths. The baths are a self-guided recovery circuit: sauna, ice bath and mineral soak. There are clinical facials too, and a cold-pressed juice cafe.",replace,one 36-word sentence with two double-hyphen asides split into three; 'spot' -> 'spa'; no fact dropped,wave-db 2026-10-05: style rewrite of the record's own text (rung 2); facts not re-verified,ДА
W-amo-spa-canggu-canggu-best_for,db,amo-spa-canggu-canggu,best_for,"A slow, personalized massage or facial, or the hot-cold AMO Baths circuit.","A slow, personalized massage or facial, or the hot-cold AMO Baths circuit",replace,trailing full stop removed,wave-db 2026-10-05: style rewrite of the record's own text (rung 2); facts not re-verified,ДА
W-ashe-grill-and-bar-why_its_here,db,ashe-grill-and-bar,why_its_here,"A wood-fired grill and bar on Jl. Pantai Pererenan, open evenings only. The venue describes a kitchen built around live fire, with cooking drawn from Global South traditions, and takes its name from a Yoruba concept meaning life force. It opened in December 2025.","Ashe runs a wood-fired grill and bar on Jl. Pantai Pererenan, open evenings only. It opened in December 2025 with a kitchen built, by its own account, around live fire and Global South cooking traditions. The name is a Yoruba concept meaning life force.",replace,"27-word middle sentence split; 'The venue describes' kept as 'by its own account'; no fact dropped; opening re-ordered to break the '<Name> is a' run (wave-db opener pass, 2026-10-06), same words and facts",wave-db 2026-10-05: style rewrite of the record's own text (rung 2); facts not re-verified,ДА
W-ashe-grill-and-bar-best_for,db,ashe-grill-and-bar,best_for,Wood-fired grill cooking at a late dinner on the Pererenan beach road,Late dinners of wood-fired grill cooking on the Pererenan beach road,replace,"reordered to start with the moment (the dinner), not the food; head re-shaped to break a run of three 'A …' best_for neighbours (wave-db opener pass, 2026-10-06), same words and facts",wave-db 2026-10-05: style rewrite of the record's own text (rung 2); facts not re-verified,ДА
W-ashe-grill-and-bar-not_for,db,ashe-grill-and-bar,not_for,Dinner only; kitchen opens 5pm,"Lunch: it serves dinner only, and the kitchen opens at 5pm",replace,"'Dinner only; kitchen opens 5pm' stated as who it does not suit, with the reason attached",wave-db 2026-10-05: style rewrite of the record's own text (rung 2); facts not re-verified,ДА
W-aunty-ji-s-why_its_here,db,aunty-ji-s,why_its_here,"A Mumbai-inspired Indian kitchen on Batu Bolong, built around family aunty recipes -- curries, biryani, naan and street food like vada pav -- open to midnight with GoFood/GrabFood delivery.","Aunty Ji's, a Mumbai-inspired Indian kitchen on Batu Bolong, cooks from family aunty recipes. Expect curries, biryani, naan and street food such as vada pav. It stays open to midnight and delivers through GoFood and GrabFood.",replace,one 31-word sentence with two double-hyphen asides split into three; no fact dropped,wave-db 2026-10-05: style rewrite of the record's own text (rung 2); facts not re-verified,ДА
W-aunty-ji-s-best_for,db,aunty-ji-s,best_for,"Indian comfort food — curries, biryani, vada pav — plus weekend brunch.","A craving for Indian comfort food, from curries and biryani to vada pav, or a weekend brunch",replace,two em dashes removed; starts with the moment; trailing full stop removed,wave-db 2026-10-05: style rewrite of the record's own text (rung 2); facts not re-verified,ДА
W-aunty-ji-s-not_for,db,aunty-ji-s,not_for,A quiet meal — casual room built around sharing plates.,A quiet meal. The room is casual and built around sharing plates,replace,verbless reason after the dash made a full sentence; joint varied (full stop),wave-db 2026-10-05: style rewrite of the record's own text (rung 2); facts not re-verified,ДА
W-baked-berawa-why_its_here,db,baked-berawa,why_its_here,"An artisanal bakehouse and specialty-coffee cafe on Jl. Raya Semat in Berawa (Tibubeneng), one of several BAKED. outlets in Bali. The brand's own site describes the offer as gourmet breads, laminated pastries and specialty coffee across breakfast, brunch and lunch.","One of several BAKED. bakehouses in Bali, this one on Jl. Raya Semat in Berawa (Tibubeneng) pairs artisanal baking with specialty coffee. The brand's site lists gourmet breads and laminated pastries for breakfast, brunch and lunch.",replace,'specialty coffee' said once instead of twice; 'describes the offer as' -> 'lists'; one list instead of two; no fact dropped,wave-db 2026-10-05: style rewrite of the record's own text (rung 2); facts not re-verified,ДА
W-baked-berawa-best_for,db,baked-berawa,best_for,"Brunch, coffee and pastries, and morning meet-ups.","A morning meet-up over brunch, coffee and pastries",replace,"'Brunch, coffee and pastries, and morning meet-ups.' reordered to start with the moment; trailing full stop removed",wave-db 2026-10-05: style rewrite of the record's own text (rung 2); facts not re-verified,ДА
W-baked-berawa-not_for,db,baked-berawa,not_for,"Closes 7pm — daytime only, not a dinner spot.","Dinner, because it closes at 7pm",replace,"'daytime only, not a dinner spot' folded into the closing time; dash replaced by 'because'; 'only' dropped (the 7pm close says it)",wave-db 2026-10-05: style rewrite of the record's own text (rung 2); facts not re-verified,ДА
W-baked-pererenan-why_its_here,db,baked-pererenan,why_its_here,"The Pererenan outpost of BAKED., an artisanal bakehouse and specialty-coffee brand with several Bali locations, on Jl. Pantai Pererenan. The brand's own site describes the offer as gourmet breads, laminated pastries and specialty coffee across breakfast, brunch and lunch.","The Pererenan branch of BAKED., an artisanal bakehouse and specialty-coffee brand with several locations around Bali. It is on Jl. Pantai Pererenan, and its website describes gourmet breads and laminated pastries from breakfast through brunch to lunch.",replace,street moved out of the opening sentence; repeated 'specialty coffee' said once; list of three meals written as a range; no fact dropped,wave-db 2026-10-05: style rewrite of the record's own text (rung 2); facts not re-verified,ДА
W-baked-pererenan-best_for,db,baked-pererenan,best_for,Morning brunch and a pastry-and-coffee stop on the Pererenan beach road.,"Morning brunch, or a pastry-and-coffee stop on the Pererenan beach road",replace,"trailing full stop removed; 'and' -> 'or'; head re-shaped to break a run of three 'A …' best_for neighbours (wave-db opener pass, 2026-10-06), same words and facts",wave-db 2026-10-05: style rewrite of the record's own text (rung 2); facts not re-verified,ДА
W-bali-barber-canggu-why_its_here,db,bali-barber-canggu,why_its_here,"The Canggu outpost of the Bali Barber chain, doing scissor cuts, clipper fades, beard work and classic hot-towel shaves for men in a relaxed setting.","The Canggu branch of the Bali Barber chain, a barber for men. It does scissor cuts, clipper fades, beard work and classic hot-towel shaves.",replace,"dropped 'in a relaxed setting' (impression, no fact); one sentence split into two",wave-db 2026-10-05: style rewrite of the record's own text (rung 2); facts not re-verified,ДА
W-bali-barber-canggu-best_for,db,bali-barber-canggu,best_for,"Men wanting a reliable, walk-in barber in central Canggu.","Men after a walk-in cut, fade or shave in central Canggu",replace,"dropped 'reliable' (soft word, no evidence); 'Men wanting a ... barber' -> 'Men after a ... cut, fade or shave'; trailing full stop removed",wave-db 2026-10-05: style rewrite of the record's own text (rung 2); facts not re-verified,ДА
W-bali-buda-canggu-why_its_here,db,bali-buda-canggu,why_its_here,"The Canggu branch of Bali Buda, an organic wholefoods cafe and shop that its own site calls Bali's original source for eating well and living simply, operating on the island for over 25 years. The menu runs wholefood breakfasts, bowls, salads, mains, bakery items, juices and smoothies, with vegan, gluten-free and paleo options marked.","Bali Buda has been on the island for over 25 years; its Canggu branch is an organic wholefoods cafe and shop. The menu covers breakfasts, bowls, salads and mains, plus bakery items and a list of juices and smoothies.",replace,"dropped the site's slogan 'Bali's original source for eating well and living simply' (self-description, unverifiable 'original' claim); vegan / gluten-free / paleo marking moved to best_for so this field carries one list; opening re-ordered to break the '<Name> is a' run (wave-db opener pass, 2026-10-06), same words and facts",wave-db 2026-10-05: style rewrite of the record's own text (rung 2); facts not re-verified,ДА
W-bali-buda-canggu-best_for,db,bali-buda-canggu,best_for,Wholefoods brunch or lunch with an organic shop to raid on the way out.,"A wholefoods brunch or lunch with vegan, gluten-free and paleo options marked, then a raid on the organic shop",replace,dietary marking moved here from why_its_here; trailing full stop removed,wave-db 2026-10-05: style rewrite of the record's own text (rung 2); facts not re-verified,ДА
W-bali-mma-canggu-why_its_here,db,bali-mma-canggu,why_its_here,"Bali MMA is a dedicated combat-sports gym on Jalan Raya Padonan in Canggu, with boxing, Muay Thai, BJJ, no-gi grappling and MMA sparring across daily sessions (Mon-Fri 6am-10pm, Sat-Sun 7am-6pm), plus a weight room, ice bath and sauna. Open to all levels, with kids classes too.","On Jalan Raya Padonan, Bali MMA runs a combat-sports gym for all levels, kids classes included. Boxing, Muay Thai, BJJ, no-gi grappling and MMA sparring run daily: 6am-10pm on weekdays, 7am-6pm at weekends. There's a weight room, an ice bath and a sauna.",replace,"dropped 'dedicated' (label) and 'in Canggu' (district shown on the page); 36-word sentence split; hours bracket written out; facilities list no longer a second 'X, Y and Z'; opening re-ordered to break the '<Name> is a' run (wave-db opener pass, 2026-10-06), same words and facts",wave-db 2026-10-05: style rewrite of the record's own text (rung 2); facts not re-verified,ДА
W-bali-mma-canggu-best_for,db,bali-mma-canggu,best_for,"Boxing, Muay Thai, BJJ and MMA sparring in Padonan — day passes from 240K.","A fight-training session at any level on a day pass, from 240K",replace,disciplines list left to why_its_here; 'open to all levels' moved here; em dash and trailing full stop removed,wave-db 2026-10-05: style rewrite of the record's own text (rung 2); facts not re-verified,ДА
W-bar-vera-bistro-and-wine-bar-why_its_here,db,bar-vera-bistro-and-wine-bar,why_its_here,"A 65-seat European bistro and wine bar on Jl. Pantai Pererenan, drawing on the new generation of European wine bars with classic technique and produce-driven food. The wine list is European-focused, with a separate cocktail and aperitif card and a lunch menu that runs to breakfast plates and coffee. Bookings go through the venue's own site via SevenRooms.","A 65-seat European bistro and wine bar on Jl. Pantai Pererenan, cooking produce-driven food with classic technique. The wine list is European-focused, cocktails and aperitifs have their own card, and lunch runs to breakfast plates and coffee. Bookings go through SevenRooms on the venue's site.",replace,"dropped 'drawing on the new generation of European wine bars' (self-positioning, no checkable fact); 26-word sentence split; no other fact dropped",wave-db 2026-10-05: style rewrite of the record's own text (rung 2); facts not re-verified,ДА
W-bar-vera-bistro-and-wine-bar-best_for,db,bar-vera-bistro-and-wine-bar,best_for,A relaxed date night or late dinner built around European wine and bistro plates.,European wine and bistro plates over a date night or late dinner,replace,"dropped 'relaxed' (impression, no fact); trailing full stop removed; head re-shaped to break a run of three 'A …' best_for neighbours (wave-db opener pass, 2026-10-06), same words and facts",wave-db 2026-10-05: style rewrite of the record's own text (rung 2); facts not re-verified,ДА
W-beach-boy-canggu-why_its_here,db,beach-boy-canggu,why_its_here,"A restaurant and cocktail bar on Jl. Munduk Catu seating up to 132 across five indoor and outdoor areas, including a rooftop. The kitchen runs steaks, seafood and pasta alongside a long cocktail, mocktail and vegan list. Live acoustic sessions run on Saturdays, and happy hour is 4-7pm daily, buy two get one free on cocktails.","A restaurant and cocktail bar on Jl. Munduk Catu seating up to 132 across five indoor and outdoor areas, rooftop included. The kitchen does steaks, seafood and pasta, with a vegan list; the cocktail and mocktail list is long. Happy hour (4-7pm daily): buy two cocktails, get one free.",replace,"two 'X, Y and Z' lists reduced to one; 'a long cocktail, mocktail and vegan list' kept as the long cocktail and mocktail list with vegan options; Saturday acoustic sessions left to best_for",wave-db 2026-10-05: style rewrite of the record's own text (rung 2); facts not re-verified,ДА
W-beach-boy-canggu-best_for,db,beach-boy-canggu,best_for,"Date-night and group dinners, birthdays and events; Saturday live acoustic sessions.","A date night, a group dinner or a birthday, with live acoustic sessions on Saturdays",replace,dropped 'events' (no detail behind it); semicolon join removed; trailing full stop removed,wave-db 2026-10-05: style rewrite of the record's own text (rung 2); facts not re-verified,ДА
W-beach-boy-canggu-not_for,db,beach-boy-canggu,not_for,A quiet solo laptop session or a fast grab-and-go lunch.,A quiet solo laptop session or a fast grab-and-go lunch: the restaurant seats up to 132 across five areas,replace,reason attached from the record's own capacity figure,wave-db 2026-10-05: style rewrite of the record's own text (rung 2); facts not re-verified,ДА
W-beachtown-grocer-why_its_here,db,beachtown-grocer,why_its_here,"Beachtown Grocer is a New York deli-style café and grocery counter inside Secana Beachtown in Berawa, open 6am-11pm with a rotating 99K daily special, indoor and alfresco seating, and grab-and-go breakfast and grocery items.","Beachtown Grocer is a New York deli-style café and grocery counter inside Secana Beachtown in Berawa, open 6am to 11pm. The daily special rotates and costs 99K. Sit indoors or alfresco, or take breakfast and groceries to go.",replace,one 36-word sentence split into three; no fact dropped,wave-db 2026-10-05: style rewrite of the record's own text (rung 2); facts not re-verified,ДА
W-beachtown-grocer-best_for,db,beachtown-grocer,best_for,"A 99K daily-special menu, deli breakfasts, and a grab-and-go grocery counter in Berawa.","A deli breakfast or the 99K daily special, with groceries to grab on the way out",replace,starts with the moment; three-part list cut to one clause; trailing full stop removed,wave-db 2026-10-05: style rewrite of the record's own text (rung 2); facts not re-verified,ДА
W-billy-ho-japanese-restaurant-why_its_here,db,billy-ho-japanese-restaurant,why_its_here,"A modern Japanese kitchen and cocktail bar on Batu Bolong -- yakitori, sushi and shareable plates through a long lunch-to-dinner run, with weekend DJs and hand-carved ice for the cocktail list.","Billy Ho pairs a modern Japanese kitchen with a cocktail bar on Batu Bolong, open through a long run from lunch to dinner. Yakitori, sushi and shareable plates make up the menu, the cocktails get hand-carved ice, and DJs play at weekends.",replace,one 30-word sentence with double-hyphen aside split into two; no fact dropped,wave-db 2026-10-05: style rewrite of the record's own text (rung 2); facts not re-verified,ДА
W-billy-ho-japanese-restaurant-best_for,db,billy-ho-japanese-restaurant,best_for,Modern Japanese small plates and cocktails for a long lunch into dinner.,Japanese small plates and cocktails over a long lunch that rolls into dinner,replace,"starts with the moment; trailing full stop removed; 'modern' left to why_its_here; head re-shaped to break a run of three 'A …' best_for neighbours (wave-db opener pass, 2026-10-06), same words and facts",wave-db 2026-10-05: style rewrite of the record's own text (rung 2); facts not re-verified,ДА
W-body-factory-bali-canggu-why_its_here,db,body-factory-bali-canggu,why_its_here,"A large gym at Jl. Nelayan No.27 in Canggu, open 6am-10pm daily, with 50+ classes covering HYROX, strength, boxing, mat pilates, mobility and yoga. A recovery area adds hot tub, sauna, ice bath, cold plunge and pool. Membership runs in four-week blocks, with 1, 3, 7 and 14-day passes also sold.","At Jl. Nelayan No.27, Body Factory's large gym opens 6am-10pm daily. More than 50 classes cover HYROX, strength, boxing, mat pilates, mobility and yoga. Recovery runs from hot tub and sauna to ice bath and cold plunge, with a pool too.",replace,"three 'X, Y and Z' lists reduced to one; pass lengths and four-week membership moved to best_for; dropped 'in Canggu' (district shown on the page); opening re-ordered to break the '<Name> is a' run (wave-db opener pass, 2026-10-06), same words and facts",wave-db 2026-10-05: style rewrite of the record's own text (rung 2); facts not re-verified,ДА
W-body-factory-bali-canggu-best_for,db,body-factory-bali-canggu,best_for,"A full gym plus HYROX classes and ice-bath, sauna and pool recovery in one visit.","A gym or HYROX session on a 1, 3, 7 or 14-day pass or a four-week membership",replace,pass lengths and membership blocks moved here from why_its_here; ice bath / sauna / pool list left to why_its_here; trailing full stop removed,wave-db 2026-10-05: style rewrite of the record's own text (rung 2); facts not re-verified,ДА
W-body-factory-bali-canggu-not_for,db,body-factory-bali-canggu,not_for,"Recovery (ice bath, sauna) is a separate pass tier from gym access.","A gym-only pass if you want the ice bath and sauna, because recovery is a separate tier",replace,"bracketed fact turned into who it does not suit, reason joined with 'because'",wave-db 2026-10-05: style rewrite of the record's own text (rung 2); facts not re-verified,ДА
W-body-factory-bali-recovery-canggu-why_its_here,db,body-factory-bali-recovery-canggu,why_its_here,"The recovery wing of Body Factory in Nelayan — ice baths, sauna and bodywork aimed at post-training recovery, open 6am–10pm.","The recovery wing of Body Factory in Nelayan, open 6am to 10pm. Ice baths, sauna and bodywork here are aimed at recovery after training.",replace,em dash removed; one sentence split into two; no fact dropped,wave-db 2026-10-05: style rewrite of the record's own text (rung 2); facts not re-verified,ДА
W-body-factory-bali-recovery-canggu-best_for,db,body-factory-bali-recovery-canggu,best_for,Active travellers who want cold plunge and sauna recovery rather than a traditional spa.,"After training, when you want cold plunge and sauna rather than a traditional spa",replace,'Active travellers who want' opener replaced by the moment; trailing full stop removed,wave-db 2026-10-05: style rewrite of the record's own text (rung 2); facts not re-verified,ДА
W-bonito-restaurant-why_its_here,db,bonito-restaurant,why_its_here,"A rooftop seafood-and-Mediterranean kitchen atop the Kleo Hotel in Kerobokan Kelod, from the team behind MAURI Seminyak -- handmade pasta, daily fresh seafood, and a Thursday all-you-can-eat oyster-and-pasta night.","Bonito is a seafood and Mediterranean kitchen on the roof of the Kleo Hotel in Kerobokan Kelod, run by the team behind MAURI Seminyak. Pasta is handmade and seafood comes in fresh daily. Thursday is an all-you-can-eat oyster-and-pasta night.",replace,one 31-word sentence with a double-hyphen aside split into three; no fact dropped,wave-db 2026-10-05: style rewrite of the record's own text (rung 2); facts not re-verified,ДА
W-bonito-restaurant-best_for,db,bonito-restaurant,best_for,"A rooftop dinner over Mediterranean seafood and pasta, shared or tasting-menu style.","A rooftop dinner of Mediterranean seafood and pasta, shared or as a tasting menu",replace,trailing full stop removed; 'tasting-menu style' -> 'as a tasting menu',wave-db 2026-10-05: style rewrite of the record's own text (rung 2); facts not re-verified,ДА
W-bonito-restaurant-not_for,db,bonito-restaurant,not_for,"Lunch — current hours are dinner-only, Monday to Saturday.",,null,"2026-10-08 founder rule 1: removed ""Lunch — current hours are dinner-only, Monday to Saturday."" (visible hours open at 12:00; the whole field rests on the dinner-only claim, so nothing is left and the field is cleared); the field had no row in this list, the live text is the before",founder decision 2026-10-08,ДА
W-bottega-italiana-why_its_here,db,bottega-italiana,why_its_here,"Gourmet Italian home-cooking from the Zibiru group (running since 2015), making its own fresh pasta, bread, cheese and desserts. The Berawa location (""Origano"") on Jl. Pantai Berawa runs all day.","Gourmet Italian home-cooking from the Zibiru group (running since 2015), making its own fresh pasta, bread, cheese and desserts.",replace,"2026-10-08 founder rule 1: removed sentence ""The Berawa location (""Origano"") on Jl. Pantai Berawa runs all day."" (visible hours are Mo-Fr 11:00-13:00; without its predicate the sentence has no claim left); the field had no row in this list, the live text is the before",founder decision 2026-10-08,ДА
W-bottega-italiana-best_for,db,bottega-italiana,best_for,"Relaxed all-day Italian for families and groups sharing pasta, or a casual dinner.",Families and groups sharing pasta,replace,"dropped 'Relaxed' (impression, no fact); 'all-day Italian' -> 'through the day'; trailing full stop removed | 2026-10-08 founder rule 1: removed ""through the day, or a casual dinner"" (visible hours are Mo-Fr 11:00-13:00)",wave-db 2026-10-05: style rewrite of the record's own text (rung 2); facts not re-verified,ДА
W-bottega-italiana-not_for,db,bottega-italiana,not_for,"Breakfast — the kitchen opens at 11am, last order 11:30pm.",Breakfast — the kitchen opens at 11am.,replace,"2026-10-08 founder rule 1: removed "", last order 11:30pm"" (visible hours close at 13:00); the field had no row in this list, the live text is the before",founder decision 2026-10-08,ДА
W-brother-gym-why_its_here,db,brother-gym,why_its_here,"A weights and machines gym at Jl. Raya Babakan No.14 in Canggu, open 6.30am-10pm daily, selling day passes as well as weekly, monthly and annual memberships. Personal training is sold by the session or in packs. An in-house counter serves juices, protein shakes, coffee and supplements by the scoop.","Weights and machines fill Brother Gym at Jl. Raya Babakan No.14, open 6.30am-10pm daily. Day passes are sold, and so are weekly, monthly and annual memberships. Its counter adds protein shakes and scoops of supplements to the juice and coffee.",replace,"two 'X, Y and Z' lists reduced to one; personal training moved to best_for; dropped 'in Canggu' (district shown on the page); opening re-ordered to break the '<Name> is a' run (wave-db opener pass, 2026-10-06), same words and facts",wave-db 2026-10-05: style rewrite of the record's own text (rung 2); facts not re-verified,ДА
W-brother-gym-best_for,db,brother-gym,best_for,A low-cost weights gym with day passes and an in-house juice and coffee bar.,"A low-cost weights session on a day pass, with personal training by the session or in packs",replace,personal training moved here from why_its_here; juice and coffee bar left to why_its_here; trailing full stop removed,wave-db 2026-10-05: style rewrite of the record's own text (rung 2); facts not re-verified,ДА
W-brother-gym-not_for,db,brother-gym,not_for,First visit adds a one-off 30K admin fee; locker key needs a 50K deposit.,"Paying for the day pass and nothing else: a first visit adds a one-off 30K admin fee, and the locker key needs a 50K deposit",replace,"two fees stated as who they catch out, reason after a colon",wave-db 2026-10-05: style rewrite of the record's own text (rung 2); facts not re-verified,ДА
W-brunch-club-pererenan-why_its_here,db,brunch-club-pererenan,why_its_here,"An all-day, family-friendly cafe on Jl. Pantai Pererenan serving brunch, lunch and cocktails. It is the Pererenan branch of Brunch Club Bali, which also runs a Legian site and a Berawa site the group lists as reopening mid-2026. The signature is a stacked pancake the group calls Porncakes, sold in 14 flavours as a two- or three-stack.","Brunch Club Bali's Pererenan branch on Jl. Pantai Pererenan does brunch, lunch and cocktails all day. The group also has a Legian site. The house dish is Porncakes, a stacked pancake sold as a two- or three-stack in 14 flavours.",replace,"'signature' -> 'house dish' (soft word); 'family-friendly' moved to best_for; Legian and Berawa sites kept in a shorter sentence; no fact dropped | 2026-10-08 founder rule 1: removed ""and lists Berawa as reopening mid-2026"" (dated claim already passed on 2026-10-08)",wave-db 2026-10-05: style rewrite of the record's own text (rung 2); facts not re-verified,ДА
W-brunch-club-pererenan-best_for,db,brunch-club-pererenan,best_for,All-day brunch with friends or family; big sweet and savoury plates plus cocktails,"Friends or family over an all-day brunch of big sweet and savoury plates, with cocktails",replace,'family-friendly' from why_its_here carried by 'family'; semicolon join removed; starts with the people,wave-db 2026-10-05: style rewrite of the record's own text (rung 2); facts not re-verified,ДА
W-brunch-club-pererenan-not_for,db,brunch-club-pererenan,not_for,Brunch and lunch only; no dinner service listed,Dinner: brunch and lunch are the only services listed,replace,"two fragments joined by a semicolon rewritten as who it does not suit, reason after a colon",wave-db 2026-10-05: style rewrite of the record's own text (rung 2); facts not re-verified,ДА
W-cafe-del-mar-bali-why_its_here,db,cafe-del-mar-bali,why_its_here,"The Bali site of the Café del Mar brand, a beachfront club on Jl. Subak Sari in Tibubeneng with an infinity pool, DJ sets and events. Its kitchen describes itself as premium casual dining drawn from the cuisines of the Mediterranean Basin, alongside signature desserts and cocktails. Open daily 11:00-20:00.","Café del Mar's Bali site, a beachfront club on Jl. Subak Sari in Tibubeneng, has an infinity pool, DJ sets and events. The kitchen calls itself premium casual dining from the Mediterranean Basin. Its desserts and cocktails are house creations. Open daily, 11:00 to 20:00.",replace,"'signature' -> 'house' (soft word); 'drawn from the cuisines of' shortened to 'from'; two lists reduced to one; no fact dropped; opening re-ordered to break the '<Name> is a' run (wave-db opener pass, 2026-10-06), same words and facts",wave-db 2026-10-05: style rewrite of the record's own text (rung 2); facts not re-verified,ДА
W-cafe-del-mar-bali-best_for,db,cafe-del-mar-bali,best_for,Sunset drinks and a pool day with an Ibiza-style atmosphere; groups after the beach,"Sunset drinks or a pool day, Ibiza-style, with a group after the beach",replace,"'atmosphere' (stock word) dropped, 'Ibiza-style' kept; semicolon join removed",wave-db 2026-10-05: style rewrite of the record's own text (rung 2); facts not re-verified,ДА
W-cafe-del-mar-bali-not_for,db,cafe-del-mar-bali,not_for,Closes 8pm daily; not a late-night venue,"A late night out, because it closes at 8pm daily",replace,two fragments rewritten as one clause with the reason joined by 'because',wave-db 2026-10-05: style rewrite of the record's own text (rung 2); facts not re-verified,ДА
W-canggu-club-tennis-centre-why_its_here,db,canggu-club-tennis-centre,why_its_here,"Tennis centre at FINNS Recreation Club on Jl. Pantai Berawa, formerly the Canggu Club. Three indoor floodlit courts with a Flexipave surface, a pro shop, cafe and bar. Coaches, hitting partners and ball boys are on hand. Day passes and memberships are both open to the public.","The tennis centre of FINNS Recreation Club, formerly the Canggu Club, on Jl. Pantai Berawa. It has three indoor floodlit courts on a Flexipave surface, plus a pro shop, cafe and bar. Coaches and hitting partners are on hand, ball boys too.",replace,"two 'X, Y and Z' lists reduced to one; public day passes and memberships moved to best_for; verbless second sentence given a verb",wave-db 2026-10-05: style rewrite of the record's own text (rung 2); facts not re-verified,ДА
W-canggu-club-tennis-centre-best_for,db,canggu-club-tennis-centre,best_for,Tennis out of the sun on a floodlit court,"Tennis out of the sun on a floodlit court, on a day pass or a membership open to the public",replace,'Day passes and memberships are both open to the public' moved here from why_its_here,wave-db 2026-10-05: style rewrite of the record's own text (rung 2); facts not re-verified,ДА
W-canggu-yoga-centre-canggu-why_its_here,db,canggu-yoga-centre-canggu,why_its_here,"A yoga studio in Pererenan running Ashtanga, hot yoga and hot-pilates-style HIIT from early morning, with showers, a cafe and gear on-site. The published timetable shifts, so confirm the day's classes before turning up.","From early morning, Canggu Yoga Centre teaches Ashtanga, hot yoga and hot-pilates-style HIIT at its Pererenan studio. Showers and a cafe are on site, as is gear. The published timetable shifts, so check the day's classes before you go.",replace,"second list ('showers, a cafe and gear') no longer an 'X, Y and Z'; 'confirm' -> 'check'; no fact dropped; opening re-ordered to break the '<Name> is a' run (wave-db opener pass, 2026-10-06), same words and facts",wave-db 2026-10-05: style rewrite of the record's own text (rung 2); facts not re-verified,ДА
W-canggu-yoga-centre-canggu-best_for,db,canggu-yoga-centre-canggu,best_for,"An accessible morning practice — Ashtanga, hot yoga or hot pilates — in Pererenan.","An accessible morning practice in Pererenan: Ashtanga, hot yoga or hot pilates",replace,two em dashes replaced by a colon; trailing full stop removed,wave-db 2026-10-05: style rewrite of the record's own text (rung 2); facts not re-verified,ДА
W-canggu-yoga-centre-canggu-not_for,db,canggu-yoga-centre-canggu,not_for,A fixed weekly timetable — confirm the day’s classes before going.,A fixed weekly routine: the published timetable shifts,replace,dash replaced by a colon; 'confirm the day's classes' left to why_its_here,wave-db 2026-10-05: style rewrite of the record's own text (rung 2); facts not re-verified,ДА
W-chow-chow-bali-why_its_here,db,chow-chow-bali,why_its_here,"Chow Chow Bali is a contemporary Asian-fusion restaurant in Batu Bolong — sushi rolls, bao buns, slow-cooked pork ribs, and poke bowls, open daily from late morning to midnight with cocktails and a kids menu.","Chow Chow Bali is a contemporary Asian-fusion restaurant in Batu Bolong, open daily from late morning to midnight. The menu runs to sushi rolls, bao buns, slow-cooked pork ribs and poke bowls. Cocktails and a kids menu round it out.",replace,em dash removed; one 35-word sentence split into three; no fact dropped,wave-db 2026-10-05: style rewrite of the record's own text (rung 2); facts not re-verified,ДА
W-chow-chow-bali-best_for,db,chow-chow-bali,best_for,"Asian-fusion sushi, bao, and poke bowls in Batu Bolong, lunch to late night.","From lunch to late night: Asian-fusion sushi, bao and poke bowls in Batu Bolong",replace,starts with the moment; trailing full stop removed,wave-db 2026-10-05: style rewrite of the record's own text (rung 2); facts not re-verified,ДА
W-como-beach-club-canggu-why_its_here,db,como-beach-club-canggu,why_its_here,"The beach club and restaurant at COMO Uma Canggu, on the sand at Batu Mejan, running breakfast through to a 10pm dinner close with live music and DJ sets. It works from separate menus for the main kitchen, a seafood BBQ, the COMO Shambhala Kitchen and a Sunday family-style brunch billed at 680K per person.","The beach club and restaurant at COMO Uma Canggu, on the sand at Batu Mejan. It runs from breakfast to a 10pm dinner close with live music and DJ sets. Separate menus cover the main kitchen, a seafood BBQ and the COMO Shambhala Kitchen.",replace,one 31-word sentence split; Sunday family-style brunch at 680K per person moved to best_for; no fact dropped,wave-db 2026-10-05: style rewrite of the record's own text (rung 2); facts not re-verified,ДА
W-como-beach-club-canggu-best_for,db,como-beach-club-canggu,best_for,A polished sunset dinner or special occasion by the ocean; a leisurely Sunday brunch,"A polished sunset dinner or special occasion by the ocean, or a leisurely family-style Sunday brunch at 680K per person",replace,Sunday brunch price moved here from why_its_here; semicolon join removed,wave-db 2026-10-05: style rewrite of the record's own text (rung 2); facts not re-verified,ДА
W-como-beach-club-canggu-not_for,db,como-beach-club-canggu,not_for,Reservations required for non-staying guests,"Walking in unbooked, because guests not staying at COMO Uma Canggu need a reservation",replace,"'Reservations required for non-staying guests' stated as who it does not suit, reason joined with 'because'",wave-db 2026-10-05: style rewrite of the record's own text (rung 2); facts not re-verified,ДА
W-como-uma-canggu-wellness-spa-canggu-why_its_here,db,como-uma-canggu-wellness-spa-canggu,why_its_here,"The COMO Shambhala Retreat at COMO Uma Canggu, the resort's spa and wellness floor near Echo Beach, open 10am to 7pm. The treatment menu runs massages and body therapies alongside Sundari and Guinot facial lines, nail care, and privately booked yoga, Pilates, meditation and breathwork sessions.","Near Echo Beach, COMO Uma Canggu keeps its spa and wellness floor, the COMO Shambhala Retreat, open 10am to 7pm. Massages and body therapies share the menu with Sundari and Guinot facials and nail care. Yoga, Pilates, meditation and breathwork are booked as private sessions.",replace,"two 'X, Y and Z' lists reduced to one; 'facial lines' -> 'facials'; 'the resort's' dropped (COMO Uma Canggu named); no fact dropped; opening re-ordered to break the '<Name> is a' run (wave-db opener pass, 2026-10-06), same words and facts",wave-db 2026-10-05: style rewrite of the record's own text (rung 2); facts not re-verified,ДА
W-como-uma-canggu-wellness-spa-canggu-best_for,db,como-uma-canggu-wellness-spa-canggu,best_for,"75-90 minute resort massages, Guinot and Sundari facials, private yoga and Pilates","A 75-90 minute massage or a facial at a resort spa, or a private yoga or Pilates session",replace,two lists reduced to one; Guinot and Sundari left to why_its_here,wave-db 2026-10-05: style rewrite of the record's own text (rung 2); facts not re-verified,ДА
W-como-uma-canggu-wellness-spa-canggu-not_for,db,como-uma-canggu-wellness-spa-canggu,not_for,Appointment-based; open 10am-7pm only,A treatment before 10am or after 7pm: it runs by appointment within those hours,replace,two fragments stated as who it does not suit; 'only' dropped (the hours say it),wave-db 2026-10-05: style rewrite of the record's own text (rung 2); facts not re-verified,ДА
W-copenhagen-cafe-berawa-why_its_here,db,copenhagen-cafe-berawa,why_its_here,"A Nordic-inspired cafe and bakery built around a build-your-own feast - a board of small dishes ticked off a menu card - alongside smørrebrød, lunch bowls and house-baked pastries. Berawa is one of two cafe sites; the group also runs bakeries at Padonan, Pererenan and Seseh. Feast service runs 6am-6pm, with Berawa lunch from 12pm.","A Nordic-inspired cafe and bakery in Berawa, built around a build-your-own feast: small dishes ticked off a menu card and served on a board. Smørrebrød, lunch bowls and house-baked pastries fill out the menu. Feasts run 6am-6pm, and lunch starts at 12pm.",replace,"dropped 'Berawa is one of two cafe sites' and 'the group also runs bakeries at Padonan, Pererenan and Seseh' (other sites, not this venue); hyphen asides removed; two lists reduced to one",wave-db 2026-10-05: style rewrite of the record's own text (rung 2); facts not re-verified,ДА
W-copenhagen-cafe-berawa-best_for,db,copenhagen-cafe-berawa,best_for,Daytime brunch and coffee; build-your-own Nordic breakfast boards from 6am,"Build-your-own Nordic breakfast boards from 6am, or daytime brunch and coffee",replace,"starts with the moment; semicolon join removed; head re-shaped to break a run of three 'A …' best_for neighbours (wave-db opener pass, 2026-10-06), same words and facts",wave-db 2026-10-05: style rewrite of the record's own text (rung 2); facts not re-verified,ДА
W-copenhagen-cafe-berawa-not_for,db,copenhagen-cafe-berawa,not_for,"Laptop-free cafe; food service ends 6pm, no dinner",Laptop work or dinner: the cafe is laptop-free and food stops at 6pm,replace,two fragments rewritten as one clause with the reason after a colon,wave-db 2026-10-05: style rewrite of the record's own text (rung 2); facts not re-verified,ДА
W-crate-cafe-why_its_here,db,crate-cafe,why_its_here,"A high-energy, industrial-style all-day breakfast institution on Jl. Batu Bolong, known for big smoothie bowls and a rotating menu chalked on the wall behind the counter.","An industrial-style all-day breakfast place on Jl. Batu Bolong. The smoothie bowls are big, and the menu rotates, chalked on the wall behind the counter.",replace,dropped 'institution' (evaluation) and 'known for' (popularity frame); 'high-energy' relocated to not_for as fit context,wave-db 2026-10-05: style rewrite of the record's own text (rung 2); facts not re-verified,ДА
W-crate-cafe-best_for,db,crate-cafe,best_for,"A loud, affordable all-day brunch on Batu Bolong, busiest straight after a surf.","An affordable all-day brunch on Batu Bolong, straight after a surf",replace,'loud' and 'busiest' relocated to not_for (they describe who it does not suit); trailing full stop removed,wave-db 2026-10-05: style rewrite of the record's own text (rung 2); facts not re-verified,ДА
W-crate-cafe-not_for,db,crate-cafe,not_for,"A quiet sit-down or laptop work — it's a crowded, high-turnover room.","A quiet sit-down or laptop work, because the room is loud, crowded and high-turnover, busiest after a surf",replace,'loud' and 'busiest after a surf' moved here from best_for; 'high-energy' from why_its_here is carried by 'loud'; dash replaced by 'because',wave-db 2026-10-05: style rewrite of the record's own text (rung 2); facts not re-verified,ДА
W-cutiepai-nails-why_its_here,db,cutiepai-nails,why_its_here,"CutiePai Nails is a cosy home-based nail salon in Pererenan, minutes from central Canggu, specialising in BIAB, gel nails, extensions, manicures, pedicures and custom hand-painted nail art, with sanitised tools between clients. Open daily 9am-7pm, appointment-based, with a mobile/home-visit option too.","CutiePai Nails is a home-based nail salon in Pererenan, minutes from central Canggu, open daily 9am-7pm by appointment. It specialises in BIAB, gel nails, extensions, manicures, pedicures and custom hand-painted nail art, and sanitises tools between clients. Home visits are an option too.",replace,dropped 'cosy' (impression; 'small private setting' stays in best_for); 'mobile/home-visit' -> 'home visits'; 31-word sentence split,wave-db 2026-10-05: style rewrite of the record's own text (rung 2); facts not re-verified,ДА
W-cutiepai-nails-best_for,db,cutiepai-nails,best_for,"Travellers wanting a relaxed, appointment-based nail session (BIAB/gel/nail art) in a small private Pererenan setting, open seven days.","A booked BIAB, gel or nail-art session in a small, private Pererenan setting",replace,dropped 'Travellers wanting' opener and 'relaxed' (impression); dropped 'open seven days' (why_its_here says daily); trailing full stop removed,wave-db 2026-10-05: style rewrite of the record's own text (rung 2); facts not re-verified,ДА
W-dandelion-why_its_here,db,dandelion,why_its_here,"A long-running (est. 2014) Indonesian restaurant on Batu Bolong serving Balinese family-recipe dishes in a romantic, plant-filled setting split between open-air tables and cosy indoor nooks -- known for its free-roaming resident rabbits. Previously traded as Dandelion; same venue, team and menu, now under the Casa Tua name.","Casa Tua, an Indonesian restaurant on Batu Bolong, has cooked Balinese family recipes since 2014. The plant-filled room splits between open-air tables and cosy indoor nooks, and resident rabbits roam free. It used to trade as Dandelion; the team and menu have not changed.",replace,"dropped 'long-running' (the year says it) and 'known for' (popularity frame); 'romantic' moved to best_for; 'Previously traded as Dandelion; same venue, team and menu' -> 'It used to trade as Dandelion; the team and menu have not changed'",wave-db 2026-10-05: style rewrite of the record's own text (rung 2); facts not re-verified,ДА
W-dandelion-best_for,db,dandelion,best_for,"Balinese home cooking in a plant-filled room on Batu Bolong, with resident rabbits.","Balinese home cooking over a romantic meal among plants, with resident rabbits",replace,"'romantic' moved here from why_its_here; trailing full stop removed; head re-shaped to break a run of three 'A …' best_for neighbours (wave-db opener pass, 2026-10-06), same words and facts",wave-db 2026-10-05: style rewrite of the record's own text (rung 2); facts not re-verified,ДА
W-dandelion-not_for,db,dandelion,not_for,Free-running rabbits share the dining area.,Anyone who'd rather not share the floor with animals: free-running rabbits roam the dining area,replace,"fact restated as who it does not suit, reason after a colon",wave-db 2026-10-05: style rewrite of the record's own text (rung 2); facts not re-verified,ДА
W-desa-seni-yoga-why_its_here,db,desa-seni-yoga,why_its_here,"The yoga programme at Desa Seni, a village-style resort near Berawa, running daily classes in an open-air wooden shala that has long been one of Canggu's most atmospheric places to practise.","Daily classes in an open-air wooden shala make up the yoga programme of Desa Seni, a village-style resort near Berawa.",replace,"dropped 'has long been one of Canggu's most atmospheric places to practise' (ranking claim, no source); opening re-ordered to break the '<Name> is a' run (wave-db opener pass, 2026-10-06), same words and facts",wave-db 2026-10-05: style rewrite of the record's own text (rung 2); facts not re-verified,ДА
W-desa-seni-yoga-best_for,db,desa-seni-yoga,best_for,"Travellers who want a serene, well-taught drop-in class in a garden setting, ideally paired with the resort's organic café.","A drop-in class in a garden setting, then a meal at the resort's organic café",replace,"dropped 'Travellers who want' opener, 'serene' (impression) and 'well-taught' (quality claim, no source); trailing full stop removed",wave-db 2026-10-05: style rewrite of the record's own text (rung 2); facts not re-verified,ДА
W-deus-ex-machina-why_its_here,db,deus-ex-machina,why_its_here,"The flagship Deus ""Temple of Enthusiasm"" on Jl. Pantai Batu Mejan, combining a Pan-Asian cafe and bar with a motorcycle workshop, retail store, gallery and live-music venue, open from morning coffee until late.","On Jl. Pantai Batu Mejan, Deus's flagship ""Temple of Enthusiasm"" pairs a Pan-Asian cafe and bar with a motorcycle workshop. A retail store, a gallery and a live-music venue share the site, open from morning coffee until late.",replace,"one 33-word sentence split into two; 'combining' dropped; no fact dropped; opening re-ordered to break the '<Name> is a' run (wave-db opener pass, 2026-10-06), same words and facts",wave-db 2026-10-05: style rewrite of the record's own text (rung 2); facts not re-verified,ДА
W-deus-ex-machina-best_for,db,deus-ex-machina,best_for,"Coffee and brunch by day, live music and a crowd by night, on Batu Mejan.","Coffee and brunch by day, or a night of live music with a crowd",replace,'on Batu Mejan' left to why_its_here; trailing full stop removed,wave-db 2026-10-05: style rewrite of the record's own text (rung 2); facts not re-verified,ДА
W-downtown-kedungu-restaurant-and-bar-why_its_here,db,downtown-kedungu-restaurant-and-bar,why_its_here,"Downtown Kedungu is a Latin American restaurant and bar at Kedungu beach in Tabanan, about twenty minutes up the coast from Canggu, running a different themed special every day of the week.","Downtown Kedungu, a Latin American restaurant and bar at Kedungu beach in Tabanan, sits about twenty minutes up the coast from Canggu. Every day of the week brings a different themed special.",replace,"one 31-word sentence split into two; no fact dropped; opening re-ordered to break the '<Name> is a' run (wave-db opener pass, 2026-10-06), same words and facts",wave-db 2026-10-05: style rewrite of the record's own text (rung 2); facts not re-verified,ДА
W-downtown-kedungu-restaurant-and-bar-best_for,db,downtown-kedungu-restaurant-and-bar,best_for,"Latin American plates and a daily themed special, 20 minutes up the coast from Canggu.",A trip up the coast for Latin American plates and the day's themed special,replace,starts with the moment; '20 minutes' left to why_its_here; trailing full stop removed,wave-db 2026-10-05: style rewrite of the record's own text (rung 2); facts not re-verified,ДА
W-downtown-kedungu-restaurant-and-bar-not_for,db,downtown-kedungu-restaurant-and-bar,not_for,A spontaneous Sunday — the roast sells out and the site asks you to book ahead.,"A spontaneous Sunday. The roast sells out, and the site asks you to book ahead",replace,dash joint replaced by a full stop (three neighbouring cards used a dash),wave-db 2026-10-05: style rewrite of the record's own text (rung 2); facts not re-verified,ДА
W-e-a-r-t-h-by-ulaman-why_its_here,db,e-a-r-t-h-by-ulaman,why_its_here,"E.A.R.T.H is the restaurant and lounge of the Ulaman Eco Luxury Resort in Buwit, Tabanan, built in bamboo among jungle, river and waterfalls. Chef Alvin's kitchen works Balinese and Nusantara cooking alongside Italian, Thai and international dishes, with set experiences from a chef's selection to a waterfall-deck dinner.","E.A.R.T.H is the bamboo-built restaurant and lounge of the Ulaman Eco Luxury Resort in Buwit, Tabanan. Chef Alvin cooks Balinese and Nusantara food, and Italian, Thai and international dishes too. Set options range from a chef's selection to a waterfall-deck dinner.",replace,"jungle, river and waterfalls moved to best_for; two lists reduced to one; 'set experiences' -> 'set options'; no fact dropped",wave-db 2026-10-05: style rewrite of the record's own text (rung 2); facts not re-verified,ДА
W-e-a-r-t-h-by-ulaman-best_for,db,e-a-r-t-h-by-ulaman,best_for,"Balinese and Nusantara plates inside the Ulaman eco resort, in a jungle setting.","Balinese or Nusantara meals at the Ulaman eco resort, among jungle, river and waterfalls",replace,"jungle / river / waterfalls moved here from why_its_here; trailing full stop removed; head re-shaped to break a run of three 'A …' best_for neighbours (wave-db opener pass, 2026-10-06), same words and facts",wave-db 2026-10-05: style rewrite of the record's own text (rung 2); facts not re-verified,ДА
W-ecosfera-yoga-canggu-canggu-best_for,db,ecosfera-yoga-canggu-canggu,best_for,Practitioners who want a laid-back class near Batu Mejan / Echo Beach.,"A yoga class by the water, near Batu Mejan and Echo Beach",replace,dropped 'Practitioners who want' opener and 'laid-back' (impression); 'by the water' from why_its_here; slash replaced by 'and'; trailing full stop removed,wave-db 2026-10-05: style rewrite of the record's own text (rung 2); facts not re-verified,ДА
W-ele-restaurant-bar-and-terrace-why_its_here,db,ele-restaurant-bar-and-terrace,why_its_here,"ELE is an all-day restaurant, bar and terrace on Jl. Pantai Batu Bolong in Canggu, serving breakfast through late dinner. The venue publishes no website — only a link page — so our record of it is thinner than most: the format and the address are confirmed, the menu is not.","ELE keeps an all-day restaurant, bar and terrace on Jl. Pantai Batu Bolong in Canggu, serving breakfast through late dinner. It has no website, only a link page, so we have confirmed the format and the address but not the menu.",replace,"dropped 'our record of it is thinner than most' (internal comparison); two em dashes and the colon removed; no fact dropped; opening re-ordered to break the '<Name> is a' run (wave-db opener pass, 2026-10-06), same words and facts",wave-db 2026-10-05: style rewrite of the record's own text (rung 2); facts not re-verified,ДА
W-ele-restaurant-bar-and-terrace-best_for,db,ele-restaurant-bar-and-terrace,best_for,An all-day room on Batu Bolong — breakfast through late dinner.,Any meal from breakfast to a late dinner on Batu Bolong,replace,'An all-day room' folded into 'any meal'; em dash and trailing full stop removed,wave-db 2026-10-05: style rewrite of the record's own text (rung 2); facts not re-verified,ДА
W-espace-spa-canggu-canggu-why_its_here,db,espace-spa-canggu-canggu,why_its_here,"A day spa on Jl. Pura Batu Mejan near Batu Bolong, with a published price list covering aromatherapy massage, body scrubs and wraps, facials, cream bath, manicure and pedicure, and sugaring hair removal. It also runs private massage classes and sells massage tables and chairs.","Espace Spa, a day spa on Jl. Pura Batu Mejan near Batu Bolong, publishes its price list. It covers aromatherapy massage, body scrubs, wraps, facials, cream bath, manicures, pedicures and sugaring hair removal. It also runs private massage classes and sells massage tables and chairs.",replace,"the long list rewritten with one 'and' (it read as two 'X, Y and Z' lists); 31-word sentence split; no fact dropped",wave-db 2026-10-05: style rewrite of the record's own text (rung 2); facts not re-verified,ДА
W-espace-spa-canggu-canggu-best_for,db,espace-spa-canggu-canggu,best_for,"Fixed-price massage, scrub, facial and nails menu bookable online in Batu Bolong.","A fixed-price massage, scrub, facial or nail treatment booked online in Batu Bolong",replace,'menu bookable online' -> 'booked online'; trailing full stop removed,wave-db 2026-10-05: style rewrite of the record's own text (rung 2); facts not re-verified,ДА
W-estetica-belle-why_its_here,db,estetica-belle,why_its_here,"A beauty studio at Jl. Pantai Pererenan No.69 covering lashes and brows, nails, waxing, permanent make-up, skin needling, laser tattoo removal and clinical facials using Dermalogica, Doctor Babor and Mesoestetic products. Its skin-treatment price list is published on its own site.","Estetica Belle works from a beauty studio at Jl. Pantai Pererenan No.69. It does lashes, brows, nails, waxing, permanent make-up, skin needling and laser tattoo removal. Clinical facials use Dermalogica and Doctor Babor products, plus Mesoestetic. The skin-treatment price list is on its own site.",replace,"one 33-word sentence with two long lists split into four; no fact dropped; opening re-ordered to break the '<Name> is a' run (wave-db opener pass, 2026-10-06), same words and facts",wave-db 2026-10-05: style rewrite of the record's own text (rung 2); facts not re-verified,ДА
W-estetica-belle-best_for,db,estetica-belle,best_for,"Lashes, brows, nails, waxing and clinical facials in one Pererenan studio.","Lashes, brows, nails, waxing and clinical facials in one Pererenan studio",replace,trailing full stop removed,wave-db 2026-10-05: style rewrite of the record's own text (rung 2); facts not re-verified,ДА
W-estetica-belle-not_for,db,estetica-belle,not_for,Closes 6pm daily; treatments are booked by appointment.,An evening or walk-in treatment: it closes at 6pm daily and works by appointment,replace,"two fragments stated as who it does not suit, reason after a colon",wave-db 2026-10-05: style rewrite of the record's own text (rung 2); facts not re-verified,ДА
W-f45-training-canggu-canggu-why_its_here,db,f45-training-canggu-canggu,why_its_here,"The Canggu studio of the global F45 franchise, at Jl. Pantai Batu Bolong No.83, running 45-minute classes that combine HIIT, circuit and functional training. Its ClassPass schedule rotates cardio on Mondays and Wednesdays, resistance on Tuesdays, Thursdays and Sundays, and hybrid sessions on Fridays and Saturdays.","The Canggu studio of the global F45 franchise, at Jl. Pantai Batu Bolong No.83, running 45-minute classes. Its ClassPass schedule puts cardio on Mondays and Wednesdays and resistance on Tuesdays, Thursdays and Sundays. Fridays and Saturdays are hybrid sessions.",replace,HIIT / circuit / functional mix moved to best_for so this field carries one list; schedule split into two sentences; no fact dropped,wave-db 2026-10-05: style rewrite of the record's own text (rung 2); facts not re-verified,ДА
W-f45-training-canggu-canggu-best_for,db,f45-training-canggu-canggu,best_for,Coached 45-minute HIIT and circuit classes on a fixed daily timetable.,"A coached 45-minute class mixing HIIT, circuit and functional training",replace,class mix moved here from why_its_here; 'on a fixed daily timetable' left to not_for ('daily' dropped: the schedule in why_its_here covers all seven days); trailing full stop removed,wave-db 2026-10-05: style rewrite of the record's own text (rung 2); facts not re-verified,ДА
W-f45-training-canggu-canggu-not_for,db,f45-training-canggu-canggu,not_for,Fixed class timetable; sessions must be booked in advance.,"A spur-of-the-moment visit, because sessions run to a fixed timetable and must be booked in advance",replace,two fragments rewritten as one clause with the reason joined by 'because',wave-db 2026-10-05: style rewrite of the record's own text (rung 2); facts not re-verified,ДА
W-face-therapy-spa-pererenan-why_its_here,db,face-therapy-spa-pererenan,why_its_here,"A face-massage spa on Jl. Tukad Pingai in Pererenan, open 8am to 10pm daily, with a menu of gua sha, buccal sculpting, lymphatic and jetlag-recovery face treatments. Its Fresha listing marks it woman-owned, kid-friendly and pet-friendly, and names a second branch in Umalas.","Face Therapy, a face-massage spa on Jl. Tukad Pingai in Pererenan, opens 8am to 10pm daily. Treatments cover gua sha, buccal sculpting, lymphatic work and jetlag recovery. Its Fresha listing says woman-owned and kid- and pet-friendly, and names a second branch in Umalas.",replace,"37-word sentence split; two 'X, Y and Z' lists reduced to one; no fact dropped; opening re-ordered to break the '<Name> is a' run (wave-db opener pass, 2026-10-06), same words and facts",wave-db 2026-10-05: style rewrite of the record's own text (rung 2); facts not re-verified,ДА
W-face-therapy-spa-pererenan-best_for,db,face-therapy-spa-pererenan,best_for,"Face massage specialists: gua sha, buccal sculpting and lymphatic work.","Gua sha and buccal sculpting, or a jetlag-recovery face treatment after a long flight",replace,"'Face massage specialists' described the venue, not the visitor; rewritten around the jetlag-recovery treatments the record lists; lymphatic work left to why_its_here; trailing full stop removed; head re-shaped to break a run of three 'A …' best_for neighbours (wave-db opener pass, 2026-10-06), same words and facts",wave-db 2026-10-05: style rewrite of the record's own text (rung 2); facts not re-verified,ДА
W-face-therapy-spa-pererenan-not_for,db,face-therapy-spa-pererenan,not_for,Appointment-based; treatments run 60-120 minutes.,"A quick drop-in, since treatments are booked ahead and run 60-120 minutes",replace,"'Appointment-based' stated as who it does not suit, reason joined with 'since'",wave-db 2026-10-05: style rewrite of the record's own text (rung 2); facts not re-verified,ДА
W-finns-beach-club-why_its_here,db,finns-beach-club,why_its_here,"One of Canggu's biggest and best-known day clubs, on a 170m stretch of Berawa beachfront with three pools (including swim-up bars), many bars and kitchens, and a daily lineup of DJs and live vocalists. The high-energy, pool-party end of the Canggu beach-club spectrum.","On a 170m stretch of Berawa beachfront, FINNS Beach Club is a day club with three pools, including swim-up bars. There are many bars and kitchens, and a daily lineup of DJs and live vocalists. It is the high-energy, pool-party end of Canggu's beach clubs.",replace,"dropped 'One of Canggu's biggest and best-known' (ranking and popularity claims, no source); 38-word sentence split; 'spectrum' -> 'beach clubs'",wave-db 2026-10-05: style rewrite of the record's own text (rung 2); facts not re-verified,ДА
W-finns-beach-club-best_for,db,finns-beach-club,best_for,A lively pool day and sunset party with a group; big-group high-energy days out,"A lively, high-energy pool day and sunset party with a big group",replace,semicolon join of two near-identical halves merged into one clause,wave-db 2026-10-05: style rewrite of the record's own text (rung 2); facts not re-verified,ДА
W-finns-recreation-club-finns-lifestyle-village-why_its_here,db,finns-recreation-club-finns-lifestyle-village,why_its_here,"FINNS Recreation Club is the large membership sport, leisure and wellness club at FINNS Lifestyle Village in Berawa, combining a full gym, Olympic-sized pool, tennis and padel courts, a kids' club, recovery facilities (ice baths, infrared sauna, compression therapy) and a full-service Balinese spa under one roof.","FINNS Recreation Club is the large membership club at FINNS Lifestyle Village in Berawa. It has a full gym, an Olympic-sized pool, tennis and padel courts and a kids' club. Recovery means ice baths and an infrared sauna plus compression therapy; the spa is full-service Balinese.",replace,"dropped the label 'sport, leisure and wellness' and 'under one roof' (the facility list says it); one 44-word sentence split into three",wave-db 2026-10-05: style rewrite of the record's own text (rung 2); facts not re-verified,ДА
W-finns-recreation-club-finns-lifestyle-village-best_for,db,finns-recreation-club-finns-lifestyle-village,best_for,"Families and active travellers on a longer Canggu/Berawa stay who want gym, pool, courts, kids' club and spa/recovery in one place; day-pass or membership visitors.","Families and active travellers on a longer Canggu or Berawa stay, on a day pass or a membership",replace,facility list left to why_its_here; 'who want ... in one place' cut; semicolon join removed; trailing full stop removed,wave-db 2026-10-05: style rewrite of the record's own text (rung 2); facts not re-verified,ДА
W-finns-recreation-club-finns-lifestyle-village-not_for,db,finns-recreation-club-finns-lifestyle-village,not_for,"Travellers wanting a quiet, intimate boutique-spa atmosphere rather than a big multi-facility club.","A quiet, intimate boutique spa. The club is big and has many facilities",replace,dropped 'Travellers wanting' opener and 'atmosphere' (stock word); reason after a full stop,wave-db 2026-10-05: style rewrite of the record's own text (rung 2); facts not re-verified,ДА
W-fitness-plus-canggu-why_its_here,db,fitness-plus-canggu,why_its_here,"A 24-hour gym at Jl. Tanah Barak No.19 in Canggu, part of the Indonesian Fitness Plus chain. Its branch site lists 100+ machines, a sauna, lockers, showers, towels and parking, and eight group programmes including Les Mills BodyPump, RPM, BodyCombat and Ceremony, Positive Spin, Mat Pilates, yoga and Zumba.","Fitness Plus Canggu, part of the Indonesian Fitness Plus chain, runs a 24-hour gym at Jl. Tanah Barak No.19. Its branch site lists more than 100 machines. The eight group programmes are Les Mills BodyPump, RPM, BodyCombat and Ceremony; Positive Spin; Mat Pilates; yoga; and Zumba.",replace,sauna / lockers / showers / towels / parking moved to best_for so this field carries one list; 42-word sentence split; no fact dropped,wave-db 2026-10-05: style rewrite of the record's own text (rung 2); facts not re-verified,ДА
W-fitness-plus-canggu-best_for,db,fitness-plus-canggu,best_for,"24-hour gym floor with Les Mills classes, on Jl. Tanah Barak in Canggu.","A workout at any hour, with a sauna, lockers, showers, towels and parking on site",replace,facilities moved here from why_its_here; 'on Jl. Tanah Barak in Canggu' left to why_its_here; Les Mills classes stay in why_its_here; trailing full stop removed,wave-db 2026-10-05: style rewrite of the record's own text (rung 2); facts not re-verified,ДА
W-flex-gym-bali-why_its_here,db,flex-gym-bali,why_its_here,"A single-location gym on Gang Heliconia off Jl. Raya Canggu. The floor is split between strength equipment - squat racks and machines - and a cardio area with treadmills, rowers and air bikes, alongside lockers, changing rooms and parking. Passes run from a single day to twelve months.","Flex Gym has a single location: a gym on Gang Heliconia, off Jl. Raya Canggu. Strength equipment, from squat racks to machines, shares the floor with treadmills, rowers and air bikes. Passes run from a single day to twelve months. It has lockers and changing rooms, and parking.",replace,"spaced-hyphen aside removed; 'cardio area' implied by the cardio machines; two lists reduced to one; no fact dropped; opening re-ordered to break the '<Name> is a' run (wave-db opener pass, 2026-10-06), same words and facts",wave-db 2026-10-05: style rewrite of the record's own text (rung 2); facts not re-verified,ДА
W-flex-gym-bali-best_for,db,flex-gym-bali,best_for,"Drop-in strength training on a 150K day pass; squat racks, 06:30 weekday opens.","Drop-in strength sessions on a 150K day pass, from 06:30 on weekdays",replace,"'squat racks' left to why_its_here; semicolon join removed; trailing full stop removed; head re-shaped to break a run of three 'A …' best_for neighbours (wave-db opener pass, 2026-10-06), same words and facts",wave-db 2026-10-05: style rewrite of the record's own text (rung 2); facts not re-verified,ДА
W-flex-gym-bali-not_for,db,flex-gym-bali,not_for,Weekend hours are shorter: closes 18:00 Saturday and Sunday.,"An evening workout at the weekend, because it closes at 18:00 on Saturday and Sunday",replace,"'Weekend hours are shorter' stated as who it does not suit, reason joined with 'because'",wave-db 2026-10-05: style rewrite of the record's own text (rung 2); facts not re-verified,ДА
W-genius-bistro-why_its_here,db,genius-bistro,why_its_here,"A French, Mediterranean and steakhouse bistro on Jl. Sempol, set among rice fields north of central Canggu, with indoor and al fresco seating for about 50. The kitchen leans French: duck served at the table, braised lamb shank, duck a l'orange. Reservations run through Chope.","Among rice fields north of central Canggu, Genius Bistro cooks French, Mediterranean and steakhouse food on Jl. Sempol. About 50 seats split between indoors and al fresco. The kitchen leans French: duck served at the table, braised lamb shank, duck a l'orange. Book through Chope.",replace,dropped 'set among' (stock phrase) -> 'among'; 32-word sentence split; no fact dropped,wave-db 2026-10-05: style rewrite of the record's own text (rung 2); facts not re-verified,ДА
W-genius-bistro-best_for,db,genius-bistro,best_for,Sit-down French cooking and steak in the rice fields north of central Canggu.,A sit-down meal of French cooking or steak among rice fields north of central Canggu,replace,trailing full stop removed; 'in the rice fields' -> 'among rice fields',wave-db 2026-10-05: style rewrite of the record's own text (rung 2); facts not re-verified,ДА
W-glo-day-spa-salon-canggu-canggu-why_its_here,db,glo-day-spa-salon-canggu-canggu,why_its_here,"One of five Bali branches of Glo Salon & Beauty, formerly Glo Day Spa & Salon, at Jl. Subak Sari 90 opposite Popular supermarket. The Canggu salon covers hair, facials, nails, waxing and threading, lash and brow, spray tanning and makeup, and opens 10am to 8pm.","One of five Bali branches of Glo Salon & Beauty, which used to trade as Glo Day Spa & Salon. It sits at Jl. Subak Sari 90, opposite Popular supermarket. It covers hair, facials, nails, waxing, threading, lash and brow, spray tanning and makeup.",replace,"service list rewritten with one 'and' (it read as two 'X, Y and Z' lists); 'formerly' -> 'used to trade as'; 10am-8pm hours left to best_for and not_for, which already carry them; no fact dropped",wave-db 2026-10-05: style rewrite of the record's own text (rung 2); facts not re-verified,ДА
W-glo-day-spa-salon-canggu-canggu-best_for,db,glo-day-spa-salon-canggu-canggu,best_for,"Hair, nails, waxing and facials in one Canggu salon, open 10am to 8pm.","Hair, nails, waxing and facials in one Canggu salon, open 10am to 8pm",replace,trailing full stop removed,wave-db 2026-10-05: style rewrite of the record's own text (rung 2); facts not re-verified,ДА
W-glo-day-spa-salon-canggu-canggu-not_for,db,glo-day-spa-salon-canggu-canggu,not_for,"Opens 10am, closes 8pm - no early-morning or late-evening slots.",An early-morning or late-evening slot: it opens at 10am and closes at 8pm,replace,order flipped so the field says who it does not suit first; spaced hyphen replaced by a colon,wave-db 2026-10-05: style rewrite of the record's own text (rung 2); facts not re-verified,ДА
W-goldust-beauty-facials-canggu-why_its_here,db,goldust-beauty-facials-canggu,why_its_here,"The facial-and-beauty side of Goldust, a polished Canggu day spa known for results-focused treatments like its Express Lifting Facial.","The facial and beauty side of Goldust, a Canggu day spa. Its treatments are results-focused, the Express Lifting Facial among them.",replace,dropped 'known for' (popularity frame) and 'polished' (impression); 'results-focused' kept as the venue's own aim,wave-db 2026-10-05: style rewrite of the record's own text (rung 2); facts not re-verified,ДА
W-goldust-beauty-facials-canggu-best_for,db,goldust-beauty-facials-canggu,best_for,Anyone after a serious facial or skin treatment rather than a quick massage.,A results-focused facial or skin treatment rather than a quick massage,replace,dropped 'serious' (soft word); 'Anyone after' opener cut; trailing full stop removed,wave-db 2026-10-05: style rewrite of the record's own text (rung 2); facts not re-verified,ДА
W-goldust-spa-canggu-why_its_here,db,goldust-spa-canggu,why_its_here,"A day spa on Gg. Nyepi off Jl. Pantai Batu Bolong, laid out as one venue with massage suites, a poolside lounge, a nail lounge and a couple's room. The list runs from 30-minute poolside massages to 24k Gold facials and two-and-a-half-hour couple's packages, with sports, lymphatic drainage and Madero body sculpting among the named bodywork.","Goldust Spa is a day spa on Gg. Nyepi, off Jl. Pantai Batu Bolong. Under one roof are massage suites, a poolside lounge, a nail lounge and a couple's room. The list runs from 30-minute poolside massages to 24k Gold facials and two-and-a-half-hour couple's packages.",replace,"named bodywork (sports, lymphatic drainage, Madero body sculpting) moved to best_for; 'laid out as one venue' -> 'under one roof'; 43-word sentence split",wave-db 2026-10-05: style rewrite of the record's own text (rung 2); facts not re-verified,ДА
W-goldust-spa-canggu-best_for,db,goldust-spa-canggu,best_for,"Those wanting therapeutic, sports-oriented bodywork rather than a basic massage.","Therapeutic bodywork, from sports and lymphatic drainage to Madero body sculpting, rather than a basic massage",replace,dropped 'Those wanting' opener; named bodywork moved here from why_its_here; 'sports-oriented' -> 'sports'; trailing full stop removed,wave-db 2026-10-05: style rewrite of the record's own text (rung 2); facts not re-verified,ДА
W-gravity-stretching-canggu-why_its_here,db,gravity-stretching-canggu,why_its_here,"A stretching studio built on suspended ropes: the exercises are done in relaxation rather than tension, so gravity takes the load off the muscles. The Bali operation runs studios in Canggu and Ubud, offering group classes, private Gravity Therapy sessions and a children's class.","A stretching studio built on suspended ropes: the exercises are done in relaxation rather than tension, so gravity takes the load off the muscles. The Bali operation has studios in Canggu and Ubud, with group classes, private Gravity Therapy sessions and a children's class.",replace,'offering' (stock word) -> 'with'; first sentence unchanged; no fact dropped,wave-db 2026-10-05: style rewrite of the record's own text (rung 2); facts not re-verified,ДА
W-gravity-stretching-canggu-not_for,db,gravity-stretching-canggu,not_for,Appointment-based: classes booked through the studio app or WhatsApp,An unbooked visit: classes go through the studio app or WhatsApp,replace,"'Appointment-based' stated as who it does not suit, reason after the colon",wave-db 2026-10-05: style rewrite of the record's own text (rung 2); facts not re-verified,ДА
W-green-spot-cafe-why_its_here,db,green-spot-cafe,why_its_here,"The cafe attached to Ecosfera Hotel on Jl. Batu Mejan at Echo Beach, serving an all-day international menu of breakfasts, burgers, bowls and grills. Its own menu page lists breakfast from 35K and lunch mains up to 115K, and runs fixed weekly deals including a Wednesday burger-and-drink and Sunday two-for-one smoothies.","Green Spot, the cafe of Ecosfera Hotel at Echo Beach, serves an all-day international menu of breakfasts, burgers, bowls and grills. Its menu page lists breakfast from 35K and lunch mains up to 115K, plus weekly deals like a Wednesday burger-and-drink and Sunday two-for-one smoothies.",replace,27-word second sentence trimmed; 'fixed weekly deals including' -> 'weekly deals like'; dropped the street 'Jl. Batu Mejan' (it is in the record's address; 'at Echo Beach' stays),wave-db 2026-10-05: style rewrite of the record's own text (rung 2); facts not re-verified,ДА
W-green-spot-cafe-best_for,db,green-spot-cafe,best_for,Big low-priced breakfasts and burgers at Echo Beach; all-day kitchen to 11pm,"A big, low-priced breakfast or burger at Echo Beach, with the kitchen open until 11pm",replace,semicolon join removed; starts with the meal,wave-db 2026-10-05: style rewrite of the record's own text (rung 2); facts not re-verified,ДА
W-guan-yin-yoga-canggu-why_its_here,db,guan-yin-yoga-canggu,why_its_here,"A yoga shala on the upper floor of Hotel Tugu Bali, on Jl. Pantai Batu Bolong at Canggu Beach. The published timetable runs Vinyasa, Yin, Hatha Flow, Ashtanga, Kundalini, Qigong, gentle Pilates and guided meditation, and classes are open to non-guests on a walk-in basis.","Guan Yin has its yoga shala on the upper floor of Hotel Tugu Bali, on Jl. Pantai Batu Bolong at Canggu Beach. The published timetable runs Vinyasa, Yin, Hatha Flow, Ashtanga, Kundalini, Qigong, gentle Pilates and guided meditation. Non-guests can walk in.",replace,"31-word sentence split; 'open to non-guests on a walk-in basis' -> 'Non-guests can walk in'; no fact dropped; opening re-ordered to break the '<Name> is a' run (wave-db opener pass, 2026-10-06), same words and facts",wave-db 2026-10-05: style rewrite of the record's own text (rung 2); facts not re-verified,ДА
W-guan-yin-yoga-canggu-best_for,db,guan-yin-yoga-canggu,best_for,"Small drop-in yoga upstairs at Hotel Tugu, Batu Bolong; walk-ins welcome","A small drop-in class upstairs at Hotel Tugu, walk-ins welcome",replace,semicolon join removed; 'Batu Bolong' left to why_its_here,wave-db 2026-10-05: style rewrite of the record's own text (rung 2); facts not re-verified,ДА
W-guan-yin-yoga-canggu-not_for,db,guan-yin-yoga-canggu,not_for,Timetabled classes only; check the weekly schedule before turning up,"Dropping in at any hour, because classes run only on the weekly timetable",replace,"two fragments rewritten as who it does not suit, reason joined with 'because'",wave-db 2026-10-05: style rewrite of the record's own text (rung 2); facts not re-verified,ДА
W-home-by-chef-wayan-why_its_here,db,home-by-chef-wayan,why_its_here,"Modern Balinese cooking from Chef Wayan Kresna Yasa, on Jl. Pantai Pererenan near the beach, reworking family and island recipes with contemporary technique. The menu marks vegan dishes across every course, alongside sate, seafood and traditional mains.","Near the beach on Jl. Pantai Pererenan, Chef Wayan Kresna Yasa runs HOME, a modern Balinese restaurant. The kitchen reworks family and island recipes with contemporary technique. Vegan dishes are marked on every course, next to sate, seafood and traditional mains.",replace,"opening reworded to say what the place is; two 'X, Y and Z' hits reduced to one; no fact dropped; opening re-ordered to break the '<Name> is a' run (wave-db opener pass, 2026-10-06), same words and facts",wave-db 2026-10-05: style rewrite of the record's own text (rung 2); facts not re-verified,ДА
W-home-by-chef-wayan-best_for,db,home-by-chef-wayan,best_for,"A considered Balinese dinner; a table mixing meat, seafood and vegan diners","Tables that mix meat, seafood and vegan eaters over a considered Balinese dinner",replace,"semicolon join removed; head re-shaped to break a run of three 'A …' best_for neighbours (wave-db opener pass, 2026-10-06), same words and facts",wave-db 2026-10-05: style rewrite of the record's own text (rung 2); facts not re-verified,ДА
W-home-by-chef-wayan-not_for,db,home-by-chef-wayan,not_for,The restaurant asks you to book a table in advance,A walk-in table. The restaurant asks you to book ahead,replace,stated as who it does not suit; reason after a full stop,wave-db 2026-10-05: style rewrite of the record's own text (rung 2); facts not re-verified,ДА
W-indigo-why_its_here,db,indigo,why_its_here,"Indigo has been serving Japanese food in Berawa since 2017, under Kyoto-trained chef Morita Shigehiko — a sushi and sashimi selection alongside yakimono cooked over charcoal. The room is small and deliberately plain: shoji-style doors, timeworn teak, indigo denim cushions.","Indigo has served Japanese food in Berawa since 2017 under Kyoto-trained chef Morita Shigehiko. There is a sushi and sashimi selection, and yakimono cooked over charcoal. The room is small and deliberately plain, with shoji-style doors, timeworn teak and indigo denim cushions.",replace,em dash and colon removed; three sentences instead of two; no fact dropped,wave-db 2026-10-05: style rewrite of the record's own text (rung 2); facts not re-verified,ДА
W-indigo-best_for,db,indigo,best_for,"Japanese sushi and charcoal-grilled yakimono in a small, quiet Berawa room.",A quiet meal of sushi and charcoal-grilled yakimono in a small Berawa room,replace,starts with the moment; trailing full stop removed,wave-db 2026-10-05: style rewrite of the record's own text (rung 2); facts not re-verified,ДА
W-isla-by-earth-island-why_its_here,db,isla-by-earth-island,why_its_here,"The all-day cafe attached to Earth Island's surf shop at Jl. Subak Canggu No.77, on the Canggu shortcut. Its own menu runs from breakfast and coffee through seafood snacks, grilled mains and cocktails. The site also describes it as a space for events, music, art and film.","ISLA, the all-day cafe at Earth Island's surf shop, sits at Jl. Subak Canggu No.77 on the Canggu shortcut. The menu goes from breakfast and coffee through seafood snacks and grilled mains to cocktails. The site calls it a space for events, music, art and film.",replace,"two 'X, Y and Z' lists reduced to one; 'describes it as' -> 'calls it'; no fact dropped; opening re-ordered to break the '<Name> is a' run (wave-db opener pass, 2026-10-06), same words and facts",wave-db 2026-10-05: style rewrite of the record's own text (rung 2); facts not re-verified,ДА
W-isla-by-earth-island-best_for,db,isla-by-earth-island,best_for,Post-surf breakfast and seafood snacks at the Earth Island surf shop.,"Breakfast or seafood snacks after a surf, at the Earth Island surf shop",replace,'Post-surf' -> 'after a surf'; trailing full stop removed,wave-db 2026-10-05: style rewrite of the record's own text (rung 2); facts not re-verified,ДА
W-isla-by-earth-island-not_for,db,isla-by-earth-island,not_for,Closes 7pm Sun-Thu; only Fri and Sat run to 9pm.,"Dinner from Sunday to Thursday, because it closes at 7pm; only Friday and Saturday run to 9pm",replace,hours stated as who they do not suit; day abbreviations written out,wave-db 2026-10-05: style rewrite of the record's own text (rung 2); facts not re-verified,ДА
W-jet-black-ginger-canggu-canggu-best_for,db,jet-black-ginger-canggu-canggu,best_for,Travellers who want a proper cut or colour by stylists used to international hair.,A cut or colour by stylists used to international hair,replace,dropped 'Travellers who want' opener and 'proper' (soft word); trailing full stop removed,wave-db 2026-10-05: style rewrite of the record's own text (rung 2); facts not re-verified,ДА
W-ju-bali-why_its_here,db,ju-bali,why_its_here,"Casual restaurant in Umalas with a jacuzzi club. International comfort food with a Balinese turn: pasta, burgers and wood-fired pizza. Vegetarian and vegan plates include tandoori cauliflower and mushroom tagliatelle. 200 seats, a kids menu and parking for cars and scooters.","Ju Bali is a casual Umalas restaurant with a jacuzzi club. International comfort food with a Balinese turn: pasta, burgers and wood-fired pizza. Vegetarian and vegan plates include tandoori cauliflower and mushroom tagliatelle. Its 200 seats come with a kids menu and parking for cars and scooters.",replace,"verbless closing fragment given a verb; two 'X, Y and Z' hits reduced to one; no fact dropped",wave-db 2026-10-05: style rewrite of the record's own text (rung 2); facts not re-verified,ДА
W-ju-bali-not_for,db,ju-bali,not_for,A quiet dinner for two - it seats 200 as a family venue,"A quiet dinner for two, because it is a 200-seat family venue",replace,spaced hyphen replaced by 'because',wave-db 2026-10-05: style rewrite of the record's own text (rung 2); facts not re-verified,ДА
W-jungle-padel-canggu-canggu-why_its_here,db,jungle-padel-canggu-canggu,why_its_here,"Canggu padel courts open early until late, offering court hire and social games of the fast-growing racket sport.","Jungle Padel runs padel courts in Canggu, open early until late for court hire and social games.",replace,"dropped 'fast-growing racket sport' (trend claim, no source) and 'offering' (stock word)",wave-db 2026-10-05: style rewrite of the record's own text (rung 2); facts not re-verified,ДА
W-jungle-padel-canggu-canggu-best_for,db,jungle-padel-canggu-canggu,best_for,"Groups and couples who want a fun, active session on court rather than a gym.","Groups and couples after a fun, active session on court instead of a gym",replace,'who want' -> 'after'; trailing full stop removed,wave-db 2026-10-05: style rewrite of the record's own text (rung 2); facts not re-verified,ДА
W-jungle-padel-canggu-shortcut-why_its_here,db,jungle-padel-canggu-shortcut,why_its_here,"A dedicated padel racket-sport club on the Canggu shortcut with panoramic glass-walled courts set in tropical greenery. Courts are booked by the hour through the Jungle Padel app, with racket hire, coaching, a pro shop, changing rooms and an on-site café.","A padel club on the Canggu shortcut, with panoramic glass-walled courts among tropical greenery. Courts are booked by the hour on the Jungle Padel app. Racket hire, coaching, a pro shop, changing rooms and an on-site café are all there.",replace,dropped 'dedicated' and 'racket-sport' (labels) and 'set in' (stock phrase); 26-word sentence split,wave-db 2026-10-05: style rewrite of the record's own text (rung 2); facts not re-verified,ДА
W-jungle-padel-canggu-shortcut-best_for,db,jungle-padel-canggu-shortcut,best_for,active travellers who want a padel game between beach sessions; groups of four booking a court together; players needing rental rackets or a lesson,"A game between beach sessions: book a court for four, or come for a lesson, with racket hire on site",replace,three-part semicolon chain merged into one clause; dropped 'active travellers who want' opener,wave-db 2026-10-05: style rewrite of the record's own text (rung 2); facts not re-verified,ДА
W-jungle-padel-canggu-shortcut-not_for,db,jungle-padel-canggu-shortcut,not_for,total downtime or a spa-style wellness stop; anyone without a pre-booked court at peak times,"Total downtime or a spa-style wellness stop: this is a sports club, and peak-time courts need booking",replace,semicolon chain merged; 'anyone without a pre-booked court at peak times' stated as the reason,wave-db 2026-10-05: style rewrite of the record's own text (rung 2); facts not re-verified,ДА
W-kecambah-restaurant-at-lalasa-villas-why_its_here,db,kecambah-restaurant-at-lalasa-villas,why_its_here,"Kecambah is the street-front restaurant of Lalasa Villas on Pantai Berawa — a casual all-day room serving breakfast through late, with an Indonesian emphasis alongside Western dishes, plus a Balinese rijsttafel evening and a booked-ahead afternoon tea.","Lalasa Villas on Pantai Berawa has Kecambah as its street-front restaurant, a casual room open from breakfast until late. The cooking leans Indonesian, with Western dishes too. There is a Balinese rijsttafel evening, and afternoon tea is booked ahead.",replace,"em dash removed; 38-word sentence split into three; no fact dropped; opening re-ordered to break the '<Name> is a' run (wave-db opener pass, 2026-10-06), same words and facts",wave-db 2026-10-05: style rewrite of the record's own text (rung 2); facts not re-verified,ДА
W-kecambah-restaurant-at-lalasa-villas-best_for,db,kecambah-restaurant-at-lalasa-villas,best_for,"An all-day, street-front breakfast-to-late menu at Lalasa Villas in Berawa.","Breakfast through to a late dinner at Lalasa Villas, or the Balinese rijsttafel evening",replace,'street-front' and 'Berawa' left to why_its_here; trailing full stop removed,wave-db 2026-10-05: style rewrite of the record's own text (rung 2); facts not re-verified,ДА
W-kopiten-best_for,db,kopiten,best_for,"Remote workers and long-stay visitors who want a quiet, low-key coffee stop away from the busier Canggu cafes.","Remote workers and long-stay visitors after a quiet, low-key coffee away from the busier Canggu cafes",replace,'who want a ... coffee stop' -> 'after a ... coffee'; trailing full stop removed,wave-db 2026-10-05: style rewrite of the record's own text (rung 2); facts not re-verified,ДА
W-la-brisa-bali-why_its_here,db,la-brisa-bali,why_its_here,"A rustic, sustainability-minded beach club on the foreshore of Echo Beach, hand-built from reclaimed wood salvaged from old Indonesian fishing boats, with a saltwater pool, a raw/oyster bar and wood-fired Mediterranean food. Best known for its driftwood aesthetic and long, open sunset views over the surf break.","La Brisa is a rustic beach club on Echo Beach, hand-built from wood salvaged from old Indonesian fishing boats. It has a saltwater pool, a raw and oyster bar and wood-fired Mediterranean food. Expect a driftwood look and long, open sunset views over the surf break.",replace,dropped 'Best known for' (popularity frame) and 'sustainability-minded' (label; the salvaged-wood fact stays); 'on the foreshore of' -> 'on'; 'reclaimed wood salvaged' -> 'wood salvaged'; 34-word sentence split,wave-db 2026-10-05: style rewrite of the record's own text (rung 2); facts not re-verified,ДА
W-la-brisa-bali-best_for,db,la-brisa-bali,best_for,Sunset drinks and a laid-back beach day with friends; a relaxed shared meal by the water,"Sunset drinks and a beach day with friends, or a shared meal by the water",replace,"dropped 'laid-back' and 'relaxed' (impressions, no fact); semicolon join removed",wave-db 2026-10-05: style rewrite of the record's own text (rung 2); facts not re-verified,ДА
W-la-brisa-bali-not_for,db,la-brisa-bali,not_for,Daybeds and cabanas carry a 1M-3.5M++ minimum spend after 4pm.,"A low-spend sunset on a daybed: after 4pm, daybeds and cabanas carry a 1M-3.5M++ minimum spend",replace,"the minimum-spend fact stated as who it does not suit, reason after a colon",wave-db 2026-10-05: style rewrite of the record's own text (rung 2); facts not re-verified,ДА
W-loop-cafe-why_its_here,db,loop-cafe,why_its_here,"High-protein breakfast cafe in Pererenan. The menu is built on eggs, salmon, chicken, cottage cheese, Greek yoghurt, oats and sourdough. Six protein shakes for after training. Specialty coffee, smoothie bowls, wraps and vegan options.","Eggs, salmon, chicken, cottage cheese, Greek yoghurt, oats and sourdough make up the menu at LOOP, a high-protein breakfast cafe in Pererenan. Six protein shakes are made for after training. Specialty coffee and smoothie bowls share the menu with wraps and vegan options.",replace,"category-formula opener replaced by the name; two verbless fragments given verbs; two lists reduced to one; no fact dropped; opening re-ordered to break the '<Name> is a' run (wave-db opener pass, 2026-10-06), same words and facts",wave-db 2026-10-05: style rewrite of the record's own text (rung 2); facts not re-verified,ДА
W-loop-cafe-not_for,db,loop-cafe,not_for,Dinner - the kitchen closes at 18:00,"Dinner, since the kitchen closes at 18:00",replace,spaced hyphen replaced by 'since',wave-db 2026-10-05: style rewrite of the record's own text (rung 2); facts not re-verified,ДА
W-lowcal-cheatery-and-bar-why_its_here,db,lowcal-cheatery-and-bar,why_its_here,"LowCal builds its menu around low-calorie, paleolithic and ketogenic options. The venue trains and employs deaf team members across kitchen, bar and service roles. Dinner choices include chicken, pork, fish and vegetarian dishes with low-carb sides.","LowCal, on Jalan Pantai Batu Bolong, builds a low-calorie menu that also covers paleolithic and ketogenic eating. It trains and employs deaf team members across kitchen, bar and service roles. Dinner choices include chicken, pork, fish and vegetarian dishes, with low-carb sides.",replace,"three 'X, Y and Z' lists reduced to one; street added from the record's own address so the opening says where it is; no fact dropped",wave-db 2026-10-05: style rewrite of the record's own text (rung 2); facts not re-verified,ДА
W-lowcal-cheatery-and-bar-best_for,db,lowcal-cheatery-and-bar,best_for,Health-led dining that includes low-carb choices and an inclusive service team.,"A health-led meal with low-carb choices, served by an inclusive team",replace,'dining that includes' -> 'meal with'; trailing full stop removed,wave-db 2026-10-05: style rewrite of the record's own text (rung 2); facts not re-verified,ДА
W-lowcal-cheatery-and-bar-not_for,db,lowcal-cheatery-and-bar,not_for,Diners seeking a traditional Balinese warung meal.,"A traditional Balinese warung meal, because the menu is built around low-calorie, paleolithic and ketogenic food",replace,'Diners seeking' opener cut; reason attached from the record's own menu description,wave-db 2026-10-05: style rewrite of the record's own text (rung 2); facts not re-verified,ДА
W-lulu-bistrot-why_its_here,db,lulu-bistrot,why_its_here,"A French bistro on Jl. Pantai Batu Bolong serving classic bistro cooking made with local, seasonal ingredients in a relaxed, grand-cafe-inspired room and bar. It opens in the evenings with an early happy hour.","On Jl. Pantai Batu Bolong, Lulu Bistrot cooks classic French bistro dishes with local, seasonal ingredients. The room and bar take their cue from the grand cafes. It opens in the evenings, with an early happy hour.",replace,"dropped 'relaxed' (impression, no fact); 'grand-cafe-inspired' -> 'take their cue from the grand cafes'; one long sentence split; opening re-ordered to break the '<Name> is a' run (wave-db opener pass, 2026-10-06), same words and facts",wave-db 2026-10-05: style rewrite of the record's own text (rung 2); facts not re-verified,ДА
W-lulu-bistrot-best_for,db,lulu-bistrot,best_for,Couples and small groups wanting an unhurried French dinner and drinks in the evening.,Couples and small groups after an unhurried French dinner and drinks,replace,'wanting' -> 'after'; 'in the evening' cut (dinner says it); trailing full stop removed,wave-db 2026-10-05: style rewrite of the record's own text (rung 2); facts not re-verified,ДА
W-lulu-bistrot-not_for,db,lulu-bistrot,not_for,Not a quick warung stop or a budget meal.,A quick warung stop or a budget meal: Lulu serves unhurried French bistro dinners,replace,'Not a ...' opener removed; reason attached after a colon,wave-db 2026-10-05: style rewrite of the record's own text (rung 2); facts not re-verified,ДА
W-luma-why_its_here,db,luma,why_its_here,"An intimate, 30-seat open-air spot on Batu Bolong doing rustic Mediterranean small plates — Spanish- and Italian-style grazing — from chefs Cameron Emirali (10 Greek Street, London) and Kieran Morland (Merah Putih, Sangsaka). Draught beer, cocktails on tap and vinyl DJs on weekends.","An intimate, 30-seat open-air spot on Batu Bolong, Luma cooks rustic Mediterranean small plates. The chefs are Cameron Emirali, of 10 Greek Street in London, and Kieran Morland, of Merah Putih and Sangsaka. Beer and cocktails are on tap; vinyl DJs play at weekends.",replace,two em dashes and the brackets removed; 'Spanish- and Italian-style grazing' moved to best_for; 'Draught beer' -> 'Beer ... on tap'; 38-word sentence split,wave-db 2026-10-05: style rewrite of the record's own text (rung 2); facts not re-verified,ДА
W-luma-best_for,db,luma,best_for,Golden-hour drinks and small plates; date night; a lively pre-dinner stop that becomes the evening.,"Spanish- and Italian-style grazing over golden-hour drinks, on a date or as a lively pre-dinner stop that becomes the evening",replace,three-part semicolon chain merged into one clause; grazing style moved here from why_its_here; trailing full stop removed,wave-db 2026-10-05: style rewrite of the record's own text (rung 2); facts not re-verified,ДА
W-lyma-beach-why_its_here,db,lyma-beach,why_its_here,"A beachfront bar and restaurant on Pantai Lima where the river meets the ocean, known for sunset views, cocktails and live entertainment through the week.","Lyma Beach is a beachfront bar and restaurant on Pantai Lima, where the river meets the ocean. Expect sunset views, cocktails and live entertainment through the week.",replace,dropped 'known for' (popularity frame); the three things it was 'known for' kept as plain facts,wave-db 2026-10-05: style rewrite of the record's own text (rung 2); facts not re-verified,ДА
W-lyma-beach-best_for,db,lyma-beach,best_for,"Sunset drinks by the beach, group get-togethers, and a relaxed beachfront meal with live music.","Sunset drinks with a group, or a beachfront meal to live music",replace,dropped 'relaxed' (impression); 'group get-togethers' -> 'with a group'; trailing full stop removed,wave-db 2026-10-05: style rewrite of the record's own text (rung 2); facts not re-verified,ДА
W-lyma-beach-not_for,db,lyma-beach,not_for,A quiet work session or an intimate fine-dining evening.,"A quiet work session or an intimate fine-dining evening, because there's live entertainment through the week",replace,reason attached from why_its_here,wave-db 2026-10-05: style rewrite of the record's own text (rung 2); facts not re-verified,ДА
W-manhattan-cocktail-hookah-kitchen-why_its_here,db,manhattan-cocktail-hookah-kitchen,why_its_here,"Manhattan is a cocktail bar with shisha service and a kitchen on Jl. Pantai Batu Bolong. It publishes no website — only a link page — and its menu is not readable online, so what we can confirm is the format, the address and that booking runs through WhatsApp.","Manhattan puts shisha service and a kitchen alongside a cocktail bar on Jl. Pantai Batu Bolong. It publishes no website beyond a link page, and its menu is not readable online. We can confirm the format, the address and WhatsApp booking.",replace,two em dashes removed; 'only a link page' -> 'no website beyond a link page'; 31-word sentence split; no fact dropped,wave-db 2026-10-05: style rewrite of the record's own text (rung 2); facts not re-verified,ДА
W-manhattan-cocktail-hookah-kitchen-best_for,db,manhattan-cocktail-hookah-kitchen,best_for,"Cocktails and shisha with a kitchen attached, on Batu Bolong.","Cocktails and shisha with a kitchen attached, on Batu Bolong",replace,trailing full stop removed,wave-db 2026-10-05: style rewrite of the record's own text (rung 2); facts not re-verified,ДА
W-mason-why_its_here,db,mason,why_its_here,"A moody, minimalist grill on Batu Bolong (trading as MASONRY.) built around wood-fired, Mediterranean-leaning cooking, in-house charcuterie and a serious wine and cocktail list. It's one of Canggu's go-to rooms for a proper sit-down dinner.","Trading as MASONRY., Mason runs a moody, minimalist grill on Batu Bolong. The cooking is wood-fired and leans Mediterranean, the charcuterie is made in-house, and there is a wine and cocktail list.",replace,"dropped 'one of Canggu's go-to rooms' (ranking claim, no source), 'serious' and 'proper' (soft words); 'sit-down dinner' moved to best_for; opening re-ordered to break the '<Name> is a' run (wave-db opener pass, 2026-10-06), same words and facts",wave-db 2026-10-05: style rewrite of the record's own text (rung 2); facts not re-verified,ДА
W-mason-best_for,db,mason,best_for,"Wood-fired grill and charcuterie with a serious wine list, from midday to late.","A sit-down meal of wood-fired grill, charcuterie and wine, from midday to late",replace,dropped 'serious' (soft word); 'sit-down' moved here from why_its_here; trailing full stop removed,wave-db 2026-10-05: style rewrite of the record's own text (rung 2); facts not re-verified,ДА
W-mason-not_for,db,mason,not_for,"The Chop House room — it runs dinner only, Tuesday to Saturday.","Lunch in the Chop House room, which runs dinner only, Tuesday to Saturday",replace,dash replaced by 'which' (three neighbouring cards used a dash); says who it does not suit,wave-db 2026-10-05: style rewrite of the record's own text (rung 2); facts not re-verified,ДА
W-mia-asian-modern-inspired-restaurant-and-bar-why_its_here,db,mia-asian-modern-inspired-restaurant-and-bar,why_its_here,"MiA is a modern Asian restaurant and bar off Jl. Raya Semat, built around a sharing format — sushi rolls, raw plates, curries, wok and grill — running from evening into the early hours at weekends.","Off Jl. Raya Semat, MiA is a modern Asian restaurant and bar built around sharing. Sushi rolls, raw plates, curries, wok and grill dishes make up the menu, and it runs into the early hours at weekends.",replace,"two em dashes removed; 'sharing format' -> 'sharing'; one 33-word sentence split; no fact dropped | 2026-10-08 founder rule 1: removed ""from evening"" (visible hours open at 12:00 Monday to Thursday)",wave-db 2026-10-05: style rewrite of the record's own text (rung 2); facts not re-verified,ДА
W-mia-asian-modern-inspired-restaurant-and-bar-best_for,db,mia-asian-modern-inspired-restaurant-and-bar,best_for,"Modern Asian sharing plates and sushi, dinner into late, off Jl. Raya Semat.",Dinner into the late hours over modern Asian sharing plates and sushi,replace,starts with the moment; 'off Jl. Raya Semat' left to why_its_here; trailing full stop removed,wave-db 2026-10-05: style rewrite of the record's own text (rung 2); facts not re-verified,ДА
W-miel-specialty-coffee-canggu-why_its_here,db,miel-specialty-coffee-canggu,why_its_here,"A serious specialty-coffee cafe on Batu Bolong with a dedicated brew bar (V60, pour-over, cold brew) built on quality beans, set in a bright, plant-filled, high-ceilinged space. Spacious tables, quiet room and fast wifi make it a genuine work spot as much as a coffee stop.","MIEL is a specialty-coffee cafe on Batu Bolong with a brew bar for V60, pour-over and cold brew. The space is bright and plant-filled, with high ceilings. Spacious tables and fast wifi in a quiet room make it a work spot too.",replace,"dropped 'serious' (soft word), 'dedicated', 'quality' (unsourced evaluation of the beans), 'genuine' (intensifier) and 'set in' (stock phrase); two long sentences split",wave-db 2026-10-05: style rewrite of the record's own text (rung 2); facts not re-verified,ДА
W-miel-specialty-coffee-canggu-best_for,db,miel-specialty-coffee-canggu,best_for,Coffee-focused solo travellers and remote workers who want a proper filter coffee and a calm table to sit and work for a few hours; also an easy morning brunch.,"Remote workers after filter coffee and a calm table for a few hours, or an easy morning brunch",replace,dropped 'Coffee-focused solo travellers ... who want' and 'proper' (soft word); one clause instead of two,wave-db 2026-10-05: style rewrite of the record's own text (rung 2); facts not re-verified,ДА
W-miel-specialty-coffee-canggu-not_for,db,miel-specialty-coffee-canggu,not_for,Best in the daytime rather than as an evening or late-night hangout.,An evening or late-night hangout; it is at its best in the daytime,replace,order flipped so the field says who it does not suit first,wave-db 2026-10-05: style rewrite of the record's own text (rung 2); facts not re-verified,ДА
W-milk-and-madu-berawa-why_its_here,db,milk-and-madu-berawa,why_its_here,"The Berawa flagship of Milk & Madu, a long-running all-day Canggu cafe brand doing hearty brunch, lava-stone pizzas and family-friendly dinners. A dependable, crowd-pleasing all-rounder.","The Berawa flagship of Milk & Madu, an all-day Canggu cafe brand. It does hearty brunch, lava-stone pizzas and family-friendly dinners.",replace,"dropped 'long-running' (no date in the record) and 'A dependable, crowd-pleasing all-rounder' (evaluation and popularity claim)",wave-db 2026-10-05: style rewrite of the record's own text (rung 2); facts not re-verified,ДА
W-milk-and-madu-berawa-best_for,db,milk-and-madu-berawa,best_for,Families and groups; a big post-surf brunch; an easy all-day meal that suits fussy and hungry tables alike.,"Families and groups, from a big post-surf brunch to an easy all-day meal for fussy and hungry tables alike",replace,three-part semicolon chain merged into one clause; trailing full stop removed,wave-db 2026-10-05: style rewrite of the record's own text (rung 2); facts not re-verified,ДА
W-milk-and-madu-berawa-not_for,db,milk-and-madu-berawa,not_for,"Couples seeking an intimate, quiet dining atmosphere.","A quiet, intimate dinner for a couple, because the dinners here are family-friendly",replace,dropped 'atmosphere' (stock word); reason attached from why_its_here,wave-db 2026-10-05: style rewrite of the record's own text (rung 2); facts not re-verified,ДА
W-milu-by-nook-why_its_here,db,milu-by-nook,why_its_here,"A long-standing Berawa restaurant set in a garden overlooking a small rice paddy on Jl. Pantai Berawa, serving Balinese-Western dishes and coffee from morning until night.","Milu by Nook, a restaurant on Jl. Pantai Berawa, has a garden looking over a small rice paddy. It serves Balinese-Western dishes and coffee from morning until night.",replace,"dropped 'long-standing' (no date in the record) and 'set in' (stock phrase); one 26-word sentence split; opening re-ordered to break the '<Name> is a' run (wave-db opener pass, 2026-10-06), same words and facts",wave-db 2026-10-05: style rewrite of the record's own text (rung 2); facts not re-verified,ДА
W-milu-by-nook-best_for,db,milu-by-nook,best_for,A calm garden brunch or dinner over a Berawa rice paddy.,A calm garden brunch or dinner over a Berawa rice paddy,replace,trailing full stop removed,wave-db 2026-10-05: style rewrite of the record's own text (rung 2); facts not re-verified,ДА
W-mission-flow-studio-why_its_here,db,mission-flow-studio,why_its_here,"Mission Flow Studio is a yoga and conscious-movement studio in Pererenan, set in a light-filled space with panoramic windows minutes from the sea, offering Vinyasa flow, Yin and Restorative classes with a rotating roster of experienced teachers.","Minutes from the sea in Pererenan, Mission Flow Studio is a light-filled space for yoga and conscious movement, with panoramic windows. Classes cover Vinyasa flow, Yin and Restorative, taught by a rotating roster of experienced teachers.",replace,dropped 'set in' and 'offering' (stock phrases); 37-word sentence split into two,wave-db 2026-10-05: style rewrite of the record's own text (rung 2); facts not re-verified,ДА
W-mission-flow-studio-best_for,db,mission-flow-studio,best_for,Travellers and locals wanting varied yoga classes (strong Vinyasa to gentle Yin/Restorative) in a serene Pererenan studio; drop-ins and regular practitioners.,"Drop-ins and regular practitioners, from strong Vinyasa to gentle Yin or Restorative",replace,dropped 'Travellers and locals wanting' opener and 'serene' (impression); brackets and slash removed; semicolon join removed,wave-db 2026-10-05: style rewrite of the record's own text (rung 2); facts not re-verified,ДА
W-moana-fish-eatery-why_its_here,db,moana-fish-eatery,why_its_here,"A Tahitian-Polynesian fish eatery on Jl. Pantai Batu Bolong serving fresh seafood — poke bowls, sashimi, carpaccio, tartare and BBQ fish — in a laid-back setting, open from morning until late.","Moana, a Tahitian-Polynesian fish eatery on Jl. Pantai Batu Bolong, opens from morning until late. The fresh seafood runs to poke bowls, sashimi, carpaccio, tartare and BBQ fish.",replace,"dropped 'in a laid-back setting' (impression; 'casual' stays in best_for); two em dashes removed; opening re-ordered to break the '<Name> is a' run (wave-db opener pass, 2026-10-06), same words and facts",wave-db 2026-10-05: style rewrite of the record's own text (rung 2); facts not re-verified,ДА
W-moana-fish-eatery-best_for,db,moana-fish-eatery,best_for,"Tahitian-Polynesian raw fish and poke, casual, from morning to late.","A casual plate of Tahitian-Polynesian raw fish or poke, any time from morning to late",replace,list of adjectives turned into one clause; trailing full stop removed,wave-db 2026-10-05: style rewrite of the record's own text (rung 2); facts not re-verified,ДА
W-mosto-berawa-why_its_here,db,mosto-berawa,why_its_here,"An intimate neo-bistro and natural wine bar in the heart of Berawa, billed as Indonesia's first natural wine bar, with a compact room of around 60 covers and a curated list of 70+ natural-wine labels from small producers alongside ingredient-focused food. An evenings-only spot for food and wine lovers.","Mosto is a neo-bistro in Berawa. The room seats around 60, and the list runs to more than 70 natural-wine labels from small producers. Food is ingredient-focused, and it opens evenings only.",replace,"dropped 'in the heart of' (cliché), 'curated' and 'spot for' (stock words), 'for food and wine lovers' (wine lovers stays in best_for); 'compact' and 'intimate' moved to not_for and best_for | 2026-10-08 founder rule 2: removed ""Billed as Indonesia's first natural wine bar"" ('first' claim with no named source in the record; 'billed as' does not attribute it to the venue's own words)",wave-db 2026-10-05: style rewrite of the record's own text (rung 2); facts not re-verified,ДА
W-mosto-berawa-best_for,db,mosto-berawa,best_for,A date or intimate dinner centred on natural wine; a small group of wine lovers,"A date, an intimate dinner over natural wine, or a small group of wine lovers",replace,semicolon join removed,wave-db 2026-10-05: style rewrite of the record's own text (rung 2); facts not re-verified,ДА
W-mosto-berawa-not_for,db,mosto-berawa,not_for,Large groups or anyone after a big beachfront party scene,"Large groups or a big beachfront party scene, since the room is compact and seats around 60",replace,reason attached: 'compact room of around 60 covers' moved here from why_its_here,wave-db 2026-10-05: style rewrite of the record's own text (rung 2); facts not re-verified,ДА
W-motion-cafe-best_for,db,motion-cafe,best_for,"Gym-goers and fitness-minded travellers wanting clean, protein-forward food and healthy breakfasts.","Gym-goers and fitness-minded travellers after clean, protein-forward food or a healthy breakfast",replace,'wanting' -> 'after'; trailing full stop removed,wave-db 2026-10-05: style rewrite of the record's own text (rung 2); facts not re-verified,ДА
W-motion-cafe-not_for,db,motion-cafe,not_for,"Diners looking for a rich, indulgent or traditional dining experience.","A rich, indulgent or traditional meal, because the menu is built around macro-friendly plates and meal prep",replace,dropped 'Diners looking for' opener and 'dining experience' (stock phrase); reason attached from why_its_here,wave-db 2026-10-05: style rewrite of the record's own text (rung 2); facts not re-verified,ДА
W-murmur-restaurant-lounge-why_its_here,db,murmur-restaurant-lounge,why_its_here,"Murmur is a two-storey all-day restaurant and lounge on Jl. Anggrek with over a hundred seats, a VIP room for eleven, and tables looking over the rice fields at sunset. Breakfast runs to 4pm, then the kitchen switches to the dinner menu and the room stays open to 2am.","Murmur is a two-storey all-day restaurant and lounge on Jl. Anggrek, with over a hundred seats and a VIP room for eleven. Tables look over the rice fields at sunset. Breakfast runs to 4pm before the dinner menu starts, and the room stays open to 2am.",replace,one 31-word sentence split; no fact dropped,wave-db 2026-10-05: style rewrite of the record's own text (rung 2); facts not re-verified,ДА
W-murmur-restaurant-lounge-best_for,db,murmur-restaurant-lounge,best_for,"A two-floor all-day room over the rice fields — breakfast to 4pm, then dinner.","A sunset table over the rice fields, with breakfast until 4pm and dinner after",replace,em dash removed; 'two-floor all-day room' left to why_its_here; trailing full stop removed,wave-db 2026-10-05: style rewrite of the record's own text (rung 2); facts not re-verified,ДА
W-nail-lesss-canggu-why_its_here,db,nail-lesss-canggu,why_its_here,"Nail Lesss is a nail salon on Jalan Pantai Pererenan offering manicures, gel and acrylic extensions and classic eyelash extensions, known for a clean space and detailed, unhurried work.","At Nail Lesss, a nail salon on Jalan Pantai Pererenan, the work is manicures, gel and acrylic extensions and classic eyelash extensions.",replace,"dropped 'known for a clean space and detailed, unhurried work' (reputation claim, no source) and 'offering' (stock word)",wave-db 2026-10-05: style rewrite of the record's own text (rung 2); facts not re-verified,ДА
W-nail-lesss-canggu-best_for,db,nail-lesss-canggu,best_for,Travellers wanting careful gel/acrylic manicures or lash extensions in Pererenan by appointment.,"A booked gel or acrylic manicure, or lash extensions, in Pererenan",replace,dropped 'Travellers wanting' opener and 'careful' (quality claim); 'by appointment' -> 'booked'; trailing full stop removed,wave-db 2026-10-05: style rewrite of the record's own text (rung 2); facts not re-verified,ДА
W-neighbourhood-food-berawa-why_its_here,db,neighbourhood-food-berawa,why_its_here,"A neighbourhood cafe and coffee shop in the heart of Berawa on Jl. Pantai Berawa, serving slow breakfasts, laid-back snacks and simple wholesome dishes made from local produce; daytime hours.","Neighbourhood Food's Berawa cafe and coffee shop, on Jl. Pantai Berawa, keeps daytime hours. It serves slow breakfasts, snacks and simple wholesome dishes made from local produce.",replace,dropped 'in the heart of' (cliché) and 'laid-back' (impression); 'daytime hours' moved to the opening sentence,wave-db 2026-10-05: style rewrite of the record's own text (rung 2); facts not re-verified,ДА
W-neighbourhood-food-berawa-best_for,db,neighbourhood-food-berawa,best_for,"A relaxed brunch, coffee and healthy casual daytime eating.","Brunch, coffee or a healthy, casual daytime meal",replace,"dropped 'relaxed' (impression); 'eating' -> 'meal'; trailing full stop removed; head re-shaped to break a run of three 'A …' best_for neighbours (wave-db opener pass, 2026-10-06), same words and facts",wave-db 2026-10-05: style rewrite of the record's own text (rung 2); facts not re-verified,ДА
W-neighbourhood-food-berawa-not_for,db,neighbourhood-food-berawa,not_for,Not an evening dinner venue - the Berawa branch closes at 6pm.,Dinner: the Berawa branch closes at 6pm,replace,'Not an evening dinner venue' opener cut; spaced hyphen replaced by a colon,wave-db 2026-10-05: style rewrite of the record's own text (rung 2); facts not re-verified,ДА
W-neighbourhood-food-seseh-why_its_here,db,neighbourhood-food-seseh,why_its_here,"A local eatery and coffee shop set among the tranquil Seseh fields, serving slow breakfasts, laid-back afternoon snacks and weekend dinners with fresh, simple dishes from local produce.","Among the Seseh fields, Neighbourhood Food has a local eatery and coffee shop. It serves slow breakfasts, afternoon snacks and weekend dinners, with fresh, simple dishes from local produce.",replace,"dropped 'tranquil' and 'laid-back' (impressions) and 'set among' (stock phrase); one 29-word sentence split; opening re-ordered to break the '<Name> is a' run (wave-db opener pass, 2026-10-06), same words and facts",wave-db 2026-10-05: style rewrite of the record's own text (rung 2); facts not re-verified,ДА
W-neighbourhood-food-seseh-best_for,db,neighbourhood-food-seseh,best_for,"A relaxed breakfast or brunch, an easy weekend dinner, and calm coffee stops away from the crowds.","A calm breakfast, brunch or coffee away from the crowds, or an easy weekend dinner",replace,dropped 'relaxed' and 'unhurried'-style repetition ('calm' kept); three-part list merged into one clause; trailing full stop removed,wave-db 2026-10-05: style rewrite of the record's own text (rung 2); facts not re-verified,ДА
W-neighbourhood-food-seseh-not_for,db,neighbourhood-food-seseh,not_for,A high-energy party or beach-club atmosphere.,A high-energy party or a beach-club scene. Meals here are slow breakfasts and weekend dinners in the fields,replace,dropped 'atmosphere' (stock word); reason attached from why_its_here after a full stop,wave-db 2026-10-05: style rewrite of the record's own text (rung 2); facts not re-verified,ДА
W-nirvana-strength-tibubeneng-why_its_here,db,nirvana-strength-tibubeneng,why_its_here,"Wellness club on Jl. Pantai Berawa with more than 100 classes a week: strength, yoga, pilates, mobility, breathwork and sound. Recovery runs to ice baths, saunas, steam rooms, hot tubs and pools. A day pass covers 20+ classes and the recovery spa.","Nirvana Strength, a wellness club on Jl. Pantai Berawa, runs more than 100 classes a week across strength, yoga, pilates, mobility, breathwork and sound. Recovery means ice baths, saunas, steam rooms, hot tubs and pools.",replace,"category-formula opener ('Wellness club on Jl. ...') replaced by the name; two 'X, Y and Z' lists reduced to one; '20+ classes' on the day pass moved to best_for",wave-db 2026-10-05: style rewrite of the record's own text (rung 2); facts not re-verified,ДА
W-nirvana-strength-tibubeneng-best_for,db,nirvana-strength-tibubeneng,best_for,A day pass that covers training and recovery,A day pass covering 20-plus classes and the recovery spa,replace,"'20+ classes and the recovery spa' moved here from why_its_here, replacing 'training and recovery'",wave-db 2026-10-05: style rewrite of the record's own text (rung 2); facts not re-verified,ДА
W-nude-berawa-why_its_here,db,nude-berawa,why_its_here,"A popular healthy cafe at a busy Berawa junction on Jl. Pantai Berawa, serving wholesome bowls, salads, wraps, smoothies and coffee from breakfast to evening; part of a small Bali group.","At a busy junction on Jl. Pantai Berawa, NÜDE runs a healthy cafe, part of a small Bali group. From breakfast to evening it serves wholesome bowls, salads, wraps, smoothies and coffee.",replace,"dropped 'popular' (popularity claim, no source); one 30-word sentence split; opening re-ordered to break the '<Name> is a' run (wave-db opener pass, 2026-10-06), same words and facts",wave-db 2026-10-05: style rewrite of the record's own text (rung 2); facts not re-verified,ДА
W-nude-berawa-best_for,db,nude-berawa,best_for,A healthy brunch or casual all-day meal - good for digital nomads and families.,Digital nomads and families after a healthy brunch or a casual all-day meal,replace,'good for' tail turned into the opening; spaced hyphen removed,wave-db 2026-10-05: style rewrite of the record's own text (rung 2); facts not re-verified,ДА
W-nude-berawa-not_for,db,nude-berawa,not_for,"A quiet, tucked-away table — it sits on a busy Berawa junction.","A quiet table out of the way, because it sits on a busy Berawa junction",replace,'tucked-away' (stock word) -> 'out of the way'; dash replaced by 'because',wave-db 2026-10-05: style rewrite of the record's own text (rung 2); facts not re-verified,ДА
W-obsidian-gym-bali-canggu-best_for,db,obsidian-gym-bali-canggu,best_for,Serious lifters who want top-tier kit and don't mind a premium day pass (449k).,"Lifters after top-tier kit, with recovery on site",replace,"dropped 'Serious' (soft word); 'don't mind a premium day pass (449k)' relocated to not_for, where it is fit context",wave-db 2026-10-05: style rewrite of the record's own text (rung 2); facts not re-verified,ДА
W-obsidian-gym-bali-canggu-not_for,db,obsidian-gym-bali-canggu,not_for,,A low-cost drop-in: the premium day pass is 449k,replace,relocated from best_for ('don't mind a premium day pass (449k)'); no new fact,wave-db 2026-10-05: style rewrite of the record's own text (rung 2); facts not re-verified,ДА
W-only-nails-pererenan-why_its_here,db,only-nails-pererenan,why_its_here,"Only Nails is a nail salon on Jl. Raya Tiyingtutul in Pererenan specialising in the Russian manicure technique and long-wear gel systems, with an option for 4-hands manicure-and-pedicure service in a calm, retreat-like space.","The Russian manicure technique and long-wear gel are the speciality at Only Nails, a nail salon on Jl. Raya Tiyingtutul in Pererenan. A 4-hands service does manicure and pedicure at once, and the space is calm.",replace,"dropped 'retreat-like' (stock word; 'calm' kept); 'gel systems' -> 'gel'; one 33-word sentence split; opening re-ordered to break the '<Name> is a' run (wave-db opener pass, 2026-10-06), same words and facts",wave-db 2026-10-05: style rewrite of the record's own text (rung 2); facts not re-verified,ДА
W-only-nails-pererenan-best_for,db,only-nails-pererenan,best_for,"Travellers wanting a precise Russian manicure or long-lasting gel work, including quick 4-hands mani-pedi sessions, in Pererenan.","A precise Russian manicure or long-lasting gel, or a quick 4-hands mani-pedi",replace,dropped 'Travellers wanting' opener; 'in Pererenan' left to why_its_here; trailing full stop removed,wave-db 2026-10-05: style rewrite of the record's own text (rung 2); facts not re-verified,ДА
W-paed-thai-canggu-why_its_here,db,paed-thai-canggu,why_its_here,"Thai restaurant on Jl. Canggu Padang Linjong, part of the Wonderspace group. Tom yum goong, pad thai, green curry and mango sticky rice. Indoor and outdoor seating facing rice fields.","Part of the Wonderspace group, Paed Thai cooks Thai food on Jl. Canggu Padang Linjong. The menu has tom yum goong, pad thai, green curry and mango sticky rice. Indoor and outdoor tables face rice fields.",replace,three verbless fragments in a row given verbs; category-formula opener replaced by the name; no fact dropped,wave-db 2026-10-05: style rewrite of the record's own text (rung 2); facts not re-verified,ДА
W-pizza-fabbrica-why_its_here,db,pizza-fabbrica,why_its_here,"A Neapolitan pizzeria on Jl. Batu Mejan turning out wood-fired, thin and light pizzas plus fresh pasta in an industrial-chic space, with a second branch in Umalas.","Pizza Fabbrica is a Neapolitan pizzeria on Jl. Batu Mejan, with a second branch in Umalas. The pizzas are wood-fired, thin and light, the pasta is fresh, and the room is industrial in style.",replace,'industrial-chic' -> 'industrial in style' (stock word 'chic'); 'turning out' dropped; 28-word sentence split,wave-db 2026-10-05: style rewrite of the record's own text (rung 2); facts not re-verified,ДА
W-pizza-fabbrica-best_for,db,pizza-fabbrica,best_for,"A casual pizza dinner with friends or family, and groups sharing.","A casual pizza dinner with friends, family or a group sharing",replace,'and groups sharing' folded into the one clause; trailing full stop removed,wave-db 2026-10-05: style rewrite of the record's own text (rung 2); facts not re-verified,ДА
W-poule-de-luxe-bali-why_its_here,db,poule-de-luxe-bali,why_its_here,"French patisserie and bakery on Jl. Batu Belig serving authentic pastries; best known for its cream puffs, plus macarons, tarts and viennoiserie. Take-away/eat-in, and supplies desserts to villas, parties and restaurants.","Poule de Luxe makes cream puffs, macarons, tarts and viennoiserie in its French patisserie and bakery on Jl. Batu Belig. You can eat in or take away. It also supplies desserts to villas and restaurants, and for parties.",replace,"dropped 'authentic' (evaluation) and 'best known for its cream puffs' (popularity frame; cream puffs kept in the list); two 'X, Y and Z' lists reduced to one",wave-db 2026-10-05: style rewrite of the record's own text (rung 2); facts not re-verified,ДА
W-poule-de-luxe-bali-best_for,db,poule-de-luxe-bali,best_for,a pastry or coffee stop and sweet take-away; celebration/letter cakes and gifts; grab-and-go breakfast pastries,"A pastry with coffee, a grab-and-go breakfast, or a letter cake or gift for a celebration",replace,three-part semicolon chain merged into one clause; 'sweet take-away' left to why_its_here (eat in or take away); capitalised,wave-db 2026-10-05: style rewrite of the record's own text (rung 2); facts not re-verified,ДА
W-poule-de-luxe-bali-not_for,db,poule-de-luxe-bali,not_for,anyone wanting a full sit-down meal or savoury dinner,"A full sit-down meal or a savoury dinner, since it bakes pastries and cakes",replace,"'anyone wanting' opener cut; reason attached from the record (pastries, letter cakes); capitalised",wave-db 2026-10-05: style rewrite of the record's own text (rung 2); facts not re-verified,ДА
W-revolver-canggu-why_its_here,db,revolver-canggu,why_its_here,"The Canggu outpost of Revolver, a homegrown Bali coffee brand (est. 2012) that roasts its own beans. An all-day cafe on Jl. Nelayan doing serious espresso, full brunch and heavier evening plates, turning bar-ish after dark.","Revolver, a Bali coffee brand founded in 2012, roasts its own beans; this is its all-day cafe on Jl. Nelayan in Canggu. Espresso and full brunch run by day, heavier plates in the evening, and it turns bar-ish after dark.",replace,"dropped 'serious' (soft word); 'homegrown Bali' -> 'Bali'; 'est. 2012' -> 'founded in 2012'; 'outpost' opener reworded; opening re-ordered to break the '<Name> is a' run (wave-db opener pass, 2026-10-06), same words and facts",wave-db 2026-10-05: style rewrite of the record's own text (rung 2); facts not re-verified,ДА
W-revolver-canggu-best_for,db,revolver-canggu,best_for,Coffee-led brunch after surf; a laptop-friendly morning; an easy all-day sit-down.,"Coffee-led brunch after a surf, a morning on the laptop, or an easy all-day sit-down",replace,"three-part semicolon chain merged into one clause; trailing full stop removed; head re-shaped to break a run of three 'A …' best_for neighbours (wave-db opener pass, 2026-10-06), same words and facts",wave-db 2026-10-05: style rewrite of the record's own text (rung 2); facts not re-verified,ДА
W-revolver-canggu-not_for,db,revolver-canggu,not_for,A calm evening meal -- it turns bar-ish after dark.,"A calm evening meal, since it turns bar-ish after dark",replace,double hyphen replaced by 'since',wave-db 2026-10-05: style rewrite of the record's own text (rung 2); facts not re-verified,ДА
W-rise-and-shine-cafe-why_its_here,db,rise-and-shine-cafe,why_its_here,"A long-running, colourful all-day breakfast and lunch cafe on Jl. Padang Linjong in Canggu (open since 2017) serving fresh, health-conscious comfort food, coffee and juices in an open-air, al-fresco setting.","Open since 2017 on Jl. Padang Linjong, Rise and Shine is a colourful all-day breakfast and lunch cafe. It serves fresh, health-conscious comfort food with coffee and juices, all in the open air.",replace,"dropped 'long-running' (the year says it) and 'in Canggu' (district shown on the page); 'open-air, al-fresco setting' -> 'in the open air'; 34-word sentence split",wave-db 2026-10-05: style rewrite of the record's own text (rung 2); facts not re-verified,ДА
W-rise-and-shine-cafe-best_for,db,rise-and-shine-cafe,best_for,"A bright, casual morning-after-the-beach breakfast or brunch, good for solo travellers, couples and small groups wanting healthy plates.","A healthy breakfast or brunch after the beach, for solo travellers, couples and small groups",replace,dropped 'bright' and 'casual' (impressions) and the 'good for ... wanting' frame; 'morning-after-the-beach' -> 'after the beach'; two lists reduced to one,wave-db 2026-10-05: style rewrite of the record's own text (rung 2); facts not re-verified,ДА
W-rise-and-shine-cafe-not_for,db,rise-and-shine-cafe,not_for,A daytime breakfast-and-lunch spot rather than an evening dinner or drinks venue.,"Evening dinner or drinks, because it serves breakfast and lunch by day",replace,"turned from a description of the venue into who it does not suit, reason joined with 'because'",wave-db 2026-10-05: style rewrite of the record's own text (rung 2); facts not re-verified,ДА
W-rite-bali-why_its_here,db,rite-bali,why_its_here,"A wellness club on Jl. Pantai Pererenan combining a gym, yoga classes and a recovery zone with a sauna, a cold plunge held at 7-9°C, a jacuzzi and a steam room. Recovery and gym access are bundled on a day pass (500k).","RITE Bali, a wellness club on Jl. Pantai Pererenan, has a gym, yoga classes and a recovery zone. Recovery pairs a sauna and steam room with a jacuzzi and a 7-9°C cold plunge. A 500k day pass bundles recovery with gym access.",replace,"'combining' dropped; one 31-word sentence split; two 'X, Y and Z' lists reduced to one; brackets removed; no fact dropped; opening re-ordered to break the '<Name> is a' run (wave-db opener pass, 2026-10-06), same words and facts",wave-db 2026-10-05: style rewrite of the record's own text (rung 2); facts not re-verified,ДА
W-rite-bali-best_for,db,rite-bali,best_for,"Active travellers and athletes who want training, yoga and contrast recovery in one Pererenan spot.","Athletes and active travellers after training, yoga and contrast recovery in one Pererenan spot",replace,'who want' -> 'after'; trailing full stop removed,wave-db 2026-10-05: style rewrite of the record's own text (rung 2); facts not re-verified,ДА
W-rite-bali-not_for,db,rite-bali,not_for,Anyone looking for a traditional pampering spa rather than an active recovery and fitness space.,"A traditional pampering spa. Recovery here is sauna, steam room, jacuzzi and cold plunge",replace,'Anyone looking for' opener cut; reason taken from why_its_here after a full stop,wave-db 2026-10-05: style rewrite of the record's own text (rung 2); facts not re-verified,ДА
W-rite-bali-recovery-canggu-why_its_here,db,rite-bali-recovery-canggu,why_its_here,"The recovery-and-spa side of RITE Bali in Pererenan — sauna, ice bath and bodywork bundled with gym access on a day pass (500k).","The recovery-and-spa side of RITE Bali in Pererenan. Sauna, ice bath and bodywork come bundled with gym access on a 500k day pass.",replace,em dash and brackets removed; one sentence split into two; no fact dropped,wave-db 2026-10-05: style rewrite of the record's own text (rung 2); facts not re-verified,ДА
W-rite-bali-recovery-canggu-best_for,db,rite-bali-recovery-canggu,best_for,Fitness travellers who want training plus contrast recovery in one Pererenan spot.,Fitness travellers pairing training with contrast recovery on one day pass,replace,'who want training plus ... in one Pererenan spot' -> 'pairing training with ... on one day pass' (the day pass is in why_its_here); trailing full stop removed,wave-db 2026-10-05: style rewrite of the record's own text (rung 2); facts not re-verified,ДА
W-rite-bali-yoga-canggu-why_its_here,db,rite-bali-yoga-canggu,why_its_here,"The yoga strand of RITE Bali in Pererenan, offering classes alongside the club's gym and recovery facilities.","The yoga strand of RITE Bali in Pererenan, with classes alongside the club's gym and recovery facilities.",replace,'offering' (stock word) -> 'with'; no fact dropped,wave-db 2026-10-05: style rewrite of the record's own text (rung 2); facts not re-verified,ДА
W-rite-bali-yoga-canggu-best_for,db,rite-bali-yoga-canggu,best_for,Members and visitors who want yoga bundled with training and recovery.,Members and visitors after yoga bundled with training and recovery,replace,'who want' -> 'after'; trailing full stop removed,wave-db 2026-10-05: style rewrite of the record's own text (rung 2); facts not re-verified,ДА
W-riviera-bistro-berawa-why_its_here,db,riviera-bistro-berawa,why_its_here,"A modern Mediterranean bistro and wine bar in Berawa (open since 2020) with whitewashed arches, an extensive wine list and a daily Aperitivo hour; open from late morning until late, with a Saturday DJ night.","Riviera Bistro, open since 2020, is a modern Mediterranean bistro and wine bar in Berawa with whitewashed arches. The wine list is extensive, Aperitivo hour runs daily, and Saturday is DJ night. It opens from late morning until late.",replace,one 35-word sentence split into three; brackets and semicolon removed; no fact dropped,wave-db 2026-10-05: style rewrite of the record's own text (rung 2); facts not re-verified,ДА
W-riviera-bistro-berawa-best_for,db,riviera-bistro-berawa,best_for,"Date night, aperitivo and dinner with drinks, and lively evenings.","A date night, aperitivo, or a lively evening of dinner and drinks",replace,list tidied into one clause; trailing full stop removed,wave-db 2026-10-05: style rewrite of the record's own text (rung 2); facts not re-verified,ДА
W-riviera-bistro-berawa-not_for,db,riviera-bistro-berawa,not_for,Not a quiet or budget spot.,"A quiet or budget spot. Evenings here are lively, with a Saturday DJ night",replace,'Not a ...' opener cut; reason attached from the record after a full stop,wave-db 2026-10-05: style rewrite of the record's own text (rung 2); facts not re-verified,ДА
W-riviera-cafe-cemagi-why_its_here,db,riviera-cafe-cemagi,why_its_here,"A tranquil garden cafe in quiet Cemagi from the Riviera Group, leaning Mediterranean-Italian, with cozy interiors, greenery and live acoustic music on Saturday evenings.","Riviera Group's garden cafe in quiet Cemagi leans Mediterranean-Italian, with cozy interiors and greenery. Live acoustic music plays on Saturday evenings.",replace,dropped 'tranquil' (impression; 'quiet' kept); one 25-word sentence split,wave-db 2026-10-05: style rewrite of the record's own text (rung 2); facts not re-verified,ДА
W-riviera-cafe-cemagi-best_for,db,riviera-cafe-cemagi,best_for,"A calm, unhurried breakfast, lunch or relaxed evening meal away from the Canggu crowds; couples wanting a low-key setting.","Calm breakfasts, lunches or evening meals away from the Canggu crowds, or a low-key night for a couple",replace,"dropped 'unhurried' and 'relaxed' (impressions; 'calm' kept); 'couples wanting a low-key setting' folded in; semicolon join removed; head re-shaped to break a run of three 'A …' best_for neighbours (wave-db opener pass, 2026-10-06), same words and facts",wave-db 2026-10-05: style rewrite of the record's own text (rung 2); facts not re-verified,ДА
W-riviera-cafe-cemagi-not_for,db,riviera-cafe-cemagi,not_for,Beachfront views or a high-energy party scene.,Beachfront views or a high-energy party scene: the cafe sits in a garden in quiet Cemagi,replace,reason attached from why_its_here after a colon,wave-db 2026-10-05: style rewrite of the record's own text (rung 2); facts not re-verified,ДА
W-riviera-trattoria-pererenan-why_its_here,db,riviera-trattoria-pererenan,why_its_here,"The Riviera Group's Pererenan trattoria for authentic Italian: hand-rolled pastas, Neapolitan pizzas and an extensive wine and cocktail list in a cozy, lively room.","The Riviera Group's Italian trattoria in Pererenan does hand-rolled pastas and Neapolitan pizzas, with an extensive wine and cocktail list. The room is cozy and lively.",replace,dropped 'authentic' (evaluation); colon list rewritten as two sentences,wave-db 2026-10-05: style rewrite of the record's own text (rung 2); facts not re-verified,ДА
W-riviera-trattoria-pererenan-best_for,db,riviera-trattoria-pererenan,best_for,"Date night, group dinners over shared Italian plates and wine, and a lively casual evening.","A date night, a group dinner over shared plates and wine, or a lively, casual evening",replace,list tidied into one clause; 'Italian' left to why_its_here; trailing full stop removed,wave-db 2026-10-05: style rewrite of the record's own text (rung 2); facts not re-verified,ДА
W-riviera-trattoria-pererenan-not_for,db,riviera-trattoria-pererenan,not_for,A quiet daytime work cafe or beachfront setting.,"A quiet daytime work session or a beachfront table, because the trattoria room is cozy and lively",replace,reason attached from why_its_here,wave-db 2026-10-05: style rewrite of the record's own text (rung 2); facts not re-verified,ДА
W-rize-cafe-why_its_here,db,rize-cafe,why_its_here,"A Pererenan cafe serving contemporary Indian home cooking alongside brunch classics, craft cocktails and house chai, with spices ground daily and dishes rooted in family recipes.","Spices are ground daily at Rize, a Pererenan cafe serving contemporary Indian home cooking rooted in family recipes. Brunch classics, craft cocktails and house chai fill out the menu.",replace,"one 26-word sentence split; two lists reduced to one; no fact dropped; opening re-ordered to break the '<Name> is a' run (wave-db opener pass, 2026-10-06), same words and facts",wave-db 2026-10-05: style rewrite of the record's own text (rung 2); facts not re-verified,ДА
W-rize-cafe-best_for,db,rize-cafe,best_for,"Spice lovers wanting Indian food, a distinctive brunch, or cocktails and chai in a relaxed setting; small groups sharing dishes.","Spice lovers and small groups sharing Indian dishes, a distinctive brunch, or cocktails and chai",replace,dropped 'wanting' and 'in a relaxed setting' (impression); semicolon join removed; trailing full stop removed,wave-db 2026-10-05: style rewrite of the record's own text (rung 2); facts not re-verified,ДА
W-rize-cafe-not_for,db,rize-cafe,not_for,Diners after a beach-club or sunset-view scene.,"A beach-club or sunset-view scene, because the focus is Indian home cooking",replace,'Diners after' opener cut; reason attached from why_its_here,wave-db 2026-10-05: style rewrite of the record's own text (rung 2); facts not re-verified,ДА
W-ruko-cafe-why_its_here,db,ruko-cafe,why_its_here,"An Australian-style neighbourhood cafe about 300m from Berawa beach, serving locally sourced healthy food and its own Indonesian coffee blend, with 40-50% local organic produce. A reliable daily breakfast and brunch stop.","About 300m from Berawa beach, Ruko is an Australian-style neighbourhood cafe for breakfast and brunch. The food is healthy and locally sourced, 40-50% of the produce is local and organic, and the coffee is its own Indonesian blend.",replace,dropped 'reliable' (soft word); 'daily breakfast and brunch stop' -> 'open daily for breakfast and brunch',wave-db 2026-10-05: style rewrite of the record's own text (rung 2); facts not re-verified,ДА
W-ruko-cafe-best_for,db,ruko-cafe,best_for,"Post-beach breakfast, brunch and coffee for solo travellers, couples and families who want fresh, organic-leaning food near Berawa.","Families, couples or solo travellers after a fresh, organic-leaning breakfast or brunch and coffee after the beach",replace,"two 'X, Y and Z' lists reduced to one; 'Post-beach' and 'near Berawa' left to why_its_here (300m from Berawa beach); coffee left to why_its_here; trailing full stop removed",wave-db 2026-10-05: style rewrite of the record's own text (rung 2); facts not re-verified,ДА
W-ruko-cafe-not_for,db,ruko-cafe,not_for,A daytime cafe rather than an evening or dinner destination.,An evening out or dinner: it is a daytime cafe,replace,"turned from a description of the venue into who it does not suit, reason after a colon",wave-db 2026-10-05: style rewrite of the record's own text (rung 2); facts not re-verified,ДА
W-sa-mesa-canggu-experience-dining-why_its_here,db,sa-mesa-canggu-experience-dining,why_its_here,"An Italian communal-dining restaurant in Canggu, open since early 2021 and built around a single long table. There is no menu: guests are served a set procession of roughly 14-18 shared dishes that changes daily, with plates such as tuna crudo, grilled octopus and house fettuccine placed down the middle of the table.","One long communal table is the centre of Sa'Mesa, an Italian restaurant in Canggu open since early 2021. There is no menu: guests share a set procession of roughly 14-18 dishes that changes daily. Plates like tuna crudo, grilled octopus and house fettuccine go down the middle.",replace,"two long sentences split into three; 'a single long table' -> 'one long communal table'; 'of the table' cut; no fact dropped; opening re-ordered to break the '<Name> is a' run (wave-db opener pass, 2026-10-06), same words and facts",wave-db 2026-10-05: style rewrite of the record's own text (rung 2); facts not re-verified,ДА
W-sa-mesa-canggu-experience-dining-best_for,db,sa-mesa-canggu-experience-dining,best_for,Groups and solo travellers up for a set-menu Italian dinner where you share one table with strangers rather than order for yourself.,Groups or solo diners happy to share one table with strangers over a set Italian dinner,replace,'up for ... rather than order for yourself' shortened (the set menu says it); trailing full stop removed,wave-db 2026-10-05: style rewrite of the record's own text (rung 2); facts not re-verified,ДА
W-sama-sama-prime-why_its_here,db,sama-sama-prime,why_its_here,"Sama Sama Prime is a steakhouse and sushi bar on Jl. Raya Semat, part of the Sama Sama group. Its own site describes it two ways — a steakhouse sushi bar on the homepage, a modern premium Japanese restaurant on the about page — and we have left that unreconciled rather than pick one.","Sama Sama Prime, from the Sama Sama group, combines a steakhouse and a sushi bar on Jl. Raya Semat. Its own site calls it a steakhouse sushi bar on the homepage and a modern premium Japanese restaurant on the about page. We have not settled which.",replace,two em dashes removed; 'we have left that unreconciled rather than pick one' -> 'We have not settled which'; no fact dropped,wave-db 2026-10-05: style rewrite of the record's own text (rung 2); facts not re-verified,ДА
W-sama-sama-prime-best_for,db,sama-sama-prime,best_for,"Steak and sushi under one roof, on Jl. Raya Semat in Canggu.","Steak and sushi under one roof, on Jl. Raya Semat in Canggu",replace,trailing full stop removed,wave-db 2026-10-05: style rewrite of the record's own text (rung 2); facts not re-verified,ДА
W-samadi-bali-why_its_here,db,samadi-bali,why_its_here,"A yoga and wellness hub on Jl. Padang Linjong in Canggu's Batu Bolong area, with an organic vegetarian cafe certified by the Slow Food movement, serving superfood bowls and traditional Indian dishes.","Samadi is a yoga and wellness hub on Jl. Padang Linjong, in the Batu Bolong part of Canggu. Its organic vegetarian cafe is certified by the Slow Food movement and serves superfood bowls and traditional Indian dishes.",replace,one 32-word sentence split into two; no fact dropped,wave-db 2026-10-05: style rewrite of the record's own text (rung 2); facts not re-verified,ДА
W-samadi-bali-best_for,db,samadi-bali,best_for,"Yoga-goers and wellness travellers wanting a calm, plant-based meal before or after a class.","A calm, plant-based meal on either side of a yoga class",replace,dropped 'Yoga-goers and wellness travellers wanting' opener; 'before or after' -> 'on either side of'; trailing full stop removed,wave-db 2026-10-05: style rewrite of the record's own text (rung 2); facts not re-verified,ДА
W-samadi-bali-not_for,db,samadi-bali,not_for,"Anyone after meat dishes, alcohol or a high-energy social scene.","Meat, alcohol or a high-energy social scene: the cafe is vegetarian and the hub is built around yoga",replace,'Anyone after' opener cut; reason attached from why_its_here after a colon,wave-db 2026-10-05: style rewrite of the record's own text (rung 2); facts not re-verified,ДА
W-samesa-canggu-why_its_here,db,samesa-canggu,why_its_here,"A one-of-a-kind communal Italian dinner: everyone shares one long table for a multi-course, family-style set menu inspired by an Italian grandmother's table. Dinner only, one seating, book ahead — it's an event as much as a meal.","A communal Italian dinner where everyone shares one long table. The multi-course set menu is family-style, inspired by an Italian grandmother's table. There is one seating, dinner only, and you book ahead.",replace,dropped 'one-of-a-kind' (uniqueness claim) and 'it's an event as much as a meal' (flourish); em dash removed,wave-db 2026-10-05: style rewrite of the record's own text (rung 2); facts not re-verified,ДА
W-samesa-canggu-best_for,db,samesa-canggu,best_for,"A communal Italian set-menu dinner at one long shared table, one seating a night.","Communal Italian set-menu dinners at one long shared table, one seating a night",replace,"trailing full stop removed; head re-shaped to break a run of three 'A …' best_for neighbours (wave-db opener pass, 2026-10-06), same words and facts",wave-db 2026-10-05: style rewrite of the record's own text (rung 2); facts not re-verified,ДА
W-santanera-why_its_here,db,santanera,why_its_here,"A stylish Latin American dining room and rooftop bar on Jl. Tanah Barak, blending Latin flavours with European technique and local ingredients across a sharing-focused menu. Contemporary artwork, a big seated room and a late-night bar make it a full evening out.","On Jl. Tanah Barak, Santanera pairs a Latin American dining room with a rooftop bar. The sharing menu mixes Latin flavours with European technique and local ingredients. Contemporary artwork, a big seated room and a late-night bar make a full evening of it.",replace,"dropped 'stylish' and 'blending' (stock words); one 25-word sentence split; no fact dropped; opening re-ordered to break the '<Name> is a' run (wave-db opener pass, 2026-10-06), same words and facts",wave-db 2026-10-05: style rewrite of the record's own text (rung 2); facts not re-verified,ДА
W-santanera-best_for,db,santanera,best_for,Date night; group dinners built around shared plates; a special evening with cocktails on the rooftop.,"A special evening of rooftop cocktails and shared plates, as a date or with a group",replace,three-part semicolon chain merged into one clause; trailing full stop removed,wave-db 2026-10-05: style rewrite of the record's own text (rung 2); facts not re-verified,ДА
W-satu-satu-coffee-company-why_its_here,db,satu-satu-coffee-company,why_its_here,"A family-run specialty coffee company in Berawa built on the Sudana family's Balinese single-origin beans, roasted in-house, with a bright, eco-minded white space and a simple all-day menu of bowls, sandwiches and smoothies for the post-surf crowd.","Built on the Sudana family's Balinese single-origin beans, roasted in-house, Satu-Satu is a family-run specialty coffee company in Berawa. The bright white space is eco-minded. A simple all-day menu of bowls, sandwiches and smoothies feeds the post-surf crowd.",replace,one 38-word sentence split into three; two lists reduced to one; no fact dropped,wave-db 2026-10-05: style rewrite of the record's own text (rung 2); facts not re-verified,ДА
W-satu-satu-coffee-company-best_for,db,satu-satu-coffee-company,best_for,Coffee lovers and post-surf travellers wanting well-pulled espresso built on Indonesian single origins plus a healthy breakfast or lunch bowl.,"Well-pulled espresso from Indonesian single origins for coffee lovers, or a healthy breakfast or lunch bowl after a surf",replace,dropped 'travellers wanting' frame; 'post-surf' -> 'after a surf'; trailing full stop removed,wave-db 2026-10-05: style rewrite of the record's own text (rung 2); facts not re-verified,ДА
W-satu-satu-coffee-company-not_for,db,satu-satu-coffee-company,not_for,A daytime coffee-and-brunch spot rather than an evening venue.,An evening out: coffee and brunch here are daytime affairs,replace,"turned from a description of the venue into who it does not suit, reason after a colon",wave-db 2026-10-05: style rewrite of the record's own text (rung 2); facts not re-verified,ДА
W-saya-club-why_its_here,db,saya-club,why_its_here,"Gym and coworking space in Berawa, open around the clock. Personal training and classes in pilates, reformer, boxing and yoga. Ice bath, sauna, pool and a cafe-bar on site.","Saya Club combines a gym and coworking space in Berawa. There is personal training, and classes in pilates, reformer, boxing and yoga. On site are an ice bath, a sauna, a pool and a cafe-bar.",replace,"verbless fragments given verbs; two 'X, Y and Z' lists reduced to one; no fact dropped; opening re-ordered to break the '<Name> is a' run (wave-db opener pass, 2026-10-06), same words and facts | 2026-10-08 founder rule 1: removed ""open around the clock"" (visible hours are Mo-Su 06:00-22:00)",wave-db 2026-10-05: style rewrite of the record's own text (rung 2); facts not re-verified,ДА
W-saya-club-best_for,db,saya-club,best_for,"Training at any hour, including the middle of the night",Training,replace,"2026-10-08 founder rule 1: removed ""at any hour, including the middle of the night"" (visible hours are Mo-Su 06:00-22:00); the field had no row in this list, the live text is the before",founder decision 2026-10-08,ДА
W-secana-rooftop-bali-why_its_here,db,secana-rooftop-bali,why_its_here,"Secana Rooftop sits on top of the Secana Beachtown resort in Berawa — a pool bar and restaurant open from morning to 11pm, with daybeds by day, a menu moving between Mediterranean and comfort cooking, and DJ sunset sessions on Fridays and Sundays.","On top of the Secana Beachtown resort in Berawa, Secana Rooftop is a pool bar and restaurant open from morning to 11pm. There are daybeds by day, the menu moves between Mediterranean and comfort cooking, and DJs play sunset sessions on Fridays and Sundays.",replace,em dash removed; one 41-word sentence split into two; no fact dropped,wave-db 2026-10-05: style rewrite of the record's own text (rung 2); facts not re-verified,ДА
W-secana-rooftop-bali-best_for,db,secana-rooftop-bali,best_for,"A rooftop pool bar in Berawa — daybeds by day, DJ sunsets Friday and Sunday.","A daybed by the rooftop pool, or a DJ sunset on Friday or Sunday",replace,em dash removed; starts with the moment; trailing full stop removed,wave-db 2026-10-05: style rewrite of the record's own text (rung 2); facts not re-verified,ДА
W-secret-spot-bali-why_its_here,db,secret-spot-bali,why_its_here,"A fully plant-based cafe serving vegan breakfast through dinner, with vegan croissants, bowls, curries and ramen, plus coffee roasted weekly on the island. Extras like Monday pasta nights with live jazz and a chicory coffee alternative round out the character.","Secret Spot is a fully plant-based cafe serving vegan food from breakfast through dinner: croissants, bowls, curries and ramen. The coffee is roasted weekly on the island, with chicory as an alternative. Monday is pasta night, with live jazz.",replace,dropped 'round out the character' (flourish); 'Extras like' sentence split; no fact dropped,wave-db 2026-10-05: style rewrite of the record's own text (rung 2); facts not re-verified,ДА
W-secret-spot-bali-best_for,db,secret-spot-bali,best_for,vegan breakfast and brunch; plant-based croissants and pastries; island-roasted coffee; relaxed all-day dining,"Vegan breakfast or brunch of plant-based croissants and pastries, with island-roasted coffee",replace,"four-part semicolon chain merged into one clause; dropped 'relaxed all-day dining' (impression; the hours are in why_its_here); capitalised; head re-shaped to break a run of three 'A …' best_for neighbours (wave-db opener pass, 2026-10-06), same words and facts",wave-db 2026-10-05: style rewrite of the record's own text (rung 2); facts not re-verified,ДА
W-secret-spot-bali-not_for,db,secret-spot-bali,not_for,diners set on meat or seafood dishes; anyone wanting a fast grab-and-go stop,"Meat or seafood eaters, or a fast grab-and-go stop: the menu is fully plant-based",replace,semicolon chain merged; reason attached from why_its_here; capitalised,wave-db 2026-10-05: style rewrite of the record's own text (rung 2); facts not re-verified,ДА
W-seseh-general-store-why_its_here,db,seseh-general-store,why_its_here,"An Aussie-owned corner cafe bringing Melbourne coffee culture to coastal Cemagi/Seseh, doing well-made breads, sandwiches and salads a short step from the beach, with a community-hub feel.","Melbourne coffee culture comes to coastal Cemagi and Seseh at Seseh General Store, an Aussie-owned corner cafe a short step from the beach. It does well-made breads, sandwiches and salads, and has the feel of a community hub.",replace,one 29-word sentence split; slash replaced by 'and'; no fact dropped,wave-db 2026-10-05: style rewrite of the record's own text (rung 2); facts not re-verified,ДА
W-seseh-general-store-best_for,db,seseh-general-store,best_for,"A morning coffee and pastry, a casual sandwich-and-salad lunch, and a laid-back neighbourhood cafe stop after the beach.","A morning coffee and pastry, a casual sandwich-and-salad lunch, or a stop after the beach",replace,dropped 'laid-back neighbourhood cafe' (impression); trailing full stop removed,wave-db 2026-10-05: style rewrite of the record's own text (rung 2); facts not re-verified,ДА
W-seseh-general-store-not_for,db,seseh-general-store,not_for,A sit-down dinner or a formal evening out.,"A sit-down dinner or a formal evening out, because the food is breads, sandwiches and salads",replace,reason attached from why_its_here,wave-db 2026-10-05: style rewrite of the record's own text (rung 2); facts not re-verified,ДА
W-shelter-restaurant-why_its_here,db,shelter-restaurant,why_its_here,"A wood-fired Middle Eastern and Mediterranean restaurant in Pererenan built inside a Balinese joglo with open, plant-filled architecture, a UK chef and a rotating calendar of BBQs and vinyl DJ nights. Reservations recommended.","Shelter, a wood-fired Middle Eastern and Mediterranean restaurant in Pererenan, is built inside a Balinese joglo with open, plant-filled architecture. A UK chef runs the kitchen, and a rotating calendar brings BBQs and vinyl DJ nights. Booking is recommended.",replace,"one 31-word sentence split; 'Reservations recommended' given a verb; no fact dropped; opening re-ordered to break the '<Name> is a' run (wave-db opener pass, 2026-10-06), same words and facts",wave-db 2026-10-05: style rewrite of the record's own text (rung 2); facts not re-verified,ДА
W-shelter-restaurant-best_for,db,shelter-restaurant,best_for,"Date night, group dinners and special occasions with an atmospheric, reservation-led setting.","Special occasions, date nights and group dinners, booked ahead",replace,dropped 'atmospheric' (impression); 'reservation-led setting' -> 'booked ahead'; trailing full stop removed,wave-db 2026-10-05: style rewrite of the record's own text (rung 2); facts not re-verified,ДА
W-shelter-restaurant-not_for,db,shelter-restaurant,not_for,A walk-in quick lunch or a solo laptop session.,"A quick walk-in lunch or a solo laptop session, because reservations are recommended",replace,reason attached from why_its_here,wave-db 2026-10-05: style rewrite of the record's own text (rung 2); facts not re-verified,ДА
W-shichirin-japanese-restaurant-canggu-why_its_here,db,shichirin-japanese-restaurant-canggu,why_its_here,"Japanese grill restaurant in Berawa, part of the Wonderspace group. Teppanyaki, gyukatsu and izakaya plates, with sushi and sashimi. Black cod in saikyo miso and breaded Santuri wagyu are signatures.","Shichirin brings Japanese grill cooking to Berawa as part of the Wonderspace group. The menu has teppanyaki, gyukatsu and izakaya plates. Sushi and sashimi are on it too. The house dishes are black cod in saikyo miso and breaded Santuri wagyu.",replace,category-formula opener ('Japanese grill restaurant in Berawa') reworded; verbless list given a verb; 'signatures' -> 'house dishes'; no fact dropped,wave-db 2026-10-05: style rewrite of the record's own text (rung 2); facts not re-verified,ДА
W-shosan-holistic-spa-canggu-why_its_here,db,shosan-holistic-spa-canggu,why_its_here,Wellness spa in Canggu. The published list covers Head Massage and Traditional Massage. Shosan Signature Massage is 1100K IDR for 90 minutes. Booking runs through Fresha.,"Shosan, a wellness spa in Canggu, takes bookings through Fresha. Its published list covers head massage and traditional massage, and the 90-minute Shosan Signature Massage costs 1100K IDR.",replace,"four short template sentences rewritten as two; 'Signature' kept because it is part of the treatment's name; no fact dropped; opening re-ordered to break the '<Name> is a' run (wave-db opener pass, 2026-10-06), same words and facts",wave-db 2026-10-05: style rewrite of the record's own text (rung 2); facts not re-verified,ДА
W-shosan-holistic-spa-canggu-best_for,db,shosan-holistic-spa-canggu,best_for,Head massage booked the same day.,A head massage booked the same day,replace,trailing full stop removed,wave-db 2026-10-05: style rewrite of the record's own text (rung 2); facts not re-verified,ДА
W-shosan-holistic-spa-canggu-not_for,db,shosan-holistic-spa-canggu,not_for,A budget massage — the list starts at 1100K IDR.,A budget massage: the published list starts at 1100K IDR,replace,the 'A budget massage — the list starts at' template rewritten with a colon,wave-db 2026-10-05: style rewrite of the record's own text (rung 2); facts not re-verified,ДА
W-sia-grill-and-seafood-bar-why_its_here,db,sia-grill-and-seafood-bar,why_its_here,"SIA is a casual seafood and grill bar on the Canggu Shortcut, working fresh fish with Balinese ingredients and Asian influences, with a cocktail programme alongside. Open from midday to 11pm daily.","SIA is a casual seafood and grill bar on the Canggu Shortcut. Fresh fish meets Balinese ingredients and Asian influences, and there is a cocktail programme.",replace,"one 26-word sentence reorganised so the hours come first; no fact dropped | 2026-10-08 founder rule 1: removed ""From midday to 11pm daily"" (visible hours open at 09:00, not midday; the clause goes as one unit)",wave-db 2026-10-05: style rewrite of the record's own text (rung 2); facts not re-verified,ДА
W-sia-grill-and-seafood-bar-best_for,db,sia-grill-and-seafood-bar,best_for,"Fresh seafood and grill with a cocktail bar, on the Canggu Shortcut.",Fresh seafood and grill plates with cocktails on the Canggu Shortcut,replace,'with a cocktail bar' -> 'with cocktails'; trailing full stop removed,wave-db 2026-10-05: style rewrite of the record's own text (rung 2); facts not re-verified,ДА
W-sia-grill-and-seafood-bar-not_for,db,sia-grill-and-seafood-bar,not_for,Breakfast — the kitchen opens at midday.,,null,"2026-10-08 founder rule 1: removed ""Breakfast — the kitchen opens at midday."" (visible hours open at 09:00; the whole field rests on the midday claim, so nothing is left and the field is cleared); the field had no row in this list, the live text is the before",founder decision 2026-10-08,ДА
W-skool-kitchen-why_its_here,db,skool-kitchen,why_its_here,"An open-flame kitchen on Jl. Pura Dalem in Canggu, cooking meats and seafood over wood and charcoal — a tasting menu alongside à la carte plates and cuts priced by weight. Dinner only, from 5pm. It shares its address with The Lawn Canggu; both are Project Black venues.","SKOOL Kitchen is an open-flame kitchen on Jl. Pura Dalem that cooks meats and seafood over wood and charcoal. Dinner only, from 5pm: a tasting menu, à la carte plates and cuts priced by weight. It shares an address with The Lawn Canggu, another Project Black venue.",replace,em dash removed; dropped 'in Canggu' (district shown on the page); 'both are Project Black venues' -> 'another Project Black venue'; no other fact dropped,wave-db 2026-10-05: style rewrite of the record's own text (rung 2); facts not re-verified,ДА
W-skool-kitchen-best_for,db,skool-kitchen,best_for,A special-occasion or date-night dinner with a beachside setting and drinks.,"A special-occasion or date-night dinner by the beach, with drinks",replace,"'with a beachside setting and drinks' -> 'by the beach, with drinks'; trailing full stop removed",wave-db 2026-10-05: style rewrite of the record's own text (rung 2); facts not re-verified,ДА
W-skool-kitchen-not_for,db,skool-kitchen,not_for,Daytime — it opens at 5pm daily.,"Daytime plans, since it opens at 5pm daily",replace,dash replaced by 'since' (three neighbouring cards used a dash),wave-db 2026-10-05: style rewrite of the record's own text (rung 2); facts not re-verified,ДА
W-smoke-grill-master-and-barbeque-bali-why_its_here,db,smoke-grill-master-and-barbeque-bali,why_its_here,"SMOKE is an open-fire barbecue restaurant at Echo Beach, seating guests outdoors, in a tent or indoors, with a private backyard barn and a chef's table for groups of ten or more booked 48 hours ahead.","SMOKE cooks open-fire barbecue at Echo Beach, with seating outdoors, in a tent or indoors. It also has a private backyard barn and a chef's table, for groups of ten or more booked 48 hours ahead.",replace,"one 34-word sentence split; the ten-or-more / 48-hours condition kept on the chef's table, as in the original; no fact dropped",wave-db 2026-10-05: style rewrite of the record's own text (rung 2); facts not re-verified,ДА
W-smoke-grill-master-and-barbeque-bali-best_for,db,smoke-grill-master-and-barbeque-bali,best_for,"Open-fire barbecue at Echo Beach — tent, indoor or garden seating.","Open-fire barbecue at Echo Beach, in the tent, indoors or in the garden",replace,em dash removed; trailing full stop removed,wave-db 2026-10-05: style rewrite of the record's own text (rung 2); facts not re-verified,ДА
W-spring-spa-canggu-why_its_here,db,spring-spa-canggu,why_its_here,"A dependable branch of the island-wide Spring Spa chain on the Batu Bolong strip, doing brisk, well-priced manicures, waxing, massage and facials in a bright, clean salon a short walk from Canggu's cafés.","Spring Spa's Batu Bolong branch belongs to an island-wide chain and sits a short walk from Canggu's cafés. It does brisk, well-priced manicures, waxing, massage and facials in a bright, clean salon.",replace,"dropped 'dependable' (evaluation, no source); one 32-word sentence split",wave-db 2026-10-05: style rewrite of the record's own text (rung 2); facts not re-verified,ДА
W-spring-spa-canggu-best_for,db,spring-spa-canggu,best_for,"Visitors who want a reliable walk-in mani-pedi or a quick massage between beach and brunch, without committing to a hotel spa.","A walk-in mani-pedi or a quick massage between beach and brunch, without a hotel-spa booking",replace,dropped 'Visitors who want' opener and 'reliable' (soft word); 'without committing to a hotel spa' shortened,wave-db 2026-10-05: style rewrite of the record's own text (rung 2); facts not re-verified,ДА
W-surya-fitness-gym-why_its_here,db,surya-fitness-gym,why_its_here,"Gym and fight club in Pererenan. Equipment from Life Fitness, Hammer Strength and TechnoGym: racks, barbells, bumpers, kettlebells, benches and conditioning machines. The fight club runs boxing, Muay Thai, pad work and sparring. A rooftop for stretching, a cafe and billiards sit on site. Memberships include air conditioning, water, towels, showers and lockers.","A gym and fight club in Pererenan, Surya Fitness uses Life Fitness, Hammer Strength and TechnoGym equipment. The fight club runs boxing, Muay Thai, pad work and sparring. On site are a stretching rooftop and a cafe, plus billiards.",replace,"category-formula opener ('Gym and fight club in Pererenan.') replaced by the name; membership inclusions moved to best_for; dropped the generic kit list (racks, barbells, bumpers, kettlebells, benches, conditioning machines) to keep one list per field, the three equipment brands stay; opening re-ordered to break the '<Name> is a' run (wave-db opener pass, 2026-10-06), same words and facts",wave-db 2026-10-05: style rewrite of the record's own text (rung 2); facts not re-verified,ДА
W-surya-fitness-gym-best_for,db,surya-fitness-gym,best_for,Lifting and striking under one roof,"Lifting and striking under one roof, with air conditioning, water, towels, showers and lockers in the membership",replace,membership inclusions moved here from why_its_here,wave-db 2026-10-05: style rewrite of the record's own text (rung 2); facts not re-verified,ДА
W-sushimi-bali-why_its_here,db,sushimi-bali,why_its_here,"A sushi-train restaurant on Jl. Pantai Berawa serving classic and creative sushi and maki plus an izakaya-style a la carte range. The menu extends to poke bowls, donburi, sushi burritos and sushi donuts, with gluten-free, vegan and vegetarian options.","On Jl. Pantai Berawa, Sushimi's sushi train carries classic and creative sushi and maki, plus an izakaya-style a la carte range. The menu extends to poke bowls, donburi, sushi burritos and sushi donuts. There are gluten-free, vegan and vegetarian options.",replace,"two 'X, Y and Z' lists reduced to one; 'sushi-train restaurant' -> 'sushi train'; no fact dropped",wave-db 2026-10-05: style rewrite of the record's own text (rung 2); facts not re-verified,ДА
W-sushimi-bali-best_for,db,sushimi-bali,best_for,casual sushi with friends; interactive sushi-train dining; solo diners; mixed dietary groups,"Casual sushi off the train, with friends, on your own or with a group of mixed diets",replace,four-part semicolon chain merged into one clause; 'interactive' dropped (the train says it); capitalised,wave-db 2026-10-05: style rewrite of the record's own text (rung 2); facts not re-verified,ДА
W-sushimi-bali-not_for,db,sushimi-bali,not_for,a formal or high-end omakase occasion; a quiet intimate dinner; anyone wanting a sea view,"A formal or high-end omakase, a quiet intimate dinner or a sea view, because this is a casual sushi train",replace,three-part semicolon chain merged; reason attached from the record; capitalised,wave-db 2026-10-05: style rewrite of the record's own text (rung 2); facts not re-verified,ДА
W-swarna-spa-and-wellness-why_its_here,db,swarna-spa-and-wellness,why_its_here,"A complete spa and wellness destination in Pererenan offering authentic Balinese and hot stone massage, facials and a signature thermal ritual combining hot plunge, cold immersion and infrared sauna.",Swarna does Balinese and hot stone massage and facials at its spa and wellness venue in Pererenan. Its house thermal ritual combines a hot plunge and cold immersion with an infrared sauna.,replace,"dropped 'complete' and 'destination' (claims), 'authentic' (evaluation), 'offering' (stock word); 'signature' -> 'house'; opening re-ordered to break the '<Name> is a' run (wave-db opener pass, 2026-10-06), same words and facts",wave-db 2026-10-05: style rewrite of the record's own text (rung 2); facts not re-verified,ДА
W-swarna-spa-and-wellness-best_for,db,swarna-spa-and-wellness,best_for,"Travellers wanting a full pampering session of massage, facial and thermal/contrast therapy in one calm venue.","A full pampering session of massage, facial and hot-cold therapy in one calm venue",replace,dropped 'Travellers wanting' opener; 'thermal/contrast' -> 'hot-cold'; trailing full stop removed,wave-db 2026-10-05: style rewrite of the record's own text (rung 2); facts not re-verified,ДА
W-the-avocado-factory-why_its_here,db,the-avocado-factory,why_its_here,"Billed as South East Asia's first avocado bar, this Berawa-area cafe builds an entire menu around avocado, from truffle eggs benedict to avo pancakes and avocado basque cheesecake, with an eco-conscious build.","Avocado runs through the whole menu at The Avocado Factory, a cafe. Dishes run from truffle eggs benedict to avo pancakes and avocado basque cheesecake, in an eco-conscious build.",replace,"'Billed as' claim kept, attributed, but moved after the sentence that says what the place is; 30-word sentence split | 2026-10-08 founder rule 1: removed ""Berawa-area"" (address is Jl. Pantai Batu Mejan, not Berawa) | 2026-10-08 founder rule 2: removed ""bills itself as South East Asia's first avocado bar"" (unverified first-claim; same treatment as Mosto)",wave-db 2026-10-05: style rewrite of the record's own text (rung 2); facts not re-verified,ДА
W-the-avocado-factory-best_for,db,the-avocado-factory,best_for,Avocado and brunch lovers; a novelty-led daytime spot that also runs late with burgers into the evening.,"Avocado and brunch lovers by day, or burgers late into the evening",replace,dropped 'novelty-led' (label); semicolon join removed; trailing full stop removed,wave-db 2026-10-05: style rewrite of the record's own text (rung 2); facts not re-verified,ДА
W-the-avocado-factory-not_for,db,the-avocado-factory,not_for,Anyone who dislikes avocado or wants a strictly traditional local menu.,"Anyone who dislikes avocado or wants a strictly traditional local menu, since every dish is built around it",replace,reason attached from why_its_here,wave-db 2026-10-05: style rewrite of the record's own text (rung 2); facts not re-verified,ДА
W-the-canggu-studio-canggu-best_for,db,the-canggu-studio-canggu,best_for,"Those who prefer low-impact reformer Pilates and intimate, well-taught classes over a big gym.",Low-impact reformer Pilates in an intimate class rather than a big gym,replace,"dropped 'Those who prefer' opener and 'well-taught' (quality claim, no source); trailing full stop removed",wave-db 2026-10-05: style rewrite of the record's own text (rung 2); facts not re-verified,ДА
W-the-canggu-studio-yoga-canggu-why_its_here,db,the-canggu-studio-yoga-canggu,why_its_here,"The yoga-and-mat side of The Canggu Studio, offering small-group classes on a clean Mon–Sat timetable (drop-in 170k).","The yoga-and-mat side of The Canggu Studio, with small-group classes on a clean Mon–Sat timetable (drop-in 170k).",replace,'offering' (stock word) -> 'with'; no fact dropped,wave-db 2026-10-05: style rewrite of the record's own text (rung 2); facts not re-verified,ДА
W-the-canggu-studio-yoga-canggu-best_for,db,the-canggu-studio-yoga-canggu,best_for,"Those who like intimate, well-taught classes over big drop-in halls.",An intimate yoga class instead of a big drop-in hall,replace,"dropped 'Those who like' opener and 'well-taught' (quality claim, no source); trailing full stop removed",wave-db 2026-10-05: style rewrite of the record's own text (rung 2); facts not re-verified,ДА
W-the-flow-bali-why_its_here,db,the-flow-bali,why_its_here,"The Flow Bali is a char-grill restaurant in Pererenan working modern plates with Mediterranean and Asian influences, from croquettas and carpaccio up to prime cuts on the wood fire.",The Flow Bali is a char-grill restaurant in Pererenan cooking modern plates with Mediterranean and Asian influences. The menu runs from croquettas and carpaccio up to prime cuts on the wood fire.,replace,one 29-word sentence split into two; 'working' -> 'cooking'; no fact dropped,wave-db 2026-10-05: style rewrite of the record's own text (rung 2); facts not re-verified,ДА
W-the-flow-bali-best_for,db,the-flow-bali,best_for,Char-grilled Mediterranean-Asian plates and prime cuts in Pererenan.,Char-grilled Mediterranean-Asian plates and prime cuts in Pererenan,replace,trailing full stop removed,wave-db 2026-10-05: style rewrite of the record's own text (rung 2); facts not re-verified,ДА
W-the-lawn-canggu-beach-club-why_its_here,db,the-lawn-canggu-beach-club,why_its_here,"A lifestyle beach club set directly on the black sand of Batu Bolong Beach, with an ocean-facing infinity pool, daybeds and a bar-restaurant known for sunset sessions and DJs over the Indian Ocean. A long-running Canggu spot for daytime lounging that shifts into golden-hour drinks.","Right on the black sand of Batu Bolong Beach, The Lawn is a beach club with an ocean-facing infinity pool and daybeds. Its bar-restaurant runs sunset sessions with DJs over the Indian Ocean, as daytime lounging shifts into golden-hour drinks.",replace,"dropped 'lifestyle' (label), 'known for' (popularity frame), 'A long-running Canggu spot' (no date in the record; 'spot for' stock phrase); 'set directly on' -> 'right on'",wave-db 2026-10-05: style rewrite of the record's own text (rung 2); facts not re-verified,ДА
W-the-lawn-canggu-beach-club-best_for,db,the-lawn-canggu-beach-club,best_for,Sunset cocktails from a daybed; an easy day between surf sessions on Batu Bolong,"Sunset cocktails from a daybed, or an easy day between surf sessions",replace,semicolon join removed; 'on Batu Bolong' left to why_its_here,wave-db 2026-10-05: style rewrite of the record's own text (rung 2); facts not re-verified,ДА
W-the-lawn-canggu-beach-club-not_for,db,the-lawn-canggu-beach-club,not_for,"A full beach club rather than a quick, cheap breakfast stop.","A quick, cheap breakfast stop: this is a full beach club",replace,"order flipped so the field says who it does not suit first, reason after a colon",wave-db 2026-10-05: style rewrite of the record's own text (rung 2); facts not re-verified,ДА
W-the-loft-bali-why_its_here,db,the-loft-bali,why_its_here,"A Bondi-inspired all-day brunch cafe on Batu Bolong with specialty coffee and a large plant-based selection. It leans to healthy breakfast staples, bowls and toasts in a relaxed Canggu setting.","The Loft serves specialty coffee and a large plant-based selection at its Bondi-inspired all-day brunch cafe on Batu Bolong. The food leans to healthy breakfast staples, bowls and toasts.",replace,"dropped 'in a relaxed Canggu setting' (impression, no fact); opening re-ordered to break the '<Name> is a' run (wave-db opener pass, 2026-10-06), same words and facts",wave-db 2026-10-05: style rewrite of the record's own text (rung 2); facts not re-verified,ДА
W-the-loft-bali-best_for,db,the-loft-bali,best_for,a slow brunch after the beach; specialty coffee and a laptop; plant-based and healthy breakfast eaters,"A slow brunch after the beach, specialty coffee with a laptop, or a plant-based, healthy breakfast",replace,three-part semicolon chain merged into one clause; capitalised,wave-db 2026-10-05: style rewrite of the record's own text (rung 2); facts not re-verified,ДА
W-the-loft-bali-not_for,db,the-loft-bali,not_for,anyone seeking a quiet non-touristy local spot or a traditional balinese meal,"A quiet, non-touristy local spot or a traditional Balinese meal: the cafe is Bondi-inspired, with healthy breakfast staples",replace,'anyone seeking' opener cut; reason attached from why_its_here after a colon; capitalised,wave-db 2026-10-05: style rewrite of the record's own text (rung 2); facts not re-verified,ДА
W-the-shady-shack-why_its_here,db,the-shady-shack,why_its_here,"A breezy all-day vegetarian and vegan cafe overlooking the Berawa rice fields, from the team behind Betelnut. Big wholefood menu — all-day breakfast, smoothies, salads, share plates and vegan desserts — in a leafy, open setting.","From the team behind Betelnut, The Shady Shack is an all-day vegetarian and vegan cafe looking over the Berawa rice fields. The wholefood menu is big: all-day breakfast, smoothies, salads, share plates and vegan desserts, in a leafy, open setting.",replace,dropped 'breezy' (impression); verbless second sentence given a verb; two em dashes removed,wave-db 2026-10-05: style rewrite of the record's own text (rung 2); facts not re-verified,ДА
W-the-shady-shack-best_for,db,the-shady-shack,best_for,A healthy post-surf brunch; plant-based eaters; a relaxed early dinner with a rice-field view.,"Plant-based eaters, from a healthy brunch after a surf to an early dinner with a rice-field view",replace,dropped 'relaxed' (impression); three-part semicolon chain merged into one clause; 'post-surf' -> 'after a surf',wave-db 2026-10-05: style rewrite of the record's own text (rung 2); facts not re-verified,ДА
W-the-shady-shack-not_for,db,the-shady-shack,not_for,Diners set on meat or seafood -- the menu is entirely vegetarian and vegan.,"Diners set on meat or seafood, because the menu is entirely vegetarian and vegan",replace,double hyphen replaced by 'because',wave-db 2026-10-05: style rewrite of the record's own text (rung 2); facts not re-verified,ДА
W-the-shampoo-lounge-canggu-why_its_here,db,the-shampoo-lounge-canggu,why_its_here,"A long-running Bali hair-salon brand's Canggu outpost, known for reliable cuts, colour and blow-outs by English-speaking stylists in a relaxed, air-conditioned space.","HairShop is the Canggu branch of a Bali hair-salon brand, in Tegal Gundul Square on Jl. Pantai Berawa. English-speaking stylists do cuts, colour and blow-outs in an air-conditioned space.",replace,"dropped 'long-running' (no date in the record), 'known for' (popularity frame), 'reliable' (soft word) and 'relaxed' (impression); address taken from the record's own location field",wave-db 2026-10-05: style rewrite of the record's own text (rung 2); facts not re-verified,ДА
W-the-shampoo-lounge-canggu-best_for,db,the-shampoo-lounge-canggu,best_for,"Visitors who want a trustworthy haircut or colour on the road, with easy WhatsApp booking.","A haircut or colour on the road, booked easily by WhatsApp",replace,"dropped 'Visitors who want' opener and 'trustworthy' (evaluation, no source); trailing full stop removed",wave-db 2026-10-05: style rewrite of the record's own text (rung 2); facts not re-verified,ДА
W-the-slow-why_its_here,db,the-slow,why_its_here,"The restaurant, bar and gallery inside The Slow, a design-led boutique hotel on Batu Bolong. The internationally-inspired kitchen runs all day and the room doubles as an art and events space, so it works as both a stylish breakfast stop and an evening destination.","The restaurant, bar and gallery inside The Slow, a design-led boutique hotel on Batu Bolong. The kitchen is internationally inspired and runs all day, and the room doubles as an art and events space. It works for breakfast as well as an evening out.",replace,dropped 'stylish' (stock word); 'evening destination' -> 'evening out'; one 31-word sentence split,wave-db 2026-10-05: style rewrite of the record's own text (rung 2); facts not re-verified,ДА
W-the-slow-best_for,db,the-slow,best_for,A design-led brunch or dinner inside The Slow hotel on Batu Bolong.,A design-led brunch or dinner inside The Slow hotel on Batu Bolong,replace,trailing full stop removed,wave-db 2026-10-05: style rewrite of the record's own text (rung 2); facts not re-verified,ДА
W-therapy-canggu-canggu-why_its_here,db,therapy-canggu-canggu,why_its_here,"The Batu Bolong flagship of the Therapy group, blending massage, facials and beauty in a calm, well-run space (9am–8pm).","The Batu Bolong flagship of the Therapy group, open 9am to 8pm, with massage, facials and beauty treatments in a calm space.",replace,"dropped 'blending' (stock word) and 'well-run' (quality claim, no source); hours moved out of brackets",wave-db 2026-10-05: style rewrite of the record's own text (rung 2); facts not re-verified,ДА
W-therapy-canggu-canggu-best_for,db,therapy-canggu-canggu,best_for,Anyone wanting spa and beauty together near the Batu Bolong strip.,"Spa and beauty treatments together, near the Batu Bolong strip",replace,dropped 'Anyone wanting' opener; trailing full stop removed,wave-db 2026-10-05: style rewrite of the record's own text (rung 2); facts not re-verified,ДА
W-therapy-day-spa-pererenan-why_its_here,db,therapy-day-spa-pererenan,why_its_here,"A day spa on Jl. Pantai Pererenan built around plant-derived, toxin-free and cruelty-free rituals, offering massages, facials, body scrubs and scalp treatments in a calm sanctuary setting.","Therapy Day Spa on Jl. Pantai Pererenan is built around plant-derived rituals that are toxin-free and cruelty-free. Massages, facials, body scrubs and scalp treatments run in a calm setting.",replace,dropped 'offering' (stock word) and 'sanctuary' (impression; 'calm' kept); category-formula opener ('A day spa on Jl. ...') replaced by the name; two lists reduced to one,wave-db 2026-10-05: style rewrite of the record's own text (rung 2); facts not re-verified,ДА
W-therapy-day-spa-pererenan-best_for,db,therapy-day-spa-pererenan,best_for,"Travellers wanting a natural, clean-ingredient massage or facial in a serene Pererenan setting.","A natural, clean-ingredient massage or facial in a calm Pererenan setting",replace,dropped 'Travellers wanting' opener; 'serene' -> 'calm' (the record's own word); trailing full stop removed,wave-db 2026-10-05: style rewrite of the record's own text (rung 2); facts not re-verified,ДА
W-therapy-hair-spa-canggu-canggu-why_its_here,db,therapy-hair-spa-canggu-canggu,why_its_here,"The Canggu salon of the Therapy group, pairing hairdressing — cuts, colour, blow-outs — with spa-style facials and massage (9am–8pm).","The Therapy group's Canggu salon, open 9am to 8pm, pairs hairdressing with spa-style facials and massage. On the hair side there are cuts, colour and blow-outs.",replace,two em dashes and the brackets removed; one sentence split into two; no fact dropped,wave-db 2026-10-05: style rewrite of the record's own text (rung 2); facts not re-verified,ДА
W-therapy-hair-spa-canggu-canggu-best_for,db,therapy-hair-spa-canggu-canggu,best_for,Anyone wanting hair and beauty under one roof near Batu Bolong.,"Hair and beauty under one roof, near Batu Bolong",replace,dropped 'Anyone wanting' opener; trailing full stop removed,wave-db 2026-10-05: style rewrite of the record's own text (rung 2); facts not re-verified,ДА
W-top-gym-why_its_here,db,top-gym,why_its_here,"Boutique gym of 400 square metres near Batu Bolong, with rice field views. TechnoGym equipment throughout. The recovery area has a panoramic terrace, two ice baths, a sauna, a smoothie bar and loungers. Group classes cover stretching, yoga, pilates, functional training, boxing and dance.","A 400-square-metre boutique gym near Batu Bolong, Top Gym has rice field views and TechnoGym equipment throughout. The recovery area has a panoramic terrace, two ice baths, a sauna, a smoothie bar and loungers.",replace,"verbless fragment given a verb; group-class list moved to best_for so this field carries one list; no fact dropped; opening re-ordered to break the '<Name> is a' run (wave-db opener pass, 2026-10-06), same words and facts",wave-db 2026-10-05: style rewrite of the record's own text (rung 2); facts not re-verified,ДА
W-top-gym-best_for,db,top-gym,best_for,Training and recovery in one stop,"Training and recovery in one stop, with group classes in stretching, yoga, pilates, functional training, boxing and dance",replace,group-class list moved here from why_its_here,wave-db 2026-10-05: style rewrite of the record's own text (rung 2); facts not re-verified,ДА
W-touche-cafe-and-restaurant-why_its_here,db,touche-cafe-and-restaurant,why_its_here,"An island-chic all-day cafe near Pererenan beach with design-led interiors and an urban-leaning menu, open from early morning to late.","Near Pererenan beach, Touché keeps all-day cafe hours from early morning to late, with design-led interiors and an urban-leaning menu.",replace,dropped 'island-chic' (stock word); opening reworded to the name,wave-db 2026-10-05: style rewrite of the record's own text (rung 2); facts not re-verified,ДА
W-touche-cafe-and-restaurant-best_for,db,touche-cafe-and-restaurant,best_for,"A stylish brunch, a coffee-and-laptop daytime stop, and a relaxed casual meal.","Brunch among design-led interiors, a daytime coffee with the laptop, or a casual meal",replace,dropped 'stylish' and 'relaxed' (impressions); 'design-led interiors' from why_its_here; trailing full stop removed,wave-db 2026-10-05: style rewrite of the record's own text (rung 2); facts not re-verified,ДА
W-touche-cafe-and-restaurant-not_for,db,touche-cafe-and-restaurant,not_for,A beach-club scene or a big group party.,A beach-club scene or a big group party: it is an all-day cafe,replace,reason attached from why_its_here after a colon,wave-db 2026-10-05: style rewrite of the record's own text (rung 2); facts not re-verified,ДА
W-tropical-nomad-why_its_here,db,tropical-nomad,why_its_here,"A long-running Canggu-shortcut coworking space with an integrated open-air cafe overlooking rice fields and garden, built for people who want to eat, sit with a laptop and stay a while.","Tropical Nomad is a coworking space on the Canggu shortcut with an open-air cafe built in that looks over rice fields and a garden. It is made for eating, sitting with a laptop and staying a while.",replace,dropped 'long-running' (no date in the record); 'integrated' -> 'built in'; one 30-word sentence split,wave-db 2026-10-05: style rewrite of the record's own text (rung 2); facts not re-verified,ДА
W-tropical-nomad-best_for,db,tropical-nomad,best_for,"Digital nomads and remote workers who want fast wifi, big shared tables and a laptop-friendly cafe; casual daytime coffee stops.","Digital nomads and remote workers after fast wifi and big shared tables, or a casual daytime coffee",replace,dropped 'who want' and 'a laptop-friendly cafe' (the coworking space says it); semicolon join removed; trailing full stop removed,wave-db 2026-10-05: style rewrite of the record's own text (rung 2); facts not re-verified,ДА
W-tropical-nomad-not_for,db,tropical-nomad,not_for,A romantic dinner or a special-occasion night out.,"A romantic dinner or a special-occasion night out, because this is a coworking space with a cafe",replace,reason attached from why_its_here,wave-db 2026-10-05: style rewrite of the record's own text (rung 2); facts not re-verified,ДА
W-two-face-canggu-why_its_here,db,two-face-canggu,why_its_here,"A specialty coffee and brunch spot on Jl. Munduk Catu in Canggu, focused on well-made coffee, creative brunch dishes and a relaxed community atmosphere.","Well-made coffee and creative brunch dishes are the focus at TWO FACE, a specialty coffee and brunch cafe on Jl. Munduk Catu in Canggu. It has a community feel.",replace,dropped 'relaxed' (impression) and 'atmosphere' (stock word); 'spot' -> 'cafe',wave-db 2026-10-05: style rewrite of the record's own text (rung 2); facts not re-verified,ДА
W-two-face-canggu-best_for,db,two-face-canggu,best_for,Coffee-focused travellers wanting a solid morning brunch and specialty coffee in a welcoming space.,A morning brunch and specialty coffee in a welcoming space,replace,dropped 'Coffee-focused travellers wanting' opener and 'solid' (soft word); trailing full stop removed,wave-db 2026-10-05: style rewrite of the record's own text (rung 2); facts not re-verified,ДА
W-udara-bali-why_its_here,db,udara-bali,why_its_here,"Organic Ocean, the plant-forward restaurant at the Udara wellness retreat in Seseh, focused on healthy, community- and earth-conscious cooking, open daily to guests and visitors.","Organic Ocean, the plant-forward restaurant at the Udara wellness retreat in Seseh, is open daily to guests and visitors. The cooking is healthy and conscious of community and earth.",replace,"verbless opener given a verb; 'community- and earth-conscious' -> 'conscious of community and earth'; no fact dropped; opening re-ordered to break the '<Name> is a' run (wave-db opener pass, 2026-10-06), same words and facts",wave-db 2026-10-05: style rewrite of the record's own text (rung 2); facts not re-verified,ДА
W-udara-bali-best_for,db,udara-bali,best_for,"Wellness- and health-minded diners wanting calm, organic food; a quiet, restorative meal near the beach.","Health-minded diners after a quiet, restorative and organic meal near the beach",replace,dropped 'Wellness-' and 'wanting calm' (the restorative meal says it); semicolon join removed; trailing full stop removed,wave-db 2026-10-05: style rewrite of the record's own text (rung 2); facts not re-verified,ДА
W-udara-bali-not_for,db,udara-bali,not_for,A lively nightlife scene or a heavy meat-and-cocktails night out.,A lively nightlife scene or a heavy meat-and-cocktails night out: the kitchen is plant-forward,replace,reason attached from why_its_here after a colon,wave-db 2026-10-05: style rewrite of the record's own text (rung 2); facts not re-verified,ДА
W-udara-bali-yoga-detox-and-spa-organic-ocean-why_its_here,db,udara-bali-yoga-detox-and-spa-organic-ocean,why_its_here,"Udara Bali is an integrated yoga, detox and wellness retreat resort at Seseh Beach near Canggu, with five ocean-view yoga shalas, Quantum Sound Domes for sound healing, a spa with a water-healing pool, seawater pools and the plant-forward Organic Ocean restaurant; it is adults-only (14+).","At Seseh Beach, Udara Bali is a yoga, detox and wellness retreat resort for adults only (14+). It has five ocean-view yoga shalas and Quantum Sound Domes for sound healing. Its spa has a water-healing pool; there are seawater pools too, and the plant-forward Organic Ocean restaurant.",replace,dropped 'integrated' (label) and 'near Canggu' (district shown on the page); one 46-word sentence split into three,wave-db 2026-10-05: style rewrite of the record's own text (rung 2); facts not re-verified,ДА
W-udara-bali-yoga-detox-and-spa-organic-ocean-best_for,db,udara-bali-yoga-detox-and-spa-organic-ocean,best_for,"Travellers wanting a dedicated wellness/detox or yoga retreat, sound healing and spa in a quiet adults-only oceanfront setting near Canggu; day-spa and retreat guests.","A yoga or detox retreat, sound healing or a spa day in a quiet adults-only setting by the ocean",replace,dropped 'Travellers wanting a dedicated' opener; 'oceanfront' -> 'by the ocean'; 'day-spa and retreat guests' folded in; semicolon join removed,wave-db 2026-10-05: style rewrite of the record's own text (rung 2); facts not re-verified,ДА
W-udara-bali-yoga-detox-and-spa-organic-ocean-not_for,db,udara-bali-yoga-detox-and-spa-organic-ocean,not_for,"Families with young children (adults-only, minimum age 14); anyone wanting a lively town-centre location.","Families with young children or a lively town-centre base, because it is adults-only (14+) and out at Seseh Beach",replace,semicolon chain merged into one clause; reason attached,wave-db 2026-10-05: style rewrite of the record's own text (rung 2); facts not re-verified,ДА
W-ulekan-berawa-why_its_here,db,ulekan-berawa,why_its_here,"A sit-down Indonesian restaurant in Berawa celebrating dishes from across the archipelago — hand-ground spices, no MSG or palm oil, ingredients sourced from small-scale farmers and fishermen. A pretty, fairy-lit garden setting.","Ulekan, a sit-down Indonesian restaurant in Berawa, cooks dishes from across the archipelago. Spices are ground by hand and there is no MSG or palm oil; ingredients come from small-scale farmers and fishermen. Tables sit in a fairy-lit garden.",replace,"dropped 'celebrating' and 'pretty' (impressions); em dash removed; verbless closing fragment given a verb; opening re-ordered to break the '<Name> is a' run (wave-db opener pass, 2026-10-06), same words and facts",wave-db 2026-10-05: style rewrite of the record's own text (rung 2); facts not re-verified,ДА
W-ulekan-berawa-best_for,db,ulekan-berawa,best_for,A relaxed dinner of traditional Indonesian food; groups sharing classic dishes; an accessible introduction to the country's cuisine.,"A sit-down dinner of classic Indonesian dishes, shared as a group or as an accessible introduction to the cuisine",replace,dropped 'relaxed' (impression); three-part semicolon chain merged; trailing full stop removed,wave-db 2026-10-05: style rewrite of the record's own text (rung 2); facts not re-verified,ДА
W-victory-fitness-club-why_its_here,db,victory-fitness-club,why_its_here,"A budget gym at Jl. Pantai Pererenan No.89 in Canggu, open daily 07:00-20:30. Equipment is spread over two floors, with a punching bag and loan gloves upstairs and a smoothie bar on the ground floor; an ice bath and sauna are also on site. Day access runs around EUR 3. Reviews are consistent on the value and mixed on cleanliness.","Open daily 07:00-20:30, Victory Fitness Club is a budget gym at Jl. Pantai Pererenan No.89. Equipment spreads over two floors, with a punching bag and loan gloves upstairs and a smoothie bar below. An ice bath and sauna are on site.",replace,"DELETED 'Reviews are consistent on the value and mixed on cleanliness' (review-derived claim, guardrail #2); day-access price moved to best_for; dropped 'in Canggu' (district shown on the page)",wave-db 2026-10-05: style rewrite of the record's own text (rung 2); facts not re-verified,ДА
W-victory-fitness-club-best_for,db,victory-fitness-club,best_for,"Travellers in Pererenan who want a cheap, no-frills lifting session with ice bath and sauna and do not mind a rough-around-the-edges gym.","Cheap, no-frills lifting with ice bath and sauna, at around EUR 3 for the day",replace,"DELETED 'do not mind a rough-around-the-edges gym' (quality judgement echoing the review line; guardrail #9); dropped 'Travellers in Pererenan who want' opener; day-access price moved here; head re-shaped to break a run of three 'A …' best_for neighbours (wave-db opener pass, 2026-10-06), same words and facts",wave-db 2026-10-05: style rewrite of the record's own text (rung 2); facts not re-verified,ДА
W-wanderlust-fitness-village-canggu-best_for,db,wanderlust-fitness-village-canggu,best_for,Visitors who want a full day of varied training and community vibe in one spot.,"A full day of varied training in one spot, with a community feel",replace,dropped 'Visitors who want' opener; 'vibe' (stock word) -> 'feel'; trailing full stop removed,wave-db 2026-10-05: style rewrite of the record's own text (rung 2); facts not re-verified,ДА
W-warung-local-why_its_here,db,warung-local,why_its_here,"A semi-open Indonesian warung on the Batu Bolong strip serving Halal local staples — nasi campur, nasi goreng and satay — with an outdoor seating section. Open daily 10am–10pm.","Warung Local is a semi-open Indonesian warung on the Batu Bolong strip, open daily 10am to 10pm. The kitchen is Halal and cooks local staples such as nasi campur, nasi goreng and satay, and there is an outdoor seating section.",replace,two em dashes removed; 'Halal kitchen' from not_for stated here; no fact dropped,wave-db 2026-10-05: style rewrite of the record's own text (rung 2); facts not re-verified,ДА
W-warung-local-best_for,db,warung-local,best_for,Halal diners; a central Batu Bolong location; casual dinner as well as lunch; travellers wanting familiar local staples in an easy setting,"Halal diners after familiar local staples, at lunch or a casual dinner in central Batu Bolong",replace,four-part semicolon chain merged into one clause; dropped 'travellers wanting' and 'in an easy setting' (impression),wave-db 2026-10-05: style rewrite of the record's own text (rung 2); facts not re-verified,ДА
W-warung-local-not_for,db,warung-local,not_for,"anyone specifically after pork dishes (Halal kitchen); diners seeking a quiet, no-scene warung","Pork dishes or a quiet, no-scene warung: the kitchen is Halal and it sits on the Batu Bolong strip",replace,semicolon chain merged; 'anyone specifically after' and 'diners seeking' openers cut; reason after a colon,wave-db 2026-10-05: style rewrite of the record's own text (rung 2); facts not re-verified,ДА
W-warung-nonii-why_its_here,db,warung-nonii,why_its_here,"A long-running, affordable Indonesian warung (Waroeng Nonii) just up from Batu Bolong beach on Jl. Pantai Batu Bolong, open breakfast through dinner with nasi campur as its house plate and takeaway available.","Just up from the beach on Jl. Pantai Batu Bolong sits Warung Nonii, also written Waroeng Nonii, an affordable Indonesian warung. It is open from breakfast through dinner, nasi campur is the house plate, and takeaway is available.",replace,"dropped 'long-running' (no date in the record); brackets removed; one 33-word sentence split; opening re-ordered to break the '<Name> is a' run (wave-db opener pass, 2026-10-06), same words and facts",wave-db 2026-10-05: style rewrite of the record's own text (rung 2); facts not re-verified,ДА
W-warung-nonii-best_for,db,warung-nonii,best_for,"A cheap, easy local Indonesian meal at any time of day, including a low-key just-landed dinner.","A cheap, easy local meal at any time of day, including a low-key dinner straight off the plane",replace,'just-landed' -> 'straight off the plane'; 'Indonesian' left to why_its_here; trailing full stop removed,wave-db 2026-10-05: style rewrite of the record's own text (rung 2); facts not re-verified,ДА
W-warung-sika-why_its_here,db,warung-sika,why_its_here,"A family-run point-and-pick nasi campur warung where you choose rice then add vegetables and meats from the display. One of Canggu's most popular local rice stalls, open daily 9am–9pm.","Family-run Warung Sika serves nasi campur, open daily 9am to 9pm. It is point-and-pick: you choose rice, then add vegetables and meats from the display.",replace,"dropped 'One of Canggu's most popular local rice stalls' (popularity claim, no source); opening re-ordered to break the '<Name> is a' run (wave-db opener pass, 2026-10-06), same words and facts",wave-db 2026-10-05: style rewrite of the record's own text (rung 2); facts not re-verified,ДА
W-warung-sika-best_for,db,warung-sika,best_for,"cheap authentic nasi campur; solo diners and quick lunches; build-your-own plate eaters; first-timers who want a low-friction, English-friendly setup","Solo diners and first-timers after a cheap, build-your-own nasi campur lunch in an English-friendly setup",replace,dropped 'authentic' (evaluation) and 'low-friction' (jargon); four-part semicolon chain merged into one clause,wave-db 2026-10-05: style rewrite of the record's own text (rung 2); facts not re-verified,ДА
W-warung-sika-not_for,db,warung-sika,not_for,"diners wanting table service or a quiet sit-down dinner; anyone avoiding a busy, canteen-style room","Table service or a quiet sit-down dinner, because the room is busy and canteen-style",replace,semicolon chain merged; reason attached,wave-db 2026-10-05: style rewrite of the record's own text (rung 2); facts not re-verified,ДА
W-woods-bali-why_its_here,db,woods-bali,why_its_here,"A rustic Pererenan restaurant built entirely from reclaimed wood, serving a Mediterranean menu in a warm, greenery-filled chalet setting. Cafe by day, dinner room by night, with live jazz and vinyl evenings.","Built entirely from reclaimed wood, Woods is a rustic Pererenan restaurant cooking a Mediterranean menu in a warm, greenery-filled chalet. It runs as a cafe by day and a dinner room by night, with live jazz and vinyl evenings.",replace,verbless second sentence given a verb; 'setting' dropped; no fact dropped,wave-db 2026-10-05: style rewrite of the record's own text (rung 2); facts not re-verified,ДА
W-woods-bali-best_for,db,woods-bali,best_for,"A cosy, atmospheric dinner; date night; groups who want a relaxed evening with live music.","A cosy dinner or a date night, or a group evening with live music",replace,dropped 'atmospheric' and 'relaxed' (impressions); three-part semicolon chain merged; trailing full stop removed,wave-db 2026-10-05: style rewrite of the record's own text (rung 2); facts not re-verified,ДА
W-workmates-coworking-space-and-cafe-why_its_here,db,workmates-coworking-space-and-cafe,why_its_here,"Coworking space and cafe in Canggu, part of the Wonderspace group. Desks, fast wifi and a poolside view. The kitchen does chicken parmigiana, Indonesian plates and bowls.","Workmates is a coworking space and cafe in Canggu, part of the Wonderspace group. Desks and fast wifi come with a poolside view. The kitchen does chicken parmigiana, Indonesian plates and bowls.",replace,category-formula opener replaced by the name; verbless fragment given a verb; two lists reduced to one,wave-db 2026-10-05: style rewrite of the record's own text (rung 2); facts not re-verified,ДА
W-wrong-gym-pererenan-why_its_here,db,wrong-gym-pererenan,why_its_here,"The Wrong Gym is an all-inclusive gym and lifestyle club on Jl. Pantai Pererenan (opened 2023) with a large outdoor training area, functional/jungle gym, fitness classes, and recovery facilities including sauna, ice bath, swimming pool, yoga and spa.","Opened in 2023 on Jl. Pantai Pererenan, The Wrong Gym is an all-inclusive gym and lifestyle club. It has a large outdoor training area, a functional jungle gym and fitness classes. Recovery means sauna, ice bath, pool, yoga and spa.",replace,one 38-word sentence split into three; brackets and slash removed; 'swimming pool' -> 'pool'; two lists reduced to one,wave-db 2026-10-05: style rewrite of the record's own text (rung 2); facts not re-verified,ДА
W-wrong-gym-pererenan-best_for,db,wrong-gym-pererenan,best_for,"Fitness-focused travellers and digital nomads on a longer Pererenan stay wanting a full-service gym plus classes and recovery (sauna, ice bath, spa).","Digital nomads and fitness-focused travellers on a longer Pererenan stay, after a full-service gym with classes and recovery",replace,dropped 'wanting' and the bracketed recovery list (it is in why_its_here); trailing full stop removed,wave-db 2026-10-05: style rewrite of the record's own text (rung 2); facts not re-verified,ДА
W-wrong-gym-pererenan-not_for,db,wrong-gym-pererenan,not_for,Travellers wanting a budget drop-in gym or a purely passive spa visit.,A budget drop-in or a purely passive spa visit: the club is all-inclusive and built around training,replace,dropped 'Travellers wanting' opener; reason attached from why_its_here after a colon,wave-db 2026-10-05: style rewrite of the record's own text (rung 2); facts not re-verified,ДА
W-yema-kitchen-why_its_here,db,yema-kitchen,why_its_here,"Yema Kitchen is a café and restaurant on Jl. Tanah Barak that calls itself Mediterranean but cooks closer to North African and Levantine — tajine, couscous, pastilla, shawarma, pide — running as a café by day and a bar by night.","A café and restaurant on Jl. Tanah Barak, Yema Kitchen runs as a café by day and a bar by night. It calls itself Mediterranean but cooks closer to North African and Levantine: tajine, couscous, pastilla, shawarma and pide.",replace,"two em dashes removed; one 37-word sentence split; no fact dropped; opening re-ordered to break the '<Name> is a' run (wave-db opener pass, 2026-10-06), same words and facts",wave-db 2026-10-05: style rewrite of the record's own text (rung 2); facts not re-verified,ДА
W-yema-kitchen-best_for,db,yema-kitchen,best_for,"North African and Levantine cooking — tajine, couscous, pastilla — day into night.","Tajine, couscous or pastilla, at the café by day or the bar by night",replace,two em dashes removed; 'North African and Levantine' left to why_its_here; trailing full stop removed,wave-db 2026-10-05: style rewrite of the record's own text (rung 2); facts not re-verified,ДА
W-yuki-canggu-why_its_here,db,yuki-canggu,why_its_here,"A modern Japanese izakaya steps from Batu Bolong beach serving fusion sushi, wood-fired specialties and signature cocktails in a stylish yet laid-back room; bookings are essential.","Steps from Batu Bolong beach, YUKI is a modern Japanese izakaya. It serves fusion sushi, wood-fired specialties and house cocktails.",replace,"dropped 'in a stylish yet laid-back room' (impressions) and 'signature' -> 'house' (soft word); semicolon removed | 2026-10-08 founder rule 1: removed "", and bookings are essential"" (the card's not_for says reservations are recommended)",wave-db 2026-10-05: style rewrite of the record's own text (rung 2); facts not re-verified,ДА
W-yuki-canggu-best_for,db,yuki-canggu,best_for,"A stylish date night, special occasion or group dinner with cocktails.","A date night, special occasion or group dinner with cocktails",replace,dropped 'stylish' (impression); trailing full stop removed,wave-db 2026-10-05: style rewrite of the record's own text (rung 2); facts not re-verified,ДА
W-yuki-canggu-not_for,db,yuki-canggu,not_for,Not a budget or walk-in-anytime spot - reservations recommended.,A budget meal or a walk-in at any hour: reservations are recommended,replace,'Not a ... spot' opener cut; spaced hyphen replaced by a colon,wave-db 2026-10-05: style rewrite of the record's own text (rung 2); facts not re-verified,ДА
W-zin-cafe-canggu-why_its_here,db,zin-cafe-canggu,why_its_here,"An open-air bamboo cafe near Nelayan Beach that doubles as a genuinely free coworking space, with power outlets at most tables, fast wifi, a quiet upper room and in-house-roasted organic coffee.","ZIN is an open-air bamboo cafe near Nelayan Beach that doubles as a free coworking space. Most tables have power outlets, the wifi is fast and there is a quiet upper room. The coffee is organic and roasted in-house.",replace,dropped 'genuinely' (intensifier); one 31-word sentence split into three,wave-db 2026-10-05: style rewrite of the record's own text (rung 2); facts not re-verified,ДА
W-zin-cafe-canggu-best_for,db,zin-cafe-canggu,best_for,"Digital nomads and remote workers wanting to work over breakfast and coffee; also good for a calm, healthy meal near the beach.","Remote workers and digital nomads working over breakfast and coffee, or a calm, healthy meal near the beach",replace,'wanting to' -> 'working'; 'also good for' tail folded into the clause; semicolon removed; trailing full stop removed,wave-db 2026-10-05: style rewrite of the record's own text (rung 2); facts not re-verified,ДА
W-zin-cafe-canggu-not_for,db,zin-cafe-canggu,not_for,Anyone wanting a lively bar scene or a fully quiet fine-dining room.,A lively bar scene or a fully quiet fine-dining room: people come here to work,replace,'Anyone wanting' opener cut; reason (a free coworking space) attached after a colon,wave-db 2026-10-05: style rewrite of the record's own text (rung 2); facts not re-verified,ДА
