unit_id,surface,slug_or_path,field,before,after,action,reason,source,decision
W-laddu-restaurant-the-sankara-suites-and-villas-best_for,db,laddu-restaurant-the-sankara-suites-and-villas,best_for,A small resort dining room for an all-day Asian-fusion meal.,An all-day Asian-fusion meal in a small resort dining room,replace,Turned round to start with the meal instead of the room; trailing full stop removed. No fact dropped.,wave-db 2026-10-05 clean pass: style rewrite of the record's own text (rung 2); facts not re-verified,
W-laddu-restaurant-the-sankara-suites-and-villas-not_for,db,laddu-restaurant-the-sankara-suites-and-villas,not_for,Large groups that need a high-capacity dining room.,Large groups: the room seats 24,replace,Reason attached from why_its_here (24 seats) instead of the abstract 'high-capacity dining room'.,wave-db 2026-10-05 clean pass: style rewrite of the record's own text (rung 2); facts not re-verified,
W-le-meridien-bali-jimbaran-fitness-why_its_here,db,le-meridien-bali-jimbaran-fitness,why_its_here,"The 24-hour gym at Le Méridien Bali Jimbaran, free to hotel guests, with cardio machines, exercise bikes, treadmills, free weights and weight machines. Explore Spa is on the same property.","Le Méridien Bali Jimbaran's gym is open 24 hours and free to hotel guests. It has cardio machines, exercise bikes, treadmills, free weights and weight machines, and Explore Spa is on the same property.",replace,Verbless first sentence stacking four clauses split into two with verbs. No fact dropped.,wave-db 2026-10-05 clean pass: style rewrite of the record's own text (rung 2); facts not re-verified,
W-le-meridien-bali-jimbaran-fitness-best_for,db,le-meridien-bali-jimbaran-fitness,best_for,Jimbaran guests who want a straightforward round-the-clock gym included in the room rate.,"Hotel guests who want a workout at any hour, included in the room rate",replace,Dropped 'straightforward' (filler) and 'Jimbaran' (in the name); 'round-the-clock gym' → 'a workout at any hour'; trailing full stop removed.,wave-db 2026-10-05 clean pass: style rewrite of the record's own text (rung 2); facts not re-verified,
W-lkp-tirtasari-spa-tabanan-why_its_here,db,lkp-tirtasari-spa-tabanan,why_its_here,Spa in Tabanan. The published list covers Balinese Massage. Booking is by WhatsApp.,"In Tabanan, LKP Tirtasari Spa does Balinese massage, and you book it by WhatsApp.",replace,"Spa template ('Spa in Tabanan. The published list covers…') rewritten as one sentence; 'the list covers' → 'does'. Dropped 'published' (provenance, not a fact about the place). Under 20 words: the record holds nothing more.",wave-db 2026-10-05 clean pass: style rewrite of the record's own text (rung 2); facts not re-verified,
W-lkp-tirtasari-spa-tabanan-best_for,db,lkp-tirtasari-spa-tabanan,best_for,Balinese massage booked the same day.,A Balinese massage in Tabanan,replace,Template best_for ('<treatment> booked the same day.') replaced by the treatment and area; no record holds evidence of same-day booking. Trailing full stop removed.,wave-db 2026-10-05 clean pass: style rewrite of the record's own text (rung 2); facts not re-verified,
W-lluvia-spa-seminyak-why_its_here,db,lluvia-spa-seminyak,why_its_here,Spa in Seminyak. The published list covers Head Massage. Japanese Head Spa is 399K IDR for 90 minutes.,Lluvia Spa in Seminyak does head massage: its Japanese Head Spa is 90 minutes for 399K IDR.,replace,Spa template (category opener + 'The published list covers') rewritten as one sentence with a plain verb. Dropped 'published'. No other fact dropped.,wave-db 2026-10-05 clean pass: style rewrite of the record's own text (rung 2); facts not re-verified,
W-lluvia-spa-seminyak-best_for,db,lluvia-spa-seminyak,best_for,Head massage booked the same day.,Ninety minutes of Japanese head spa in Seminyak,replace,Template best_for replaced by the card's own treatment and duration (90 minutes); no record holds evidence of same-day booking. Trailing full stop removed.,wave-db 2026-10-05 clean pass: style rewrite of the record's own text (rung 2); facts not re-verified,
W-lolas-cantina-canggu-best_for,db,lolas-cantina-canggu,best_for,Groups and couples choosing a casual Mexican meal in Canggu.,Casual tacos and cocktails with a group or as a couple,replace,Generated 'Groups and couples choosing' opener turned round to start with the meal (tacos and cocktails from why_its_here); 'casual' kept; 'Mexican meal' and 'in Canggu' dropped (in the name and why_its_here); trailing full stop removed.,wave-db 2026-10-05 clean pass: style rewrite of the record's own text (rung 2); facts not re-verified,
W-lolas-cantina-uluwatu-best_for,db,lolas-cantina-uluwatu,best_for,Groups and couples choosing a casual Mexican meal in Uluwatu.,Groups and couples after a casual Mexican meal in Uluwatu,replace,Generated verb 'choosing' replaced; trailing full stop removed.,wave-db 2026-10-05 clean pass: style rewrite of the record's own text (rung 2); facts not re-verified,
W-luigis-hot-pizza-why_its_here,db,luigis-hot-pizza,why_its_here,"A big, loud Neapolitan pizza joint on Jl. Batu Mejan built out of shipping containers, with a Napoli-imported wood-fired oven and weekly party nights. Pizza and good times are the whole point.","A big, loud Neapolitan pizza place on Jl. Batu Mejan, built out of shipping containers. The wood-fired oven was imported from Napoli, and there are party nights every week.",replace,"Stacked first sentence split. Dropped the closer 'Pizza and good times are the whole point' (impression, no fact); 'joint' → 'place'.",wave-db 2026-10-05 clean pass: style rewrite of the record's own text (rung 2); facts not re-verified,
W-luigis-hot-pizza-best_for,db,luigis-hot-pizza,best_for,"Pizza, drinks and a party from 4pm, in a shipping-container room on Batu Mejan.","Pizza and drinks any day from 4pm, or one of the weekly party nights",replace,Dropped 'in a shipping-container room on Batu Mejan' (repeats why_its_here); 'any day' from not_for ('opens at 4pm daily'); trailing full stop removed. Skeptic pass 2: 'a party' no longer sits under 'any day' — the party nights are weekly (why_its_here).,wave-db 2026-10-05 clean pass: style rewrite of the record's own text (rung 2); facts not re-verified,
W-luna-and-sol-pilates-yoga-why_its_here,db,luna-and-sol-pilates-yoga,why_its_here,"Pilates studio on Jl. Raya Semat. Classes run on equipment - reformer, chair and springboard - alongside mat and yoga. Mixed beginner and intermediate levels. Some classes also run on Zoom.","Luna & Sol teaches pilates on Jl. Raya Semat, with classes on the reformer, chair and springboard as well as the mat, plus yoga. Levels mix beginner and intermediate, and some classes also run on Zoom.",replace,Category opener 'Pilates studio on Jl. Raya Semat.' and the spaced-hyphen aside rewritten; verbless 'Mixed beginner and intermediate levels.' given a verb. Dropped 'studio' (the name says Pilates - Yoga).,wave-db 2026-10-05 clean pass: style rewrite of the record's own text (rung 2); facts not re-verified,
W-luxme-bali-jimbaran-why_its_here,db,luxme-bali-jimbaran,why_its_here,Spa in Jimbaran. The published list covers Four Hands Massage.,LuxMe Bali is a spa in Jimbaran that does four hands massage.,replace,Spa template opener 'Spa in Jimbaran.' folded into one sentence led by the name; 'The published list covers' → 'does'. The record holds nothing more.,wave-db 2026-10-05 clean pass: style rewrite of the record's own text (rung 2); facts not re-verified,
W-luxme-bali-jimbaran-best_for,db,luxme-bali-jimbaran,best_for,Four hands massage booked the same day.,A four hands massage in Jimbaran,replace,Template best_for replaced by the treatment and area; no record holds evidence of same-day booking. Trailing full stop removed.,wave-db 2026-10-05 clean pass: style rewrite of the record's own text (rung 2); facts not re-verified,
W-luxury-spa-nusa-dua-why_its_here,db,luxury-spa-nusa-dua,why_its_here,Day spa in Nusa Dua. The published list covers Pilates. Booking is on the venue's own site.,Luxury Spa is a Nusa Dua day spa that does pilates. You book through its website.,replace,Spa template (category opener + three short sentences) rewritten with the name as subject; 'The published list covers' → 'does'. Dropped 'published'. No other fact dropped.,wave-db 2026-10-05 clean pass: style rewrite of the record's own text (rung 2); facts not re-verified,
W-luxury-spa-nusa-dua-best_for,db,luxury-spa-nusa-dua,best_for,Pilates booked the same day.,Pilates at a Nusa Dua day spa,replace,Template best_for replaced by the treatment and venue type; no record holds evidence of same-day booking. Trailing full stop removed.,wave-db 2026-10-05 clean pass: style rewrite of the record's own text (rung 2); facts not re-verified,
W-m-boutique-resort-uluwatu-bukit-why_its_here,db,m-boutique-resort-uluwatu-bukit,why_its_here,Resort spa in the Bukit. The published list covers Yoga. Booking is on the venue's own site.,Mû Boutique Resort in the Bukit runs yoga at its spa. Bookings go through the resort's website.,replace,Spa template opener 'Resort spa in the Bukit.' replaced by the name; 'The published list covers' → 'runs'; 'venue's' → 'resort's'. Dropped 'published'.,wave-db 2026-10-05 clean pass: style rewrite of the record's own text (rung 2); facts not re-verified,
W-m-boutique-resort-uluwatu-bukit-best_for,db,m-boutique-resort-uluwatu-bukit,best_for,Yoga booked the same day.,Yoga at a boutique resort in the Bukit,replace,Template best_for replaced by the treatment and setting ('boutique resort' from the name); no record holds evidence of same-day booking. Trailing full stop removed.,wave-db 2026-10-05 clean pass: style rewrite of the record's own text (rung 2); facts not re-verified,
W-mandapa-fitness-centre-why_its_here,db,mandapa-fitness-centre,why_its_here,"The 24-hour fitness centre at Mandapa, a Ritz-Carlton Reserve, in the Ayung river valley near Ubud, free to use for resort guests. It sits alongside the Mandapa Spa & Wellness Centre, whose yoga classes run in a river-facing pavilion and on platforms set over the rice terraces.","Mandapa, a Ritz-Carlton Reserve in the Ayung river valley near Ubud, has a 24-hour fitness centre that resort guests use free. The Mandapa Spa & Wellness Centre sits alongside it, with yoga in a river-facing pavilion and on platforms over the rice terraces.",replace,Verbless 25-word first sentence given a subject and verb; second sentence shortened. No fact dropped.,wave-db 2026-10-05 clean pass: style rewrite of the record's own text (rung 2); facts not re-verified,
W-mandapa-fitness-centre-best_for,db,mandapa-fitness-centre,best_for,Guests staying in the Ubud river valley who want a round-the-clock gym plus yoga in the paddy-field pavilions.,Resort guests who want the gym at any hour and yoga above the rice terraces,replace,Corrected the merge 'paddy-field pavilions' (the pavilion faces the river; the platforms sit over the terraces); dropped 'staying in the Ubud river valley' (in why_its_here); trailing full stop removed.,wave-db 2026-10-05 clean pass: style rewrite of the record's own text (rung 2); facts not re-verified,
W-mantra-wellness-bali-uluwatu-bukit-why_its_here,db,mantra-wellness-bali-uluwatu-bukit,why_its_here,"Wellness spa in the Bukit. The published list covers Balinese Massage, Yoga and Traditional Massage. Booking is on the venue's own site.","Mantra Wellness Bali is a wellness spa in the Bukit with Balinese and traditional massage, plus yoga. You book on its website.",replace,Spa template rewritten with the name in the first sentence; 'The published list covers' dropped. Dropped 'published'. No other fact dropped.,wave-db 2026-10-05 clean pass: style rewrite of the record's own text (rung 2); facts not re-verified,
W-mantra-wellness-bali-uluwatu-bukit-best_for,db,mantra-wellness-bali-uluwatu-bukit,best_for,Balinese massage booked the same day.,Massage or yoga at a wellness spa in the Bukit,replace,"Template best_for replaced by the card's own list (massage, yoga); no record holds evidence of same-day booking. Trailing full stop removed.",wave-db 2026-10-05 clean pass: style rewrite of the record's own text (rung 2); facts not re-verified,
W-mapogu-coffee-and-eatery-mapogu-restaurant-why_its_here,db,mapogu-coffee-and-eatery-mapogu-restaurant,why_its_here,"Cafe and coworking space in Goa Gong, Jimbaran, open since 2022. Korean-leaning dishes alongside Indonesian and international plates. Free wifi, parking, and live music at weekends.","Mapogu is a cafe and coworking space in Goa Gong, Jimbaran, open since 2022. The kitchen mixes Korean-leaning dishes with Indonesian and international plates. Wifi is free, there is parking, and live music plays at weekends.",replace,Category opener and two verbless fragments (staccato) rewritten as three sentences with verbs. No fact dropped.,wave-db 2026-10-05 clean pass: style rewrite of the record's own text (rung 2); facts not re-verified,
W-massimo-italian-restaurant-why_its_here,db,massimo-italian-restaurant,why_its_here,"A long-running Italian restaurant on Sanur's main Jalan Danau Tamblingan strip, making pasta, mozzarella/burrata and gelato in-house daily, with wood-fired naturally-leavened pizza. The owner has produced Italian gelato in Sanur since 1996, with 48+ flavours.","An Italian restaurant on Jalan Danau Tamblingan, Sanur's main strip. Pasta, mozzarella, burrata and gelato are made in-house daily, and the pizza is wood-fired and naturally leavened. The owner has made Italian gelato in Sanur since 1996, with 48+ flavours.",replace,Stacked 31-word first sentence split. Dropped 'long-running' (no date for the restaurant; the 1996 gelato date stays); 'mozzarella/burrata' written out.,wave-db 2026-10-05 clean pass: style rewrite of the record's own text (rung 2); facts not re-verified,
W-massimo-italian-restaurant-best_for,db,massimo-italian-restaurant,best_for,families and groups wanting familiar Italian food; a casual sit-down dinner on the main street; a dedicated gelato stop,"Families and groups after familiar Italian food at a casual sit-down dinner, or a stop for gelato",replace,Lowercase semicolon chain joined into one clause. Dropped 'on the main street' (in why_its_here) and 'dedicated'.,wave-db 2026-10-05 clean pass: style rewrite of the record's own text (rung 2); facts not re-verified,
W-massimo-italian-restaurant-not_for,db,massimo-italian-restaurant,not_for,"anyone wanting beachfront or sea-view seating (it is on the street, not the shore)","Beachfront or sea-view seating: it is on the street, not the shore",replace,Parenthetical reason turned into a colon joint; 'anyone wanting' dropped. No fact dropped.,wave-db 2026-10-05 clean pass: style rewrite of the record's own text (rung 2); facts not re-verified,
W-maya-sanur-fitness-centre-why_its_here,db,maya-sanur-fitness-centre,why_its_here,"The air-conditioned fitness centre at Maya Sanur Resort & Spa, free to use for in-house guests, fitted with cardio and strength machines. It sits on a beachfront property with the resort's long lagoon pool and four restaurants.","Maya Sanur Resort & Spa has an air-conditioned fitness centre with cardio and strength machines, free for in-house guests. The property is beachfront, with the resort's long lagoon pool and four restaurants.",replace,"Verbless first sentence ('The air-conditioned fitness centre at…, free…, fitted with…') given a subject and verb. No fact dropped.",wave-db 2026-10-05 clean pass: style rewrite of the record's own text (rung 2); facts not re-verified,
W-maya-sanur-fitness-centre-best_for,db,maya-sanur-fitness-centre,best_for,"Sanur guests who want an air-conditioned gym at no extra charge, a few steps from the beach.","Resort guests who want an air-conditioned workout at no extra charge, a few steps from the beach",replace,"Starts with the person; 'Sanur guests' → 'Resort guests', because the gym is free only to in-house guests and best_for is shown alone on guide cards; trailing full stop removed.",wave-db 2026-10-05 clean pass: style rewrite of the record's own text (rung 2); facts not re-verified,
W-maya-ubud-fitness-centre-ubud-why_its_here,db,maya-ubud-fitness-centre-ubud,why_its_here,"The fitness centre at Maya Ubud Resort & Spa on the Peliatan ridge, overlooking the Petanu river valley.","Maya Ubud Resort & Spa sits on the Peliatan ridge, and its fitness centre overlooks the Petanu river valley.",replace,Verbless fragment given a subject and verb. No fact dropped.,wave-db 2026-10-05 clean pass: style rewrite of the record's own text (rung 2); facts not re-verified,
W-maya-ubud-fitness-centre-ubud-best_for,db,maya-ubud-fitness-centre-ubud,best_for,Maya Ubud guests who want a workout with a valley view.,Maya Ubud guests who want to train with a view of the valley,replace,'a workout with a valley view' reworded so it does not repeat the yoga card; trailing full stop removed.,wave-db 2026-10-05 clean pass: style rewrite of the record's own text (rung 2); facts not re-verified,
W-maya-ubud-yoga-ubud-why_its_here,db,maya-ubud-yoga-ubud,why_its_here,"Yoga at Maya Ubud Resort & Spa, held in a shala overlooking the Petanu valley.",Yoga classes at Maya Ubud Resort & Spa are held in a shala that overlooks the Petanu valley.,replace,Verbless fragment given a subject and verb. No fact dropped.,wave-db 2026-10-05 clean pass: style rewrite of the record's own text (rung 2); facts not re-verified,
W-maya-ubud-yoga-ubud-best_for,db,maya-ubud-yoga-ubud,best_for,Maya Ubud guests wanting a scenic class as part of a spa stay.,A class in the valley-view shala as part of a spa stay,replace,Dropped 'scenic' (impression; the valley view stays); trailing full stop removed.,wave-db 2026-10-05 clean pass: style rewrite of the record's own text (rung 2); facts not re-verified,
W-menega-cafe-why_its_here,db,menega-cafe,why_its_here,A long-running Jimbaran Bay seafood cafe where you pick fresh seafood by weight from the display and it is grilled over coconut-husk fires. Tables sit directly on Muaya Beach for toes-in-the-sand dining at sunset.,"A seafood cafe on Jimbaran Bay. You pick fresh seafood by weight from the display, and it is grilled over coconut-husk fires. Tables sit directly on the sand of Muaya Beach for dinner at sunset.",replace,"One long sentence split. Dropped 'long-running' (no date) and 'toes-in-the-sand dining' (cliché, kept as 'on the sand').",wave-db 2026-10-05 clean pass: style rewrite of the record's own text (rung 2); facts not re-verified,
W-menega-cafe-best_for,db,menega-cafe,best_for,beachfront seafood dinner; sunset over the bay; groups sharing a seafood spread; special evening out,"A special evening or a group seafood spread on the beach, with the sun going down over the bay",replace,Lowercase four-part semicolon chain joined into one clause; 'beachfront' → 'on the beach'. No fact dropped.,wave-db 2026-10-05 clean pass: style rewrite of the record's own text (rung 2); facts not re-verified,
W-menega-cafe-not_for,db,menega-cafe,not_for,budget quick bites; vegetarians seeking variety; anyone wanting a quiet or air-conditioned room,"Vegetarians wanting variety, a budget quick bite or a quiet, air-conditioned room — dinner here is seafood on the sand",replace,Semicolon chain joined; reason attached from why_its_here. 'budget quick bites' → 'a budget quick bite'. No fact dropped.,wave-db 2026-10-05 clean pass: style rewrite of the record's own text (rung 2); facts not re-verified,
W-mercure-bali-sanur-resort-sanur-why_its_here,db,mercure-bali-sanur-resort-sanur,why_its_here,Wellness spa in Sanur. The published list covers Reflexology and Traditional Massage. Reflexology Treatment is 299K IDR for 45 minutes. Booking is on the venue's own site.,"The wellness spa at Mercure Bali Sanur Resort does reflexology and traditional massage, and 45 minutes of reflexology costs 299K IDR. Book on the resort's own site.",replace,Spa template rewritten; 'Reflexology Treatment is 299K IDR for 45 minutes' → '45 minutes of reflexology costs 299K IDR'. Dropped 'published'.,wave-db 2026-10-05 clean pass: style rewrite of the record's own text (rung 2); facts not re-verified,
W-mercure-bali-sanur-resort-sanur-best_for,db,mercure-bali-sanur-resort-sanur,best_for,Tired feet after a day of walking.,Reflexology at the end of a walking day in Sanur,replace,"Template best_for ('Tired feet after a day of walking.', shared across cards) tied to the treatment and place; trailing full stop removed.",wave-db 2026-10-05 clean pass: style rewrite of the record's own text (rung 2); facts not re-verified,
W-milk-and-madu-seminyak-best_for,db,milk-and-madu-seminyak,best_for,Families and groups choosing an easy café meal in central Seminyak.,Families and groups after an easy café meal in central Seminyak,replace,Generated verb 'choosing' replaced; trailing full stop removed. No fact dropped.,wave-db 2026-10-05 clean pass: style rewrite of the record's own text (rung 2); facts not re-verified,
W-milk-and-madu-uluwatu-best_for,db,milk-and-madu-uluwatu,best_for,Families and groups choosing an easy all-day meal in Uluwatu.,An easy all-day meal in Uluwatu with the family or a group,replace,Generated 'Families and groups choosing' opener turned round to start with the meal; trailing full stop removed.,wave-db 2026-10-05 clean pass: style rewrite of the record's own text (rung 2); facts not re-verified,
W-moonlite-kitchen-and-bar-why_its_here,db,moonlite-kitchen-and-bar,why_its_here,"Rooftop bar and restaurant on top of Anantara Seminyak Bali Resort, serving modern Southeast Asian dishes with ocean views. Nightly live bands and DJ sets give it an energetic, dressed-up evening feel.",The rooftop bar and restaurant at Anantara Seminyak Bali Resort serves a modern Southeast Asian menu with ocean views. Live bands and DJ sets play every night.,replace,"Category-style opener given a verb ('serves'); 'on top of' dropped as a repeat of 'rooftop'. Dropped 'give it an energetic, dressed-up evening feel' (impression, no fact). 'Nightly' → 'every night'.",wave-db 2026-10-05 clean pass: style rewrite of the record's own text (rung 2); facts not re-verified,
W-moonlite-kitchen-and-bar-best_for,db,moonlite-kitchen-and-bar,best_for,couples wanting a rooftop dinner with a view; travellers after cocktails at golden hour; a lively night out with music,"A couple's rooftop dinner with a view, cocktails at golden hour, or a lively night out with music",replace,"Lowercase semicolon chain joined into one clause; 'couples' attached to the dinner only, as in the record. No fact dropped.",wave-db 2026-10-05 clean pass: style rewrite of the record's own text (rung 2); facts not re-verified,
W-moonlite-kitchen-and-bar-not_for,db,moonlite-kitchen-and-bar,not_for,"anyone wanting a quiet, low-key meal (live music/DJ most nights)","A quiet, low-key meal, because of the live music and DJ sets",replace,"Parenthetical turned into a reason clause; 'most nights' dropped (why_its_here says nightly, see log).",wave-db 2026-10-05 clean pass: style rewrite of the record's own text (rung 2); facts not re-verified,
W-mori-ubud-best_for,db,mori-ubud,best_for,Special-occasion diners choosing Japanese fine dining in Ubud.,A special occasion over Japanese fine dining or teppanyaki,replace,Generated 'Special-occasion diners choosing…' opener replaced by the moment; 'teppanyaki' from why_its_here; 'in Ubud' dropped (in why_its_here); trailing full stop removed.,wave-db 2026-10-05 clean pass: style rewrite of the record's own text (rung 2); facts not re-verified,
W-mori-ubud-not_for,db,mori-ubud,not_for,Budget diners or people seeking a quick daytime meal.,A budget or quick daytime meal: this is fine dining,replace,Reason attached; 'Budget diners or people seeking' folded. No fact dropped.,wave-db 2026-10-05 clean pass: style rewrite of the record's own text (rung 2); facts not re-verified,
W-motion-skatepark-why_its_here,db,motion-skatepark,why_its_here,"Indoor skatepark on Sunset Road, rebuilt in 2019. Street-style layout with transitions around the perimeter and a mini ramp to one side, obstacles from easy to hard. There is a skate shop on site, and locals will teach if asked.","An indoor skatepark on Sunset Road, rebuilt in 2019. The layout is street-style, with transitions around the edge, a mini ramp to one side and obstacles from easy to hard. There is a skate shop on site, and locals will teach if you ask.",replace,Verbless second sentence given a verb. No fact dropped.,wave-db 2026-10-05 clean pass: style rewrite of the record's own text (rung 2); facts not re-verified,
W-movenpick-jimbaran-yoga-why_its_here,db,movenpick-jimbaran-yoga,why_its_here,"Yoga at Mövenpick Resort & Spa Jimbaran, run through the resort's 24-hour fitness centre in the Samasta complex. Some classes are free, including the Sunday vinyasa session; others are charged. Pilates runs on the same timetable.","Yoga at Mövenpick Resort & Spa Jimbaran runs through the 24-hour fitness centre in the Samasta complex. Some classes are free, including the Sunday vinyasa session; others are charged. Pilates runs on the same timetable.",replace,Verbless first sentence given a verb ('run through' → 'runs through'). No fact dropped.,wave-db 2026-10-05 clean pass: style rewrite of the record's own text (rung 2); facts not re-verified,
W-movenpick-jimbaran-yoga-best_for,db,movenpick-jimbaran-yoga,best_for,"Guests who want to try a class without paying, starting with the free Sunday vinyasa.","Guests trying a class without paying, starting with the free Sunday vinyasa",replace,'Guests' kept: the free classes are the resort's. 'who want to try' → 'trying'; trailing full stop removed. No fact dropped.,wave-db 2026-10-05 clean pass: style rewrite of the record's own text (rung 2); facts not re-verified,
W-movenpick-resort-and-spa-jimbaran-fitness-why_its_here,db,movenpick-resort-and-spa-jimbaran-fitness,why_its_here,"The 24-hour gym at Mövenpick Resort & Spa Jimbaran, stocked with current cardio machines and weight stations. A class programme runs alongside it covering yoga, pilates, aqua aerobics and water volleyball, and cycling is available on the property.","The 24-hour gym at Mövenpick Resort & Spa Jimbaran has current cardio machines and weight stations. Alongside it runs a class programme of yoga, pilates, aqua aerobics and water volleyball, and you can cycle on the property.",replace,Verbless first sentence given a verb; 'cycling is available' → 'you can cycle'. No fact dropped.,wave-db 2026-10-05 clean pass: style rewrite of the record's own text (rung 2); facts not re-verified,
W-movenpick-resort-and-spa-jimbaran-fitness-best_for,db,movenpick-resort-and-spa-jimbaran-fitness,best_for,Jimbaran guests who want round-the-clock machines plus a scheduled class list including pool-based sessions.,"A workout at any hour, with aqua aerobics and water volleyball on the class list",replace,Starts with the moment; 'pool-based sessions' named from why_its_here; 'Jimbaran guests who want' dropped; trailing full stop removed.,wave-db 2026-10-05 clean pass: style rewrite of the record's own text (rung 2); facts not re-verified,
W-nari-fire-influenced-bistro-best_for,db,nari-fire-influenced-bistro,best_for,A wood-fire lunch or dinner with a Campuhan Ridge outlook.,A wood-fire lunch or dinner with a Campuhan Ridge outlook,replace,Trailing full stop removed. Wording unchanged.,wave-db 2026-10-05 clean pass: style rewrite of the record's own text (rung 2); facts not re-verified,
W-nari-fire-influenced-bistro-not_for,db,nari-fire-influenced-bistro,not_for,Diners seeking a low-cost warung meal.,"A low-cost warung meal, since this is a contemporary bistro",replace,Reason attached from why_its_here; 'Diners seeking' dropped.,wave-db 2026-10-05 clean pass: style rewrite of the record's own text (rung 2); facts not re-verified,
W-naya-uluwatu-why_its_here,db,naya-uluwatu,why_its_here,"Semi-private pilates studio in Bingin, Uluwatu. Five reformers per class, so the format stays small and precise.","NAYA runs semi-private pilates in Bingin, Uluwatu. Each class has five reformers, so it stays small.",replace,"Category opener ('Semi-private pilates studio in Bingin, Uluwatu.') and the verbless second sentence rewritten. Dropped 'precise' (impression).",wave-db 2026-10-05 clean pass: style rewrite of the record's own text (rung 2); facts not re-verified,
W-nirvana-life-bali-canggu-why_its_here,db,nirvana-life-bali-canggu,why_its_here,"A Berawa fitness-and-wellness club open 6am–11pm, combining gym, classes and recovery under one roof.","Nirvana Life is a fitness and wellness club in Berawa, open 6am–11pm, with a gym, classes and recovery in the same building.",replace,'under one roof' (cliché) → 'in the same building'; name added as subject. No fact dropped.,wave-db 2026-10-05 clean pass: style rewrite of the record's own text (rung 2); facts not re-verified,
W-nirvana-life-bali-canggu-best_for,db,nirvana-life-bali-canggu,best_for,Canggu stayers who want long hours and a mix of training and recovery.,"Training and recovery in one place, open from 6am to 11pm",replace,"Starts with the moment; 'Canggu stayers who want long hours' → the opening hours stated ('Canggu' dropped, it is the district); trailing full stop removed.",wave-db 2026-10-05 clean pass: style rewrite of the record's own text (rung 2); facts not re-verified,
W-noonik-bistro-why_its_here,db,noonik-bistro,why_its_here,"NOONIK is a modern Asian bistro in Mas, Ubud. Its all-day menu spans breakfast through dinner with Asian and Indonesian dishes. It opens daily from 07:00 to 22:30.","A modern Asian bistro in Mas, Ubud, open daily from 07:00 to 22:30. The menu runs from breakfast to dinner, mixing Asian and Indonesian dishes.",replace,Three-sentence generator shape ('X is a… Its all-day menu spans… It opens daily from…') reduced to two; name dropped as subject (it is the card title). No fact dropped.,wave-db 2026-10-05 clean pass: style rewrite of the record's own text (rung 2); facts not re-verified,
W-noonik-bistro-best_for,db,noonik-bistro,best_for,"An all-day Asian meal in Mas, from breakfast through dinner.","Breakfast through dinner in Mas, Asian or Indonesian",replace,Reworded so it does not repeat why_its_here; trailing full stop removed.,wave-db 2026-10-05 clean pass: style rewrite of the record's own text (rung 2); facts not re-verified,
W-noonik-bistro-not_for,db,noonik-bistro,not_for,A fixed-course dinner centred on one cuisine or one service window.,"A fixed-course dinner of a single cuisine, since the menu is all-day and mixes Asian and Indonesian dishes",replace,Abstract 'centred on one cuisine or one service window' given its reason from why_its_here. Dropped 'or one service window' (the all-day reason covers it).,wave-db 2026-10-05 clean pass: style rewrite of the record's own text (rung 2); facts not re-verified,
W-nui-da-mano-beachfront-restaurant-in-batu-belig-why_its_here,db,nui-da-mano-beachfront-restaurant-in-batu-belig,why_its_here,Nui da Mano is a Polynesian-inspired restaurant directly on Batu Belig Beach. Its menu reinterprets Polynesian flavours with local ingredients. The open-air setting is arranged around shared plates by the sea.,"A Polynesian-inspired restaurant directly on Batu Belig Beach, cooking Polynesian flavours with local ingredients. Seating is open-air, and the food comes as shared plates by the sea.",replace,Dropped brochure verbs 'reinterprets' and 'the setting is arranged around'. No fact dropped.,wave-db 2026-10-05 clean pass: style rewrite of the record's own text (rung 2); facts not re-verified,
W-nui-da-mano-beachfront-restaurant-in-batu-belig-best_for,db,nui-da-mano-beachfront-restaurant-in-batu-belig,best_for,Beachfront sharing plates by the sea in Batu Belig.,Sharing plates at a beachfront table in Batu Belig,replace,'Beachfront … by the sea' redundancy removed; trailing full stop removed.,wave-db 2026-10-05 clean pass: style rewrite of the record's own text (rung 2); facts not re-verified,
W-nui-da-mano-beachfront-restaurant-in-batu-belig-not_for,db,nui-da-mano-beachfront-restaurant-in-batu-belig,not_for,"Diners seeking a strictly traditional, single-island Polynesian menu.","A strictly traditional, single-island Polynesian menu, as the kitchen reworks it with local ingredients",replace,Reason attached from why_its_here; 'Diners seeking' dropped.,wave-db 2026-10-05 clean pass: style rewrite of the record's own text (rung 2); facts not re-verified,
W-nusa-dua-beach-hotel-yoga-best_for,db,nusa-dua-beach-hotel-yoga,best_for,ITDC-estate guests who want a fixed morning class slot with a garden or beach setting.,"A daily 7am class at the Yoga Bale, with other classes on the beach and in the gardens",replace,"Dropped jargon 'ITDC-estate guests' and 'class slot'; no audience claim, since the record does not say who may attend. The 07:00 class is at the Yoga Bale (why_its_here); beach and garden classes are kept as separate, with no time. 07:00 → 7am; trailing full stop removed.",wave-db 2026-10-05 clean pass: style rewrite of the record's own text (rung 2); facts not re-verified,
W-olop-iyengar-yoga-why_its_here,db,olop-iyengar-yoga,why_its_here,A dedicated Iyengar-yoga studio in Seminyak focused on alignment and props-based practice.,"Olop is an Iyengar yoga studio in Seminyak, where practice centres on alignment and props.",replace,'A dedicated … focused on … props-based practice' reworded. 'dedicated' carried into best_for.,wave-db 2026-10-05 clean pass: style rewrite of the record's own text (rung 2); facts not re-verified,
W-olop-iyengar-yoga-best_for,db,olop-iyengar-yoga,best_for,"Practitioners who specifically want precise, Iyengar-method classes.",Practitioners set on the Iyengar method,replace,Dropped 'specifically' and 'precise' (impression); trailing full stop removed.,wave-db 2026-10-05 clean pass: style rewrite of the record's own text (rung 2); facts not re-verified,
W-oma-jamu-why_its_here,db,oma-jamu,why_its_here,"A budget vegan cafe and organic grocery near Batu Bolong's Puseh temple, serving all-day plant-based Indonesian food, cold-pressed juices, kombucha and traditional jamu tonics.","A budget vegan cafe and organic grocery near the Puseh temple in Batu Bolong. Plant-based Indonesian food runs all day, alongside cold-pressed juices, kombucha and traditional jamu tonics.",replace,One stacked 25-word sentence split in two. No fact dropped.,wave-db 2026-10-05 clean pass: style rewrite of the record's own text (rung 2); facts not re-verified,
W-oma-jamu-best_for,db,oma-jamu,best_for,"Affordable vegan and vegetarian eating, healthy breakfasts and jamu in a calm daytime setting.","Affordable vegan or vegetarian eating by day, from a healthy breakfast to a jamu tonic",replace,Three stacked items joined into one clause. Dropped 'calm' and 'setting' (impression).,wave-db 2026-10-05 clean pass: style rewrite of the record's own text (rung 2); facts not re-verified,
W-oma-jamu-not_for,db,oma-jamu,not_for,Not for diners wanting meat or a full-service dinner.,"Diners wanting meat or a full-service dinner, since it is a vegan cafe",replace,Dropped the redundant 'Not for' prefix; reason attached from why_its_here.,wave-db 2026-10-05 clean pass: style rewrite of the record's own text (rung 2); facts not re-verified,
W-padang-padang-surf-camp-uluwatu-why_its_here,db,padang-padang-surf-camp-uluwatu,why_its_here,"A Bingin-based surf coaching operation running since 2005, led by a coach who grew up surfing Bingin.","Padang Padang Surf Camp has coached surfers in Bingin since 2005, and its lead coach grew up surfing there.",replace,Generic 'surf coaching operation' rewritten with the name as subject. No fact dropped.,wave-db 2026-10-05 clean pass: style rewrite of the record's own text (rung 2); facts not re-verified,
W-padang-padang-surf-camp-uluwatu-best_for,db,padang-padang-surf-camp-uluwatu,best_for,structured surf coaching for progressing surfers at Bingin,Surfers who are progressing and want structured coaching at Bingin,replace,Starts with the person; capitalised.,wave-db 2026-10-05 clean pass: style rewrite of the record's own text (rung 2); facts not re-verified,
W-padma-resort-legian-kuta-legian-why_its_here,db,padma-resort-legian-kuta-legian,why_its_here,Day spa in Legian. The published list covers Hair Treatment. Booking is on the venue's own site.,"Padma Resort Legian has a day spa that does hair treatments, and the resort takes bookings on its website.",replace,Spa template opener 'Day spa in Legian.' replaced by the name; 'The published list covers' → 'does'. Dropped 'published'. No other fact dropped.,wave-db 2026-10-05 clean pass: style rewrite of the record's own text (rung 2); facts not re-verified,
W-padma-resort-legian-kuta-legian-best_for,db,padma-resort-legian-kuta-legian,best_for,Hair treatment booked the same day.,A hair treatment at a Legian resort,replace,Template best_for replaced by the treatment and setting; no record holds evidence of same-day booking. Trailing full stop removed.,wave-db 2026-10-05 clean pass: style rewrite of the record's own text (rung 2); facts not re-verified,
W-padma-resort-legian-kuta-legian-not_for,db,padma-resort-legian-kuta-legian,not_for,A budget massage — the list starts at 770K IDR.,A budget massage: the list starts at 770K IDR,replace,Shared 'A budget massage — the list starts at' template: dash replaced by a colon (joint varied from neighbouring cards). No fact dropped.,wave-db 2026-10-05 clean pass: style rewrite of the record's own text (rung 2); facts not re-verified,
W-pak-gula-why_its_here,db,pak-gula,why_its_here,"Two-storey restaurant in Bingin from the team behind The Cashew Tree. Sharing plates: char siu pork bao, vegetable dumplings, chicken satay, braised beef curry. The ground floor is casual; upstairs is a dinner room with low light, communal tables and a bar.","PAK GULA is a two-storey restaurant in Bingin from the team behind The Cashew Tree. Sharing plates include char siu pork bao, vegetable dumplings, chicken satay and braised beef curry. Downstairs is casual; upstairs is a low-lit dinner room with communal tables and a bar.",replace,Category opener and the verbless colon list given verbs. No fact dropped.,wave-db 2026-10-05 clean pass: style rewrite of the record's own text (rung 2); facts not re-verified,
W-pala-spa-munduk-why_its_here,db,pala-spa-munduk,why_its_here,Wellness spa in Munduk. The published list covers Balinese Massage. Booking is on the venue's own site.,Pala Spa is a wellness spa in Munduk where you can book a Balinese massage online.,replace,Spa template ('Wellness spa in Munduk. The published list covers…') joined into one sentence led by the name; 'own site' → 'online'. Dropped 'published'. No other fact dropped.,wave-db 2026-10-05 clean pass: style rewrite of the record's own text (rung 2); facts not re-verified,
W-pala-spa-munduk-best_for,db,pala-spa-munduk,best_for,Balinese massage booked the same day.,A Balinese massage while you're in Munduk,replace,Template best_for replaced by the treatment and area; no record holds evidence of same-day booking. Trailing full stop removed.,wave-db 2026-10-05 clean pass: style rewrite of the record's own text (rung 2); facts not re-verified,
W-pantai-lovina-best_for,db,pantai-lovina,best_for,a dawn dolphin-watching boat trip; a quieter north-Bali beach base,"A dawn dolphin-watching boat trip, or a quieter beach base in north Bali",replace,Lowercase semicolon chain joined into one clause. No fact dropped.,wave-db 2026-10-05 clean pass: style rewrite of the record's own text (rung 2); facts not re-verified,
W-pantai-pandawa-why_its_here,db,pantai-pandawa,why_its_here,"A white-sand beach on the Bukit peninsula, Badung, reached by a road cut through the cliffs, with statues of the Pandawa brothers lining the entrance.","A white-sand beach on the Bukit peninsula in Badung. You reach it on a road cut through the cliffs, and statues of the Pandawa brothers line the entrance.",replace,One sentence stacking three clauses split in two. No fact dropped.,wave-db 2026-10-05 clean pass: style rewrite of the record's own text (rung 2); facts not re-verified,
W-pantai-pandawa-best_for,db,pantai-pandawa,best_for,calmer water than the west-coast surf beaches; families and swimmers,Families and swimmers who want calmer water than the west-coast surf beaches,replace,"Lowercase semicolon chain joined, starting with the people. No fact dropped.",wave-db 2026-10-05 clean pass: style rewrite of the record's own text (rung 2); facts not re-verified,
W-paradise-padel-bali-why_its_here,db,paradise-padel-bali,why_its_here,"Padel club on Jalan Subak Sari. Equipment rental, parking, a shop, restaurant and changing rooms. Courts book through Playtomic, and a 60-minute session with a coach starts at 900,000 IDR. Tournaments and mixed-level sessions run regularly.","The padel club on Jalan Subak Sari rents equipment and has parking, a shop, a restaurant and changing rooms. Courts book through Playtomic, and a 60-minute session with a coach starts at 900,000 IDR. Tournaments and mixed-level sessions run regularly.",replace,Category opener 'Padel club on Jalan Subak Sari.' and the verbless amenity list joined into one sentence with verbs. No fact dropped.,wave-db 2026-10-05 clean pass: style rewrite of the record's own text (rung 2); facts not re-verified,
W-parigata-resorts-and-spa-sanur-bali-sanur-why_its_here,db,parigata-resorts-and-spa-sanur-bali-sanur,why_its_here,Spa in Sanur. The published list covers Balinese Massage and Spa Package. Booking is on the venue's own site.,Parigata Resorts and Spa in Sanur does Balinese massage and a spa package; bookings are on its own site.,replace,Spa template opener 'Spa in Sanur.' replaced by the name; 'The published list covers' → 'does'; three sentences joined. Dropped 'published'.,wave-db 2026-10-05 clean pass: style rewrite of the record's own text (rung 2); facts not re-verified,
W-parigata-resorts-and-spa-sanur-bali-sanur-best_for,db,parigata-resorts-and-spa-sanur-bali-sanur,best_for,A long reset — treatments run up to 120 minutes.,"A Balinese massage or a spa package, with treatments of up to 120 minutes",replace,"Template best_for ('A long reset — …', shared across cards): stock phrase 'a long reset' dropped; now names the card's own treatments; trailing full stop removed.",wave-db 2026-10-05 clean pass: style rewrite of the record's own text (rung 2); facts not re-verified,
W-piasan-nusa-dua-restaurant-piasan-restaurant-why_its_here,db,piasan-nusa-dua-restaurant-piasan-restaurant,why_its_here,"Italian restaurant in the BTDC area of Nusa Dua, at Kayumanis. The dining room is built from over 15,000 bamboo stems, with floating partitions and a raised ceiling. The name comes from a Balinese term for a ceremonial structure.","Piasan is an Italian restaurant at Kayumanis, in the BTDC area of Nusa Dua. The dining room is built from over 15,000 bamboo stems, with floating partitions and a raised ceiling. The name comes from a Balinese term for a ceremonial structure.",replace,Bare category opener ('Italian restaurant in … at Kayumanis.') given the name and a verb; rest unchanged.,wave-db 2026-10-05 clean pass: style rewrite of the record's own text (rung 2); facts not re-verified,
W-pica-south-american-kitchen-why_its_here,db,pica-south-american-kitchen,why_its_here,A small South American kitchen in central Ubud with a distinctive cuisine angle absent from most local lists.,"A small South American kitchen in central Ubud, cooking Peruvian and South American flavours.",replace,"Dropped 'with a distinctive cuisine angle absent from most local lists' (comparison with other lists, no source); 'Peruvian' moved from best_for.",wave-db 2026-10-05 clean pass: style rewrite of the record's own text (rung 2); facts not re-verified,
W-pica-south-american-kitchen-best_for,db,pica-south-american-kitchen,best_for,Diners seeking Peruvian and South American flavours in Ubud.,Diners after Peruvian and South American flavours,replace,'seeking' → 'after'; 'in Ubud' dropped (in why_its_here); trailing full stop removed.,wave-db 2026-10-05 clean pass: style rewrite of the record's own text (rung 2); facts not re-verified,
W-pica-south-american-kitchen-not_for,db,pica-south-american-kitchen,not_for,People looking for Balinese food or a large family room.,Balinese food or a large family group: this is a small South American restaurant,replace,Reason attached from why_its_here; 'room' → 'group'.,wave-db 2026-10-05 clean pass: style rewrite of the record's own text (rung 2); facts not re-verified,
W-pizzaria-hyatt-why_its_here,db,pizzaria-hyatt,why_its_here,"The Italian beachfront restaurant and bar at Hyatt Regency Bali, on Sanur Beach, serving antipasti, wood-fired sourdough pizza, pasta, seafood and meat with sea views. Lunch and dinner daily, plus a Sunday Brunch with live grills and carvings.","Pizzaria is Hyatt Regency Bali's beachfront Italian restaurant and bar on Sanur Beach, with sea views. Antipasti, wood-fired sourdough pizza, pasta, seafood and meat are served at lunch and dinner daily. Sunday Brunch adds live grills and carvings.",replace,"Verbless 30-word first sentence split; the fragment 'Lunch and dinner daily, plus…' given a verb. No fact dropped.",wave-db 2026-10-05 clean pass: style rewrite of the record's own text (rung 2); facts not re-verified,
W-pizzaria-hyatt-best_for,db,pizzaria-hyatt,best_for,couples wanting an upscale beachfront resort dinner; a special-occasion meal; Sunday brunch with a group; families dining early at the resort,"An upscale beachfront dinner as a couple or for a special occasion, Sunday brunch with a group, or an early family meal",replace,Lowercase four-part semicolon chain joined into one clause. Dropped 'at the resort' (implied).,wave-db 2026-10-05 clean pass: style rewrite of the record's own text (rung 2); facts not re-verified,
W-pizzaria-hyatt-not_for,db,pizzaria-hyatt,not_for,"anyone after a quick, budget, casual street meal","A quick, casual street meal on a budget: this is a beachfront resort restaurant",replace,'anyone after' dropped; reason attached from why_its_here.,wave-db 2026-10-05 clean pass: style rewrite of the record's own text (rung 2); facts not re-verified,
W-poggy-bali-surf-school-uluwatu-why_its_here,db,poggy-bali-surf-school-uluwatu,why_its_here,"A surf school based at Padang Padang beach coaching all levels across the Bukit's breaks -- Padang Padang, Bingin, Dreamland and others.","A surf school based at Padang Padang beach. It coaches all levels across the Bukit's breaks, including Padang Padang, Bingin and Dreamland.",replace,Double hyphen removed; one sentence split in two; 'and others' → 'including'.,wave-db 2026-10-05 clean pass: style rewrite of the record's own text (rung 2); facts not re-verified,
W-poggy-bali-surf-school-uluwatu-best_for,db,poggy-bali-surf-school-uluwatu,best_for,tailored surf coaching across the Bukit's breaks,"Coaching tailored to your level, moving between the Bukit's breaks",replace,Starts with the person; capitalised. No fact dropped.,wave-db 2026-10-05 clean pass: style rewrite of the record's own text (rung 2); facts not re-verified,
W-pole-studio-bali-why_its_here,db,pole-studio-bali,why_its_here,"Pole studio in Seminyak. Beginner classes cover spins, climbs and transitions; intermediate and advanced work through routines. Flexibility and conditioning classes run alongside, and private lessons are available.","At Pole Studio Bali, beginner classes cover spins, climbs and transitions, and intermediate and advanced students work through routines. Flexibility and conditioning classes run alongside, and private lessons are available.",replace,"Bare category opener 'Pole studio in Seminyak.' folded into the first sentence; semicolon removed. No fact dropped. | 2026-10-08 founder rule 1: removed ""in Seminyak"" (the card's district is Kuta & Legian)",wave-db 2026-10-05 clean pass: style rewrite of the record's own text (rung 2); facts not re-verified,
W-prime-plaza-hotel-sanur-fitness-centre-why_its_here,db,prime-plaza-hotel-sanur-fitness-centre,why_its_here,"The fitness centre at Prime Plaza Hotel Sanur, open to the public as well as hotel guests. It carries treadmills, stationary bikes, dumbbells, free weights, weight machines and cardio and resistance kit, with a changing room, hot and cold showers and lockers. Guests train free; walk-ins pay 100,000 IDR at peak and 75,000 IDR off peak, which includes locker, shower and spa access. Personal trainers can be booked ahead by the hour, day or week. The property also has a hot tub, a sauna, eight spa treatment rooms and a 110-metre free-form pool.","Prime Plaza Hotel Sanur's gym is open to the public; hotel guests train free. Walk-ins pay 100,000 IDR at peak and 75,000 IDR off peak, which includes a locker, hot and cold showers and spa access. The gym has treadmills and stationary bikes alongside free weights and machines. Personal trainers can be booked ahead by the hour or by the day or week. The property also has a sauna and a hot tub, plus a 110-metre pool.",replace,"95 words cut to 77; spec-sheet lists reduced to one. Dropped deliberately: 'dumbbells', 'weight' before machines and 'cardio and resistance kit' (repeat the equipment list), 'changing room' (covered by locker and showers), 'free-form' before pool and the eight spa treatment rooms. Skeptic pass 2 restored the sauna, hot tub and 110-metre pool, hot and cold showers, and 'personal trainers … booked ahead'.",wave-db 2026-10-05 clean pass: style rewrite of the record's own text (rung 2); facts not re-verified,
W-prime-plaza-hotel-sanur-fitness-centre-best_for,db,prime-plaza-hotel-sanur-fitness-centre,best_for,"Anyone in Sanur wanting a well-equipped gym on a cheap walk-in basis, with sauna and hot tub included in the entry price.","A cheap walk-in workout in Sanur, with locker, shower and spa access in the entry price",replace,"Dropped 'well-equipped' (impression) and 'Anyone in Sanur wanting'; trailing full stop removed. 'sauna and hot tub included in the entry price' replaced by what the record says the entry price includes (locker, shower and spa access) — the sauna/hot-tub reading of 'spa access' is unverified.",wave-db 2026-10-05 clean pass: style rewrite of the record's own text (rung 2); facts not re-verified,
W-pullman-bali-legian-beach-kuta-legian-why_its_here,db,pullman-bali-legian-beach-kuta-legian,why_its_here,Resort spa in Legian. The published list covers Traditional Massage. Booking is on the venue's own site.,Pullman Bali Legian Beach has a resort spa for traditional massage; book on the hotel's own website.,replace,Spa template opener 'Resort spa in Legian.' replaced by the name. Dropped 'published'. No other fact dropped.,wave-db 2026-10-05 clean pass: style rewrite of the record's own text (rung 2); facts not re-verified,
W-pullman-bali-legian-beach-kuta-legian-best_for,db,pullman-bali-legian-beach-kuta-legian,best_for,Traditional massage booked the same day.,Traditional massage at the Pullman in Legian,replace,Template best_for replaced by the treatment and venue; no record holds evidence of same-day booking. Trailing full stop removed.,wave-db 2026-10-05 clean pass: style rewrite of the record's own text (rung 2); facts not re-verified,
W-reform-pilates-bingin-why_its_here,db,reform-pilates-bingin,why_its_here,"The first reformer pilates studio in Bingin, opened in 2023 by Abbey. Classes include Booty & Core, Body Blast and deep stretch. Pre- and post-natal reformer classes run for the first and second trimesters. Booking is online.","A reformer pilates studio in Bingin, opened in 2023 by Abbey. Classes include Booty & Core, Body Blast and deep stretch. Pre- and post-natal reformer classes run for the first and second trimesters. Booking is online.",replace,"card left unchanged in the 2026-10-05 clean pass; row added only for the founder decision | 2026-10-08 founder rule 2: removed ""The first"" ('first' claim with no named source in the record)",founder decision 2026-10-08,
W-reform-uluwatu-why_its_here,db,reform-uluwatu,why_its_here,"Reform+ is the second Reform Pilates location, in Uluwatu. Reformer classes with online booking.","Reform+ is the second Reform Pilates location, in Uluwatu, running reformer classes that you book online.",replace,Verbless second sentence joined to the first. No fact dropped.,wave-db 2026-10-05 clean pass: style rewrite of the record's own text (rung 2); facts not re-verified,
W-retro-kitchen-and-bar-why_its_here,db,retro-kitchen-and-bar,why_its_here,"Broad-menu kitchen-and-bar on the main Sanur strip mixing Australian steaks, Western favourites and Indonesian dishes, with a dedicated kids' section.","Retro Kitchen and Bar sits on the main Sanur strip and keeps a broad menu. Australian steaks and Western favourites run beside Indonesian dishes, and there is a kids' section of its own.",replace,Verbless stacked opener ('Broad-menu kitchen-and-bar … mixing …') rewritten. No fact dropped.,wave-db 2026-10-05 clean pass: style rewrite of the record's own text (rung 2); facts not re-verified,
W-retro-kitchen-and-bar-best_for,db,retro-kitchen-and-bar,best_for,families with kids; groups wanting varied Western-and-local options in one place,"Families with kids, or a group that wants Western and Indonesian options in one place",replace,Lowercase semicolon chain joined; 'local' → 'Indonesian' (from why_its_here).,wave-db 2026-10-05 clean pass: style rewrite of the record's own text (rung 2); facts not re-verified,
W-rip-curl-school-of-surf-why_its_here,db,rip-curl-school-of-surf,why_its_here,"Surf school on Sanur beach inside the Prama Sanur Beach hotel, running since 1998. Surfing, kitesurfing, stand-up paddle, windsurfing, wakeboarding, diving and foiling, with certification and rentals. The Little Ripper programme is for under-13s.","Rip Curl's surf school is on Sanur beach inside the Prama Sanur Beach hotel and has run since 1998. It also teaches kitesurfing, stand-up paddle, windsurfing, wakeboarding, diving and foiling, with certification and rentals. The Little Ripper programme is for under-13s.",replace,Category opener and the verbless activity list given verbs. No fact dropped.,wave-db 2026-10-05 clean pass: style rewrite of the record's own text (rung 2); facts not re-verified,
W-rockfish-cliffside-why_its_here,db,rockfish-cliffside,why_its_here,Rockfish Cliffside is an owner-confirmed cliffside restaurant in Pecatu serving seafood and wagyu-led dishes.,"Rockfish Cliffside is a restaurant on the cliffs in Pecatu, with a menu led by seafood and wagyu.",replace,"Dropped 'owner-confirmed' (internal status, not copy for the traveller; see log). 'cliffside restaurant' → 'restaurant on the cliffs'; 'serving … dishes' → 'a menu led by'.",wave-db 2026-10-05 clean pass: style rewrite of the record's own text (rung 2); facts not re-verified,
W-rockfish-cliffside-best_for,db,rockfish-cliffside,best_for,Travellers planning a cliffside dinner in Uluwatu.,"A cliffside dinner in Uluwatu, seafood or wagyu",replace,Generic 'Travellers planning…' opener replaced by the moment; trailing full stop removed.,wave-db 2026-10-05 clean pass: style rewrite of the record's own text (rung 2); facts not re-verified,
W-rokkyu-teppanyaki-grand-istana-rama-hotel-kuta-best_for,db,rokkyu-teppanyaki-grand-istana-rama-hotel-kuta,best_for,Lunch or dinner with live teppanyaki cooking in Kuta.,Lunch or dinner with live teppanyaki cooking in Kuta,replace,Trailing full stop removed. Wording unchanged.,wave-db 2026-10-05 clean pass: style rewrite of the record's own text (rung 2); facts not re-verified,
W-rokkyu-teppanyaki-grand-istana-rama-hotel-kuta-not_for,db,rokkyu-teppanyaki-grand-istana-rama-hotel-kuta,not_for,Breakfast or an early-morning meal.,Breakfast or an early-morning meal: the doors open at 12:00,replace,Reason attached from why_its_here (opens 12:00).,wave-db 2026-10-05 clean pass: style rewrite of the record's own text (rung 2); facts not re-verified,
W-roots-pererenan-why_its_here,db,roots-pererenan,why_its_here,"An all-day plant-based restaurant in Pererenan built around a customizable build-your-own-bowl with 50+ ingredients, plus bold drinks, serving vegans, vegetarians and anyone eating less meat.","An all-day plant-based restaurant in Pererenan for vegans, vegetarians and anyone eating less meat. The menu is built around a bowl you make yourself from 50+ ingredients.",replace,One stacked 28-word sentence split. Dropped 'plus bold drinks' ('bold' is an impression); 'customizable build-your-own-bowl' de-duplicated.,wave-db 2026-10-05 clean pass: style rewrite of the record's own text (rung 2); facts not re-verified,
W-roots-pererenan-best_for,db,roots-pererenan,best_for,"Plant-based and health-focused eaters, a customizable brunch or bowl, and casual laptop-friendly daytime sitting.","Plant-based eaters after a bowl built their way, or a casual daytime laptop session",replace,Three stacked items joined. Dropped 'health-focused' and 'brunch' (the bowl stays).,wave-db 2026-10-05 clean pass: style rewrite of the record's own text (rung 2); facts not re-verified,
W-roots-pererenan-not_for,db,roots-pererenan,not_for,Meat-centric diners or a formal special-occasion dinner.,Meat-centric diners or a formal special-occasion dinner — it is a casual plant-based place,replace,Reason attached from the record; trailing full stop removed.,wave-db 2026-10-05 clean pass: style rewrite of the record's own text (rung 2); facts not re-verified,
W-rosehill-spa-nusa-dua-why_its_here,db,rosehill-spa-nusa-dua,why_its_here,Day spa in Nusa Dua. The published list covers Traditional Massage and Reflexology. Foot Reflexology is 300K IDR for 60 minutes. Booking is on the venue's own site.,"An hour of foot reflexology costs 300K IDR at Rosehill Spa, a day spa in Nusa Dua that also does traditional massage. Booking is on the spa's own site.",replace,"Spa template rewritten in two sentences, led by the price; '60 minutes' → 'an hour'. Dropped 'published'. No other fact dropped.",wave-db 2026-10-05 clean pass: style rewrite of the record's own text (rung 2); facts not re-verified,
W-rosehill-spa-nusa-dua-best_for,db,rosehill-spa-nusa-dua,best_for,Tired feet after a day of walking.,Reflexology after a day on your feet,replace,"Template best_for ('Tired feet after a day of walking.', shared across cards) reworded around the treatment; trailing full stop removed.",wave-db 2026-10-05 clean pass: style rewrite of the record's own text (rung 2); facts not re-verified,
W-rotisserie-by-cashew-tree-why_its_here,db,rotisserie-by-cashew-tree,why_its_here,Rotisserie from The Cashew Tree in Pecatu. Slow-roasted meats with fresh sides and sauces.,The Cashew Tree's rotisserie in Pecatu slow-roasts meats and serves them with fresh sides and sauces.,replace,Two verbless fragments joined into one sentence with verbs. No fact dropped.,wave-db 2026-10-05 clean pass: style rewrite of the record's own text (rung 2); facts not re-verified,
W-s2s-crossfit-why_its_here,db,s2s-crossfit,why_its_here,"CrossFit box on Jl. Raya Semat, the first CrossFit affiliate on the island. CrossFit, weightlifting, high-intensity cardio and personal training. A drop-in is 200,000 IDR and needs no booking - arrive ten minutes before class.","S2S is a CrossFit box on Jl. Raya Semat. It runs CrossFit, weightlifting, high-intensity cardio and personal training. A drop-in costs 200,000 IDR with no booking needed; arrive ten minutes before class.",replace,"Category opener and the verbless programme list given verbs; spaced hyphen replaced. No fact dropped. | 2026-10-08 founder rule 2: removed ""and the first CrossFit affiliate on the island"" ('first' claim with no named source in the record)",wave-db 2026-10-05 clean pass: style rewrite of the record's own text (rung 2); facts not re-verified,
W-sanur-surf-school-why_its_here,db,sanur-surf-school,why_its_here,"Surf school in Sanur teaching at Baby Reef, a short boat ride offshore where the waves break smaller and softer than in the south. Private lessons and semi-private for two, from a first wave to refining technique. Children are welcome and foiling is taught as well.","Sanur Surf School teaches at Baby Reef, a short boat ride offshore, where the waves break smaller and softer than in the south. Lessons are private or semi-private for two, from a first wave to refining technique. Children are welcome, and foiling is taught too.",replace,Category opener and the verbless lesson fragment given verbs. No fact dropped.,wave-db 2026-10-05 clean pass: style rewrite of the record's own text (rung 2); facts not re-verified,
W-seabird-bistro-and-coworking-canggu-by-wonderspace-why_its_here,db,seabird-bistro-and-coworking-canggu-by-wonderspace,why_its_here,"Bistro and coworking space on Jl. Nelayan, part of the Wonderspace group. Italian comfort food with a French turn: grilled lobster tagliatelle, wagyu steak frites, rigatoni vodka. Vegetarian and vegan options, local wines and cocktails.","Seabird is a bistro and coworking space on Jl. Nelayan, part of the Wonderspace group. The kitchen does Italian comfort food with a French turn, such as grilled lobster tagliatelle, wagyu steak frites and rigatoni vodka. Vegetarian and vegan options sit alongside local wines and cocktails.",replace,Category opener and two verbless sentences given verbs. No fact dropped.,wave-db 2026-10-05 clean pass: style rewrite of the record's own text (rung 2); facts not re-verified,
W-seasalt-why_its_here,db,seasalt,why_its_here,"Beachfront seafood-led fine dining inside Alila, strongest for coastal date nights and brunch splurges.","Seasalt is beachfront fine dining inside Alila, and the menu leads with seafood. Come for a date night by the coast or a brunch splurge.",replace,'strongest for' (a ranking) → 'Come for'; split in two. No fact dropped.,wave-db 2026-10-05 clean pass: style rewrite of the record's own text (rung 2); facts not re-verified,
W-seasalt-best_for,db,seasalt,best_for,date night special; sunset drinks view; special occasion,"A date night or a special occasion, with drinks at sunset",replace,Broken generator chain ('date night special; sunset drinks view; special occasion') written as one clause. Dropped 'view' (kept in 'at sunset').,wave-db 2026-10-05 clean pass: style rewrite of the record's own text (rung 2); facts not re-verified,
W-serenity-bali-yogi-spa-canggu-why_its_here,db,serenity-bali-yogi-spa-canggu,why_its_here,Spa in Canggu. The published list covers Balinese Massage. Balinese Massage is 250K IDR for 60 minutes. Booking runs through Fresha.,"Serenity Bali Yogi Spa in Canggu does Balinese massage at 250K IDR for 60 minutes, and bookings run through Fresha.",replace,"Spa template (four short sentences, treatment named twice) joined into one. Dropped 'published'.",wave-db 2026-10-05 clean pass: style rewrite of the record's own text (rung 2); facts not re-verified,
W-serenity-bali-yogi-spa-canggu-best_for,db,serenity-bali-yogi-spa-canggu,best_for,Balinese massage booked the same day.,"A 60-minute Balinese massage for 250K IDR, booked through Fresha",replace,"Template best_for replaced by the card's own price, duration and booking channel; no record holds evidence of same-day booking. Trailing full stop removed.",wave-db 2026-10-05 clean pass: style rewrite of the record's own text (rung 2); facts not re-verified,
W-serenity-eco-guesthouse-yoga-canggu-why_its_here,db,serenity-eco-guesthouse-yoga-canggu,why_its_here,"The long-running yoga shala at Serenity Eco Guesthouse in Nelayan, with a busy daily timetable and a wellness day pass (249k).",Serenity Eco Guesthouse in Nelayan has a yoga shala with a busy daily timetable. A wellness day pass costs 249k.,replace,Verbless fragment given a subject and verb. Dropped 'long-running' (no date).,wave-db 2026-10-05 clean pass: style rewrite of the record's own text (rung 2); facts not re-verified,
W-serenity-eco-guesthouse-yoga-canggu-best_for,db,serenity-eco-guesthouse-yoga-canggu,best_for,Budget-minded yogis who want plentiful daily classes in a friendly eco setting.,Yogis on a budget who want plenty of classes every day,replace,Dropped 'in a friendly eco setting' (impression); trailing full stop removed.,wave-db 2026-10-05 clean pass: style rewrite of the record's own text (rung 2); facts not re-verified,
W-sista-dumpling-why_its_here,db,sista-dumpling,why_its_here,"Sista Dumpling is a modern dumpling bistro on Jl. Raya Semat in Berawa, built around sharing plates and drinks, open from late morning to 11pm. There is a second branch in Uluwatu; everything recorded here is the Berawa room.","Sista Dumpling is a modern dumpling bistro on Jl. Raya Semat in Berawa, open from late morning to 11pm. The menu is built around sharing plates, with drinks alongside. There is a second branch in Uluwatu; the details here are for the Berawa room.",replace,26-word first sentence split; internal note 'everything recorded here is' → 'the details here are for'. No fact dropped.,wave-db 2026-10-05 clean pass: style rewrite of the record's own text (rung 2); facts not re-verified,
W-sista-dumpling-best_for,db,sista-dumpling,best_for,"A dumpling bistro in Berawa built for sharing, open from late morning.",Shared dumplings and drinks from late morning,replace,"Started with the place ('A dumpling bistro in Berawa…'), now with the moment; trailing full stop removed.",wave-db 2026-10-05 clean pass: style rewrite of the record's own text (rung 2); facts not re-verified,
W-six-senses-uluwatu-pilates-best_for,db,six-senses-uluwatu-pilates,best_for,Resort guests who want a mat-based session alongside the yoga schedule rather than a standalone studio.,Resort guests who want mat pilates to go with the yoga schedule,replace,Dropped 'rather than a standalone studio'; trailing full stop removed. No fact dropped.,wave-db 2026-10-05 clean pass: style rewrite of the record's own text (rung 2); facts not re-verified,
W-skai-beach-club-legian-why_its_here,db,skai-beach-club-legian,why_its_here,"A beach club at Padma Resort Legian with a semi-alfresco terrace and an infinity pool set over the Legian surf, built around sunset.","S.K.A.I is the beach club at Padma Resort Legian, with a semi-alfresco terrace and an infinity pool set over the Legian surf. Sunset is the main event.",replace,'built around sunset' moved into its own short sentence. No fact dropped.,wave-db 2026-10-05 clean pass: style rewrite of the record's own text (rung 2); facts not re-verified,
W-skai-beach-club-legian-best_for,db,skai-beach-club-legian,best_for,sunset over an infinity pool in Legian,Sunset from an infinity pool in Legian,replace,Capitalised; 'over' → 'from'.,wave-db 2026-10-05 clean pass: style rewrite of the record's own text (rung 2); facts not re-verified,
W-spa-at-rimba-by-ayana-bali-jimbaran-why_its_here,db,spa-at-rimba-by-ayana-bali-jimbaran,why_its_here,"The spa at RIMBA by AYANA on the vast AYANA estate above Jimbaran, one of Bali's largest resort-and-wellness complexes.","The spa at RIMBA by AYANA sits on the vast AYANA estate above Jimbaran, a resort-and-wellness complex.",replace,"Dropped 'one of Bali's largest' (size ranking, no source). Verbless fragment given a verb.",wave-db 2026-10-05 clean pass: style rewrite of the record's own text (rung 2); facts not re-verified,
W-spa-at-rimba-by-ayana-bali-jimbaran-best_for,db,spa-at-rimba-by-ayana-bali-jimbaran,best_for,RIMBA and AYANA guests wanting resort treatments with access to the wider estate.,RIMBA and AYANA guests after a resort treatment with access to the wider estate,replace,'wanting' → 'after'; trailing full stop removed.,wave-db 2026-10-05 clean pass: style rewrite of the record's own text (rung 2); facts not re-verified,
W-spa-sidemen-sidemen-why_its_here,db,spa-sidemen-sidemen,why_its_here,Massage studio in Sidemen. The published list covers Balinese Massage. Balinese Massage is 250K IDR for 60 minutes. Booking is by WhatsApp.,Spa Sidemen is a massage studio in Sidemen where a 60-minute Balinese massage costs 250K IDR. Book by WhatsApp.,replace,Spa template opener 'Massage studio in Sidemen.' replaced by the name; treatment named once. Dropped 'published'.,wave-db 2026-10-05 clean pass: style rewrite of the record's own text (rung 2); facts not re-verified,
W-spa-sidemen-sidemen-best_for,db,spa-sidemen-sidemen,best_for,A long reset — treatments run up to 120 minutes.,Up to two hours of massage in Sidemen,replace,"Template best_for ('A long reset — …', shared across cards): stock phrase 'a long reset' dropped; 120 minutes → two hours; 'treatments' → 'massage' (a massage studio, per why_its_here); trailing full stop removed.",wave-db 2026-10-05 clean pass: style rewrite of the record's own text (rung 2); facts not re-verified,
W-st-regis-bali-yoga-why_its_here,db,st-regis-bali-yoga,why_its_here,"The yoga and movement programme at The St. Regis Bali Resort, run from a dedicated yoga room inside the Iridium Spa. A complimentary schedule covers beachside yoga, stand-up paddle yoga, meditation and Tai Chi sessions in the resort amphitheatre.","The St. Regis Bali Resort runs its yoga and movement programme from a yoga room inside the Iridium Spa. The free schedule covers beachside yoga, stand-up paddle yoga, meditation and Tai Chi in the resort amphitheatre.",replace,Verbless first sentence given a verb; 'complimentary' → 'free'; 'dedicated' dropped.,wave-db 2026-10-05 clean pass: style rewrite of the record's own text (rung 2); facts not re-verified,
W-st-regis-bali-yoga-best_for,db,st-regis-bali-yoga,best_for,"Guests who want a free daily practice on the beach or on the water, not just a mat in a hotel gym.","Resort guests who want a free daily practice on the beach or on the water, rather than a mat in a hotel gym",replace,'Guests' → 'Resort guests' (the free schedule is the resort's); 'not just' (stock phrase) → 'rather than'; trailing full stop removed.,wave-db 2026-10-05 clean pass: style rewrite of the record's own text (rung 2); facts not re-verified,
W-sunset-pilates-legian-why_its_here,db,sunset-pilates-legian,why_its_here,A Legian pilates studio with scheduled classes you can drop into -- a lower-impact alternative to yoga for a morning session near the beach.,A pilates studio in Legian with a class schedule you can drop into. It is a lower-impact option than yoga for a morning session near the beach.,replace,Double hyphen removed; one sentence split in two. No fact dropped.,wave-db 2026-10-05 clean pass: style rewrite of the record's own text (rung 2); facts not re-verified,
W-sunset-pilates-legian-best_for,db,sunset-pilates-legian,best_for,a drop-in pilates class in Legian,A drop-in pilates class near the beach in Legian,replace,Capitalised; 'near the beach' from why_its_here.,wave-db 2026-10-05 clean pass: style rewrite of the record's own text (rung 2); facts not re-verified,
W-svaha-spa-melasti-uluwatu-bukit-why_its_here,db,svaha-spa-melasti-uluwatu-bukit,why_its_here,Day spa in the Bukit. The published list covers Balinese Massage and Spa Package. Booking is on the venue's own site.,"At Svaha Spa Melasti, a day spa in the Bukit, you can have a Balinese massage or a spa package. Its website takes bookings.",replace,Spa template opener 'Day spa in the Bukit.' replaced by the name; 'The published list covers' dropped. Dropped 'published'.,wave-db 2026-10-05 clean pass: style rewrite of the record's own text (rung 2); facts not re-verified,
W-svaha-spa-melasti-uluwatu-bukit-best_for,db,svaha-spa-melasti-uluwatu-bukit,best_for,Balinese massage booked the same day.,"A spa package, or just a Balinese massage",replace,"Template best_for replaced by the card's own list (spa package, Balinese massage); no record holds evidence of same-day booking. Trailing full stop removed.",wave-db 2026-10-05 clean pass: style rewrite of the record's own text (rung 2); facts not re-verified,
W-swan-restaurant-keramas-desa-swan-villas-and-spa-why_its_here,db,swan-restaurant-keramas-desa-swan-villas-and-spa,why_its_here,"Restaurant in Desa Swan Villas and Spa Jalan Pantai Selukat, Ubud.",Restaurant in Desa Swan Villas and Spa Jalan Pantai Selukat.,replace,"card left unchanged in the 2026-10-05 clean pass; row added only for the founder decision | 2026-10-08 founder rule 1: removed "", Ubud"" (the card's address is Keramas Beach, Gianyar, on the coast, not Ubud)",founder decision 2026-10-08,
W-takk-bali-why_its_here,db,takk-bali,why_its_here,"TAKK is a casual fine-dining restaurant on Jalan Petitenget. Its dinner menu uses Bali ingredients in refined plates. Listed signatures include sea-salt cured salmon, charred local lamb and a cocoa-and-citrus dessert.","TAKK is a casual fine-dining restaurant on Jalan Petitenget, cooking dinner with Bali ingredients. The dishes it lists include sea-salt cured salmon, charred local lamb and a cocoa-and-citrus dessert.",replace,Dropped 'refined plates' (impression) and 'signatures' (A10 soft word). No fact dropped.,wave-db 2026-10-05 clean pass: style rewrite of the record's own text (rung 2); facts not re-verified,
W-takk-bali-best_for,db,takk-bali,best_for,An intimate Wednesday-to-Sunday fine-dining dinner in Petitenget.,"An intimate fine-dining dinner in Petitenget, Wednesday to Sunday",replace,Reordered; trailing full stop removed. No fact dropped.,wave-db 2026-10-05 clean pass: style rewrite of the record's own text (rung 2); facts not re-verified,
W-takk-bali-not_for,db,takk-bali,not_for,Daytime meals or Monday-to-Tuesday dinner plans.,"A daytime meal, or dinner on a Monday or Tuesday: it serves dinner Wednesday to Sunday",replace,Reason attached from best_for.,wave-db 2026-10-05 clean pass: style rewrite of the record's own text (rung 2); facts not re-verified,
W-tanah-lot-why_its_here,db,tanah-lot,why_its_here,"Bali's most photographed sea temple, on an offshore rock framed by the sunset. The inner sanctum is closed to non-worshippers; the rock base is reachable only at low tide.","Tanah Lot is a sea temple on an offshore rock, framed by the sunset. The inner sanctum is closed to non-worshippers, and you can reach the rock base only at low tide.",replace,"Dropped 'Bali's most photographed' (popularity ranking, no source); name added as subject; semicolon replaced.",wave-db 2026-10-05 clean pass: style rewrite of the record's own text (rung 2); facts not re-verified,
W-tanah-lot-best_for,db,tanah-lot,best_for,sunset photography; a short coastal walk timed to low tide,"Sunset photography, or a short coastal walk timed to low tide",replace,Lowercase semicolon pair joined. No fact dropped.,wave-db 2026-10-05 clean pass: style rewrite of the record's own text (rung 2); facts not re-verified,
W-the-chowk-ubud-best_for,db,the-chowk-ubud,best_for,Vegetarian and non-vegetarian diners choosing Indian food in central Ubud.,"An Indian meal in central Ubud, vegetarian or not",replace,Generated 'diners choosing' replaced; trailing full stop removed. No fact dropped.,wave-db 2026-10-05 clean pass: style rewrite of the record's own text (rung 2); facts not re-verified,
W-the-free-bird-studio-why_its_here,db,the-free-bird-studio,why_its_here,"Movement studio in Berawa. The programme runs to movement, healing, ceremony and activation.","A movement studio in Berawa whose programme covers movement, healing, ceremony and activation.",replace,Bare category opener 'Movement studio in Berawa.' joined to the programme sentence; 'runs to' → 'covers'.,wave-db 2026-10-05 clean pass: style rewrite of the record's own text (rung 2); facts not re-verified,
W-the-garcia-ubud-ubud-why_its_here,db,the-garcia-ubud-ubud,why_its_here,Spa in Ubud. The published list covers Balinese Massage. Traditional Balinese Massage is 690K IDR. Booking is on the venue's own site.,The Garcia Ubud is a spa in Ubud where a traditional Balinese massage costs 690K IDR. It takes bookings on its own website.,replace,Spa template opener 'Spa in Ubud.' replaced by the name; 'The published list covers Balinese Massage' folded into the priced treatment. Dropped 'published'.,wave-db 2026-10-05 clean pass: style rewrite of the record's own text (rung 2); facts not re-verified,
W-the-garcia-ubud-ubud-best_for,db,the-garcia-ubud-ubud,best_for,Balinese massage booked the same day.,A traditional Balinese massage in Ubud,replace,Template best_for replaced by the priced treatment and area; no record holds evidence of same-day booking. Trailing full stop removed.,wave-db 2026-10-05 clean pass: style rewrite of the record's own text (rung 2); facts not re-verified,
W-the-garcia-ubud-ubud-not_for,db,the-garcia-ubud-ubud,not_for,A budget massage — the list starts at 690K IDR.,A massage on a budget: the traditional Balinese massage is 690K IDR,replace,Shared 'A budget massage — the list starts at' template: the reason now names the one published price instead of claiming a minimum across the list.,wave-db 2026-10-05 clean pass: style rewrite of the record's own text (rung 2); facts not re-verified,
W-the-jungle-club-ubud-by-wonderspace-why_its_here,db,the-jungle-club-ubud-by-wonderspace,why_its_here,"Adults-only day club on roughly two hectares of jungle in Celuk. An infinity pool, a jungle deck, a boho cave and a jetty. Svaha Spa sits on the same grounds. Live music and themed events.","An adults-only day club on roughly two hectares of jungle in Celuk. The grounds hold an infinity pool, a jungle deck, a boho cave and a jetty, and Svaha Spa shares the site. The club also puts on live music and themed events.",replace,Three verbless fragments (staccato) given verbs. No fact dropped.,wave-db 2026-10-05 clean pass: style rewrite of the record's own text (rung 2); facts not re-verified,
W-the-little-hill-terrace-why_its_here,db,the-little-hill-terrace,why_its_here,Restaurant inside The Little Hill Suites in Munduk. Locally sourced cooking from the farms of North Bali. The terrace looks over green hills and valleys.,The restaurant at The Little Hill Suites in Munduk cooks with produce sourced from North Bali farms. Its terrace looks over green hills and valleys.,replace,Bare category opener ('Restaurant inside … in Munduk.') and verbless second sentence joined; 'Locally sourced cooking from the farms of North Bali' → 'cooks with produce sourced from North Bali farms'.,wave-db 2026-10-05 clean pass: style rewrite of the record's own text (rung 2); facts not re-verified,
W-the-northview-bali-ngiring-ngewedang-restaurant-and-coffee-c-why_its_here,db,the-northview-bali-ngiring-ngewedang-restaurant-and-coffee-c,why_its_here,Restaurant and coffee corner on a hilltop in Munduk village. Asian and Indonesian dishes with Balinese coffee and teas. Crispy duck and banana fritters are regulars. The open dining room faces the hills and valleys.,"A hilltop restaurant and coffee corner in Munduk village, cooking Asian and Indonesian dishes and pouring Balinese coffee and teas. Crispy duck and banana fritters are regulars, and the open dining room faces the hills and valleys.",replace,Bare category opener and the verbless dish sentence joined. No fact dropped.,wave-db 2026-10-05 clean pass: style rewrite of the record's own text (rung 2); facts not re-verified,
W-the-sanur-sanur-why_its_here,db,the-sanur-sanur,why_its_here,Day spa in Sanur. The published list covers Balinese Massage and Aromatherapy. Balinese Massage is 350K IDR for 60 minutes. Booking is on the venue's own site.,"The Sanur, a day spa in Sanur, does Balinese massage and aromatherapy. A 60-minute Balinese massage is 350K IDR; book on the spa's own site.",replace,Spa template opener 'Day spa in Sanur.' replaced by the name. Dropped 'published'.,wave-db 2026-10-05 clean pass: style rewrite of the record's own text (rung 2); facts not re-verified,
W-the-sanur-sanur-best_for,db,the-sanur-sanur,best_for,Balinese massage booked the same day.,"Aromatherapy, or an hour of Balinese massage for 350K IDR",replace,Template best_for replaced by the card's own list and price (60 minutes → 'an hour'); no record holds evidence of same-day booking. Trailing full stop removed.,wave-db 2026-10-05 clean pass: style rewrite of the record's own text (rung 2); facts not re-verified,
W-the-tanjung-benoa-beach-resort-nusa-dua-why_its_here,db,the-tanjung-benoa-beach-resort-nusa-dua,why_its_here,"Resort spa in Nusa Dua. The published list covers Balinese Massage, Aromatherapy and Facial. Balinese Massage is 450K IDR for 60 minutes.","The spa at The Tanjung Benoa Beach Resort in Nusa Dua covers Balinese massage, aromatherapy and facials. A 60-minute Balinese massage costs 450K IDR.",replace,Spa template opener 'Resort spa in Nusa Dua.' replaced by the name. Dropped 'published'.,wave-db 2026-10-05 clean pass: style rewrite of the record's own text (rung 2); facts not re-verified,
W-the-tanjung-benoa-beach-resort-nusa-dua-best_for,db,the-tanjung-benoa-beach-resort-nusa-dua,best_for,Balinese massage booked the same day.,A facial or aromatherapy at a beach resort,replace,Template best_for replaced by treatments from the card's own list ('beach resort' from the name); no record holds evidence of same-day booking. Trailing full stop removed.,wave-db 2026-10-05 clean pass: style rewrite of the record's own text (rung 2); facts not re-verified,
W-the-ungasan-uluwatu-bukit-why_its_here,db,the-ungasan-uluwatu-bukit,why_its_here,Wellness spa in the Bukit. The published list covers Facial. Booking is by WhatsApp.,The Ungasan is a wellness spa in the Bukit; message it on WhatsApp to book a facial.,replace,Spa template opener 'Wellness spa in the Bukit.' folded into one sentence led by the name; 'The published list covers' dropped. Dropped 'published'. The record holds nothing more.,wave-db 2026-10-05 clean pass: style rewrite of the record's own text (rung 2); facts not re-verified,
W-the-ungasan-uluwatu-bukit-best_for,db,the-ungasan-uluwatu-bukit,best_for,Facial booked the same day.,A facial in the Bukit,replace,Template best_for replaced by the treatment and area; no record holds evidence of same-day booking. Trailing full stop removed.,wave-db 2026-10-05 clean pass: style rewrite of the record's own text (rung 2); facts not re-verified,
W-think-pink-nails-canggu-canggu-best_for,db,think-pink-nails-canggu-canggu,best_for,"A quick, well-priced mani-pedi between beach and café.","A quick, well-priced mani-pedi between the beach and a café",replace,Trailing full stop removed; articles added. No fact dropped.,wave-db 2026-10-05 clean pass: style rewrite of the record's own text (rung 2); facts not re-verified,
W-tirta-empul-why_its_here,db,tirta-empul,why_its_here,"A temple built around a sacred spring where Balinese Hindus, and visitors, perform melukat, a purification ritual moving spout to spout through the bathing pool. A sarong is required and provided at the gate.","A temple built around a sacred spring. Balinese Hindus and visitors perform melukat here, a purification ritual that moves from spout to spout through the bathing pool. A sarong is required and provided at the gate.",replace,26-word sentence (A7) split. No fact dropped.,wave-db 2026-10-05 clean pass: style rewrite of the record's own text (rung 2); facts not re-verified,
W-tirta-empul-best_for,db,tirta-empul,best_for,the melukat purification ritual; a culturally rich half-day near Ubud,A half-day near Ubud built around the melukat purification ritual,replace,Lowercase semicolon pair joined. Dropped 'culturally rich' (impression).,wave-db 2026-10-05 clean pass: style rewrite of the record's own text (rung 2); facts not re-verified,
W-tirta-padma-tribhuwana-padma-why_its_here,db,tirta-padma-tribhuwana-padma,why_its_here,"Tirta Padma is the dining outlet at Tribhuwana Padma in Kedisan, Kintamani. The resort's lakeside setting frames the meal around Mount Batur and the surrounding highland landscape.","Tirta Padma is the restaurant at Tribhuwana Padma, a lakeside resort in Kedisan, Kintamani, with views of Mount Batur and the highlands around it.",replace,'dining outlet' (trade term) → 'restaurant'; 'frames the meal around' (brochure) → 'with views of'.,wave-db 2026-10-05 clean pass: style rewrite of the record's own text (rung 2); facts not re-verified,
W-tirta-padma-tribhuwana-padma-best_for,db,tirta-padma-tribhuwana-padma,best_for,A lakeside meal during a planned Kintamani visit.,A lakeside meal on a planned Kintamani visit,replace,Trailing full stop removed. Wording barely changed.,wave-db 2026-10-05 clean pass: style rewrite of the record's own text (rung 2); facts not re-verified,
W-tirta-padma-tribhuwana-padma-not_for,db,tirta-padma-tribhuwana-padma,not_for,A quick meal during a tightly timed south-Bali beach itinerary.,"A quick bite on a tight south-Bali beach schedule, as it sits up in Kintamani",replace,Reason attached from why_its_here.,wave-db 2026-10-05 clean pass: style rewrite of the record's own text (rung 2); facts not re-verified,
W-titi-batu-ubud-club-ubud-best_for,db,titi-batu-ubud-club-ubud,best_for,Families and long-stayers who want a full day-club rather than just a gym.,Families and long-stayers who want a full day-club rather than just a gym,replace,Trailing full stop removed. Wording unchanged.,wave-db 2026-10-05 clean pass: style rewrite of the record's own text (rung 2); facts not re-verified,
W-tonic-kuta-legian-why_its_here,db,tonic-kuta-legian,why_its_here,Wellness spa in Legian. The published list covers Aromatherapy and Couple Massage. Couples Spa Package is 750K IDR for 90 minutes. Booking is on the venue's own site.,"Tonic is a wellness spa in Legian for aromatherapy and couple massage. Its Couples Spa Package runs 90 minutes for 750K IDR, and you book on the spa's own site.",replace,Spa template opener 'Wellness spa in Legian.' replaced by the name. Dropped 'published'.,wave-db 2026-10-05 clean pass: style rewrite of the record's own text (rung 2); facts not re-verified,
W-tonic-kuta-legian-best_for,db,tonic-kuta-legian,best_for,Couples — the list includes a couple treatment.,Couples booking a treatment together,replace,Dash and the restated list fact ('the list includes a couple treatment') replaced by the moment; the package stays in why_its_here.,wave-db 2026-10-05 clean pass: style rewrite of the record's own text (rung 2); facts not re-verified,
W-tsune-japanese-restaurant-sanur-by-wonderspace-why_its_here,db,tsune-japanese-restaurant-sanur-by-wonderspace,why_its_here,"Japanese restaurant in Sanur with Indonesia's first floating sushi: plates travel to the table along a waterway. A Japanese fish grill runs alongside. Live music on Saturday evenings, and 10% off lunch every day.","Japanese restaurant in Sanur with floating sushi: plates travel to the table along a waterway. A Japanese fish grill runs alongside. Live music on Saturday evenings, and 10% off lunch every day.",replace,"card left unchanged in the 2026-10-05 clean pass; row added only for the founder decision | 2026-10-08 founder rule 2: removed ""Indonesia's first"" ('first' claim with no named source in the record)",founder decision 2026-10-08,
W-ubud-bodyworks-centre-ubud-why_its_here,db,ubud-bodyworks-centre-ubud,why_its_here,Wellness spa in Ubud. The published list covers Deep Tissue. Booking is by WhatsApp.,Ubud Bodyworks Centre takes WhatsApp bookings for deep tissue massage at its wellness spa.,replace,Spa template opener 'Wellness spa in Ubud.' replaced by the name; 'The published list covers' dropped. Dropped 'published'. The record holds nothing more.,wave-db 2026-10-05 clean pass: style rewrite of the record's own text (rung 2); facts not re-verified,
W-ubud-bodyworks-centre-ubud-best_for,db,ubud-bodyworks-centre-ubud,best_for,Deep tissue booked the same day.,"A deep tissue massage, booked over WhatsApp",replace,Template best_for replaced by the treatment and booking channel; no record holds evidence of same-day booking. Trailing full stop removed.,wave-db 2026-10-05 clean pass: style rewrite of the record's own text (rung 2); facts not re-verified,
W-ubud-bodyworks-centre-ubud-not_for,db,ubud-bodyworks-centre-ubud,not_for,A budget massage — the list starts at 750K IDR.,"Anyone keeping massage costs low, since the list starts at 750K IDR",replace,"Shared 'A budget massage — the list starts at' template: 'A budget massage' → 'Anyone keeping massage costs low', joint changed to 'since' (varied from neighbouring cards). No fact dropped.",wave-db 2026-10-05 clean pass: style rewrite of the record's own text (rung 2); facts not re-verified,
W-ubud-fitness-center-best_for,db,ubud-fitness-center,best_for,Ubud stayers who want a straightforward gym rather than a hotel fitness room.,"Anyone staying in Ubud who wants a plain gym, not a hotel fitness room",replace,'Ubud stayers' and 'straightforward' reworded; trailing full stop removed.,wave-db 2026-10-05 clean pass: style rewrite of the record's own text (rung 2); facts not re-verified,
W-ubud-yoga-centre-why_its_here,db,ubud-yoga-centre,why_its_here,"A contemporary two-tier complex on the edge of Nyuh Kuning, best known as Ubud's dedicated hot-yoga studio, with a gong centre, kids centre and cafe.","A hot-yoga studio in a contemporary two-tier complex on the edge of Nyuh Kuning. The complex also has a gong centre, a kids centre and a cafe.",replace,"Dropped 'best known as Ubud's dedicated' (reputation claim, no source). One sentence split in two.",wave-db 2026-10-05 clean pass: style rewrite of the record's own text (rung 2); facts not re-verified,
W-ubud-yoga-centre-best_for,db,ubud-yoga-centre,best_for,Practitioners specifically after a heated practice (Bikram/hot Ashtanga) and families wanting a kids programme.,"Heated practice such as Bikram or hot Ashtanga, or a kids programme for families",replace,Parenthetical and 'Practitioners specifically after' rewritten; trailing full stop removed.,wave-db 2026-10-05 clean pass: style rewrite of the record's own text (rung 2); facts not re-verified,
W-ubud-yoga-centre-not_for,db,ubud-yoga-centre,not_for,"Anyone who dislikes heat or prefers gentle, cool-room classes.","Anyone who dislikes heat or wants gentle, cool-room classes, since this is a hot-yoga studio",replace,Reason attached from why_its_here.,wave-db 2026-10-05 clean pass: style rewrite of the record's own text (rung 2); facts not re-verified,
W-urban-seaside-restaurant-and-bar-why_its_here,db,urban-seaside-restaurant-and-bar,why_its_here,"Urban Seaside is a beachfront restaurant on Jalan Segara Samuh in Nusa Dua. Its menu combines daily fresh catch, international comfort dishes and Asian-influenced flavours. It opens daily from 08:00 to 23:00.","Urban Seaside is a beachfront restaurant on Jalan Segara Samuh in Nusa Dua, open daily from 08:00 to 23:00. The menu runs from the daily fresh catch to international comfort dishes and Asian-influenced flavours.",replace,Three-sentence generator shape ('X is a… Its menu combines… It opens daily from…') reduced to two. No fact dropped.,wave-db 2026-10-05 clean pass: style rewrite of the record's own text (rung 2); facts not re-verified,
W-urban-seaside-restaurant-and-bar-best_for,db,urban-seaside-restaurant-and-bar,best_for,A casual beachfront lunch or dinner in Nusa Dua.,A casual beachfront lunch or dinner in Nusa Dua,replace,Trailing full stop removed. Wording unchanged.,wave-db 2026-10-05 clean pass: style rewrite of the record's own text (rung 2); facts not re-verified,
W-urban-seaside-restaurant-and-bar-not_for,db,urban-seaside-restaurant-and-bar,not_for,A tightly timed day when travelling to Nusa Dua would add a long detour.,"A tight day elsewhere on the island, if getting to Nusa Dua means a long detour",replace,"Generic 'A tightly timed day when…' reworded; the condition is kept ('if'), not turned into a claim about the whole island.",wave-db 2026-10-05 clean pass: style rewrite of the record's own text (rung 2); facts not re-verified,
W-usadha-spa-kuta-legian-why_its_here,db,usadha-spa-kuta-legian,why_its_here,Spa in Legian. The published list covers Balinese Massage. Booking is on the venue's own site.,Usadha Spa in Legian takes bookings on its website for Balinese massage.,replace,Spa template opener 'Spa in Legian.' folded into one sentence led by the name; 'The published list covers' dropped. Dropped 'published'. The record holds nothing more.,wave-db 2026-10-05 clean pass: style rewrite of the record's own text (rung 2); facts not re-verified,
W-usadha-spa-kuta-legian-best_for,db,usadha-spa-kuta-legian,best_for,Balinese massage booked the same day.,"A Balinese massage in Legian, booked online",replace,"Template best_for replaced by the treatment, area and booking channel (the venue's own site); no record holds evidence of same-day booking. Trailing full stop removed.",wave-db 2026-10-05 clean pass: style rewrite of the record's own text (rung 2); facts not re-verified,
W-warung-bu-mi-why_its_here,db,warung-bu-mi,why_its_here,Warung Bu Mi serves Indonesian home-style food in Batu Bolong. Its official profile states that all food is halal and lists service from 09:00 to 22:00.,A warung in Batu Bolong serving Indonesian home-style food. Its official profile lists service from 09:00 to 22:00 and says all the food is halal.,replace,"Name-led opener replaced by 'A warung in Batu Bolong'. Hours and halal both stay attributed to the official profile, as in the record. No fact dropped.",wave-db 2026-10-05 clean pass: style rewrite of the record's own text (rung 2); facts not re-verified,
W-warung-bu-mi-best_for,db,warung-bu-mi,best_for,An Indonesian home-style meal in Batu Bolong.,An Indonesian home-style meal in Batu Bolong,replace,"Trailing full stop removed. 'halal' deliberately not added: it is the venue's own claim, attributed in why_its_here, and best_for is shown without that attribution.",wave-db 2026-10-05 clean pass: style rewrite of the record's own text (rung 2); facts not re-verified,
W-warung-bu-mi-not_for,db,warung-bu-mi,not_for,A formal multi-course dinner or a special-occasion restaurant setting.,A formal multi-course dinner: this is a home-style warung,replace,Reason attached; 'or a special-occasion restaurant setting' dropped as a repeat of 'formal'.,wave-db 2026-10-05 clean pass: style rewrite of the record's own text (rung 2); facts not re-verified,
W-warung-jawa-bu-sri-why_its_here,db,warung-jawa-bu-sri,why_its_here,"A small family-run Javanese-Balinese warung serving home-style nasi campur at lunch. Semi-indoor with street views; open roughly 10am–5pm, closed Sundays.","A small family-run warung cooking Javanese-Balinese home-style nasi campur for lunch. It is semi-indoor with street views, open roughly 10am–5pm and closed on Sundays.",replace,Verbless second sentence with a semicolon given a verb. No fact dropped.,wave-db 2026-10-05 clean pass: style rewrite of the record's own text (rung 2); facts not re-verified,
W-warung-jawa-bu-sri-best_for,db,warung-jawa-bu-sri,best_for,home-style Javanese nasi campur; a midday lunch; vegetarians (plentiful veg options); travellers near Padang Linjong or Echo Beach wanting an unfussy local plate,"An unfussy nasi campur lunch near Padang Linjong or Echo Beach, with plenty of veg options",replace,Lowercase four-part semicolon chain joined into one clause. 'home-style Javanese' left to why_its_here; 'midday' folded into 'lunch'; 'vegetarians (plentiful veg options)' → 'plenty of veg options'; 'travellers … wanting' dropped.,wave-db 2026-10-05 clean pass: style rewrite of the record's own text (rung 2); facts not re-verified,
W-warung-jawa-bu-sri-not_for,db,warung-jawa-bu-sri,not_for,"dinner or Sunday diners (lunch-only, closed Sundays); large groups wanting lots of table space","Dinner, a Sunday, or a large group that needs table space — it is a small lunch-only warung, closed on Sundays",replace,Semicolon and parenthetical rewritten as one clause with one dash. No fact dropped.,wave-db 2026-10-05 clean pass: style rewrite of the record's own text (rung 2); facts not re-verified,
W-warung-varuna-why_its_here,db,warung-varuna,why_its_here,"Buffet-style Indonesian warung with 30-plus dishes in a glass case; you build a plate of rice, proteins and vegetables at low prices. Open daily 8am–10pm.","A buffet-style Indonesian warung with 30-plus dishes in a glass case. You build a plate of rice, proteins and vegetables at low prices, any day from 8am to 10pm.",replace,Semicolon and the verbless 'Open daily…' fragment joined; 'daily' → 'any day'. No fact dropped.,wave-db 2026-10-05 clean pass: style rewrite of the record's own text (rung 2); facts not re-verified,
W-warung-varuna-best_for,db,warung-varuna,best_for,budget eaters near Batu Bolong beach; vegetarians and mixed groups who want to see and pick dishes; big-plate value seekers,"Budget eaters near Batu Bolong beach, and vegetarian or mixed groups who like to see the dishes before they pick",replace,Lowercase three-part semicolon chain joined. Dropped 'big-plate value seekers' (repeats 'budget eaters').,wave-db 2026-10-05 clean pass: style rewrite of the record's own text (rung 2); facts not re-verified,
W-warung-varuna-not_for,db,warung-varuna,not_for,diners who want food cooked hot-to-order rather than from a display,Diners who want food cooked hot to order rather than served from a display,replace,Capitalised; 'served' added for grammar. No fact dropped.,wave-db 2026-10-05 clean pass: style rewrite of the record's own text (rung 2); facts not re-verified,
W-warung-yess-why_its_here,db,warung-yess,why_its_here,"A long-running Pererenan nasi campur warung with indoor and garden seating, known locally for its sambal matah. You pick from a daily fresh display to build a mixed-rice plate.","A nasi campur warung in Pererenan with indoor and garden seating. You build a mixed-rice plate from the day's fresh display, and the warung has its own sambal matah.",replace,"Dropped 'long-running' (no date) and 'known locally for' (reputation claim); 'its sambal matah' kept as a plain fact, not as something added to every plate. 'a daily fresh display' → 'the day's fresh display'.",wave-db 2026-10-05 clean pass: style rewrite of the record's own text (rung 2); facts not re-verified,
W-warung-yess-best_for,db,warung-yess,best_for,nasi campur and sambal matah lovers; a sit-down garden lunch; Pererenan-side stays; groups wanting greenery over a roadside stall,"A sit-down garden lunch of nasi campur and sambal matah, for anyone staying on the Pererenan side",replace,Lowercase four-part semicolon chain joined. Dropped 'groups wanting greenery over a roadside stall'.,wave-db 2026-10-05 clean pass: style rewrite of the record's own text (rung 2); facts not re-verified,
W-warung-yess-not_for,db,warung-yess,not_for,diners after Western dishes or a bar/nightlife setting,Western dishes or a night out at a bar: this is a nasi campur warung,replace,Reason attached; 'bar/nightlife setting' written out.,wave-db 2026-10-05 clean pass: style rewrite of the record's own text (rung 2); facts not re-verified,
W-watercress-berawa-best_for,db,watercress-berawa,best_for,Travellers choosing an easy breakfast or brunch in Berawa.,An easy breakfast or brunch in Berawa,replace,Generic 'Travellers choosing' opener dropped; trailing full stop removed.,wave-db 2026-10-05 clean pass: style rewrite of the record's own text (rung 2); facts not re-verified,
W-wild-vegan-why_its_here,db,wild-vegan,why_its_here,A 100% vegan restaurant with medicinal-plant and whole-food positioning in central Ubud.,"A 100% vegan restaurant in central Ubud, cooking with whole foods and medicinal plants.",replace,Marketing word 'positioning' removed.,wave-db 2026-10-05 clean pass: style rewrite of the record's own text (rung 2); facts not re-verified,
W-wild-vegan-best_for,db,wild-vegan,best_for,Vegan and wellness-focused travellers.,"Vegans, and anyone eating for wellness",replace,'wellness-focused travellers' reworded; trailing full stop removed.,wave-db 2026-10-05 clean pass: style rewrite of the record's own text (rung 2); facts not re-verified,
W-wild-vegan-not_for,db,wild-vegan,not_for,Anyone looking for meat or alcohol-led dining.,"Meat (everything here is vegan), or a meal built around alcohol",replace,Reason attached to meat only; 'Anyone looking for' dropped.,wave-db 2026-10-05 clean pass: style rewrite of the record's own text (rung 2); facts not re-verified,
W-zahra-spa-nusa-dua-nusa-dua-why_its_here,db,zahra-spa-nusa-dua-nusa-dua,why_its_here,"Spa in Nusa Dua. The published list covers Neck & Shoulder, Balinese Massage and Aromatherapy. Balinese Massage is 375K IDR. Booking is on the venue's own site.","Zahra Spa in Nusa Dua does neck and shoulder treatments, aromatherapy and Balinese massage, which costs 375K IDR. Bookings are made on the spa's website.",replace,Spa template opener 'Spa in Nusa Dua.' replaced by the name; 'The published list covers' → 'does'; 'Neck & Shoulder' → 'neck and shoulder treatments'. Dropped 'published'.,wave-db 2026-10-05 clean pass: style rewrite of the record's own text (rung 2); facts not re-verified,
W-zahra-spa-nusa-dua-nusa-dua-best_for,db,zahra-spa-nusa-dua-nusa-dua,best_for,Neck & shoulder booked the same day.,"A neck and shoulder treatment, or a Balinese massage for 375K IDR",replace,Template best_for replaced by the card's own list and price; no record holds evidence of same-day booking. Trailing full stop removed.,wave-db 2026-10-05 clean pass: style rewrite of the record's own text (rung 2); facts not re-verified,
W-zando-fight-camp-uluwatu-why_its_here,db,zando-fight-camp-uluwatu,why_its_here,"Muay Thai gym in Ungasan. Group and private sessions, technique for beginners through advanced, pad work and conditioning. A drop-in is 150,000 IDR and a month 1,600,000.","Zando Fight Camp is a Muay Thai gym in Ungasan running group and private sessions, from beginner technique to advanced, with pad work and conditioning. A drop-in costs 150,000 IDR and a month 1,600,000.",replace,Bare category opener and the verbless programme list joined with a verb. No fact dropped.,wave-db 2026-10-05 clean pass: style rewrite of the record's own text (rung 2); facts not re-verified,
