unit_id,surface,slug_or_path,field,before,after,action,reason,source,decision
W-15fit-seminyak-best_for,db,15fit-seminyak,best_for,Those who want focused PT or small-group sessions over a big-box gym.,Focused personal training or a small-group session,replace,Убран зачин «Those who want» (F1); противопоставление «over a big-box gym» перенесено в not_for; «PT» раскрыто как personal training (слово из why_its_here); точка в конце убрана.,wave-db 2026-10-05: style rewrite of the record's own text (rung 2); facts not re-verified,
W-15fit-seminyak-not_for,db,15fit-seminyak,not_for,,A big-box gym — the studio is compact and built around PT and small groups,replace,Новое поле из записи (ступень 2): «over a big-box gym» из best_for + «compact … studio» из why_its_here. Новых фактов нет.,wave-db 2026-10-05: style rewrite of the record's own text (rung 2); facts not re-verified,
W-2befit-bali-best_for,db,2befit-bali,best_for,Visitors wanting a straightforward full gym in central Seminyak.,"Weights, cardio or a group class in central Seminyak",replace,"Убран зачин «Visitors wanting» (F1); «a straightforward full gym» заменено фактами из why_its_here (weights, cardio, group classes). Удалено: «straightforward» (впечатление). Точка в конце убрана.",wave-db 2026-10-05: style rewrite of the record's own text (rung 2); facts not re-verified,
W-anika-gym-why_its_here,db,anika-gym,why_its_here,"A no-frills local gym on Jl. Gn. Tangkuban Perahu in Padangsambian Klod, Denpasar, known for rock-bottom prices. Enquiries and sign-up go through WhatsApp or the @anika_fitness_club Instagram account.","A no-frills local gym in Padangsambian Klod, Denpasar, with rock-bottom prices. It's on Jl. Gn. Tangkuban Perahu, and enquiries and sign-up go through WhatsApp or the @anika_fitness_club Instagram account.",replace,"Убрано «known for» (формулировка популярности); цена оставлена как утверждение записи («rock-bottom prices»). Сначала что это и где, потом адрес и запись.",wave-db 2026-10-05: style rewrite of the record's own text (rung 2); facts not re-verified,
W-anika-gym-best_for,db,anika-gym,best_for,Long-stay residents after the cheapest straightforward gym option away from the tourist strip.,"Long-stay residents after a cheap, no-frills gym away from the tourist strip",replace,«the cheapest … option» (превосходная степень без источника) → «a cheap»; «straightforward» → «no-frills» (слово из why_its_here); точка в конце убрана.,wave-db 2026-10-05: style rewrite of the record's own text (rung 2); facts not re-verified,
W-avenue-fitness-bali-best_for,db,avenue-fitness-bali,best_for,Travellers who want a proper gym close to the Seminyak strip.,A gym session close to the Seminyak strip,replace,Убраны зачин «Travellers who want» (F1) и «proper» (A10); точка в конце убрана.,wave-db 2026-10-05: style rewrite of the record's own text (rung 2); facts not re-verified,
W-azul-beach-club-legian-why_its_here,db,azul-beach-club-legian,why_its_here,"A bamboo tree-house beach club on the Legian beachfront, built across three open-air tiered levels facing the ocean, with a dedicated Tiki bar and a kitchen doing playful takes on Indonesian classics.","A bamboo tree-house beach club on the Legian beachfront, built over three open-air tiered levels that face the ocean. It has its own Tiki bar, and the kitchen does playful takes on Indonesian classics.",replace,Предложение на 32 слова (A7) разбито на два; «dedicated» → «its own». Факты те же.,wave-db 2026-10-05: style rewrite of the record's own text (rung 2); facts not re-verified,
W-babi-guling-pak-malen-why_its_here,db,babi-guling-pak-malen,why_its_here,"A long-running specialist serving essentially one thing — nasi campur babi guling (Balinese roast suckling pig with rice) — with crispy skin, pork satay and green-chili sambal. Typically sells out by early afternoon.","Pak Malen's warung serves essentially one thing: nasi campur babi guling, Balinese roast suckling pig with rice. The plate comes with crispy skin, pork satay and green-chili sambal. It typically sells out by early afternoon.",replace,Убраны два тире (A4) и «long-running» (давность без даты в записи); расшифровка в скобках стала приложением.,wave-db 2026-10-05: style rewrite of the record's own text (rung 2); facts not re-verified,
W-babi-guling-pak-malen-best_for,db,babi-guling-pak-malen,best_for,pork eaters wanting the classic babi guling plate; an early lunch; solo or quick-stop diners,"An early lunch of classic babi guling, solo or as a quick stop",replace,Три части через «;» → одна фраза; «pork eaters wanting» убрано (следует из блюда); начало с маленькой буквы исправлено.,wave-db 2026-10-05: style rewrite of the record's own text (rung 2); facts not re-verified,
W-babi-guling-pak-malen-not_for,db,babi-guling-pak-malen,not_for,halal and vegetarian diners (pork-only menu); late arrivals after it sells out; anyone wanting a broad or air-conditioned setting,"Halal or vegetarian diners, or anyone after air-con and space: this is a pork-only warung",replace,Три части через «;» → одна фраза с причиной. «late arrivals after it sells out» убрано из not_for: факт остаётся в why_its_here («sells out by early afternoon»). «broad» → «space».,wave-db 2026-10-05: style rewrite of the record's own text (rung 2); facts not re-verified,
W-bali-barber-seminyak-seminyak-why_its_here,db,bali-barber-seminyak-seminyak,why_its_here,"A premium men's barbershop brand (original location since 2012) with English-speaking master barbers offering scissor cuts, clipper fades, hot-towel shaves and beard work, plus grooming add-ons like facials and massage. The Seminyak branch shares a building with The Shampoo Lounge.","The Seminyak branch of Bali Barber, a premium men's barbershop brand whose original location dates from 2012. English-speaking master barbers do scissor cuts, clipper fades, hot-towel shaves and beard work, with add-ons such as facials and massage. It shares a building with The Shampoo Lounge.",replace,Первое предложение на 31 слово (A7) разбито; «offering» убрано; «grooming add-ons like» → «add-ons such as». Факты те же.,wave-db 2026-10-05: style rewrite of the record's own text (rung 2); facts not re-verified,
W-bali-barber-seminyak-seminyak-best_for,db,bali-barber-seminyak-seminyak,best_for,"Men who want a proper barber cut, beard trim or hot-towel shave while travelling.","Men after a barber cut, beard trim or hot-towel shave while travelling",replace,Убрано «proper» (A10); «who want» → «after»; точка в конце убрана.,wave-db 2026-10-05: style rewrite of the record's own text (rung 2); facts not re-verified,
W-bali-barber-seminyak-seminyak-not_for,db,bali-barber-seminyak-seminyak,not_for,Travellers seeking a full women's salon or a relaxation spa.,"A full women's salon or a relaxation spa. The menu is men's cuts, shaves and beard work",replace,"Зачин «Travellers seeking» убран; причина приложена из why_its_here (мужские стрижки, бритьё, борода).",wave-db 2026-10-05: style rewrite of the record's own text (rung 2); facts not re-verified,
W-bali-fitness-seminyak-seminyak-why_its_here,db,bali-fitness-seminyak-seminyak,why_its_here,"Full-service gym on Sunset Road and the first place in Bali to run Les Mills group classes, with a dedicated bike/spin studio plus a fully equipped weights-and-cardio floor and personal training.","On Sunset Road, a full-service gym that runs Les Mills group classes. There's a dedicated bike and spin studio, a fully equipped weights-and-cardio floor, and personal training.",replace,Удалено «the first place in Bali to run Les Mills group classes» — утверждение «первый на Бали» без источника (в список проверки). Предложение на 32 слова (A7) → два.,wave-db 2026-10-05: style rewrite of the record's own text (rung 2); facts not re-verified,
W-bali-fitness-seminyak-seminyak-best_for,db,bali-fitness-seminyak-seminyak,best_for,"Travellers who want a proper, fully-equipped commercial gym and structured Les Mills group classes while staying in the Seminyak area.",Les Mills classes and a fully equipped gym while you're based around Seminyak,replace,"Убраны зачин «Travellers who want» (F1), «proper» (A10), ярлыки «commercial» и «structured»; точка в конце убрана.",wave-db 2026-10-05: style rewrite of the record's own text (rung 2); facts not re-verified,
W-bali-green-surf-why_its_here,db,bali-green-surf,why_its_here,A Kuta beach surf school offering instructor-led lessons and board rental on the same beginner-friendly break -- a straightforward way to get in the water with guidance.,A surf school on Kuta beach that runs instructor-led lessons and rents boards on the same beginner-friendly break. It's a straightforward way to get in the water with guidance.,replace,«offering» → «runs … and rents»; двойной дефис «--» заменён точкой; предложение на 27 слов (A7) → два. Факты те же.,wave-db 2026-10-05: style rewrite of the record's own text (rung 2); facts not re-verified,
W-bambu-why_its_here,db,bambu,why_its_here,"A dinner-only Indonesian restaurant on Jl. Petitenget from the La Lucciola team, serving regional archipelago recipes — slow-roasted betutu duck, sambals, babi guling — across a candlelit garden of open-air pavilions around a koi pond.","The La Lucciola team runs this dinner-only Indonesian restaurant on Jl. Petitenget. Tables sit in open-air pavilions around a koi pond, across a candlelit garden. The kitchen cooks regional recipes from the archipelago: slow-roasted betutu duck, sambals and babi guling.",replace,Два тире (A4) и предложение на 35 слов (A7) → три коротких предложения. Факты те же.,wave-db 2026-10-05: style rewrite of the record's own text (rung 2); facts not re-verified,
W-bambu-best_for,db,bambu,best_for,"An unhurried, atmospheric evening for travellers wanting elevated traditional Indonesian food in a romantic garden setting.","An unhurried, romantic dinner of traditional Indonesian food in the garden",replace,"Убраны «elevated» (H1), «atmospheric» (впечатление) и зачин «travellers wanting»; точка в конце убрана.",wave-db 2026-10-05: style rewrite of the record's own text (rung 2); facts not re-verified,
W-bambu-not_for,db,bambu,not_for,,"A lunch booking, because Bambu opens for dinner only",replace,Новое поле из записи (ступень 2): «dinner-only» из why_its_here.,wave-db 2026-10-05: style rewrite of the record's own text (rung 2); facts not re-verified,
W-biku-why_its_here,db,biku,why_its_here,"A tea lounge, restaurant and antique bookstore set inside a 150-year-old teak joglo on Petitenget, best known for its high tea (traditional, Asian and breakfast versions) and a curated list of 50-plus teas from China, India and Indonesia alongside a menu of Indonesian and Western dishes.","Inside a 150-year-old teak joglo on Petitenget, Biku is a tea lounge, restaurant and antique bookstore at once. High tea comes in traditional, Asian and breakfast versions, and there are 50-plus teas from China, India and Indonesia. The menu is Indonesian and Western.",replace,Убраны «best known for» (популярность) и «curated» (штамп); предложение на 46 слов (A7) → три.,wave-db 2026-10-05: style rewrite of the record's own text (rung 2); facts not re-verified,
W-biku-best_for,db,biku,best_for,"Afternoon high tea or a relaxed daytime meal for those who want atmosphere, books and a long sit-down.","Afternoon high tea, or a long daytime sit-down among the books",replace,"Убраны «relaxed», «atmosphere» (впечатления) и зачин «for those who want»; точка в конце убрана.",wave-db 2026-10-05: style rewrite of the record's own text (rung 2); facts not re-verified,
W-bk-wellness-studio-umalas-by-blue-karma-secrets-best_for,db,bk-wellness-studio-umalas-by-blue-karma-secrets,best_for,travellers wanting yoga or sound healing in a quiet villa-garden setting; those combining a class with a spa or retreat stay; Sunday sound-bath drop-ins,"Yoga or sound healing in a quiet villa garden, or a Sunday sound-bath drop-in",replace,"Три части через «;» → одна фраза; убран зачин «travellers wanting». Удалено намеренно: «those combining a class with a spa or retreat stay» (вторая аудитория, штамп «retreat»).",wave-db 2026-10-05: style rewrite of the record's own text (rung 2); facts not re-verified,
W-bk-wellness-studio-umalas-by-blue-karma-secrets-not_for,db,bk-wellness-studio-umalas-by-blue-karma-secrets,not_for,people after a high-energy fitness/reformer gym; anyone wanting a walk-in studio on the Seminyak strip rather than a tucked-away village,"High-energy gym or reformer work, or a walk-in class on the Seminyak strip. The studio is out in Umalas",replace,Две части через «;» → одна фраза с причиной; «tucked-away village» → «out in Umalas» (штамп «tucked»).,wave-db 2026-10-05: style rewrite of the record's own text (rung 2); facts not re-verified,
W-bodyworks-beauty-seminyak-seminyak-why_its_here,db,bodyworks-beauty-seminyak-seminyak,why_its_here,"The beauty side of Bodyworks, a long-established Seminyak spa on Jl. Kayu Jati in Petitenget, offering nails, waxing, facials and hair daily 9:00–22:00.","The beauty side of Bodyworks, a Seminyak spa on Jl. Kayu Jati in Petitenget. It does nails, waxing, facials and hair daily, 9:00–22:00.",replace,Удалено «long-established» (давность без даты в записи); «offering» → «It does». Часы те же.,wave-db 2026-10-05: style rewrite of the record's own text (rung 2); facts not re-verified,
W-bodyworks-beauty-seminyak-seminyak-best_for,db,bodyworks-beauty-seminyak-seminyak,best_for,Visitors wanting a full beauty menu at a Seminyak institution.,"A full beauty menu, from nails to hair, in Petitenget",replace,Убраны зачин «Visitors wanting» (F1) и «institution» (оценка); точка в конце убрана.,wave-db 2026-10-05: style rewrite of the record's own text (rung 2); facts not re-verified,
W-bodyworks-spa-seminyak-why_its_here,db,bodyworks-spa-seminyak,why_its_here,"A pioneer of the modern Seminyak day-spa model, open for over two decades, now in a striking pink Moroccan-style building with a central pool. Combines a full massage and spa menu with hair, nails, facials and waxing under one roof.","A Seminyak day spa, open for over two decades, now in a pink Moroccan-style building with a central pool. The full massage and spa menu sits alongside hair, nails, facials and waxing under one roof.",replace,Удалены «A pioneer of the modern Seminyak day-spa model» (утверждение без источника) и «striking» (оценка); второе предложение без подлежащего («Combines…») стало полным.,wave-db 2026-10-05: style rewrite of the record's own text (rung 2); facts not re-verified,
W-bodyworks-spa-seminyak-best_for,db,bodyworks-spa-seminyak,best_for,"Groups and friends who want a photogenic, one-stop pampering day mixing massage with hair and nail services; booking ahead on busy days.","Groups of friends making a day of massage, hair and nails, booked ahead on busy days",replace,Убраны «photogenic» и «one-stop pampering» (штампы); две части через «;» → одна фраза.,wave-db 2026-10-05: style rewrite of the record's own text (rung 2); facts not re-verified,
W-bodyworks-spa-seminyak-not_for,db,bodyworks-spa-seminyak,not_for,"Travellers wanting a quiet, ultra-minimal treatment room away from the crowds.","A quiet, ultra-minimal treatment room: Bodyworks is a pink Moroccan-style building that gets busy",replace,"Зачин «Travellers wanting» убран; причина приложена из записи (здание из why_its_here, «busy days» из best_for); «away from the crowds» → «gets busy».",wave-db 2026-10-05: style rewrite of the record's own text (rung 2); facts not re-verified,
W-bossman-burgers-why_its_here,db,bossman-burgers,why_its_here,"A Seminyak burger joint built on Australian-beef smash and gourmet patties with house-made sauces and freshly baked buns. It runs late, serving until roughly 5am, which makes it a reliable post-night-out stop.","This Seminyak burger joint serves until roughly 5am, which makes it a post-night-out stop. The patties are Australian beef, smash or gourmet, with house-made sauces and freshly baked buns.",replace,Убрано «reliable» (A10); «It runs late» слито с часом закрытия. Факты те же.,wave-db 2026-10-05: style rewrite of the record's own text (rung 2); facts not re-verified,
W-bossman-burgers-best_for,db,bossman-burgers,best_for,late-night cravings; casual meat-forward meals; after a night out; quick group bite,"A late burger after a night out, or a quick bite with a group",replace,Четыре части через «;» → одна фраза; «casual meat-forward meals» убрано (повторяет суть заведения).,wave-db 2026-10-05: style rewrite of the record's own text (rung 2); facts not re-verified,
W-bossman-burgers-not_for,db,bossman-burgers,not_for,"a quiet, refined sit-down dinner; anyone avoiding meat-heavy fare","A quiet, refined sit-down dinner, or anyone avoiding meat-heavy food — it's a beef burger joint",replace,Две части через «;» → одна фраза; причина приложена из why_its_here.,wave-db 2026-10-05: style rewrite of the record's own text (rung 2); facts not re-verified,
W-boyncow-why_its_here,db,boyncow,why_its_here,"A premium steakhouse and cocktail lounge on Seminyak's Eat Street (Jl. Raya Kerobokan), open since 2017, serving dry-aged cuts cured on site for at least 30 days plus Australian, US and Japanese Wagyu including A5 grades; the industrial meat-boutique room pairs share-style steaks with a mezzanine speakeasy bar known for barrel-aged cocktails and single malts.","Boy'N'Cow has been a steakhouse and cocktail lounge on Seminyak's Eat Street (Jl. Raya Kerobokan) since 2017. Cuts are dry-aged on site for at least 30 days; the Wagyu is Australian, US and Japanese, A5 included. A mezzanine speakeasy pours barrel-aged cocktails and single malts.",replace,"Предложение на 56 слов (A7) → три. «known for» убрано (бар описан фактом). Удалено намеренно для длины: «premium» (ярлык), «industrial meat-boutique room» (описание зала). «share-style steaks» перенесено в best_for.",wave-db 2026-10-05: style rewrite of the record's own text (rung 2); facts not re-verified,
W-boyncow-best_for,db,boyncow,best_for,A carnivore-focused dinner out or a special occasion for serious steak and Wagyu lovers who want cocktails alongside.,"A carnivore's dinner or special occasion over share-style steaks, Wagyu and cocktails",replace,Убрано «serious» (A10); «lovers who want cocktails alongside» → «and cocktails»; точка в конце убрана.,wave-db 2026-10-05: style rewrite of the record's own text (rung 2); facts not re-verified,
W-caseys-spa-beauty-salon-legian-why_its_here,db,caseys-spa-beauty-salon-legian,why_its_here,"A spa and beauty salon on Jalan Melasti in Legian, opposite Legian Beach Hotel, offering Balinese massage, facials, body scrubs and manicure/pedicure alongside hair treatments.","This spa and beauty salon on Jalan Melasti sits opposite Legian Beach Hotel. It does Balinese massage, facials, body scrubs, manicures and pedicures, plus hair treatments.",replace,«offering … alongside» → глагол и второе предложение; «in Legian» видно из названия отеля. Факты те же.,wave-db 2026-10-05: style rewrite of the record's own text (rung 2); facts not re-verified,
W-cocoon-medical-spa-seminyak-seminyak-best_for,db,cocoon-medical-spa-seminyak-seminyak,best_for,Those wanting clinical-grade aesthetics rather than a relaxation spa.,"Clinical-grade skin, laser or injectable treatments",replace,Зачин «Those wanting» убран; противопоставление «rather than a relaxation spa» перенесено в not_for; «aesthetics» раскрыто видами процедур из why_its_here; точка в конце убрана.,wave-db 2026-10-05: style rewrite of the record's own text (rung 2); facts not re-verified,
W-cocoon-medical-spa-seminyak-seminyak-not_for,db,cocoon-medical-spa-seminyak-seminyak,not_for,,"A relaxation spa visit, because Cocoon is a medical-aesthetic clinic",replace,Новое поле из записи (ступень 2): «rather than a relaxation spa» из best_for + «medical-aesthetic clinic» из why_its_here.,wave-db 2026-10-05: style rewrite of the record's own text (rung 2); facts not re-verified,
W-coffee-cartel-legian-why_its_here,db,coffee-cartel-legian,why_its_here,"A boutique specialty-coffee spot in Legian, part of a small Bali chain, known for premium blends and unusual lattes -- matcha, charcoal, beetroot -- alongside the classics.","Part of a small Bali chain, this Legian specialty-coffee spot pours premium blends alongside the classics. The unusual lattes are made with matcha, charcoal or beetroot.",replace,Убраны «known for» (популярность) и «boutique» (ярлык); двойные дефисы «--» убраны.,wave-db 2026-10-05: style rewrite of the record's own text (rung 2); facts not re-verified,
W-corner-house-bali-why_its_here,db,corner-house-bali,why_its_here,"All-day cafe and bistro on Seminyak's ""Eat Street,"" serving Western/modern-Australian classics from breakfast and brunch through burgers, char-grilled steaks and pizza. Casual, generous, colonial-house setting on the corner of Oberoi Road.","An all-day cafe and bistro in a colonial house on the corner of Oberoi Road, on Seminyak's Eat Street. The cooking is casual Western and modern Australian: breakfast and brunch, then burgers, char-grilled steaks and pizza.",replace,"Удалено «generous» (впечатление без предмета); «Casual, generous, colonial-house setting» без глагола → вошло в первое предложение.",wave-db 2026-10-05: style rewrite of the record's own text (rung 2); facts not re-verified,
W-corner-house-bali-best_for,db,corner-house-bali,best_for,brunch after the beach; an easy first-night dinner; a relaxed group meal of familiar Western food,"Brunch after the beach, or an easy first-night dinner of familiar Western food with a group",replace,Три части через «;» → одна фраза; убрано «relaxed» (штамп).,wave-db 2026-10-05: style rewrite of the record's own text (rung 2); facts not re-verified,
W-corner-house-bali-not_for,db,corner-house-bali,not_for,travellers specifically after Indonesian/local cuisine (menu is Western-focused),"Anyone set on Indonesian food, because the menu is Western",replace,«travellers specifically after» убрано; причина из скобок стала частью фразы; «local cuisine» слито с «Indonesian».,wave-db 2026-10-05: style rewrite of the record's own text (rung 2); facts not re-verified,
W-crossfit-seminyak-why_its_here,db,crossfit-seminyak,why_its_here,"Open-air CrossFit box near Seminyak beach. CrossFit, bootcamp, movement, mobility and olympic lifting. Rigs, bumpers, rowers and assault bikes. Showers and towels are provided, and classes run in English.","An open-air CrossFit box near Seminyak beach, with classes in CrossFit, bootcamp, movement, mobility and olympic lifting. The kit runs to rigs, bumpers, rowers and assault bikes. Showers and towels are provided, and classes are in English.",replace,Три предложения без глагола подряд (A8) → полные предложения. Факты те же.,wave-db 2026-10-05: style rewrite of the record's own text (rung 2); facts not re-verified,
W-de-nyuh-spa-seminyak-best_for,db,de-nyuh-spa-seminyak,best_for,"Anyone wanting an easy, well-priced spa hour in Seminyak.","An easy, well-priced spa hour in Seminyak",replace,"Убран зачин «Anyone wanting» (тот же шаблон, что «Visitors wanting»); точка в конце убрана.",wave-db 2026-10-05: style rewrite of the record's own text (rung 2); facts not re-verified,
W-desa-potato-head-wellness-why_its_here,db,desa-potato-head-wellness,why_its_here,"The wellbeing programme at Desa Potato Head on Jl. Petitenget in Seminyak. Weekly all-level yoga is free for guests of the Suites and Studios and open to everyone else by donation. Sanctuary, the venue's wellness space behind the Library, was built with the founders of Pyramids of Chi in Ubud and runs vibroacoustic light therapy, sound healing, breathwork and ice bath sessions.","Desa Potato Head's wellbeing programme on Jl. Petitenget runs all-level yoga: free for Suites and Studios guests, by donation for others. Its Sanctuary was built with the founders of Pyramids of Chi in Ubud and runs vibroacoustic light therapy, sound healing, breathwork and ice baths.",replace,61 слово → 45: предложение без глагола в начале стало полным; «weekly» перенесено в best_for. Удалено намеренно: «behind the Library» (где находится Sanctuary) и «the venue's wellness space» — для длины; «in Seminyak» видно из района.,wave-db 2026-10-05: style rewrite of the record's own text (rung 2); facts not re-verified,
W-desa-potato-head-wellness-best_for,db,desa-potato-head-wellness,best_for,Seminyak visitors who want donation-based yoga and unusual sound and light meditation formats rather than a standard studio class.,"Weekly yoga by donation, or unusual sound and light meditation instead of a standard studio class",replace,Убран зачин «Seminyak visitors who want»; «donation-based yoga» + «weekly» из why_its_here; точка в конце убрана.,wave-db 2026-10-05: style rewrite of the record's own text (rung 2); facts not re-verified,
W-desa-wisata-medewi-why_its_here,db,desa-wisata-medewi,why_its_here,"A black-sand beach on Bali's west coast, in Jembrana, known for a long left-hand point break.","Medewi is a black-sand beach in Jembrana, on Bali's west coast, with a long left-hand point break.",replace,Убрано «known for» (формулировка популярности): волна названа как факт. Добавлено имя Medewi из названия карточки.,wave-db 2026-10-05: style rewrite of the record's own text (rung 2); facts not re-verified,
W-desa-wisata-medewi-best_for,db,desa-wisata-medewi,best_for,"surfers looking for a long, mellow left-hander; a quieter west-Bali beach stop","Surfers after a long, mellow left-hander, or a quieter beach stop in west Bali",replace,Две части через «;» → одна фраза; «looking for» → «after»; начало с маленькой буквы исправлено.,wave-db 2026-10-05: style rewrite of the record's own text (rung 2); facts not re-verified,
W-desa-wisata-penglipuran-why_its_here,db,desa-wisata-penglipuran,why_its_here,A traditional Bali Aga village in Bangli known for its uniform bamboo-roofed houses and car-free main street.,"Penglipuran is a traditional Bali Aga village in Bangli. Its houses are uniform and bamboo-roofed, and the main street is car-free.",replace,Убрано «known for» (формулировка популярности): дома и улица названы как факт.,wave-db 2026-10-05: style rewrite of the record's own text (rung 2); facts not re-verified,
W-desa-wisata-penglipuran-best_for,db,desa-wisata-penglipuran,best_for,a walk through traditional Balinese village architecture; an easy stop between Kintamani and south Bali,"A walk through traditional Balinese village architecture, as an easy stop between Kintamani and south Bali",replace,Две части через «;» → одна фраза; начало с маленькой буквы исправлено.,wave-db 2026-10-05: style rewrite of the record's own text (rung 2); facts not re-verified,
W-desa-wisata-tembuku-why_its_here,db,desa-wisata-tembuku,why_its_here,"A village in Bangli surrounded by rice terraces and forest, home to Tukad Cepung waterfall -- water falling through a narrow rock crevice about 15 metres high, roughly 8km from Bangli town.","Rice terraces and forest surround Tembuku, a village in Bangli. It is home to Tukad Cepung waterfall, roughly 8km from Bangli town, where water falls through a narrow rock crevice about 15 metres high.",replace,Двойной дефис «--» и предложение на 31 слово (A7) → два предложения. Факты те же.,wave-db 2026-10-05: style rewrite of the record's own text (rung 2); facts not re-verified,
W-desa-wisata-tembuku-best_for,db,desa-wisata-tembuku,best_for,a lesser-known waterfall away from the main tourist circuit; traditional cooking and craft demonstrations,"A waterfall away from the main tourist circuit, or traditional cooking and craft demonstrations",replace,Удалено «lesser-known» (утверждение о популярности без источника; «away from the main tourist circuit» осталось); две части через «;» → одна фраза.,wave-db 2026-10-05: style rewrite of the record's own text (rung 2); facts not re-verified,
W-desa-wisata-tenganan-why_its_here,db,desa-wisata-tenganan,why_its_here,"One of Bali's oldest Bali Aga (indigenous pre-Hindu Balinese) villages, in Karangasem, known for its double-ikat geringsing weaving.","Tenganan, in Karangasem, is one of Bali's oldest Bali Aga villages; the Bali Aga are the indigenous pre-Hindu Balinese. Double-ikat geringsing cloth is woven here.",replace,Убрано «known for» (формулировка популярности): ткачество названо как факт; расшифровка в скобках стала отдельной фразой.,wave-db 2026-10-05: style rewrite of the record's own text (rung 2); facts not re-verified,
W-desa-wisata-tenganan-best_for,db,desa-wisata-tenganan,best_for,traditional Balinese weaving and village architecture; a stop on an east-Bali day out,Traditional Balinese weaving and village architecture on an east-Bali day out,replace,Две части через «;» → одна фраза; начало с маленькой буквы исправлено.,wave-db 2026-10-05: style rewrite of the record's own text (rung 2); facts not re-verified,
W-desa-wisata-undisan-why_its_here,db,desa-wisata-undisan,why_its_here,"A traditional village in Bangli, about 90 minutes from Ngurah Rai airport or 45 minutes from Ubud, built around rice-farming and craft traditions -- including matekap, ploughing rice fields with oxen the traditional way, and Balinese gold-and-silver flower craftwork. Air Terjun Tangkup waterfall is roughly a 45-minute walk from the main road.","Undisan, a traditional village in Bangli, is about 90 minutes from Ngurah Rai airport or 45 minutes from Ubud. Its traditions include matekap, ploughing rice fields with oxen, and gold-and-silver flower craftwork. Air Terjun Tangkup waterfall is roughly a 45-minute walk from the main road.",replace,"52 слова → 45; двойной дефис «--» и предложение на 39 слов (A7) → три. Удалено намеренно: «the traditional way» (повторяет «traditions»), «Balinese» перед gold-and-silver flower craftwork (место и так на Бали).",wave-db 2026-10-05: style rewrite of the record's own text (rung 2); facts not re-verified,
W-desa-wisata-undisan-best_for,db,desa-wisata-undisan,best_for,traditional rice-field ploughing and craft demonstrations; a waterfall walk away from the tourist trail,"Rice-field ploughing and craft demonstrations, or a waterfall walk away from the tourist trail",replace,Две части через «;» → одна фраза; «traditional» не повторено (есть в why_its_here); начало с маленькой буквы исправлено.,wave-db 2026-10-05: style rewrite of the record's own text (rung 2); facts not re-verified,
W-drifter-kayu-aya-why_its_here,db,drifter-kayu-aya,why_its_here,"Surf shop, cafe and bookstore on Jl. Kayu Aya, opened in 2009 by surfers Tim Russo and Jake MacKenzie. Hand-shaped boards and independent brands, books and artwork. The cafe pours coffee from Sumatran beans. Gallery openings, film screenings and live music run in season.","Surfers Tim Russo and Jake MacKenzie opened this surf shop, cafe and bookstore on Jl. Kayu Aya in 2009. It sells hand-shaped boards and independent brands alongside books and artwork, and the coffee is Sumatran. Gallery openings, film screenings and live music run in season.",replace,"Открытие-формула «Surf shop, cafe and bookstore on Jl. …» → с людей и года; фрагмент без глагола стал предложением. Факты те же.",wave-db 2026-10-05: style rewrite of the record's own text (rung 2); facts not re-verified,
W-engine-room-legian-why_its_here,db,engine-room-legian,why_its_here,"A three-storey nightclub on the Legian strip where the main dance floor opens straight onto the sidewalk, with resident DJs running hip-hop, dubstep and trap sets.","A three-storey nightclub on the Legian strip. The main dance floor opens straight onto the sidewalk, and resident DJs play hip-hop, dubstep and trap.",replace,Предложение на 27 слов (A7) → два. Факты те же.,wave-db 2026-10-05: style rewrite of the record's own text (rung 2); facts not re-verified,
W-expat-roasters-best_for,db,expat-roasters,best_for,serious coffee lovers; single-origin tasting; laptop-friendly morning work; buying beans and brew gear,"Single-origin tasting, a laptop morning, or buying beans and brew gear",replace,"Убраны «serious coffee lovers» (A10, ярлык); четыре части через «;» → одна фраза; начало с маленькой буквы исправлено.",wave-db 2026-10-05: style rewrite of the record's own text (rung 2); facts not re-verified,
W-expat-roasters-not_for,db,expat-roasters,not_for,a full sit-down meal; a lively bar or nightlife scene; anyone after a beach or view setting,A full sit-down meal or a lively night out: the food is a small menu of light bites,replace,Три части через «;» → одна фраза с причиной из why_its_here. Удалено намеренно: «anyone after a beach or view setting» (третья часть; о виде запись больше ничего не говорит).,wave-db 2026-10-05: style rewrite of the record's own text (rung 2); facts not re-verified,
W-fire-restaurant-seminyak-why_its_here,db,fire-restaurant-seminyak,why_its_here,"Restaurant in Seminyak. The kitchen is described as open-fire cooking. The published menu runs to 52 priced items — Flatbread, za’atar, honey yogurt, Sourdough bread, brown butter and Fresh Lombok oysters, green apple, mint vinaigrette, sea fennel. Fresh Lombok oysters, green apple, mint vinaigrette, sea fennel is 75K IDR. Booking is on the venue's own site.","An open-fire kitchen in Seminyak that takes bookings on its own site. The published menu runs to 52 priced items; flatbread comes with za’atar and honey yogurt, and sourdough with brown butter. Lombok oysters with green apple, mint vinaigrette and sea fennel are 75K IDR.",replace,Шаблонная карточка (генератор «Restaurant in Seminyak. The kitchen is described as…»): ломаный список блюд и повтор блюда с ценой собраны в фразы; «The kitchen is described as open-fire cooking» → «An open-fire kitchen». Удалено: «Fresh» перед Lombok oysters (часть названия блюда); «Sourdough bread» → «sourdough». Полноценный текст ждёт сбора фактов (решение A).,wave-db 2026-10-05: style rewrite of the record's own text (rung 2); facts not re-verified,
W-fire-restaurant-seminyak-best_for,db,fire-restaurant-seminyak,best_for,"A special-occasion dinner, not a quick casual meal.","A special-occasion dinner of open-fire cooking, not a quick casual meal",replace,"Шаблон «A special-occasion dinner, not a quick casual meal» (тот же текст у других карточек) привязан к факту записи (open-fire); точка в конце убрана.",wave-db 2026-10-05: style rewrite of the record's own text (rung 2); facts not re-verified,
W-gambinos-bali-why_its_here,db,gambinos-bali,why_its_here,"A premium steakhouse on Jl. Kayu Aya in Seminyak serving Australian grain-fed and dry-aged beef alongside handmade pasta, in a two-floor room with a retractable roof upstairs. Dinner only.","A premium Seminyak steakhouse for Australian grain-fed and dry-aged beef, with handmade pasta too. The two-floor room on Jl. Kayu Aya has a retractable roof upstairs. It serves dinner only.",replace,Открытие-формула «A premium steakhouse on Jl. Kayu Aya in Seminyak» и предложение на 27 слов (A7) → три коротких; «Dinner only.» без глагола → «It serves dinner only.»,wave-db 2026-10-05: style rewrite of the record's own text (rung 2); facts not re-verified,
W-gambinos-bali-best_for,db,gambinos-bali,best_for,A steak dinner or special-occasion meal in central Seminyak.,A steak dinner or a special occasion in central Seminyak,replace,«special-occasion meal» → «a special occasion»; точка в конце убрана.,wave-db 2026-10-05: style rewrite of the record's own text (rung 2); facts not re-verified,
W-gambinos-bali-not_for,db,gambinos-bali,not_for,,A lunchtime steak. Gambinos opens for dinner only,replace,Новое поле из записи (ступень 2): «Dinner only» из why_its_here.,wave-db 2026-10-05: style rewrite of the record's own text (rung 2); facts not re-verified,
W-ginger-moon-canteen-why_its_here,db,ginger-moon-canteen,why_its_here,"Modern-Asian sharing restaurant on Seminyak's Oberoi/Laksmana strip from chef Dean Keddell, open since 2012. Built around ordering several shareable plates for the table rather than individual mains.","Chef Dean Keddell's modern-Asian sharing restaurant on Seminyak's Oberoi/Laksmana strip, open since 2012. You order several plates for the table rather than individual mains.",replace,Второе предложение без подлежащего («Built around ordering…») → полное. Факты те же.,wave-db 2026-10-05: style rewrite of the record's own text (rung 2); facts not re-verified,
W-ginger-moon-canteen-best_for,db,ginger-moon-canteen,best_for,a group who want to share a spread of Asian plates; a relaxed dinner with friends or family; couples happy to graze across the menu,"Friends, family or a couple sharing a spread of Asian plates",replace,Три части через «;» → одна фраза; убраны «relaxed» (штамп) и «happy to graze across the menu» (повторяет формат).,wave-db 2026-10-05: style rewrite of the record's own text (rung 2); facts not re-verified,
W-ginger-moon-canteen-not_for,db,ginger-moon-canteen,not_for,solo diners wanting a single quick plate (format is built around sharing),"Solo diners after a single quick plate, because the format is built around sharing",replace,Причина из скобок стала частью фразы; начало с маленькой буквы исправлено.,wave-db 2026-10-05: style rewrite of the record's own text (rung 2); facts not re-verified,
W-glo-day-spa-salon-seminyak-seminyak-why_its_here,db,glo-day-spa-salon-seminyak-seminyak,why_its_here,"A 480 sqm Western-style hair salon and day spa on Jl. Kayu Aya (opened 2022), managed by Australian senior stylists and known for colouring, cutting, keratin work and bridal hair and make-up, alongside spa treatment rooms, beauty rooms and a mani-pedi lounge.","Opened in 2022 on Jl. Kayu Aya, this 480 sqm Western-style hair salon and day spa is managed by Australian senior stylists. The hair side does colour, cuts, keratin and bridal hair and make-up; the spa has treatment rooms, beauty rooms and a mani-pedi lounge.",replace,Убрано «known for» (популярность): услуги названы как факт; предложение на 43 слова (A7) → два.,wave-db 2026-10-05: style rewrite of the record's own text (rung 2); facts not re-verified,
W-glo-day-spa-salon-seminyak-seminyak-best_for,db,glo-day-spa-salon-seminyak-seminyak,best_for,"Travellers who want Western-standard hair colour/cut/keratin or bridal hair and make-up, plus salon-and-spa services in one place.","Western-standard colour, cuts or keratin, or bridal hair and make-up, with the spa in the same place",replace,Убран зачин «Travellers who want» (F1); «salon-and-spa services» → «the spa»; точка в конце убрана.,wave-db 2026-10-05: style rewrite of the record's own text (rung 2); facts not re-verified,
W-glo-day-spa-salon-seminyak-seminyak-not_for,db,glo-day-spa-salon-seminyak-seminyak,not_for,Anyone specifically seeking a purely traditional Balinese massage house.,"A purely traditional Balinese massage house, since Glo is a Western-style salon and spa",replace,«Anyone specifically seeking» убрано; причина приложена из why_its_here.,wave-db 2026-10-05: style rewrite of the record's own text (rung 2); facts not re-verified,
W-gusto-gelato-why_its_here,db,gusto-gelato,why_its_here,"An artisan gelateria and caffe turning out house-made gelato in a wide flavour range, from classic fior di latte to local twists like lemongrass, ginger and sesame. It also pours proper coffee in a calm sit-down space.","A gelateria and caffe that makes its own gelato in a wide range of flavours. They run from classic fior di latte to local twists like lemongrass, ginger and sesame. It also pours coffee in a calm sit-down space.",replace,Убраны «proper» (A10) и «artisan» (ярлык); предложение на 28 слов (A7) → два.,wave-db 2026-10-05: style rewrite of the record's own text (rung 2); facts not re-verified,
W-gusto-gelato-best_for,db,gusto-gelato,best_for,afternoon dessert stop; cooling off in the heat; family treat with kids; coffee-and-gelato pause,"Cooling off with gelato and coffee in the afternoon, kids included",replace,Четыре части через «;» → одна фраза («family treat with kids» → «kids included»; «dessert stop» → gelato).,wave-db 2026-10-05: style rewrite of the record's own text (rung 2); facts not re-verified,
W-gusto-gelato-not_for,db,gusto-gelato,not_for,anyone looking for a full sit-down meal or dinner service,A full meal or dinner service: Gusto is gelato and coffee,replace,«anyone looking for» убрано; причина приложена из why_its_here; «sit-down» не повторено.,wave-db 2026-10-05: style rewrite of the record's own text (rung 2); facts not re-verified,
W-hammerhead-fitness-why_its_here,db,hammerhead-fitness,why_its_here,"Old-school gym on the third floor of Kasih Market on Jl. Nakula. Six hundred air-conditioned square metres, more than 80 stations, and the heaviest free weights on the island. A large cardio floor and a stretching area. Four full-time trainers, plus classes in boxing, zumba, dangdut and belly dance.","Hammerhead is an old-school gym on the third floor of Kasih Market, Jl. Nakula: six hundred air-conditioned square metres and more than 80 stations. There's a large cardio floor and a stretching area, plus four full-time trainers. Classes cover boxing, zumba, dangdut and belly dance.",replace,Три фрагмента без глагола (A8) → полные предложения. Удалено «the heaviest free weights on the island» — превосходная степень без источника (в список проверки).,wave-db 2026-10-05: style rewrite of the record's own text (rung 2); facts not re-verified,
W-hog-wild-with-chef-bruno-why_its_here,db,hog-wild-with-chef-bruno,why_its_here,"Casual American BBQ joint on Jalan Batu Belig (Kerobokan) built around family-style tables and low-fuss grilled fare, with a largely gluten-free menu. Signature slow-cooked ribs are the draw.","Slow-cooked ribs are the draw at this casual American BBQ joint on Jalan Batu Belig in Kerobokan. Tables are family-style, the grilled food is low-fuss, and the menu is largely gluten-free.",replace,Убрано «Signature» (A10); открытие-формула «… BBQ joint on Jalan Batu Belig» → с главного блюда.,wave-db 2026-10-05: style rewrite of the record's own text (rung 2); facts not re-verified,
W-hog-wild-with-chef-bruno-best_for,db,hog-wild-with-chef-bruno,best_for,groups sharing BBQ platters family-style; families with a relaxed early dinner; gluten-free diners,"A group sharing BBQ platters family-style, or an early family dinner, gluten-free diners included",replace,Три части через «;» → одна фраза; убрано «relaxed» (штамп).,wave-db 2026-10-05: style rewrite of the record's own text (rung 2); facts not re-verified,
W-hog-wild-with-chef-bruno-not_for,db,hog-wild-with-chef-bruno,not_for,fine-dining or romantic quiet-table seekers; vegetarians (menu is meat/BBQ-led),"Fine dining, a quiet romantic table or a vegetarian meal: the menu leads with meat and BBQ",replace,Две части через «;» → одна фраза; причина из скобок стала частью фразы; «seekers» убрано.,wave-db 2026-10-05: style rewrite of the record's own text (rung 2); facts not re-verified,
W-izzi-rooftop-lounge-and-restaurant-and-bar-and-shisha-why_its_here,db,izzi-rooftop-lounge-and-restaurant-and-bar-and-shisha,why_its_here,"Rooftop bar, restaurant and shisha lounge at Batu Belig Square. The shisha list runs past 200 tobaccos. Sunset view over the ocean, with DJs, board games and a PlayStation.","A rooftop bar, restaurant and shisha lounge at Batu Belig Square, looking over the ocean at sunset. The shisha list runs past 200 tobaccos; DJs play, and there are board games and a PlayStation.",replace,"Фрагмент без глагола («Sunset view over the ocean, with…») → полное предложение; две тройки (A5) → одна.",wave-db 2026-10-05: style rewrite of the record's own text (rung 2); facts not re-verified,
W-jari-menari-seminyak-why_its_here,db,jari-menari-seminyak,why_its_here,"A Seminyak massage institution open since 2001 whose name means ""dancing fingers."" Therapists (traditionally an all-male team) are trained in a signature rhythmic, flowing full-body technique in open-air rooms set around a water wall and hand-carved stone.","A Seminyak massage house open since 2001, whose name means ""dancing fingers"". Its therapists, traditionally an all-male team, are trained in a rhythmic, flowing full-body technique. Its open-air rooms are set around a water wall and hand-carved stone.",replace,Удалены «institution» (оценка) и «signature» (A10); предложение на 25+ слов (A7) → два.,wave-db 2026-10-05: style rewrite of the record's own text (rung 2); facts not re-verified,
W-jari-menari-seminyak-best_for,db,jari-menari-seminyak,best_for,"Travellers who want a serious, technique-led massage rather than a resort pampering session; couples and solo visitors who value a calm, no-frills sanctuary.","A calm, technique-led massage rather than resort pampering, solo or as a couple",replace,"Убраны зачин «Travellers who want» (F1), «serious» (A10) и «no-frills sanctuary» (штамп); две части через «;» → одна фраза.",wave-db 2026-10-05: style rewrite of the record's own text (rung 2); facts not re-verified,
W-jasmine-aromatic-house-why_its_here,db,jasmine-aromatic-house,why_its_here,"A long-running Balinese day spa in Tuban, minutes from the airport, offering aromatherapy massage, body scrubs and hair treatments, with free airport transfers, showers and luggage storage.","Minutes from the airport in Tuban, this Balinese day spa does aromatherapy massage, body scrubs and hair treatments. Showers and luggage storage are on site, and airport transfers are free.",replace,Удалено «long-running» (давность без даты в записи); «offering» убрано; предложение на 28 слов (A7) и две тройки (A5) → два предложения. Факты те же.,wave-db 2026-10-05: style rewrite of the record's own text (rung 2); facts not re-verified,
W-jasmine-aromatic-house-best_for,db,jasmine-aromatic-house,best_for,A reliable massage near the airport before a night flight or on arrival.,A massage near the airport before a night flight or on arrival,replace,Убрано «reliable» (A10); точка в конце убрана.,wave-db 2026-10-05: style rewrite of the record's own text (rung 2); facts not re-verified,
W-jiwa-bikram-yoga-bali-seminyak-why_its_here,db,jiwa-bikram-yoga-bali-seminyak,why_its_here,"Bali's first hot-yoga studio, in Petitenget (north Seminyak): the classic Bikram 26-posture sequence (90 and 60 min) plus Sumits, hot Vinyasa, Ashtanga, Yin and hot Pilates in an unpretentious, small-class setting.","A hot-yoga studio in Petitenget, north Seminyak, teaching the classic Bikram 26-posture sequence (90 and 60 min). Sumits, hot Vinyasa, Ashtanga, Yin and hot Pilates fill out the timetable. Classes are small, in an unpretentious setting.",replace,Удалено «Bali's first hot-yoga studio» — утверждение «первый на Бали» без источника (в список проверки). Предложение на 31 слово (A7) → три.,wave-db 2026-10-05: style rewrite of the record's own text (rung 2); facts not re-verified,
W-jiwa-bikram-yoga-bali-seminyak-best_for,db,jiwa-bikram-yoga-bali-seminyak,best_for,"Bikram and hot-yoga lovers, and travellers wanting an established sweat with near-private class sizes.",Bikram and hot-yoga fans who want a sweat in near-private class sizes,replace,Убран зачин «travellers wanting»; «lovers» → «fans». Удалено: «established» (неясное слово при «sweat»). Точка в конце убрана.,wave-db 2026-10-05: style rewrite of the record's own text (rung 2); facts not re-verified,
W-jiwa-bikram-yoga-bali-seminyak-not_for,db,jiwa-bikram-yoga-bali-seminyak,not_for,"Anyone who prefers a cool, gentle practice or a scenic open-air studio.","A cool, gentle practice or a scenic open-air studio. This is hot yoga",replace,«Anyone who prefers» убрано; причина приложена из why_its_here.,wave-db 2026-10-05: style rewrite of the record's own text (rung 2); facts not re-verified,
W-kilo-kitchen-bali-seminyak-why_its_here,db,kilo-kitchen-bali-seminyak,why_its_here,"The first overseas outpost of Singapore's Kilo, on Jl. Drupadi in Seminyak, serving Asian-fusion sharing plates — squid-ink rice with soft-shell crab, beef-tongue tacos, Japanese ceviche — in a tropical-industrial space of concrete, wood and glass.","This is the first overseas outpost of Singapore's Kilo, on Jl. Drupadi in Seminyak. The kitchen does Asian-fusion sharing plates such as squid-ink rice with soft-shell crab, beef-tongue tacos and Japanese ceviche. The space is tropical-industrial: concrete, wood and glass.",replace,Два тире (A4) и предложение на 36 слов (A7) → три предложения. Факты те же.,wave-db 2026-10-05: style rewrite of the record's own text (rung 2); facts not re-verified,
W-kros-tennis-bali-why_its_here,db,kros-tennis-bali,why_its_here,"Indoor smart court on Jl. Patih Jelantik in Kuta, with AI tracking and performance readouts. Court booking, coaching from beginner upwards, and women's doubles sessions. The space also rents for events and shoots. Open around the clock.","Kros is an indoor smart tennis court on Jl. Patih Jelantik in Kuta, with AI tracking and performance readouts. Book the court, take coaching from beginner up or join women's doubles; it's open around the clock. The space also rents out for events and shoots.",replace,Открытие-формула «Indoor smart court on Jl. … in Kuta» → с названия; фрагменты без глагола стали предложениями. «sessions» после women's doubles убрано (то же самое).,wave-db 2026-10-05: style rewrite of the record's own text (rung 2); facts not re-verified,
W-kynd-community-why_its_here,db,kynd-community,why_its_here,"Seminyak's strongest plant-forward brunch — a big, walk-in cafe known for smoothie bowls and colourful comfort food.",Kynd is a big walk-in cafe on Jl. Petitenget for plant-forward brunch: smoothie bowls and colourful comfort food.,replace,Удалены «Seminyak's strongest plant-forward brunch» (рейтинг без источника) и «known for» (популярность); тире (A4) убрано. Улица — из адреса карточки.,wave-db 2026-10-05: style rewrite of the record's own text (rung 2); facts not re-verified,
W-kynd-community-best_for,db,kynd-community,best_for,Vegan and vegetarian brunch; an iconic smoothie-bowl stop; a lighter reset day,"A vegan or vegetarian brunch with a smoothie bowl, on a lighter day",replace,Убрано «iconic» (H1); три части через «;» → одна фраза; «reset day» → «a lighter day».,wave-db 2026-10-05: style rewrite of the record's own text (rung 2); facts not re-verified,
W-la-casetta-bali-why_its_here,db,la-casetta-bali,why_its_here,"A home-style Italian restaurant serving daily-baked bread and cornetti, fresh pasta and wood-fired pizza in a rustic, cozy setting, running from breakfast through lunch to dinner.","A home-style Italian restaurant in Umalas, open from breakfast through lunch to dinner. Bread and cornetti are baked daily, the pasta is fresh and the pizza is wood-fired. The setting is rustic and cozy.",replace,Предложение на 27 слов (A7) → три коротких; район Umalas — из адреса карточки. Факты те же.,wave-db 2026-10-05: style rewrite of the record's own text (rung 2); facts not re-verified,
W-la-casetta-bali-best_for,db,la-casetta-bali,best_for,"a cozy, unhurried Italian dinner; a relaxed breakfast or lunch; a laid-back family or couples meal","An unhurried Italian breakfast, lunch or dinner, for a family or a couple",replace,Три части через «;» → одна фраза. Удалены штампы «relaxed» и «laid-back»; «cozy» осталось в why_its_here.,wave-db 2026-10-05: style rewrite of the record's own text (rung 2); facts not re-verified,
W-la-casetta-bali-not_for,db,la-casetta-bali,not_for,travellers wanting a beachfront or main-Seminyak-strip location (it sits inland in Umalas/Bumbak),"A beachfront table or the main Seminyak strip: it sits inland, in Umalas/Bumbak",replace,Зачин «travellers wanting» убран; причина из скобок стала частью фразы.,wave-db 2026-10-05: style rewrite of the record's own text (rung 2); facts not re-verified,
W-lagoon-spa-seminyak-seminyak-why_its_here,db,lagoon-spa-seminyak-seminyak,why_its_here,"A villa-set spa within Villa Seminyak Estate & Spa, running since 2003, with private spa villas, treatment rooms and a reflexology chill room. Known for multi-hour Balinese ritual packages (massage, scrub, flower bath, creambath, facial).","The spa at Villa Seminyak Estate & Spa has run since 2003. It has private spa villas and treatment rooms, plus a reflexology chill room. Its multi-hour Balinese ritual packages combine massage, scrub, flower bath, creambath and facial.",replace,Убрано «Known for» (популярность): пакеты названы как факт; «villa-set spa within» → «The spa at».,wave-db 2026-10-05: style rewrite of the record's own text (rung 2); facts not re-verified,
W-lagoon-spa-seminyak-seminyak-best_for,db,lagoon-spa-seminyak-seminyak,best_for,"Guests who want a long, unhurried multi-treatment ritual in a resort-garden setting; couples.","A long, unhurried multi-treatment ritual in a resort garden, couples included",replace,Зачин «Guests who want» убран; «; couples.» вошло во фразу; точка в конце убрана.,wave-db 2026-10-05: style rewrite of the record's own text (rung 2); facts not re-verified,
W-lagoon-spa-seminyak-seminyak-not_for,db,lagoon-spa-seminyak-seminyak,not_for,Anyone after a fast walk-in 30-minute foot rub.,A fast walk-in 30-minute foot rub. Rituals here run for hours,replace,«Anyone after» убрано; причина приложена из why_its_here («multi-hour»).,wave-db 2026-10-05: style rewrite of the record's own text (rung 2); facts not re-verified,
W-ling-lings-bali-why_its_here,db,ling-lings-bali,why_its_here,"A lively Asian-fusion restaurant and cocktail spot on Jl. Petitenget in Seminyak, leaning Japanese and Korean with sushi rolls, Korean tacos, bao buns and pork ribs, plus a DJ and a long drinks list after dark.","An Asian-fusion restaurant and cocktail spot on Jl. Petitenget that leans Japanese and Korean. Sushi rolls, Korean tacos, bao buns and pork ribs are on the menu, and after dark there's a DJ and a long drinks list.",replace,Предложение на 36 слов (A7) → два; впечатление «lively» перенесено в not_for; «in Seminyak» не повторено (район карточки).,wave-db 2026-10-05: style rewrite of the record's own text (rung 2); facts not re-verified,
W-ling-lings-bali-best_for,db,ling-lings-bali,best_for,Groups and dates wanting a shared-plates dinner that rolls into cocktails and music.,Groups or a date over shared plates that roll into cocktails and music,replace,Зачин «… wanting» убран; точка в конце убрана.,wave-db 2026-10-05: style rewrite of the record's own text (rung 2); facts not re-verified,
W-ling-lings-bali-not_for,db,ling-lings-bali,not_for,,"A low-key dinner: Ling-Ling's gets lively, with a DJ after dark",replace,Новое поле из записи (ступень 2): «lively» и «DJ … after dark» из why_its_here.,wave-db 2026-10-05: style rewrite of the record's own text (rung 2); facts not re-verified,
W-mades-warung-kuta-why_its_here,db,mades-warung-kuta,why_its_here,"One of Kuta's oldest names, started as a roadside food stall in 1969 and grown into a full Balinese restaurant on Jalan Pantai Kuta, known for nasi campur and ayam goreng bumbu Bali.",Made's Warung started as a roadside food stall in 1969 and has grown into a full Balinese restaurant on Jalan Pantai Kuta. Order the nasi campur or the ayam goreng bumbu Bali.,replace,Удалено «One of Kuta's oldest names» (сравнение без источника; год 1969 остался); «known for» → «Order the …»; предложение на 32 слова (A7) → два.,wave-db 2026-10-05: style rewrite of the record's own text (rung 2); facts not re-verified,
W-mades-warung-seminyak-why_its_here,db,mades-warung-seminyak,why_its_here,"Restaurant in Seminyak. The kitchen is described as Authentic Indonesian. The published menu includes Traditional Nasi Campur, Beef Rendang and Sate Lilit. Booking is on the venue's own site.","An Indonesian kitchen in Seminyak whose published menu includes traditional nasi campur, beef rendang and sate lilit. You book on the venue's own site.",replace,Шаблонная карточка («Restaurant in Seminyak. The kitchen is described as…»): удалено «Authentic» (оценка); «The kitchen is described as» убрано. Полноценный текст ждёт сбора фактов (решение A).,wave-db 2026-10-05: style rewrite of the record's own text (rung 2); facts not re-verified,
W-mades-warung-seminyak-best_for,db,mades-warung-seminyak,best_for,Authentic Indonesian in Seminyak.,"Nasi campur, beef rendang or sate lilit in Seminyak",replace,Удалено «Authentic» (оценка); вместо ярлыка — блюда из why_its_here; точка в конце убрана.,wave-db 2026-10-05: style rewrite of the record's own text (rung 2); facts not re-verified,
W-mamasan-bali-why_its_here,db,mamasan-bali,why_its_here,"Chef Will Meyrick's long-running pan-Asian dining room in Seminyak, plating elevated Southeast Asian street food — from Penang to Bangkok to Indonesian rendang — inside a dramatic 1920s Shanghai-style room of dark timber, green banquettes and chandeliers, with an upstairs supper-club bar.","Chef Will Meyrick's pan-Asian dining room in Seminyak cooks Southeast Asian street food, from Penang to Bangkok to Indonesian rendang. The room is 1920s Shanghai-style, with dark timber, green banquettes and chandeliers, and there's a supper-club bar upstairs.",replace,"Удалены «elevated» (H1), «long-running» (давность без даты) и «dramatic» (впечатление); два тире (A4) и предложение на 40 слов (A7) → два предложения.",wave-db 2026-10-05: style rewrite of the record's own text (rung 2); facts not re-verified,
W-mamasan-bali-best_for,db,mamasan-bali,best_for,A dressed-up dinner or cocktails for couples and groups who want polished Asian flavours in an atmospheric setting.,Couples or groups out for a dressed-up dinner or cocktails over polished Asian flavours,replace,Убраны «who want» и «in an atmospheric setting» (впечатление); точка в конце убрана.,wave-db 2026-10-05: style rewrite of the record's own text (rung 2); facts not re-verified,
W-mauri-restaurant-why_its_here,db,mauri-restaurant,why_its_here,"Contemporary southern-Italian fine-dining restaurant on Jl. Petitenget, Seminyak, led by Apulian chef Maurizio Bombini, with a live kitchen, à la carte and seasonal tasting menus, and a rooftop hydroponic garden supplying produce.","This contemporary southern-Italian fine-dining restaurant on Jl. Petitenget is led by Apulian chef Maurizio Bombini. There's a live kitchen, à la carte and seasonal tasting menus, and a rooftop hydroponic garden that supplies produce.",replace,"Открытие-формула «… restaurant on Jl. Petitenget, Seminyak» перестроено; предложение на 32 слова (A7) → два; «Seminyak» не повторено (район карточки).",wave-db 2026-10-05: style rewrite of the record's own text (rung 2); facts not re-verified,
W-mauri-restaurant-best_for,db,mauri-restaurant,best_for,special-occasion and celebration dinners; couples wanting a refined tasting-menu evening; Sunday seafood brunch,"A special-occasion dinner, a couple's tasting-menu evening or the Sunday seafood brunch",replace,Три части через «;» → одна фраза; «celebration» слито со «special-occasion»; «refined» есть в why_its_here по сути (fine dining) — убрано здесь.,wave-db 2026-10-05: style rewrite of the record's own text (rung 2); facts not re-verified,
W-mauri-restaurant-not_for,db,mauri-restaurant,not_for,budget or quick-casual diners; families wanting a relaxed early dinner,"A budget or quick casual meal, or an easy early family dinner, because Mauri is fine dining with tasting menus",replace,Две части через «;» → одна фраза с причиной из why_its_here; «relaxed» (штамп) → «easy».,wave-db 2026-10-05: style rewrite of the record's own text (rung 2); facts not re-verified,
W-merah-putih-indonesian-restaurant-why_its_here,db,merah-putih-indonesian-restaurant,why_its_here,"Modern Indonesian dining in a soaring, greenhouse-cathedral building on Jl. Petitenget in Seminyak by Inspiral Architects, with 10-metre vaulted ceilings and rainwater-filtering columns; open since 2013, its kitchen plates archipelago classics and contemporary takes — Balinese yellowfin tuna, babi guling — alongside a full cocktail and wine program.","Modern Indonesian dining on Jl. Petitenget since 2013, in a greenhouse-cathedral building by Inspiral Architects. It has 10-metre vaulted ceilings and rainwater-filtering columns. The kitchen does archipelago classics and contemporary takes, like Balinese yellowfin tuna and babi guling, with cocktails and wine.",replace,48 слов → 41; два тире (A4) и предложение на 48 слов (A7) → три. Удалены «soaring» (впечатление; высота сказана цифрой) и «full … program» (ярлык); «in Seminyak» не повторено (район карточки).,wave-db 2026-10-05: style rewrite of the record's own text (rung 2); facts not re-verified,
W-merah-putih-indonesian-restaurant-best_for,db,merah-putih-indonesian-restaurant,best_for,A dressed-up dinner or special occasion when you want refined Indonesian food in a landmark setting.,Refined Indonesian food for a special occasion or a dressed-up dinner,replace,Удалено «landmark» (H1); «when you want» убрано; точка в конце убрана.,wave-db 2026-10-05: style rewrite of the record's own text (rung 2); facts not re-verified,
W-motion-fitness-bali-seminyak-best_for,db,motion-fitness-bali-seminyak,best_for,Those who prefer class-based training in central Seminyak.,Class-based training in central Seminyak,replace,Убран зачин «Those who prefer» (F1); точка в конце убрана.,wave-db 2026-10-05: style rewrite of the record's own text (rung 2); facts not re-verified,
W-natys-restaurant-seminyak-why_its_here,db,natys-restaurant-seminyak,why_its_here,"All-day restaurant on Jl. Kayu Aya (Oberoi/Eat Street), Seminyak, serving Indonesian, seafood and European dishes; a front fishmonger display lets guests pick fresh fish for the grill. Open breakfast through late night, with cocktails and shisha.","At the front of this all-day restaurant on Jl. Kayu Aya (Oberoi/Eat Street), a fishmonger display lets you pick fresh fish for the grill. The menu is Indonesian, seafood and European, and it runs from breakfast to late night with cocktails and shisha.",replace,Предложение без глагола («Open breakfast through late night…») и предложение на 27 слов (A7) → два полных предложения; «Seminyak» не повторено (район карточки).,wave-db 2026-10-05: style rewrite of the record's own text (rung 2); facts not re-verified,
W-natys-restaurant-seminyak-best_for,db,natys-restaurant-seminyak,best_for,groups sharing grilled seafood and ribs; visitors wanting all-day/late dining on Eat Street; cocktail-and-shisha evenings,"A group sharing grilled seafood and ribs, or a late evening of cocktails and shisha on Eat Street",replace,Три части через «;» → одна фраза; убран зачин «visitors wanting» (all-day/late — в why_its_here).,wave-db 2026-10-05: style rewrite of the record's own text (rung 2); facts not re-verified,
W-natys-restaurant-seminyak-not_for,db,natys-restaurant-seminyak,not_for,diners seeking a quiet rice-field or off-strip setting,A quiet rice-field or off-strip setting — this is all-day dining on Eat Street,replace,«diners seeking» убрано; причина приложена из why_its_here.,wave-db 2026-10-05: style rewrite of the record's own text (rung 2); facts not re-verified,
W-naughty-nuris-warung-seminyak-why_its_here,db,naughty-nuris-warung-seminyak,why_its_here,"The Seminyak-area (Batu Belig) branch, opened in 2016, of the Ubud institution — known for Balinese-style barbecued pork ribs and its potent martinis, in a casual warung format.",Naughty Nuri's opened this Batu Belig branch of its Ubud original in 2016. It's a casual warung for Balinese-style barbecued pork ribs and potent martinis.,replace,Удалены «institution» (оценка) и «known for» (популярность); тире (A4) и предложение на 28 слов (A7) → два. «Seminyak-area» не повторено (район карточки); «the Ubud institution» → «its Ubud original».,wave-db 2026-10-05: style rewrite of the record's own text (rung 2); facts not re-verified,
W-naughty-nuris-warung-seminyak-best_for,db,naughty-nuris-warung-seminyak,best_for,"a group here for smoky ribs and martinis; a casual, no-fuss dinner; an easy meal soon after landing","A group out for smoky ribs and martinis, or an easy dinner soon after landing",replace,"Три части через «;» → одна фраза; «casual, no-fuss» убрано (casual есть в why_its_here).",wave-db 2026-10-05: style rewrite of the record's own text (rung 2); facts not re-verified,
W-naughty-nuris-warung-seminyak-not_for,db,naughty-nuris-warung-seminyak,not_for,"diners wanting a refined, quiet dining room, or those avoiding pork (ribs are the draw)","Anyone avoiding pork or after a refined, quiet room: ribs are the draw at this casual warung",replace,Две части → одна фраза; причина из скобок стала частью фразы.,wave-db 2026-10-05: style rewrite of the record's own text (rung 2); facts not re-verified,
W-norii-japanese-restaurant-seminyak-why_its_here,db,norii-japanese-restaurant-seminyak,why_its_here,"Japanese restaurant in Umalas, part of the Wonderspace group. Sushi, wagyu don and wagyu skewers. Robatayaki beef with charred vegetables. Cocktails built on yuzu, matcha and sake.","Part of the Wonderspace group, this Japanese restaurant in Umalas does sushi, wagyu don and wagyu skewers. Robatayaki beef comes with charred vegetables, and the cocktails are built on yuzu, matcha and sake.",replace,Три предложения без глагола (A8) → два полных. Факты те же.,wave-db 2026-10-05: style rewrite of the record's own text (rung 2); facts not re-verified,
W-pantai-kuta-why_its_here,db,pantai-kuta,why_its_here,"Bali's original and best-known beach, a long stretch of sand in Kuta, Badung, known for sunset and surf breaks close to shore.","Pantai Kuta is a long stretch of sand in Badung, with surf breaks close to shore and sunsets by the water.",replace,Удалено «Bali's original and best-known beach» (рейтинг и популярность без источника) и «known for»; закат и волны названы как факт (закат — из best_for).,wave-db 2026-10-05: style rewrite of the record's own text (rung 2); facts not re-verified,
W-pavilion-surf-club-kuta-legian-why_its_here,db,pavilion-surf-club-kuta-legian,why_its_here,"Bar in Legian. Cold beer for the game, wine with dinner and signature cocktails as the sun goes down over Legian Beach. Happy hour: COCKTAIL SPECIAL: 140K each - BUY ONE GET ONE FREE. Booking is by WhatsApp.","A Legian bar for cold beer during the game, wine with dinner and cocktails as the sun goes down over Legian Beach. At happy hour, cocktails are 140K each, buy one get one free. Booking is by WhatsApp.",replace,Шаблонное открытие «Bar in Legian.» убрано; «signature» (A10) убрано; капслок «COCKTAIL SPECIAL … BUY ONE GET ONE FREE» → обычная фраза (метка «COCKTAIL SPECIAL» удалена). Цена та же.,wave-db 2026-10-05: style rewrite of the record's own text (rung 2); facts not re-verified,
W-pavilion-surf-club-kuta-legian-best_for,db,pavilion-surf-club-kuta-legian,best_for,"An evening out for drinks, not a full sit-down meal.","Drinks as the sun goes down over Legian Beach, not a full sit-down meal",replace,"Шаблон «An evening out for drinks, not a full sit-down meal» (тот же текст у других карточек) привязан к факту записи (закат над Legian Beach); точка в конце убрана.",wave-db 2026-10-05: style rewrite of the record's own text (rung 2); facts not re-verified,
W-pison-petitenget-why_its_here,db,pison-petitenget,why_its_here,"A long-running Asian-Western café on Jl. Petitenget, open since 2014, set in a two-storey red-brick building with high ceilings and exposed beams, doing all-day brunch with an Asian twist alongside serious locally-sourced coffee — known for its espresso-avocado, crispy pork belly fried rice, and live music most nights.","Since 2014, Pison has been an Asian-Western café in a two-storey red-brick building on Jl. Petitenget, with high ceilings and exposed beams. All-day brunch has an Asian twist; the espresso-avocado and crispy pork belly fried rice are the orders. The coffee is locally sourced.",replace,"48 слов → 45; тире (A4) и предложение на 48 слов (A7) → три. Удалены «long-running» (год остался), «serious» (A10), «known for» (популярность → «the orders»), «set in» (штамп). «live music most nights» перенесено в best_for.",wave-db 2026-10-05: style rewrite of the record's own text (rung 2); facts not re-verified,
W-pison-petitenget-best_for,db,pison-petitenget,best_for,"Brunch, a good flat white, or an easy evening with cocktails and live music around Petitenget.","Brunch with a flat white, or cocktails and live music most nights around Petitenget",replace,«most nights» перенесено из why_its_here; «a good» убрано (оценка); «an easy evening» → «cocktails and live music»; точка в конце убрана.,wave-db 2026-10-05: style rewrite of the record's own text (rung 2); facts not re-verified,
W-potato-head-beach-club-why_its_here,db,potato-head-beach-club,why_its_here,"The venue that put Seminyak's beach-club scene on the map, opened in 2010 on Jl. Petitenget behind an amphitheatre facade of around 5,000 vintage teakwood shutters by architect Andra Matin, with an oceanfront infinity pool, lawn beanbags and sunset DJ sets. Now the anchor of the sustainability-minded Desa Potato Head resort, it serves cocktails and an international-meets-Indonesian menu through the day.","Potato Head Beach Club opened on Jl. Petitenget in 2010, behind an amphitheatre facade of around 5,000 vintage teakwood shutters by Andra Matin. DJs play at sunset. It anchors the Desa Potato Head resort and serves cocktails and an international-meets-Indonesian menu through the day.",replace,"60 слов → 44. Удалено «The venue that put Seminyak's beach-club scene on the map» (утверждение без источника); удалены «sustainability-minded» (ярлык курорта), «architect» (имя Andra Matin осталось). «oceanfront infinity pool» и «lawn beanbags» перенесены в best_for.",wave-db 2026-10-05: style rewrite of the record's own text (rung 2); facts not re-verified,
W-potato-head-beach-club-best_for,db,potato-head-beach-club,best_for,"Sunset drinks, DJ sessions and a daybed by the pool — best for a stylish afternoon-into-evening rather than a quiet meal.","Sunset drinks from a daybed by the oceanfront infinity pool or a beanbag on the lawn, into the evening",replace,"Удалены «best for» (оценочное слово), «stylish» (штамп) и тире; «rather than a quiet meal» перенесено в not_for; бассейн и бин-бэги — из why_its_here.",wave-db 2026-10-05: style rewrite of the record's own text (rung 2); facts not re-verified,
W-potato-head-beach-club-not_for,db,potato-head-beach-club,not_for,,A quiet meal: the afternoon runs into DJ sets and sunset drinks,replace,Новое поле из записи (ступень 2): «rather than a quiet meal» и «afternoon-into-evening» из best_for + DJ sets из why_its_here.,wave-db 2026-10-05: style rewrite of the record's own text (rung 2); facts not re-verified,
W-prana-spa-seminyak-why_its_here,db,prana-spa-seminyak,why_its_here,"One of Bali's largest and most theatrical day spas, set at Impiana Private Villas (formerly The Villas) on Jl. Kunti. Moorish-inspired interiors, domed ceilings, mosaic tiles and candle-lit corridors house an Indian- and Middle-Eastern-influenced treatment menu including traditional Ayurveda, plus plunge pools, saunas and steam rooms.","A day spa at Impiana Private Villas (formerly The Villas) on Jl. Kunti, with Moorish-inspired interiors: domed ceilings, mosaic tiles and candle-lit corridors. The treatment menu is Indian- and Middle-Eastern-influenced, including traditional Ayurveda, and there are plunge pools, saunas and steam rooms.",replace,Удалено «One of Bali's largest and most theatrical day spas» (рейтинг без источника; впечатление «theatrical» перенесено в not_for); предложение на 30 слов (A7) → два.,wave-db 2026-10-05: style rewrite of the record's own text (rung 2); facts not re-verified,
W-prana-spa-seminyak-best_for,db,prana-spa-seminyak,best_for,"Guests who want an immersive, design-forward spa half-day and are curious about Ayurvedic rituals; special-occasion pampering.","An immersive spa half-day with Ayurvedic rituals, or pampering for a special occasion",replace,"Убраны зачин «Guests who want», «design-forward» (штамп) и «curious about»; две части через «;» → одна фраза; точка в конце убрана.",wave-db 2026-10-05: style rewrite of the record's own text (rung 2); facts not re-verified,
W-prana-spa-seminyak-not_for,db,prana-spa-seminyak,not_for,"Travellers looking for a quick, low-key neighbourhood massage.","A quick, low-key neighbourhood massage — Prana is theatrical, built for a spa half-day",replace,Зачин «Travellers looking for» убран; причина из записи: «theatrical» (из why_its_here) и «spa half-day» (из best_for).,wave-db 2026-10-05: style rewrite of the record's own text (rung 2); facts not re-verified,
W-prana-spa-yoga-fitness-adjacent-seminyak-why_its_here,db,prana-spa-yoga-fitness-adjacent-seminyak,why_its_here,"The movement side of the landmark Moroccan-styled Prana Spa at Seminyak's Impiana resort, offering yoga and fitness alongside its famous spa.","The movement side of Prana Spa, the Moroccan-styled spa at Seminyak's Impiana resort: yoga and fitness alongside the treatments.",replace,Удалены «landmark» (H1) и «famous» (популярность); «offering» убрано.,wave-db 2026-10-05: style rewrite of the record's own text (rung 2); facts not re-verified,
W-prana-spa-yoga-fitness-adjacent-seminyak-best_for,db,prana-spa-yoga-fitness-adjacent-seminyak,best_for,Those who want to pair movement with a treatment at a destination spa.,Yoga or a workout paired with a treatment at a destination spa,replace,Убран зачин «Those who want» (F1); «movement» раскрыто как yoga/workout (из why_its_here); точка в конце убрана.,wave-db 2026-10-05: style rewrite of the record's own text (rung 2); facts not re-verified,
W-prana-yoga-seminyak-why_its_here,db,prana-yoga-seminyak,why_its_here,"The dedicated Yoga Centre at Prana Spa (Impiana Private Villas, Jl. Kunti 118X) — one of Seminyak's largest spas — running daily and private classes across Vinyasa, Anusara, Power Vinyasa, Meditative Flow and Sivananda in an ornate Indian/Middle-Eastern-inspired setting.","Prana Spa's dedicated Yoga Centre runs daily and private classes at Impiana Private Villas, Jl. Kunti 118X. Classes cover Vinyasa, Anusara, Power Vinyasa, Meditative Flow and Sivananda, in an ornate Indian/Middle-Eastern-inspired setting.",replace,Удалено «one of Seminyak's largest spas» (рейтинг без источника); два тире (A4) и предложение на 37 слов (A7) → два.,wave-db 2026-10-05: style rewrite of the record's own text (rung 2); facts not re-verified,
W-prana-yoga-seminyak-best_for,db,prana-yoga-seminyak,best_for,"Villa and spa guests wanting a calm, upscale yoga class they can combine with a treatment.","A calm, upscale yoga class to combine with a treatment, for villa and spa guests",replace,Зачин «Villa and spa guests wanting» перестроен: сначала момент; точка в конце убрана.,wave-db 2026-10-05: style rewrite of the record's own text (rung 2); facts not re-verified,
W-pura-kehen-why_its_here,db,pura-kehen,why_its_here,"Bangli's state temple, a multi-tiered terraced complex set into a hillside, known for antique Chinese porcelain plates set into its walls.","Pura Kehen is Bangli's state temple, a multi-tiered terraced complex set into a hillside. Antique Chinese porcelain plates are set into its walls.",replace,Убрано «known for» (формулировка популярности): тарелки в стенах названы как факт.,wave-db 2026-10-05: style rewrite of the record's own text (rung 2); facts not re-verified,
W-rai-fitness-sunset-bali-why_its_here,db,rai-fitness-sunset-bali,why_its_here,"The first mega gym in Bali, opened in 2013 by Ade Rai, a world bodybuilding champion. Life Fitness equipment and more than 40 group classes powered by Les Mills, plus zumba, pilates and yoga with licensed instructors. A pool, sauna, garden, basketball and futsal courts, and free parking. A day is 55,000 IDR and a month 699,000.","Ade Rai opened this mega gym in 2013, with Life Fitness equipment and more than 40 Les Mills classes, plus zumba, pilates and yoga. There's a pool, a sauna, basketball and futsal courts, and free parking. A day costs 55,000 IDR and a month 699,000.",replace,"56 слов → 45; фрагменты без глагола (A8) → полные предложения. Удалено «The first mega gym in Bali» (утверждение «первый на Бали» без источника, в список проверки). Удалено для длины: «a world bodybuilding champion» (в список сомнительных — у второй карточки Rai Fitness иначе), «garden», «with licensed instructors», «group» и «powered by» (Les Mills classes остались).",wave-db 2026-10-05: style rewrite of the record's own text (rung 2); facts not re-verified,
W-rai-fitness-sunset-road-seminyak-why_its_here,db,rai-fitness-sunset-road-seminyak,why_its_here,"Founded by Indonesian bodybuilding icon Ade Rai, this is one of Bali's original mega-gyms on Sunset Road: an enormous Life Fitness weight floor, big cardio section, 40+ Les Mills and other group classes, plus pool, sauna and free parking.","This mega-gym on Sunset Road was founded by Indonesian bodybuilder Ade Rai. It has an enormous Life Fitness weight floor, a big cardio section and 40+ Les Mills and other group classes. There's a pool and a sauna, and parking is free.",replace,Удалены «icon» (оценка; → «bodybuilder») и «one of Bali's original mega-gyms» (утверждение без источника); предложение на 39 слов (A7) → три.,wave-db 2026-10-05: style rewrite of the record's own text (rung 2); facts not re-verified,
W-rai-fitness-sunset-road-seminyak-best_for,db,rai-fitness-sunset-road-seminyak,best_for,"Serious lifters and travellers who want a large, fully-kitted gym with a wide class timetable and are happy to ride out to Sunset Road.","Lifters after a large, fully kitted gym with a wide class timetable, happy to ride out to Sunset Road",replace,Убраны «Serious» (A10) и «travellers who want»; точка в конце убрана.,wave-db 2026-10-05: style rewrite of the record's own text (rung 2); facts not re-verified,
W-rai-fitness-sunset-road-seminyak-not_for,db,rai-fitness-sunset-road-seminyak,not_for,Anyone wanting a small studio within walking distance of central Seminyak.,"A small studio within walking distance of central Seminyak, because the gym is big and out on Sunset Road",replace,"«Anyone wanting» убрано; причина приложена из why_its_here (Sunset Road, big).",wave-db 2026-10-05: style rewrite of the record's own text (rung 2); facts not re-verified,
W-rejuvie-aesthetic-bali-seminyak-seminyak-best_for,db,rejuvie-aesthetic-bali-seminyak-seminyak,best_for,Visitors after results-focused skin and aesthetic treatments.,Results-focused skin and aesthetic treatments,replace,"Убран зачин «Visitors after» (тот же шаблон, что «Visitors wanting»); точка в конце убрана.",wave-db 2026-10-05: style rewrite of the record's own text (rung 2); facts not re-verified,
W-revive-pilates-umalas-why_its_here,db,revive-pilates-umalas,why_its_here,"A reformer Pilates studio with an Umalas location (and one in Canggu), running a high-volume weekly schedule of reformer and mat classes across beginner to advanced levels, plus signature Gluteformer and Sweatformer formats. On-site café serves coffee, matcha and protein smoothies.","Revive's reformer Pilates studio in Umalas (there's another in Canggu) runs a high-volume weekly schedule of reformer and mat classes, beginner to advanced. Its own formats include Gluteformer and Sweatformer, and the on-site café serves coffee, matcha and protein smoothies.",replace,Убрано «signature» (A10 → «Its own formats»); предложение на 32 слова (A7) и две тройки (A5) → два предложения; «and one in Canggu» → «there's another in Canggu».,wave-db 2026-10-05: style rewrite of the record's own text (rung 2); facts not re-verified,
W-revive-pilates-umalas-best_for,db,revive-pilates-umalas,best_for,long-stay residents wanting a busy timetable and many slots; reformer regulars across all levels; those pairing a class with a café stop,"Reformer regulars at any level, or long-stay residents after a busy timetable with plenty of slots",replace,Три части через «;» → одна фраза; убран зачин «those pairing»: кафе осталось в why_its_here.,wave-db 2026-10-05: style rewrite of the record's own text (rung 2); facts not re-verified,
W-revive-pilates-umalas-not_for,db,revive-pilates-umalas,not_for,"people wanting a slow, low-intensity or spa-style wellness session","A slow, low-intensity or spa-style session. Revive runs a high-volume reformer schedule",replace,«people wanting» убрано; причина приложена из why_its_here.,wave-db 2026-10-05: style rewrite of the record's own text (rung 2); facts not re-verified,
W-revolver-seminyak-why_its_here,db,revolver-seminyak,why_its_here,"One of Seminyak's pioneering specialty-coffee cafes, open since 2012 and roasting its own beans locally, tucked down a lane off Jl. Kayu Aya. Known for its dark, timber-and-brick ""hidden bar"" interior and a hearty brunch alongside the coffee.","Down a lane off Jl. Kayu Aya, Revolver is a specialty-coffee cafe, open since 2012, that roasts its own beans locally. The interior is dark timber and brick, like a hidden bar, and the brunch is hearty.",replace,"Удалены «One of Seminyak's pioneering» (утверждение без источника), «tucked» (штамп) и «Known for» (популярность): интерьер и бранч названы как факт.",wave-db 2026-10-05: style rewrite of the record's own text (rung 2); facts not re-verified,
W-revolver-seminyak-best_for,db,revolver-seminyak,best_for,serious coffee before or after the beach; a sit-down brunch; a caffeine stop while exploring the Oberoi strip,"Coffee before or after the beach, a sit-down brunch, or a stop while exploring the Oberoi strip",replace,Убрано «serious» (A10); три части через «;» → одна фраза; «caffeine stop» → «a stop».,wave-db 2026-10-05: style rewrite of the record's own text (rung 2); facts not re-verified,
W-revolver-seminyak-not_for,db,revolver-seminyak,not_for,anyone needing a quiet laptop/work session or space for a large group,A quiet laptop session or a large group: the space suits neither,replace,Причина сказана прямо; «laptop/work» → «laptop»; начало с маленькой буквы исправлено.,wave-db 2026-10-05: style rewrite of the record's own text (rung 2); facts not re-verified,
W-rip-curl-surf-school-kuta-legian-why_its_here,db,rip-curl-surf-school-kuta-legian,why_its_here,"Kuta's long, gentle beach break is one of the classic places to learn to surf in Bali, and this school runs guided lessons with boards and instructors right off the sand in central Kuta.","Rip Curl's surf school runs guided lessons right off the sand in central Kuta, boards and instructors included. Kuta's long, gentle beach break is one of the classic places to learn to surf in Bali.",replace,"Предложение на 35 слов (A7) → два; первым идёт, что это за место.",wave-db 2026-10-05: style rewrite of the record's own text (rung 2); facts not re-verified,
W-rob-peetoom-hair-spa-bali-seminyak-why_its_here,db,rob-peetoom-hair-spa-bali-seminyak,why_its_here,"The Bali outpost (opened 2012) of Dutch salon brand Rob Peetoom, at Petitenget St No. 16 overlooking rice paddies. Set across three Balinese-village-inspired pavilions, it offers expert hair styling, colour, make-up and signature hair-and-scalp rituals.","Dutch salon brand Rob Peetoom opened this Bali outpost in 2012 at Petitenget St No. 16, overlooking rice paddies. Across three pavilions modelled on a Balinese village, it does hair styling, colour, make-up and hair-and-scalp rituals.",replace,"Удалены «expert» (оценка), «signature» (A10) и «offers» (штамп).",wave-db 2026-10-05: style rewrite of the record's own text (rung 2); facts not re-verified,
W-rob-peetoom-hair-spa-bali-seminyak-best_for,db,rob-peetoom-hair-spa-bali-seminyak,best_for,"Travellers wanting international-standard hair styling and colour, or a hair-and-scalp ritual in a scenic rice-field setting.","International-standard styling and colour, or a hair-and-scalp ritual looking over the rice fields",replace,Убраны зачин «Travellers wanting» и «scenic» (оценка); точка в конце убрана.,wave-db 2026-10-05: style rewrite of the record's own text (rung 2); facts not re-verified,
W-saia-wellness-saia-pilates-umalas-why_its_here,db,saia-wellness-saia-pilates-umalas,why_its_here,"A modern reformer Pilates studio, part of the SAIA Wellness group, with an Umalas location open seven days a week; classes run on new reformers, capped at 7 clients, across all levels with form-focused instruction. Private sessions are also offered.","The SAIA Wellness group runs this modern reformer Pilates studio in Umalas, open seven days a week. Classes on new reformers are capped at 7 clients, cover all levels and focus on form, and private sessions are available too.",replace,Предложение на 31 слово (A7) → два. Факты те же.,wave-db 2026-10-05: style rewrite of the record's own text (rung 2); facts not re-verified,
W-saia-wellness-saia-pilates-umalas-best_for,db,saia-wellness-saia-pilates-umalas,best_for,"reformer beginners through advanced who want small-group attention; travellers wanting a calm, design-led studio; those booking one-off drop-ins","Small-group reformer classes at any level in a calm, design-led studio, drop-ins included",replace,Три части через «;» → одна фраза; убран зачин «travellers wanting»; «one-off» убрано (drop-ins разовые по определению).,wave-db 2026-10-05: style rewrite of the record's own text (rung 2); facts not re-verified,
W-saia-wellness-saia-pilates-umalas-not_for,db,saia-wellness-saia-pilates-umalas,not_for,anyone seeking large open-gym or spa/massage treatments rather than structured Pilates classes,A large open gym or spa and massage treatments: the classes are structured Pilates,replace,«anyone seeking» убрано; «rather than structured Pilates classes» стало причиной.,wave-db 2026-10-05: style rewrite of the record's own text (rung 2); facts not re-verified,
W-sangsaka-why_its_here,db,sangsaka,why_its_here,"Modern Indonesian restaurant on Jl. Petitenget from Kieran and Yunika Morland, cooking heritage recipes over a wood-fired oven and charcoal grills with regional ingredients from across the archipelago — known for its beef rendang, smoked and grilled seafood, and a rooftop bar called Diatas.","Kieran and Yunika Morland's modern Indonesian restaurant on Jl. Petitenget cooks heritage recipes over a wood-fired oven and charcoal grills. Ingredients are regional, from across the archipelago. Beef rendang and smoked and grilled seafood are the dishes to order; the rooftop bar is called Diatas.",replace,Убрано «known for» (популярность → «the dishes to order»); тире (A4) и предложение на 44 слова (A7) → три. Улица Jl. Petitenget оставлена как в записи — в список сомнительных (адрес карточки: Jalan Raya Pangkung Sari).,wave-db 2026-10-05: style rewrite of the record's own text (rung 2); facts not re-verified,
W-sangsaka-best_for,db,sangsaka,best_for,A relaxed but elevated dinner for travellers wanting inventive Indonesian cooking beyond the usual tourist menus.,A dinner of inventive Indonesian cooking beyond the usual tourist menus,replace,"Удалены «elevated» (H1), «relaxed» (штамп) и зачин «travellers wanting»; точка в конце убрана.",wave-db 2026-10-05: style rewrite of the record's own text (rung 2); facts not re-verified,
W-sardine-why_its_here,db,sardine,why_its_here,"A long-running seafood restaurant on Jl. Petitenget set in a bamboo pavilion that looks out over a working rice paddy, serving fresh Indian Ocean catch (yellowfin tuna, snapper, scallops) with French technique and organic produce from its own Bedugul farm.","A seafood restaurant in a bamboo pavilion on Jl. Petitenget, looking out over a working rice paddy. The kitchen cooks fresh Indian Ocean catch, such as yellowfin tuna, snapper and scallops, with French technique and organic produce from its own Bedugul farm.",replace,Удалены «long-running» (давность без даты) и «set in» (штамп); предложение на 41 слово (A7) → два.,wave-db 2026-10-05: style rewrite of the record's own text (rung 2); facts not re-verified,
W-sate-khas-senayan-beachwalk-why_its_here,db,sate-khas-senayan-beachwalk,why_its_here,"A long-running Indonesian restaurant chain (Sarirasa Group) serving dependable, authentic classics — satay, soto, gado-gado — in an air-conditioned mall setting steps from Kuta beach. It's the reliable, family-safe Indonesian meal when you want the real thing without hunting for a warung.","A Sarirasa Group chain restaurant cooking Indonesian classics in an air-conditioned mall, steps from Kuta beach. Satay, soto and gado-gado are on the menu: a family-safe Indonesian meal without hunting for a warung.",replace,"Удалены «long-running» (давность без даты), «dependable», «authentic», «reliable» (оценки, A10) и «the real thing» (утверждение о подлинности); два тире (A4) убраны.",wave-db 2026-10-05: style rewrite of the record's own text (rung 2); facts not re-verified,
W-sate-khas-senayan-beachwalk-best_for,db,sate-khas-senayan-beachwalk,best_for,a dependable Indonesian meal in air-conditioning; families and just-landed first dinners; a safe introduction to Indonesian classics near Kuta,"A first Indonesian dinner after landing, or a family meal in air-conditioning near Kuta",replace,Три части через «;» → одна фраза; удалены «dependable» и «a safe introduction» (оценки; «family-safe» осталось в why_its_here).,wave-db 2026-10-05: style rewrite of the record's own text (rung 2); facts not re-verified,
W-sate-khas-senayan-beachwalk-not_for,db,sate-khas-senayan-beachwalk,not_for,warung prices; a romantic or scenic setting; travellers seeking a hidden local find,"Warung prices or a romantic, scenic setting: you're eating at a chain restaurant inside a mall",replace,Три части через «;» → одна фраза с причиной из why_its_here. Удалено намеренно: «travellers seeking a hidden local find» (штамп).,wave-db 2026-10-05: style rewrite of the record's own text (rung 2); facts not re-verified,
W-sea-circus-why_its_here,db,sea-circus,why_its_here,"A colourful, long-running café and bar on Jl. Kayu Aya, open since 2010, known for all-day brunch, tacos and cocktails in a playful coral-pink-striped setting; the menu runs from acai bowls, benedicts and breakfast burritos to pulled-pork and baja fish tacos, with plenty of vegan and gluten-free options.","Open since 2010, this café and bar on Jl. Kayu Aya does all-day brunch, tacos and cocktails in a playful coral-pink-striped setting. The menu runs from acai bowls, benedicts and breakfast burritos to pulled-pork and baja fish tacos, with plenty of vegan and gluten-free options.",replace,"Удалены «long-running» (год остался), «colourful» (повторяет «coral-pink-striped») и «known for» (популярность); предложение на 48 слов (A7) → два.",wave-db 2026-10-05: style rewrite of the record's own text (rung 2); facts not re-verified,
W-seminyak-yoga-shala-best_for,db,seminyak-yoga-shala,best_for,Visitors wanting accessible daily classes near the Seminyak strip.,Accessible daily classes near the Seminyak strip,replace,Убран зачин «Visitors wanting» (F1); точка в конце убрана.,wave-db 2026-10-05: style rewrite of the record's own text (rung 2); facts not re-verified,
W-shichirin-japanese-restaurant-seminyak-why_its_here,db,shichirin-japanese-restaurant-seminyak,why_its_here,"Japanese grill restaurant on Jl. Dewi Saraswati, open since January 2025. The third Shichirin on the island, after Ubud and Canggu. Teppanyaki, gyukatsu, sushi and sashimi.","A Japanese grill doing teppanyaki, gyukatsu, sushi and sashimi on Jl. Dewi Saraswati. It opened in January 2025, the third Shichirin on the island after Ubud and Canggu.",replace,Открытие-формула «Japanese grill restaurant on Jl. …» и фрагменты без глагола → два полных предложения; первым — что это за место.,wave-db 2026-10-05: style rewrite of the record's own text (rung 2); facts not re-verified,
W-sisterfields-why_its_here,db,sisterfields,why_its_here,"A long-running Australian-style cafe on Jl. Kayu Cendana in central Seminyak, opposite Seminyak Village, serving an all-day brunch menu and specialty coffee in a bright, tiled minimalist space — signature plates include truffle scrambled eggs, bacon benedict, smashed avocado and acai bowls.","Opposite Seminyak Village on Jl. Kayu Cendana, Sisterfields is an Australian-style cafe doing all-day brunch and specialty coffee. The space is bright, tiled and minimalist, and plates include truffle scrambled eggs, bacon benedict, smashed avocado and acai bowls.",replace,"Удалены «long-running» (давность без даты), «signature» (A10); тире (A4) и предложение на 42 слова (A7) → два. «in central Seminyak» не повторено (район карточки, напротив Seminyak Village).",wave-db 2026-10-05: style rewrite of the record's own text (rung 2); facts not re-verified,
W-sisterfields-best_for,db,sisterfields,best_for,"Brunch and good coffee between Seminyak shopping — a lively, dependable all-day cafe.","Brunch and coffee between Seminyak shops, at a lively all-day cafe",replace,Удалены «good» и «dependable» (оценки); тире убрано; точка в конце убрана.,wave-db 2026-10-05: style rewrite of the record's own text (rung 2); facts not re-verified,
W-soham-pilates-class-program-seminyak-best_for,db,soham-pilates-class-program-seminyak,best_for,Those who want structured Pilates within a full wellness centre.,"Structured Pilates, on the mat or on equipment, inside a full wellness centre",replace,Убран зачин «Those who want» (F1); «mat and equipment» — из why_its_here; точка в конце убрана.,wave-db 2026-10-05: style rewrite of the record's own text (rung 2); facts not re-verified,
W-soham-wellness-center-seminyak-why_its_here,db,soham-wellness-center-seminyak,why_its_here,"A ~2,500 sqm all-in-one wellness complex in Petitenget: a fully-equipped gym, a half-Olympic swimming pool, a broad group-class timetable (Pilates, HIIT, spinning, TRX, yoga, dance), a luxe spa, plus steam, sauna and hot/cold plunge pools and a healthy cafe.","An all-in-one wellness complex of about 2,500 sqm in Petitenget, with a fully equipped gym and a half-Olympic pool. The group-class timetable is broad (Pilates, HIIT, spinning, TRX, yoga, dance). A luxe spa, steam, sauna and hot/cold plunge pools sit alongside a healthy cafe.",replace,Предложение на 40 слов (A7) → три. Удалено «swimming» (pool осталось).,wave-db 2026-10-05: style rewrite of the record's own text (rung 2); facts not re-verified,
W-soham-wellness-center-seminyak-best_for,db,soham-wellness-center-seminyak,best_for,"Travellers and longer-stay guests who want gym, classes, pool and spa under one roof for a full wellness day.","A full wellness day of gym, classes, pool and spa under one roof",replace,Убран зачин «Travellers and longer-stay guests who want»; точка в конце убрана.,wave-db 2026-10-05: style rewrite of the record's own text (rung 2); facts not re-verified,
W-soham-wellness-center-seminyak-not_for,db,soham-wellness-center-seminyak,not_for,"Anyone after a quick, low-cost drop-in gym rather than a full resort-style facility.","A quick, low-cost drop-in gym rather than a full resort-style facility",replace,«Anyone after» убрано; противопоставление «rather than a full resort-style facility» осталось причиной.,wave-db 2026-10-05: style rewrite of the record's own text (rung 2); facts not re-verified,
W-soham-wellness-spa-seminyak-best_for,db,soham-wellness-spa-seminyak,best_for,"Visitors who want spa, yoga and Pilates under one Petitenget roof.","Spa, yoga and Pilates under one Petitenget roof",replace,Убран зачин «Visitors who want» (F1); точка в конце убрана.,wave-db 2026-10-05: style rewrite of the record's own text (rung 2); facts not re-verified,
W-soham-yoga-seminyak-best_for,db,soham-yoga-seminyak,best_for,Guests who want daily yoga as part of a one-stop wellness centre.,Daily yoga as part of a one-stop wellness centre,replace,"Убран зачин «Guests who want» (тот же шаблон, что «Visitors who»); точка в конце убрана.",wave-db 2026-10-05: style rewrite of the record's own text (rung 2); facts not re-verified,
W-spring-spa-seminyak-why_its_here,db,spring-spa-seminyak,why_its_here,"The Seminyak branch of Spring Spa, an island-wide chain of bright, dependable salons for nails, waxing, massage and facials at fair prices.","The Seminyak branch of Spring Spa, an island-wide chain of bright salons for nails, waxing, massage and facials at fair prices.",replace,"Удалено «dependable» (оценка, синоним «reliable»).",wave-db 2026-10-05: style rewrite of the record's own text (rung 2); facts not re-verified,
W-spring-spa-seminyak-best_for,db,spring-spa-seminyak,best_for,"Visitors wanting a reliable, walk-in mani-pedi or quick massage.",A walk-in mani-pedi or a quick massage,replace,Убраны зачин «Visitors wanting» (F1) и «reliable» (A10); точка в конце убрана.,wave-db 2026-10-05: style rewrite of the record's own text (rung 2); facts not re-verified,
W-sundari-day-spa-seminyak-why_its_here,db,sundari-day-spa-seminyak,why_its_here,"A long-running Petitenget day spa (branded Sundari Wellness) blending modern and traditional techniques with natural products, offering massages, body treatments, facials and mani-pedis across a wide menu, open late into the evening.","A Petitenget day spa, branded Sundari Wellness, that mixes modern and traditional techniques with natural products. The wide menu covers massages, body treatments, facials and mani-pedis, and it stays open late into the evening.",replace,"Удалены «long-running» (давность без даты), «blending» и «offering» (штампы); предложение на 33 слова (A7) → два.",wave-db 2026-10-05: style rewrite of the record's own text (rung 2); facts not re-verified,
W-sundari-day-spa-seminyak-best_for,db,sundari-day-spa-seminyak,best_for,"Visitors who want a full menu of treatments in one calm Petitenget address, including evening appointments after the beach.","Evening appointments after the beach, or a full menu of treatments at one calm Petitenget address",replace,Убран зачин «Visitors who want» (F1); точка в конце убрана.,wave-db 2026-10-05: style rewrite of the record's own text (rung 2); facts not re-verified,
W-the-goat-seminyak-why_its_here,db,the-goat-seminyak,why_its_here,"Bar in Seminyak. Open for Breakfast, Lunch, Dinner and Late Night Bites, with Live Music and DJ's every night from 8pm. Cake Cups is 75K IDR. Booking is on the venue's own site.","This Seminyak bar is open for breakfast, lunch, dinner and late-night bites. Live music and DJs play every night from 8pm. Cake Cups are 75K IDR, and booking is on the venue's own site.",replace,"Шаблонная карточка («Bar in Seminyak.»): заглавные буквы в обычных словах (Breakfast, Lunch, Live Music) убраны, «DJ's» → «DJs»; фрагмент-открытие стал предложением, две тройки (A5) → одна. Факты те же.",wave-db 2026-10-05: style rewrite of the record's own text (rung 2); facts not re-verified,
W-the-goat-seminyak-best_for,db,the-goat-seminyak,best_for,"An evening out for drinks, not a full sit-down meal.","Live music and drinks on a night out, not a full sit-down meal",replace,"Шаблон «An evening out for drinks, not a full sit-down meal» (тот же текст у других карточек) привязан к факту записи (live music); точка в конце убрана.",wave-db 2026-10-05: style rewrite of the record's own text (rung 2); facts not re-verified,
W-the-legian-seminyak-wellness-yoga-why_its_here,db,the-legian-seminyak-wellness-yoga,why_its_here,"Wellness by The Legian on Jl. Kayu Aya, open to outside visitors as well as hotel guests. The Studio runs daily yoga and pilates, mindfulness meditation, HIIT, aqua-aerobics and group spin; the gymnasium is kitted out with Technogym equipment and personal trainers. Steam, sauna and hot and cold plunge sit alongside a relaxation lounge, and a day pass covers pool access and classes.","Wellness by The Legian, on Jl. Kayu Aya, is open to non-guests too. Daily classes cover yoga, pilates, meditation, HIIT, aqua-aerobics and spin; the gym has Technogym equipment and personal trainers. Steam and sauna rooms and a hot/cold plunge sit beside a relaxation lounge.",replace,"63 слова → 44. «a day pass covers pool access and classes» перенесено в best_for. Удалено для длины: название зала «The Studio», «mindfulness» (meditation осталось), «group» (spin осталось), «kitted out» (→ «has»); «as well as hotel guests» → «open to non-guests too».",wave-db 2026-10-05: style rewrite of the record's own text (rung 2); facts not re-verified,
W-the-legian-seminyak-wellness-yoga-best_for,db,the-legian-seminyak-wellness-yoga,best_for,"Seminyak visitors who want a full class timetable and Technogym floor on a day pass, not only as a hotel guest.","A day pass covering the pool, the class timetable and the Technogym floor",replace,Убран зачин «Seminyak visitors who want»; что даёт дневной абонемент — из why_its_here; «not only as a hotel guest» сказано в why_its_here («open to non-guests too»); точка в конце убрана.,wave-db 2026-10-05: style rewrite of the record's own text (rung 2); facts not re-verified,
W-the-shampoo-lounge-seminyak-seminyak-why_its_here,db,the-shampoo-lounge-seminyak-seminyak,why_its_here,"Billed as Bali's original integrated salon-spa-barber (since 2012) on Jl. Raya Basangkasa, offering hair cuts, colour, keratin and extensions, plus nails, lashes, facials, massage and a men's barber, with one of Bali's largest bridal hair-and-make-up teams.","An integrated salon, spa and barber on Jl. Raya Basangkasa, running since 2012. Hair covers cuts, colour, keratin and extensions; there are also nails, lashes, facials, massage, a men's barber and a bridal hair-and-make-up team.",replace,"Удалены «Billed as Bali's original» (самоописание «первый на Бали» без источника, в список проверки) и «one of Bali's largest» (о свадебной команде, рейтинг без источника); «offering» убрано; предложение на 37 слов (A7) → два.",wave-db 2026-10-05: style rewrite of the record's own text (rung 2); facts not re-verified,
W-the-shampoo-lounge-seminyak-seminyak-best_for,db,the-shampoo-lounge-seminyak-seminyak,best_for,"Groups and families who want hair, beauty, nails and barber services together in one Seminyak spot; bridal parties.","Families and groups, bridal parties included, doing hair, beauty, nails and barber together in one Seminyak spot",replace,Две части через «;» → одна фраза («bridal parties» вошли в список); зачин «who want» убран; точка в конце убрана.,wave-db 2026-10-05: style rewrite of the record's own text (rung 2); facts not re-verified,
W-the-shampoo-lounge-seminyak-seminyak-not_for,db,the-shampoo-lounge-seminyak-seminyak,not_for,Anyone seeking a quiet single-treatment retreat.,"A quiet, single-treatment visit — hair, beauty, nails and barber all run in one place",replace,«Anyone seeking» и «retreat» (штамп) убраны; причина приложена из записи.,wave-db 2026-10-05: style rewrite of the record's own text (rung 2); facts not re-verified,
W-therapy-hair-spa-seminyak-why_its_here,db,therapy-hair-spa-seminyak,why_its_here,"Therapy's Seminyak branch, where a hair salon and a day spa share one address — cuts and colour alongside facials and massage.","Therapy's Seminyak branch, where a hair salon and a day spa share one address. Cuts and colour sit alongside facials and massage.",replace,Тире (A4) → точка. Факты те же.,wave-db 2026-10-05: style rewrite of the record's own text (rung 2); facts not re-verified,
W-therapy-hair-spa-seminyak-best_for,db,therapy-hair-spa-seminyak,best_for,Anyone wanting hair and beauty under one roof in Seminyak.,Hair and beauty under one roof in Seminyak,replace,Убран зачин «Anyone wanting» (тот же шаблон); точка в конце убрана.,wave-db 2026-10-05: style rewrite of the record's own text (rung 2); facts not re-verified,
W-think-pink-nails-seminyak-why_its_here,db,think-pink-nails-seminyak,why_its_here,"The Seminyak flagship of Think Pink on Jl. Batu Belig — manicures, pedicures, BIAB and nail art alongside hair and skin services, with a private Netflix room for treatments.","Think Pink runs its Seminyak flagship on Jl. Batu Belig, doing manicures, pedicures, BIAB and nail art. It also does hair and skin, and there's a private Netflix room for treatments. A separate Think Pink branch runs in Canggu.",replace,Тире (A4) и предложение на 28 слов (A7) → три. «a separate Think Pink branch runs in Canggu» перенесено из best_for.,wave-db 2026-10-05: style rewrite of the record's own text (rung 2); facts not re-verified,
W-think-pink-nails-seminyak-best_for,db,think-pink-nails-seminyak,best_for,"A colourful, well-priced mani-pedi or nail-art session in central Seminyak; a separate Think Pink branch runs in Canggu.","A colourful, well-priced mani-pedi or nail-art session in central Seminyak",replace,Вторая часть через «;» (филиал в Canggu) перенесена в why_its_here; точка в конце убрана.,wave-db 2026-10-05: style rewrite of the record's own text (rung 2); facts not re-verified,
W-think-pink-salon-and-nails-bali-why_its_here,db,think-pink-salon-and-nails-bali,why_its_here,"A long-running nail, hair and skin salon offering manicures, pedicures, BIAB and nail art with an extensive polish range, plus hair and skin services. Rooms include a private space for a treatment while watching Netflix.","A nail salon in Batu Belig with an extensive polish range for manicures, pedicures, BIAB and nail art. Hair and skin services run alongside, and there's a private room for watching Netflix during a treatment.",replace,Удалены «long-running» (давность без даты) и «offering» (штамп); две тройки (A5) → одна. Район Batu Belig — из адреса карточки.,wave-db 2026-10-05: style rewrite of the record's own text (rung 2); facts not re-verified,
W-think-pink-salon-and-nails-bali-best_for,db,think-pink-salon-and-nails-bali,best_for,"nails, lash and beauty appointments; friends going together for a pampering session; travellers wanting a wide gel/BIAB and nail-art menu","A nail, lash or gel/BIAB appointment, or a nail-art session with friends",replace,"Три части через «;» → одна фраза; убраны «pampering» (штамп), «beauty» (общее слово), «wide … menu» и зачин «travellers wanting».",wave-db 2026-10-05: style rewrite of the record's own text (rung 2); facts not re-verified,
W-think-pink-salon-and-nails-bali-not_for,db,think-pink-salon-and-nails-bali,not_for,walk-ins expecting immediate slots (advance booking is advised); those wanting massage/spa-focused wellness rather than salon services,"Walk-ins expecting an immediate slot, or a massage-focused spa visit: booking ahead is advised, and the focus is salon work",replace,Две части через «;» → одна фраза; причины из скобок и «rather than salon services» стали частью фразы.,wave-db 2026-10-05: style rewrite of the record's own text (rung 2); facts not re-verified,
W-to-the-moon-cafe-why_its_here,db,to-the-moon-cafe,why_its_here,"Cafe in Umalas serving signature sushi rolls alongside Western plates. Beef and salmon steaks, gourmet burgers, pancakes and smoothie bowls. Dine-in, takeaway and delivery, with free parking.","Sushi rolls share the menu with Western plates at this Umalas cafe on Jl. Bumbak: beef and salmon steaks, gourmet burgers, pancakes and smoothie bowls. It does takeaway and delivery as well as dine-in, and parking is free.",replace,Открытие-формула «Cafe in Umalas» и три фрагмента без глагола (A8) → два полных предложения; «signature» (A10) убрано. Улица — из адреса карточки.,wave-db 2026-10-05: style rewrite of the record's own text (rung 2); facts not re-verified,
W-vincent-nigita-why_its_here,db,vincent-nigita,why_its_here,"A French patisserie inside Kanvaz resort from Bordeaux-trained pastry chef Vincent Nigita, pairing classical French technique with Indonesian flavours. Classic pastries sit alongside a weekend tea-room experience of plated desserts.","Bordeaux-trained pastry chef Vincent Nigita runs this French patisserie inside Kanvaz resort, pairing classical French technique with Indonesian flavours. Classic pastries sit alongside plated desserts in a weekend tea room.",replace,Удалено «experience» (штамп); «from … chef» → «runs». Факты те же.,wave-db 2026-10-05: style rewrite of the record's own text (rung 2); facts not re-verified,
W-vincent-nigita-best_for,db,vincent-nigita,best_for,afternoon pastry and tea; a sweet treat with care; a calm indulgent pause; a special sweet moment,"Afternoon pastry and tea, or plated desserts in the weekend tea room",replace,"Четыре части через «;» → одна фраза. Удалены пустые формулы: «a sweet treat with care», «a calm indulgent pause», «a special sweet moment». Десерты и чайная — из why_its_here.",wave-db 2026-10-05: style rewrite of the record's own text (rung 2); facts not re-verified,
W-vincent-nigita-not_for,db,vincent-nigita,not_for,a full savoury meal or a budget-casual bite; those after a quick grab-and-go snack,"A full savoury meal, a budget bite or a quick grab-and-go snack: the kitchen makes pastries and plated desserts",replace,Две части через «;» → одна фраза с причиной из why_its_here; «budget-casual» → «budget».,wave-db 2026-10-05: style rewrite of the record's own text (rung 2); facts not re-verified,
W-w-bali-wellness-yoga-why_its_here,db,w-bali-wellness-yoga,why_its_here,"The yoga and class programme at W Bali in Seminyak, run out of FIT, the resort's 24-hour gym overlooking the Indian Ocean. Weekly classes cover Hatha, Vinyasa and Power yoga, with sunrise sessions on the schedule; guests also report HIIT and strength classes. Access includes a steam room, an oxygen room and warm and cold plunge pools, and AWAY Spa runs private meditation sessions.","W Bali's yoga and class programme runs out of FIT, the resort's 24-hour gym overlooking the Indian Ocean. Weekly classes cover Hatha, Vinyasa and Power yoga, with sunrise sessions on the schedule. There's an oxygen room too, and AWAY Spa runs private meditation sessions.",replace,62 слова → 43. «Access includes» убрано: парилка и плунж-бассейны — в best_for. Удалено «guests also report HIIT and strength classes» — пересказ отзывов (guardrail #2). Парилка и плунж-бассейны остались в best_for; удалено «warm and cold» при них; «in Seminyak» не повторено (район карточки).,wave-db 2026-10-05: style rewrite of the record's own text (rung 2); facts not re-verified,
W-w-bali-wellness-yoga-best_for,db,w-bali-wellness-yoga,best_for,Seminyak guests who want ocean-view classes at sunrise plus plunge pools and a steam room afterwards.,"Ocean-view classes at sunrise, then the plunge pools and steam room",replace,Убран зачин «Seminyak guests who want»; точка в конце убрана.,wave-db 2026-10-05: style rewrite of the record's own text (rung 2); facts not re-verified,
W-waroeng-bernadette-why_its_here,db,waroeng-bernadette,why_its_here,"A homestyle Indonesian warung on Jl. Kayu Aya in Seminyak, known for a 12-hour slow-cooked beef rendang alongside oxtail soup, rawon and corn fritters — everything cooked traditionally from scratch, with adjustable spice levels and plenty of vegetarian and vegan options.","This homestyle Indonesian warung on Jl. Kayu Aya cooks everything traditionally from scratch, and the spice level is adjustable. Its 12-hour slow-cooked beef rendang leads a menu of oxtail soup, rawon, corn fritters and plenty of vegetarian and vegan options.",replace,"Открытие-формула «… warung on Jl. Kayu Aya in Seminyak» перестроено; «known for» (популярность) → «leads a menu»; тире (A4), две тройки (A5) и предложение на 40 слов (A7) → два предложения.",wave-db 2026-10-05: style rewrite of the record's own text (rung 2); facts not re-verified,
W-waroeng-bernadette-best_for,db,waroeng-bernadette,best_for,"A relaxed sit-down lunch or dinner for travellers wanting approachable, spice-adjustable Indonesian classics in central Seminyak.","A sit-down lunch or dinner of approachable Indonesian classics, spice adjusted to taste, in central Seminyak",replace,Удалены «relaxed» (штамп) и зачин «travellers wanting»; точка в конце убрана.,wave-db 2026-10-05: style rewrite of the record's own text (rung 2); facts not re-verified,
W-waroeng-sulawesi-petitenget-why_its_here,db,waroeng-sulawesi-petitenget,why_its_here,"A self-service warung on Petitenget serving home-cooked Sulawesi and Indonesian dishes — walk the counter and build a plate with white, yellow or red rice. Known for spicy regional plates.","A self-service warung on Petitenget with home-cooked Sulawesi and Indonesian dishes. You walk the counter and build a plate on white, yellow or red rice, and the regional plates run spicy.",replace,Убрано «Known for» (популярность): острота названа как факт; тире (A4) → точка.,wave-db 2026-10-05: style rewrite of the record's own text (rung 2); facts not re-verified,
W-waroeng-sulawesi-petitenget-best_for,db,waroeng-sulawesi-petitenget,best_for,adventurous eaters wanting spicy regional (Sulawesi) cooking; a budget lunch; solo diners and self-serve fans,"Spicy Sulawesi cooking for a budget lunch, solo or self-serve",replace,Три части через «;» → одна фраза; убран зачин «adventurous eaters wanting».,wave-db 2026-10-05: style rewrite of the record's own text (rung 2); facts not re-verified,
W-waroeng-sulawesi-petitenget-not_for,db,waroeng-sulawesi-petitenget,not_for,diners who dislike heat and spice; anyone wanting full table service or a polished room,"Anyone who dislikes heat and spice, or wants table service and a polished room. It's a self-service warung",replace,Две части через «;» → одна фраза; причина приложена из why_its_here.,wave-db 2026-10-05: style rewrite of the record's own text (rung 2); facts not re-verified,
W-warung-enys-why_its_here,db,warung-enys,why_its_here,"A small family-run warung on Petitenget known for a soulful nasi campur, run by Ibu Eny and her husband with an open kitchen and mostly local produce, cooked fresh daily.","Ibu Eny and her husband run this small family warung on Petitenget, with an open kitchen and mostly local produce, cooked fresh daily. Nasi campur is the plate to order.",replace,Удалены «known for» (популярность → «the plate to order») и «soulful» (впечатление); предложение на 30 слов (A7) → два.,wave-db 2026-10-05: style rewrite of the record's own text (rung 2); facts not re-verified,
W-warung-enys-best_for,db,warung-enys,best_for,"travellers wanting a personal, home-cooked nasi campur; couples or small groups; those curious about the open kitchen","Couples or a small group over home-cooked nasi campur, with the open kitchen in view",replace,Три части через «;» → одна фраза; убраны зачин «travellers wanting» и «personal» (оценка).,wave-db 2026-10-05: style rewrite of the record's own text (rung 2); facts not re-verified,
W-warung-enys-not_for,db,warung-enys,not_for,large groups (very small space); diners wanting a fast in-and-out or a fixed printed menu,"Large groups, since the space is small, or diners after a fast in-and-out or a fixed printed menu",replace,Причина из скобок стала частью фразы; «very» (A3) убрано.,wave-db 2026-10-05: style rewrite of the record's own text (rung 2); facts not re-verified,
W-warung-kampung-legian-why_its_here,db,warung-kampung-legian,why_its_here,A Balinese-run local warung in Legian known for its nasi goreng and mie goreng at everyday prices.,"Nasi goreng and mie goreng at everyday prices, from a Balinese-run local warung in Legian.",replace,Убрано «known for» (формулировка популярности): блюда и цены названы как факт.,wave-db 2026-10-05: style rewrite of the record's own text (rung 2); facts not re-verified,
W-warung-melati-nakula-why_its_here,db,warung-melati-nakula,why_its_here,"A family-run Javanese warung in a quiet alley on the Seminyak–Legian border, cooking from early morning so nasi campur and sides are ready by late morning. Advertised as non-MSG and halal.","In a quiet alley on the Seminyak–Legian border, this family-run warung cooks Javanese food. The kitchen starts early in the morning, so nasi campur and sides are ready by late morning. It is advertised as non-MSG and halal.",replace,Предложение на 26 слов (A7) → два; «Javanese warung» → «cooks Javanese food»; «Advertised as…» без подлежащего → полное предложение.,wave-db 2026-10-05: style rewrite of the record's own text (rung 2); facts not re-verified,
W-warung-melati-nakula-best_for,db,warung-melati-nakula,best_for,halal diners; a midday lunch (best around 12–1pm); travellers wanting simple home-style Javanese food,"Halal diners, or anyone after simple home-style Javanese food, ideally at lunch around 12–1pm",replace,Три части через «;» → одна фраза; «a midday lunch (best around 12–1pm)» → «ideally at lunch around 12–1pm» (оценочное «best» убрано); убран зачин «travellers wanting».,wave-db 2026-10-05: style rewrite of the record's own text (rung 2); facts not re-verified,
W-warung-melati-nakula-not_for,db,warung-melati-nakula,not_for,"late-night diners (kitchen winds down by early evening); anyone specifically after Balinese pork dishes (halal, no pork)","Late-night diners or anyone after Balinese pork dishes, because the kitchen winds down by early evening and it is halal, with no pork",replace,Две части через «;» → одна фраза; причины из скобок стали частью фразы; «specifically» убрано.,wave-db 2026-10-05: style rewrite of the record's own text (rung 2); facts not re-verified,
W-warung-murah-petitenget-best_for,db,warung-murah-petitenget,best_for,budget diners; a quick local lunch after the beach; travellers who like choosing dishes by sight,Choosing dishes by sight for a quick budget lunch after the beach,replace,Три части через «;» → одна фраза; убран зачин «travellers who like».,wave-db 2026-10-05: style rewrite of the record's own text (rung 2); facts not re-verified,
W-warung-murah-petitenget-not_for,db,warung-murah-petitenget,not_for,late arrivals (best dishes go early); diners wanting table service or a set menu,"Late arrivals, since dishes go early, or anyone wanting table service or a set menu",replace,Причина из скобок стала частью фразы; удалено «best» (оценка: «best dishes go early» → «dishes go early»).,wave-db 2026-10-05: style rewrite of the record's own text (rung 2); facts not re-verified,
W-warung-nia-balinese-food-and-pork-ribs-why_its_here,db,warung-nia-balinese-food-and-pork-ribs,why_its_here,"A casual Balinese warung in Kayu Aya Square on Jl. Kayu Aya (the Oberoi strip), best known for slow-cooked, spice-marinated pork ribs sold by weight with a range of chilli levels, plus babi guling, satay and rijsttafel.","A casual Balinese warung in Kayu Aya Square on Jl. Kayu Aya, the Oberoi strip. The pork ribs are slow-cooked and spice-marinated, sold by weight with a choice of chilli levels. Babi guling, satay and rijsttafel are on the menu too.",replace,Удалены «best known for» (популярность) и «a range of» (штамп → «a choice of»); предложение на 36 слов (A7) → три.,wave-db 2026-10-05: style rewrite of the record's own text (rung 2); facts not re-verified,
W-warung-nia-balinese-food-and-pork-ribs-best_for,db,warung-nia-balinese-food-and-pork-ribs,best_for,"A relaxed, well-priced local lunch or dinner for travellers wanting authentic Balinese pork ribs without the fine-dining setting.","Balinese pork ribs at a well-priced local lunch or dinner, without the fine-dining setting",replace,"Удалены «relaxed» (штамп), «authentic» (оценка) и зачин «travellers wanting»; точка в конце убрана.",wave-db 2026-10-05: style rewrite of the record's own text (rung 2); facts not re-verified,
W-warung-taman-bambu-why_its_here,db,warung-taman-bambu,why_its_here,"A tucked-away pick-and-mix warung off the main road where you choose dishes from a cabinet, with nasi campur and Indonesian home-cooking the core, in a calmer garden-style setting.","Off the main road, this pick-and-mix warung has a calmer, garden-style setting. You choose dishes from a cabinet, and nasi campur and Indonesian home cooking are the core.",replace,Удалено «tucked-away» (штамп); предложение на 29 слов (A7) → два.,wave-db 2026-10-05: style rewrite of the record's own text (rung 2); facts not re-verified,
W-warung-taman-bambu-best_for,db,warung-taman-bambu,best_for,a budget lunch away from the crowds; vegetarians (multiple veg options); couples or small groups wanting a quiet local meal,"A quiet budget lunch away from the crowds for a couple or a small group, vegetarians included",replace,Три части через «;» → одна фраза; «multiple veg options» → «vegetarians included» (удалено «multiple»).,wave-db 2026-10-05: style rewrite of the record's own text (rung 2); facts not re-verified,
W-warung-taman-bambu-not_for,db,warung-taman-bambu,not_for,diners wanting evening or late service (closes early evening); anyone expecting à-la-carte ordering,"Evening or late service, or à-la-carte ordering. It closes early evening, and you pick from a cabinet",replace,Две части через «;» → одна фраза; причины из скобок и why_its_here стали частью фразы.,wave-db 2026-10-05: style rewrite of the record's own text (rung 2); facts not re-verified,
W-warung-wardani-why_its_here,db,warung-wardani,why_its_here,"A decades-old Denpasar warung known for nasi campur Bali, plated with items such as satay, dendeng and vegetables over rice. It is a longtime local institution also recognised for serving halal Balinese food, open daytime only.","Decades old and open in the daytime only, this Denpasar warung on Jl. Yudistira serves halal Balinese food. The nasi campur Bali comes with items such as satay, dendeng and vegetables over rice.",replace,"Удалены «known for» (популярность), «longtime local institution» и «recognised for» (оценки). Улица — из адреса карточки.",wave-db 2026-10-05: style rewrite of the record's own text (rung 2); facts not re-verified,
W-warung-wardani-best_for,db,warung-wardani,best_for,authentic Balinese nasi campur; quick local lunch; halal Balinese food; solo or budget dining,"Halal Balinese nasi campur for a quick lunch, solo or on a budget",replace,Четыре части через «;» → одна фраза; удалено «authentic» (оценка).,wave-db 2026-10-05: style rewrite of the record's own text (rung 2); facts not re-verified,
W-warung-wardani-not_for,db,warung-wardani,not_for,dinner or late-night meals; alcohol and a bar scene; an upscale or scenic setting,"Dinner, late-night meals, alcohol or an upscale, scenic setting — it is a daytime-only warung",replace,Три части через «;» → одна фраза с причиной из why_its_here. Удалено намеренно: «a bar scene» (alcohol осталось).,wave-db 2026-10-05: style rewrite of the record's own text (rung 2); facts not re-verified,
W-watercress-seminyak-why_its_here,db,watercress-seminyak,why_its_here,"A spacious, work-friendly brunch on Seminyak's northern Batu Belig edge — easy for a longer catch-up or a laptop morning.","A spacious, work-friendly brunch spot on Seminyak's northern edge, in Batu Belig. It suits a longer catch-up or a laptop morning.",replace,Тире (A4) → два предложения; «easy for» → «suits». Факты те же.,wave-db 2026-10-05: style rewrite of the record's own text (rung 2); facts not re-verified,
W-watercress-seminyak-best_for,db,watercress-seminyak,best_for,"A longer, spacious brunch; a work-friendly morning; groups; a north-Seminyak stay","A long brunch or a laptop morning, for a group or anyone staying in north Seminyak",replace,Четыре части через «;» → одна фраза; «spacious» не повторено (есть в why_its_here).,wave-db 2026-10-05: style rewrite of the record's own text (rung 2); facts not re-verified,
W-watercress-seminyak-not_for,db,watercress-seminyak,not_for,A five-minute walk from Eat Street — it sits on the northern edge of the cluster,Anyone who wants to be within a five-minute walk of Eat Street: it sits on the northern edge of the cluster,replace,"Поле было сформулировано как факт, а не как «кому не подходит»; смысл тот же, тире → двоеточие.",wave-db 2026-10-05: style rewrite of the record's own text (rung 2); facts not re-verified,
W-yoga-108-bali-kuta-legian-why_its_here,db,yoga-108-bali-kuta-legian,why_its_here,A drop-in yoga studio in the Kuta-Legian area -- useful when you want a single class without committing to a multi-day retreat.,"A drop-in yoga studio in the Kuta-Legian area, for a single class without committing to a multi-day retreat.",replace,Двойной дефис «--» убран; «useful when you want» → «for». Факты те же.,wave-db 2026-10-05: style rewrite of the record's own text (rung 2); facts not re-verified,
W-yoga-108-bali-seminyak-why_its_here,db,yoga-108-bali-seminyak,why_its_here,"An authentic, unpretentious drop-in studio in central Seminyak (Jl. Drupadi 108) with daily classes across Hatha, Vinyasa, Ashtanga, Yin and meditation for all levels, plus a Yoga Alliance 200-hour teacher training, workshops and retreats.","An unpretentious drop-in studio at Jl. Drupadi 108 in central Seminyak, with daily classes for all levels. Hatha, Vinyasa, Ashtanga, Yin and meditation run alongside a Yoga Alliance 200-hour teacher training, workshops and retreats.",replace,Удалено «authentic» (оценка); предложение на 34 слова (A7) → два.,wave-db 2026-10-05: style rewrite of the record's own text (rung 2); facts not re-verified,
W-yoga-108-bali-seminyak-best_for,db,yoga-108-bali-seminyak,best_for,"Drop-in travellers of any level who want traditional, non-heated yoga in the heart of Seminyak with mats and props provided.","Traditional, non-heated yoga at any level in the heart of Seminyak, mats and props provided",replace,Убран зачин «Drop-in travellers of any level who want»; точка в конце убрана.,wave-db 2026-10-05: style rewrite of the record's own text (rung 2); facts not re-verified,
W-you-spa-umalas-why_its_here,db,you-spa-umalas,why_its_here,"A day spa in Umalas offering Balinese and holistic body massages, body masks, facials, plus hair and nail treatments, using its own line of natural products. Signature options include a Sport Massage and a ""Black Room"" experience.","An Umalas day spa that works with its own line of natural products. Treatments include Balinese and holistic body massages, body masks, facials, and hair and nail care. The spa's own options include a Sport Massage and a ""Black Room"" session.",replace,"Удалены «offering», «signature» (A10) и «experience» (штампы; «signature options» → «the spa's own options», «Black Room» → «session», без переклассификации в процедуру); предложение на 26 слов (A7) → три.",wave-db 2026-10-05: style rewrite of the record's own text (rung 2); facts not re-verified,
W-you-spa-umalas-best_for,db,you-spa-umalas,best_for,travellers wanting a full-service massage/facial session between Seminyak and Canggu; those after signature or longer ritual treatments; residents booking recurring spa time,"A full massage or facial session between Seminyak and Canggu, or recurring spa time for residents",replace,Три части через «;» → одна фраза; убраны «signature» (A10) и зачин «travellers wanting». Удалено намеренно: «longer ritual treatments» (вторая аудитория).,wave-db 2026-10-05: style rewrite of the record's own text (rung 2); facts not re-verified,
W-you-spa-umalas-not_for,db,you-spa-umalas,not_for,anyone looking for active fitness/Pilates rather than treatment-based relaxation,Active fitness or Pilates — the menu is treatment-based relaxation,replace,«anyone looking for» убрано; «rather than treatment-based relaxation» стало причиной.,wave-db 2026-10-05: style rewrite of the record's own text (rung 2); facts not re-verified,
