unit_id,surface,slug_or_path,field,before,after,action,reason,source,decision
W-8lements-spa-saranam-why_its_here,db,8lements-spa-saranam,why_its_here,"The spa at HOMM Saranam in the Bedugul highlands, run under Banyan Group's 8LEMENTS wellness brand with Banyan Tree Academy-trained therapists, set on a rooftop overlooking rice terraces and mountains. Open to non-guests.","A rooftop spa at HOMM Saranam in the Bedugul highlands, looking out over rice terraces and mountains. It runs under Banyan Group's 8LEMENTS wellness brand, with therapists trained at the Banyan Tree Academy. Non-guests are welcome.",replace,One 30-word sentence split into three; 'set on a rooftop overlooking' now opens the card as 'A rooftop spa'. No fact dropped.,wave-db 2026-10-05: style rewrite of the record's own text (rung 2); facts not re-verified,ДА
W-8lements-spa-saranam-best_for,db,8lements-spa-saranam,best_for,"A highland spa session with a rice-terrace view, on a Bedugul or North Bali day trip.",A highland spa session with a rice-terrace view on a Bedugul or North Bali day trip,replace,Trailing full stop removed (best_for is set inside a sentence); wording unchanged.,wave-db 2026-10-05: style rewrite of the record's own text (rung 2); facts not re-verified,ДА
W-air-terjun-tegenungan-why_its_here,db,air-terjun-tegenungan,why_its_here,"A waterfall about 10 kilometres outside Ubud, next to Tegenungan village, Gianyar — big falls with steps down, one of the easiest waterfalls on the island to reach.","A big waterfall beside Tegenungan village in Gianyar, about 10 kilometres outside Ubud. It is easy to reach, and steps take you down to the falls.",replace,"Em dash removed and a 27-word sentence split. Dropped: 'one of the easiest waterfalls on the island to reach' (island-wide ranking, no source); kept as 'easy to reach', which the live best_for already says.",wave-db 2026-10-05: style rewrite of the record's own text (rung 2); facts not re-verified,ДА
W-air-terjun-tegenungan-best_for,db,air-terjun-tegenungan,best_for,an easy waterfall stop near Ubud; travellers who want falls without a trek,A waterfall stop near Ubud for anyone who wants falls without a trek,replace,'travellers who' opener and the semicolon removed; 'easy' moved to why_its_here.,wave-db 2026-10-05: style rewrite of the record's own text (rung 2); facts not re-verified,ДА
W-akar-ubud-why_its_here,db,akar-ubud,why_its_here,A jungle-setting restaurant north of Ubud with a clear breakfast-and-dinner decision and a special-occasion atmosphere.,"Akar is a jungle restaurant at Kedisan in Tegallalang, north of Ubud. It does breakfast and dinner, and the setting suits a special occasion.",replace,"Generator phrasing removed ('a clear breakfast-and-dinner decision', 'special-occasion atmosphere'); Kedisan and Tegallalang come from the card's own area line. No fact dropped.",wave-db 2026-10-05: style rewrite of the record's own text (rung 2); facts not re-verified,ДА
W-akar-ubud-best_for,db,akar-ubud,best_for,Travellers looking for jungle views and a destination dinner.,A destination dinner with jungle views,replace,'Travellers looking for' opener (F1) removed; trailing full stop removed; same two facts.,wave-db 2026-10-05: style rewrite of the record's own text (rung 2); facts not re-verified,ДА
W-akar-ubud-not_for,db,akar-ubud,not_for,People wanting a central Ubud walk-in lunch.,"A walk-in lunch while you are in central Ubud, because it is out of town to the north",replace,'People wanting' opener removed; reason attached from why_its_here (north of Ubud).,wave-db 2026-10-05: style rewrite of the record's own text (rung 2); facts not re-verified,ДА
W-alchemy-why_its_here,db,alchemy,why_its_here,"Ubud's clearest dietary-first breakfast — a fully plant-based, gluten-free menu with a customisable raw breakfast bar and transparent pricing.","Alchemy is a breakfast spot in Penestanan where the whole menu is plant-based and gluten-free. At the raw breakfast bar you choose what goes on your plate, and the prices are clear before you order.",replace,Dropped the ranking claim 'Ubud's clearest dietary-first breakfast' and the em dash; Penestanan comes from the card's area line; 'customisable' and 'transparent pricing' restated in plain words.,wave-db 2026-10-05: style rewrite of the record's own text (rung 2); facts not re-verified,ДА
W-alchemy-best_for,db,alchemy,best_for,Plant-based and gluten-free diners; a post-yoga breakfast; a customisable healthy start; off-peak laptop time,"A plant-based, gluten-free meal, a breakfast after yoga, or laptop time off-peak",replace,Four-part semicolon chain made one 'or' list with each fit kept separate. Dropped 'healthy' (label) and 'diners'; 'customisable' is now carried by why_its_here.,wave-db 2026-10-05: style rewrite of the record's own text (rung 2); facts not re-verified,ДА
W-alchemy-yoga-and-meditation-center-ubud-why_its_here,db,alchemy-yoga-and-meditation-center-ubud,why_its_here,"A Penestanan yoga and meditation centre rooted in tantra and Hatha yoga, with a full daily class menu, meditation, sound healing and a weekly ecstatic-dance night; affiliated with the well-known Alchemy raw-vegan cafe next door.","A Penestanan centre for yoga and meditation, with its roots in tantra and Hatha yoga. There is a full timetable of classes every day, plus meditation, sound healing and a weekly ecstatic-dance night. It is affiliated with the Alchemy raw-vegan cafe next door.",replace,"A 35-word sentence split in three. Dropped 'well-known' (popularity claim, no source); 'full daily class menu' restated as a full timetable of classes every day.",wave-db 2026-10-05: style rewrite of the record's own text (rung 2); facts not re-verified,ДА
W-alchemy-yoga-and-meditation-center-ubud-best_for,db,alchemy-yoga-and-meditation-center-ubud,best_for,"Practitioners drawn to tantra-influenced yoga, meditation and community events like ecstatic dance, with a plant-based meal next door.","Practitioners drawn to tantra-influenced yoga and community events like ecstatic dance, with a plant-based meal next door",replace,Trailing full stop removed; 'meditation' left to why_its_here.,wave-db 2026-10-05: style rewrite of the record's own text (rung 2); facts not re-verified,ДА
W-alchemy-yoga-meditation-center-why_its_here,db,alchemy-yoga-meditation-center,why_its_here,"A yoga and meditation centre in Penestanan, Ubud with two bamboo shalas, running daily drop-in classes across Hatha and Tantra vinyasa, Yin, meditation, ecstatic dance and sound-healing ceremonies, plus multi-class passes and Yoga Alliance 200hr and 300hr teacher trainings.","This yoga and meditation centre in Penestanan teaches in two bamboo shalas. Drop-in classes run every day across Hatha and Tantra vinyasa, Yin, meditation, ecstatic dance and sound-healing ceremonies. There are multi-class passes and Yoga Alliance teacher trainings at 200hr and 300hr.",replace,A 39-word sentence split in three. 'Ubud' after Penestanan dropped from the sentence (it is the card's district).,wave-db 2026-10-05: style rewrite of the record's own text (rung 2); facts not re-verified,ДА
W-alchemy-yoga-meditation-center-best_for,db,alchemy-yoga-meditation-center,best_for,"drop-in practitioners staying in Ubud or Penestanan; travellers wanting a varied daily class schedule without committing to a retreat; those interested in meditation, sound healing or teacher training",Drop-in practitioners staying in Ubud or Penestanan who want a varied daily schedule without committing to a retreat,replace,"Three-part semicolon chain cut to one clause; 'travellers wanting' and 'those interested in' openers removed. The meditation, sound-healing and teacher-training part now sits in why_its_here.",wave-db 2026-10-05: style rewrite of the record's own text (rung 2); facts not re-verified,ДА
W-alchemy-yoga-meditation-center-not_for,db,alchemy-yoga-meditation-center,not_for,anyone after a gym-style or purely fitness workout; visitors wanting a beach or nightlife scene,A gym-style fitness workout or a beach and nightlife scene. This is yoga and meditation in Penestanan,replace,Semicolon list made one clause with the reason attached; 'visitors wanting' opener and 'purely' dropped.,wave-db 2026-10-05: style rewrite of the record's own text (rung 2); facts not re-verified,ДА
W-anomali-coffee-ubud-why_its_here,db,anomali-coffee-ubud,why_its_here,"An Indonesian specialty-coffee roaster founded in Jakarta in 2007, now with outlets across Indonesia; its Ubud cafe pours single-origin beans sourced from across the archipelago with a rotating regional-origin selection.","The Jalan Raya Ubud café of Anomali, an Indonesian specialty-coffee roaster founded in Jakarta in 2007 that now has outlets across Indonesia. Its single-origin beans come from all over the archipelago, and the regions on offer rotate.",replace,A 30-word sentence split in two; the street (Jalan Raya Ubud) moved in from not_for. No fact dropped.,wave-db 2026-10-05: style rewrite of the record's own text (rung 2); facts not re-verified,ДА
W-anomali-coffee-ubud-best_for,db,anomali-coffee-ubud,best_for,"Coffee-focused travelers who want to compare Indonesian single-origin beans (Aceh, Bali, Toraja, Java) in one sitting, plus casual all-day breakfast.","Comparing single origins from Aceh, Bali, Toraja and Java in one sitting, or a casual all-day breakfast",replace,'Coffee-focused travelers who' opener removed and the clause starts with the moment; 'Indonesian' left to why_its_here; trailing full stop removed.,wave-db 2026-10-05: style rewrite of the record's own text (rung 2); facts not re-verified,ДА
W-anomali-coffee-ubud-not_for,db,anomali-coffee-ubud,not_for,"Travelers wanting a jungle or rice-field view setting — this is a street-front, town-café atmosphere on Jalan Raya Ubud.","A jungle or rice-field view, because this is a street-front café in town",replace,'Travelers wanting' opener and 'atmosphere' removed; the street name now sits in why_its_here.,wave-db 2026-10-05: style rewrite of the record's own text (rung 2); facts not re-verified,ДА
W-bali-barber-ubud-why_its_here,db,bali-barber-ubud,why_its_here,"Bali Barber's central-Ubud shop, where men can get a proper cut, beard work or a traditional hot-towel shave.","Bali Barber's shop in central Ubud, where men can walk in for a cut, beard work or a traditional hot-towel shave.",replace,"'proper' (soft word, A10) removed; 'walk-in' moved in from best_for.",wave-db 2026-10-05: style rewrite of the record's own text (rung 2); facts not re-verified,ДА
W-bali-barber-ubud-best_for,db,bali-barber-ubud,best_for,Men wanting a reliable walk-in barber in central Ubud.,A men's cut or shave in central Ubud without booking ahead,replace,"'reliable' (soft word, A10) removed; 'Men wanting' opener turned into the moment; trailing full stop removed.",wave-db 2026-10-05: style rewrite of the record's own text (rung 2); facts not re-verified,ДА
W-bali-bohemia-why_its_here,db,bali-bohemia,why_its_here,"A boutique-hotel restaurant and bakery next to the Sacred Monkey Forest Sanctuary, built around fresh, wholesome East-Mediterranean-inspired cooking with a plant-forward focus, plus a standalone bakery arm and live-music evenings.","A boutique hotel's restaurant and bakery beside the Sacred Monkey Forest Sanctuary. The cooking is East-Mediterranean in style and leans plant-forward. The bakery also runs on its own, and some evenings have live music.",replace,"A 30-word sentence split in three. Dropped 'fresh, wholesome' (evaluation) and 'built around' framing.",wave-db 2026-10-05: style rewrite of the record's own text (rung 2); facts not re-verified,ДА
W-bali-bohemia-best_for,db,bali-bohemia,best_for,"Health-conscious travellers wanting a plant-forward breakfast, bakery pastries, or a relaxed dinner with live music in a colourful, creative setting.","A plant-forward breakfast, bakery pastries, or dinner with live music in a colourful, creative setting",replace,'Health-conscious travellers wanting' opener and 'relaxed' removed; trailing full stop removed.,wave-db 2026-10-05: style rewrite of the record's own text (rung 2); facts not re-verified,ДА
W-bali-bohemia-not_for,db,bali-bohemia,not_for,"Guests wanting a strictly local Balinese/Indonesian menu or a quiet, music-free dinner.","A strictly Balinese or Indonesian menu, or a quiet dinner: the food is East-Mediterranean and some evenings have live music",replace,'Guests wanting' opener removed; reason attached from why_its_here; 'music-free' restated.,wave-db 2026-10-05: style rewrite of the record's own text (rung 2); facts not re-verified,ДА
W-bali-botanica-spa-why_its_here,db,bali-botanica-spa,why_its_here,Day spa established in 2006 on the Sanggingan ridge overlooking jungle and rice fields; relaunched in 2024 under Oneworld Ayurveda as an Ayurvedic day spa combining Balinese and Ayurvedic treatments and programs.,"An Ayurvedic day spa on the Sanggingan ridge that looks over jungle and rice fields. It opened in 2006, and in 2024 it was relaunched under Oneworld Ayurveda with Balinese and Ayurvedic treatments and programs.",replace,"A 32-word sentence split in two; 'established' restated as 'opened', 'combining' as 'with'. No fact dropped.",wave-db 2026-10-05: style rewrite of the record's own text (rung 2); facts not re-verified,ДА
W-bali-botanica-spa-best_for,db,bali-botanica-spa,best_for,Travellers wanting Ayurvedic treatments or day programs in a jungle-and-rice-field setting on the Sanggingan side of Ubud.,"Ayurvedic treatments or a day program on the Sanggingan side of Ubud, with jungle and rice-field views",replace,'Travellers wanting' opener removed; trailing full stop removed.,wave-db 2026-10-05: style rewrite of the record's own text (rung 2); facts not re-verified,ДА
W-bebek-bengil-why_its_here,db,bebek-bengil,why_its_here,"The Ubud restaurant that popularised Balinese-style crispy duck, open since 1990, set among rice-paddy garden pavilions. The duck is steamed in Indonesian spices then deep-fried until the skin crackles while the meat stays tender.","Bebek Bengil is a duck restaurant in Ubud, open since 1990, with dining pavilions in a rice-paddy garden. Its Balinese-style crispy duck is steamed in Indonesian spices, then deep-fried until the skin crackles and the meat stays tender.",replace,"Dropped 'the Ubud restaurant that popularised Balinese-style crispy duck' (origin and popularity claim, no source; on the fact-check list); 'set among' removed.",wave-db 2026-10-05: style rewrite of the record's own text (rung 2); facts not re-verified,ДА
W-bebek-bengil-best_for,db,bebek-bengil,best_for,first taste of balinese crispy duck; rice-paddy garden dinner; groups sharing regional dishes; visitors near monkey forest,"A first taste of Balinese crispy duck, or a group dinner of shared regional dishes near the Monkey Forest",replace,Four-fragment semicolon list made one clause; 'rice-paddy garden' now only in why_its_here.,wave-db 2026-10-05: style rewrite of the record's own text (rung 2); facts not re-verified,ДА
W-bebek-bengil-not_for,db,bebek-bengil,not_for,"diners who want a quiet hidden local warung; vegetarians, since the menu centres on duck and meat","Vegetarians, since the menu centres on duck and meat, or anyone looking for a quiet local warung",replace,Semicolon list made one clause; 'hidden' dropped (cliché).,wave-db 2026-10-05: style rewrite of the record's own text (rung 2); facts not re-verified,ДА
W-big-dragon-villas-ubud-why_its_here,db,big-dragon-villas-ubud,why_its_here,"A boutique villa retreat in the rice paddies at Pejeng near Tampaksiring, a short drive from central Ubud, with 17 rooms and suites set around an infinity pool. Opened in 2025.","A boutique villa property in the rice paddies at Pejeng, near Tampaksiring, opened in 2025. Its 17 rooms and suites sit around an infinity pool, and central Ubud is a short drive away.",replace,'retreat' replaced by 'property'; a 28-word sentence and the fragment 'Opened in 2025.' rebuilt as two sentences. No fact dropped.,wave-db 2026-10-05: style rewrite of the record's own text (rung 2); facts not re-verified,ДА
W-big-dragon-villas-ubud-best_for,db,big-dragon-villas-ubud,best_for,"A quiet, nature-facing stay near Ubud with pool and rice-field views, away from the town centre.","A quiet stay away from the centre of Ubud, with views over the pool and rice fields",replace,'nature-facing' dropped (label); trailing full stop removed.,wave-db 2026-10-05: style rewrite of the record's own text (rung 2); facts not re-verified,ДА
W-cafe-wayan-and-bakery-why_its_here,db,cafe-wayan-and-bakery,why_its_here,"Established in 1986 on Monkey Forest Road, a long-running Ubud institution with a bakery out front and a rice-paddy-view garden behind, serving a wide Indonesian/Thai/Italian menu plus a Sunday-evening traditional Balinese buffet.","Open since 1986 on Monkey Forest Road, this restaurant has a bakery out front and a garden behind that looks over rice paddies. The menu is wide, running across Indonesian, Thai and Italian, and Sunday evenings bring a traditional Balinese buffet.",replace,Dropped 'a long-running Ubud institution' (evaluation; the 1986 date stays); a 32-word sentence split in two.,wave-db 2026-10-05: style rewrite of the record's own text (rung 2); facts not re-verified,ДА
W-cafe-wayan-and-bakery-best_for,db,cafe-wayan-and-bakery,best_for,"Groups or families wanting an easy, established garden restaurant with a broad menu and a well-known dessert to share.",Groups or families after a garden meal with a broad menu and a dessert to share,replace,"Dropped 'well-known' before the dessert (popularity claim) and 'easy, established' (evaluation); trailing full stop removed.",wave-db 2026-10-05: style rewrite of the record's own text (rung 2); facts not re-verified,ДА
W-cafe-wayan-and-bakery-not_for,db,cafe-wayan-and-bakery,not_for,"Diners seeking a quiet, intimate table (it's a large, high-turnover tourist institution).","A quiet, intimate table: it is a large place with a fast turnover of tourists",replace,'Diners seeking' opener removed; the bracketed reason became the joint; 'institution' dropped.,wave-db 2026-10-05: style rewrite of the record's own text (rung 2); facts not re-verified,ДА
W-cantika-zest-why_its_here,db,cantika-zest,why_its_here,"Streamside jungle spa at the edge of Penestanan village that makes and uses its own organic, garden-sourced skincare products across massage, facials, scrubs and outdoor flower baths, with a garden tour option.","A jungle spa beside a stream on the edge of Penestanan village. It makes its own organic skincare from garden-sourced ingredients and uses it for massages, facials, scrubs and outdoor flower baths. A garden tour is also an option.",replace,A 32-word sentence split in three. No fact dropped.,wave-db 2026-10-05: style rewrite of the record's own text (rung 2); facts not re-verified,ДА
W-cantika-zest-best_for,db,cantika-zest,best_for,"Eco-minded travellers who want natural, organic products in a quiet Penestanan garden setting.","A treatment with natural, organic products in a quiet Penestanan garden",replace,"'Eco-minded travellers who' opener removed; 'a treatment' covers the whole menu (massage, facials, scrubs, flower baths); trailing full stop removed.",wave-db 2026-10-05: style rewrite of the record's own text (rung 2); facts not re-verified,ДА
W-casa-luna-why_its_here,db,casa-luna,why_its_here,"Ubud's most enduring restaurant, opened in 1992 by food writer Janet DeNeefe on Jalan Raya Ubud; the menu moves between authentic Balinese cuisine (nasi campur, ceremonial curries, slow-cooked spice-paste dishes) and a modern Mediterranean side, with pastries from the sister Honeymoon Bakery.","Food writer Janet DeNeefe opened this restaurant on Jalan Raya Ubud in 1992. The menu moves between Balinese cooking, from nasi campur to ceremonial curries and slow-cooked spice-paste dishes, and a modern Mediterranean side. Pastries come from Honeymoon Bakery, its sister business.",replace,"Dropped 'Ubud's most enduring restaurant' (ranking claim, no source) and 'authentic' (evaluation); a 42-word sentence split in three.",wave-db 2026-10-05: style rewrite of the record's own text (rung 2); facts not re-verified,ДА
W-casa-luna-best_for,db,casa-luna,best_for,"Travellers wanting a genuine, long-established Balinese dining experience in the centre of Ubud, from breakfast through dinner.","A Balinese meal in central Ubud, from breakfast through to dinner",replace,"'Travellers wanting a genuine, long-established … experience' removed; trailing full stop removed.",wave-db 2026-10-05: style rewrite of the record's own text (rung 2); facts not re-verified,ДА
W-casa-luna-not_for,db,casa-luna,not_for,"Very budget-conscious travellers looking for street-warung prices (a well-known, mid-range destination restaurant).","A meal at street-warung prices, because this is a mid-range destination restaurant",replace,"Dropped 'Very' (intensifier, A3) and 'well-known' (popularity claim); 'budget-conscious travellers' restated as street-warung prices; the bracketed reason became the joint.",wave-db 2026-10-05: style rewrite of the record's own text (rung 2); facts not re-verified,ДА
W-cascades-why_its_here,db,cascades,why_its_here,"The gourmet restaurant of Viceroy Bali (also branded as part of CasCades Suites), perched atop the Valley of the Kings about five minutes' drive from central Ubud, pairing panoramic jungle-valley views with a Balinese Rijsttafel tasting menu and Western dishes built on produce from its own organic gardens.","Viceroy Bali's restaurant, also branded as part of CasCades Suites, sits above the Valley of the Kings with jungle views. Central Ubud is about five minutes' drive away. The kitchen does a Balinese Rijsttafel tasting menu and Western dishes, with produce from its own organic gardens.",replace,"Dropped 'gourmet', 'perched' and 'panoramic' (adjectives doing a fact's job); a 48-word sentence split in three.",wave-db 2026-10-05: style rewrite of the record's own text (rung 2); facts not re-verified,ДА
W-cascades-best_for,db,cascades,best_for,"Couples or small groups wanting a scenic, sit-down valley-view meal with a curated Indonesian tasting format.",Couples or a small group sitting down to the Indonesian tasting menu with a valley view,replace,Dropped 'scenic' and 'curated'; trailing full stop removed.,wave-db 2026-10-05: style rewrite of the record's own text (rung 2); facts not re-verified,ДА
W-cascades-not_for,db,cascades,not_for,"Travellers without their own transport looking for a walk-in meal in central Ubud, or budget diners.","Budget diners, or anyone without their own transport hoping to walk in from central Ubud: it is a five-minute drive out",replace,'Travellers … looking for' removed; reason attached (the five minutes' drive from why_its_here).,wave-db 2026-10-05: style rewrite of the record's own text (rung 2); facts not re-verified,ДА
W-clear-cafe-why_its_here,db,clear-cafe,why_its_here,A long-running healthy and international café on Hanoman with a clear wellness angle.,"Healthy, international food with a wellness focus, at a café on Jl. Hanoman in central Ubud.",replace,"Dropped 'long-running' (no date in the record) and 'clear' (generator tic); 'central Ubud' moved in from best_for, 'Jl.' from the area line.",wave-db 2026-10-05: style rewrite of the record's own text (rung 2); facts not re-verified,ДА
W-clear-cafe-best_for,db,clear-cafe,best_for,Healthy casual meals and café time in central Ubud.,"A healthy, casual meal or time at a café table",replace,Trailing full stop removed; location moved to why_its_here.,wave-db 2026-10-05: style rewrite of the record's own text (rung 2); facts not re-verified,ДА
W-clear-cafe-not_for,db,clear-cafe,not_for,People seeking a formal fine-dining experience.,Formal fine dining. This is a casual café,replace,'People seeking … experience' removed; reason attached from best_for (casual).,wave-db 2026-10-05: style rewrite of the record's own text (rung 2); facts not re-verified,ДА
W-coco-nails-ubud-why_its_here,db,coco-nails-ubud,why_its_here,"An Ubud nail salon offering manicures, pedicures and nail art in a central location.","Manicures, pedicures and nail art at an Ubud nail salon in a central location.",replace,'offering' removed. No fact dropped.,wave-db 2026-10-05: style rewrite of the record's own text (rung 2); facts not re-verified,ДА
W-coco-nails-ubud-best_for,db,coco-nails-ubud,best_for,"A quick, well-priced mani-pedi between Ubud's shops and cafés.",A quick mani-pedi between Ubud's shops and cafés,replace,Dropped 'well-priced' (price evaluation with no figure).,wave-db 2026-10-05: style rewrite of the record's own text (rung 2); facts not re-verified,ДА
W-como-shambhala-at-como-uma-ubud-yoga-ubud-best_for,db,como-shambhala-at-como-uma-ubud-yoga-ubud,best_for,"Guests and visitors wanting refined, resort-level yoga above the valley.","A resort yoga class above the valley, for guests and visitors alike",replace,'Guests and visitors wanting' opener and 'refined' dropped; trailing full stop removed. why_its_here left as is (plain and specific).,wave-db 2026-10-05: style rewrite of the record's own text (rung 2); facts not re-verified,ДА
W-como-uma-ubud-fitness-why_its_here,db,como-uma-ubud-fitness,why_its_here,"The fitness centre at COMO Uma Ubud, fitted with current cardio and strength machines and backed by the COMO Shambhala wellness programme. A resident fitness instructor builds private sessions for any level, from beginner upward. The same wellness area holds an open-air yoga pavilion, steam rooms and a 25-metre pool.","COMO Uma Ubud's fitness centre has current cardio and strength machines, with the COMO Shambhala wellness programme behind it. A resident instructor builds private sessions for any level. In the same wellness area are an open-air yoga pavilion, steam rooms and a 25-metre pool.",replace,"50 words cut to 44 (standard 20–45): 'from beginner upward' dropped (the same fact as 'any level'), 'fitness' before 'instructor' dropped; 'fitted with' and 'backed by' restated.",wave-db 2026-10-05: style rewrite of the record's own text (rung 2); facts not re-verified,ДА
W-como-uma-ubud-fitness-best_for,db,como-uma-ubud-fitness,best_for,"Guests in Ubud who want machine-based training with a resident instructor, alongside a jungle-facing yoga pavilion.","Guests in Ubud who want machine-based training with a resident instructor, alongside a jungle-facing yoga pavilion",replace,Trailing full stop removed; wording unchanged.,wave-db 2026-10-05: style rewrite of the record's own text (rung 2); facts not re-verified,ДА
W-dala-spa-beauty-at-alaya-ubud-ubud-best_for,db,dala-spa-beauty-at-alaya-ubud-ubud,best_for,Resort visitors wanting salon-and-beauty treatments alongside a spa day.,A salon or beauty treatment added to a spa day at the resort,replace,'Resort visitors wanting' opener removed; trailing full stop removed. why_its_here left as is (plain and specific).,wave-db 2026-10-05: style rewrite of the record's own text (rung 2); facts not re-verified,ДА
W-dicarik-warung-why_its_here,db,dicarik-warung,why_its_here,"A rice-field-walk warung on Jl. Kajeng (Subak Juwuk Manis) north of central Ubud, run by a mother-daughter team, known primarily for its hands-on Balinese cooking class (garden spice ID, 7 dishes + 2 drinks) alongside a la carte Balinese food such as betutu bebek.","A warung on Jl. Kajeng, on the rice-field walk north of central Ubud, run by a mother-daughter team. The hands-on Balinese cooking class teaches the garden spices, then 7 dishes and 2 drinks. There is à la carte Balinese food too, such as betutu bebek.",replace,Dropped 'known primarily for' (popularity framing; the class itself stays) and 'Subak Juwuk Manis' (still on the card's area line); a 43-word sentence split in three; 'garden spice ID' written out.,wave-db 2026-10-05: style rewrite of the record's own text (rung 2); facts not re-verified,ДА
W-dicarik-warung-best_for,db,dicarik-warung,best_for,"travelers wanting a hands-on Balinese cooking class amid rice fields, or pre-ordered betutu bebek","A hands-on Balinese cooking class among the rice fields, or betutu bebek ordered ahead",replace,'travelers wanting' opener removed; 'pre-ordered' restated as 'ordered ahead'.,wave-db 2026-10-05: style rewrite of the record's own text (rung 2); facts not re-verified,ДА
W-dicarik-warung-not_for,db,dicarik-warung,not_for,those wanting walk-in a-la-carte dining without any advance notice,"A walk-in à la carte meal, because dishes like betutu bebek are ordered in advance",replace,'those wanting' opener removed; reason attached from best_for (betutu bebek is pre-ordered).,wave-db 2026-10-05: style rewrite of the record's own text (rung 2); facts not re-verified,ДА
W-donna-ubud-why_its_here,db,donna-ubud,why_its_here,"A restaurant, lounge and rooftop bar in the middle of Jalan Monkey Forest blending Mediterranean and Latin American cuisine, open daily from late morning until late, with a Friday-night club upstairs and shisha available after 4pm.","In the middle of Jalan Monkey Forest, Donna is a restaurant, lounge and rooftop bar with a Mediterranean and Latin American menu. It opens daily from late morning until late. Shisha is served after 4pm, and the upstairs becomes a club on Friday nights.",replace,Dropped 'blending' (brochure verb); 'cuisine' → 'menu'; a 36-word sentence split in three. No fact dropped.,wave-db 2026-10-05: style rewrite of the record's own text (rung 2); facts not re-verified,ДА
W-donna-ubud-best_for,db,donna-ubud,best_for,Groups or couples wanting a stylish dinner with cocktails and a lively nightlife atmosphere in central Ubud.,Groups or couples after dinner and cocktails that turn into a lively night out in central Ubud,replace,Dropped 'stylish' and 'atmosphere'; 'Groups or couples wanting' opener reworded; trailing full stop removed.,wave-db 2026-10-05: style rewrite of the record's own text (rung 2); facts not re-verified,ДА
W-donna-ubud-not_for,db,donna-ubud,not_for,"Guests wanting a quiet, early, low-key dinner (the venue turns into a nightclub on Friday nights).","A quiet, early, low-key dinner: on Friday nights the venue turns into a nightclub",replace,'Guests wanting' opener removed; the bracketed reason became the joint.,wave-db 2026-10-05: style rewrite of the record's own text (rung 2); facts not re-verified,ДА
W-four-seasons-resort-bali-at-sayan-fitness-why_its_here,db,four-seasons-resort-bali-at-sayan-fitness,why_its_here,"The Fitness Hub at Four Seasons Resort Bali at Sayan, a 536 sq m facility set high above the Ayung River with jungle views. Complimentary for guests, it holds a 75 sq m gym with Life Fitness and Prima Fit equipment, three private studios with trainers, a pilates studio with reformers, rings, weights and spine barrel, and a recovery room with ice bath, steam room, sauna, an infrared zero-gravity lounger and a PEMF mat. Locker rooms have steam and sauna, and a Fit Bar serves the floor.","The Fitness Hub at Four Seasons Sayan, high above the Ayung River, is free for resort guests. Beyond the gym there are three private studios with trainers and a reformer pilates studio. The recovery room has an ice bath, a sauna and a steam room.",replace,"87 words cut to 45 (standard 20–45); the 50-word middle sentence is gone. Dropped for length (all still in the old text): the 536 sq m and 75 sq m sizes, the Life Fitness and Prima Fit equipment, rings, weights and spine barrel in the pilates studio, the infrared zero-gravity lounger and the PEMF mat, steam and sauna in the locker rooms, the Fit Bar, and 'with jungle views'.",wave-db 2026-10-05: style rewrite of the record's own text (rung 2); facts not re-verified,ДА
W-four-seasons-resort-bali-at-sayan-fitness-best_for,db,four-seasons-resort-bali-at-sayan-fitness,best_for,"Ubud-valley guests who want a full training and recovery set-up, from reformer pilates to ice bath, without leaving the resort.","Guests who want a full training and recovery set-up, from reformer pilates to an ice bath, without leaving the resort",replace,'Ubud-valley' dropped; trailing full stop removed.,wave-db 2026-10-05: style rewrite of the record's own text (rung 2); facts not re-verified,ДА
W-gajah-putih-ubud-why_its_here,db,gajah-putih-ubud,why_its_here,"Restaurant in Ubud. The kitchen is described as modern gourmet cuisine. The published menu runs to 8 priced items — Pairing Alcohol Malam/Lingkaran, Pairing Non Alcohol Malam/Lingkaran and Pairing Wine Malam. Pairing Wine Malam is 400K IDR. Booking is on the venue's own site.","An Ubud restaurant whose cooking is billed as modern gourmet cuisine. Its published menu lists 8 priced items, including alcohol, non-alcohol and wine pairings; Pairing Wine Malam is 400K IDR. Booking is on the restaurant's own website.",replace,"Category-formula opener 'Restaurant in Ubud.' and the em dash removed. Dropped the item names 'Pairing Alcohol Malam/Lingkaran' and 'Pairing Non Alcohol Malam/Lingkaran' (kept as 'alcohol, non-alcohol … pairings'). Unchanged doubt: the live not_for says the menu starts at 400K IDR, but 400K is the wine pairing.",wave-db 2026-10-05: style rewrite of the record's own text (rung 2); facts not re-verified,ДА
W-gajah-putih-ubud-best_for,db,gajah-putih-ubud,best_for,"A special-occasion dinner, not a quick casual meal.",A special-occasion dinner,replace,'not a quick casual meal' moved out: the live not_for already says 'A cheap casual meal'; 'quick' dropped; trailing full stop removed.,wave-db 2026-10-05: style rewrite of the record's own text (rung 2); facts not re-verified,ДА
W-gajah-putih-ubud-not_for,db,gajah-putih-ubud,not_for,A cheap casual meal — the menu starts at 400K IDR.,A cheap casual meal,replace,"Only change to the live text. | 2026-10-08 founder rule 1: removed ""the menu starts at 400K IDR"" (400K IDR is the Pairing Wine Malam price in the card's own spend and why_its_here, not the menu's starting price)",founder decision 2026-10-08,ДА
W-gelato-secrets-ubud-why_its_here,db,gelato-secrets-ubud,why_its_here,"Artisanal Italian gelato brand that opened its first Bali shop in Ubud in 2009, making fresh daily gelato/sorbetto from all-natural ingredients, including Indonesian-inspired flavors like black rice and coconut pandan.","Gelato Secrets is an Italian gelato brand that opened its shop in Ubud in 2009. The gelato and sorbetto are made fresh every day from all-natural ingredients. Some flavours are Indonesian-inspired, such as black rice and coconut pandan.",replace,"Dropped 'Artisanal' (marketing label); a 30-word sentence split in three; 'gelato/sorbetto' written out. | 2026-10-08 founder rule 2: removed ""first Bali"" ('first' claim with no source in the record)",wave-db 2026-10-05: style rewrite of the record's own text (rung 2); facts not re-verified,ДА
W-gelato-secrets-ubud-best_for,db,gelato-secrets-ubud,best_for,"A dessert or cool-down stop for families and travelers after sightseeing (e.g., near Monkey Forest / Jalan Raya Ubud).","A cool-down dessert after sightseeing, for families and everyone else, for example near Monkey Forest or Jalan Raya Ubud",replace,"'Families and travelers' kept as 'families and everyone else'; the '(e.g., …)' bracket written out as 'for example'; trailing full stop removed.",wave-db 2026-10-05: style rewrite of the record's own text (rung 2); facts not re-verified,ДА
W-heart-space-bali-why_its_here,db,heart-space-bali,why_its_here,"A calm, holistic studio at the Pengosekan/Nyuh Kuning corner specialising in slower, restorative practice, sound and Balinese healing.","A calm, holistic studio on the corner where Pengosekan meets Nyuh Kuning. It specialises in slower, restorative practice, sound and Balinese healing.",replace,Split into two sentences; 'at the Pengosekan/Nyuh Kuning corner' written out. No fact dropped.,wave-db 2026-10-05: style rewrite of the record's own text (rung 2); facts not re-verified,ДА
W-heart-space-bali-best_for,db,heart-space-bali,best_for,"Those wanting gentle Yin and restorative yoga, sound baths and cacao or healing ceremonies rather than a vigorous flow.","Gentle Yin and restorative yoga, sound baths, or a cacao or healing ceremony",replace,'Those wanting' opener removed; 'rather than a vigorous flow' moved out (the not_for says it).,wave-db 2026-10-05: style rewrite of the record's own text (rung 2); facts not re-verified,ДА
W-heart-space-bali-not_for,db,heart-space-bali,not_for,"Practitioners after a strong, athletic or heated class.","A strong, athletic or heated class, because the practice here is slow and restorative",replace,'Practitioners after' opener removed; reason attached from why_its_here.,wave-db 2026-10-05: style rewrite of the record's own text (rung 2); facts not re-verified,ДА
W-hujan-locale-why_its_here,db,hujan-locale,why_its_here,"A modern Indonesian restaurant in Ubud Center by chef Will Meyrick, housed in a stylishly renovated two-story building (bar downstairs, dining room with temple and street views upstairs), reworking street-food flavours from Java, Sumatra, Sulawesi and Bali with modern presentation and locally sourced ingredients.","Will Meyrick's modern Indonesian restaurant in central Ubud, in a renovated two-storey building. The bar is downstairs; upstairs, the dining room looks over a temple and the street. The kitchen reworks street-food flavours from Java, Sumatra, Sulawesi and Bali with local ingredients and modern presentation.",replace,Dropped 'stylishly' (adjective); the bracketed floor plan became its own sentence; a 44-word sentence split in three. 'Ubud Center' → 'central Ubud'.,wave-db 2026-10-05: style rewrite of the record's own text (rung 2); facts not re-verified,ДА
W-hujan-locale-best_for,db,hujan-locale,best_for,"Travellers wanting an elevated, chef-driven take on Indonesian regional cooking for a dinner or shared meal.",A dinner or shared meal of chef-driven Indonesian regional cooking,replace,"Dropped 'elevated' (hype, H1) and the 'Travellers wanting' opener; trailing full stop removed.",wave-db 2026-10-05: style rewrite of the record's own text (rung 2); facts not re-verified,ДА
W-hujan-locale-not_for,db,hujan-locale,not_for,"Diners wanting a cheap, no-frills traditional warung experience.","A cheap, no-frills warung meal: this is a chef's restaurant",replace,'Diners wanting … experience' removed; reason attached from why_its_here.,wave-db 2026-10-05: style rewrite of the record's own text (rung 2); facts not re-verified,ДА
W-ibu-rai-why_its_here,db,ibu-rai,why_its_here,"A long-running restaurant and gallery on Jalan Monkey Forest founded by the family of Ibu Rai (born 1925, who ran a food stall near Ubud Palace); opened as a restaurant in 1992 and now serves a fusion of Indonesian specialties and European dishes in a central, art-filled setting.","Ibu Rai, born in 1925, ran a food stall near Ubud Palace; her family founded this restaurant and gallery on Jalan Monkey Forest. It opened as a restaurant in 1992, and Indonesian specialties share the menu with European dishes in a room full of art.",replace,"Dropped 'long-running' (the dates stay) and 'fusion' (label); a 48-word sentence with a bracketed aside rebuilt as two, opening with Ibu Rai herself.",wave-db 2026-10-05: style rewrite of the record's own text (rung 2); facts not re-verified,ДА
W-ibu-rai-best_for,db,ibu-rai,best_for,"Travellers wanting an easy, centrally located sit-down meal that mixes Indonesian classics with familiar European comfort dishes.",A sit-down meal in the centre of town that mixes Indonesian classics with familiar European comfort dishes,replace,'Travellers wanting an easy' removed; trailing full stop removed.,wave-db 2026-10-05: style rewrite of the record's own text (rung 2); facts not re-verified,ДА
W-ibu-rai-not_for,db,ibu-rai,not_for,"Guests wanting a quiet, private table away from Ubud's busiest tourist strip.","A quiet, private table, because it sits on Ubud's busy tourist strip",replace,'Guests wanting' opener removed; reason attached; 'busiest' → 'busy' (superlative about the street dropped).,wave-db 2026-10-05: style rewrite of the record's own text (rung 2); facts not re-verified,ДА
W-jaens-spa-why_its_here,db,jaens-spa,why_its_here,"Popular 'affordable luxury' Balinese spa with several Ubud outlets near the Monkey Forest, offering Balinese massage, facials, body care and full-day packages with free Ubud-area transport.","A Balinese spa with several outlets near the Monkey Forest, pitched as 'affordable luxury'. The menu covers Balinese massage, facials, body care and full-day packages with free transport in the Ubud area.",replace,"Dropped 'Popular' (popularity claim, no source) and 'offering'; 'affordable luxury' kept as the spa's own pitch; a 26-word sentence split.",wave-db 2026-10-05: style rewrite of the record's own text (rung 2); facts not re-verified,ДА
W-jaens-spa-best_for,db,jaens-spa,best_for,Couples and travellers wanting a polished but affordable spa day near the Monkey Forest.,"A polished but affordable spa day near the Monkey Forest, as a couple or on your own",replace,'Couples and travellers wanting' opener restated as 'as a couple or on your own'; 'polished but affordable' kept; trailing full stop removed.,wave-db 2026-10-05: style rewrite of the record's own text (rung 2); facts not re-verified,ДА
W-karsa-spa-why_its_here,db,karsa-spa,why_its_here,"Open-air spa sat among rice fields at the end of the Campuhan Ridge Walk, founded in 2012 and known for deep-tissue shiatsu, Balinese, Thai and sports massage plus Reiki and chakra healing using organic and Ayurvedic oils.","An open-air spa in the rice fields at the end of the Campuhan Ridge Walk, founded in 2012. Massage runs from deep-tissue shiatsu to Balinese, Thai and sports styles. Reiki and chakra healing are offered too, and the oils used are organic and Ayurvedic.",replace,Dropped 'known for' (popularity framing; the treatments stay) and 'sat among'; a 37-word sentence split in three.,wave-db 2026-10-05: style rewrite of the record's own text (rung 2); facts not re-verified,ДА
W-karsa-spa-best_for,db,karsa-spa,best_for,"Walkers finishing the Campuhan Ridge Walk, and couples who want a rice-field, open-air massage setting away from the town noise.","Walkers finishing the Campuhan Ridge Walk, or couples after an open-air massage in the rice fields away from town noise",replace,"Trailing full stop removed; 'a rice-field, open-air massage setting' tightened.",wave-db 2026-10-05: style rewrite of the record's own text (rung 2); facts not re-verified,ДА
W-karsa-spa-not_for,db,karsa-spa,not_for,Travellers who need a central in-town location or same-day walk-in; it is a ~30-minute walk out and books up days ahead.,A same-day walk-in from central Ubud: it is about a 30-minute walk out and books up days ahead,replace,'Travellers who need' opener removed; '~30-minute' written as 'about a 30-minute'.,wave-db 2026-10-05: style rewrite of the record's own text (rung 2); facts not re-verified,ДА
W-kojin-teppanyaki-restaurant-ubud-by-wonderspace-why_its_here,db,kojin-teppanyaki-restaurant-ubud-by-wonderspace,why_its_here,"Japanese restaurant at Kenderan, named after Kojin, a Japanese god of fire. Teppanyaki, kaiseki and omakase, cooked at the counter. Billed as the first irori grill in Bali. Open for lunch and dinner.","Named after Kojin, a Japanese god of fire, this restaurant in Kenderan cooks teppanyaki, kaiseki and omakase at the counter. It opens for lunch and dinner.",replace,"Four short sentences, three of them verbless (A8), rebuilt as two. No fact dropped. | 2026-10-08 founder rule 2: removed ""is billed as the first irori grill in Bali"" ('first' claim with no source in the record)",wave-db 2026-10-05: style rewrite of the record's own text (rung 2); facts not re-verified,ДА
W-kush-ayurveda-yoga-barn-why_its_here,db,kush-ayurveda-yoga-barn,why_its_here,"Ayurveda-focused spa inside The Yoga Barn where therapists first assess your dosha and then tailor treatments - Abhyanga, Shirodhara, hot-stone Shila massage and Ayurvedic facials with freshly prepared botanicals.","An Ayurvedic spa inside The Yoga Barn, where the therapists assess your dosha first and tailor the treatment to it. Abhyanga, Shirodhara, hot-stone Shila massage and Ayurvedic facials with freshly prepared botanicals are on the list.",replace,'Ayurveda-focused' → 'Ayurvedic'; the spaced hyphen inside a 28-word sentence replaced by a full stop. No fact dropped.,wave-db 2026-10-05: style rewrite of the record's own text (rung 2); facts not re-verified,ДА
W-kush-ayurveda-yoga-barn-best_for,db,kush-ayurveda-yoga-barn,best_for,"Yoga Barn visitors and travellers who specifically want authentic Ayurvedic treatment (dosha consultation, Shirodhara).","Yoga Barn visitors who want Ayurvedic treatment, such as a dosha consultation or Shirodhara",replace,"Dropped 'authentic' (evaluation), 'specifically' and the 'travellers who' opener; brackets folded into the clause; trailing full stop removed.",wave-db 2026-10-05: style rewrite of the record's own text (rung 2); facts not re-verified,ДА
W-kush-ayurveda-yoga-barn-not_for,db,kush-ayurveda-yoga-barn,not_for,Walk-ins - treatments must be booked in advance.,"Walk-ins, because treatments must be booked in advance",replace,Spaced hyphen replaced by a joint; trailing full stop removed.,wave-db 2026-10-05: style rewrite of the record's own text (rung 2); facts not re-verified,ДА
W-la-portal-to-shamballah-why_its_here,db,la-portal-to-shamballah,why_its_here,"Vegetarian restaurant and events space in Peliatan. Arabian, Indonesian and Asian dishes, with vegan and gluten-free options. Homemade bread, Euro-Arabia fusion plates and quesadillas. Live music, workshops and private healing rooms on site.","A vegetarian restaurant and events space in Peliatan, cooking Arabian, Indonesian and Asian dishes with vegan and gluten-free options. The bread is homemade, and the menu runs to Euro-Arabia fusion plates and quesadillas. It also hosts live music and workshops and has private healing rooms.",replace,"Four short sentences, three of them verbless (A8) and two holding lists (A5), rebuilt as three. No fact dropped.",wave-db 2026-10-05: style rewrite of the record's own text (rung 2); facts not re-verified,ДА
W-laka-leke-why_its_here,db,laka-leke,why_its_here,"The sister restaurant of Cafe Wayan & Bakery, set in a garden bordering rice fields near Nyuh Kuning/Monkey Forest, with tree-shaded pavilions for private dining, afternoon craft workshops, and scheduled evenings with Balinese dance performances (Kecak/Fire Dance) and a group buffet.","Cafe Wayan & Bakery's sister restaurant, in a garden by the rice fields near Nyuh Kuning and the Monkey Forest. Private dining is in tree-shaded pavilions; craft workshops run in the afternoon. Scheduled evenings bring a Balinese dance show (Kecak/Fire Dance) and a group buffet.",replace,'set in' removed; 'bordering' → 'by'; a 40-word sentence split in three. No fact dropped.,wave-db 2026-10-05: style rewrite of the record's own text (rung 2); facts not re-verified,ДА
W-laka-leke-best_for,db,laka-leke,best_for,"Groups wanting a scenic rice-field garden dinner with a Balinese cultural show, or a private-pavilion group meal.","Groups after a garden dinner with a Balinese cultural show, or a meal in a private pavilion",replace,'Groups wanting' opener and 'scenic' dropped; trailing full stop removed.,wave-db 2026-10-05: style rewrite of the record's own text (rung 2); facts not re-verified,ДА
W-laka-leke-not_for,db,laka-leke,not_for,"Solo travellers or those wanting a quick, casual walk-in meal without a cultural-show setting.","Solo diners or a quick, casual walk-in meal: set evenings centre on a dance show and a group buffet",replace,"'Solo travellers or those wanting' → 'Solo diners or'; 'without a cultural-show setting' replaced by the reason, taken from why_its_here.",wave-db 2026-10-05: style rewrite of the record's own text (rung 2); facts not re-verified,ДА
W-locavore-nxt-why_its_here,db,locavore-nxt,why_its_here,"Opened December 2023 in Lodtunduh as the more experimental, ingredient-driven sibling of Ubud's famous fine-dining restaurant Locavore, led by chefs Eelke Plasmeijer and Ray Adriansyah; a 30-seat tasting-menu space using only local Indonesian ingredients with modern European technique, ranked among Asia's 50 Best Restaurants.","The more experimental, ingredient-driven sibling of Locavore, opened in Lodtunduh in December 2023 and led by chefs Eelke Plasmeijer and Ray Adriansyah. This 30-seat tasting-menu room uses only local Indonesian ingredients, cooked with modern European technique.",replace,"Dropped 'famous' (popularity claim, no source) and 'Ubud's … fine-dining restaurant' before Locavore; a 44-word sentence split in three. The Asia's 50 Best ranking is kept as the record states it (on the fact-check list). | 2026-10-08 founder rule 2: removed ""It is ranked among Asia's 50 Best Restaurants."" (ranking with no checkable source in the record)",wave-db 2026-10-05: style rewrite of the record's own text (rung 2); facts not re-verified,ДА
W-locavore-nxt-best_for,db,locavore-nxt,best_for,"Food-focused travellers wanting a multi-course, reservation-based tasting-menu experience celebrating Indonesian farmers, fishers and producers.","A booked, multi-course tasting menu built on the work of Indonesian farmers, fishers and producers",replace,'Food-focused travellers wanting … experience celebrating' removed; 'reservation-based' restated as 'booked'.,wave-db 2026-10-05: style rewrite of the record's own text (rung 2); facts not re-verified,ДА
W-locavore-nxt-not_for,db,locavore-nxt,not_for,"Casual walk-in diners, budget travellers, or anyone wanting a quick, low-key meal (advance-reservation, multi-course tasting format only).","A quick, low-key or budget meal, or walking in: it is a multi-course tasting menu by reservation only",replace,"The bracketed reason became the joint; 'Casual walk-in diners, budget travellers' restated.",wave-db 2026-10-05: style rewrite of the record's own text (rung 2); facts not re-verified,ДА
W-mandapa-spa-ubud-why_its_here,db,mandapa-spa-ubud,why_its_here,"The spa at Mandapa, a Ritz-Carlton Reserve on the Ayung river in Kedewatan, one of Ubud's most exclusive riverside sanctuaries.","The riverside spa at Mandapa, a Ritz-Carlton Reserve on the Ayung river in Kedewatan.",replace,"Dropped 'one of Ubud's most exclusive riverside sanctuaries' (ranking claim, no source); 'riverside' kept. Nothing else in the record to add.",wave-db 2026-10-05: style rewrite of the record's own text (rung 2); facts not re-verified,ДА
W-mandapa-spa-ubud-best_for,db,mandapa-spa-ubud,best_for,Those seeking an ultra-luxury riverside spa experience.,An ultra-luxury spa visit by the Ayung river,replace,'Those seeking … experience' removed; trailing full stop removed.,wave-db 2026-10-05: style rewrite of the record's own text (rung 2); facts not re-verified,ДА
W-mango-tree-spa-loccitane-why_its_here,db,mango-tree-spa-loccitane,why_its_here,"Luxury spa at Kupu Kupu Barong Villas in the Ayung River valley, with treatment rooms built into a giant mango tree, L'OCCITANE product rituals and one of the largest steam rooms in Bali.","A luxury spa at Kupu Kupu Barong Villas in the Ayung River valley, with treatment rooms built into a giant mango tree. The rituals use L'OCCITANE products, and there is a steam room.",replace,"Dropped 'one of the largest steam rooms in Bali' (ranking claim, no source; on the fact-check list); the steam room itself stays. A 33-word sentence split.",wave-db 2026-10-05: style rewrite of the record's own text (rung 2); facts not re-verified,ДА
W-mango-tree-spa-loccitane-best_for,db,mango-tree-spa-loccitane,best_for,A splurge or romantic luxury spa day with river-valley views and branded L'OCCITANE rituals.,"A splurge or a romantic spa day, with river-valley views and L'OCCITANE rituals",replace,'Splurge or romantic' kept as two fits; dropped 'branded' and 'luxury' (why_its_here says luxury spa); trailing full stop removed.,wave-db 2026-10-05: style rewrite of the record's own text (rung 2); facts not re-verified,ДА
W-mango-tree-spa-loccitane-not_for,db,mango-tree-spa-loccitane,not_for,Budget travellers or those wanting a central-town walk-in.,A budget treatment or a walk-in from the centre of town — it is a luxury spa out in the Ayung valley,replace,'Budget travellers or those wanting' restated; reason attached from why_its_here.,wave-db 2026-10-05: style rewrite of the record's own text (rung 2); facts not re-verified,ДА
W-maya-ubud-spa-ubud-why_its_here,db,maya-ubud-spa-ubud,why_its_here,"The wellness side of Maya Ubud Resort & Spa on the Peliatan ridge: a riverside spa with treatment pavilions set down in the Petanu valley, plus a yoga shala and a fitness centre overlooking the same valley.","The wellness side of Maya Ubud Resort & Spa, on the Peliatan ridge. Its riverside spa has treatment pavilions down in the Petanu valley. A yoga shala and a fitness centre look out over the same valley.",replace,A 36-word sentence split in three. No fact dropped.,wave-db 2026-10-05: style rewrite of the record's own text (rung 2); facts not re-verified,ДА
W-maya-ubud-spa-ubud-best_for,db,maya-ubud-spa-ubud,best_for,"Those wanting a scenic resort spa, yoga class or gym session away from central Ubud's bustle.","A resort spa treatment, yoga class or gym session away from the bustle of central Ubud",replace,'Those wanting' opener and 'scenic' dropped; trailing full stop removed.,wave-db 2026-10-05: style rewrite of the record's own text (rung 2); facts not re-verified,ДА
W-melting-wok-warung-why_its_here,db,melting-wok-warung,why_its_here,"A tiny eight-table warung run by a French-Laotian couple, serving fragrant coconut curries, stir-fries and crepes off a short blackboard menu that changes daily. The Laotian herbs and French dessert touches make it distinct from standard Ubud warungs.","A French-Laotian couple runs this tiny eight-table warung on Jl. Gootama. The blackboard menu is short and changes daily: coconut curries, stir-fries and crepes. The cooking uses Laotian herbs, and the desserts have French touches.",replace,"Dropped 'fragrant' (adjective) and 'make it distinct from standard Ubud warungs' (comparison, no source); street from the area line.",wave-db 2026-10-05: style rewrite of the record's own text (rung 2); facts not re-verified,ДА
W-melting-wok-warung-best_for,db,melting-wok-warung,best_for,an intimate dinner; herb-forward coconut curries; a short curated menu; foodies after fusion flavour,An intimate dinner of herb-forward coconut curries and French-Laotian flavours,replace,Four-fragment semicolon list made one clause; dropped 'curated' and 'foodies'.,wave-db 2026-10-05: style rewrite of the record's own text (rung 2); facts not re-verified,ДА
W-melting-wok-warung-not_for,db,melting-wok-warung,not_for,large groups; walk-ins without a booking; anyone needing a wide menu or fast turnover,Large groups or walk-ins without a booking: there are eight tables and a short menu,replace,Semicolon list made one clause with the reason attached; 'fast turnover' and 'a wide menu' carried by the eight tables and short menu.,wave-db 2026-10-05: style rewrite of the record's own text (rung 2); facts not re-verified,ДА
W-milk-and-madu-ubud-why_its_here,db,milk-and-madu-ubud,why_its_here,"The easiest family and group brunch in Ubud — an all-day cafe with a clear 110K breakfast set, a kids menu and group bookings for up to 20.",An all-day cafe on Jl. Suweta with a kids menu and group bookings for up to 20. There is a 110K breakfast set.,replace,"Dropped 'The easiest family and group brunch in Ubud' (ranking claim, no source; the facts behind it stay) and 'clear' (generator tic); em dash removed; street from the area line. The 110K set is one breakfast option, not the only way breakfast is served.",wave-db 2026-10-05: style rewrite of the record's own text (rung 2); facts not re-verified,ДА
W-milk-and-madu-ubud-best_for,db,milk-and-madu-ubud,best_for,Families with children; mixed groups; a central meeting point; anyone who wants a fixed breakfast bundle,"Families with children, a mixed group, a central place to meet, or anyone who wants a fixed breakfast",replace,Four-part semicolon chain made one 'or' list with each fit kept separate; 'bundle' → 'fixed breakfast'.,wave-db 2026-10-05: style rewrite of the record's own text (rung 2); facts not re-verified,ДА
W-moksa-why_its_here,db,moksa,why_its_here,A plant-based restaurant with a permaculture garden and farm-to-table identity in Sayan.,A plant-based restaurant in Sayan with a permaculture garden and a farm-to-table kitchen.,replace,'farm-to-table identity' → 'a farm-to-table kitchen' (brochure noun removed). No fact dropped.,wave-db 2026-10-05: style rewrite of the record's own text (rung 2); facts not re-verified,ДА
W-moksa-best_for,db,moksa,best_for,Plant-based diners seeking a destination meal and garden setting.,Plant-based diners making a trip of it for a meal in the garden,replace,'seeking a destination meal' restated; trailing full stop removed.,wave-db 2026-10-05: style rewrite of the record's own text (rung 2); facts not re-verified,ДА
W-moksa-not_for,db,moksa,not_for,Visitors wanting meat-heavy or central Ubud nightlife dining.,A meat-heavy meal or a night out in central Ubud: the menu is plant-based and it is out in Sayan,replace,'Visitors wanting' opener removed; reason attached.,wave-db 2026-10-05: style rewrite of the record's own text (rung 2); facts not re-verified,ДА
W-monkey-bar-bali-why_its_here,db,monkey-bar-bali,why_its_here,"A restaurant and bar built around an infinity pool at Bella Kita Mountain Retreat in the Klungkung hills of East Bali, with valley views toward the sea and produce from the property's own farm. Entry runs on a pay-and-swim model with credit toward food.","Up in the hills of East Bali, this restaurant and bar is built around an infinity pool at Bella Kita Mountain Retreat. Valley views run toward the sea, and produce comes from the property's own farm. Entry is pay-and-swim, and it includes credit toward food.",replace,"A 34-word sentence split, now opening on the hills; 'pay-and-swim model with credit toward food' restated without saying how much of the fee is credited (the record does not say). No fact dropped. | 2026-10-08 founder rule 1: removed ""Klungkung"" (the card's district is Amed (Karangasem), not Klungkung)",wave-db 2026-10-05: style rewrite of the record's own text (rung 2); facts not re-verified,ДА
W-monkey-bar-bali-best_for,db,monkey-bar-bali,best_for,"A scenic pool-and-lunch stop on an East Bali day trip, away from the southern crowds.","A swim and lunch on an East Bali day trip, away from the southern crowds",replace,Dropped 'scenic'; trailing full stop removed.,wave-db 2026-10-05: style rewrite of the record's own text (rung 2); facts not re-verified,ДА
W-mozaic-why_its_here,db,mozaic,why_its_here,"A long-running fine-dining anchor in Kedewatan founded by Chef Chris Salans and now led in the kitchen by head chef and co-owner Blake Thornley, built around French technique and Indonesian/Balinese ingredients, with a multi-course tasting menu plus a separate live-kitchen Chef's Table.","Chef Chris Salans founded this Kedewatan fine-dining restaurant; head chef and co-owner Blake Thornley now leads the kitchen. The cooking applies French technique to Indonesian and Balinese ingredients. There is a multi-course tasting menu and, separately, a Chef's Table at the live kitchen.",replace,Dropped 'long-running' (no date) and 'anchor' (evaluation); a 42-word sentence split in three.,wave-db 2026-10-05: style rewrite of the record's own text (rung 2); facts not re-verified,ДА
W-mozaic-best_for,db,mozaic,best_for,special-occasion diners wanting French-Balinese tasting-menu fine dining in a garden setting,A special occasion marked with a French-Balinese tasting menu in a garden,replace,'special-occasion diners wanting' opener removed.,wave-db 2026-10-05: style rewrite of the record's own text (rung 2); facts not re-verified,ДА
W-mozaic-not_for,db,mozaic,not_for,travelers on a tight daily budget or wanting a quick casual meal,"A quick, casual meal or a tight daily budget, because the format is a multi-course tasting menu",replace,'travelers on' opener removed; reason attached from why_its_here.,wave-db 2026-10-05: style rewrite of the record's own text (rung 2); facts not re-verified,ДА
W-nasi-ayam-kedewatan-ibu-mangku-best_for,db,nasi-ayam-kedewatan-ibu-mangku,best_for,Travellers looking for a focused Balinese rice-and-chicken meal in Kedewatan.,A Balinese rice-and-chicken meal in Kedewatan,replace,'Travellers looking for a focused' opener (F1) removed; trailing full stop removed. why_its_here left as is (plain and specific).,wave-db 2026-10-05: style rewrite of the record's own text (rung 2); facts not re-verified,ДА
W-norii-japanese-restaurant-ubud-why_its_here,db,norii-japanese-restaurant-ubud,why_its_here,"Japanese restaurant in Peliatan, part of the Wonderspace group. Sushi, wagyu don, wagyu skewers and robatayaki beef. Cocktails built on yuzu, matcha and sake.","Part of the Wonderspace group, this Japanese restaurant in Peliatan serves sushi, wagyu don, wagyu skewers and robatayaki beef. The cocktails lean on yuzu and matcha, with sake too.",replace,Three verbless sentences (A8) holding two lists (A5) rebuilt as two; the cocktail list loosened. No fact dropped.,wave-db 2026-10-05: style rewrite of the record's own text (rung 2); facts not re-verified,ДА
W-oneworld-ayurveda-why_its_here,db,oneworld-ayurveda,why_its_here,"An authentic Panchakarma detox retreat on a palace property amid jungle and rice fields, with resident BAMS-qualified Ayurvedic doctors guiding multi-night programmes.","Oneworld Ayurveda runs Panchakarma detox programmes on a palace property in Pengosekan, among jungle and rice fields. Resident Ayurvedic doctors with BAMS qualifications guide each multi-night stay.",replace,Dropped 'authentic' (evaluation) and 'retreat' (stock word); Pengosekan from the card's area line; split in two.,wave-db 2026-10-05: style rewrite of the record's own text (rung 2); facts not re-verified,ДА
W-oneworld-ayurveda-best_for,db,oneworld-ayurveda,best_for,"Travellers ready to commit to a structured, doctor-supervised Ayurvedic detox of 7 nights or more.","Anyone ready to commit to a structured, doctor-supervised Ayurvedic detox of 7 nights or more",replace,'Travellers ready' → 'Anyone ready'; trailing full stop removed.,wave-db 2026-10-05: style rewrite of the record's own text (rung 2); facts not re-verified,ДА
W-oneworld-ayurveda-not_for,db,oneworld-ayurveda,not_for,"Anyone wanting casual drop-in yoga or a short, self-directed visit.","Casual drop-in yoga or a short visit on your own terms, since the programmes run over multiple nights with a doctor",replace,'Anyone wanting' opener removed; 'self-directed' → 'on your own terms'; reason attached from why_its_here.,wave-db 2026-10-05: style rewrite of the record's own text (rung 2); facts not re-verified,ДА
W-onion-collective-why_its_here,db,onion-collective,why_its_here,"A hotel/restaurant/coworking hangout on Jl. Raya Pengosekan with a pool, live music, and a menu built to serve vegan and non-vegan travelers alike — as much a daytime work spot as a dinner-and-drinks spot.","A hotel, restaurant and coworking space on Jl. Raya Pengosekan that has a pool and live music. The menu works for vegans and non-vegans alike, and the place is as much a daytime work spot as somewhere for dinner and drinks.",replace,'hangout' (label) and the em dash removed; a 33-word sentence split in two. No fact dropped.,wave-db 2026-10-05: style rewrite of the record's own text (rung 2); facts not re-verified,ДА
W-onion-collective-best_for,db,onion-collective,best_for,"digital nomads and groups wanting an all-day hangout with vegan-friendly food, coworking, and live music","Digital nomads and groups after an all-day base with coworking, vegan-friendly food and live music",replace,'wanting an all-day hangout' restated; capitalised.,wave-db 2026-10-05: style rewrite of the record's own text (rung 2); facts not re-verified,ДА
W-onion-collective-not_for,db,onion-collective,not_for,"diners wanting a quiet, formal sit-down dinner","A formal, quiet sit-down dinner. There is live music, and it doubles as a coworking space",replace,'diners wanting' opener removed; reason attached from why_its_here.,wave-db 2026-10-05: style rewrite of the record's own text (rung 2); facts not re-verified,ДА
W-pinstripe-bar-ubud-why_its_here,db,pinstripe-bar-ubud,why_its_here,Bar in Ubud. A refined cocktail and wine bar offering handcrafted drinks and a gastro-style bar dining. Booking is by WhatsApp.,A cocktail and wine bar in Ubud that pairs handcrafted drinks with gastro-style bar dining. Booking is by WhatsApp.,replace,Category-formula opener 'Bar in Ubud.' removed; dropped 'refined' (evaluation) and 'offering'.,wave-db 2026-10-05: style rewrite of the record's own text (rung 2); facts not re-verified,ДА
W-pinstripe-bar-ubud-best_for,db,pinstripe-bar-ubud,best_for,"An evening out for drinks, not a full sit-down meal.",An evening out for drinks,replace,'not a full sit-down meal' moved to not_for (a negative inside best_for); trailing full stop removed.,wave-db 2026-10-05: style rewrite of the record's own text (rung 2); facts not re-verified,ДА
W-pinstripe-bar-ubud-not_for,db,pinstripe-bar-ubud,not_for,,A full sit-down meal: the food is gastro-style bar dining,replace,"Field was empty. Nothing added: the negative moved out of the live best_for, with the reason taken from why_its_here.",wave-db 2026-10-05: style rewrite of the record's own text (rung 2); facts not re-verified,ДА
W-putri-bali-spa-why_its_here,db,putri-bali-spa,why_its_here,"Balinese day spa on Jl. Raya Sanggingan offering traditional massage, body treatments, aromatherapy and flower-bath packages, with complimentary pickup within the Ubud area.","Traditional Balinese massage, body treatments, aromatherapy and flower-bath packages at a day spa on Jl. Raya Sanggingan. Pickup within the Ubud area is free.",replace,The category-formula opening ('Balinese day spa on Jl. …') turned round; 'offering' and 'complimentary' restated. No fact dropped.,wave-db 2026-10-05: style rewrite of the record's own text (rung 2); facts not re-verified,ДА
W-putri-bali-spa-best_for,db,putri-bali-spa,best_for,Travellers wanting a classic Balinese massage and flower bath with free hotel pickup.,"A classic Balinese massage and flower bath, with free pickup from your hotel",replace,'Travellers wanting' opener removed; trailing full stop removed.,wave-db 2026-10-05: style rewrite of the record's own text (rung 2); facts not re-verified,ДА
W-pyramids-of-chi-why_its_here,db,pyramids-of-chi,why_its_here,"A purpose-built sound-healing venue set among rice fields north of Ubud, with two large pyramids (one scaled to the Great Pyramid of Giza) used for group sound sessions.",This purpose-built sound-healing venue in the rice fields north of Ubud has two large pyramids for group sound sessions. One of them is scaled to the Great Pyramid of Giza.,replace,'set among' removed; a 28-word sentence split; 'purpose-built' kept; the bracket became its own sentence. No fact dropped.,wave-db 2026-10-05: style rewrite of the record's own text (rung 2); facts not re-verified,ДА
W-pyramids-of-chi-best_for,db,pyramids-of-chi,best_for,Anyone wanting a signature Ubud sound-healing experience and a distinctive one-off wellness outing rather than a regular class.,A one-off sound-healing session in Ubud rather than a regular class,replace,"Dropped 'signature' (soft word, A10), 'distinctive' and 'experience'; 'Anyone wanting' opener removed; trailing full stop removed.",wave-db 2026-10-05: style rewrite of the record's own text (rung 2); facts not re-verified,ДА
W-pyramids-of-chi-not_for,db,pyramids-of-chi,not_for,"Those looking for a physical yoga workout, as the focus here is passive sound and vibration.",A physical yoga workout. The focus here is passive sound and vibration,replace,'Those looking for' opener removed; the 'as' joint replaced by a full stop.,wave-db 2026-10-05: style rewrite of the record's own text (rung 2); facts not re-verified,ДА
W-radiantly-alive-why_its_here,db,radiantly-alive,why_its_here,"A long-running central-Ubud studio known for dynamic Vinyasa flows, healing therapies and internationally attended teacher trainings, with an on-site plant-based cafe.","A central-Ubud studio for dynamic Vinyasa flows and healing therapies, on Jl. Jembawan. Its teacher trainings draw students from abroad, and a plant-based cafe sits on site.",replace,Dropped 'long-running' (no date) and 'known for' (popularity framing); 'internationally attended' restated; street from the area line.,wave-db 2026-10-05: style rewrite of the record's own text (rung 2); facts not re-verified,ДА
W-radiantly-alive-best_for,db,radiantly-alive,best_for,"Movement-focused practitioners who want strong, creative Vinyasa classes and those considering a yoga teacher training.","Practitioners after strong, creative Vinyasa, or anyone weighing up a yoga teacher training",replace,'Movement-focused practitioners who want' restated; 'those considering' → 'anyone weighing up'; trailing full stop removed.,wave-db 2026-10-05: style rewrite of the record's own text (rung 2); facts not re-verified,ДА
W-room-4-dessert-why_its_here,db,room-4-dessert,why_its_here,"A dedicated dessert tasting experience rather than a general restaurant, making the decision and format unusually clear.","A dedicated dessert tasting venue on Jl. Raya Sanggingan in Kedewatan, rather than a general restaurant.",replace,"Dropped 'experience' and 'making the decision and format unusually clear' (generator tic, no fact); street and Kedewatan from the card's area line.",wave-db 2026-10-05: style rewrite of the record's own text (rung 2); facts not re-verified,ДА
W-room-4-dessert-best_for,db,room-4-dessert,best_for,Dessert-focused tasting menus and a planned evening experience.,A planned evening built around a dessert tasting menu,replace,'experience' dropped; trailing full stop removed.,wave-db 2026-10-05: style rewrite of the record's own text (rung 2); facts not re-verified,ДА
W-room-4-dessert-not_for,db,room-4-dessert,not_for,Anyone wanting a conventional lunch or quick dessert stop.,A conventional lunch or a quick dessert stop — it runs as a tasting format,replace,'Anyone wanting' opener removed; reason attached.,wave-db 2026-10-05: style rewrite of the record's own text (rung 2); facts not re-verified,ДА
W-room4dessert-why_its_here,db,room4dessert,why_its_here,"Chef Will Goldfarb's dessert-only tasting-menu restaurant in Kedewatan, set inside a large botanical garden tied to the dessert recipes themselves — a globally recognized pastry-chef concept rather than a conventional dinner spot.",Chef Will Goldfarb's dessert-only tasting-menu restaurant in Kedewatan. It sits inside a large botanical garden tied to the recipes themselves. This is a pastry chef's concept rather than a conventional dinner spot.,replace,"Dropped 'globally recognized' (recognition claim, no source); 'set inside' restated; em dash removed; a 31-word sentence split in three.",wave-db 2026-10-05: style rewrite of the record's own text (rung 2); facts not re-verified,ДА
W-room4dessert-best_for,db,room4dessert,best_for,dessert-focused special occasions and pastry enthusiasts wanting a multi-course tasting experience,"Pastry enthusiasts, or a special occasion built around a multi-course dessert tasting",replace,'dessert-focused special occasions and pastry enthusiasts wanting a … experience' restated; trailing words tightened.,wave-db 2026-10-05: style rewrite of the record's own text (rung 2); facts not re-verified,ДА
W-room4dessert-not_for,db,room4dessert,not_for,travelers wanting a full savory dinner or a budget meal,"A full savoury dinner or a budget meal, because every course is dessert",replace,'travelers wanting' opener removed; reason attached from 'dessert-only'.,wave-db 2026-10-05: style rewrite of the record's own text (rung 2); facts not re-verified,ДА
W-sacred-river-spa-at-four-seasons-sayan-ubud-why_its_here,db,sacred-river-spa-at-four-seasons-sayan-ubud,why_its_here,"The Sacred River Spa at the Four Seasons Resort Bali at Sayan, beside the Ayung river in one of Ubud's most celebrated resorts.","The spa at Four Seasons Resort Bali at Sayan, beside the Ayung river.",replace,"Dropped 'in one of Ubud's most celebrated resorts' (popularity claim, no source); the spa's name is left to the card title. Nothing else in the record to add.",wave-db 2026-10-05: style rewrite of the record's own text (rung 2); facts not re-verified,ДА
W-sacred-river-spa-at-four-seasons-sayan-ubud-best_for,db,sacred-river-spa-at-four-seasons-sayan-ubud,best_for,Those seeking a landmark five-star riverside spa day.,A spa day by the river,replace,"'Those seeking' opener and 'landmark' (hype, H1) removed; trailing full stop removed. | 2026-10-08 founder rule 2: removed ""five-star"" (star rating with no named source in the record)",wave-db 2026-10-05: style rewrite of the record's own text (rung 2); facts not re-verified,ДА
W-sakti-dining-room-fivelements-retreat-bali-why_its_here,db,sakti-dining-room-fivelements-retreat-bali,why_its_here,"Restaurant in Fivelements Retreat Bali, Ubud.",Restaurant in Fivelements Retreat Bali.,replace,"Only change to the live text. | 2026-10-08 founder rule 1: removed "", Ubud"" (the card's address is Banjar Baturning, Mambal, Abiansemal (Badung), not Ubud)",founder decision 2026-10-08,ДА
W-sang-spa-why_its_here,db,sang-spa,why_its_here,"Long-running (established 2008) affordable Balinese day spa with two central Ubud outlets, offering traditional Balinese massage, scrubs, flower baths, reflexology and four-hands massage.","Established in 2008, this Balinese day spa runs two outlets in central Ubud. Traditional Balinese massage, scrubs, flower baths, reflexology and four-hands massage are on the menu, at affordable prices.",replace,'Long-running' dropped (the 2008 date says it); 'offering' removed; a 23-word sentence split. No fact dropped.,wave-db 2026-10-05: style rewrite of the record's own text (rung 2); facts not re-verified,ДА
W-sang-spa-best_for,db,sang-spa,best_for,"Budget-conscious travellers wanting authentic, well-priced Balinese massage a short walk from Ubud centre.","A Balinese massage on a budget, a short walk from the centre of Ubud",replace,Dropped 'authentic' and 'well-priced' (evaluations) and the 'travellers wanting' opener; trailing full stop removed.,wave-db 2026-10-05: style rewrite of the record's own text (rung 2); facts not re-verified,ДА
W-sawobali-why_its_here,db,sawobali,why_its_here,"A vegan/vegetarian warung and cake shop in Peliatan (Ubud) known for a budget, all-you-can-eat home-style buffet and made-in-house cakes; dishes are prepared without garlic or onion to also suit Buddhist diners.","A vegan and vegetarian warung and cake shop in Peliatan, with a budget all-you-can-eat buffet of home-style food. The cakes are made in-house, and dishes are cooked without garlic or onion so that Buddhist diners can eat them too.",replace,Dropped 'known for' (popularity framing; the buffet and cakes stay); 'Peliatan (Ubud)' → 'Peliatan'; a 31-word sentence split.,wave-db 2026-10-05: style rewrite of the record's own text (rung 2); facts not re-verified,ДА
W-sawobali-best_for,db,sawobali,best_for,"Vegan, vegetarian, or allium-free travelers wanting an affordable, home-cooked-style lunch buffet.","A budget home-style lunch buffet for vegans, vegetarians or anyone avoiding garlic and onion",replace,'travelers wanting' opener removed; 'allium-free' written as 'avoiding garlic and onion'; 'affordable' → 'budget'; trailing full stop removed.,wave-db 2026-10-05: style rewrite of the record's own text (rung 2); facts not re-verified,ДА
W-sawobali-not_for,db,sawobali,not_for,Travelers wanting a meat-forward menu or a formal/fine-dining setting.,A meat-forward menu or a formal setting. This is a vegetarian warung,replace,'Travelers wanting' opener removed; 'formal/fine-dining' → 'formal'; reason attached.,wave-db 2026-10-05: style rewrite of the record's own text (rung 2); facts not re-verified,ДА
W-sayuri-healing-food-why_its_here,db,sayuri-healing-food,why_its_here,"A raw-vegan and plant-based cafe in central Ubud focused on living-food cooking, cold-pressed juices and a rotating case of raw desserts, with an attached plant-based academy. The kitchen leans into raw preparation rather than standard cooked vegan fare.","A raw-vegan and plant-based cafe in Ubud with a plant-based academy attached. The kitchen leans towards raw, living food rather than standard cooked vegan dishes. There are cold-pressed juices too, and a rotating case of raw desserts.",replace,"A 26-word sentence split in three; 'raw-vegan and plant-based' and the hedge 'leans' kept, so cooked dishes are not ruled out. No fact dropped. | 2026-10-08 founder rule 1: removed ""central"" (the card's address is Jl. Sukma Kesuma, Peliatan, not central Ubud)",wave-db 2026-10-05: style rewrite of the record's own text (rung 2); facts not re-verified,ДА
W-sayuri-healing-food-best_for,db,sayuri-healing-food,best_for,plant-based and raw eating; relaxed daytime meals; wellness-minded visitors; long cafe sits,"A long daytime cafe sit over raw, plant-based food",replace,Four-fragment semicolon list made one clause; dropped 'relaxed' and 'wellness-minded visitors'.,wave-db 2026-10-05: style rewrite of the record's own text (rung 2); facts not re-verified,ДА
W-sayuri-healing-food-not_for,db,sayuri-healing-food,not_for,"committed meat-eaters; anyone wanting a fast, familiar hearty meal","Committed meat-eaters, or anyone after a fast, familiar, hearty meal: the kitchen leans raw",replace,"Semicolon list made one clause with the reason attached from why_its_here, keeping its hedge ('leans raw').",wave-db 2026-10-05: style rewrite of the record's own text (rung 2); facts not re-verified,ДА
W-secret-garden-restaurant-why_its_here,db,secret-garden-restaurant,why_its_here,"Family-run restaurant in Anturan, Lovina, set in a garden. Indonesian and Western dishes with a separate vegetarian menu. Seafood curry and goulash are regulars. Free pick-up and drop-off for guests staying in Lovina.","A family-run garden restaurant in Anturan, Lovina. The cooking is Indonesian and Western, with a separate vegetarian menu, and seafood curry and goulash are regulars. Guests staying in Lovina get free pick-up and drop-off.",replace,"'set in' removed; four short sentences, two of them verbless, rebuilt as three. No fact dropped.",wave-db 2026-10-05: style rewrite of the record's own text (rung 2); facts not re-verified,ДА
W-seeds-of-life-why_its_here,db,seeds-of-life,why_its_here,"A 100% raw & vegan restaurant and Taoist tonic bar in Ubud Center (on Jalan Goutama, operating since 2014), built around raw-food dishes made from fresh, locally grown produce, with Ashtanga yoga classes upstairs.","A 100% raw and vegan restaurant on Jalan Goutama in central Ubud, with a Taoist tonic bar, open since 2014. The dishes are made from fresh, locally grown produce, and Ashtanga yoga classes run upstairs.",replace,A 33-word sentence with a bracketed aside split in two; 'operating since' → 'open since'. No fact dropped.,wave-db 2026-10-05: style rewrite of the record's own text (rung 2); facts not re-verified,ДА
W-seeds-of-life-best_for,db,seeds-of-life,best_for,"Raw-food and vegan-focused travelers, and wellness/yoga-oriented visitors wanting a calm plant-based meal in central Ubud.","A calm plant-based meal in central Ubud, for raw-food eaters and anyone into yoga",replace,'travelers'/'visitors wanting' openers removed; 'wellness/yoga-oriented' → 'anyone into yoga'; trailing full stop removed.,wave-db 2026-10-05: style rewrite of the record's own text (rung 2); facts not re-verified,ДА
W-seeds-of-life-not_for,db,seeds-of-life,not_for,Travelers wanting hearty non-vegan or cooked-comfort-food options.,Hearty cooked comfort food or anything non-vegan: everything here is raw and vegan,replace,'Travelers wanting' opener removed; reason attached from why_its_here (100% raw and vegan).,wave-db 2026-10-05: style rewrite of the record's own text (rung 2); facts not re-verified,ДА
W-seniman-coffee-studio-why_its_here,db,seniman-coffee-studio,why_its_here,"A well-known Ubud specialty coffee roaster and café near Ubud Palace, treating coffee as a craft with sourced-and-roasted Indonesian origin beans, multiple brew methods, and a food menu spanning Indonesian and Western dishes.","A specialty coffee roaster and café near Ubud Palace that sources and roasts Indonesian origin beans. The coffee is brewed several ways, and the food menu covers Indonesian and Western dishes.",replace,Dropped 'well-known' (popularity claim) and 'treating coffee as a craft' (marketing line); 'multiple brew methods' → 'brewed several ways'; a 33-word sentence split.,wave-db 2026-10-05: style rewrite of the record's own text (rung 2); facts not re-verified,ДА
W-seniman-coffee-studio-best_for,db,seniman-coffee-studio,best_for,Remote workers and digital nomads wanting a serious specialty-coffee spot with room to sit and work; coffee enthusiasts wanting origin-focused brews.,"Remote workers who need room to sit and work, or coffee enthusiasts chasing origin-focused brews",replace,"Dropped 'serious' (soft word, A10); 'digital nomads' folded into remote workers; semicolon removed; trailing full stop removed.",wave-db 2026-10-05: style rewrite of the record's own text (rung 2); facts not re-verified,ДА
W-seniman-coffee-studio-not_for,db,seniman-coffee-studio,not_for,"Travelers wanting fast grab-and-go service — service here leans toward a slower, deliberate pace.",Fast grab-and-go coffee. The pace here is slower and deliberate,replace,"'Travelers wanting' opener and the em dash removed; the reason stays fit (pace), not a service judgement.",wave-db 2026-10-05: style rewrite of the record's own text (rung 2); facts not re-verified,ДА
W-shichirin-japanese-restaurant-ubud-why_its_here,db,shichirin-japanese-restaurant-ubud,why_its_here,"The first Shichirin on the island, on Jl. Bisma. Japanese grill cooking: teppanyaki, gyukatsu and izakaya plates, with sushi and sashimi.",A Japanese grill restaurant on Jl. Bisma. The menu runs from teppanyaki and gyukatsu to izakaya plates. There is sushi and sashimi too.,replace,"Two lists in one sentence (A5) split up; 'Japanese grill cooking' → 'a Japanese grill restaurant'. No fact dropped. | 2026-10-08 founder rule 2: removed ""The first Shichirin on the island"" ('first' claim with no source in the record)",wave-db 2026-10-05: style rewrite of the record's own text (rung 2); facts not re-verified,ДА
W-spring-spa-ubud-why_its_here,db,spring-spa-ubud,why_its_here,"Largest outlet of the Spring Spa brand, set among rice terraces, with treatment rooms overlooking the fields plus a dedicated wellness zone of contrast-therapy plunges, saunas and relaxation lounges.","A Spring Spa outlet among rice terraces, with treatment rooms that look out over the fields. A dedicated wellness zone holds contrast-therapy plunges, saunas and relaxation lounges.",replace,"'set among' removed; a 29-word sentence split. No fact dropped. | 2026-10-08 founder rule 2: removed ""The largest"" ('largest' claim with no source in the record)",wave-db 2026-10-05: style rewrite of the record's own text (rung 2); facts not re-verified,ДА
W-spring-spa-ubud-best_for,db,spring-spa-ubud,best_for,"Travellers wanting a contemporary spa combined with wellness facilities (sauna, contrast plunges) and rice-field views.","A contemporary spa visit with a sauna and contrast plunges, looking out at the rice fields",replace,'Travellers wanting' opener removed; brackets folded in; trailing full stop removed.,wave-db 2026-10-05: style rewrite of the record's own text (rung 2); facts not re-verified,ДА
W-suka-espresso-ubud-why_its_here,db,suka-espresso-ubud,why_its_here,"The safest all-round brunch in Ubud — Australian-style breakfast and specialty coffee from 7:30, with 60K breakfast specials running until 3pm and clear vegetarian, vegan and gluten-free labels.","Australian-style breakfast and specialty coffee on Jl. Raya Pengosekan, served from 7:30. Breakfast specials at 60K run until 3pm, and the menu labels vegetarian, vegan and gluten-free dishes clearly.",replace,"Dropped 'The safest all-round brunch in Ubud' (ranking claim, no source) and the em dash; street from the area line; a 27-word sentence split.",wave-db 2026-10-05: style rewrite of the record's own text (rung 2); facts not re-verified,ДА
W-suka-espresso-ubud-best_for,db,suka-espresso-ubud,best_for,A first brunch in Ubud; coffee lovers; solo diners and couples; a short off-peak laptop session,"A first brunch in Ubud, a meal on your own or as a couple, or a short laptop session off-peak",replace,Four-part semicolon chain made one 'or' list with each fit kept separate; 'coffee lovers' left to why_its_here (specialty coffee).,wave-db 2026-10-05: style rewrite of the record's own text (rung 2); facts not re-verified,ДА
W-svaha-spa-why_its_here,db,svaha-spa,why_its_here,"Award-winning sustainable holistic spa group with several Ubud outlets (flagship on Jl. Bisma near the Monkey Forest), offering Balinese and signature massages, body-purification rituals and couples packages.","A sustainable, holistic spa group with several outlets around Ubud. The flagship is on Jl. Bisma near the Monkey Forest. Its menu covers Balinese and house massages, body-purification rituals and couples packages.",replace,"Dropped 'Award-winning' (award claim with no source; on the fact-check list) and 'offering'; 'signature' (soft word, A10) → 'house'; a 27-word sentence with a bracket split in three.",wave-db 2026-10-05: style rewrite of the record's own text (rung 2); facts not re-verified,ДА
W-svaha-spa-best_for,db,svaha-spa,best_for,"Travellers wanting a modern, polished spa with signature-ritual and couples options.","A modern, polished spa visit, including couples packages",replace,'Travellers wanting' opener and 'signature-ritual' (soft word) removed; trailing full stop removed.,wave-db 2026-10-05: style rewrite of the record's own text (rung 2); facts not re-verified,ДА
W-taksu-spa-beauty-ubud-why_its_here,db,taksu-spa-beauty-ubud,why_its_here,"The beauty services at Taksu, a landmark healing-and-spa sanctuary in central Ubud set among gardens and koi ponds.","Beauty treatments at Taksu, a healing and spa centre among gardens and koi ponds in central Ubud.",replace,"Dropped 'landmark' (hype, H1) and 'set among'; 'sanctuary' → 'centre'.",wave-db 2026-10-05: style rewrite of the record's own text (rung 2); facts not re-verified,ДА
W-taksu-spa-beauty-ubud-best_for,db,taksu-spa-beauty-ubud,best_for,Those combining beauty with Taksu's wider healing and spa menu.,A beauty treatment added to a healing or spa session at Taksu,replace,'Those combining' opener removed; trailing full stop removed.,wave-db 2026-10-05: style rewrite of the record's own text (rung 2); facts not re-verified,ДА
W-taksu-spa-ubud-why_its_here,db,taksu-spa-ubud,why_its_here,"Taksu Spa, part of the well-known Taksu healing sanctuary in central Ubud, offering massage and holistic treatments among gardens and water features.","Taksu Spa belongs to the Taksu healing sanctuary in central Ubud, where massage and holistic treatments are given among gardens and water features.",replace,Dropped 'well-known' (popularity claim) and 'offering'; 'part of' restated as 'belongs to'. No fact dropped.,wave-db 2026-10-05: style rewrite of the record's own text (rung 2); facts not re-verified,ДА
W-taksu-spa-ubud-best_for,db,taksu-spa-ubud,best_for,Those who want a spa within a dedicated healing-and-wellness compound.,A spa session inside a dedicated healing and wellness compound,replace,'Those who want' opener (F1) removed; trailing full stop removed.,wave-db 2026-10-05: style rewrite of the record's own text (rung 2); facts not re-verified,ДА
W-taksu-yoga-why_its_here,db,taksu-yoga,why_its_here,"Yoga centre in a river valley in central Ubud, part of the Taksu spa and restaurant complex. Small classes for individual attention: beginner, hatha, vinyasa, yin and restorative. Daily classes, private sessions and training courses.","The yoga centre of the Taksu spa and restaurant complex, in a river valley in central Ubud. Classes stay small for individual attention, running daily across beginner, hatha, vinyasa, yin and restorative. There are also private sessions and training courses.",replace,Three verbless sentences (A8) rebuilt; the card no longer opens with the bare category ('Yoga centre in …'). No fact dropped.,wave-db 2026-10-05: style rewrite of the record's own text (rung 2); facts not re-verified,ДА
W-taksu-yoga-ubud-why_its_here,db,taksu-yoga-ubud,why_its_here,"A wellness center hidden in a central-Ubud garden combining small-group yoga classes with an extensive spa, healing and beauty menu.","A wellness centre in a central-Ubud garden on Jl. Goutama Selatan. Small-group yoga classes run alongside an extensive spa, healing and beauty menu.",replace,Dropped 'hidden' (cliché); street from the area line; split in two.,wave-db 2026-10-05: style rewrite of the record's own text (rung 2); facts not re-verified,ДА
W-taksu-yoga-ubud-best_for,db,taksu-yoga-ubud,best_for,"Those who want intimate, personalised classes and to pair a practice with a massage or spa treatment in the same visit.","An intimate, personalised yoga class paired with a massage or spa treatment in the same visit",replace,'Those who want' opener (F1) removed; trailing full stop removed.,wave-db 2026-10-05: style rewrite of the record's own text (rung 2); facts not re-verified,ДА
W-the-elephant-why_its_here,db,the-elephant,why_its_here,"An open-air, 100% vegetarian/vegan restaurant on the Campuhan side of Ubud (Jl. Raya Sanggingan) built around an elevated terrace overlooking Campuhan Ridge, open all day from breakfast through dinner, with an organic/local/slow-food sourcing philosophy.","The Elephant is an open-air, 100% vegetarian and vegan restaurant on Jl. Raya Sanggingan. Its elevated terrace looks over Campuhan Ridge, and it serves all day from breakfast through dinner. The sourcing is organic and local, along slow-food lines.",replace,A 34-word sentence split in three; slashes written out; 'built around' and 'philosophy' restated; 'the Campuhan side of Ubud' left to the street name. No fact dropped.,wave-db 2026-10-05: style rewrite of the record's own text (rung 2); facts not re-verified,ДА
W-the-elephant-best_for,db,the-elephant,best_for,vegetarian and vegan travelers wanting an all-day scenic meal overlooking Campuhan Ridge,Vegetarians and vegans after a meal looking over Campuhan Ridge,replace,'travelers wanting an all-day scenic meal' restated (all day is now in why_its_here).,wave-db 2026-10-05: style rewrite of the record's own text (rung 2); facts not re-verified,ДА
W-the-elephant-not_for,db,the-elephant,not_for,diners specifically wanting meat or seafood dishes,"Meat or seafood, because the whole menu is vegetarian and vegan",replace,'diners specifically wanting' opener removed; reason attached from why_its_here (100% vegetarian/vegan).,wave-db 2026-10-05: style rewrite of the record's own text (rung 2); facts not re-verified,ДА
W-the-shala-bali-why_its_here,db,the-shala-bali,why_its_here,"A boutique yoga-retreat property in Sanggingan built on Balinese and Indian philosophy, pairing daily yoga with Ayurvedic spa treatments and on-site vegetarian dining and rooms.","Built on Balinese and Indian philosophy, The Shala is a boutique yoga property in Sanggingan. Daily yoga comes with Ayurvedic spa treatments, vegetarian dining and rooms on site.",replace,Dropped 'retreat' (stock word; the stay is described instead); 'pairing' restated; split in two. No fact dropped.,wave-db 2026-10-05: style rewrite of the record's own text (rung 2); facts not re-verified,ДА
W-the-shala-bali-best_for,db,the-shala-bali,best_for,"Visitors wanting a stay-and-practice retreat experience with Ayurvedic treatments, not just a walk-in class.",A stay built around daily practice and Ayurvedic treatments,replace,'Visitors wanting a … retreat experience' (F1) removed; 'not just a walk-in class' left to not_for; trailing full stop removed.,wave-db 2026-10-05: style rewrite of the record's own text (rung 2); facts not re-verified,ДА
W-the-shala-bali-not_for,db,the-shala-bali,not_for,Travellers only after a quick single drop-in class.,A single drop-in class: the place is set up for staying and practising,replace,'Travellers only after' opener and 'quick' dropped; reason attached from why_its_here.,wave-db 2026-10-05: style rewrite of the record's own text (rung 2); facts not re-verified,ДА
W-the-westin-resort-and-spa-ubud-fitness-studio-why_its_here,db,the-westin-resort-and-spa-ubud-fitness-studio,why_its_here,"The 24-hour WestinWORKOUT studio at The Westin Resort & Spa Ubud in Lodtunduh, free to resort guests. It carries cardio machines, treadmills, bikes, stair climbers, free weights and weight machines plus a yoga area, and lends workout gear to guests travelling light. An open-air pavilion nearby hosts morning yoga and meditation, and the spa has five treatment rooms, four outdoor pavilions, a jacuzzi and a steam room.","The 24-hour WestinWORKOUT studio at The Westin Ubud in Lodtunduh is free for resort guests. It has cardio and weight machines, free weights and a yoga area, and lends gear to guests travelling light. Morning yoga and meditation run in an open-air pavilion nearby.",replace,"66 words cut to 44 (standard 20–45). Dropped for length: treadmills, bikes and stair climbers (now 'cardio machines'), and the spa details (five treatment rooms, four outdoor pavilions, a jacuzzi and a steam room), which describe the spa rather than the studio.",wave-db 2026-10-05: style rewrite of the record's own text (rung 2); facts not re-verified,ДА
W-the-westin-resort-and-spa-ubud-fitness-studio-best_for,db,the-westin-resort-and-spa-ubud-fitness-studio,best_for,Ubud guests who want a full 24-hour gym and the option to borrow kit rather than pack it.,Resort guests who want a 24-hour gym and would rather borrow kit than pack it,replace,'Ubud guests' → 'Resort guests'; 'full' dropped; trailing full stop removed.,wave-db 2026-10-05: style rewrite of the record's own text (rung 2); facts not re-verified,ДА
W-the-yoga-barn-why_its_here,db,the-yoga-barn,why_its_here,"Ubud's largest and best-known wellness compound: a cluster of open-air shalas, a healing center, garden cafe and shop hosting dozens of daily yoga, meditation and sound classes.","A wellness compound on Jl. Raya Pengosekan, with a cluster of open-air shalas and a healing centre. A garden cafe and a shop sit alongside, and dozens of yoga, meditation and sound classes run every day.",replace,"Dropped 'Ubud's largest and best-known' (size ranking and popularity claim, no source); street from the area line; a 27-word sentence split.",wave-db 2026-10-05: style rewrite of the record's own text (rung 2); facts not re-verified,ДА
W-the-yoga-barn-best_for,db,the-yoga-barn,best_for,"First-time visitors who want the full range of drop-in classes in one place, and anyone curious about Ubud's ecstatic-dance and sound-healing scene.","First-time visitors to Ubud who want the full range of drop-in classes in one place, or anyone curious about ecstatic dance and sound healing",replace,"The two audiences stay separate ('or'); 'First-time visitors' kept as visitors, not yoga beginners; 'Ubud's … scene' trimmed; trailing full stop removed.",wave-db 2026-10-05: style rewrite of the record's own text (rung 2); facts not re-verified,ДА
W-the-yoga-barn-not_for,db,the-yoga-barn,not_for,"People seeking a small, quiet studio with individual attention, as classes here can be large.","A small, quiet studio with individual attention. Classes here can be large",replace,'People seeking' opener removed; the 'as' joint replaced by a full stop.,wave-db 2026-10-05: style rewrite of the record's own text (rung 2); facts not re-verified,ДА
W-tukies-coconut-shop-why_its_here,db,tukies-coconut-shop,why_its_here,"A coconut-focused dessert and drinks shop where everything is built around fresh coconut, including vegan coconut ice cream served in the shell with roasted coconut curls. A quick, cooling stop in central Ubud.",Everything at this dessert and drinks shop on Jl. Monkey Forest starts with fresh coconut. The vegan coconut ice cream comes in the shell with roasted coconut curls.,replace,"A 26-word sentence split; 'A quick, cooling stop in central Ubud' moved to best_for; street from the area line.",wave-db 2026-10-05: style rewrite of the record's own text (rung 2); facts not re-verified,ДА
W-tukies-coconut-shop-best_for,db,tukies-coconut-shop,best_for,a cooling coconut treat while walking ubud; vegan dessert; quick sweet break; fresh coconut drinks,"A quick, cooling coconut break while you walk around central Ubud",replace,Four-fragment semicolon list made one clause; 'vegan dessert' and 'fresh coconut drinks' are in why_its_here.,wave-db 2026-10-05: style rewrite of the record's own text (rung 2); facts not re-verified,ДА
W-tukies-coconut-shop-not_for,db,tukies-coconut-shop,not_for,a full sit-down meal or savoury dinner; anyone avoiding coconut,"A full sit-down meal or a savoury dinner, and anyone avoiding coconut — it is in everything",replace,Semicolon replaced; reason attached from why_its_here ('everything is built around fresh coconut').,wave-db 2026-10-05: style rewrite of the record's own text (rung 2); facts not re-verified,ДА
W-ubud-beauty-salon-why_its_here,db,ubud-beauty-salon,why_its_here,"A central-Ubud beauty salon offering hair, nails and basic treatments.","Hair, nails and basic treatments at a beauty salon in central Ubud.",replace,'offering' removed. No fact dropped.,wave-db 2026-10-05: style rewrite of the record's own text (rung 2); facts not re-verified,ДА
W-ubud-beauty-salon-best_for,db,ubud-beauty-salon,best_for,Visitors wanting salon basics in the heart of Ubud.,Salon basics without leaving the centre of Ubud,replace,'Visitors wanting' opener (F1) removed; 'in the heart of' → 'the centre of'; trailing full stop removed.,wave-db 2026-10-05: style rewrite of the record's own text (rung 2); facts not re-verified,ДА
W-ubud-gym-best_for,db,ubud-gym,best_for,Budget-minded travellers who just want a place to train in Ubud.,"A no-frills, budget training session in Ubud",replace,'Budget-minded travellers who just want a place to train' restated as the moment; trailing full stop removed. why_its_here left as is (plain and specific).,wave-db 2026-10-05: style rewrite of the record's own text (rung 2); facts not re-verified,ДА
W-ubud-pilates-why_its_here,db,ubud-pilates,why_its_here,A boutique Pilates studio in Ubud offering mat and reformer classes.,A boutique Pilates studio in Ubud with mat and reformer classes.,replace,'offering' removed. No fact dropped.,wave-db 2026-10-05: style rewrite of the record's own text (rung 2); facts not re-verified,ДА
W-ubud-pilates-best_for,db,ubud-pilates,best_for,Those who prefer low-impact Pilates over a gym in Ubud.,Low-impact Pilates instead of a gym session in Ubud,replace,'Those who prefer' opener (F1) removed; trailing full stop removed.,wave-db 2026-10-05: style rewrite of the record's own text (rung 2); facts not re-verified,ДА
W-ubud-sari-health-resort-why_its_here,db,ubud-sari-health-resort,why_its_here,"Long-standing health resort minutes from Ubud centre that pairs a day spa (Balinese, Lomi Hawaiian and four-hands massage) with wellness and detox programs and raw-food cuisine.","Minutes from Ubud centre, this health resort has a day spa doing Balinese, Lomi Hawaiian and four-hands massage. It also runs wellness and detox programs and serves raw food.",replace,Dropped 'Long-standing' (no date); the bracketed massage list folded in; 'raw-food cuisine' → 'serves raw food'; a 26-word sentence split.,wave-db 2026-10-05: style rewrite of the record's own text (rung 2); facts not re-verified,ДА
W-ubud-sari-health-resort-best_for,db,ubud-sari-health-resort,best_for,"Wellness-focused travellers wanting spa treatments alongside detox, raw-food and longer revitalization programs.","Spa treatments combined with a detox, raw food or a longer revitalization program",replace,'Wellness-focused travellers wanting' opener removed; trailing full stop removed.,wave-db 2026-10-05: style rewrite of the record's own text (rung 2); facts not re-verified,ДА
W-ubud-traditional-spa-why_its_here,db,ubud-traditional-spa,why_its_here,"Traditional Balinese massage spa in the village of Payogan next to the historic Pura Puncak temple, offering massage, body scrubs and flower baths with free transport to and from central Ubud.","A traditional Balinese massage spa in Payogan village, next to Pura Puncak temple. Massage, body scrubs and flower baths are on the menu, and there is free transport to and from central Ubud.",replace,Dropped 'historic' (unsourced adjective) and 'offering'; a 31-word sentence split.,wave-db 2026-10-05: style rewrite of the record's own text (rung 2); facts not re-verified,ДА
W-ubud-traditional-spa-best_for,db,ubud-traditional-spa,best_for,"Travellers wanting an authentic, quieter village spa experience with free central-Ubud pickup.","A massage in a quieter village setting, with free pickup from central Ubud",replace,Dropped 'authentic' and 'experience' and the 'Travellers wanting' opener; trailing full stop removed.,wave-db 2026-10-05: style rewrite of the record's own text (rung 2); facts not re-verified,ДА
W-ubud-traditional-spa-not_for,db,ubud-traditional-spa,not_for,Those wanting to walk in from Ubud centre - it is a short drive out.,Walking over from Ubud centre: it is a short drive out,replace,'Those wanting to' opener removed; spaced hyphen replaced by a colon; trailing full stop removed.,wave-db 2026-10-05: style rewrite of the record's own text (rung 2); facts not re-verified,ДА
W-ubud-yoga-house-why_its_here,db,ubud-yoga-house,why_its_here,"A boutique, slightly off-the-beaten-path studio offering small classes in open-air shalas that overlook rice terraces and jungle.",A boutique yoga studio a little out of the way on Jl. Subak Sokwayah. Classes are small and held in open-air shalas that look over rice terraces and jungle.,replace,'off-the-beaten-path' (cliché) → 'a little out of the way'; 'offering' removed; street from the area line.,wave-db 2026-10-05: style rewrite of the record's own text (rung 2); facts not re-verified,ДА
W-ubud-yoga-house-best_for,db,ubud-yoga-house,best_for,"Practitioners who prefer small classes with personalised attention and a quiet, green setting away from the crowds.","Practitioners who want personal attention in a small class, somewhere quiet and green away from the crowds",replace,'who prefer small classes with personalised attention' restated; trailing full stop removed.,wave-db 2026-10-05: style rewrite of the record's own text (rung 2); facts not re-verified,ДА
W-ubud-yoga-house-not_for,db,ubud-yoga-house,not_for,Anyone wanting a big buzzing studio with a packed daily timetable.,"A big, buzzing studio with a packed daily timetable: classes here are small",replace,'Anyone wanting' opener removed; reason attached from why_its_here.,wave-db 2026-10-05: style rewrite of the record's own text (rung 2); facts not re-verified,ДА
W-warung-biah-biah-why_its_here,db,warung-biah-biah,why_its_here,"A long-running home-style Balinese warung open since 2002, serving authentic nasi campur and local classics at warung prices. Known for its house chili sauce and a spread of Balinese sides.","A home-style Balinese warung on Jl. Goutama, open since 2002. Nasi campur and local classics come at warung prices, with a house chili sauce and a spread of Balinese sides.",replace,"Dropped 'long-running' (the 2002 date stays), 'authentic' (evaluation) and 'Known for' (popularity framing; the sauce and sides stay); street from the area line.",wave-db 2026-10-05: style rewrite of the record's own text (rung 2); facts not re-verified,ДА
W-warung-biah-biah-best_for,db,warung-biah-biah,best_for,authentic Balinese food; budget local dining; nasi campur; a casual central Ubud meal,"A casual, budget Balinese meal in central Ubud, like a plate of nasi campur",replace,"Four-fragment semicolon list made one clause; 'authentic' dropped; nasi campur kept as an example, not the only dish.",wave-db 2026-10-05: style rewrite of the record's own text (rung 2); facts not re-verified,ДА
W-warung-biah-biah-not_for,db,warung-biah-biah,not_for,diners wanting a quiet or upscale setting; groups needing lots of space during busy peak hours,"A quiet or upscale meal, or a group that needs space at busy peak hours. It is a home-style warung",replace,Semicolon list made one clause with the reason attached.,wave-db 2026-10-05: style rewrite of the record's own text (rung 2); facts not re-verified,ДА
W-warung-semesta-best_for,db,warung-semesta,best_for,Healthy mixed-diet meals near Monkey Forest.,A healthy meal near the Monkey Forest for a table with mixed diets,replace,'Healthy mixed-diet meals' restated as the moment; trailing full stop removed. why_its_here left as is (plain and specific).,wave-db 2026-10-05: style rewrite of the record's own text (rung 2); facts not re-verified,ДА
W-warung-semesta-not_for,db,warung-semesta,not_for,Anyone needing a formal fine-dining experience.,"A formal fine-dining meal: this is an organic, mixed-diet restaurant",replace,'Anyone needing … experience' removed; reason attached from why_its_here.,wave-db 2026-10-05: style rewrite of the record's own text (rung 2); facts not re-verified,ДА
W-warung-siam-why_its_here,db,warung-siam,why_its_here,"A family-run Thai warung on Jl. Goutama in central Ubud, opened 2014, known for cooking dishes the traditional Thai way with fresh herbs, lime, and chilis rather than a Westernized menu.","Thai food cooked the traditional way, with fresh herbs, lime and chillies, at a family-run warung on Jl. Goutama. It opened in 2014, and the menu is not westernised.",replace,Dropped 'known for' (popularity framing; the cooking facts stay); a 31-word sentence split; 'Westernized menu' → 'the menu is not westernised'.,wave-db 2026-10-05: style rewrite of the record's own text (rung 2); facts not re-verified,ДА
W-warung-siam-best_for,db,warung-siam,best_for,travelers craving authentic home-style Thai food in central Ubud,A home-style Thai meal in central Ubud,replace,Dropped 'authentic' and 'craving'.,wave-db 2026-10-05: style rewrite of the record's own text (rung 2); facts not re-verified,ДА
W-warung-siam-not_for,db,warung-siam,not_for,large groups needing extensive seating — it's a small patio/counter-style spot,"Large groups, because seating is a small patio and a counter",replace,'needing extensive seating' folded into the reason; the em dash replaced by 'because'.,wave-db 2026-10-05: style rewrite of the record's own text (rung 2); facts not re-verified,ДА
W-watercress-ubud-why_its_here,db,watercress-ubud,why_its_here,"The most polished early breakfast in Ubud — open from 7am with an unusually clear, current menu; breakfast service runs to 11:30.","An early-breakfast spot on Jl. Monkey Forest, open from 7am, with breakfast served until 11:30.",replace,"Dropped 'The most polished early breakfast in Ubud' (ranking claim, no source) and 'an unusually clear, current menu' (generator tic, nothing for the reader); em dash removed; street from the area line.",wave-db 2026-10-05: style rewrite of the record's own text (rung 2); facts not re-verified,ДА
W-watercress-ubud-best_for,db,watercress-ubud,best_for,"An early, composed breakfast; couples who want to talk; small early meetings; groups who book ahead","An early breakfast for couples who want to talk, a small meeting or a group that books ahead",replace,Four-part semicolon chain made one clause; 'composed' dropped.,wave-db 2026-10-05: style rewrite of the record's own text (rung 2); facts not re-verified,ДА
W-whos-who-why_its_here,db,whos-who,why_its_here,"A tucked-away Belgian bistro in the S-bend of south Ubud (near Jl. Raya Pengosekan) serving Belgian comfort classics alongside Indonesian-influenced touches, easy to walk past because of its small, unassuming signage.","A Belgian bistro on the S-bend in south Ubud, near Jl. Raya Pengosekan. The menu is Belgian comfort classics with Indonesian-influenced touches.",replace,"Dropped 'tucked-away' (hype, H1); the walk-past signage moved to not_for; the bracket folded in.",wave-db 2026-10-05: style rewrite of the record's own text (rung 2); facts not re-verified,ДА
W-whos-who-best_for,db,whos-who,best_for,"couples wanting a romantic, tucked-away dinner with Belgian comfort food",Couples after a romantic dinner of Belgian comfort food,replace,"'couples wanting a romantic, tucked-away dinner' restated; 'tucked-away' dropped.",wave-db 2026-10-05: style rewrite of the record's own text (rung 2); facts not re-verified,ДА
W-whos-who-not_for,db,whos-who,not_for,"those wanting a highly visible, easy-to-spot street-front restaurant","A street-front place that is easy to spot, since the signage is small and unassuming",replace,"'those wanting a highly visible' opener removed; reason (small, unassuming signage) moved in from why_its_here.",wave-db 2026-10-05: style rewrite of the record's own text (rung 2); facts not re-verified,ДА
W-zest-ubud-why_its_here,db,zest-ubud,why_its_here,The strongest creative vegan brunch in Ubud — an all-plant-based menu of substantial savoury dishes in a treetop Penestanan setting.,"Zest serves vegan brunch up in the treetops of Penestanan. The whole menu is plant-based, and the savoury dishes are substantial.",replace,"Dropped 'The strongest creative vegan brunch in Ubud' (ranking claim, no source) and the em dash.",wave-db 2026-10-05: style rewrite of the record's own text (rung 2); facts not re-verified,ДА
W-zest-ubud-best_for,db,zest-ubud,best_for,Vegan diners; a social brunch with friends; an atmosphere-led daytime meal; a date that does not need silence,"A social brunch with friends, or a date that does not need silence",replace,Four-part semicolon chain made one clause; 'Vegan diners' (in why_its_here) and 'atmosphere-led' dropped.,wave-db 2026-10-05: style rewrite of the record's own text (rung 2); facts not re-verified,ДА
W-zuna-yoga-ubud-why_its_here,db,zuna-yoga-ubud,why_its_here,A dedicated Ubud yoga school known for its classes and internationally recognised teacher trainings.,A dedicated yoga school in Ubud that runs classes and teacher trainings.,replace,"Dropped 'known for' (popularity framing) and 'internationally recognised' (reputation claim with no source; on the fact-check list: if it means an accreditation, that can be stated instead).",wave-db 2026-10-05: style rewrite of the record's own text (rung 2); facts not re-verified,ДА
W-zuna-yoga-ubud-best_for,db,zuna-yoga-ubud,best_for,Committed practitioners and aspiring teachers who want structured training.,Committed practitioners and aspiring teachers after structured training,replace,'who want' → 'after'; trailing full stop removed.,wave-db 2026-10-05: style rewrite of the record's own text (rung 2); facts not re-verified,ДА
