unit_id,surface,slug_or_path,field,before,after,action,reason,source,decision
W-360-move-uluwatu-why_its_here,db,360-move-uluwatu,why_its_here,"A community-focused gym and training centre on Jalan Pantai Suluban in Pecatu with two levels of equipment and an outdoor workout area. It is known for its wide class timetable spanning strength and conditioning, Hot Pilates, spin, HIIT, Muay Thai and BJJ.","A community-minded gym and training centre in Pecatu, on Jalan Pantai Suluban, with two levels of equipment and an outdoor workout area. Classes cover a lot of ground: strength and conditioning, Hot Pilates, spin, HIIT, Muay Thai and BJJ.",replace,Removed 'It is known for its' (reputation frame; the class list stays as plain fact); 'community-focused' -> 'community-minded'; street moved after the area so the card does not open on the category-on-street formula. Nothing dropped.,wave-db 2026-10-05: style rewrite of the record's own text (rung 2); facts not re-verified,
W-360-move-uluwatu-best_for,db,360-move-uluwatu,best_for,"Travellers who want variety in one place, from open-gym sessions to group classes across many disciplines.","Training that mixes open-gym sessions with group classes across many disciplines, in one place",replace,Removed the 'Travellers who want' opener (F1); 'variety' is now the mix itself. Nothing dropped.,wave-db 2026-10-05: style rewrite of the record's own text (rung 2); facts not re-verified,
W-ami-studio-why_its_here,db,ami-studio,why_its_here,"A boutique reformer Pilates studio in Uluwatu with an ocean-view space, running reformer Pilates, mat Pilates and barre classes with a focus on strength, balance and controlled movement.","Reformer and mat Pilates, plus barre, in an ocean-view studio in Uluwatu. Classes run in small groups and focus on strength, balance and controlled movement.",replace,One 28-word sentence split in two; 'small-group' moved here from best_for. Dropped 'boutique' here (kept in best_for).,wave-db 2026-10-05: style rewrite of the record's own text (rung 2); facts not re-verified,
W-ami-studio-best_for,db,ami-studio,best_for,"Those seeking a calm, small-group boutique studio for reformer and barre.",A calm reformer or barre class in a boutique studio,replace,Removed the 'Those seeking' opener; 'small-group' moved to why_its_here. Nothing dropped.,wave-db 2026-10-05: style rewrite of the record's own text (rung 2); facts not re-verified,
W-andaz-bali-fitness-centre-why_its_here,db,andaz-bali-fitness-centre,why_its_here,"Andaz Bali in Sanur has no gym of its own. Guests train at the Shankha Spa fitness centre in the adjoining Hyatt Regency, reached through a side entrance linking the two resorts and open 24 hours. The floor runs to about 2,000 sq ft of Precor cardio and strength machines, with a yoga studio, sauna, steam and hydrotherapy pools in the same complex. Free sunrise yoga runs on the beach.","Andaz Bali in Sanur has no gym of its own, so its guests train next door at the Hyatt Regency. The Shankha Spa fitness centre there is open 24 hours, with about 2,000 sq ft of Precor machines. Free sunrise yoga runs on the beach.",replace,"Cut from 70 to 45 words and two 25+-word sentences removed. Dropped: 'cardio and strength' (machine types) and 'a yoga studio, sauna, steam and hydrotherapy pools in the same complex' (the same complex is described on the Shankha Spa & Fitness card). 'Side entrance' moved to best_for.",wave-db 2026-10-05: style rewrite of the record's own text (rung 2); facts not re-verified,
W-andaz-bali-fitness-centre-best_for,db,andaz-bali-fitness-centre,best_for,Andaz guests who want a full 24-hour gym and are happy to walk next door for it.,Andaz guests who want a full 24-hour gym and are happy to walk next door through the side entrance,replace,Trailing full stop removed; 'side entrance linking the two resorts' moved here from why_its_here. Nothing dropped.,wave-db 2026-10-05: style rewrite of the record's own text (rung 2); facts not re-verified,
W-aroma-spa-retreat-sanur-why_its_here,db,aroma-spa-retreat-sanur,why_its_here,A long-standing garden day spa in Sanur offering Balinese massage and treatments in a quiet retreat setting.,"A day spa in a Sanur garden, with Balinese massage and other treatments. The setting is quiet and the pace unhurried.",replace,Removed 'offering' and 'retreat setting' (filler); 'unhurried' moved here from best_for. Dropped 'long-standing' (no date in the record).,wave-db 2026-10-05: style rewrite of the record's own text (rung 2); facts not re-verified,
W-aroma-spa-retreat-sanur-best_for,db,aroma-spa-retreat-sanur,best_for,"Sanur stayers wanting an unhurried, good-value massage.",A Balinese massage when you're based in Sanur,replace,Removed the 'stayers wanting' opener and the trailing full stop. Dropped 'good-value' (price evaluation; no price in the record).,wave-db 2026-10-05: style rewrite of the record's own text (rung 2); facts not re-verified,
W-babi-guling-odah-sanur-why_its_here,db,babi-guling-odah-sanur,why_its_here,"A dedicated Balinese roast-pork warung near Pasar Sindhu offering an unusually wide babi guling range, finished with its house sambal tabia (chili, roasted shrimp paste, lime).","A Balinese roast-pork warung near Pasar Sindhu, with an unusually wide babi guling range. Plates are finished with the house sambal tabia: chili, roasted shrimp paste and lime.",replace,Removed 'offering' and 'dedicated'; one 26-word sentence split in two. Nothing dropped.,wave-db 2026-10-05: style rewrite of the record's own text (rung 2); facts not re-verified,
W-babi-guling-odah-sanur-best_for,db,babi-guling-odah-sanur,best_for,"babi guling specialists and pork lovers; a quick, cheap, authentically Balinese lunch; solo diners","A quick, cheap Balinese lunch for pork lovers and babi guling specialists, solo diners included",replace,Three-part semicolon chain made one clause. Dropped 'authentically' (evaluation).,wave-db 2026-10-05: style rewrite of the record's own text (rung 2); facts not re-verified,
W-babi-guling-odah-sanur-not_for,db,babi-guling-odah-sanur,not_for,"vegetarians, non-pork and halal diets; travellers wanting a broad or Western menu","Vegetarian, halal and no-pork diets, or anyone wanting a broad or Western menu: this is a babi guling warung",replace,Removed the 'travellers wanting' opener; the reason (it is a babi guling warung) is now attached. Nothing dropped.,wave-db 2026-10-05: style rewrite of the record's own text (rung 2); facts not re-verified,
W-bali-barber-sanur-sanur-why_its_here,db,bali-barber-sanur-sanur,why_its_here,"The Sanur branch of the Bali Barber brand (established 2012), a men's barbershop on Jl. Danau Tamblingan for cuts, classic hot-towel shaves, beard work and dreadlocks, co-located with The Shampoo Lounge and skilled with all international hair types.","Bali Barber's Sanur shop on Jl. Danau Tamblingan, part of a men's barbershop brand founded in 2012. Cuts, classic hot-towel shaves, beard work and dreadlocks, for all international hair types. It shares the space with The Shampoo Lounge.",replace,"One 38-word sentence split in three; 'established' -> 'founded'; 'co-located with' -> 'shares the space with'. Softened 'skilled with all international hair types' to 'for all international hair types' (the capability stays, the self-praise goes).",wave-db 2026-10-05: style rewrite of the record's own text (rung 2); facts not re-verified,
W-bali-barber-sanur-sanur-best_for,db,bali-barber-sanur-sanur,best_for,"Male travellers wanting a proper barber cut, shave or beard trim in a relaxed shop where you can grab a coffee, beer or cocktail while you wait.","Men who want a barber cut or a shave with a coffee, beer or cocktail while they wait",replace,"Removed the 'Male travellers wanting' opener, 'proper' (soft word) and 'relaxed shop'; beard trim is covered by 'beard work' in why_its_here. Nothing else dropped.",wave-db 2026-10-05: style rewrite of the record's own text (rung 2); facts not re-verified,
W-balique-restaurant-why_its_here,db,balique-restaurant,why_its_here,"A roadside cafe-restaurant on Jalan Raya Uluwatu in the Jimbaran fishing village, opened in 2012 by Belgian design-and-restaurateur couple Blaise Samoy and Zohra Boukhari, in a vintage-European-meets-colonial interior full of antiques the pair collected across the archipelago; the menu is Indonesian-led, with a multi-dish rijsttafel as the signature spread, rounded out by European and fusion plates.","Belgian couple Blaise Samoy and Zohra Boukhari opened this roadside cafe-restaurant in Jimbaran's fishing village in 2012. Antiques they collected across the archipelago fill a vintage European and colonial interior. The menu is mostly Indonesian, with a multi-dish rijsttafel, plus European and fusion plates.",replace,"One 56-word sentence made three. Dropped: 'design-and-restaurateur' (the couple's professions), 'signature' (soft word; rijsttafel stays), 'Jalan Raya Uluwatu' (the street; the card's address line carries it).",wave-db 2026-10-05: style rewrite of the record's own text (rung 2); facts not re-verified,
W-balique-restaurant-best_for,db,balique-restaurant,best_for,"A relaxed, atmospheric lunch or dinner for travellers who want Indonesian home-style cooking and characterful décor away from the beachfront.","A lunch or dinner of Indonesian home-style cooking, away from the beachfront",replace,"Removed the 'for travellers who want' frame. Dropped 'relaxed, atmospheric' (impressions with no fit case) and 'characterful décor' (the antiques line in why_its_here carries it).",wave-db 2026-10-05: style rewrite of the record's own text (rung 2); facts not re-verified,
W-bambu-fitness-bali-why_its_here,db,bambu-fitness-bali,why_its_here,"A large open-plan gym in the Pecatu/Bingin area with bamboo architecture, equipped with Rogue and Eleiko gear across zones for Olympic weightlifting, functional fitness and cardio. It is known for group classes including CrossFit and Hyrox, plus an on-site cafe and a sauna-and-cold-plunge recovery area.","A large open-plan bamboo gym in the Pecatu and Bingin area. Rogue and Eleiko gear fills zones for Olympic weightlifting, functional fitness and cardio. Group classes include CrossFit and Hyrox, and the site has a cafe plus a sauna and cold plunge for recovery.",replace,Removed 'It is known for' (reputation frame; the classes stay as fact); 'bamboo architecture' -> 'bamboo gym'; 'equipped with … across zones' reworded. Nothing dropped.,wave-db 2026-10-05: style rewrite of the record's own text (rung 2); facts not re-verified,
W-bambu-fitness-bali-best_for,db,bambu-fitness-bali,best_for,Serious lifters and CrossFit or Hyrox fans who want a full-featured strength gym with a social atmosphere.,Lifters and CrossFit or Hyrox fans who want a full-featured strength gym with a social feel,replace,Removed 'Serious' (soft word); 'social atmosphere' -> 'social feel'. Nothing dropped.,wave-db 2026-10-05: style rewrite of the record's own text (rung 2); facts not re-verified,
W-banana-lounge-bali-uluwatu-bukit-why_its_here,db,banana-lounge-bali-uluwatu-bukit,why_its_here,"Beach club in the Bukit. Relax & Unwind With Us in a beautifully designed tropical setting offering lounges and sunbeds, tasty food offerings, and impressive beverages. Booking is on the venue's own site.","A beach club on the Bukit with lounges and sunbeds in a tropical setting. Food and drinks are served, and you book on the venue's own website.",replace,"Removed the unattributed marketing slogan 'Relax & Unwind With Us' and the 'Beach club in the Bukit.' formula opener. Dropped 'beautifully designed', 'tasty', 'impressive' (the venue's own praise) and 'offering'.",wave-db 2026-10-05: style rewrite of the record's own text (rung 2); facts not re-verified,
W-banana-lounge-bali-uluwatu-bukit-best_for,db,banana-lounge-bali-uluwatu-bukit,best_for,"A day of sun loungers, pool and drinks by the beach.","A day of sun loungers, pool and drinks by the beach",replace,Trailing full stop removed. Nothing dropped.,wave-db 2026-10-05: style rewrite of the record's own text (rung 2); facts not re-verified,
W-bella-cucina-why_its_here,db,bella-cucina,why_its_here,"The Italian fine-dining restaurant at the InterContinental Bali Resort in Jimbaran, serving handmade pastas and Mediterranean-inflected mains from an open kitchen in an air-conditioned, chandelier-lit room, with a Sunday brunch featuring live music.",Italian fine dining at the InterContinental Bali Resort in Jimbaran. Handmade pastas and Mediterranean-leaning mains come from an open kitchen into an air-conditioned room lit by chandeliers. Sunday brunch has live music.,replace,One 33-word sentence made three; 'featuring' removed; 'Mediterranean-inflected' -> 'Mediterranean-leaning'. Nothing dropped.,wave-db 2026-10-05: style rewrite of the record's own text (rung 2); facts not re-verified,
W-bella-cucina-best_for,db,bella-cucina,best_for,A dressed-up dinner or leisurely Sunday brunch for couples and families wanting composed Italian cooking in a resort setting.,"Couples and families dressing up for dinner, or taking their time over Sunday brunch",replace,Trailing full stop removed; 'leisurely' -> 'taking their time'. Dropped 'composed Italian cooking in a resort setting' (repeats why_its_here).,wave-db 2026-10-05: style rewrite of the record's own text (rung 2); facts not re-verified,
W-bluvana-reformer-studio-why_its_here,db,bluvana-reformer-studio,why_its_here,"Reformer studio on Jl. Pantai Cemongkak in Pecatu. Six reformers per class and eight signature 50-minute formats, each aimed at a zone or an energy level. Morning and evening sessions run daily, booked online.","Classes at this reformer studio on Jl. Pantai Cemongkak in Pecatu are capped at six reformers. There are eight 50-minute formats, each aimed at a zone or an energy level. Sessions run daily, morning and evening, and you book online.",replace,Category-on-street opener ('Reformer studio on Jl. … in Pecatu.') and the verbless fragment removed. Dropped 'signature' (soft word).,wave-db 2026-10-05: style rewrite of the record's own text (rung 2); facts not re-verified,
W-d-nailbar-spa-uluwatu-why_its_here,db,d-nailbar-spa-uluwatu,why_its_here,"A boutique nail bar on Jl. Labuansait near Padang Padang, offering gel, BIAB, extensions and nail art alongside lash and brow work — often described as one of the first dedicated nail bars in the Uluwatu area.","Near Padang Padang, on Jl. Labuansait, this nail bar does gel, BIAB, extensions and nail art. Lash and brow work is done here too, and it fills up, so book ahead on WhatsApp.",replace,"Booking note moved here from best_for. Dropped 'boutique' (label), 'offering' and 'often described as one of the first dedicated nail bars in the Uluwatu area' (hearsay ranking claim, no source).",wave-db 2026-10-05: style rewrite of the record's own text (rung 2); facts not re-verified,
W-d-nailbar-spa-uluwatu-best_for,db,d-nailbar-spa-uluwatu,best_for,Travellers near Padang Padang or Uluwatu town who want a gel manicure or nail art; book ahead via WhatsApp as it fills up.,A gel manicure or nail art when you're near Padang Padang or Uluwatu town,replace,Removed the 'Travellers … who want' frame; booking advice moved to why_its_here. Nothing dropped.,wave-db 2026-10-05: style rewrite of the record's own text (rung 2); facts not re-verified,
W-fisherman-s-club-best_for,db,fisherman-s-club,best_for,Travellers looking for a seafood meal beside Sanur beach.,A seafood meal beside Sanur beach,replace,Removed the 'Travellers looking for' opener (F1) and the trailing full stop. Nothing dropped. why_its_here left as is: plain and specific.,wave-db 2026-10-05: style rewrite of the record's own text (rung 2); facts not re-verified,
W-fitness-plus-why_its_here,db,fitness-plus,why_its_here,"The first 24-hour gym in Sanur, on Bypass Ngurah Rai. Modern equipment, locker rooms and a sauna. Group classes and personal training with local trainers.","Open 24 hours, this Sanur gym on Bypass Ngurah Rai has modern equipment, locker rooms and a sauna. Local trainers run group classes and personal training.",replace,Three verbless fragments made two sentences. Dropped 'The first 24-hour gym in Sanur' ('first' claim with no source; other cards in this batch list 24-hour hotel gyms in Sanur).,wave-db 2026-10-05: style rewrite of the record's own text (rung 2); facts not re-verified,
W-fitness-plus-best_for,db,fitness-plus,best_for,A workout at an hour nothing else is open,"A workout at any hour, day or night",replace,"'at an hour nothing else is open' -> 'at any hour, day or night'. Dropped 'nothing else is open' (an 'only' claim with no source); the 24-hour fact carries the moment.",wave-db 2026-10-05: style rewrite of the record's own text (rung 2); facts not re-verified,
W-garuda-wisnu-kencana-why_its_here,db,garuda-wisnu-kencana,why_its_here,"A cultural park in Ungasan, Badung, built around a giant bronze Vishnu-and-Garuda statue — one of the tallest statues in the world — with an amphitheatre and event spaces on the grounds.","A cultural park in Ungasan, Badung, built around a giant bronze statue of Vishnu and Garuda, one of the tallest statues in the world. The grounds also hold an amphitheatre and event spaces.",replace,Two em dashes and a 30-word sentence removed; the record's own claims kept. Nothing dropped.,wave-db 2026-10-05: style rewrite of the record's own text (rung 2); facts not re-verified,
W-garuda-wisnu-kencana-best_for,db,garuda-wisnu-kencana,best_for,seeing the GWK statue up close; combining with a Bukit-peninsula day out,"Seeing the GWK statue up close, as part of a day out on the Bukit peninsula",replace,Two-part semicolon fragment made one clause. Nothing dropped.,wave-db 2026-10-05: style rewrite of the record's own text (rung 2); facts not re-verified,
W-genius-cafe-why_its_here,db,genius-cafe,why_its_here,"Beachfront cafe and co-working space on Mertasari Beach in south Sanur, with fast Wi-Fi, an all-day plant-forward menu, and toes-in-the-sand seating without a beach-club minimum. Open daily 7am–10pm.","A beachfront cafe and co-working space at Mertasari Beach in south Sanur, open daily 7am–10pm. The Wi-Fi is fast, the menu is plant-forward all day, and you can sit with your toes in the sand without a beach-club minimum spend.",replace,Facts regrouped so each sentence carries its own; hours stay. Nothing dropped.,wave-db 2026-10-05: style rewrite of the record's own text (rung 2); facts not re-verified,
W-genius-cafe-best_for,db,genius-cafe,best_for,remote workers and long-stay visitors wanting a laptop-friendly beach cafe; healthy/plant-based eaters; relaxed daytime coffee or smoothie by the sand,"A laptop day by the sand for remote workers, or a daytime coffee or smoothie for plant-based eaters",replace,"Three-part semicolon chain made one clause; 'visitors wanting' opener removed. Dropped 'long-stay visitors', 'healthy' and 'relaxed'.",wave-db 2026-10-05: style rewrite of the record's own text (rung 2); facts not re-verified,
W-genius-cafe-not_for,db,genius-cafe,not_for,anyone after a formal sit-down dinner or a traditional local warung,A formal dinner or a traditional warung meal: it's a beach cafe with a plant-forward menu,replace,Reason attached. Dropped 'sit-down' and 'local' (the formal-dinner and warung cases stay).,wave-db 2026-10-05: style rewrite of the record's own text (rung 2); facts not re-verified,
W-glo-day-spa-salon-sanur-sanur-why_its_here,db,glo-day-spa-salon-sanur-sanur,why_its_here,"An Australian-owned, Western-style one-stop salon and day spa on Sanur's main strip, part of the Glo group (Canggu, Seminyak, Echo Beach, Lembongan) known for hair, nails, bridal and massage under one roof.","An Australian-owned salon and day spa on Sanur's main strip. It belongs to the Glo group, which also has branches in Canggu, Seminyak, Echo Beach and Lembongan. It does hair and nails as well as bridal work and massage, all under one roof.",replace,One 32-word sentence made three; 'one-stop' and 'known for' removed (the services stay as fact); 'Western-style' moved to best_for. Nothing dropped.,wave-db 2026-10-05: style rewrite of the record's own text (rung 2); facts not re-verified,
W-glo-day-spa-salon-sanur-sanur-best_for,db,glo-day-spa-salon-sanur-sanur,best_for,"Travellers who want familiar Western salon standards in one visit — a haircut, mani-pedi, waxing or brow work alongside a relaxing massage; brides and bridal parties prepping for an event.","A haircut, mani-pedi, waxing or brow work with a massage in one Western-style visit, or a bridal party getting ready for the day",replace,"Removed the 'Travellers who want' opener (F1), the em dash and the semicolon. Dropped 'familiar … standards' (now 'Western-style') and 'relaxing'.",wave-db 2026-10-05: style rewrite of the record's own text (rung 2); facts not re-verified,
W-glo-day-spa-salon-sanur-sanur-not_for,db,glo-day-spa-salon-sanur-sanur,not_for,Anyone after a traditional Balinese temple-style spa ritual rather than a modern salon experience.,"A temple-style Balinese spa ritual, because this is a modern salon",replace,Reason attached with 'because'. Dropped 'traditional' (temple-style Balinese carries it) and 'experience' (filler).,wave-db 2026-10-05: style rewrite of the record's own text (rung 2); facts not re-verified,
W-gong-restaurant-why_its_here,db,gong-restaurant,why_its_here,"Signature Indonesian and Balinese restaurant of Kayumanis Sanur (Jl. Tirta Akasa No. 28), offering an intimate resort setting focused on traditional dishes. Open daily 7am–10pm.","Kayumanis Sanur's Indonesian and Balinese restaurant, on Jl. Tirta Akasa No. 28, open daily 7am–10pm. The resort setting is intimate and the menu sticks to traditional dishes.",replace,"Removed 'Signature' (soft word) from 'Signature Indonesian and Balinese restaurant', and 'offering'. Nothing dropped.",wave-db 2026-10-05: style rewrite of the record's own text (rung 2); facts not re-verified,
W-gong-restaurant-best_for,db,gong-restaurant,best_for,couples and small parties wanting a stylish traditional-Balinese dinner; a special evening centred on local cuisine,A special evening of traditional Balinese food for a couple or a small party,replace,Two-part semicolon chain made one clause. Dropped 'stylish' (impression) and 'wanting'.,wave-db 2026-10-05: style rewrite of the record's own text (rung 2); facts not re-verified,
W-gong-restaurant-not_for,db,gong-restaurant,not_for,"a quick casual bite or a large, loud group","A quick casual bite or a large, loud group. It is an intimate resort restaurant",replace,Reason attached after a full stop (restates the intimate setting). Nothing dropped.,wave-db 2026-10-05: style rewrite of the record's own text (rung 2); facts not re-verified,
W-good-hair-day-sanur-why_its_here,db,good-hair-day-sanur,why_its_here,A Sanur hair salon known for cuts and colour by English-speaking stylists.,"At this hair salon on the Sanur strip, the stylists speak English and do cuts and colour.",replace,Removed 'known for' (reputation frame; the service stays as fact); 'strip' now named here too. Nothing dropped. Still short: the record holds nothing more.,wave-db 2026-10-05: style rewrite of the record's own text (rung 2); facts not re-verified,
W-good-hair-day-sanur-best_for,db,good-hair-day-sanur,best_for,Visitors wanting a dependable haircut along the Sanur strip.,A haircut along the Sanur strip without a language barrier,replace,Removed the 'Visitors wanting' opener (F1) and the trailing full stop. Dropped 'dependable' (evaluation).,wave-db 2026-10-05: style rewrite of the record's own text (rung 2); facts not re-verified,
W-holiday-inn-bali-sanur-gym-why_its_here,db,holiday-inn-bali-sanur-gym,why_its_here,"The gym at Holiday Inn Bali Sanur, on the second floor and open 24 hours to hotel guests only. It is a small room: an upright bike, dumbbells, yoga mats and trainer balls. Guests describe it as basic but adequate for keeping a routine going.","Holiday Inn Bali Sanur keeps a small gym on its second floor, open 24 hours to hotel guests only. Inside there's an upright bike, dumbbells, yoga mats and trainer balls.",replace,"Dropped 'Guests describe it as basic but adequate for keeping a routine going' (review-derived, guardrail #2). Nothing else dropped.",wave-db 2026-10-05: style rewrite of the record's own text (rung 2); facts not re-verified,
W-holiday-inn-bali-sanur-gym-best_for,db,holiday-inn-bali-sanur-gym,best_for,"Hotel guests who need to keep a light routine ticking over, not a full training session.",Hotel guests keeping a light routine ticking over,replace,'not a full training session' moved to not_for (a negative inside best_for); trailing full stop removed.,wave-db 2026-10-05: style rewrite of the record's own text (rung 2); facts not re-verified,
W-holiday-inn-bali-sanur-gym-not_for,db,holiday-inn-bali-sanur-gym,not_for,,"A full training session, because the gym is a small room",replace,Was empty. Filled from the record's own text (rung 2): 'not a full training session' from best_for and 'a small room' from why_its_here.,wave-db 2026-10-05: style rewrite of the record's own text (rung 2); facts not re-verified,
W-island-grooming-barbershop-why_its_here,db,island-grooming-barbershop,why_its_here,"A men's barbershop with locations on Jl. Labuansait in Pecatu and on Jl. Pantai Bingin, focused on precision cuts, fades and grooming — widely cited as one of Uluwatu's most established barbershops.","A men's barbershop for precision cuts, fades and grooming, with shops on Jl. Labuansait in Pecatu and on Jl. Pantai Bingin.",replace,"Em dash removed. Dropped 'widely cited as one of Uluwatu's most established barbershops' (hearsay ranking claim, no source).",wave-db 2026-10-05: style rewrite of the record's own text (rung 2); facts not re-verified,
W-island-grooming-barbershop-best_for,db,island-grooming-barbershop,best_for,"Men wanting a reliable haircut, fade or beard trim near either Uluwatu town or Bingin beach.","A haircut, fade or beard trim near Uluwatu town or Bingin beach",replace,Removed 'Men wanting' and 'reliable' (soft word); trailing full stop removed. 'either' dropped.,wave-db 2026-10-05: style rewrite of the record's own text (rung 2); facts not re-verified,
W-karma-spa-at-karma-kandara-why_its_here,db,karma-spa-at-karma-kandara,why_its_here,"A clifftop resort spa at Karma Kandara in Ungasan with a sauna and saltwater pool, offering massages, facials and wellness-focused treatments high above the ocean. It is known for its dramatic cliff setting and biohacking-style options.","Karma Kandara's clifftop spa in Ungasan, high above the ocean, with a sauna and a saltwater pool. Treatments run from massages and facials to biohacking-style options.",replace,Removed 'offering' and 'It is known for its'. Dropped 'dramatic cliff setting' (impression; the clifftop fact stays) and 'wellness-focused' (vague label).,wave-db 2026-10-05: style rewrite of the record's own text (rung 2); facts not re-verified,
W-karma-spa-at-karma-kandara-best_for,db,karma-spa-at-karma-kandara,best_for,Those wanting a full spa-day escape with cliff views and access to sauna and pool facilities.,A full spa day with cliff views and use of the sauna and pool,replace,Removed the 'Those wanting' opener and the trailing full stop. Dropped 'escape' (filler).,wave-db 2026-10-05: style rewrite of the record's own text (rung 2); facts not re-verified,
W-ko-japanese-teppanyaki-and-sushi-why_its_here,db,ko-japanese-teppanyaki-and-sushi,why_its_here,"The Japanese restaurant at the InterContinental Bali Resort in Jimbaran, headed by chef Mitsuaki Senoo, serving teppanyaki grilled at open counters alongside a sushi and sashimi bar, with a private tatami room and a Balinese-Japanese interior.","Chef Mitsuaki Senoo runs the Japanese restaurant at the InterContinental Bali Resort in Jimbaran. Teppanyaki is grilled at open counters, there's a sushi and sashimi bar, and a private tatami room sits inside a Balinese-Japanese interior.",replace,One 36-word sentence made two; 'headed by' -> 'runs'. Nothing dropped.,wave-db 2026-10-05: style rewrite of the record's own text (rung 2); facts not re-verified,
W-ko-japanese-teppanyaki-and-sushi-best_for,db,ko-japanese-teppanyaki-and-sushi,best_for,Couples or groups wanting an interactive teppanyaki dinner or fresh sushi in a polished resort setting.,"A couple or a group sharing a teppanyaki dinner at the counter, or sushi from the bar",replace,"Removed the 'wanting' frame and trailing full stop. Dropped 'interactive' (the counter says it), 'fresh' (evaluation) and 'polished resort setting' (impression).",wave-db 2026-10-05: style rewrite of the record's own text (rung 2); facts not re-verified,
W-koa-shala-sanur-why_its_here,db,koa-shala-sanur,why_its_here,"A boutique yoga shala and holistic wellness centre in a tropical garden off Jl. Danau Tamblingan, running three daily open-air yoga classes plus meditation in a peaceful courtyard sanctuary.","A yoga shala and holistic wellness centre in a tropical garden off Jl. Danau Tamblingan. Three open-air yoga classes run every day, plus meditation in the courtyard.",replace,One 29-word sentence made two. Dropped 'boutique' (label) and 'peaceful … sanctuary' (brochure words; the courtyard stays).,wave-db 2026-10-05: style rewrite of the record's own text (rung 2); facts not re-verified,
W-koa-shala-sanur-best_for,db,koa-shala-sanur,best_for,"Travellers based in central Sanur who want daily drop-in yoga in a calm garden, ideal for a morning practice before exploring the coast.","A morning drop-in class in a calm garden, before exploring the coast from central Sanur",replace,Removed the 'Travellers … who want' frame and 'ideal for' (F1-type phrase); trailing full stop removed. 'daily' now in why_its_here.,wave-db 2026-10-05: style rewrite of the record's own text (rung 2); facts not re-verified,
W-koa-shala-spa-sanur-why_its_here,db,koa-shala-spa-sanur,why_its_here,"The spa side of Koa Shala, a boutique garden wellness centre down a banana-palm-lined lane off Jl. Danau Tamblingan, offering Balinese and holistic massage in a quiet courtyard sanctuary.","Koa Shala's spa does Balinese and holistic massage in a quiet courtyard. It sits down a banana-palm-lined lane off Jl. Danau Tamblingan, in central Sanur.",replace,Removed 'offering'; one 29-word sentence made two; 'central' moved here from best_for. Dropped 'boutique' (label) and 'sanctuary' (brochure word).,wave-db 2026-10-05: style rewrite of the record's own text (rung 2); facts not re-verified,
W-koa-shala-spa-sanur-best_for,db,koa-shala-spa-sanur,best_for,"Visitors staying central in Sanur who want a calm, unhurried massage in a garden setting, often paired with a yoga class at the same address.","A calm, unhurried massage in a garden, often paired with a yoga class at the same address",replace,Removed the 'Visitors staying … who want' frame and the trailing full stop. Nothing dropped.,wave-db 2026-10-05: style rewrite of the record's own text (rung 2); facts not re-verified,
W-kuu-izakaya-dining-why_its_here,db,kuu-izakaya-dining,why_its_here,"Japanese izakaya-style restaurant at Maya Sanur Resort & Spa serving sushi, sashimi, robatayaki skewers and tempura, with sake and cocktails.","A Japanese izakaya-style restaurant at Maya Sanur Resort & Spa. The kitchen turns out sushi, sashimi, robatayaki skewers and tempura, and there's sake and cocktails to drink.",replace,One list sentence split so the drinks stand apart. Nothing dropped.,wave-db 2026-10-05: style rewrite of the record's own text (rung 2); facts not re-verified,
W-kuu-izakaya-dining-best_for,db,kuu-izakaya-dining,best_for,groups sharing Japanese plates; couples wanting a stylish evening out; diners after quality sushi and grilled skewers,"Groups sharing Japanese plates, or a couple's evening out over sushi and grilled skewers",replace,Three-part semicolon chain made one clause. Dropped 'stylish' (impression) and 'quality' (evaluation).,wave-db 2026-10-05: style rewrite of the record's own text (rung 2); facts not re-verified,
W-kuu-izakaya-dining-not_for,db,kuu-izakaya-dining,not_for,"anyone wanting a quick, casual or budget meal","A quick, casual or budget meal: this is a resort restaurant",replace,Reason attached after a colon (restates 'at Maya Sanur Resort & Spa'). Nothing dropped.,wave-db 2026-10-05: style rewrite of the record's own text (rung 2); facts not re-verified,
W-la-tribu-why_its_here,db,la-tribu,why_its_here,"Yoga and movement studio on Jl. Buana Sari, Pecatu, in an open-air space. Vinyasa, yin, power, kundalini and hatha, plus surf-conditioning yoga. Movement classes cover calisthenics, mobility, contemporary dance and capoeira. Classes run for adults and children, and there is a 50-hour teacher training.","Adults and children both train at this open-air yoga and movement studio on Jl. Buana Sari, Pecatu. Yoga runs from vinyasa, yin, power, kundalini and hatha to surf conditioning, and there's a 50-hour teacher training. Movement classes cover calisthenics, mobility, contemporary dance and capoeira.",replace,Category-on-street opener ('Yoga and movement studio on Jl. …') and the verbless list sentence removed; four sentences made three. Nothing dropped.,wave-db 2026-10-05: style rewrite of the record's own text (rung 2); facts not re-verified,
W-la-tribu-bali-why_its_here,db,la-tribu-bali,why_its_here,"A creative yoga and movement studio on Jl. Buana Sari in Pecatu, near Bingin. Alongside vinyasa, yin and mobility classes it teaches handstands, arm balances and hosts artistic workshops such as pottery and painting.","A yoga and movement studio near Bingin, on Jl. Buana Sari in Pecatu, that also runs art workshops such as pottery and painting. It teaches handstands and arm balances as well as vinyasa, yin and mobility.",replace,"'creative' and 'artistic' -> 'art workshops'; the workshops now sit in the first sentence so the card reads differently from its twin (la-tribu); 'Alongside vinyasa, yin and mobility classes it teaches' reordered. Nothing dropped.",wave-db 2026-10-05: style rewrite of the record's own text (rung 2); facts not re-verified,
W-la-tribu-bali-best_for,db,la-tribu-bali,best_for,Movement-curious practitioners who want playful classes and creative workshops.,"Playful classes for the movement-curious, with a pottery or painting workshop on the side",replace,"Removed the 'practitioners who want' frame and the trailing full stop; 'creative workshops' now named (pottery, painting). Nothing dropped.",wave-db 2026-10-05: style rewrite of the record's own text (rung 2); facts not re-verified,
W-leha-leha-spa-sanur-why_its_here,db,leha-leha-spa-sanur,why_its_here,A relaxed neighbourhood day spa in Sanur offering massage and treatments at local prices.,"Massage and other treatments at local prices, in a neighbourhood day spa near Sanur's beach path.",replace,Removed 'offering'; 'near the beach path' moved here from best_for. Dropped 'relaxed' (impression). Still short: the record holds nothing more.,wave-db 2026-10-05: style rewrite of the record's own text (rung 2); facts not re-verified,
W-leha-leha-spa-sanur-best_for,db,leha-leha-spa-sanur,best_for,"Those wanting an easy, affordable massage near the beach path.","An easy, affordable massage after a walk along the beach path",replace,Removed the 'Those wanting' opener and the trailing full stop. Nothing dropped.,wave-db 2026-10-05: style rewrite of the record's own text (rung 2); facts not re-verified,
W-lilla-pantai-why_its_here,db,lilla-pantai,why_its_here,"A beachfront restaurant directly on the Sanur paved coastal walk (Jalan Duyung), serving Indonesian and European dishes plus seafood, cooked without MSG, with tables facing the sea. Open all day from breakfast to late evening.","Tables face the sea at this beachfront restaurant on Sanur's paved coastal walk, at Jalan Duyung. The kitchen cooks Indonesian and European dishes and seafood without MSG, from breakfast to late evening.",replace,One 35-word sentence made two; 'Open all day' folded into 'from breakfast to late evening'. Nothing dropped.,wave-db 2026-10-05: style rewrite of the record's own text (rung 2); facts not re-verified,
W-lilla-pantai-best_for,db,lilla-pantai,best_for,"couples and families wanting relaxed seafront tables; long-stay visitors after an easy, calm sit-down meal; anyone who wants toes-near-sand dining without a resort setting","Couples, families and long-stay visitors who want an easy seafront meal without a resort setting",replace,"Three-part semicolon chain made one clause. Dropped 'relaxed', 'calm' (impressions), 'sit-down' and 'toes-near-sand' (the seafront tables carry it).",wave-db 2026-10-05: style rewrite of the record's own text (rung 2); facts not re-verified,
W-lilla-pantai-not_for,db,lilla-pantai,not_for,anyone needing a quiet indoor space to work,"A quiet indoor space to work, because the tables face the sea on the coastal walk",replace,Reason attached with 'because'. Nothing dropped.,wave-db 2026-10-05: style rewrite of the record's own text (rung 2); facts not re-verified,
W-linga-longa-bar-why_its_here,db,linga-longa-bar,why_its_here,"A long-running live-music bar with bands nightly across rock, pop and Top 40 — the main sets from around 8:30pm, with late rock sessions running past midnight — plus a Babi Guling (suckling pig) buffet on set days (Wednesdays and Sundays).","A live-music bar with bands every night, playing rock, pop and Top 40. The main sets start around 8:30pm, late rock sessions run past midnight, and a babi guling (suckling pig) buffet goes on Wednesdays and Sundays.",replace,Two em dashes and a 39-word sentence removed; 'on set days' -> the days themselves. Dropped 'long-running' (no date in the record).,wave-db 2026-10-05: style rewrite of the record's own text (rung 2); facts not re-verified,
W-linga-longa-bar-best_for,db,linga-longa-bar,best_for,night out with live music and drinks; groups who want to sing along and stay late,"A night out with live music and drinks, for a group that wants to sing along and stay late",replace,Two-part semicolon fragment made one clause. Nothing dropped.,wave-db 2026-10-05: style rewrite of the record's own text (rung 2); facts not re-verified,
W-linga-longa-bar-not_for,db,linga-longa-bar,not_for,anyone after a quiet dinner or an early night,A quiet dinner or an early night — the bands play every night and the rock runs past midnight,replace,Reason attached after one dash (restates the nightly bands and the past-midnight sessions). Nothing dropped.,wave-db 2026-10-05: style rewrite of the record's own text (rung 2); facts not re-verified,
W-mantra-wellness-why_its_here,db,mantra-wellness,why_its_here,"Wellness centre a short walk from Padang Padang beach. Movement in yoga and pilates, recovery in a sauna, cold plunge and mandala pool, plus a healthy cafe and coworking. Rooms on site are adults-only.","A short walk from Padang Padang beach, this wellness centre pairs yoga and pilates with a sauna, cold plunge and mandala pool for recovery. There's a healthy cafe and coworking too, and the rooms on site are adults-only.",replace,"Category opener ('Wellness centre a short walk from …') and the verbless list sentence ('Movement in yoga and pilates, recovery in …') reworded. Nothing dropped.",wave-db 2026-10-05: style rewrite of the record's own text (rung 2); facts not re-verified,
W-mantra-wellness-not_for,db,mantra-wellness,not_for,,A family stay: the rooms on site are adults-only,replace,Was empty. Filled from the record's own text (rung 2): 'Rooms on site are adults-only'.,wave-db 2026-10-05: style rewrite of the record's own text (rung 2); facts not re-verified,
W-martha-tilaar-salon-day-spa-sanur-why_its_here,db,martha-tilaar-salon-day-spa-sanur,why_its_here,"The Sanur outlet of Martha Tilaar, offering the Indonesian brand's signature herbal spa rituals plus hair, nails and beauty basics.","Martha Tilaar's Sanur branch, where the Indonesian brand does its herbal spa rituals, plus hair, nails and beauty basics.",replace,Removed 'offering' and 'signature' (soft word). Nothing dropped.,wave-db 2026-10-05: style rewrite of the record's own text (rung 2); facts not re-verified,
W-martha-tilaar-salon-day-spa-sanur-best_for,db,martha-tilaar-salon-day-spa-sanur,best_for,Visitors wanting authentic Indonesian spa rituals from a trusted local brand.,"Herbal spa rituals from a local Indonesian brand, with hair or nails in the same visit",replace,Removed the 'Visitors wanting' opener (F1) and the trailing full stop. Dropped 'authentic' and 'trusted' (evaluations).,wave-db 2026-10-05: style rewrite of the record's own text (rung 2); facts not re-verified,
W-maya-sanur-spa-sanur-why_its_here,db,maya-sanur-spa-sanur,why_its_here,"The beachfront spa at Maya Sanur Resort & Spa, a garden sanctuary of six private double suites offering traditional massage, body scrubs and facials from certified therapists.","Maya Sanur Resort & Spa's beachfront spa has six private double suites in a garden. Certified therapists do traditional massage, body scrubs and facials.",replace,One 26-word sentence made two; 'offering' removed. Dropped 'sanctuary' (brochure word).,wave-db 2026-10-05: style rewrite of the record's own text (rung 2); facts not re-verified,
W-maya-sanur-spa-sanur-best_for,db,maya-sanur-spa-sanur,best_for,"Couples and travellers wanting a polished resort-spa treatment by the beach; guests looking to combine a massage with a facial in a serene, upscale setting.","Couples after a polished resort-spa treatment by the beach, or a massage and facial together",replace,"Removed the 'travellers wanting' / 'guests looking to' frames, the semicolon and the trailing full stop. Dropped 'serene, upscale setting' (impressions).",wave-db 2026-10-05: style rewrite of the record's own text (rung 2); facts not re-verified,
W-maya-sanur-yoga-studio-why_its_here,db,maya-sanur-yoga-studio,why_its_here,"The yoga studio at Maya Sanur Resort & Spa, air-conditioned and contemporary, with several complimentary programmes for in-house guests: free style, restorative, aqua yoga and sun salutation, pitched at all levels of flexibility. Daily sessions also run at the beachfront plaza and the rooftop garden.","An air-conditioned, contemporary yoga studio at Maya Sanur Resort & Spa, free for in-house guests at any level. Programmes run from free style and restorative to aqua yoga and sun salutation, with daily sessions also on the beachfront plaza and the rooftop garden.",replace,Two long sentences regrouped. 'several complimentary programmes' -> 'free' (the count word 'several' dropped); 'all levels of flexibility' -> 'any level'.,wave-db 2026-10-05: style rewrite of the record's own text (rung 2); facts not re-verified,
W-maya-sanur-yoga-studio-best_for,db,maya-sanur-yoga-studio,best_for,"Sanur guests who want a free daily class and a choice between an air-conditioned room, the beach plaza or the roof.","Resort guests who want a free daily class, indoors in the cool or out on the plaza or roof",replace,Trailing full stop removed; 'Sanur guests' -> 'Resort guests'; the three rooms said once. Nothing dropped.,wave-db 2026-10-05: style rewrite of the record's own text (rung 2); facts not re-verified,
W-mona-lisa-cafe-why_its_here,db,mona-lisa-cafe,why_its_here,"Long-running casual cafe on Jl. Danau Tamblingan serving Indonesian staples alongside international dishes, with vegetarian, vegan and halal options.","Indonesian staples and international dishes at a casual cafe on Jl. Danau Tamblingan, with vegetarian, vegan and halal options.",replace,Category-on-street opener reordered. Dropped 'Long-running' (no date in the record).,wave-db 2026-10-05: style rewrite of the record's own text (rung 2); facts not re-verified,
W-mona-lisa-cafe-best_for,db,mona-lisa-cafe,best_for,families and long-stay visitors wanting an easy all-rounder; travellers after familiar Indonesian dishes in a relaxed setting,Families and long-stay visitors who want an easy all-rounder with familiar Indonesian dishes,replace,Two-part semicolon chain made one clause; 'visitors wanting' frame removed. Dropped 'relaxed setting' (impression).,wave-db 2026-10-05: style rewrite of the record's own text (rung 2); facts not re-verified,
W-mona-lisa-cafe-not_for,db,mona-lisa-cafe,not_for,anyone seeking a special-occasion or fine-dining evening,"A special occasion or fine dining, because this is a casual cafe",replace,Reason attached with 'because'. Nothing dropped.,wave-db 2026-10-05: style rewrite of the record's own text (rung 2); facts not re-verified,
W-morning-light-yoga-why_its_here,db,morning-light-yoga,why_its_here,A small independent yoga studio on the Bukit running scheduled classes -- a low-key alternative to Uluwatu's larger retreat centres.,A small independent yoga studio on the Bukit that runs scheduled classes. It's a low-key alternative to Uluwatu's larger retreat centres.,replace,The '--' aside made its own sentence. Nothing dropped.,wave-db 2026-10-05: style rewrite of the record's own text (rung 2); facts not re-verified,
W-morning-light-yoga-studio-why_its_here,db,morning-light-yoga-studio,why_its_here,"An open-air, reclaimed-teak shala at Uluwatu Surf Villas on the clifftop above Balangan and the Uluwatu coastline. It runs a single daily morning class (a different style each day) known for its ocean views and a complimentary coconut afterwards at the Mana cafe.","An open-air shala of reclaimed teak at Uluwatu Surf Villas, on the clifftop above Balangan and the Uluwatu coastline. There is one morning class a day, each day in a different style, with a free coconut afterwards at the Mana cafe.",replace,One 30-word sentence reworded; 'complimentary' -> 'free'. Dropped 'known for its ocean views' as a reputation frame (the views move to best_for).,wave-db 2026-10-05: style rewrite of the record's own text (rung 2); facts not re-verified,
W-morning-light-yoga-studio-best_for,db,morning-light-yoga-studio,best_for,Travellers wanting one scenic sunrise clifftop class rather than a full studio timetable.,"A scenic sunrise class on the clifftop, with ocean views",replace,'rather than a full studio timetable' moved to not_for; 'Travellers wanting' opener and trailing full stop removed.,wave-db 2026-10-05: style rewrite of the record's own text (rung 2); facts not re-verified,
W-morning-light-yoga-studio-not_for,db,morning-light-yoga-studio,not_for,,A full studio timetable: there is one class a day,replace,Was empty. Filled from the record's own text (rung 2): 'rather than a full studio timetable' (best_for) and 'a single daily morning class' (why_its_here).,wave-db 2026-10-05: style rewrite of the record's own text (rung 2); facts not re-verified,
W-nelayan-restaurant-and-puri-bar-why_its_here,db,nelayan-restaurant-and-puri-bar,why_its_here,"The open-air beachfront restaurant and bar at Belmond Jimbaran Puri, set directly on the sand of Jimbaran Bay, serving grilled seafood and Mediterranean dishes with Indonesian spices and French technique; Puri Bar pours tropical cocktails and local arak with feet-in-the-sand views west across the bay at sunset.","Belmond Jimbaran Puri's open-air restaurant and bar sit right on the sand of Jimbaran Bay. Nelayan grills seafood and cooks Mediterranean dishes with Indonesian spices and French technique. At Puri Bar, tropical cocktails and local arak come with the sunset across the bay.",replace,One 47-word sentence made three. Dropped 'beachfront' and 'feet-in-the-sand' (now 'right on the sand') and 'west' (the sunset carries it).,wave-db 2026-10-05: style rewrite of the record's own text (rung 2); facts not re-verified,
W-nelayan-restaurant-and-puri-bar-best_for,db,nelayan-restaurant-and-puri-bar,best_for,A sunset cocktail or unhurried seafood dinner on the beach for couples and resort guests wanting a calmer alternative to Jimbaran's crowded grill row.,"Couples and resort guests after a sunset cocktail or an unhurried seafood dinner, calmer than Jimbaran's crowded grill row",replace,Reordered to start with the person; trailing full stop removed; 'a calmer alternative to' -> 'calmer than'. Nothing dropped.,wave-db 2026-10-05: style rewrite of the record's own text (rung 2); facts not re-verified,
W-oranje-bar-why_its_here,db,oranje-bar,why_its_here,"Small, cosy Dutch-run bar a short walk from Sindhu beach, good for a relaxed beer and snacks; known for Dutch bar food.","A small Dutch-run bar a short walk from Sindhu beach, pouring beer and serving Dutch bar food and snacks.",replace,Removed 'good for a relaxed …' and 'known for' (the food stays as fact). Dropped 'cosy' and 'relaxed' (impressions).,wave-db 2026-10-05: style rewrite of the record's own text (rung 2); facts not re-verified,
W-oranje-bar-best_for,db,oranje-bar,best_for,a casual beer and snacks after the beach; couples or solo travellers wanting a low-key spot,"A low-key beer and snacks after the beach, alone or as a couple",replace,Two-part semicolon chain made one clause; 'solo travellers wanting' -> 'alone'. Dropped 'casual' (low-key carries it).,wave-db 2026-10-05: style rewrite of the record's own text (rung 2); facts not re-verified,
W-oranje-bar-not_for,db,oranje-bar,not_for,large groups after a full sit-down dinner,A large group after a full sit-down dinner. It's a small bar with snacks,replace,Reason attached after a full stop (restates 'small' and 'snacks'). Nothing dropped.,wave-db 2026-10-05: style rewrite of the record's own text (rung 2); facts not re-verified,
W-ours-bali-uluwatu-bukit-why_its_here,db,ours-bali-uluwatu-bukit,why_its_here,"Bar in the Bukit. The 4–6 PM window at Ours Bali is well-known for discounted cocktails and wines served in a celebrated all-day restaurant with a warm, open atmosphere. Happy hour: 4–6 PM Daily. Booking is on the venue's own site.","Ours Bali is an all-day restaurant and bar on the Bukit. Happy hour runs 4–6pm daily, with discounted cocktails and wines, and you book on the venue's own website.",replace,"Removed the 'Bar in the Bukit.' formula opener and the repeated happy-hour line. Dropped 'well-known' (popularity claim), 'celebrated' (praise) and 'warm, open atmosphere' (marketing impression).",wave-db 2026-10-05: style rewrite of the record's own text (rung 2); facts not re-verified,
W-ours-bali-uluwatu-bukit-best_for,db,ours-bali-uluwatu-bukit,best_for,"An evening out for drinks, not a full sit-down meal.",Discounted cocktails and wine at happy hour,replace,Replaced the shared generic line (identical on White Rabbit Lounge). Dropped 'not a full sit-down meal': it conflicts with 'all-day restaurant' in the same record (listed in the log as doubtful).,wave-db 2026-10-05: style rewrite of the record's own text (rung 2); facts not re-verified,
W-ours-spa-boutique-why_its_here,db,ours-spa-boutique,why_its_here,"A neighbourhood day spa on Jalan Labuan Sait known for Dermalogica facials, nails, hair and massage, with a sister cafe next door. It works largely with vegan and cruelty-free product lines.","Dermalogica facials, nails, hair and massage at a neighbourhood day spa on Jalan Labuan Sait, with a sister cafe next door. It works largely with vegan and cruelty-free product lines.",replace,Removed 'known for' (the services stay as fact); category-on-street opener reordered. Nothing dropped.,wave-db 2026-10-05: style rewrite of the record's own text (rung 2); facts not re-verified,
W-ours-spa-boutique-best_for,db,ours-spa-boutique,best_for,"Travellers wanting facials, nails and beauty services alongside massage without leaving the Uluwatu strip.","Facials, nails and beauty services with a massage, without leaving the Uluwatu strip",replace,Removed the 'Travellers wanting' opener and the trailing full stop. Nothing dropped.,wave-db 2026-10-05: style rewrite of the record's own text (rung 2); facts not re-verified,
W-piccolina-why_its_here,db,piccolina,why_its_here,"A hair-first salon on Jl. Labuansait offering precision cuts, colour, keratin and blow-dries to European standards, with manicures and massage available; the space doubles as a small wine bottle shop.","Hair comes first at this salon on Jl. Labuansait: precision cuts, colour, keratin and blow-dries to European standards. Manicures and massage are available too, and the space doubles as a small wine bottle shop.",replace,One 30-word sentence made two; 'offering' removed; 'hair-first' -> 'Hair comes first'. Nothing dropped.,wave-db 2026-10-05: style rewrite of the record's own text (rung 2); facts not re-verified,
W-piccolina-best_for,db,piccolina,best_for,"Those after an expert cut or colour for men or women, with an easygoing wine-bar atmosphere.","An expert cut or colour for men or women, with an easygoing wine-bar feel",replace,Removed the 'Those after' opener and the trailing full stop; 'atmosphere' -> 'feel'. Nothing dropped.,wave-db 2026-10-05: style rewrite of the record's own text (rung 2); facts not re-verified,
W-power-of-now-oasis-sanur-why_its_here,db,power-of-now-oasis-sanur,why_its_here,"A Yoga Alliance-accredited yoga and retreat centre established in 2010 in a striking 100% bamboo beachfront shala on Sanur's Mertasari beach, running daily classes, teacher trainings and holistic treatments, with an organic cafe on site.","A yoga and retreat centre in a beachfront shala made of 100% bamboo, on Mertasari beach in south Sanur. Open since 2010 and accredited by Yoga Alliance, it runs daily classes, teacher trainings and holistic treatments, with an organic cafe on site.",replace,One 35-word sentence made two; 'established in' -> 'Open since'. Dropped 'striking' (impression).,wave-db 2026-10-05: style rewrite of the record's own text (rung 2); facts not re-verified,
W-power-of-now-oasis-sanur-best_for,db,power-of-now-oasis-sanur,best_for,"Yoga travellers in south Sanur who want daily beachfront classes in an eco bamboo studio, or a deeper 200-hour teacher training or retreat.","Daily classes on the beach in a bamboo studio, or a 200-hour teacher training or retreat",replace,Removed the 'Yoga travellers … who want' frame and the trailing full stop. Dropped 'eco' and 'deeper'; 'south Sanur' now in why_its_here.,wave-db 2026-10-05: style rewrite of the record's own text (rung 2); facts not re-verified,
W-puri-santrian-spa-sanur-why_its_here,db,puri-santrian-spa-sanur,why_its_here,"The spa at Puri Santrian, a long-standing family-owned beach resort in south Sanur, with nine double treatment rooms offering Balinese massage, aromatherapy, reflexology and facials using Phytomer and Sothys products.","The spa at Puri Santrian, a family-owned beach resort in south Sanur, has nine double treatment rooms. The menu covers Balinese massage, aromatherapy, reflexology and facials, using Phytomer and Sothys products.",replace,One 30-word sentence made two; 'offering' removed. Dropped 'long-standing' (no date in the record).,wave-db 2026-10-05: style rewrite of the record's own text (rung 2); facts not re-verified,
W-puri-santrian-spa-sanur-best_for,db,puri-santrian-spa-sanur,best_for,Travellers staying in south Sanur who want a full menu of classic and modern treatments in a beachfront resort; those pairing a massage with the resort's morning beach yoga.,"Classic or modern treatments at a beachfront resort, or a massage paired with its morning beach yoga",replace,"Removed the 'Travellers staying … who want' and 'those pairing' frames, the semicolon and the trailing full stop. Dropped 'full menu' and 'staying in south Sanur' (south Sanur stays in why_its_here).",wave-db 2026-10-05: style rewrite of the record's own text (rung 2); facts not re-verified,
W-puri-santrian-yoga-wellness-why_its_here,db,puri-santrian-yoga-wellness,why_its_here,"A complimentary morning yoga class on the beach at Puri Santrian in south Sanur, open to in-house guests and led by the resort's resident yoga master, built around gentle stretching and breathing. The property has a fitness suite, bicycles, and a spa with nine double treatment rooms using fresh fruit, herbs and plant material alongside Sothys Paris products.","Puri Santrian's resident yoga master leads a free morning beach class of gentle stretching and breathing for in-house guests. The south Sanur resort also has a fitness suite and bicycles. Its spa uses fresh fruit, herbs and plant material alongside Sothys products.",replace,Cut from 58 to 44 words; two 25+-word sentences removed; 'complimentary' -> 'free'. Dropped 'nine double treatment rooms' (on the Puri Santrian Spa card) and 'Paris' from 'Sothys Paris'.,wave-db 2026-10-05: style rewrite of the record's own text (rung 2); facts not re-verified,
W-puri-santrian-yoga-wellness-best_for,db,puri-santrian-yoga-wellness,best_for,Sanur guests who want an unhurried free beach class in the morning rather than a studio workout.,Resort guests who want an unhurried free class on the beach in the morning,replace,'rather than a studio workout' moved to not_for; 'Sanur guests' -> 'Resort guests'; trailing full stop removed.,wave-db 2026-10-05: style rewrite of the record's own text (rung 2); facts not re-verified,
W-puri-santrian-yoga-wellness-not_for,db,puri-santrian-yoga-wellness,not_for,,"A studio workout, since the class is gentle stretching and breathing on the beach",replace,Was empty. Filled from the record's own text (rung 2): 'rather than a studio workout' (best_for) and 'gentle stretching and breathing' (why_its_here).,wave-db 2026-10-05: style rewrite of the record's own text (rung 2); facts not re-verified,
W-raw-gym-uluwatu-why_its_here,db,raw-gym-uluwatu,why_its_here,"An open-air, warehouse-style gym on Jalan Raya Uluwatu with a boxing ring and dedicated martial-arts space. It is known for Muay Thai, boxing and BJJ coaching alongside strength training, with membership valid across Raw Gym's other Bali locations.","Raw Gym's Uluwatu branch is an open-air warehouse-style gym with a boxing ring and a martial-arts space, on Jalan Raya Uluwatu. Coaches teach Muay Thai, boxing and BJJ alongside strength training, and membership is valid at the other Bali locations too.",replace,Removed 'It is known for' (the coaching stays as fact). Dropped 'dedicated' (filler).,wave-db 2026-10-05: style rewrite of the record's own text (rung 2); facts not re-verified,
W-raw-gym-uluwatu-best_for,db,raw-gym-uluwatu,best_for,"People focused on combat sports and no-frills, high-intensity training.","Combat sports, or no-frills high-intensity training",replace,Removed the 'People focused on' frame and the trailing full stop. Nothing dropped.,wave-db 2026-10-05: style rewrite of the record's own text (rung 2); facts not re-verified,
W-reform-pilates-bali-why_its_here,db,reform-pilates-bali,why_its_here,"A reformer Pilates studio that opened in Bingin in 2023 and later added a larger flagship near Suluban Beach with twelve reformers and a rooftop cafe. It is known for daily group reformer classes, private sessions and duets, with class packs usable across both locations.","A reformer Pilates studio that opened in Bingin in 2023, then added a larger flagship near Suluban Beach with twelve reformers and a rooftop cafe. Group reformer classes run daily, alongside private sessions and duets, and class packs work at both locations.",replace,Removed 'It is known for' (the classes stay as fact); one 26-word sentence reworded. Nothing dropped.,wave-db 2026-10-05: style rewrite of the record's own text (rung 2); facts not re-verified,
W-reform-pilates-bali-best_for,db,reform-pilates-bali,best_for,Reformer Pilates regulars who want daily group classes or 1:1 sessions.,Reformer Pilates regulars who want daily group classes or 1:1 sessions,replace,Trailing full stop removed only.,wave-db 2026-10-05: style rewrite of the record's own text (rung 2); facts not re-verified,
W-rose-petal-why_its_here,db,rose-petal,why_its_here,"A full beauty centre on Jl. Labuansait bringing hair, facials, lashes, brows, nails and body treatments under one roof, with a lounge and sunset terrace; its colourists are trained in European and Asian techniques including balayage and lived-in colour.","Hair, facials, lashes, brows, nails and body treatments under one roof, at a beauty centre on Jl. Labuansait with a lounge and a sunset terrace. Its colourists are trained in European and Asian techniques such as balayage and lived-in colour.",replace,One 39-word sentence made two; category-on-street opener reordered. Dropped 'full' before 'beauty centre' (under one roof carries it).,wave-db 2026-10-05: style rewrite of the record's own text (rung 2); facts not re-verified,
W-rose-petal-best_for,db,rose-petal,best_for,Someone wanting hair colour or a fuller beauty day in an upmarket setting with a lounge to linger in.,"Hair colour or a fuller beauty day somewhere upmarket, with a lounge to linger in",replace,Removed the 'Someone wanting' opener and the trailing full stop. Nothing dropped.,wave-db 2026-10-05: style rewrite of the record's own text (rung 2); facts not re-verified,
W-sala-bistro-why_its_here,db,sala-bistro,why_its_here,"Modern bistro and specialty-coffee spot on Jl. Danau Tamblingan serving western-Asian comfort food, with distinct brunch and dinner menus.","Specialty coffee and western-Asian comfort food at a modern bistro on Jl. Danau Tamblingan, with separate brunch and dinner menus.",replace,Category-on-street opener reordered; 'distinct' -> 'separate'. Nothing dropped.,wave-db 2026-10-05: style rewrite of the record's own text (rung 2); facts not re-verified,
W-sala-bistro-best_for,db,sala-bistro,best_for,brunch and coffee sessions; casual laptop-friendly daytime stops; travellers wanting comfort food in a relaxed setting,"Brunch and coffee, or a casual daytime stop with a laptop",replace,"Three-part semicolon chain made one clause. Dropped 'sessions', 'travellers wanting comfort food' (in why_its_here) and 'relaxed setting' (impression).",wave-db 2026-10-05: style rewrite of the record's own text (rung 2); facts not re-verified,
W-sala-bistro-not_for,db,sala-bistro,not_for,anyone after traditional Balinese or a large-group banquet,Traditional Balinese food or a large-group banquet. The menus are western-Asian comfort food,replace,Reason attached after a full stop. Nothing dropped.,wave-db 2026-10-05: style rewrite of the record's own text (rung 2); facts not re-verified,
W-segara-the-seaside-why_its_here,db,segara-the-seaside,why_its_here,"A beachfront bar and restaurant on Sanur's shore at Jl. Segara Ayu, serving seafood, pasta, Indonesian dishes and pizza with ocean views, beach happy hour and live music.","A beachfront bar and restaurant right on Sanur's shore at Jl. Segara Ayu, looking out over the ocean. Seafood, pasta, Indonesian dishes and pizza are on the menu, and there's a beach happy hour and live music.",replace,One 28-word sentence made two; 'with ocean views' -> 'looks out over the ocean'. Nothing dropped.,wave-db 2026-10-05: style rewrite of the record's own text (rung 2); facts not re-verified,
W-segara-the-seaside-best_for,db,segara-the-seaside,best_for,groups wanting beachfront tables with drinks and live music; families dining early by the sea; a relaxed seafront meal,"Groups after beachfront tables with drinks and live music, or families eating early by the sea",replace,Three-part semicolon chain made one clause; 'groups wanting' frame removed. Dropped 'a relaxed seafront meal' (impression; the seafront stays).,wave-db 2026-10-05: style rewrite of the record's own text (rung 2); facts not re-verified,
W-segara-the-seaside-not_for,db,segara-the-seaside,not_for,anyone wanting a quiet dinner with no music,"A quiet, music-free dinner — the bar runs live music and a beach happy hour",replace,Reason attached after one dash (restates the live music and happy hour). Nothing dropped.,wave-db 2026-10-05: style rewrite of the record's own text (rung 2); facts not re-verified,
W-shankha-spa-and-fitness-at-hyatt-regency-bali-why_its_here,db,shankha-spa-and-fitness-at-hyatt-regency-bali,why_its_here,"The fitness centre inside Shankha Spa at Hyatt Regency Bali in Sanur, open 24 hours, with roughly 2,000 sq ft of Precor cardio and strength equipment and natural light over the spa lagoon. The wider complex is the largest wellness facility in Sanur: ten freestanding spa villas around a lily pond, sauna, steam, hot and cold plunge pools, a 15.5-metre outdoor lap pool, an adults-only pool and a juice bar serving kombucha and jamu.","The 24-hour gym inside Shankha Spa at Hyatt Regency Bali in Sanur has about 2,000 sq ft of Precor cardio and strength kit. The complex adds ten spa villas around a lily pond, sauna, steam, hot and cold plunge pools and a 15.5-metre lap pool.",replace,"Cut from 74 to 45 words; two 25+-word sentences removed. Dropped 'the largest wellness facility in Sanur' (ranking claim, no source), 'natural light over the spa lagoon', 'freestanding', 'outdoor', 'an adults-only pool' and 'a juice bar serving kombucha and jamu'.",wave-db 2026-10-05: style rewrite of the record's own text (rung 2); facts not re-verified,
W-shankha-spa-and-fitness-at-hyatt-regency-bali-best_for,db,shankha-spa-and-fitness-at-hyatt-regency-bali,best_for,Sanur guests who want a serious 24-hour gym with a full hydrotherapy circuit and lap pool attached.,A 24-hour gym with a full hydrotherapy circuit and a lap pool attached,replace,"Removed 'Sanur guests who want', 'serious' (soft word) and the trailing full stop. Nothing else dropped.",wave-db 2026-10-05: style rewrite of the record's own text (rung 2); facts not re-verified,
W-shankha-spa-hyatt-regency-bali-yoga-why_its_here,db,shankha-spa-hyatt-regency-bali-yoga,why_its_here,"The open-air yoga studio in the Fitness Pavilion at Shankha Spa, Hyatt Regency Bali in Sanur. The schedule includes a sunrise class pitched at beginners and Hatha sessions, set in the spa's garden alongside the lap pool.","An open-air yoga studio in the Fitness Pavilion at Shankha Spa, Hyatt Regency Bali in Sanur. It sits in the spa's garden beside the lap pool, and the schedule has a sunrise class pitched at beginners plus Hatha sessions.",replace,Removed 'set in' (stock phrase); garden and pool moved into their own clause. Nothing dropped.,wave-db 2026-10-05: style rewrite of the record's own text (rung 2); facts not re-verified,
W-shankha-spa-hyatt-regency-bali-yoga-best_for,db,shankha-spa-hyatt-regency-bali-yoga,best_for,Sanur guests who want an open-air sunrise class that does not assume prior experience.,A sunrise class in the open air that doesn't assume you've done yoga before,replace,"Removed 'Sanur guests who want', 'experience' (stock word) and the trailing full stop. Nothing else dropped.",wave-db 2026-10-05: style rewrite of the record's own text (rung 2); facts not re-verified,
W-six-senses-spa-uluwatu-why_its_here,db,six-senses-spa-uluwatu,why_its_here,"The destination spa at Six Senses Uluwatu with eight treatment rooms, a yoga pavilion, gym and wellness screening, using the Ila product line and locally inspired rituals. It is built around bespoke wellness programmes and biomarker screening.","Six Senses Uluwatu's destination spa has eight treatment rooms, a yoga pavilion and a gym. It uses the Ila product line and locally inspired rituals, and builds bespoke programmes around wellness and biomarker screening.",replace,One 26-word sentence regrouped; 'wellness screening' and 'biomarker screening' said once. Nothing dropped.,wave-db 2026-10-05: style rewrite of the record's own text (rung 2); facts not re-verified,
W-six-senses-spa-uluwatu-best_for,db,six-senses-spa-uluwatu,best_for,"Guests wanting a comprehensive wellness day with screening, yoga and treatments at a clifftop resort.","A wellness day of screening, yoga and treatments at a clifftop resort",replace,Removed the 'Guests wanting' opener and the trailing full stop. Dropped 'comprehensive'.,wave-db 2026-10-05: style rewrite of the record's own text (rung 2); facts not re-verified,
W-six-senses-uluwatu-fitness-centre-why_its_here,db,six-senses-uluwatu-fitness-centre,why_its_here,"The resort gym at Six Senses Uluwatu, open 24 hours, with cardio and weight machines alongside functional training equipment, plus outdoor fitness circuits on the clifftop grounds. It sits within a wellness area that also holds ten treatment rooms, a relaxation lounge, spa bath, sauna and steam room.","The resort gym at Six Senses Uluwatu is open 24 hours. Cardio and weight machines join functional training kit, with outdoor circuits on the clifftop grounds. The wellness area around it holds ten treatment rooms, a relaxation lounge, spa bath, sauna and steam room.",replace,Two long sentences made three; 'outdoor fitness circuits' -> 'outdoor circuits'. Nothing else dropped.,wave-db 2026-10-05: style rewrite of the record's own text (rung 2); facts not re-verified,
W-six-senses-uluwatu-fitness-centre-best_for,db,six-senses-uluwatu-fitness-centre,best_for,Guests staying on the Bukit who want a round-the-clock gym without leaving the resort.,A round-the-clock gym without leaving the resort,replace,Removed 'Guests staying on the Bukit who want' and the trailing full stop. Dropped 'on the Bukit' (the district says it).,wave-db 2026-10-05: style rewrite of the record's own text (rung 2); facts not re-verified,
W-six-senses-uluwatu-yoga-pavilion-why_its_here,db,six-senses-uluwatu-yoga-pavilion,why_its_here,"An air-conditioned yoga pavilion at Six Senses Uluwatu. The resort includes complimentary daily meditation and an intro-to-yoga session of 30 minutes each; longer 45 to 60 minute sessions such as Yoga Nidra, traditional yoga and a yogic intestinal cleanse are charged separately.","An air-conditioned yoga pavilion at Six Senses Uluwatu. Daily meditation and an intro-to-yoga session, 30 minutes each, are included for resort guests. Longer 45 to 60 minute sessions, such as Yoga Nidra, traditional yoga and a yogic intestinal cleanse, cost extra.",replace,One 33-word sentence with a semicolon made two; 'complimentary' -> 'included'; 'charged separately' -> 'cost extra'. Nothing dropped.,wave-db 2026-10-05: style rewrite of the record's own text (rung 2); facts not re-verified,
W-six-senses-uluwatu-yoga-pavilion-best_for,db,six-senses-uluwatu-yoga-pavilion,best_for,"Resort guests who want a daily practice indoors, out of the Bukit heat, with both free short sessions and longer paid ones.","A daily indoor practice out of the Bukit heat, mixing free short sessions with longer paid ones",replace,Removed 'Resort guests who want' (the guests now sit in why_its_here) and the trailing full stop. Nothing dropped.,wave-db 2026-10-05: style rewrite of the record's own text (rung 2); facts not re-verified,
W-snowcat-bali-ussr-cuisine-why_its_here,db,snowcat-bali-ussr-cuisine,why_its_here,"Post-Soviet kitchen on Jl. Raya Uluwatu in Ungasan. Herring under a fur coat, pelmeni, olivier and draniki. Large portions and homemade infusions. Delivery, dine-in and bookings.","Pelmeni, olivier, draniki and herring under a fur coat come out of this post-Soviet kitchen on Jl. Raya Uluwatu in Ungasan. Portions are large, with homemade infusions to drink. It does delivery as well as dine-in and bookings.",replace,Four verbless fragments made three sentences with verbs; category-on-street opener reordered. Nothing dropped.,wave-db 2026-10-05: style rewrite of the record's own text (rung 2); facts not re-verified,
W-soul-on-the-beach-why_its_here,db,soul-on-the-beach,why_its_here,"A beachfront restaurant on Sanur's Sindhu Beach (next to INNA Sindhu Beach Hotel), serving Indonesian, Asian and Western food from breakfast to dinner, with a swimmable white-sand beach and views toward Mount Agung and Nusa Penida. Vegetarian and vegan options available.","Breakfast to dinner on Sindhu Beach: this beachfront restaurant next to INNA Sindhu Beach Hotel in Sanur serves Indonesian, Asian and Western food. The white-sand beach is swimmable, and the view runs to Mount Agung and Nusa Penida. Vegetarian and vegan options are available.",replace,One 41-word sentence made two; category-on-beach opener reordered. Nothing dropped.,wave-db 2026-10-05: style rewrite of the record's own text (rung 2); facts not re-verified,
W-soul-on-the-beach-best_for,db,soul-on-the-beach,best_for,families and groups wanting all-day beachfront dining; a relaxed seafront breakfast or early dinner; visitors wanting a swim-and-eat spot,"Families and groups eating on the beach from breakfast to an early dinner, with a swim in between",replace,Three-part semicolon chain made one clause; 'visitors wanting' frame removed. Dropped 'relaxed' (impression).,wave-db 2026-10-05: style rewrite of the record's own text (rung 2); facts not re-verified,
W-soul-on-the-beach-not_for,db,soul-on-the-beach,not_for,anyone wanting a formal or fine-dining setting,"A formal, fine-dining setting. This is an all-day beach restaurant",replace,Reason attached after a full stop (restates 'all-day beachfront dining'). Nothing dropped.,wave-db 2026-10-05: style rewrite of the record's own text (rung 2); facts not re-verified,
W-spa-at-mu-why_its_here,db,spa-at-mu,why_its_here,"An open-air cliffside spa at Mu Bali resort overlooking Bingin beach and the Impossibles surf break, using natural and organic oils. It is known for al fresco massages with an ocean and temple view.","An open-air cliffside spa at Mu Bali resort that looks over Bingin beach and the Impossibles surf break. Massages are done al fresco with natural and organic oils, facing the ocean and a temple.",replace,Removed 'It is known for' (the outdoor massages stay as fact). Nothing dropped.,wave-db 2026-10-05: style rewrite of the record's own text (rung 2); facts not re-verified,
W-spa-at-mu-best_for,db,spa-at-mu,best_for,Couples and surfers wanting a scenic outdoor massage on the Bingin cliffs.,"A scenic outdoor massage on the Bingin cliffs, for a couple or a surfer",replace,Reordered to lead with the moment; 'wanting' frame and trailing full stop removed. Nothing dropped.,wave-db 2026-10-05: style rewrite of the record's own text (rung 2); facts not re-verified,
W-spring-spa-uluwatu-why_its_here,db,spring-spa-uluwatu,why_its_here,"A polished day spa on Jalan Labuan Sait with treatment rooms, a Davines hair salon and mani-pedi stations, using brands such as CODAGE Paris and Davines. It was named Asia's Best Day Spa at the 2025 World Spa Awards.","Treatment rooms, a Davines hair salon and mani-pedi stations make up this day spa on Jalan Labuan Sait. It uses brands such as CODAGE Paris and Davines. It was named Asia's Best Day Spa at the 2025 World Spa Awards.",replace,Category-on-street opener reordered; one 26-word sentence made two. Dropped 'polished' (impression). Award line kept as the record states it; listed in the log for a source check.,wave-db 2026-10-05: style rewrite of the record's own text (rung 2); facts not re-verified,
W-spring-spa-uluwatu-best_for,db,spring-spa-uluwatu,best_for,"Those wanting a reliable full-service day of massage, facials, hair and nails in central Uluwatu.","Massage, facials, hair and nails on the same visit in central Uluwatu",replace,"Removed the 'Those wanting' opener, 'reliable' (soft word) and the trailing full stop. Dropped 'full-service day' (the four services say it).",wave-db 2026-10-05: style rewrite of the record's own text (rung 2); facts not re-verified,
W-studio-fondue-why_its_here,db,studio-fondue,why_its_here,"A boutique Pilates studio in Uluwatu offering Reformer, Mat and Barre classes in a design-led space, with drop-in classes starting from 250K IDR.","A design-led Pilates studio in Uluwatu that teaches Reformer, Mat and Barre classes. A drop-in class starts from 250K IDR.",replace,Removed 'offering'; the price now has its own sentence. Dropped 'boutique' (label).,wave-db 2026-10-05: style rewrite of the record's own text (rung 2); facts not re-verified,
W-studio-fondue-best_for,db,studio-fondue,best_for,Pilates-goers wanting a stylish boutique studio for reformer or mat sessions.,Pilates-goers after a design-led studio for reformer or mat sessions,replace,Removed the 'wanting' frame and the trailing full stop. Dropped 'stylish boutique' (impression and label; 'design-led' carries it).,wave-db 2026-10-05: style rewrite of the record's own text (rung 2); facts not re-verified,
W-sudajiva-spa-at-sudamala-sanur-sanur-why_its_here,db,sudajiva-spa-at-sudamala-sanur-sanur,why_its_here,"Sudajiva Spa (""Water of Life"") is the 572 sqm spa at Sudamala Suites & Villas Sanur, blending traditional and modern healing techniques in an intimate boutique-resort setting.","Sudajiva Spa (""Water of Life"") is the 572 sqm spa at Sudamala Suites & Villas Sanur. It mixes traditional and modern healing techniques in an intimate boutique-resort setting.",replace,One 26-word sentence made two; 'blending' (stock verb) -> 'mixes'. Nothing dropped.,wave-db 2026-10-05: style rewrite of the record's own text (rung 2); facts not re-verified,
W-sudajiva-spa-at-sudamala-sanur-sanur-best_for,db,sudajiva-spa-at-sudamala-sanur-sanur,best_for,"Guests and visitors wanting a signature resort spa ritual in a quiet, boutique atmosphere away from Sanur's busier stretches.","A resort spa ritual somewhere quiet, away from Sanur's busier stretches",replace,Removed the 'Guests and visitors wanting' opener and the trailing full stop. Dropped 'signature' (soft word) and 'boutique atmosphere' (label; the boutique-resort setting stays in why_its_here).,wave-db 2026-10-05: style rewrite of the record's own text (rung 2); facts not re-verified,
W-sudamala-resort-sanur-wellness-yoga-sanur-why_its_here,db,sudamala-resort-sanur-wellness-yoga-sanur,why_its_here,"The wellness and yoga programme at Sudamala Suites & Villas Sanur, centred on a garden Yoga Pavilion with instructor-led classes and evening meditation, plus longer holistic Balinese-tradition journeys (melukat purification, jamu and boreh workshops).","Sudamala Suites & Villas Sanur runs its wellness and yoga programme from a garden Yoga Pavilion, with instructor-led classes and evening meditation. Longer holistic journeys in the Balinese tradition include melukat purification and jamu and boreh workshops.",replace,One 33-word sentence made two; the bracketed list became a clause. Nothing dropped.,wave-db 2026-10-05: style rewrite of the record's own text (rung 2); facts not re-verified,
W-sudamala-resort-sanur-wellness-yoga-sanur-best_for,db,sudamala-resort-sanur-wellness-yoga-sanur,best_for,"Resort guests and wellness-minded visitors wanting gentle garden yoga, meditation, or a full-day holistic Balinese wellness journey in a boutique setting.","Gentle garden yoga and meditation, or a full-day holistic Balinese wellness journey",replace,Removed the 'Resort guests and wellness-minded visitors wanting' opener and the trailing full stop. Dropped 'in a boutique setting' (in why_its_here).,wave-db 2026-10-05: style rewrite of the record's own text (rung 2); facts not re-verified,
W-supreme-indian-restaurant-why_its_here,db,supreme-indian-restaurant,why_its_here,"A North and South Indian restaurant and bar on Jl. Raya Uluwatu in Ungasan, with an air-conditioned dining room and a broad vegetarian and vegan menu alongside tandoor dishes and curries.","North and South Indian cooking on Jl. Raya Uluwatu in Ungasan, in an air-conditioned dining room with a bar. Tandoor dishes and curries share the menu with a broad vegetarian and vegan list.",replace,One 31-word sentence made two. Nothing dropped.,wave-db 2026-10-05: style rewrite of the record's own text (rung 2); facts not re-verified,
W-supreme-indian-restaurant-best_for,db,supreme-indian-restaurant,best_for,"A comfortable, well-spiced Indian sit-down dinner in Uluwatu, including for vegetarians.","A comfortable sit-down Indian dinner in Uluwatu, vegetarians included",replace,Trailing full stop removed. Dropped 'well-spiced' (taste evaluation).,wave-db 2026-10-05: style rewrite of the record's own text (rung 2); facts not re-verified,
W-svaha-spa-bingin-why_its_here,db,svaha-spa-bingin,why_its_here,"A cliffside day spa above Bingin with ocean views and a sustainable, holistic focus, offering Balinese massage, scrubs and jacuzzi rituals. It is widely reviewed as one of the best-value ocean-view spas on the Bukit.","A cliffside day spa above Bingin with ocean views, doing Balinese massage, scrubs and jacuzzi rituals. Its focus is sustainable and holistic.",replace,"Removed 'offering'. Dropped 'It is widely reviewed as one of the best-value ocean-view spas on the Bukit' (review-derived ranking, guardrail #2).",wave-db 2026-10-05: style rewrite of the record's own text (rung 2); facts not re-verified,
W-svaha-spa-bingin-best_for,db,svaha-spa-bingin,best_for,Surfers and beach-day travellers wanting a well-priced ocean-view treatment near Bingin and Impossibles.,"An ocean-view treatment near Bingin and Impossibles, after a surf or a day on the beach",replace,Removed the 'Surfers and beach-day travellers wanting' frame and the trailing full stop. Dropped 'well-priced' (price evaluation with no price in the record; it echoed the deleted review line).,wave-db 2026-10-05: style rewrite of the record's own text (rung 2); facts not re-verified,
W-taru-pramana-spa-sanur-why_its_here,db,taru-pramana-spa-sanur,why_its_here,"The day spa at The Meru Sanur, open to non-guests with 24-hour advance booking, offering Balinese massage, singing-bowl treatments and longer ritual packages. Daily 9am to 9pm.","The Meru Sanur's day spa takes non-guests if they book 24 hours ahead, and it's open daily from 9am to 9pm. Treatments include Balinese massage, singing-bowl sessions and longer ritual packages.",replace,Removed 'offering' and the verbless 'Daily 9am to 9pm.' fragment. Nothing dropped.,wave-db 2026-10-05: style rewrite of the record's own text (rung 2); facts not re-verified,
W-taru-pramana-spa-sanur-best_for,db,taru-pramana-spa-sanur,best_for,"A booked spa ritual or massage in Sanur, including signature and Swissline facial options.","A booked spa ritual or massage in Sanur, with Swissline facials among the options",replace,Trailing full stop removed. Dropped 'signature' (soft word) before the facial options.,wave-db 2026-10-05: style rewrite of the record's own text (rung 2); facts not re-verified,
W-terrace-sanur-the-1o1-bali-oasis-sanur-why_its_here,db,terrace-sanur-the-1o1-bali-oasis-sanur,why_its_here,Terrace Sanur is the dining outlet at THE 1O1 Bali Oasis Sanur on Jalan Danau Tamblingan. The hotel setting is organised around a lagoon-style pool and landscaped grounds.,Terrace Sanur is the restaurant of THE 1O1 hotel on Jalan Danau Tamblingan. The hotel is laid out around a lagoon-style pool and landscaped grounds.,replace,"'dining outlet' -> 'restaurant'; 'The hotel setting is organised around' reworded. The hotel is named by its brand, THE 1O1, dropping 'Bali Oasis Sanur' from the hotel name in the sentence: the full name contains 'Oasis', which the hype gate (H1) fails even in the live text. The full name stays in the venue name.",wave-db 2026-10-05: style rewrite of the record's own text (rung 2); facts not re-verified,
W-terrace-sanur-the-1o1-bali-oasis-sanur-best_for,db,terrace-sanur-the-1o1-bali-oasis-sanur,best_for,A hotel meal during a stay in central Sanur.,A hotel meal during a stay in central Sanur,replace,Trailing full stop removed only.,wave-db 2026-10-05: style rewrite of the record's own text (rung 2); facts not re-verified,
W-terrace-sanur-the-1o1-bali-oasis-sanur-not_for,db,terrace-sanur-the-1o1-bali-oasis-sanur,not_for,Travellers without a Sanur stop or diners seeking an independent street-side venue.,"An independent street-side venue, or a meal when you're not staying in Sanur: this is a hotel restaurant",replace,Removed the 'Travellers without …' / 'diners seeking' frames; reason attached after a colon. Nothing dropped.,wave-db 2026-10-05: style rewrite of the record's own text (rung 2); facts not re-verified,
W-the-asa-maia-why_its_here,db,the-asa-maia,why_its_here,"An adults-only wellness retreat in Uluwatu with a small spa, contrast therapy, infrared sauna and cold and hot plunge pools, using local and natural products. Its signature massage and tailored wellness approach are frequently praised.","An adults-only wellness retreat in Uluwatu with a small spa, contrast therapy, an infrared sauna and hot and cold plunge pools. It uses local and natural products.",replace,"Dropped 'Its signature massage and tailored wellness approach are frequently praised' (review-derived, guardrail #2; 'tailored' goes with it).",wave-db 2026-10-05: style rewrite of the record's own text (rung 2); facts not re-verified,
W-the-asa-maia-best_for,db,the-asa-maia,best_for,"Wellness-minded travellers wanting contrast therapy, yoga and a signature massage in one visit.","Contrast therapy, yoga and a massage in one visit",replace,Removed the 'Wellness-minded travellers wanting' opener and the trailing full stop. Dropped 'signature' (soft word).,wave-db 2026-10-05: style rewrite of the record's own text (rung 2); facts not re-verified,
W-the-asa-maia-fitness-why_its_here,db,the-asa-maia-fitness,why_its_here,"The gym at The Asa Maia, a family-owned adults-only wellness retreat in Uluwatu opened in 2021. It sits in the central pavilion and is fitted with a treadmill, power rack, barbell, kettlebells, dumbbells, slam balls, a stepper, a TRX system and a Pilates Cadillac. An infrared sauna is on site.","The Asa Maia, a family-owned adults-only wellness retreat in Uluwatu opened in 2021, has its gym in the central pavilion. The kit: treadmill, power rack, barbell, kettlebells, dumbbells, slam balls, a stepper, a TRX system and a Pilates Cadillac. An infrared sauna is on site.",replace,One 32-word sentence reworded around the retreat; kit list made its own sentence. Nothing dropped.,wave-db 2026-10-05: style rewrite of the record's own text (rung 2); facts not re-verified,
W-the-asa-maia-fitness-best_for,db,the-asa-maia-fitness,best_for,"Retreat guests who want real strength equipment rather than a token hotel gym, within a structured wellness stay.",Strength training with real equipment during a structured wellness stay,replace,Removed 'Retreat guests who want' and the trailing full stop. Dropped 'rather than a token hotel gym' (a comparison with no fact behind it).,wave-db 2026-10-05: style rewrite of the record's own text (rung 2); facts not re-verified,
W-the-asa-maia-yoga-why_its_here,db,the-asa-maia-yoga,why_its_here,"Daily yoga at The Asa Maia, held in a shala on the top level of the central pavilion. Instructors run Hatha, Yin and Vinyasa classes and adapt them to each guest's level. SOMA breathwork is the retreat's signature practice, with Indonesian martial arts and Qi Gong also on the programme.","Daily yoga at The Asa Maia, in a shala on the top level of the central pavilion. Instructors teach Hatha, Yin and Vinyasa, adapted to each guest's level. SOMA breathwork is the retreat's own practice; Indonesian martial arts and Qi Gong are also taught.",replace,'signature practice' (soft word) -> 'own practice'; 'held' and 'run' trimmed. Nothing dropped.,wave-db 2026-10-05: style rewrite of the record's own text (rung 2); facts not re-verified,
W-the-asa-maia-yoga-best_for,db,the-asa-maia-yoga,best_for,Guests on a wellness stay in Uluwatu who want daily guided practice matched to their level rather than a fixed drop-in schedule.,"Daily guided practice matched to your level, during a wellness stay in Uluwatu",replace,'rather than a fixed drop-in schedule' moved to not_for; 'Guests … who want' frame and trailing full stop removed.,wave-db 2026-10-05: style rewrite of the record's own text (rung 2); facts not re-verified,
W-the-asa-maia-yoga-not_for,db,the-asa-maia-yoga,not_for,,A drop-in class on a fixed schedule: practice here is guided and matched to each guest's level,replace,Was empty. Filled from the record's own text (rung 2): 'rather than a fixed drop-in schedule' (best_for) and 'adapt them to each guest's level' (why_its_here).,wave-db 2026-10-05: style rewrite of the record's own text (rung 2); facts not re-verified,
W-the-bvlgari-spa-why_its_here,db,the-bvlgari-spa,why_its_here,"The spa at Bvlgari Resort Bali, set in a reconstructed antique Javanese joglo on the Uluwatu cliff about 150m above the sea, with eight whirlpool treatment rooms. It is known for its Royal Lulur couples ritual and beachside treatment option.","Bvlgari Resort Bali's spa occupies a reconstructed antique Javanese joglo on the Uluwatu cliff, about 150m above the sea, with eight whirlpool treatment rooms. The Royal Lulur couples ritual is on the menu, and treatments can also be done by the beach.",replace,Removed 'set in' and 'It is known for' (the ritual and the beach option stay as fact). Nothing dropped.,wave-db 2026-10-05: style rewrite of the record's own text (rung 2); facts not re-verified,
W-the-bvlgari-spa-best_for,db,the-bvlgari-spa,best_for,Luxury travellers wanting a signature high-end ritual with cliff or beach settings.,Luxury travellers after a high-end ritual on the cliff or by the beach,replace,Removed the 'wanting' frame and the trailing full stop. Dropped 'signature' (soft word).,wave-db 2026-10-05: style rewrite of the record's own text (rung 2); facts not re-verified,
W-the-istana-wellness-club-best_for,db,the-istana-wellness-club,best_for,"Visitors on the Bukit who want cryotherapy and sauna-based recovery alongside a serious meditation programme, with month-long membership rather than a hotel day pass.","Cryotherapy and sauna-based recovery with a meditation programme, on the Bukit",replace,Removed 'Visitors … who want' and 'serious' (soft word); 'rather than a hotel day pass' moved to not_for. Dropped 'hotel' (from 'hotel day pass'). why_its_here left as is: plain and specific.,wave-db 2026-10-05: style rewrite of the record's own text (rung 2); facts not re-verified,
W-the-istana-wellness-club-not_for,db,the-istana-wellness-club,not_for,,"A one-off day pass, because membership runs in one-month blocks",replace,Was empty. Filled from the record's own text (rung 2): 'month-long membership rather than a hotel day pass' (best_for) and 'Membership runs in one-month blocks' (why_its_here).,wave-db 2026-10-05: style rewrite of the record's own text (rung 2); facts not re-verified,
W-the-istana-yoga-why_its_here,db,the-istana-yoga,why_its_here,"The yoga programme at The Istana on the Uluwatu cliffs, with around 20 class formats including Vinyasa, Qigong, Rebirthing Breathwork and Yoga Nidra, taught by internationally trained instructors. Teacher training runs in 200- and 300-hour formats. Drop-in classes start from 150,000 IDR, and Sunday sessions are donation-based.","The Istana's yoga programme on the Uluwatu cliffs has around 20 class formats, from Vinyasa and Qigong to Rebirthing Breathwork and Yoga Nidra. Instructors are internationally trained, teacher training runs in 200- and 300-hour formats, and drop-ins start from 150,000 IDR.",replace,One 31-word sentence made two; 'taught by internationally trained instructors' reworded. The donation-based Sunday sessions now sit in best_for only.,wave-db 2026-10-05: style rewrite of the record's own text (rung 2); facts not re-verified,
W-the-istana-yoga-best_for,db,the-istana-yoga,best_for,"Practitioners on the Bukit who want breadth of styles and a route into teacher training, with a donation-based Sunday class as a low-cost way in.","A wide range of styles and a route into teacher training, with the donation-based Sunday class as a low-cost way in",replace,Removed the 'Practitioners on the Bukit who want' frame and the trailing full stop; 'breadth of styles' -> 'a wide range of styles'. Dropped 'on the Bukit' (the district says it).,wave-db 2026-10-05: style rewrite of the record's own text (rung 2); facts not re-verified,
W-the-space-bali-why_its_here,db,the-space-bali,why_its_here,"A community hub in the Bingin/Uluwatu area with two upstairs bamboo shalas over a downstairs coworking cafe. It offers a broad daily schedule of vinyasa, yin, mobility and surf-mobility classes plus teacher trainings.","A community hub in the Bingin and Uluwatu area with two bamboo shalas upstairs and a coworking cafe downstairs. The daily schedule is broad: vinyasa, yin, mobility and surf-mobility classes, plus teacher trainings.",replace,Removed 'It offers a' (A1 stock phrase). Nothing dropped.,wave-db 2026-10-05: style rewrite of the record's own text (rung 2); facts not re-verified,
W-the-space-bali-best_for,db,the-space-bali,best_for,Digital nomads and longer-stay travellers who want daily classes and a work-plus-yoga base.,Digital nomads and longer-stay travellers who want daily classes and a base for work and yoga,replace,'work-plus-yoga base' -> 'a base for work and yoga'; trailing full stop removed. Nothing dropped.,wave-db 2026-10-05: style rewrite of the record's own text (rung 2); facts not re-verified,
W-the-temple-lodge-why_its_here,db,the-temple-lodge,why_its_here,"A long-running family-run guesthouse on the Bingin clifftop overlooking Impossibles and Bingin, geared to a balanced surf-and-yoga lifestyle. It holds daily yoga in a clifftop shala (open to outside guests) with an on-site spa and healthy restaurant.","A family-run guesthouse set up for surf and yoga, on the Bingin clifftop above Impossibles and Bingin. Its clifftop shala holds daily yoga that outside guests can join, and the spa and healthy restaurant are on site.",replace,"'geared to a balanced surf-and-yoga lifestyle' -> 'set up for surf and yoga'. Dropped 'long-running' (no date in the record), 'balanced' and 'lifestyle' (brochure words).",wave-db 2026-10-05: style rewrite of the record's own text (rung 2); facts not re-verified,
W-the-temple-lodge-best_for,db,the-temple-lodge,best_for,Surfers and couples wanting relaxed clifftop yoga tied to a laid-back stay.,Surfers and couples who want clifftop yoga built into their stay,replace,Removed the 'wanting' frame and the trailing full stop. Dropped 'relaxed' and 'laid-back' (impressions).,wave-db 2026-10-05: style rewrite of the record's own text (rung 2); facts not re-verified,
W-the-yoga-rescue-why_its_here,db,the-yoga-rescue,why_its_here,"A quiet garden studio set between Ungasan and Jimbaran in the wider Uluwatu area, away from the busier clifftop crowds. It runs daily Hatha, Vinyasa, Ashtanga, Yin and aerial classes plus private sessions and workshops.","A quiet garden studio between Ungasan and Jimbaran, away from the busier clifftop crowds. Daily classes cover Hatha, Vinyasa, Ashtanga, Yin and aerial, plus private sessions and workshops.",replace,Removed 'set'. Dropped 'in the wider Uluwatu area' (the district says it).,wave-db 2026-10-05: style rewrite of the record's own text (rung 2); facts not re-verified,
W-the-yoga-rescue-best_for,db,the-yoga-rescue,best_for,Locals and repeat visitors wanting an unpretentious daily class close to Ungasan.,Locals and repeat visitors after an unpretentious daily class near Ungasan,replace,'wanting' -> 'after'; 'close to' -> 'near'; trailing full stop removed. Nothing dropped.,wave-db 2026-10-05: style rewrite of the record's own text (rung 2); facts not re-verified,
W-ulu-active-recovery-why_its_here,db,ulu-active-recovery,why_its_here,"An open-air fitness and recovery centre in Uluwatu combining functional training, group classes and holistic wellness, pairing strength, HIIT, yoga, Pilates and mobility with a recovery zone of sauna, steam rooms and hot-and-cold plunge pools, plus a cafe.","An open-air fitness and recovery centre in Uluwatu, with a cafe. The training side covers strength, HIIT, yoga, Pilates and mobility, in functional training and group classes. The recovery zone has a sauna and steam rooms as well as hot-and-cold plunge pools.",replace,One 38-word sentence with two lists made three. Dropped 'holistic wellness' (vague label) and 'combining … pairing' (filler verbs).,wave-db 2026-10-05: style rewrite of the record's own text (rung 2); facts not re-verified,
W-ulu-active-recovery-best_for,db,ulu-active-recovery,best_for,Those who want to combine training with structured recovery in one visit.,Training and structured recovery in one visit,replace,Removed the 'Those who want to' opener (F1) and the trailing full stop. Nothing dropped.,wave-db 2026-10-05: style rewrite of the record's own text (rung 2); facts not re-verified,
W-ulu-yoga-bali-why_its_here,db,ulu-yoga-bali,why_its_here,"A dedicated yoga school on Jl. Pantai Cemongkak in Pecatu, a few minutes inland from Bingin and Dreamland, in a modern air-conditioned ocean-view shala. It is best known for Yoga Alliance 200/300-hour and aerial teacher trainings alongside multi-style drop-in classes.","A yoga school in a modern, air-conditioned ocean-view shala on Jl. Pantai Cemongkak in Pecatu, a few minutes inland from Bingin and Dreamland. It runs Yoga Alliance 200/300-hour and aerial teacher trainings alongside multi-style drop-in classes.",replace,Removed 'It is best known for' (reputation frame with 'best'; the trainings stay as fact). Dropped 'dedicated' (filler).,wave-db 2026-10-05: style rewrite of the record's own text (rung 2); facts not re-verified,
W-ulu-yoga-bali-best_for,db,ulu-yoga-bali,best_for,Those pursuing teacher training or structured multi-style practice including aerial and acro.,"Teacher training, or structured multi-style practice that includes aerial and acro",replace,Removed the 'Those pursuing' opener and the trailing full stop. Nothing dropped.,wave-db 2026-10-05: style rewrite of the record's own text (rung 2); facts not re-verified,
W-vela-spa-why_its_here,db,vela-spa,why_its_here,"The intimate spa at The Ungasan Clifftop Resort, with treatment rooms overlooking the Indian Ocean and a menu of Balinese massage, scrubs and deep-tissue work. It is known for attentive resort-standard service on the Ungasan clifftop.","An intimate spa at The Ungasan Clifftop Resort, with treatment rooms that look out over the Indian Ocean. Treatments include Balinese massage, scrubs and deep-tissue work.",replace,"One sentence reworded. Dropped 'It is known for attentive resort-standard service on the Ungasan clifftop' (review-derived quality claim, guardrail #2).",wave-db 2026-10-05: style rewrite of the record's own text (rung 2); facts not re-verified,
W-vela-spa-best_for,db,vela-spa,best_for,"Couples wanting an upmarket ocean-view treatment, often paired with a Sundays Beach Club visit.","An upmarket ocean-view treatment as a couple, often paired with a visit to Sundays Beach Club",replace,Reordered to lead with the moment; 'Couples wanting' frame and trailing full stop removed. Nothing dropped.,wave-db 2026-10-05: style rewrite of the record's own text (rung 2); facts not re-verified,
W-warung-babi-guling-sanur-bypass-why_its_here,db,warung-babi-guling-sanur-bypass,why_its_here,"A well-known roadside Balinese babi guling warung on the Bypass, serving classic roast pork with rice and trimmings for dine-in, takeaway and delivery.","Classic Balinese roast pork with rice and trimmings, from a roadside babi guling warung on the Bypass. You can eat in, take away or order delivery.",replace,Category-on-road opener reordered; service options made their own sentence. Dropped 'well-known' (popularity claim).,wave-db 2026-10-05: style rewrite of the record's own text (rung 2); facts not re-verified,
W-warung-babi-guling-sanur-bypass-best_for,db,warung-babi-guling-sanur-bypass,best_for,"a fast, cheap babi guling plate; travellers passing along the Bypass; takeaway or delivery","A fast, cheap babi guling plate on the way along the Bypass, or as takeaway or delivery",replace,Three-part semicolon chain made one clause. Nothing dropped.,wave-db 2026-10-05: style rewrite of the record's own text (rung 2); facts not re-verified,
W-warung-babi-guling-sanur-bypass-not_for,db,warung-babi-guling-sanur-bypass,not_for,"vegetarians, non-pork and halal diets; those wanting a beachside or atmospheric setting","A seat by the beach, or a vegetarian, halal or pork-free meal. It is a roadside babi guling warung",replace,Two-part semicolon chain made one clause; reason attached after a full stop. Dropped 'atmospheric' (impression).,wave-db 2026-10-05: style rewrite of the record's own text (rung 2); facts not re-verified,
W-warung-blanjong-why_its_here,db,warung-blanjong,why_its_here,"A family-run warung open around 25 years, best known locally for its nasi campur and Balinese home cooking alongside some Indonesian and Western dishes.","A family-run warung in south Sanur that has been open for around 25 years. The menu centres on nasi campur and Balinese home cooking, with some Indonesian and Western dishes too.",replace,'south Sanur' moved here from best_for. Dropped 'best known locally for' (reputation frame with 'best'; the dishes stay as the menu's centre).,wave-db 2026-10-05: style rewrite of the record's own text (rung 2); facts not re-verified,
W-warung-blanjong-best_for,db,warung-blanjong,best_for,nasi campur and Balinese home cooking in a relaxed sit-down setting; mixed groups where some want Western options; travellers in south Sanur,"Nasi campur and Balinese home cooking at a sit-down table, for a mixed group where some want Western options",replace,Three-part semicolon chain made one clause. Dropped 'relaxed' (impression); 'travellers in south Sanur' moved to why_its_here.,wave-db 2026-10-05: style rewrite of the record's own text (rung 2); facts not re-verified,
W-warung-blanjong-not_for,db,warung-blanjong,not_for,purists wanting a strictly local menu with no Western items,"Purists who want a strictly local menu, because some Western dishes are on it",replace,Reason attached with 'because'. Nothing dropped.,wave-db 2026-10-05: style rewrite of the record's own text (rung 2); facts not re-verified,
W-warung-coconut-tree-why_its_here,db,warung-coconut-tree,why_its_here,"Long-standing Indonesian warung (since 2012) with a bohemian recycled-boat-timber interior, serving generous home-style Balinese plates; live music some evenings.","Recycled boat timber makes up the bohemian interior of this Indonesian warung, open since 2012. The plates are generous and home-style Balinese, and there's live music some evenings.",replace,Semicolon fragment made a sentence. Dropped 'Long-standing' (the year carries it).,wave-db 2026-10-05: style rewrite of the record's own text (rung 2); facts not re-verified,
W-warung-coconut-tree-best_for,db,warung-coconut-tree,best_for,relaxed local dinner; travellers wanting authentic Indonesian food with atmosphere,"A local dinner of Indonesian food in a bohemian room, sometimes with live music",replace,"Two-part semicolon chain made one clause; 'travellers wanting' frame removed. Dropped 'relaxed', 'authentic' and 'atmosphere' (impressions and an evaluation; the bohemian room carries the last).",wave-db 2026-10-05: style rewrite of the record's own text (rung 2); facts not re-verified,
W-warung-coconut-tree-not_for,db,warung-coconut-tree,not_for,anyone wanting a quiet room on the nights live music plays,A quiet room on the evenings when live music plays,replace,Reworded; the reason (live music) was already inside the clause. Nothing dropped.,wave-db 2026-10-05: style rewrite of the record's own text (rung 2); facts not re-verified,
W-warung-little-bird-why_its_here,db,warung-little-bird,why_its_here,"Laid-back, budget-friendly warung on Sanur's main artery serving authentic Balinese and Indonesian dishes; easily walkable from the beach area.","Balinese and Indonesian dishes at budget prices, in a warung on Sanur's main road, an easy walk from the beach.",replace,Semicolon fragment folded in; 'main artery' -> 'main road'; 'laid-back' moved to not_for. Dropped 'authentic' (evaluation).,wave-db 2026-10-05: style rewrite of the record's own text (rung 2); facts not re-verified,
W-warung-little-bird-best_for,db,warung-little-bird,best_for,"cheap, relaxed local meal; long-stay travellers and solo diners",A cheap local meal for long-stay travellers and solo diners,replace,Two-part semicolon chain made one clause. Dropped 'relaxed' (impression).,wave-db 2026-10-05: style rewrite of the record's own text (rung 2); facts not re-verified,
W-warung-little-bird-not_for,db,warung-little-bird,not_for,anyone after a formal or upscale dinner,A formal or upscale dinner — this is a laid-back budget warung,replace,Reason attached after one dash; 'laid-back' and 'budget' relocated here from why_its_here. Nothing dropped.,wave-db 2026-10-05: style rewrite of the record's own text (rung 2); facts not re-verified,
W-warung-makan-little-mars-why_its_here,db,warung-makan-little-mars,why_its_here,"Small, tidy family-run warung serving Balinese, Indonesian and some Western dishes with plenty of vegetarian options, plus local coffee and fresh cocktails.","A small, tidy family-run warung with Balinese, Indonesian and some Western dishes, and plenty of vegetarian options. There's local coffee and fresh cocktails to drink.",replace,One list sentence made two. Nothing dropped.,wave-db 2026-10-05: style rewrite of the record's own text (rung 2); facts not re-verified,
W-warung-makan-little-mars-best_for,db,warung-makan-little-mars,best_for,"relaxed local meal; vegetarians; travellers wanting a home-style, no-fuss dinner","A no-fuss, home-style dinner, with plenty for vegetarians",replace,Three-part semicolon chain made one clause; 'travellers wanting' frame removed. Dropped 'relaxed local meal' (impression).,wave-db 2026-10-05: style rewrite of the record's own text (rung 2); facts not re-verified,
W-warung-makan-little-mars-not_for,db,warung-makan-little-mars,not_for,large groups (it's a very small space),"Large groups, because the space is small",replace,Bracket made a 'because' clause. Dropped 'very' (intensifier).,wave-db 2026-10-05: style rewrite of the record's own text (rung 2); facts not re-verified,
W-warung-pregina-why_its_here,db,warung-pregina,why_its_here,"A long-running sit-down Balinese warung on the main Danau Tamblingan strip, known for home-style Balinese cooking built around duck and roast pork, in a traditional wood interior.",Duck and roast pork anchor the home-style Balinese cooking at this sit-down warung on the main Danau Tamblingan strip. The room is fitted out in traditional wood.,replace,One 27-word sentence made two; category-on-street opener reordered. Dropped 'long-running' (no date in the record) and 'known for' (reputation frame; the dishes stay).,wave-db 2026-10-05: style rewrite of the record's own text (rung 2); facts not re-verified,
W-warung-pregina-best_for,db,warung-pregina,best_for,a sit-down dinner of authentic Balinese classics; families and small groups; travellers wanting table-service rather than a hawker stall,"A sit-down dinner of Balinese classics with table service, for families and small groups",replace,Three-part semicolon chain made one clause; 'rather than a hawker stall' is covered by not_for. Dropped 'authentic' (evaluation).,wave-db 2026-10-05: style rewrite of the record's own text (rung 2); facts not re-verified,
W-warung-pregina-not_for,db,warung-pregina,not_for,grab-and-go or ultra-cheap street-stall budgets; diners who want a fast counter meal,"Grab-and-go, a fast counter meal or a street-stall budget. This is a sit-down warung with table service",replace,Two-part semicolon chain made one clause; reason attached after a full stop. Dropped 'ultra-cheap' (the street-stall budget carries it).,wave-db 2026-10-05: style rewrite of the record's own text (rung 2); facts not re-verified,
W-white-orchid-sanur-why_its_here,db,white-orchid-sanur,why_its_here,"Pan-Asian (""a Taste of Asia"") restaurant on Jl. Danau Tamblingan No. 85, serving shareable Asian plates with live music in the evenings.","Live music plays in the evenings at this pan-Asian restaurant on Jl. Danau Tamblingan No. 85, where the Asian plates are made for sharing.",replace,Category-on-street opener reordered. Dropped the bracketed tagline 'a Taste of Asia' (the venue's slogan).,wave-db 2026-10-05: style rewrite of the record's own text (rung 2); facts not re-verified,
W-white-orchid-sanur-best_for,db,white-orchid-sanur,best_for,groups wanting to share a range of Asian dishes; couples and long-stay visitors after a relaxed evening with live music,"Shared Asian plates for a group, or an evening of live music as a couple",replace,"Two-part semicolon chain made one clause. Dropped 'long-stay visitors', 'relaxed' (impression) and 'a range of' (filler).",wave-db 2026-10-05: style rewrite of the record's own text (rung 2); facts not re-verified,
W-white-orchid-sanur-not_for,db,white-orchid-sanur,not_for,"anyone wanting a silent, low-key dinner on live-music nights","A silent, low-key dinner: there's live music in the evenings",replace,Reason attached after a colon. Dropped 'on live-music nights' as a condition (the evenings carry it).,wave-db 2026-10-05: style rewrite of the record's own text (rung 2); facts not re-verified,
W-white-rabbit-lounge-uluwatu-bukit-why_its_here,db,white-rabbit-lounge-uluwatu-bukit,why_its_here,"Bar in the Bukit. White Rabbit strives to be a world-class cocktail bar in Uluwatu Bali. A place you feel like you're drinking with friends, even when you're here by yourself. Booking is on the venue's own site.","White Rabbit is a cocktail bar on the Bukit in Uluwatu. The bar says it wants you to feel like you're drinking with friends, even when you come alone. Booking is on the venue's own website.",replace,"Removed the 'Bar in the Bukit.' formula opener; the venue's own promise is now attributed to it. Dropped 'strives to be a world-class cocktail bar' (hype, H1); 'in Uluwatu Bali' -> 'in Uluwatu'.",wave-db 2026-10-05: style rewrite of the record's own text (rung 2); facts not re-verified,
W-white-rabbit-lounge-uluwatu-bukit-best_for,db,white-rabbit-lounge-uluwatu-bukit,best_for,"An evening out for drinks, not a full sit-down meal.","An evening of cocktails, on your own or with friends",replace,Replaced the shared generic line (identical on Ours Bali); 'not a full sit-down meal' moved to not_for.,wave-db 2026-10-05: style rewrite of the record's own text (rung 2); facts not re-verified,
W-white-rabbit-lounge-uluwatu-bukit-not_for,db,white-rabbit-lounge-uluwatu-bukit,not_for,,"A full sit-down meal, because this is a cocktail bar",replace,Was empty. Filled from the record's own text (rung 2): 'not a full sit-down meal' (best_for) and 'cocktail bar' (why_its_here).,wave-db 2026-10-05: style rewrite of the record's own text (rung 2); facts not re-verified,
W-yinside-yoga-why_its_here,db,yinside-yoga,why_its_here,"A small yin-focused studio and eco yoga shop on Jl. Pantai Bingin specialising in Yin Yoga classes, workshops, retreats and 50-hour yin teacher trainings. It also runs a boutique of locally made, plant-based yoga wear and props.","Yin Yoga is the focus of this small studio on Jl. Pantai Bingin: classes, workshops, retreats and 50-hour yin teacher trainings. Its shop sells plant-based yoga wear and props, made locally.",replace,'specialising in' -> 'is the focus of'; two lists made one. Dropped 'eco' and 'boutique' (labels).,wave-db 2026-10-05: style rewrite of the record's own text (rung 2); facts not re-verified,
W-yinside-yoga-best_for,db,yinside-yoga,best_for,"Practitioners seeking slow, restorative yin practice and sustainable yoga gear.","Slow, restorative yin practice and sustainable yoga gear",replace,Removed the 'Practitioners seeking' opener and the trailing full stop. Nothing dropped.,wave-db 2026-10-05: style rewrite of the record's own text (rung 2); facts not re-verified,
W-yoga-searcher-bali-why_its_here,db,yoga-searcher-bali,why_its_here,"A yoga-focused eco-lodge on Jl. Labuan Sait near Padang Padang and Suluban, built from recycled-wood villas around a pool. It runs a daily yoga schedule with a plant-forward restaurant and spa, aimed at retreat-style stays.","A yoga-centred eco-lodge with recycled-wood villas around a pool, on Jl. Labuan Sait near Padang Padang and Suluban. There's yoga every day, a plant-forward restaurant and a spa, all set up for retreat-style stays.",replace,'built from recycled-wood villas' -> 'with recycled-wood villas'; 'aimed at' -> 'set up for'. Nothing dropped.,wave-db 2026-10-05: style rewrite of the record's own text (rung 2); facts not re-verified,
W-yoga-searcher-bali-best_for,db,yoga-searcher-bali,best_for,Guests wanting an all-in-one yoga retreat stay near the Suluban surf beaches.,An all-in-one yoga retreat stay near the Suluban surf beaches,replace,Removed the 'Guests wanting' opener and the trailing full stop. Nothing dropped.,wave-db 2026-10-05: style rewrite of the record's own text (rung 2); facts not re-verified,
W-yoga-the-istana-why_its_here,db,yoga-the-istana,why_its_here,"A clifftop yoga studio on Jl. Pantai Suluban with ocean views, hosting a resident yoga school and classes led by visiting teachers. It is paired with a wellness spa featuring sauna, steam and cold plunge.","A clifftop yoga studio with ocean views on Jl. Pantai Suluban, home to a resident yoga school and classes led by visiting teachers. Its wellness spa has a sauna, steam and a cold plunge.",replace,Removed 'hosting' and 'featuring' (stock verbs); 'paired with' -> 'Its'. Nothing dropped.,wave-db 2026-10-05: style rewrite of the record's own text (rung 2); facts not re-verified,
W-yoga-the-istana-best_for,db,yoga-the-istana,best_for,Travellers wanting cliff-edge classes combined with spa and cold-plunge recovery.,Cliff-edge classes combined with spa and cold-plunge recovery,replace,Removed the 'Travellers wanting' opener and the trailing full stop. Nothing dropped.,wave-db 2026-10-05: style rewrite of the record's own text (rung 2); facts not re-verified,
