slug,name,district,category,area,last_verified_at,has_why,has_best_for,has_not_for,has_price_anchor,has_raw_what_to_order,has_concrete_price,has_hours,has_practical_tags,has_first_party_identity,has_location_identity,generic_why_pattern,generic_best_for_pattern,editorial_status_diagnostic,passes_old_two_field_gate,passes_release_gate,queue,blockers_and_warnings,rows_in_queue,old_two_field_total,release_gate_total,active_published_total
kedisan-kintamani,Kedisan Kintamani,bangli,cafe,bali,2026-07-30,true,true,false,false,false,false,false,false,false,false,false,true,published,true,false,P1_REWRITE_BOILERPLATE,"[""missing_decision_anchor"",""generic_best_for_pattern"",""missing_not_for"",""weak_location_identity""]",433,1272,480,1272
sisi-gege-restaurant-at-pramana-zahill,SiSi GeGe Restaurant at Pramana Zahill,bangli,restaurant,Unknown,2026-07-28,true,true,false,false,false,false,true,false,true,true,true,true,review,true,false,P1_REWRITE_BOILERPLATE,"[""missing_decision_anchor"",""generic_why_pattern"",""generic_best_for_pattern"",""missing_not_for""]",433,1272,480,1272
honeycomb-bali,Honeycomb Bali,canggu,cafe,canggu-pererenan,2026-07-30,true,true,false,false,false,false,false,false,false,false,false,true,published,true,false,P1_REWRITE_BOILERPLATE,"[""missing_decision_anchor"",""generic_best_for_pattern"",""missing_not_for"",""weak_location_identity""]",433,1272,480,1272
bokashi-bali-pererenan,Bokashi Bali (Pererenan),canggu,restaurant,pererenan,2026-07-30,true,true,false,false,false,false,false,false,false,false,true,true,published,true,false,P1_REWRITE_BOILERPLATE,"[""missing_decision_anchor"",""generic_why_pattern"",""generic_best_for_pattern"",""missing_not_for"",""weak_location_identity""]",433,1272,480,1272
hip-hop-soul-restaurant,Hip Hop Soul Restaurant,canggu,restaurant,canggu,2026-07-30,true,true,false,false,false,false,false,false,false,false,false,true,published,true,false,P1_REWRITE_BOILERPLATE,"[""missing_decision_anchor"",""generic_best_for_pattern"",""missing_not_for"",""weak_location_identity""]",433,1272,480,1272
jen-deli-restaurant-and-la-fortuna-bar-at-sense-canggu-beach-hotel,Jen Deli Restaurant and La Fortuna Bar at Sense Canggu Beach Hotel,canggu,restaurant,Canggu; Pererenan,2026-07-28,true,true,false,false,false,false,true,false,true,true,true,true,review,true,false,P1_REWRITE_BOILERPLATE,"[""missing_decision_anchor"",""generic_why_pattern"",""generic_best_for_pattern"",""missing_not_for""]",433,1272,480,1272
kedai-tepi-kali-and-bar-at-tapa-tepi-kali-canggu,Kedai Tepi Kali and Bar at Tapa Tepi Kali Canggu,canggu,restaurant,Canggu,2026-07-28,true,true,false,false,false,false,true,false,true,true,false,true,review,true,false,P1_REWRITE_BOILERPLATE,"[""missing_decision_anchor"",""generic_best_for_pattern"",""missing_not_for""]",433,1272,480,1272
khao-canggu,KHAO Canggu,canggu,restaurant,Canggu,2026-07-28,true,true,false,false,false,false,true,false,true,true,true,true,review,true,false,P1_REWRITE_BOILERPLATE,"[""missing_decision_anchor"",""generic_why_pattern"",""generic_best_for_pattern"",""missing_not_for""]",433,1272,480,1272
kong-contemporary-bistro,KONG | Contemporary Bistro,canggu,restaurant,Canggu; Berawa,2026-07-28,true,true,false,false,false,false,true,false,true,true,true,true,review,true,false,P1_REWRITE_BOILERPLATE,"[""missing_decision_anchor"",""generic_why_pattern"",""generic_best_for_pattern"",""missing_not_for""]",433,1272,480,1272
milano,Milano,canggu,restaurant,Canggu; Berawa,2026-07-28,true,true,false,false,false,false,true,false,true,true,true,true,review,true,false,P1_REWRITE_BOILERPLATE,"[""missing_decision_anchor"",""generic_why_pattern"",""generic_best_for_pattern"",""missing_not_for""]",433,1272,480,1272
one-eyed-jack,One Eyed Jack,canggu,restaurant,Canggu; Berawa,2026-08-04,true,true,false,false,false,false,true,false,true,true,true,true,published,true,false,P1_REWRITE_BOILERPLATE,"[""missing_decision_anchor"",""generic_why_pattern"",""generic_best_for_pattern"",""missing_not_for""]",433,1272,480,1272
rasa-kitchen,Rasa Kitchen,canggu,restaurant,Canggu,2026-07-28,true,true,false,false,false,false,true,false,true,true,false,true,review,true,false,P1_REWRITE_BOILERPLATE,"[""missing_decision_anchor"",""generic_best_for_pattern"",""missing_not_for""]",433,1272,480,1272
rize-pererenan,rize pererenan,canggu,restaurant,Pererenan,2026-08-07,true,true,false,false,false,false,true,false,true,true,true,true,review,true,false,P1_REWRITE_BOILERPLATE,"[""missing_decision_anchor"",""generic_why_pattern"",""generic_best_for_pattern"",""missing_not_for""]",433,1272,480,1272
roomah-canggu-at-holiday-inn-resort-bali-canggu,Roomah Canggu at Holiday Inn Resort Bali Canggu,canggu,restaurant,Canggu,2026-07-28,true,true,false,false,false,false,true,false,true,true,true,true,review,true,false,P1_REWRITE_BOILERPLATE,"[""missing_decision_anchor"",""generic_why_pattern"",""generic_best_for_pattern"",""missing_not_for""]",433,1272,480,1272
sababa,Sababa,canggu,restaurant,Canggu; Berawa,2026-07-28,true,true,false,false,false,false,true,false,true,true,true,true,review,true,false,P1_REWRITE_BOILERPLATE,"[""missing_decision_anchor"",""generic_why_pattern"",""generic_best_for_pattern"",""missing_not_for""]",433,1272,480,1272
samm-s-farm,Samm's Farm,canggu,restaurant,Canggu,2026-07-28,true,true,false,false,false,false,true,false,true,true,false,true,review,true,false,P1_REWRITE_BOILERPLATE,"[""missing_decision_anchor"",""generic_best_for_pattern"",""missing_not_for""]",433,1272,480,1272
selia-restaurant-coffee-bar,SELIA Restaurant Coffee Bar,canggu,restaurant,Canggu,2026-07-28,true,true,false,false,false,false,true,false,false,true,true,true,review,true,false,P1_REWRITE_BOILERPLATE,"[""missing_decision_anchor"",""generic_why_pattern"",""generic_best_for_pattern"",""missing_not_for""]",433,1272,480,1272
shary-shary,Shary Shary,canggu,restaurant,Canggu,2026-07-28,true,true,false,false,false,false,true,false,true,true,true,true,review,true,false,P1_REWRITE_BOILERPLATE,"[""missing_decision_anchor"",""generic_why_pattern"",""generic_best_for_pattern"",""missing_not_for""]",433,1272,480,1272
terrace-brasserie-and-cafe,Terrace Brasserie & Café,canggu,restaurant,Canggu,2026-07-28,true,true,false,false,false,false,true,false,false,true,true,true,review,true,false,P1_REWRITE_BOILERPLATE,"[""missing_decision_anchor"",""generic_why_pattern"",""generic_best_for_pattern"",""missing_not_for""]",433,1272,480,1272
thara-kitchen-and-bar,Thara Kitchen & Bar,canggu,restaurant,Canggu,2026-07-28,true,true,false,false,false,false,true,false,false,true,true,true,review,true,false,P1_REWRITE_BOILERPLATE,"[""missing_decision_anchor"",""generic_why_pattern"",""generic_best_for_pattern"",""missing_not_for""]",433,1272,480,1272
the-room-bar-bali,The Room Bar - Bali,canggu,restaurant,Canggu; Berawa,2026-07-28,true,true,false,false,false,false,true,false,false,true,true,true,review,true,false,P1_REWRITE_BOILERPLATE,"[""missing_decision_anchor"",""generic_why_pattern"",""generic_best_for_pattern"",""missing_not_for""]",433,1272,480,1272
turntable-canggu-steakhouse,Turntable Canggu | Steakhouse,canggu,restaurant,Canggu,2026-07-28,true,true,false,false,false,false,true,false,true,true,false,true,review,true,false,P1_REWRITE_BOILERPLATE,"[""missing_decision_anchor"",""generic_best_for_pattern"",""missing_not_for""]",433,1272,480,1272
urban-bites-cafe-at-berawa,Urban Bites Cafe at Berawa,canggu,restaurant,Canggu; Berawa,2026-07-28,true,true,false,false,false,false,true,false,true,true,true,true,review,true,false,P1_REWRITE_BOILERPLATE,"[""missing_decision_anchor"",""generic_why_pattern"",""generic_best_for_pattern"",""missing_not_for""]",433,1272,480,1272
vore-grillhouse-and-lounge,Vore Grillhouse and Lounge,canggu,restaurant,canggu-berawa,2026-07-30,true,true,false,false,false,false,false,false,false,false,true,true,published,true,false,P1_REWRITE_BOILERPLATE,"[""missing_decision_anchor"",""generic_why_pattern"",""generic_best_for_pattern"",""missing_not_for"",""weak_location_identity""]",433,1272,480,1272
wonton-club,Wonton Club,canggu,restaurant,Canggu,2026-07-28,true,true,false,false,false,false,true,false,false,true,true,true,review,true,false,P1_REWRITE_BOILERPLATE,"[""missing_decision_anchor"",""generic_why_pattern"",""generic_best_for_pattern"",""missing_not_for""]",433,1272,480,1272
yen-social-bali,Yen Social Bali,canggu,restaurant,Canggu,2026-07-28,true,true,false,false,false,false,true,false,true,true,true,true,review,true,false,P1_REWRITE_BOILERPLATE,"[""missing_decision_anchor"",""generic_why_pattern"",""generic_best_for_pattern"",""missing_not_for""]",433,1272,480,1272
zali-at-pererenan,Zali at Pererenan,canggu,restaurant,Canggu; Pererenan,2026-07-28,true,true,false,false,false,false,true,false,true,true,true,true,review,true,false,P1_REWRITE_BOILERPLATE,"[""missing_decision_anchor"",""generic_why_pattern"",""generic_best_for_pattern"",""missing_not_for""]",433,1272,480,1272
9-11-cafe,9-11 Cafe,denpasar,restaurant,Denpasar,2026-07-28,true,true,false,false,false,false,true,false,true,true,true,true,review,true,false,P1_REWRITE_BOILERPLATE,"[""missing_decision_anchor"",""generic_why_pattern"",""generic_best_for_pattern"",""missing_not_for""]",433,1272,480,1272
bron-the-resto,BRON THE RESTO,denpasar,restaurant,Denpasar,2026-07-28,true,true,false,false,false,false,true,false,true,true,true,true,review,true,false,P1_REWRITE_BOILERPLATE,"[""missing_decision_anchor"",""generic_why_pattern"",""generic_best_for_pattern"",""missing_not_for""]",433,1272,480,1272
kimukatsu-at-living-world-bali,Kimukatsu at Living World Bali,denpasar,restaurant,Denpasar,2026-07-28,true,true,false,false,false,false,true,false,true,true,true,true,review,true,false,P1_REWRITE_BOILERPLATE,"[""missing_decision_anchor"",""generic_why_pattern"",""generic_best_for_pattern"",""missing_not_for""]",433,1272,480,1272
kimukatsu-at-trans-studio-bali,Kimukatsu at Trans Studio Bali,denpasar,restaurant,Denpasar,2026-07-28,true,true,false,false,false,false,true,false,true,true,true,true,review,true,false,P1_REWRITE_BOILERPLATE,"[""missing_decision_anchor"",""generic_why_pattern"",""generic_best_for_pattern"",""missing_not_for""]",433,1272,480,1272
marble-8-restaurant-at-city-of-aventus,Marble 8 Restaurant at City of Aventus,denpasar,restaurant,Denpasar,2026-07-28,true,true,false,false,false,false,true,false,true,true,true,true,review,true,false,P1_REWRITE_BOILERPLATE,"[""missing_decision_anchor"",""generic_why_pattern"",""generic_best_for_pattern"",""missing_not_for""]",433,1272,480,1272
shaburi-and-kintan-buffet-bali-at-trans-studio-mall-bali,Shaburi and Kintan Buffet Bali at Trans Studio Mall Bali,denpasar,restaurant,Denpasar,2026-07-28,true,true,false,false,false,false,true,false,true,true,true,true,review,true,false,P1_REWRITE_BOILERPLATE,"[""missing_decision_anchor"",""generic_why_pattern"",""generic_best_for_pattern"",""missing_not_for""]",433,1272,480,1272
5kitchen-bali-suites5-hotel,5Kitchen Bali (Suites5 Hotel),jimbaran,restaurant,jimbaran,2026-07-30,true,true,false,false,false,false,false,false,false,false,true,true,published,true,false,P1_REWRITE_BOILERPLATE,"[""missing_decision_anchor"",""generic_why_pattern"",""generic_best_for_pattern"",""missing_not_for"",""weak_location_identity""]",433,1272,480,1272
anarasa-at-movenpick-resort,Anarasa at Mövenpick Resort,jimbaran,restaurant,Jimbaran,2026-07-28,true,true,false,false,false,false,false,false,true,true,true,true,review,true,false,P1_REWRITE_BOILERPLATE,"[""missing_decision_anchor"",""generic_why_pattern"",""generic_best_for_pattern"",""missing_not_for""]",433,1272,480,1272
asai-cafe,ASAI Cafe,jimbaran,restaurant,Jimbaran,2026-07-28,true,true,false,false,false,false,true,false,true,true,true,true,review,true,false,P1_REWRITE_BOILERPLATE,"[""missing_decision_anchor"",""generic_why_pattern"",""generic_best_for_pattern"",""missing_not_for""]",433,1272,480,1272
barrels-steakhouse-at-samasta-lifestyle-village,Barrels Steakhouse at Samasta Lifestyle Village,jimbaran,restaurant,Jimbaran,2026-07-28,true,true,false,false,false,false,true,false,true,true,true,true,review,true,false,P1_REWRITE_BOILERPLATE,"[""missing_decision_anchor"",""generic_why_pattern"",""generic_best_for_pattern"",""missing_not_for""]",433,1272,480,1272
chatwood-coffee-and-eatery,Chatwood Coffee and Eatery,jimbaran,restaurant,jimbaran,2026-07-30,true,true,false,false,false,false,false,false,false,false,true,true,published,true,false,P1_REWRITE_BOILERPLATE,"[""missing_decision_anchor"",""generic_why_pattern"",""generic_best_for_pattern"",""missing_not_for"",""weak_location_identity""]",433,1272,480,1272
loloan-coastal-peruvian-raffles-bali,Loloan Coastal Peruvian (Raffles Bali),jimbaran,restaurant,jimbaran,2026-07-30,true,true,false,false,false,false,false,false,false,false,false,true,published,true,false,P1_REWRITE_BOILERPLATE,"[""missing_decision_anchor"",""generic_best_for_pattern"",""missing_not_for"",""weak_location_identity""]",433,1272,480,1272
loloan-coastal-peruvian-at-raffles-bali,Loloan Coastal Peruvian at Raffles Bali,jimbaran,restaurant,Jimbaran,2026-07-28,true,true,false,false,false,false,true,false,true,true,true,true,review,true,false,P1_REWRITE_BOILERPLATE,"[""missing_decision_anchor"",""generic_why_pattern"",""generic_best_for_pattern"",""missing_not_for""]",433,1272,480,1272
opia-bali,Opia Bali,jimbaran,restaurant,Jimbaran,2026-07-28,true,true,false,false,false,false,true,false,true,true,true,true,review,true,false,P1_REWRITE_BOILERPLATE,"[""missing_decision_anchor"",""generic_why_pattern"",""generic_best_for_pattern"",""missing_not_for""]",433,1272,480,1272
rumari,Rumari at Raffles Bali,jimbaran,restaurant,Jimbaran,2026-07-28,true,true,false,false,false,false,true,false,true,true,true,true,review,true,false,P1_REWRITE_BOILERPLATE,"[""missing_decision_anchor"",""generic_why_pattern"",""generic_best_for_pattern"",""missing_not_for""]",433,1272,480,1272
rumari-counter-at-raffles-bali,Rumari Counter at Raffles Bali,jimbaran,restaurant,Jimbaran,2026-07-28,true,true,false,false,false,false,true,false,true,true,true,true,review,true,false,P1_REWRITE_BOILERPLATE,"[""missing_decision_anchor"",""generic_why_pattern"",""generic_best_for_pattern"",""missing_not_for""]",433,1272,480,1272
telu-bar-at-four-seasons-resort-bali-at-jimbaran-bay,TELU Bar at Four Seasons Resort Bali at Jimbaran Bay,jimbaran,restaurant,Jimbaran,2026-07-28,true,true,false,false,false,false,true,false,true,true,true,true,review,true,false,P1_REWRITE_BOILERPLATE,"[""missing_decision_anchor"",""generic_why_pattern"",""generic_best_for_pattern"",""missing_not_for""]",433,1272,480,1272
edelweiss-restaurant-and-bar-at-tapa-agung-view,Edelweiss Restaurant and Bar at Tapa Agung View,karangasem,restaurant,Unknown,2026-07-28,true,true,false,false,false,false,true,false,true,true,true,true,review,true,false,P1_REWRITE_BOILERPLATE,"[""missing_decision_anchor"",""generic_why_pattern"",""generic_best_for_pattern"",""missing_not_for""]",433,1272,480,1272
flamingo-restaurant-and-bar-at-sagara-candidasa,Flamingo Restaurant and Bar at Sagara Candidasa,karangasem,restaurant,Unknown,2026-07-28,true,true,false,false,false,false,true,false,false,true,true,true,review,true,false,P1_REWRITE_BOILERPLATE,"[""missing_decision_anchor"",""generic_why_pattern"",""generic_best_for_pattern"",""missing_not_for""]",433,1272,480,1272
garpu-restaurant-at-ramayana-candidasa-beach-resort,Garpu Restaurant at Ramayana Candidasa Beach Resort,karangasem,restaurant,Unknown,2026-07-28,true,true,false,false,false,false,true,false,true,true,true,true,review,true,false,P1_REWRITE_BOILERPLATE,"[""missing_decision_anchor"",""generic_why_pattern"",""generic_best_for_pattern"",""missing_not_for""]",433,1272,480,1272
lezat-beach-restaurant-at-ashyana-candidasa-beach-resort,Lezat Beach Restaurant at Ashyana Candidasa Beach Resort,karangasem,restaurant,Unknown,2026-07-28,true,true,false,false,false,false,true,false,true,true,true,true,review,true,false,P1_REWRITE_BOILERPLATE,"[""missing_decision_anchor"",""generic_why_pattern"",""generic_best_for_pattern"",""missing_not_for""]",433,1272,480,1272
mozzarella-by-the-sea-the-bandha-hotel-and-suites,Mozzarella by The Sea (The Bandha Hotel and Suites),kuta-legian,cafe,legian,2026-07-30,true,true,false,false,false,false,false,false,false,false,true,true,published,true,false,P1_REWRITE_BOILERPLATE,"[""missing_decision_anchor"",""generic_why_pattern"",""generic_best_for_pattern"",""missing_not_for"",""weak_location_identity""]",433,1272,480,1272
al-dente-cucina-italiana-and-lounge,Al Dente Cucina Italiana & Lounge,kuta-legian,restaurant,Kuta,2026-07-28,true,true,false,false,false,false,true,false,true,true,true,true,review,true,false,P1_REWRITE_BOILERPLATE,"[""missing_decision_anchor"",""generic_why_pattern"",""generic_best_for_pattern"",""missing_not_for""]",433,1272,480,1272
atithi-indian-restaurant-and-bar,"Atithi, Indian Restaurant & Bar",kuta-legian,restaurant,Kuta,2026-07-28,true,true,false,false,false,false,true,false,true,true,true,true,review,true,false,P1_REWRITE_BOILERPLATE,"[""missing_decision_anchor"",""generic_why_pattern"",""generic_best_for_pattern"",""missing_not_for""]",433,1272,480,1272
away-bali-legian-camakila,Away Bali Legian Camakila,kuta-legian,restaurant,Legian,2026-07-28,true,true,false,false,false,false,false,false,true,true,true,true,review,true,false,P1_REWRITE_BOILERPLATE,"[""missing_decision_anchor"",""generic_why_pattern"",""generic_best_for_pattern"",""missing_not_for""]",433,1272,480,1272
bella-italia-at-legian,Bella Italia at Legian,kuta-legian,restaurant,Legian,2026-07-28,true,true,false,false,false,false,true,false,false,true,true,true,review,true,false,P1_REWRITE_BOILERPLATE,"[""missing_decision_anchor"",""generic_why_pattern"",""generic_best_for_pattern"",""missing_not_for""]",433,1272,480,1272
beras-merah-waroeng-and-bar-at-adhi-jaya-hotel-kuta,Beras Merah Waroeng and Bar at Adhi Jaya Hotel Kuta,kuta-legian,restaurant,Kuta,2026-07-28,true,true,false,false,false,false,true,false,true,true,true,true,review,true,false,P1_REWRITE_BOILERPLATE,"[""missing_decision_anchor"",""generic_why_pattern"",""generic_best_for_pattern"",""missing_not_for""]",433,1272,480,1272
big-fish-grill-the-stones-legian-bali,"Big Fish Grill (The Stones – Legian, Bali)",kuta-legian,restaurant,kuta-legian,2026-07-30,true,true,false,false,false,false,false,false,false,false,true,true,published,true,false,P1_REWRITE_BOILERPLATE,"[""missing_decision_anchor"",""generic_why_pattern"",""generic_best_for_pattern"",""missing_not_for"",""weak_location_identity""]",433,1272,480,1272
bluefin-japanese-fusion-and-lounge,Bluefin Japanese Fusion & Lounge,kuta-legian,restaurant,Kuta,2026-07-28,true,true,false,false,false,false,true,false,true,true,true,true,review,true,false,P1_REWRITE_BOILERPLATE,"[""missing_decision_anchor"",""generic_why_pattern"",""generic_best_for_pattern"",""missing_not_for""]",433,1272,480,1272
capibarra-restaurant-and-bar-kuta,Capibarra Restaurant & Bar Kuta,kuta-legian,restaurant,Kuta,2026-07-28,true,true,false,false,false,false,true,false,true,true,true,true,review,true,false,P1_REWRITE_BOILERPLATE,"[""missing_decision_anchor"",""generic_why_pattern"",""generic_best_for_pattern"",""missing_not_for""]",433,1272,480,1272
chaskaa-modern-indian-cuisine-and-bar-at-kuta,Chaskaa Modern Indian Cuisine and Bar at Kuta,kuta-legian,restaurant,Kuta,2026-07-28,true,true,false,false,false,false,true,false,true,true,true,true,review,true,false,P1_REWRITE_BOILERPLATE,"[""missing_decision_anchor"",""generic_why_pattern"",""generic_best_for_pattern"",""missing_not_for""]",433,1272,480,1272
coco-bistro-at-kuta-square,Coco Bistro at Kuta Square,kuta-legian,restaurant,Kuta,2026-07-28,true,true,false,false,false,false,true,false,true,true,true,true,review,true,false,P1_REWRITE_BOILERPLATE,"[""missing_decision_anchor"",""generic_why_pattern"",""generic_best_for_pattern"",""missing_not_for""]",433,1272,480,1272
donbiu-at-padma-resort-legian,DONBIU at Padma Resort Legian,kuta-legian,restaurant,Legian,2026-07-28,true,true,false,false,false,false,true,false,true,true,true,true,review,true,false,P1_REWRITE_BOILERPLATE,"[""missing_decision_anchor"",""generic_why_pattern"",""generic_best_for_pattern"",""missing_not_for""]",433,1272,480,1272
el-jardin-steakhouse-by-andrea-peresthu,El Jardin Steakhouse by Andrea Peresthu,kuta-legian,restaurant,Kuta,2026-07-28,true,true,false,false,false,false,true,false,true,true,true,true,review,true,false,P1_REWRITE_BOILERPLATE,"[""missing_decision_anchor"",""generic_why_pattern"",""generic_best_for_pattern"",""missing_not_for""]",433,1272,480,1272
fork-bali,FORK Bali,kuta-legian,restaurant,Kuta; Legian,2026-07-28,true,true,false,false,false,false,true,false,true,true,true,true,review,true,false,P1_REWRITE_BOILERPLATE,"[""missing_decision_anchor"",""generic_why_pattern"",""generic_best_for_pattern"",""missing_not_for""]",433,1272,480,1272
gabah-padma-bali-restaurant-bali-at-rama-residence-padma-hotel,Gabah Padma Bali Restaurant Bali at Rama Residence Padma Hotel,kuta-legian,restaurant,Legian,2026-07-28,true,true,false,false,false,false,true,false,true,true,true,true,review,true,false,P1_REWRITE_BOILERPLATE,"[""missing_decision_anchor"",""generic_why_pattern"",""generic_best_for_pattern"",""missing_not_for""]",433,1272,480,1272
gabah-restaurant-and-bar,Gabah Restaurant & Bar,kuta-legian,restaurant,Kuta,2026-07-28,true,true,false,false,false,false,true,false,true,true,true,true,review,true,false,P1_REWRITE_BOILERPLATE,"[""missing_decision_anchor"",""generic_why_pattern"",""generic_best_for_pattern"",""missing_not_for""]",433,1272,480,1272
ganesha-ek-sanskriti-discovery-mall-kuta-bali,Ganesha Ek Sanskriti (Discovery Mall Kuta Bali),kuta-legian,restaurant,kuta,2026-07-30,true,true,false,false,false,false,false,false,false,false,true,true,published,true,false,P1_REWRITE_BOILERPLATE,"[""missing_decision_anchor"",""generic_why_pattern"",""generic_best_for_pattern"",""missing_not_for"",""weak_location_identity""]",433,1272,480,1272
ganesha-ek-sanskriti-at-discovery-mall-kuta-bali,Ganesha Ek Sanskriti at Discovery Mall Kuta Bali,kuta-legian,restaurant,Kuta,2026-07-28,true,true,false,false,false,false,true,false,true,true,true,true,review,true,false,P1_REWRITE_BOILERPLATE,"[""missing_decision_anchor"",""generic_why_pattern"",""generic_best_for_pattern"",""missing_not_for""]",433,1272,480,1272
ganesha-ek-sanskriti-at-lippo-mall-kuta,Ganesha Ek Sanskriti at Lippo Mall Kuta,kuta-legian,restaurant,Kuta,2026-07-28,true,true,false,false,false,false,true,false,true,true,true,true,review,true,false,P1_REWRITE_BOILERPLATE,"[""missing_decision_anchor"",""generic_why_pattern"",""generic_best_for_pattern"",""missing_not_for""]",433,1272,480,1272
ganesha-ek-sanskriti-at-lippo-plaza-sunset-road,Ganesha Ek Sanskriti at Lippo Plaza Sunset Road,kuta-legian,restaurant,Kuta,2026-07-28,true,true,false,false,false,false,true,false,true,true,true,true,review,true,false,P1_REWRITE_BOILERPLATE,"[""missing_decision_anchor"",""generic_why_pattern"",""generic_best_for_pattern"",""missing_not_for""]",433,1272,480,1272
gateway-of-india-at-kuta,Gateway of India at Kuta,kuta-legian,restaurant,Kuta,2026-07-28,true,true,false,false,false,false,true,false,true,true,true,true,review,true,false,P1_REWRITE_BOILERPLATE,"[""missing_decision_anchor"",""generic_why_pattern"",""generic_best_for_pattern"",""missing_not_for""]",433,1272,480,1272
gioi-ocean-gourmet,GIOI Ocean Gourmet,kuta-legian,restaurant,Kuta,2026-07-28,true,true,false,false,false,false,true,false,false,true,false,true,review,true,false,P1_REWRITE_BOILERPLATE,"[""missing_decision_anchor"",""generic_best_for_pattern"",""missing_not_for""]",433,1272,480,1272
ground-zero-kitchen,Ground Zero Kitchen,kuta-legian,restaurant,Kuta; Legian,2026-07-28,true,true,false,false,false,false,true,false,true,true,false,true,review,true,false,P1_REWRITE_BOILERPLATE,"[""missing_decision_anchor"",""generic_best_for_pattern"",""missing_not_for""]",433,1272,480,1272
hard-rock-cafe-bali,Hard Rock Cafe Bali,kuta-legian,restaurant,Kuta,2026-07-28,true,true,false,false,false,false,true,false,true,true,true,true,review,true,false,P1_REWRITE_BOILERPLATE,"[""missing_decision_anchor"",""generic_why_pattern"",""generic_best_for_pattern"",""missing_not_for""]",433,1272,480,1272
henry-s-steakhouse,HENRY'S Steakhouse,kuta-legian,restaurant,Kuta,2026-07-28,true,true,false,false,false,false,true,false,false,true,false,true,review,true,false,P1_REWRITE_BOILERPLATE,"[""missing_decision_anchor"",""generic_best_for_pattern"",""missing_not_for""]",433,1272,480,1272
kimukatsu-beach-walk-bali,Kimukatsu (Beach Walk Bali),kuta-legian,restaurant,kuta,2026-07-30,true,true,false,false,false,false,false,false,false,false,true,true,published,true,false,P1_REWRITE_BOILERPLATE,"[""missing_decision_anchor"",""generic_why_pattern"",""generic_best_for_pattern"",""missing_not_for"",""weak_location_identity""]",433,1272,480,1272
kin-thai-kitchen,Kin Thai Kitchen,kuta-legian,restaurant,Kuta,2026-07-28,true,true,false,false,false,false,true,false,true,true,true,true,review,true,false,P1_REWRITE_BOILERPLATE,"[""missing_decision_anchor"",""generic_why_pattern"",""generic_best_for_pattern"",""missing_not_for""]",433,1272,480,1272
kuta-social-club,Kuta Social Club,kuta-legian,restaurant,Kuta,2026-07-28,true,true,false,false,false,false,true,false,true,true,true,true,review,true,false,P1_REWRITE_BOILERPLATE,"[""missing_decision_anchor"",""generic_why_pattern"",""generic_best_for_pattern"",""missing_not_for""]",433,1272,480,1272
la-casa-mexican-and-sunset-bar-at-anantara-vacation-club,La Casa Mexican and Sunset Bar at Anantara Vacation Club,kuta-legian,restaurant,Legian,2026-07-28,true,true,false,false,false,false,true,false,true,true,true,true,review,true,false,P1_REWRITE_BOILERPLATE,"[""missing_decision_anchor"",""generic_why_pattern"",""generic_best_for_pattern"",""missing_not_for""]",433,1272,480,1272
lobby-bar-discovery-kartika-plaza-hotel,Lobby Bar (Discovery Kartika Plaza Hotel),kuta-legian,restaurant,kuta,2026-07-30,true,true,false,false,false,false,false,false,false,false,true,true,published,true,false,P1_REWRITE_BOILERPLATE,"[""missing_decision_anchor"",""generic_why_pattern"",""generic_best_for_pattern"",""missing_not_for"",""weak_location_identity""]",433,1272,480,1272
lobby-bar-at-discovery-kartika-plaza-hotel,Lobby Bar at Discovery Kartika Plaza Hotel,kuta-legian,restaurant,Kuta,2026-07-28,true,true,false,false,false,false,false,false,true,true,true,true,review,true,false,P1_REWRITE_BOILERPLATE,"[""missing_decision_anchor"",""generic_why_pattern"",""generic_best_for_pattern"",""missing_not_for""]",433,1272,480,1272
marble-8-restaurant-at-dream-of-aventus,Marble 8 Restaurant at Dream of Aventus,kuta-legian,restaurant,Kuta,2026-07-28,true,true,false,false,false,false,true,false,true,true,true,true,review,true,false,P1_REWRITE_BOILERPLATE,"[""missing_decision_anchor"",""generic_why_pattern"",""generic_best_for_pattern"",""missing_not_for""]",433,1272,480,1272
marina-bali-seafood,Marina Bali Seafood,kuta-legian,restaurant,Kuta,2026-07-28,true,true,false,false,false,false,true,false,false,true,true,true,review,true,false,P1_REWRITE_BOILERPLATE,"[""missing_decision_anchor"",""generic_why_pattern"",""generic_best_for_pattern"",""missing_not_for""]",433,1272,480,1272
moson-bali-villa-and-eatery,MOSON BALI VILLA & EATERY,kuta-legian,restaurant,Legian,2026-07-28,true,true,false,false,false,false,true,false,true,true,true,true,review,true,false,P1_REWRITE_BOILERPLATE,"[""missing_decision_anchor"",""generic_why_pattern"",""generic_best_for_pattern"",""missing_not_for""]",433,1272,480,1272
mozzarella-on-padma,Mozzarella On Padma,kuta-legian,restaurant,Legian,2026-07-28,true,true,false,false,false,false,true,false,true,true,true,true,review,true,false,P1_REWRITE_BOILERPLATE,"[""missing_decision_anchor"",""generic_why_pattern"",""generic_best_for_pattern"",""missing_not_for""]",433,1272,480,1272
mozzarella-restaurant-at-the-magani-hotel-and-spa,Mozzarella Restaurant at The Magani Hotel and Spa,kuta-legian,restaurant,Legian,2026-07-28,true,true,false,false,false,false,true,false,true,true,false,true,review,true,false,P1_REWRITE_BOILERPLATE,"[""missing_decision_anchor"",""generic_best_for_pattern"",""missing_not_for""]",433,1272,480,1272
palms-restaurant-holiday-inn-resort-baruna-bali,Palms Restaurant (Holiday Inn Resort Baruna Bali),kuta-legian,restaurant,kuta,2026-07-30,true,true,false,false,false,false,false,false,false,false,true,true,published,true,false,P1_REWRITE_BOILERPLATE,"[""missing_decision_anchor"",""generic_why_pattern"",""generic_best_for_pattern"",""missing_not_for"",""weak_location_identity""]",433,1272,480,1272
pangi-bistro,Pangi Bistro,kuta-legian,restaurant,Legian,2026-07-28,true,true,false,false,false,false,true,false,false,true,true,true,review,true,false,P1_REWRITE_BOILERPLATE,"[""missing_decision_anchor"",""generic_why_pattern"",""generic_best_for_pattern"",""missing_not_for""]",433,1272,480,1272
papas-beach-cafe-at-alamkulkul-boutique-resort,Papas Beach Cafe at AlamKulkul Boutique Resort,kuta-legian,restaurant,Kuta,2026-07-28,true,true,false,false,false,false,true,false,true,true,true,true,review,true,false,P1_REWRITE_BOILERPLATE,"[""missing_decision_anchor"",""generic_why_pattern"",""generic_best_for_pattern"",""missing_not_for""]",433,1272,480,1272
poppies-restaurant,Poppies Restaurant,kuta-legian,restaurant,Kuta,2026-07-28,true,true,false,false,false,false,true,false,true,true,true,true,review,true,false,P1_REWRITE_BOILERPLATE,"[""missing_decision_anchor"",""generic_why_pattern"",""generic_best_for_pattern"",""missing_not_for""]",433,1272,480,1272
posers-pub-and-restaurant,Posers Pub & Restaurant,kuta-legian,restaurant,Kuta; Legian,2026-07-28,true,true,false,false,false,false,true,false,false,true,true,true,review,true,false,P1_REWRITE_BOILERPLATE,"[""missing_decision_anchor"",""generic_why_pattern"",""generic_best_for_pattern"",""missing_not_for""]",433,1272,480,1272
queen-s-of-india-at-kuta,Queen's of India at Kuta,kuta-legian,restaurant,Kuta,2026-07-28,true,true,false,false,false,false,true,false,true,true,true,true,review,true,false,P1_REWRITE_BOILERPLATE,"[""missing_decision_anchor"",""generic_why_pattern"",""generic_best_for_pattern"",""missing_not_for""]",433,1272,480,1272
seafood-house-restaurant,Seafood House Restaurant,kuta-legian,restaurant,Kuta,2026-07-28,true,true,false,false,false,false,true,false,true,true,true,true,review,true,false,P1_REWRITE_BOILERPLATE,"[""missing_decision_anchor"",""generic_why_pattern"",""generic_best_for_pattern"",""missing_not_for""]",433,1272,480,1272
sees-bali-cafe-and-eatery,Sees Bali Cafe & Eatery,kuta-legian,restaurant,Legian,2026-07-28,true,true,false,false,false,false,true,false,true,true,true,true,review,true,false,P1_REWRITE_BOILERPLATE,"[""missing_decision_anchor"",""generic_why_pattern"",""generic_best_for_pattern"",""missing_not_for""]",433,1272,480,1272
sendok-emas-bar-and-restaurant,Sendok Emas Bar & Restaurant,kuta-legian,restaurant,Kuta; Legian,2026-07-28,true,true,false,false,false,false,true,false,false,true,true,true,review,true,false,P1_REWRITE_BOILERPLATE,"[""missing_decision_anchor"",""generic_why_pattern"",""generic_best_for_pattern"",""missing_not_for""]",433,1272,480,1272
shally-s-dining-at-lippo-mall-kuta,Shally's Dining at Lippo Mall Kuta,kuta-legian,restaurant,Kuta,2026-07-28,true,true,false,false,false,false,true,false,true,true,true,true,review,true,false,P1_REWRITE_BOILERPLATE,"[""missing_decision_anchor"",""generic_why_pattern"",""generic_best_for_pattern"",""missing_not_for""]",433,1272,480,1272
skai-bar-and-grill,SKAI Bar & Grill,kuta-legian,restaurant,Legian,2026-07-28,true,true,false,false,false,false,true,false,true,true,true,true,review,true,false,P1_REWRITE_BOILERPLATE,"[""missing_decision_anchor"",""generic_why_pattern"",""generic_best_for_pattern"",""missing_not_for""]",433,1272,480,1272
sokube-restaurant-and-bar-at-discovery-kartika-plaza-hotel,Sokube Restaurant and Bar at Discovery Kartika Plaza Hotel,kuta-legian,restaurant,Kuta,2026-07-28,true,true,false,false,false,false,true,false,true,true,true,true,review,true,false,P1_REWRITE_BOILERPLATE,"[""missing_decision_anchor"",""generic_why_pattern"",""generic_best_for_pattern"",""missing_not_for""]",433,1272,480,1272
spice-mantraa-at-kuta,Spice Mantraa at Kuta,kuta-legian,restaurant,Kuta,2026-07-28,true,true,false,false,false,false,true,false,true,true,true,true,review,true,false,P1_REWRITE_BOILERPLATE,"[""missing_decision_anchor"",""generic_why_pattern"",""generic_best_for_pattern"",""missing_not_for""]",433,1272,480,1272
stadium-cafe,Stadium Cafe,kuta-legian,restaurant,Kuta,2026-07-28,true,true,false,false,false,false,true,false,false,true,true,true,review,true,false,P1_REWRITE_BOILERPLATE,"[""missing_decision_anchor"",""generic_why_pattern"",""generic_best_for_pattern"",""missing_not_for""]",433,1272,480,1272
street-32-at-mamaka-by-ovolo,Street 32 at Mamaka by Ovolo,kuta-legian,restaurant,Kuta,2026-07-28,true,true,false,false,false,false,true,false,true,true,true,true,review,true,false,P1_REWRITE_BOILERPLATE,"[""missing_decision_anchor"",""generic_why_pattern"",""generic_best_for_pattern"",""missing_not_for""]",433,1272,480,1272
sukun-restaurant-kuta-at-amnaya-resort-kuta,Sukun Restaurant Kuta at Amnaya Resort Kuta,kuta-legian,restaurant,Kuta,2026-07-28,true,true,false,false,false,false,true,false,true,true,true,true,review,true,false,P1_REWRITE_BOILERPLATE,"[""missing_decision_anchor"",""generic_why_pattern"",""generic_best_for_pattern"",""missing_not_for""]",433,1272,480,1272
sunset-bar-and-lounge-at-discovery-kartika-plaza-hotel,Sunset Bar and Lounge at Discovery Kartika Plaza Hotel,kuta-legian,restaurant,Kuta,2026-07-28,true,true,false,false,false,false,true,false,true,true,true,true,review,true,false,P1_REWRITE_BOILERPLATE,"[""missing_decision_anchor"",""generic_why_pattern"",""generic_best_for_pattern"",""missing_not_for""]",433,1272,480,1272
sushi-casa,Sushi Casa,kuta-legian,restaurant,Legian,2026-07-28,true,true,false,false,false,false,true,false,false,true,true,true,review,true,false,P1_REWRITE_BOILERPLATE,"[""missing_decision_anchor"",""generic_why_pattern"",""generic_best_for_pattern"",""missing_not_for""]",433,1272,480,1272
take-authentic-japanese-cuisine,TAKE Authentic Japanese Cuisine,kuta-legian,restaurant,Legian,2026-07-28,true,true,false,false,false,false,true,false,true,true,true,true,review,true,false,P1_REWRITE_BOILERPLATE,"[""missing_decision_anchor"",""generic_why_pattern"",""generic_best_for_pattern"",""missing_not_for""]",433,1272,480,1272
tapas-tapas-bali-grand-livio-kuta-hotel,Tapas Tapas Bali (Grand Livio Kuta Hotel),kuta-legian,restaurant,kuta-legian,2026-07-30,true,true,false,false,false,false,false,false,false,false,true,true,published,true,false,P1_REWRITE_BOILERPLATE,"[""missing_decision_anchor"",""generic_why_pattern"",""generic_best_for_pattern"",""missing_not_for"",""weak_location_identity""]",433,1272,480,1272
tebu-merah-restaurant-at-fairfield-by-marriott-bali-legian,Tebu Merah Restaurant at Fairfield by Marriott Bali Legian,kuta-legian,restaurant,Kuta; Legian,2026-07-28,true,true,false,false,false,false,true,false,true,true,true,true,review,true,false,P1_REWRITE_BOILERPLATE,"[""missing_decision_anchor"",""generic_why_pattern"",""generic_best_for_pattern"",""missing_not_for""]",433,1272,480,1272
tenkai-japanese-nikkei-restaurant-at-padma-resort-legian,TENKAI Japanese Nikkei Restaurant at Padma Resort Legian,kuta-legian,restaurant,Legian,2026-07-28,true,true,false,false,false,false,true,false,true,true,true,true,review,true,false,P1_REWRITE_BOILERPLATE,"[""missing_decision_anchor"",""generic_why_pattern"",""generic_best_for_pattern"",""missing_not_for""]",433,1272,480,1272
the-coffee-club-legian-at-anantara-vacation-club,The Coffee Club Legian at Anantara Vacation Club,kuta-legian,restaurant,Legian,2026-07-28,true,true,false,false,false,false,true,false,true,true,true,true,review,true,false,P1_REWRITE_BOILERPLATE,"[""missing_decision_anchor"",""generic_why_pattern"",""generic_best_for_pattern"",""missing_not_for""]",433,1272,480,1272
the-pantry,The Pantry,kuta-legian,restaurant,Legian,2026-07-28,true,true,false,false,false,false,true,false,true,true,true,true,review,true,false,P1_REWRITE_BOILERPLATE,"[""missing_decision_anchor"",""generic_why_pattern"",""generic_best_for_pattern"",""missing_not_for""]",433,1272,480,1272
the-pond-restaurant,The Pond Restaurant,kuta-legian,restaurant,Kuta,2026-07-28,true,true,false,false,false,false,true,false,true,true,true,true,review,true,false,P1_REWRITE_BOILERPLATE,"[""missing_decision_anchor"",""generic_why_pattern"",""generic_best_for_pattern"",""missing_not_for""]",433,1272,480,1272
tupai-bar-discovery-kartika-plaza-hotel,Tupai Bar (Discovery Kartika Plaza Hotel),kuta-legian,restaurant,kuta,2026-07-30,true,true,false,false,false,false,false,false,false,false,true,true,published,true,false,P1_REWRITE_BOILERPLATE,"[""missing_decision_anchor"",""generic_why_pattern"",""generic_best_for_pattern"",""missing_not_for"",""weak_location_identity""]",433,1272,480,1272
tupai-bar-at-discovery-kartika-plaza-hotel,Tupai Bar at Discovery Kartika Plaza Hotel,kuta-legian,restaurant,Kuta,2026-07-28,true,true,false,false,false,false,false,false,true,true,true,true,review,true,false,P1_REWRITE_BOILERPLATE,"[""missing_decision_anchor"",""generic_why_pattern"",""generic_best_for_pattern"",""missing_not_for""]",433,1272,480,1272
vrindavan-100-pure-indian-vegetarian-and-vegan-restaurant-at-kuta,Vrindavan 100% Pure Indian Vegetarian & Vegan Restaurant at Kuta,kuta-legian,restaurant,Kuta,2026-07-28,true,true,false,false,false,false,true,false,false,true,true,true,review,true,false,P1_REWRITE_BOILERPLATE,"[""missing_decision_anchor"",""generic_why_pattern"",""generic_best_for_pattern"",""missing_not_for""]",433,1272,480,1272
wanaku-seafood-and-chinese-restaurant,Wanaku Seafood & Chinese Restaurant,kuta-legian,restaurant,Kuta,2026-07-28,true,true,false,false,false,false,true,false,true,true,true,true,review,true,false,P1_REWRITE_BOILERPLATE,"[""missing_decision_anchor"",""generic_why_pattern"",""generic_best_for_pattern"",""missing_not_for""]",433,1272,480,1272
acala-bar-and-bistro,Acala Bar & Bistro,nusa-dua,restaurant,Nusa Dua,2026-07-28,true,true,false,false,false,false,true,false,true,true,false,true,review,true,false,P1_REWRITE_BOILERPLATE,"[""missing_decision_anchor"",""generic_best_for_pattern"",""missing_not_for""]",433,1272,480,1272
arwana-restaurant-at-the-laguna-a-luxury-collection-resort-and-spa,"Arwana Restaurant at The Laguna, a Luxury Collection Resort & Spa",nusa-dua,restaurant,Nusa Dua,2026-07-28,true,true,false,false,false,false,false,false,true,true,false,true,review,true,false,P1_REWRITE_BOILERPLATE,"[""missing_decision_anchor"",""generic_best_for_pattern"",""missing_not_for""]",433,1272,480,1272
atomic-17-at-renaissance-bali-nusa-dua-resort,Atomic 17 at Renaissance Bali Nusa Dua Resort,nusa-dua,restaurant,Nusa Dua,2026-07-28,true,true,false,false,false,false,false,false,true,true,true,true,review,true,false,P1_REWRITE_BOILERPLATE,"[""missing_decision_anchor"",""generic_why_pattern"",""generic_best_for_pattern"",""missing_not_for""]",433,1272,480,1272
backstage-at-renaissance-bali-nusa-dua-resort,Backstage at Renaissance Bali Nusa Dua Resort,nusa-dua,restaurant,Nusa Dua,2026-07-28,true,true,false,false,false,false,false,false,true,true,true,true,review,true,false,P1_REWRITE_BOILERPLATE,"[""missing_decision_anchor"",""generic_why_pattern"",""generic_best_for_pattern"",""missing_not_for""]",433,1272,480,1272
banyubiru-restaurant-at-the-laguna-a-luxury-collection-resort-and-spa,"Banyubiru Restaurant at The Laguna, a Luxury Collection Resort & Spa",nusa-dua,restaurant,Nusa Dua,2026-07-28,true,true,false,false,false,false,false,false,true,true,false,true,review,true,false,P1_REWRITE_BOILERPLATE,"[""missing_decision_anchor"",""generic_best_for_pattern"",""missing_not_for""]",433,1272,480,1272
boneka,Boneka Restaurant at The St. Regis Bali Resort,nusa-dua,restaurant,Nusa Dua,2026-07-28,true,true,false,false,false,false,true,false,true,true,false,true,review,true,false,P1_REWRITE_BOILERPLATE,"[""missing_decision_anchor"",""generic_best_for_pattern"",""missing_not_for""]",433,1272,480,1272
coco-bistro-at-tanjung-benoa,Coco Bistro at Tanjung Benoa,nusa-dua,restaurant,Nusa Dua,2026-07-28,true,true,false,false,false,false,true,false,true,true,true,true,review,true,false,P1_REWRITE_BOILERPLATE,"[""missing_decision_anchor"",""generic_why_pattern"",""generic_best_for_pattern"",""missing_not_for""]",433,1272,480,1272
elara-seaside-lounge-and-bar-at-hilton-bali-resort,Elara - Seaside Lounge and Bar at Hilton Bali Resort,nusa-dua,restaurant,Nusa Dua,2026-07-28,true,true,false,false,false,false,true,false,true,true,false,true,review,true,false,P1_REWRITE_BOILERPLATE,"[""missing_decision_anchor"",""generic_best_for_pattern"",""missing_not_for""]",433,1272,480,1272
ganesha-ek-sanskriti-at-ayodya-resort-bali,Ganesha Ek Sanskriti at Ayodya Resort Bali,nusa-dua,restaurant,Nusa Dua,2026-07-28,true,true,false,false,false,false,true,false,true,true,true,true,review,true,false,P1_REWRITE_BOILERPLATE,"[""missing_decision_anchor"",""generic_why_pattern"",""generic_best_for_pattern"",""missing_not_for""]",433,1272,480,1272
ganesha-elite-at-the-westin-resort-bali,Ganesha Elite at The Westin Resort Bali,nusa-dua,restaurant,Nusa Dua,2026-07-28,true,true,false,false,false,false,true,false,true,true,false,true,review,true,false,P1_REWRITE_BOILERPLATE,"[""missing_decision_anchor"",""generic_best_for_pattern"",""missing_not_for""]",433,1272,480,1272
giorgio-italian-restaurant-at-hotel-nikko-bali-benoa-beach,Giorgio Italian Restaurant at Hotel Nikko Bali Benoa Beach,nusa-dua,restaurant,Nusa Dua,2026-07-28,true,true,false,false,false,false,true,false,true,true,true,true,review,true,false,P1_REWRITE_BOILERPLATE,"[""missing_decision_anchor"",""generic_why_pattern"",""generic_best_for_pattern"",""missing_not_for""]",433,1272,480,1272
grain-at-hilton-bali-resort,Grain at Hilton Bali Resort,nusa-dua,restaurant,Nusa Dua,2026-07-28,true,true,false,false,false,false,false,false,true,true,false,true,review,true,false,P1_REWRITE_BOILERPLATE,"[""missing_decision_anchor"",""generic_best_for_pattern"",""missing_not_for""]",433,1272,480,1272
hamabe-at-the-westin-resort-nusa-dua-bali,"Hamabe at The Westin Resort Nusa Dua, Bali",nusa-dua,restaurant,Nusa Dua,2026-07-28,true,true,false,false,false,false,false,false,true,true,false,true,review,true,false,P1_REWRITE_BOILERPLATE,"[""missing_decision_anchor"",""generic_best_for_pattern"",""missing_not_for""]",433,1272,480,1272
hiromi-restaurant-and-bar,Hiromi Restaurant and Bar,nusa-dua,restaurant,Nusa Dua,2026-07-28,true,true,false,false,false,false,true,false,true,true,true,true,review,true,false,P1_REWRITE_BOILERPLATE,"[""missing_decision_anchor"",""generic_why_pattern"",""generic_best_for_pattern"",""missing_not_for""]",433,1272,480,1272
homaya-restaurant-merusaka-nusa-dua,Homaya Restaurant (Merusaka Nusa Dua),nusa-dua,restaurant,nusa-dua,2026-07-30,true,true,false,false,false,false,false,false,false,false,false,true,published,true,false,P1_REWRITE_BOILERPLATE,"[""missing_decision_anchor"",""generic_best_for_pattern"",""missing_not_for"",""weak_location_identity""]",433,1272,480,1272
honey-and-bread-cafe,Honey & Bread Cafe,nusa-dua,restaurant,Nusa Dua,2026-07-28,true,true,false,false,false,false,true,false,true,true,true,true,review,true,false,P1_REWRITE_BOILERPLATE,"[""missing_decision_anchor"",""generic_why_pattern"",""generic_best_for_pattern"",""missing_not_for""]",433,1272,480,1272
ikan-restaurant-and-bar-at-the-westin-resort-nusa-dua-bali,"IKAN Restaurant and Bar at The Westin Resort Nusa Dua, Bali",nusa-dua,restaurant,Nusa Dua,2026-07-28,true,true,false,false,false,false,true,false,true,true,false,true,review,true,false,P1_REWRITE_BOILERPLATE,"[""missing_decision_anchor"",""generic_best_for_pattern"",""missing_not_for""]",433,1272,480,1272
ja-jan-bistro-at-merusaka-nusa-dua,Ja'Jan Bistro at Merusaka Nusa Dua,nusa-dua,restaurant,Nusa Dua,2026-07-28,true,true,false,false,false,false,true,false,false,true,false,true,review,true,false,P1_REWRITE_BOILERPLATE,"[""missing_decision_anchor"",""generic_best_for_pattern"",""missing_not_for""]",433,1272,480,1272
jard-or-french-fusion-brasserie,JARD'OR French Fusion Brasserie,nusa-dua,restaurant,Nusa Dua,2026-07-28,true,true,false,false,false,false,true,false,true,true,false,true,review,true,false,P1_REWRITE_BOILERPLATE,"[""missing_decision_anchor"",""generic_best_for_pattern"",""missing_not_for""]",433,1272,480,1272
kayumanis-beach-bar-and-grill-nusa-dua,Kayumanis Beach Bar & Grill Nusa Dua,nusa-dua,restaurant,Nusa Dua,2026-07-28,true,true,false,false,false,false,true,false,false,true,false,true,review,true,false,P1_REWRITE_BOILERPLATE,"[""missing_decision_anchor"",""generic_best_for_pattern"",""missing_not_for""]",433,1272,480,1272
kulkul-beach-house-at-the-laguna-a-luxury-collection-resort-and-spa,"Kulkul Beach House at The Laguna, a Luxury Collection Resort & Spa",nusa-dua,restaurant,Nusa Dua,2026-07-28,true,true,false,false,false,false,false,false,true,true,false,true,review,true,false,P1_REWRITE_BOILERPLATE,"[""missing_decision_anchor"",""generic_best_for_pattern"",""missing_not_for""]",433,1272,480,1272
lion-x,Lion X at Renaissance Bali Nusa Dua Resort,nusa-dua,restaurant,Nusa Dua,2026-07-28,true,true,false,false,false,false,true,false,false,true,false,true,review,true,false,P1_REWRITE_BOILERPLATE,"[""missing_decision_anchor"",""generic_best_for_pattern"",""missing_not_for""]",433,1272,480,1272
madawa-bali,Madawa Bali,nusa-dua,restaurant,Nusa Dua,2026-07-28,true,true,false,false,false,false,true,false,true,true,true,true,review,true,false,P1_REWRITE_BOILERPLATE,"[""missing_decision_anchor"",""generic_why_pattern"",""generic_best_for_pattern"",""missing_not_for""]",433,1272,480,1272
maja-restaurant-at-amarterra-villas-resort,Maja Restaurant at Amarterra Villas Resort,nusa-dua,restaurant,Nusa Dua,2026-07-28,true,true,false,false,false,false,true,false,true,true,false,true,review,true,false,P1_REWRITE_BOILERPLATE,"[""missing_decision_anchor"",""generic_best_for_pattern"",""missing_not_for""]",433,1272,480,1272
muka-restaurant-and-bar,MuKa Restaurant and Bar,nusa-dua,restaurant,Nusa Dua,2026-07-28,true,true,false,false,false,false,true,false,true,true,false,true,review,true,false,P1_REWRITE_BOILERPLATE,"[""missing_decision_anchor"",""generic_best_for_pattern"",""missing_not_for""]",433,1272,480,1272
nagisa-japanese-restaurant-at-hotel-nikko-bali-benoa-beach,Nagisa Japanese Restaurant at Hotel Nikko Bali Benoa Beach,nusa-dua,restaurant,Nusa Dua,2026-07-28,true,true,false,false,false,false,true,false,true,true,false,true,review,true,false,P1_REWRITE_BOILERPLATE,"[""missing_decision_anchor"",""generic_best_for_pattern"",""missing_not_for""]",433,1272,480,1272
nampu-japanese-restaurant,Nampu Japanese Restaurant at Grand Hyatt Bali,nusa-dua,restaurant,Nusa Dua,2026-07-28,true,true,false,false,false,false,true,false,true,true,false,true,review,true,false,P1_REWRITE_BOILERPLATE,"[""missing_decision_anchor"",""generic_best_for_pattern"",""missing_not_for""]",433,1272,480,1272
nutrio-restaurant-at-revivo-wellness-resorts,NŪTRIŌ Restaurant at REVĪVŌ Wellness Resorts,nusa-dua,restaurant,Nusa Dua,2026-07-28,true,true,false,false,false,false,false,false,true,true,true,true,review,true,false,P1_REWRITE_BOILERPLATE,"[""missing_decision_anchor"",""generic_why_pattern"",""generic_best_for_pattern"",""missing_not_for""]",433,1272,480,1272
nyoman-s-beer-garden-bar-and-restaurant,Nyoman's Beer Garden Bar & Restaurant,nusa-dua,restaurant,Nusa Dua,2026-07-28,true,true,false,false,false,false,true,false,false,true,false,true,review,true,false,P1_REWRITE_BOILERPLATE,"[""missing_decision_anchor"",""generic_best_for_pattern"",""missing_not_for""]",433,1272,480,1272
paon-bali-resto-and-bar-at-hilton-bali-resort,Paon Bali Resto and Bar at Hilton Bali Resort,nusa-dua,restaurant,Nusa Dua,2026-07-28,true,true,false,false,false,false,true,false,true,true,false,true,review,true,false,P1_REWRITE_BOILERPLATE,"[""missing_decision_anchor"",""generic_best_for_pattern"",""missing_not_for""]",433,1272,480,1272
pasar-senggol-at-grand-hyatt-bali,Pasar Senggol at Grand Hyatt Bali,nusa-dua,restaurant,Nusa Dua,2026-07-28,true,true,false,false,false,false,true,false,true,true,true,true,review,true,false,P1_REWRITE_BOILERPLATE,"[""missing_decision_anchor"",""generic_why_pattern"",""generic_best_for_pattern"",""missing_not_for""]",433,1272,480,1272
prego-at-the-westin-resort-nusa-dua-bali,"Prego at The Westin Resort Nusa Dua, Bali",nusa-dua,restaurant,Nusa Dua,2026-07-28,true,true,false,false,false,false,true,false,true,true,false,true,review,true,false,P1_REWRITE_BOILERPLATE,"[""missing_decision_anchor"",""generic_best_for_pattern"",""missing_not_for""]",433,1272,480,1272
queen-s-of-india-at-nusa-dua,Queen's of India at Nusa Dua,nusa-dua,restaurant,Nusa Dua,2026-07-28,true,true,false,false,false,false,true,false,true,true,false,true,review,true,false,P1_REWRITE_BOILERPLATE,"[""missing_decision_anchor"",""generic_best_for_pattern"",""missing_not_for""]",433,1272,480,1272
sakala-beach-club-at-the-sakala-resort-bali,Sakala Beach Club at The Sakala Resort Bali,nusa-dua,restaurant,Nusa Dua,2026-07-28,true,true,false,false,false,false,false,false,true,true,true,true,review,true,false,P1_REWRITE_BOILERPLATE,"[""missing_decision_anchor"",""generic_why_pattern"",""generic_best_for_pattern"",""missing_not_for""]",433,1272,480,1272
salsa-verde-at-grand-hyatt-bali,Salsa Verde at Grand Hyatt Bali,nusa-dua,restaurant,Nusa Dua,2026-07-28,true,true,false,false,false,false,true,false,true,true,false,true,review,true,false,P1_REWRITE_BOILERPLATE,"[""missing_decision_anchor"",""generic_best_for_pattern"",""missing_not_for""]",433,1272,480,1272
sama-sama-yakiniku-and-japanese-restaurant-at-nusa-dua,Sama Sama Yakiniku and Japanese Restaurant at Nusa Dua,nusa-dua,restaurant,Nusa Dua,2026-07-28,true,true,false,false,false,false,true,false,true,true,true,true,review,true,false,P1_REWRITE_BOILERPLATE,"[""missing_decision_anchor"",""generic_why_pattern"",""generic_best_for_pattern"",""missing_not_for""]",433,1272,480,1272
steaksmith-restaurant-at-renaissance-bali-nusa-dua-resort,Steaksmith Restaurant at Renaissance Bali Nusa Dua Resort,nusa-dua,restaurant,Nusa Dua,2026-07-28,true,true,false,false,false,false,true,false,false,true,false,true,review,true,false,P1_REWRITE_BOILERPLATE,"[""missing_decision_anchor"",""generic_best_for_pattern"",""missing_not_for""]",433,1272,480,1272
sukun-restaurant-nusa-dua-at-amnaya-resort-nusa-dua,Sukun Restaurant Nusa Dua at Amnaya Resort Nusa Dua,nusa-dua,restaurant,Nusa Dua,2026-07-28,true,true,false,false,false,false,true,false,true,true,true,true,review,true,false,P1_REWRITE_BOILERPLATE,"[""missing_decision_anchor"",""generic_why_pattern"",""generic_best_for_pattern"",""missing_not_for""]",433,1272,480,1272
tamarind-restaurant-at-nusa-dua-beach-hotel-and-spa,Tamarind Restaurant at Nusa Dua Beach Hotel and Spa,nusa-dua,restaurant,Nusa Dua,2026-07-28,true,true,false,false,false,false,true,false,true,true,false,true,review,true,false,P1_REWRITE_BOILERPLATE,"[""missing_decision_anchor"",""generic_best_for_pattern"",""missing_not_for""]",433,1272,480,1272
tanah-liat-renaissance-bali-nusa-dua-resort,Tanah Liat (Renaissance Bali Nusa Dua Resort),nusa-dua,restaurant,nusa-dua,2026-07-30,true,true,false,false,false,false,false,false,false,false,false,true,published,true,false,P1_REWRITE_BOILERPLATE,"[""missing_decision_anchor"",""generic_best_for_pattern"",""missing_not_for"",""weak_location_identity""]",433,1272,480,1272
tetaring-restaurant-at-kayumanis-nusa-dua-private-villa-and-spa,Tetaring Restaurant at Kayumanis Nusa Dua Private Villa and Spa,nusa-dua,restaurant,Nusa Dua,2026-07-28,true,true,false,false,false,false,false,false,true,true,false,true,review,true,false,P1_REWRITE_BOILERPLATE,"[""missing_decision_anchor"",""generic_best_for_pattern"",""missing_not_for""]",433,1272,480,1272
the-shore,The Shore,nusa-dua,restaurant,Nusa Dua,2026-07-28,true,true,false,false,false,false,true,false,true,true,false,true,review,true,false,P1_REWRITE_BOILERPLATE,"[""missing_decision_anchor"",""generic_best_for_pattern"",""missing_not_for""]",433,1272,480,1272
the-tree-international-bar-and-restaurant,The Tree International Bar & Restaurant,nusa-dua,restaurant,Nusa Dua,2026-07-28,true,true,false,false,false,false,true,false,true,true,true,true,review,true,false,P1_REWRITE_BOILERPLATE,"[""missing_decision_anchor"",""generic_why_pattern"",""generic_best_for_pattern"",""missing_not_for""]",433,1272,480,1272
acala-bar-and-bistro-lembongan,Acala Bar & Bistro Lembongan,nusa-islands,restaurant,Klungkung,2026-07-28,true,true,false,false,false,false,true,false,true,true,true,true,review,true,false,P1_REWRITE_BOILERPLATE,"[""missing_decision_anchor"",""generic_why_pattern"",""generic_best_for_pattern"",""missing_not_for""]",433,1272,480,1272
acropora-bar-and-restaurant-at-pramana-natura-nusa-penida,Acropora Bar and Restaurant at Pramana Natura Nusa Penida,nusa-islands,restaurant,Nusa Penida,2026-07-28,true,true,false,false,false,false,true,false,true,true,false,true,review,true,false,P1_REWRITE_BOILERPLATE,"[""missing_decision_anchor"",""generic_best_for_pattern"",""missing_not_for""]",433,1272,480,1272
arna-suites-and-ocean-lounge,ARNA Suites and Ocean Lounge,nusa-islands,restaurant,Unknown,2026-07-28,true,true,false,false,false,false,false,false,true,true,true,true,review,true,false,P1_REWRITE_BOILERPLATE,"[""missing_decision_anchor"",""generic_why_pattern"",""generic_best_for_pattern"",""missing_not_for""]",433,1272,480,1272
jala-restaurant-at-the-acala-shri-sedana,Jala Restaurant at The Acala Shri Sedana,nusa-islands,restaurant,Unknown,2026-07-28,true,true,false,false,false,false,false,false,true,true,true,true,review,true,false,P1_REWRITE_BOILERPLATE,"[""missing_decision_anchor"",""generic_why_pattern"",""generic_best_for_pattern"",""missing_not_for""]",433,1272,480,1272
kowhai-restaurant-at-maua-nusa-penida,KŌWHAI Restaurant at MĀUA Nusa Penida,nusa-islands,restaurant,Nusa Penida,2026-07-28,true,true,false,false,false,false,true,false,true,true,false,true,review,true,false,P1_REWRITE_BOILERPLATE,"[""missing_decision_anchor"",""generic_best_for_pattern"",""missing_not_for""]",433,1272,480,1272
warnakali-restaurant-at-adiwana-warnakali-resort,Warnakali Restaurant at Adiwana Warnakali Resort,nusa-islands,restaurant,Nusa Penida,2026-07-28,true,true,false,false,false,false,true,false,true,true,false,true,review,true,false,P1_REWRITE_BOILERPLATE,"[""missing_decision_anchor"",""generic_best_for_pattern"",""missing_not_for""]",433,1272,480,1272
beer-brothers,Beer Brothers,sanur,cafe,sanur,2026-07-30,true,true,false,false,false,false,false,false,false,false,true,true,published,true,false,P1_REWRITE_BOILERPLATE,"[""missing_decision_anchor"",""generic_why_pattern"",""generic_best_for_pattern"",""missing_not_for"",""weak_location_identity""]",433,1272,480,1272
rue-maya-sanur,RUE (Maya Sanur),sanur,cafe,sanur,2026-07-30,true,true,false,false,false,false,false,false,false,false,true,true,published,true,false,P1_REWRITE_BOILERPLATE,"[""missing_decision_anchor"",""generic_why_pattern"",""generic_best_for_pattern"",""missing_not_for"",""weak_location_identity""]",433,1272,480,1272
2080-burger-x-cibo-pasta-house-sanur,2080 Burger x Cibo! Pasta House Sanur,sanur,restaurant,Sanur,2026-07-28,true,true,false,false,false,false,true,false,true,true,true,true,review,true,false,P1_REWRITE_BOILERPLATE,"[""missing_decision_anchor"",""generic_why_pattern"",""generic_best_for_pattern"",""missing_not_for""]",433,1272,480,1272
afterwork,Afterwork,sanur,restaurant,Sanur,2026-07-28,true,true,false,false,false,false,true,false,true,true,true,true,review,true,false,P1_REWRITE_BOILERPLATE,"[""missing_decision_anchor"",""generic_why_pattern"",""generic_best_for_pattern"",""missing_not_for""]",433,1272,480,1272
ares-restaurant-at-sudamala-resort-sanur,Ares Restaurant at Sudamala Resort Sanur,sanur,restaurant,Sanur,2026-07-28,true,true,false,false,false,false,true,false,true,true,true,true,review,true,false,P1_REWRITE_BOILERPLATE,"[""missing_decision_anchor"",""generic_why_pattern"",""generic_best_for_pattern"",""missing_not_for""]",433,1272,480,1272
capri-italian-restaurant-at-sanur,Capri Italian Restaurant at Sanur,sanur,restaurant,Sanur,2026-07-28,true,true,false,false,false,false,true,false,false,true,true,true,review,true,false,P1_REWRITE_BOILERPLATE,"[""missing_decision_anchor"",""generic_why_pattern"",""generic_best_for_pattern"",""missing_not_for""]",433,1272,480,1272
cork-french-tavern,CORK FRENCH TAVERN,sanur,restaurant,Sanur,2026-07-28,true,true,false,false,false,false,true,false,true,true,true,true,review,true,false,P1_REWRITE_BOILERPLATE,"[""missing_decision_anchor"",""generic_why_pattern"",""generic_best_for_pattern"",""missing_not_for""]",433,1272,480,1272
flow-restaurant-sumitra-luxury-villas-and-resort,Flow Restaurant (Sumitra Luxury Villas and Resort),sanur,restaurant,sanur,2026-07-30,true,true,false,false,false,false,false,false,false,false,true,true,published,true,false,P1_REWRITE_BOILERPLATE,"[""missing_decision_anchor"",""generic_why_pattern"",""generic_best_for_pattern"",""missing_not_for"",""weak_location_identity""]",433,1272,480,1272
ganesha-ek-sanskriti-at-sanur,Ganesha Ek Sanskriti at Sanur,sanur,restaurant,Sanur,2026-07-28,true,true,false,false,false,false,true,false,true,true,true,true,review,true,false,P1_REWRITE_BOILERPLATE,"[""missing_decision_anchor"",""generic_why_pattern"",""generic_best_for_pattern"",""missing_not_for""]",433,1272,480,1272
gong-restaurant-at-kayumanis-sanur,Gong Restaurant at Kayumanis Sanur,sanur,restaurant,Sanur,2026-07-28,true,true,false,false,false,false,true,false,true,true,true,true,review,true,false,P1_REWRITE_BOILERPLATE,"[""missing_decision_anchor"",""generic_why_pattern"",""generic_best_for_pattern"",""missing_not_for""]",433,1272,480,1272
goro-goro-cafe-and-kitchen,GORO GORO CAFE & KITCHEN,sanur,restaurant,Sanur,2026-07-28,true,true,false,false,false,false,true,false,true,true,true,true,review,true,false,P1_REWRITE_BOILERPLATE,"[""missing_decision_anchor"",""generic_why_pattern"",""generic_best_for_pattern"",""missing_not_for""]",433,1272,480,1272
jahe-restaurant,Jahe Restaurant,sanur,restaurant,Sanur,2026-07-28,true,true,false,false,false,false,true,false,true,true,true,true,review,true,false,P1_REWRITE_BOILERPLATE,"[""missing_decision_anchor"",""generic_why_pattern"",""generic_best_for_pattern"",""missing_not_for""]",433,1272,480,1272
junsei-izakaya,Junsei Izakaya,sanur,restaurant,Sanur,2026-07-28,true,true,false,false,false,false,true,false,true,true,true,true,review,true,false,P1_REWRITE_BOILERPLATE,"[""missing_decision_anchor"",""generic_why_pattern"",""generic_best_for_pattern"",""missing_not_for""]",433,1272,480,1272
noodle-crazy-sanur,Noodle Crazy Sanur,sanur,restaurant,Kuta; Sanur,2026-07-28,true,true,false,false,false,false,true,false,false,true,true,true,review,true,false,P1_REWRITE_BOILERPLATE,"[""missing_decision_anchor"",""generic_why_pattern"",""generic_best_for_pattern"",""missing_not_for""]",433,1272,480,1272
ranbo-japanese-restaurant-and-bar,Ranbo Japanese Restaurant And Bar,sanur,restaurant,Sanur,2026-07-28,true,true,false,false,false,false,true,false,true,true,true,true,review,true,false,P1_REWRITE_BOILERPLATE,"[""missing_decision_anchor"",""generic_why_pattern"",""generic_best_for_pattern"",""missing_not_for""]",433,1272,480,1272
roso-restaurant-at-the-meru-sanur,Roso Restaurant at The Meru Sanur,sanur,restaurant,Sanur,2026-07-28,true,true,false,false,false,false,true,false,true,true,true,true,review,true,false,P1_REWRITE_BOILERPLATE,"[""missing_decision_anchor"",""generic_why_pattern"",""generic_best_for_pattern"",""missing_not_for""]",433,1272,480,1272
shotgun-social-bali,Shotgun Social Bali,sanur,restaurant,Sanur,2026-07-28,true,true,false,false,false,false,true,false,true,true,true,true,review,true,false,P1_REWRITE_BOILERPLATE,"[""missing_decision_anchor"",""generic_why_pattern"",""generic_best_for_pattern"",""missing_not_for""]",433,1272,480,1272
soya-japanese-restaurant,Soya Japanese Restaurant,sanur,restaurant,Sanur,2026-07-28,true,true,false,false,false,false,true,false,false,true,true,true,review,true,false,P1_REWRITE_BOILERPLATE,"[""missing_decision_anchor"",""generic_why_pattern"",""generic_best_for_pattern"",""missing_not_for""]",433,1272,480,1272
the-chowk-indian-gourmet-house,The Chowk - Indian Gourmet House,sanur,restaurant,Sanur,2026-07-28,true,true,false,false,false,false,true,false,true,true,true,true,review,true,false,P1_REWRITE_BOILERPLATE,"[""missing_decision_anchor"",""generic_why_pattern"",""generic_best_for_pattern"",""missing_not_for""]",433,1272,480,1272
the-royal-kitchen-sanur,The Royal Kitchen sanur,sanur,restaurant,Sanur,2026-07-28,true,true,false,false,false,false,true,false,true,true,true,true,review,true,false,P1_REWRITE_BOILERPLATE,"[""missing_decision_anchor"",""generic_why_pattern"",""generic_best_for_pattern"",""missing_not_for""]",433,1272,480,1272
three-monkeys-bali-at-sanur,Three Monkeys Bali at Sanur,sanur,restaurant,Sanur,2026-07-28,true,true,false,false,false,false,true,false,true,true,true,true,review,true,false,P1_REWRITE_BOILERPLATE,"[""missing_decision_anchor"",""generic_why_pattern"",""generic_best_for_pattern"",""missing_not_for""]",433,1272,480,1272
noi-bali-grill-and-hanging-out,Noi Bali Grill and Hanging Out,seminyak,cafe,seminyak,2026-07-30,true,true,false,false,false,false,false,false,false,false,true,true,published,true,false,P1_REWRITE_BOILERPLATE,"[""missing_decision_anchor"",""generic_why_pattern"",""generic_best_for_pattern"",""missing_not_for"",""weak_location_identity""]",433,1272,480,1272
aoku,Aoku,seminyak,restaurant,Seminyak,2026-07-28,true,true,false,false,false,false,true,false,true,true,true,true,review,true,false,P1_REWRITE_BOILERPLATE,"[""missing_decision_anchor"",""generic_why_pattern"",""generic_best_for_pattern"",""missing_not_for""]",433,1272,480,1272
bar-rasa,BAR RASA,seminyak,restaurant,seminyak,2026-07-30,true,true,false,false,false,false,false,false,false,false,true,true,published,true,false,P1_REWRITE_BOILERPLATE,"[""missing_decision_anchor"",""generic_why_pattern"",""generic_best_for_pattern"",""missing_not_for"",""weak_location_identity""]",433,1272,480,1272
batur-restaurant-grand-mercure-bali-seminyak,Batur Restaurant (Grand Mercure Bali Seminyak),seminyak,restaurant,seminyak,2026-07-30,true,true,false,false,false,false,false,false,false,false,true,true,published,true,false,P1_REWRITE_BOILERPLATE,"[""missing_decision_anchor"",""generic_why_pattern"",""generic_best_for_pattern"",""missing_not_for"",""weak_location_identity""]",433,1272,480,1272
bketo-bali-at-blue-karma-dijiwa-seminyak,BKeto Bali at Blue Karma Dijiwa Seminyak,seminyak,restaurant,Seminyak,2026-07-28,true,true,false,false,false,false,true,false,true,true,true,true,review,true,false,P1_REWRITE_BOILERPLATE,"[""missing_decision_anchor"",""generic_why_pattern"",""generic_best_for_pattern"",""missing_not_for""]",433,1272,480,1272
bliss-lounge-bar,Bliss Lounge Bar,seminyak,restaurant,Seminyak,2026-07-28,true,true,false,false,false,false,true,false,false,true,true,true,review,true,false,P1_REWRITE_BOILERPLATE,"[""missing_decision_anchor"",""generic_why_pattern"",""generic_best_for_pattern"",""missing_not_for""]",433,1272,480,1272
blu-sky-restaurant-bar-lounge,BLU Sky Restaurant - Bar - Lounge,seminyak,restaurant,Seminyak,2026-07-28,true,true,false,false,false,false,true,false,false,true,false,true,review,true,false,P1_REWRITE_BOILERPLATE,"[""missing_decision_anchor"",""generic_best_for_pattern"",""missing_not_for""]",433,1272,480,1272
bread-yard,Bread Yard,seminyak,restaurant,Seminyak,2026-07-28,true,true,false,false,false,false,true,false,true,true,true,true,review,true,false,P1_REWRITE_BOILERPLATE,"[""missing_decision_anchor"",""generic_why_pattern"",""generic_best_for_pattern"",""missing_not_for""]",433,1272,480,1272
breeze-at-the-samaya-seminyak,Breeze at The Samaya Seminyak,seminyak,restaurant,Seminyak,2026-07-28,true,true,false,false,false,false,true,false,true,true,true,true,review,true,false,P1_REWRITE_BOILERPLATE,"[""missing_decision_anchor"",""generic_why_pattern"",""generic_best_for_pattern"",""missing_not_for""]",433,1272,480,1272
buzo-seminyak-sushi-pizza-and-itameshi,"Buzo Seminyak – Sushi, Pizza & Itameshi",seminyak,restaurant,Seminyak,2026-07-28,true,true,false,false,false,false,true,false,true,true,true,true,review,true,false,P1_REWRITE_BOILERPLATE,"[""missing_decision_anchor"",""generic_why_pattern"",""generic_best_for_pattern"",""missing_not_for""]",433,1272,480,1272
capri-italian-restaurant-at-seminyak,Capri Italian Restaurant at Seminyak,seminyak,restaurant,Seminyak,2026-07-28,true,true,false,false,false,false,true,false,false,true,true,true,review,true,false,P1_REWRITE_BOILERPLATE,"[""missing_decision_anchor"",""generic_why_pattern"",""generic_best_for_pattern"",""missing_not_for""]",433,1272,480,1272
chandi,Chandi,seminyak,restaurant,Seminyak,2026-07-28,true,true,false,false,false,false,true,false,true,true,false,true,review,true,false,P1_REWRITE_BOILERPLATE,"[""missing_decision_anchor"",""generic_best_for_pattern"",""missing_not_for""]",433,1272,480,1272
chaskaa-modern-indian-cuisine-and-bar-at-seminyak,Chaskaa Modern Indian Cuisine and Bar at Seminyak,seminyak,restaurant,Seminyak,2026-07-28,true,true,false,false,false,false,true,false,true,true,true,true,review,true,false,P1_REWRITE_BOILERPLATE,"[""missing_decision_anchor"",""generic_why_pattern"",""generic_best_for_pattern"",""missing_not_for""]",433,1272,480,1272
chez-gado-gado-restaurant,Chez Gado Gado Restaurant,seminyak,restaurant,Seminyak,2026-07-28,true,true,false,false,false,false,true,false,true,true,true,true,review,true,false,P1_REWRITE_BOILERPLATE,"[""missing_decision_anchor"",""generic_why_pattern"",""generic_best_for_pattern"",""missing_not_for""]",433,1272,480,1272
dong-oman-cultural-dining-at-tonys-villas-and-resort,Dong Oman Cultural Dining at Tonys Villas and Resort,seminyak,restaurant,Seminyak,2026-07-28,true,true,false,false,false,false,false,false,true,true,true,true,review,true,false,P1_REWRITE_BOILERPLATE,"[""missing_decision_anchor"",""generic_why_pattern"",""generic_best_for_pattern"",""missing_not_for""]",433,1272,480,1272
eko-cafe-by-deli-campur-asia,Eko Cafe by Deli Campur Asia,seminyak,restaurant,Seminyak,2026-07-28,true,true,false,false,false,false,true,false,true,true,true,true,review,true,false,P1_REWRITE_BOILERPLATE,"[""missing_decision_anchor"",""generic_why_pattern"",""generic_best_for_pattern"",""missing_not_for""]",433,1272,480,1272
ely-s-kitchen,Ely's Kitchen,seminyak,restaurant,Seminyak,2026-07-28,true,true,false,false,false,false,true,false,true,true,true,true,review,true,false,P1_REWRITE_BOILERPLATE,"[""missing_decision_anchor"",""generic_why_pattern"",""generic_best_for_pattern"",""missing_not_for""]",433,1272,480,1272
estia-woodfire-greek,Estia | Woodfire Greek,seminyak,restaurant,Seminyak,2026-07-28,true,true,false,false,false,false,true,false,true,true,true,true,review,true,false,P1_REWRITE_BOILERPLATE,"[""missing_decision_anchor"",""generic_why_pattern"",""generic_best_for_pattern"",""missing_not_for""]",433,1272,480,1272
frangipaani-at-prana-bali,Frangipaani at Prana Bali,seminyak,restaurant,Seminyak,2026-07-28,true,true,false,false,false,false,true,false,true,true,true,true,review,true,false,P1_REWRITE_BOILERPLATE,"[""missing_decision_anchor"",""generic_why_pattern"",""generic_best_for_pattern"",""missing_not_for""]",433,1272,480,1272
frangipani-cafe-at-the-oberoi-beach-resort-bali,Frangipani Cafe at The Oberoi Beach Resort Bali,seminyak,restaurant,Seminyak,2026-07-28,true,true,false,false,false,false,true,false,true,true,true,true,review,true,false,P1_REWRITE_BOILERPLATE,"[""missing_decision_anchor"",""generic_why_pattern"",""generic_best_for_pattern"",""missing_not_for""]",433,1272,480,1272
gateway-of-india-at-seminyak,Gateway of India at Seminyak,seminyak,restaurant,Seminyak,2026-07-28,true,true,false,false,false,false,true,false,true,true,false,true,review,true,false,P1_REWRITE_BOILERPLATE,"[""missing_decision_anchor"",""generic_best_for_pattern"",""missing_not_for""]",433,1272,480,1272
grill-d-burgers-bali,Grill'd Burgers - Bali,seminyak,restaurant,Seminyak,2026-07-28,true,true,false,false,false,false,true,false,true,true,true,true,review,true,false,P1_REWRITE_BOILERPLATE,"[""missing_decision_anchor"",""generic_why_pattern"",""generic_best_for_pattern"",""missing_not_for""]",433,1272,480,1272
groove-restaurant-at-avani-seminyak-bali-resort,Groove Restaurant at Avani Seminyak Bali Resort,seminyak,restaurant,Seminyak,2026-07-28,true,true,false,false,false,false,true,false,true,true,true,true,review,true,false,P1_REWRITE_BOILERPLATE,"[""missing_decision_anchor"",""generic_why_pattern"",""generic_best_for_pattern"",""missing_not_for""]",433,1272,480,1272
herbs-and-stones-garden-restaurant,Herbs & Stones Garden Restaurant,seminyak,restaurant,Seminyak,2026-07-28,true,true,false,false,false,false,true,false,true,true,true,true,review,true,false,P1_REWRITE_BOILERPLATE,"[""missing_decision_anchor"",""generic_why_pattern"",""generic_best_for_pattern"",""missing_not_for""]",433,1272,480,1272
hiiragi-restaurant-at-the-bk-village,Hiiragi Restaurant at The BK Village,seminyak,restaurant,Seminyak,2026-07-28,true,true,false,false,false,false,true,false,true,true,true,true,review,true,false,P1_REWRITE_BOILERPLATE,"[""missing_decision_anchor"",""generic_why_pattern"",""generic_best_for_pattern"",""missing_not_for""]",433,1272,480,1272
hinotori-at-montigo-resorts-seminyak,Hinotori at Montigo Resorts Seminyak,seminyak,restaurant,Seminyak,2026-07-28,true,true,false,false,false,false,false,false,true,true,true,true,review,true,false,P1_REWRITE_BOILERPLATE,"[""missing_decision_anchor"",""generic_why_pattern"",""generic_best_for_pattern"",""missing_not_for""]",433,1272,480,1272
hotel-indigo-bali-seminyak-beach-by-ihg-seminyak,Hotel Indigo Bali Seminyak Beach by IHG,seminyak,restaurant,Seminyak,2026-07-28,true,true,false,false,false,false,false,false,true,true,true,true,review,true,false,P1_REWRITE_BOILERPLATE,"[""missing_decision_anchor"",""generic_why_pattern"",""generic_best_for_pattern"",""missing_not_for""]",433,1272,480,1272
hotel-indigo-bali-seminyak-beach-by-ihg,Hotel Indigo Bali Seminyak Beach by IHG,seminyak,restaurant,Seminyak,2026-07-28,true,true,false,false,false,false,false,false,true,true,true,true,review,true,false,P1_REWRITE_BOILERPLATE,"[""missing_decision_anchor"",""generic_why_pattern"",""generic_best_for_pattern"",""missing_not_for""]",433,1272,480,1272
hut-cafe-bali,HUT Cafe Bali,seminyak,restaurant,Seminyak,2026-07-28,true,true,false,false,false,false,true,false,true,true,true,true,review,true,false,P1_REWRITE_BOILERPLATE,"[""missing_decision_anchor"",""generic_why_pattern"",""generic_best_for_pattern"",""missing_not_for""]",433,1272,480,1272
kahuna-rooftop-pool-and-restaurant,KAHUNA Rooftop Pool & Restaurant,seminyak,restaurant,Seminyak,2026-07-28,true,true,false,false,false,false,true,false,true,true,true,true,review,true,false,P1_REWRITE_BOILERPLATE,"[""missing_decision_anchor"",""generic_why_pattern"",""generic_best_for_pattern"",""missing_not_for""]",433,1272,480,1272
kajin-japanese-contemporary-sushi,Kajin Japanese Contemporary Sushi,seminyak,restaurant,Seminyak,2026-07-28,true,true,false,false,false,false,true,false,true,true,true,true,review,true,false,P1_REWRITE_BOILERPLATE,"[""missing_decision_anchor"",""generic_why_pattern"",""generic_best_for_pattern"",""missing_not_for""]",433,1272,480,1272
kasava-resto-and-bar-at-royal-samaja-villas,Kasava Resto and Bar at Royal Samaja Villas,seminyak,restaurant,Seminyak,2026-07-28,true,true,false,false,false,false,true,false,false,true,true,true,review,true,false,P1_REWRITE_BOILERPLATE,"[""missing_decision_anchor"",""generic_why_pattern"",""generic_best_for_pattern"",""missing_not_for""]",433,1272,480,1272
kura-kura-restaurant-at-the-oberoi-beach-resort-bali,Kura Kura Restaurant at The Oberoi Beach Resort Bali,seminyak,restaurant,Seminyak,2026-07-28,true,true,false,false,false,false,true,false,true,true,true,true,review,true,false,P1_REWRITE_BOILERPLATE,"[""missing_decision_anchor"",""generic_why_pattern"",""generic_best_for_pattern"",""missing_not_for""]",433,1272,480,1272
kuuki-rooftop-dining-at-cross-paasha-bali-seminyak,Kuuki Rooftop Dining at Cross Paasha Bali Seminyak,seminyak,restaurant,Seminyak,2026-07-28,true,true,false,false,false,false,true,false,true,true,true,true,review,true,false,P1_REWRITE_BOILERPLATE,"[""missing_decision_anchor"",""generic_why_pattern"",""generic_best_for_pattern"",""missing_not_for""]",433,1272,480,1272
la-plancha,La Plancha,seminyak,restaurant,Seminyak,2026-07-28,true,true,false,false,false,false,true,false,true,true,true,true,review,true,false,P1_REWRITE_BOILERPLATE,"[""missing_decision_anchor"",""generic_why_pattern"",""generic_best_for_pattern"",""missing_not_for""]",433,1272,480,1272
livingstone,Livingstone,seminyak,restaurant,Seminyak,2026-07-28,true,true,false,false,false,false,true,false,true,true,false,true,review,true,false,P1_REWRITE_BOILERPLATE,"[""missing_decision_anchor"",""generic_best_for_pattern"",""missing_not_for""]",433,1272,480,1272
mano-beach-house,Mano Beach House,seminyak,restaurant,Seminyak,2026-07-28,true,true,false,false,false,false,true,false,true,true,true,true,published,true,false,P1_REWRITE_BOILERPLATE,"[""missing_decision_anchor"",""generic_why_pattern"",""generic_best_for_pattern"",""missing_not_for""]",433,1272,480,1272
master-crepes,Master Crepes,seminyak,restaurant,Seminyak,2026-07-28,true,true,false,false,false,false,true,false,false,true,true,true,review,true,false,P1_REWRITE_BOILERPLATE,"[""missing_decision_anchor"",""generic_why_pattern"",""generic_best_for_pattern"",""missing_not_for""]",433,1272,480,1272
merah-putih,Merah Putih,seminyak,restaurant,null,2026-07-24,true,true,false,false,false,false,false,false,true,true,false,true,published,true,false,P1_REWRITE_BOILERPLATE,"[""missing_decision_anchor"",""generic_best_for_pattern"",""missing_not_for""]",433,1272,480,1272
midaz-at-bali,Midaz at Bali,seminyak,restaurant,Seminyak,2026-07-28,true,true,false,false,false,false,true,false,true,true,true,true,review,true,false,P1_REWRITE_BOILERPLATE,"[""missing_decision_anchor"",""generic_why_pattern"",""generic_best_for_pattern"",""missing_not_for""]",433,1272,480,1272
neon-palms,NEON PALMS,seminyak,restaurant,Seminyak,2026-07-28,true,true,false,false,false,false,true,false,true,true,true,true,review,true,false,P1_REWRITE_BOILERPLATE,"[""missing_decision_anchor"",""generic_why_pattern"",""generic_best_for_pattern"",""missing_not_for""]",433,1272,480,1272
ocean-grand-beach,Ocean Grand Beach,seminyak,restaurant,seminyak,2026-07-30,true,true,false,false,false,false,false,false,false,false,true,true,published,true,false,P1_REWRITE_BOILERPLATE,"[""missing_decision_anchor"",""generic_why_pattern"",""generic_best_for_pattern"",""missing_not_for"",""weak_location_identity""]",433,1272,480,1272
okamura-bali,Okamura Bali,seminyak,restaurant,Seminyak,2026-07-28,true,true,false,false,false,false,true,false,true,true,true,true,review,true,false,P1_REWRITE_BOILERPLATE,"[""missing_decision_anchor"",""generic_why_pattern"",""generic_best_for_pattern"",""missing_not_for""]",433,1272,480,1272
okuzono-japanese-dining-bali,Okuzono Japanese Dining Bali,seminyak,restaurant,Seminyak,2026-07-28,true,true,false,false,false,false,true,false,true,true,true,true,review,true,false,P1_REWRITE_BOILERPLATE,"[""missing_decision_anchor"",""generic_why_pattern"",""generic_best_for_pattern"",""missing_not_for""]",433,1272,480,1272
oswego-bali,Oswego Bali,seminyak,restaurant,Seminyak,2026-07-28,true,true,false,false,false,false,true,false,true,true,true,true,review,true,false,P1_REWRITE_BOILERPLATE,"[""missing_decision_anchor"",""generic_why_pattern"",""generic_best_for_pattern"",""missing_not_for""]",433,1272,480,1272
prior-cafe,Prior Cafe,seminyak,restaurant,Seminyak,2026-07-28,true,true,false,false,false,false,true,false,false,true,true,true,review,true,false,P1_REWRITE_BOILERPLATE,"[""missing_decision_anchor"",""generic_why_pattern"",""generic_best_for_pattern"",""missing_not_for""]",433,1272,480,1272
projects-brunch-and-coffee,Projects Brunch & Coffee,seminyak,restaurant,seminyak,2026-07-30,true,true,false,false,false,false,false,false,false,false,true,true,published,true,false,P1_REWRITE_BOILERPLATE,"[""missing_decision_anchor"",""generic_why_pattern"",""generic_best_for_pattern"",""missing_not_for"",""weak_location_identity""]",433,1272,480,1272
qissa-indian-restaurant-at-seminyak,Qissa Indian Restaurant at Seminyak,seminyak,restaurant,Seminyak,2026-07-28,true,true,false,false,false,false,true,false,true,true,true,true,review,true,false,P1_REWRITE_BOILERPLATE,"[""missing_decision_anchor"",""generic_why_pattern"",""generic_best_for_pattern"",""missing_not_for""]",433,1272,480,1272
queen-s-of-angsoka-by-queen-s-tandoor-at-ramada-by-wyndham-bali,Queen's of Angsoka By Queen's Tandoor at Ramada by Wyndham Bali,seminyak,restaurant,Kuta,2026-07-28,true,true,false,false,false,false,true,false,true,true,false,true,review,true,false,P1_REWRITE_BOILERPLATE,"[""missing_decision_anchor"",""generic_best_for_pattern"",""missing_not_for""]",433,1272,480,1272
queen-s-tandoor-indian-restaurant-seminyak-bali,Queen's Tandoor - Indian Restaurant Seminyak Bali,seminyak,restaurant,Seminyak,2026-07-28,true,true,false,false,false,false,true,false,true,true,false,true,review,true,false,P1_REWRITE_BOILERPLATE,"[""missing_decision_anchor"",""generic_best_for_pattern"",""missing_not_for""]",433,1272,480,1272
rooftop-sunset-bar-at-double-six-luxury-hotel,Rooftop Sunset Bar at Double Six Luxury Hotel,seminyak,restaurant,Seminyak,2026-07-28,true,true,false,false,false,false,true,false,true,true,true,true,review,true,false,P1_REWRITE_BOILERPLATE,"[""missing_decision_anchor"",""generic_why_pattern"",""generic_best_for_pattern"",""missing_not_for""]",433,1272,480,1272
rosalita-s-cantina-bali,Rosalita's Cantina Bali,seminyak,restaurant,seminyak,2026-07-30,true,true,false,false,false,false,false,false,false,false,true,true,published,true,false,P1_REWRITE_BOILERPLATE,"[""missing_decision_anchor"",""generic_why_pattern"",""generic_best_for_pattern"",""missing_not_for"",""weak_location_identity""]",433,1272,480,1272
sabeen-restaurant-at-the-haven-bali-seminyak,Sabeen Restaurant at THE HAVEN Bali Seminyak,seminyak,restaurant,Seminyak,2026-07-28,true,true,false,false,false,false,true,false,true,true,true,true,review,true,false,P1_REWRITE_BOILERPLATE,"[""missing_decision_anchor"",""generic_why_pattern"",""generic_best_for_pattern"",""missing_not_for""]",433,1272,480,1272
sanctuary-umalas-italian-restaurant-by-wonderspace,Sanctuary Umalas Italian Restaurant by Wonderspace,seminyak,restaurant,Seminyak,2026-07-28,true,true,false,false,false,false,true,false,true,true,true,true,review,true,false,P1_REWRITE_BOILERPLATE,"[""missing_decision_anchor"",""generic_why_pattern"",""generic_best_for_pattern"",""missing_not_for""]",433,1272,480,1272
sanje-restaurant-and-lounge-at-the-seminyak-beach-resort,Sanje Restaurant and Lounge at The Seminyak Beach Resort,seminyak,restaurant,Seminyak,2026-07-28,true,true,false,false,false,false,true,false,true,true,true,true,review,true,false,P1_REWRITE_BOILERPLATE,"[""missing_decision_anchor"",""generic_why_pattern"",""generic_best_for_pattern"",""missing_not_for""]",433,1272,480,1272
sarong,Sarong,seminyak,restaurant,Petitenget / Kerobokan Kelod,2026-07-24,true,true,false,false,false,false,false,false,true,true,false,true,review,true,false,P1_REWRITE_BOILERPLATE,"[""missing_decision_anchor"",""generic_best_for_pattern"",""missing_not_for""]",433,1272,480,1272
seminyak-kitchen-courtyard-by-marriott-bali-seminyak-resort,Seminyak Kitchen (Courtyard by Marriott Bali Seminyak Resort),seminyak,restaurant,seminyak,2026-07-30,true,true,false,false,false,false,false,false,false,false,true,true,published,true,false,P1_REWRITE_BOILERPLATE,"[""missing_decision_anchor"",""generic_why_pattern"",""generic_best_for_pattern"",""missing_not_for"",""weak_location_identity""]",433,1272,480,1272
settimo-cielo-rustic-refined-italian,Settimo Cielo - Rustic Refined Italian,seminyak,restaurant,Seminyak,2026-07-28,true,true,false,false,false,false,true,false,true,true,true,true,review,true,false,P1_REWRITE_BOILERPLATE,"[""missing_decision_anchor"",""generic_why_pattern"",""generic_best_for_pattern"",""missing_not_for""]",433,1272,480,1272
shiro-sushi-sake-bar,Shiro Sushi/Sake Bar,seminyak,restaurant,Seminyak,2026-07-28,true,true,false,false,false,false,true,false,true,true,true,true,review,true,false,P1_REWRITE_BOILERPLATE,"[""missing_decision_anchor"",""generic_why_pattern"",""generic_best_for_pattern"",""missing_not_for""]",433,1272,480,1272
shishi-izakaya-lounge,ShiShi Izakaya Lounge,seminyak,restaurant,seminyak,2026-07-30,true,true,false,false,false,false,false,false,false,false,true,true,published,true,false,P1_REWRITE_BOILERPLATE,"[""missing_decision_anchor"",""generic_why_pattern"",""generic_best_for_pattern"",""missing_not_for"",""weak_location_identity""]",433,1272,480,1272
shishi-nightclub-and-izakaya-lounge,ShiShi Nightclub & Izakaya Lounge,seminyak,restaurant,Seminyak,2026-07-28,true,true,false,false,false,false,true,false,true,true,true,true,review,true,false,P1_REWRITE_BOILERPLATE,"[""missing_decision_anchor"",""generic_why_pattern"",""generic_best_for_pattern"",""missing_not_for""]",433,1272,480,1272
south-east-brewing-co,South+East Brewing Co.,seminyak,restaurant,Seminyak,2026-07-28,true,true,false,false,false,false,true,false,true,true,true,true,review,true,false,P1_REWRITE_BOILERPLATE,"[""missing_decision_anchor"",""generic_why_pattern"",""generic_best_for_pattern"",""missing_not_for""]",433,1272,480,1272
spice-mantraa-at-seminyak,Spice Mantraa at Seminyak,seminyak,restaurant,Seminyak,2026-07-28,true,true,false,false,false,false,true,false,true,true,true,true,review,true,false,P1_REWRITE_BOILERPLATE,"[""missing_decision_anchor"",""generic_why_pattern"",""generic_best_for_pattern"",""missing_not_for""]",433,1272,480,1272
sugarsand,SugarSand,seminyak,restaurant,seminyak,2026-07-30,true,true,false,false,false,false,false,false,false,false,true,true,published,true,false,P1_REWRITE_BOILERPLATE,"[""missing_decision_anchor"",""generic_why_pattern"",""generic_best_for_pattern"",""missing_not_for"",""weak_location_identity""]",433,1272,480,1272
suzie-q-at-double-six-luxury-hotel,Suzie-Q at Double Six Luxury Hotel,seminyak,restaurant,Seminyak,2026-07-28,true,true,false,false,false,false,true,false,true,true,true,true,review,true,false,P1_REWRITE_BOILERPLATE,"[""missing_decision_anchor"",""generic_why_pattern"",""generic_best_for_pattern"",""missing_not_for""]",433,1272,480,1272
tadd-s-restaurant-at-montigo-resorts-seminyak,TADD's Restaurant at Montigo Resorts Seminyak,seminyak,restaurant,Seminyak,2026-07-28,true,true,false,false,false,false,true,false,true,true,true,true,review,true,false,P1_REWRITE_BOILERPLATE,"[""missing_decision_anchor"",""generic_why_pattern"",""generic_best_for_pattern"",""missing_not_for""]",433,1272,480,1272
takumi-japanese-fine-dining,Takumi 匠 Japanese Fine Dining,seminyak,restaurant,Seminyak,2026-07-28,true,true,false,false,false,false,true,false,true,true,true,true,review,true,false,P1_REWRITE_BOILERPLATE,"[""missing_decision_anchor"",""generic_why_pattern"",""generic_best_for_pattern"",""missing_not_for""]",433,1272,480,1272
the-club-bali,The Club Bali,seminyak,restaurant,seminyak,2026-07-30,true,true,false,false,false,false,false,false,false,false,true,true,published,true,false,P1_REWRITE_BOILERPLATE,"[""missing_decision_anchor"",""generic_why_pattern"",""generic_best_for_pattern"",""missing_not_for"",""weak_location_identity""]",433,1272,480,1272
the-forge,The Forge,seminyak,restaurant,Seminyak,2026-07-28,true,true,false,false,false,false,true,false,true,true,true,true,review,true,false,P1_REWRITE_BOILERPLATE,"[""missing_decision_anchor"",""generic_why_pattern"",""generic_best_for_pattern"",""missing_not_for""]",433,1272,480,1272
the-junction-house-cafe-and-restaurant-seminyak,The Junction House - Cafe & Restaurant Seminyak,seminyak,restaurant,Seminyak,2026-07-28,true,true,false,false,false,false,true,false,true,true,true,true,review,true,false,P1_REWRITE_BOILERPLATE,"[""missing_decision_anchor"",""generic_why_pattern"",""generic_best_for_pattern"",""missing_not_for""]",433,1272,480,1272
the-plantation-grill-seminyak-at-double-six-luxury-hotel,The Plantation Grill Seminyak at Double Six Luxury Hotel,seminyak,restaurant,Seminyak,2026-07-28,true,true,false,false,false,false,true,false,true,true,true,true,review,true,false,P1_REWRITE_BOILERPLATE,"[""missing_decision_anchor"",""generic_why_pattern"",""generic_best_for_pattern"",""missing_not_for""]",433,1272,480,1272
the-restaurant-at-the-legian-seminyak,The Restaurant at The Legian Seminyak,seminyak,restaurant,Seminyak; Legian,2026-07-28,true,true,false,false,false,false,true,false,true,true,true,true,review,true,false,P1_REWRITE_BOILERPLATE,"[""missing_decision_anchor"",""generic_why_pattern"",""generic_best_for_pattern"",""missing_not_for""]",433,1272,480,1272
the-wok-spices,The Wok Spices,seminyak,restaurant,Seminyak,2026-07-28,true,true,false,false,false,false,true,false,true,true,true,true,review,true,false,P1_REWRITE_BOILERPLATE,"[""missing_decision_anchor"",""generic_why_pattern"",""generic_best_for_pattern"",""missing_not_for""]",433,1272,480,1272
tunu-bistro,Tunu Bistro,seminyak,restaurant,Seminyak,2026-07-28,true,true,false,false,false,false,true,false,false,true,true,true,review,true,false,P1_REWRITE_BOILERPLATE,"[""missing_decision_anchor"",""generic_why_pattern"",""generic_best_for_pattern"",""missing_not_for""]",433,1272,480,1272
urban-bites-at-seminyak,Urban Bites at Seminyak,seminyak,restaurant,Seminyak,2026-07-28,true,true,false,false,false,false,true,false,true,true,true,true,review,true,false,P1_REWRITE_BOILERPLATE,"[""missing_decision_anchor"",""generic_why_pattern"",""generic_best_for_pattern"",""missing_not_for""]",433,1272,480,1272
vrindavan-100-pure-indian-vegetarian-and-vegan-restaurant,Vrindavan 100% Pure Indian Vegetarian & Vegan Restaurant,seminyak,restaurant,Seminyak,2026-07-28,true,true,false,false,false,false,true,false,true,true,true,true,review,true,false,P1_REWRITE_BOILERPLATE,"[""missing_decision_anchor"",""generic_why_pattern"",""generic_best_for_pattern"",""missing_not_for""]",433,1272,480,1272
york,YORK,seminyak,restaurant,Seminyak,2026-07-28,true,true,false,false,false,false,true,false,false,true,true,true,review,true,false,P1_REWRITE_BOILERPLATE,"[""missing_decision_anchor"",""generic_why_pattern"",""generic_best_for_pattern"",""missing_not_for""]",433,1272,480,1272
younghee-bali,Younghee Bali,seminyak,restaurant,Seminyak,2026-07-28,true,true,false,false,false,false,true,false,true,true,true,true,review,true,false,P1_REWRITE_BOILERPLATE,"[""missing_decision_anchor"",""generic_why_pattern"",""generic_best_for_pattern"",""missing_not_for""]",433,1272,480,1272
zia-tina-eatery,Zia Tina Bali,seminyak,restaurant,Seminyak,2026-07-28,true,true,false,false,false,false,true,false,true,true,true,true,published,true,false,P1_REWRITE_BOILERPLATE,"[""missing_decision_anchor"",""generic_why_pattern"",""generic_best_for_pattern"",""missing_not_for""]",433,1272,480,1272
house-of-tundra,House of Tundra,tabanan,restaurant,Tabanan,2026-07-28,true,true,false,false,false,false,true,false,true,true,false,true,review,true,false,P1_REWRITE_BOILERPLATE,"[""missing_decision_anchor"",""generic_best_for_pattern"",""missing_not_for""]",433,1272,480,1272
nusantara,Nusantara,tabanan,restaurant,tabanan,2026-07-30,true,true,false,false,false,false,false,false,false,false,true,true,published,true,false,P1_REWRITE_BOILERPLATE,"[""missing_decision_anchor"",""generic_why_pattern"",""generic_best_for_pattern"",""missing_not_for"",""weak_location_identity""]",433,1272,480,1272
samiya-restaurant-at-homm-saranam-baturiti,Samiya Restaurant at Homm Saranam Baturiti,tabanan,restaurant,Tabanan,2026-07-28,true,true,false,false,false,false,true,false,true,true,true,true,review,true,false,P1_REWRITE_BOILERPLATE,"[""missing_decision_anchor"",""generic_why_pattern"",""generic_best_for_pattern"",""missing_not_for""]",433,1272,480,1272
swarga-rasa-by-de-moksha,Swarga Rasa by De Moksha,tabanan,restaurant,Tabanan,2026-07-28,true,true,false,false,false,false,true,false,false,true,true,true,review,true,false,P1_REWRITE_BOILERPLATE,"[""missing_decision_anchor"",""generic_why_pattern"",""generic_best_for_pattern"",""missing_not_for""]",433,1272,480,1272
waka-bar-and-restaurant-wakagangga-boutique-resort,Waka Bar and Restaurant (WakaGangga Boutique Resort),tabanan,restaurant,tabanan,2026-07-30,true,true,false,false,false,false,false,false,false,false,false,true,review,true,false,P1_REWRITE_BOILERPLATE,"[""missing_decision_anchor"",""generic_best_for_pattern"",""missing_not_for"",""weak_location_identity""]",433,1272,480,1272
de-daara-eateries-anandadara-ubud,De Daara Eateries (Anandadara Ubud),ubud,cafe,ubud,2026-07-30,true,true,false,false,false,false,false,false,false,false,false,true,published,true,false,P1_REWRITE_BOILERPLATE,"[""missing_decision_anchor"",""generic_best_for_pattern"",""missing_not_for"",""weak_location_identity""]",433,1272,480,1272
takir-restaurant-and-bar-arya-arkananta-resort-and-spa,Takir Restaurant and Bar (Arya Arkananta Resort and Spa),ubud,cafe,ubud,2026-07-30,true,true,false,false,false,false,false,false,false,false,false,true,published,true,false,P1_REWRITE_BOILERPLATE,"[""missing_decision_anchor"",""generic_best_for_pattern"",""missing_not_for"",""weak_location_identity""]",433,1272,480,1272
wajik-restaurant-by-ely-s-kitchen-unagi-wooden-villas-by-emana,Wajik Restaurant by Ely's Kitchen (Unagi Wooden Villas by Emana),ubud,cafe,ubud,2026-07-30,true,true,false,false,false,false,false,false,false,false,false,true,published,true,false,P1_REWRITE_BOILERPLATE,"[""missing_decision_anchor"",""generic_best_for_pattern"",""missing_not_for"",""weak_location_identity""]",433,1272,480,1272
air-cafe-and-lounge-at-the-sebali-resort,Air Cafe and Lounge at The Sebali Resort,ubud,restaurant,Ubud,2026-07-28,true,true,false,false,false,false,true,false,true,true,true,true,review,true,false,P1_REWRITE_BOILERPLATE,"[""missing_decision_anchor"",""generic_why_pattern"",""generic_best_for_pattern"",""missing_not_for""]",433,1272,480,1272
amateras-restaurant-at-jannata-resort-and-spa,Amateras Restaurant at Jannata Resort & Spa,ubud,restaurant,Ubud,2026-07-28,true,true,false,false,false,false,true,false,true,true,true,true,review,true,false,P1_REWRITE_BOILERPLATE,"[""missing_decision_anchor"",""generic_why_pattern"",""generic_best_for_pattern"",""missing_not_for""]",433,1272,480,1272
ambar-ubud-bar-at-mandapa-a-ritz-carlton-reserve,"Ambar Ubud Bar at Mandapa, a Ritz-Carlton Reserve",ubud,restaurant,Ubud,2026-07-28,true,true,false,false,false,false,true,false,true,true,true,true,review,true,false,P1_REWRITE_BOILERPLATE,"[""missing_decision_anchor"",""generic_why_pattern"",""generic_best_for_pattern"",""missing_not_for""]",433,1272,480,1272
arcadia,Arcadia,ubud,restaurant,Ubud,2026-07-28,true,true,false,false,false,false,true,false,true,true,true,true,review,true,false,P1_REWRITE_BOILERPLATE,"[""missing_decision_anchor"",""generic_why_pattern"",""generic_best_for_pattern"",""missing_not_for""]",433,1272,480,1272
arctic-restaurant-breakfast-brunch-and-dinner,"ARCTIC Restaurant – Breakfast, Brunch & Dinner",ubud,restaurant,Ubud,2026-07-28,true,true,false,false,false,false,true,false,true,true,false,true,review,true,false,P1_REWRITE_BOILERPLATE,"[""missing_decision_anchor"",""generic_best_for_pattern"",""missing_not_for""]",433,1272,480,1272
ary-s-book-cafe,Ary's Book Cafe,ubud,restaurant,Ubud,2026-07-28,true,true,false,false,false,false,true,false,true,true,false,true,review,true,false,P1_REWRITE_BOILERPLATE,"[""missing_decision_anchor"",""generic_best_for_pattern"",""missing_not_for""]",433,1272,480,1272
baas-terrace-and-wine-locked-lounge-at-metland-venya-ubud,Baas Terrace and Wine Locked Lounge at Metland Venya Ubud,ubud,restaurant,Ubud,2026-07-28,true,true,false,false,false,false,false,false,true,true,false,true,review,true,false,P1_REWRITE_BOILERPLATE,"[""missing_decision_anchor"",""generic_best_for_pattern"",""missing_not_for""]",433,1272,480,1272
bale-udang-ubud,Bale Udang (Ubud),ubud,restaurant,ubud,2026-07-30,true,true,false,false,false,false,false,false,false,false,true,true,published,true,false,P1_REWRITE_BOILERPLATE,"[""missing_decision_anchor"",""generic_why_pattern"",""generic_best_for_pattern"",""missing_not_for"",""weak_location_identity""]",433,1272,480,1272
bamboo-shoot-restaurant-at-emana-bambooscape,Bamboo Shoot Restaurant at Emana Bambooscape,ubud,restaurant,Ubud,2026-07-28,true,true,false,false,false,false,false,false,true,true,true,true,review,true,false,P1_REWRITE_BOILERPLATE,"[""missing_decision_anchor"",""generic_why_pattern"",""generic_best_for_pattern"",""missing_not_for""]",433,1272,480,1272
basilico-ubud-restaurant,Basilico Ubud Restaurant,ubud,restaurant,Ubud,2026-07-28,true,true,false,false,false,false,true,false,true,true,true,true,review,true,false,P1_REWRITE_BOILERPLATE,"[""missing_decision_anchor"",""generic_why_pattern"",""generic_best_for_pattern"",""missing_not_for""]",433,1272,480,1272
bee-cafe-ubud-at-beehouse-dijiwa-ubud,Bee Cafe Ubud at Beehouse Dijiwa Ubud,ubud,restaurant,Ubud,2026-07-28,true,true,false,false,false,false,false,false,true,true,true,true,review,true,false,P1_REWRITE_BOILERPLATE,"[""missing_decision_anchor"",""generic_why_pattern"",""generic_best_for_pattern"",""missing_not_for""]",433,1272,480,1272
begawan-biji-restaurant-ubud-organic-farm-to-table,Begawan Biji Restaurant Ubud (Organic Farm-To-Table),ubud,restaurant,Ubud,2026-07-28,true,true,false,false,false,false,true,false,true,true,false,true,review,true,false,P1_REWRITE_BOILERPLATE,"[""missing_decision_anchor"",""generic_best_for_pattern"",""missing_not_for""]",433,1272,480,1272
belantara-restaurant-at-kastara-resort-and-spa,Belantara Restaurant at Kastara Resort and Spa,ubud,restaurant,Ubud,2026-07-28,true,true,false,false,false,false,true,false,true,true,true,true,review,true,false,P1_REWRITE_BOILERPLATE,"[""missing_decision_anchor"",""generic_why_pattern"",""generic_best_for_pattern"",""missing_not_for""]",433,1272,480,1272
bell-aria-seres-springs-resort-and-spa-ubud,Bell'Aria (SereS Springs Resort and Spa Ubud),ubud,restaurant,ubud,2026-07-30,true,true,false,false,false,false,false,false,false,false,false,true,published,true,false,P1_REWRITE_BOILERPLATE,"[""missing_decision_anchor"",""generic_best_for_pattern"",""missing_not_for"",""weak_location_identity""]",433,1272,480,1272
birdhill-restaurant-at-amora-ubud-boutique-villas,Birdhill Restaurant at Amora Ubud Boutique Villas,ubud,restaurant,Ubud,2026-07-28,true,true,false,false,false,false,true,false,true,true,true,true,review,true,false,P1_REWRITE_BOILERPLATE,"[""missing_decision_anchor"",""generic_why_pattern"",""generic_best_for_pattern"",""missing_not_for""]",433,1272,480,1272
bisma-valley-at-adiwana-bisma,Bisma Valley at Adiwana Bisma,ubud,restaurant,Ubud,2026-07-28,true,true,false,false,false,false,false,false,true,true,true,true,review,true,false,P1_REWRITE_BOILERPLATE,"[""missing_decision_anchor"",""generic_why_pattern"",""generic_best_for_pattern"",""missing_not_for""]",433,1272,480,1272
black-garlic-ubud,Black Garlic Ubud,ubud,restaurant,Ubud; Gianyar,2026-08-04,true,true,false,false,false,false,true,false,true,true,true,true,review,true,false,P1_REWRITE_BOILERPLATE,"[""missing_decision_anchor"",""generic_why_pattern"",""generic_best_for_pattern"",""missing_not_for""]",433,1272,480,1272
botanist-restaurant-ubud-at-blue-karma-dijiwa-ubud,Botanist Restaurant Ubud at Blue Karma Dijiwa Ubud,ubud,restaurant,Ubud,2026-07-28,true,true,false,false,false,false,true,false,true,true,false,true,review,true,false,P1_REWRITE_BOILERPLATE,"[""missing_decision_anchor"",""generic_best_for_pattern"",""missing_not_for""]",433,1272,480,1272
bukit-cinta-restaurant-and-bar-at-the-lokha-ubud,Bukit Cinta Restaurant and Bar at The Lokha Ubud,ubud,restaurant,Ubud,2026-07-28,true,true,false,false,false,false,true,false,true,true,false,true,review,true,false,P1_REWRITE_BOILERPLATE,"[""missing_decision_anchor"",""generic_best_for_pattern"",""missing_not_for""]",433,1272,480,1272
bulan-madu-restaurant-amora-ubud-boutique-villas,Bulan Madu Restaurant (Amora Ubud Boutique Villas),ubud,restaurant,ubud,2026-07-30,true,true,false,false,false,false,false,false,false,false,true,true,published,true,false,P1_REWRITE_BOILERPLATE,"[""missing_decision_anchor"",""generic_why_pattern"",""generic_best_for_pattern"",""missing_not_for"",""weak_location_identity""]",433,1272,480,1272
cabana-lounge-at-alila-ubud,Cabana Lounge at Alila Ubud,ubud,restaurant,Ubud,2026-07-28,true,true,false,false,false,false,true,false,true,true,false,true,review,true,false,P1_REWRITE_BOILERPLATE,"[""missing_decision_anchor"",""generic_best_for_pattern"",""missing_not_for""]",433,1272,480,1272
chito-caucasus-cuisine-bistro,CHITO caucasus cuisine bistro,ubud,restaurant,Ubud,2026-07-28,true,true,false,false,false,false,true,false,true,true,true,true,review,true,false,P1_REWRITE_BOILERPLATE,"[""missing_decision_anchor"",""generic_why_pattern"",""generic_best_for_pattern"",""missing_not_for""]",433,1272,480,1272
chora-mediterranean-restaurant-and-bar,CHORA Mediterranean Restaurant & Bar,ubud,restaurant,Ubud,2026-07-28,true,true,false,false,false,false,true,false,true,true,true,true,published,true,false,P1_REWRITE_BOILERPLATE,"[""missing_decision_anchor"",""generic_why_pattern"",""generic_best_for_pattern"",""missing_not_for""]",433,1272,480,1272
cinta-grill,Cinta Grill,ubud,restaurant,ubud,2026-07-30,true,true,false,false,false,false,false,false,false,false,false,true,published,true,false,P1_REWRITE_BOILERPLATE,"[""missing_decision_anchor"",""generic_best_for_pattern"",""missing_not_for"",""weak_location_identity""]",433,1272,480,1272
citrus-restaurant-ubud,Citrus Restaurant Ubud,ubud,restaurant,Gianyar,2026-07-28,true,true,false,false,false,false,true,false,true,true,false,true,review,true,false,P1_REWRITE_BOILERPLATE,"[""missing_decision_anchor"",""generic_best_for_pattern"",""missing_not_for""]",433,1272,480,1272
clover-cafe-at-the-hava-ubud,Clover Cafe at The Hava Ubud,ubud,restaurant,Ubud,2026-07-28,true,true,false,false,false,false,true,false,true,true,true,true,review,true,false,P1_REWRITE_BOILERPLATE,"[""missing_decision_anchor"",""generic_why_pattern"",""generic_best_for_pattern"",""missing_not_for""]",433,1272,480,1272
collina-kawi-restaurant-at-kawi-resort,Collina Kawi Restaurant at Kawi Resort,ubud,restaurant,Gianyar,2026-07-28,true,true,false,false,false,false,true,false,true,true,false,true,review,true,false,P1_REWRITE_BOILERPLATE,"[""missing_decision_anchor"",""generic_best_for_pattern"",""missing_not_for""]",433,1272,480,1272
cretya-sunset-by-alas-harum,Cretya Sunset,ubud,restaurant,Ubud,2026-07-28,true,true,false,false,false,false,true,false,true,true,true,true,review,true,false,P1_REWRITE_BOILERPLATE,"[""missing_decision_anchor"",""generic_why_pattern"",""generic_best_for_pattern"",""missing_not_for""]",433,1272,480,1272
d-pondok-warung-pondok-sebatu-villa,D’Pondok Warung (Pondok Sebatu Villa),ubud,restaurant,ubud,2026-07-30,true,true,false,false,false,false,false,false,false,false,false,true,published,true,false,P1_REWRITE_BOILERPLATE,"[""missing_decision_anchor"",""generic_best_for_pattern"",""missing_not_for"",""weak_location_identity""]",433,1272,480,1272
di-sini-di-sana-by-rachman-and-sons,Di Sini Di Sana by Rachman & Sons,ubud,restaurant,Ubud,2026-07-28,true,true,false,false,false,false,true,false,true,true,true,true,review,true,false,P1_REWRITE_BOILERPLATE,"[""missing_decision_anchor"",""generic_why_pattern"",""generic_best_for_pattern"",""missing_not_for""]",433,1272,480,1272
dining-corner-kayumanis-ubud,Dining Corner (Kayumanis Ubud),ubud,restaurant,ubud,2026-07-30,true,true,false,false,false,false,false,false,false,false,false,true,published,true,false,P1_REWRITE_BOILERPLATE,"[""missing_decision_anchor"",""generic_best_for_pattern"",""missing_not_for"",""weak_location_identity""]",433,1272,480,1272
divya-bar-ubud,Divya Bar Ubud,ubud,restaurant,Ubud,2026-07-28,true,true,false,false,false,false,true,false,true,true,true,true,review,true,false,P1_REWRITE_BOILERPLATE,"[""missing_decision_anchor"",""generic_why_pattern"",""generic_best_for_pattern"",""missing_not_for""]",433,1272,480,1272
enclave-ubud-at-plataran-ubud,Enclave Ubud at Plataran Ubud,ubud,restaurant,Ubud,2026-08-04,true,true,false,false,false,false,true,false,true,true,true,true,review,true,false,P1_REWRITE_BOILERPLATE,"[""missing_decision_anchor"",""generic_why_pattern"",""generic_best_for_pattern"",""missing_not_for""]",433,1272,480,1272
figo-italian-restaurant-ubud,FIGO Italian Restaurant Ubud,ubud,restaurant,Ubud,2026-07-28,true,true,false,false,false,false,true,false,true,true,true,true,review,true,false,P1_REWRITE_BOILERPLATE,"[""missing_decision_anchor"",""generic_why_pattern"",""generic_best_for_pattern"",""missing_not_for""]",433,1272,480,1272
french-kiss-restaurant,French Kiss Restaurant,ubud,restaurant,Ubud,2026-08-04,true,true,false,false,false,false,true,false,true,true,false,true,review,true,false,P1_REWRITE_BOILERPLATE,"[""missing_decision_anchor"",""generic_best_for_pattern"",""missing_not_for""]",433,1272,480,1272
friends-cafe-and-bistro,Friends Cafe & Bistro,ubud,restaurant,Ubud,2026-07-28,true,true,false,false,false,false,true,false,true,true,true,true,review,true,false,P1_REWRITE_BOILERPLATE,"[""missing_decision_anchor"",""generic_why_pattern"",""generic_best_for_pattern"",""missing_not_for""]",433,1272,480,1272
gabriel-french-bistro,Gabriel French Bistro,ubud,restaurant,ubud,2026-07-30,true,true,false,false,false,false,false,false,false,false,true,true,published,true,false,P1_REWRITE_BOILERPLATE,"[""missing_decision_anchor"",""generic_why_pattern"",""generic_best_for_pattern"",""missing_not_for"",""weak_location_identity""]",433,1272,480,1272
ganesha-ek-sanskriti-at-ubud,Ganesha Ek Sanskriti at Ubud,ubud,restaurant,Ubud,2026-07-28,true,true,false,false,false,false,true,false,true,true,true,true,review,true,false,P1_REWRITE_BOILERPLATE,"[""missing_decision_anchor"",""generic_why_pattern"",""generic_best_for_pattern"",""missing_not_for""]",433,1272,480,1272
gauri-by-ely-s-kitchen-at-adiwana-unagi-riverfront,Gauri by Ely's Kitchen at Adiwana Unagi Riverfront,ubud,restaurant,Ubud,2026-07-28,true,true,false,false,false,false,true,false,true,true,true,true,review,true,false,P1_REWRITE_BOILERPLATE,"[""missing_decision_anchor"",""generic_why_pattern"",""generic_best_for_pattern"",""missing_not_for""]",433,1272,480,1272
genio-by-twist,GENIO by twist,ubud,restaurant,Ubud,2026-07-28,true,true,false,false,false,false,true,false,true,true,true,true,review,true,false,P1_REWRITE_BOILERPLATE,"[""missing_decision_anchor"",""generic_why_pattern"",""generic_best_for_pattern"",""missing_not_for""]",433,1272,480,1272
glow-restaurant-at-como-shambhala-estate,glow Restaurant at COMO Shambhala Estate,ubud,restaurant,Ubud,2026-07-28,true,true,false,false,false,false,true,false,true,true,false,true,review,true,false,P1_REWRITE_BOILERPLATE,"[""missing_decision_anchor"",""generic_best_for_pattern"",""missing_not_for""]",433,1272,480,1272
habitat-bistro-restaurant-ubud-by-wonderspace,Habitat Bistro Restaurant Ubud by Wonderspace,ubud,restaurant,Ubud,2026-08-07,true,true,false,false,false,false,true,false,true,true,true,true,review,true,false,P1_REWRITE_BOILERPLATE,"[""missing_decision_anchor"",""generic_why_pattern"",""generic_best_for_pattern"",""missing_not_for""]",433,1272,480,1272
hotapa-kitchen,Hotapa Kitchen,ubud,restaurant,Ubud,2026-07-28,true,true,false,false,false,false,true,false,true,true,true,true,review,true,false,P1_REWRITE_BOILERPLATE,"[""missing_decision_anchor"",""generic_why_pattern"",""generic_best_for_pattern"",""missing_not_for""]",433,1272,480,1272
hura-restaurant-at-the-pala-ubud-villas,Hura Restaurant at The Pala Ubud Villas,ubud,restaurant,Ubud,2026-07-28,true,true,false,false,false,false,true,false,true,true,true,true,review,true,false,P1_REWRITE_BOILERPLATE,"[""missing_decision_anchor"",""generic_why_pattern"",""generic_best_for_pattern"",""missing_not_for""]",433,1272,480,1272
ibu-susu-bar-and-kitchen,IBU SUSU Bar & Kitchen,ubud,restaurant,Ubud,2026-07-28,true,true,false,false,false,false,true,false,true,true,true,true,published,true,false,P1_REWRITE_BOILERPLATE,"[""missing_decision_anchor"",""generic_why_pattern"",""generic_best_for_pattern"",""missing_not_for""]",433,1272,480,1272
injoy,INJOY,ubud,restaurant,Ubud,2026-07-28,true,true,false,false,false,false,true,false,true,true,true,true,review,true,false,P1_REWRITE_BOILERPLATE,"[""missing_decision_anchor"",""generic_why_pattern"",""generic_best_for_pattern"",""missing_not_for""]",433,1272,480,1272
jack-fruit-restaurant-at-pramana-giri-kusuma,Jack Fruit Restaurant at Pramana Giri Kusuma,ubud,restaurant,Gianyar,2026-07-28,true,true,false,false,false,false,true,false,true,true,false,true,review,true,false,P1_REWRITE_BOILERPLATE,"[""missing_decision_anchor"",""generic_best_for_pattern"",""missing_not_for""]",433,1272,480,1272
janger-restaurant-at-puri-wulandari-a-boutique-resort-and-spa,"Janger Restaurant at Puri Wulandari, A Boutique Resort and Spa",ubud,restaurant,Ubud,2026-07-28,true,true,false,false,false,false,true,false,true,true,true,true,review,true,false,P1_REWRITE_BOILERPLATE,"[""missing_decision_anchor"",""generic_why_pattern"",""generic_best_for_pattern"",""missing_not_for""]",433,1272,480,1272
juggan-sky,Juggan Sky,ubud,restaurant,Ubud,2026-08-04,true,true,false,false,false,false,true,false,true,true,true,true,review,true,false,P1_REWRITE_BOILERPLATE,"[""missing_decision_anchor"",""generic_why_pattern"",""generic_best_for_pattern"",""missing_not_for""]",433,1272,480,1272
kaukau-restaurant-at-arkamara-dijiwa-ubud,Kaukau Restaurant at Arkamara Dijiwa Ubud,ubud,restaurant,Ubud,2026-07-28,true,true,false,false,false,false,true,false,true,true,true,true,review,true,false,P1_REWRITE_BOILERPLATE,"[""missing_decision_anchor"",""generic_why_pattern"",""generic_best_for_pattern"",""missing_not_for""]",433,1272,480,1272
kawa-hibachi-at-kastara-resort-and-spa,Kawa Hibachi at Kastara Resort and Spa,ubud,restaurant,Ubud,2026-07-28,true,true,false,false,false,false,true,false,true,true,true,true,review,true,false,P1_REWRITE_BOILERPLATE,"[""missing_decision_anchor"",""generic_why_pattern"",""generic_best_for_pattern"",""missing_not_for""]",433,1272,480,1272
kemangi-ubud-resto-at-adiwana-svarga-loka,Kemangi Ubud Resto at Adiwana Svarga Loka,ubud,restaurant,Ubud,2026-08-04,true,true,false,false,false,false,true,false,true,true,true,true,review,true,false,P1_REWRITE_BOILERPLATE,"[""missing_decision_anchor"",""generic_why_pattern"",""generic_best_for_pattern"",""missing_not_for""]",433,1272,480,1272
kemiri-restaurant-at-como-uma-ubud,Kemiri Restaurant at COMO Uma Ubud,ubud,restaurant,Ubud,2026-07-28,true,true,false,false,false,false,false,false,true,true,true,true,review,true,false,P1_REWRITE_BOILERPLATE,"[""missing_decision_anchor"",""generic_why_pattern"",""generic_best_for_pattern"",""missing_not_for""]",433,1272,480,1272
kemukus-restaurant-kuwarasan-a-pramana-experience,Kemukus Restaurant (Kuwarasan A Pramana Experience),ubud,restaurant,ubud,2026-07-30,true,true,false,false,false,false,false,false,false,false,false,true,published,true,false,P1_REWRITE_BOILERPLATE,"[""missing_decision_anchor"",""generic_best_for_pattern"",""missing_not_for"",""weak_location_identity""]",433,1272,480,1272
ksuna-restaurant,Ksuna Restaurant,ubud,restaurant,Ubud,2026-07-28,true,true,false,false,false,false,true,false,true,true,true,true,review,true,false,P1_REWRITE_BOILERPLATE,"[""missing_decision_anchor"",""generic_why_pattern"",""generic_best_for_pattern"",""missing_not_for""]",433,1272,480,1272
kubu-at-mandapa,Kubu at Mandapa,ubud,restaurant,Ubud,2026-07-28,true,true,false,false,false,false,true,false,true,true,true,true,review,true,false,P1_REWRITE_BOILERPLATE,"[""missing_decision_anchor"",""generic_why_pattern"",""generic_best_for_pattern"",""missing_not_for""]",433,1272,480,1272
kudus-house-at-como-shambhala-estate,Kudus House at COMO Shambhala Estate,ubud,restaurant,Ubud,2026-07-28,true,true,false,false,false,false,false,false,true,true,false,true,review,true,false,P1_REWRITE_BOILERPLATE,"[""missing_decision_anchor"",""generic_best_for_pattern"",""missing_not_for""]",433,1272,480,1272
kunang-kunang-restaurant-at-the-sun-of-granary-resort-and-villas,Kunang-Kunang Restaurant at The Sun of Granary Resort and Villas,ubud,restaurant,Ubud,2026-08-04,true,true,false,false,false,false,true,false,true,true,true,true,review,true,false,P1_REWRITE_BOILERPLATE,"[""missing_decision_anchor"",""generic_why_pattern"",""generic_best_for_pattern"",""missing_not_for""]",433,1272,480,1272
kyoka-japanese-kitchen-ubud,Kyoka Japanese Kitchen Ubud,ubud,restaurant,Ubud,2026-07-28,true,true,false,false,false,false,true,false,true,true,true,true,review,true,false,P1_REWRITE_BOILERPLATE,"[""missing_decision_anchor"",""generic_why_pattern"",""generic_best_for_pattern"",""missing_not_for""]",433,1272,480,1272
le-gastronome-restaurant-at-keliki-luxury-lodge,Le Gastronome Restaurant at Keliki Luxury Lodge,ubud,restaurant,Ubud; Gianyar,2026-07-28,true,true,false,false,false,false,true,false,true,true,true,true,review,true,false,P1_REWRITE_BOILERPLATE,"[""missing_decision_anchor"",""generic_why_pattern"",""generic_best_for_pattern"",""missing_not_for""]",433,1272,480,1272
livingstone-holyground,Livingstone Holyground,ubud,restaurant,Ubud,2026-07-28,true,true,false,false,false,false,true,false,true,true,true,true,review,true,false,P1_REWRITE_BOILERPLATE,"[""missing_decision_anchor"",""generic_why_pattern"",""generic_best_for_pattern"",""missing_not_for""]",433,1272,480,1272
lumbung-restaurant-at-visesa-ubud-resort,Lumbung Restaurant at Visesa Ubud Resort,ubud,restaurant,Ubud,2026-07-28,true,true,false,false,false,false,true,false,true,true,true,true,review,true,false,P1_REWRITE_BOILERPLATE,"[""missing_decision_anchor"",""generic_why_pattern"",""generic_best_for_pattern"",""missing_not_for""]",433,1272,480,1272
lynked-restaurant,Lynked Restaurant,ubud,restaurant,ubud,2026-07-30,true,true,false,false,false,false,false,false,false,false,false,true,published,true,false,P1_REWRITE_BOILERPLATE,"[""missing_decision_anchor"",""generic_best_for_pattern"",""missing_not_for"",""weak_location_identity""]",433,1272,480,1272
madhubann-pure-veg-indian-restaurant,Madhubann : Pure Veg Indian Restaurant,ubud,restaurant,Ubud,2026-07-28,true,true,false,false,false,false,true,false,true,true,false,true,review,true,false,P1_REWRITE_BOILERPLATE,"[""missing_decision_anchor"",""generic_best_for_pattern"",""missing_not_for""]",433,1272,480,1272
malam-asian-grill,Malam Asian Grill,ubud,restaurant,Ubud,2026-07-28,true,true,false,false,false,false,true,false,false,true,false,true,review,true,false,P1_REWRITE_BOILERPLATE,"[""missing_decision_anchor"",""generic_best_for_pattern"",""missing_not_for""]",433,1272,480,1272
mamu-garden-cafe-and-lounge,MAMU garden cafe & lounge,ubud,restaurant,Ubud,2026-07-28,true,true,false,false,false,false,true,false,true,true,true,true,review,true,false,P1_REWRITE_BOILERPLATE,"[""missing_decision_anchor"",""generic_why_pattern"",""generic_best_for_pattern"",""missing_not_for""]",433,1272,480,1272
meat-eat,Meat eat!,ubud,restaurant,Ubud,2026-07-28,true,true,false,false,false,false,true,false,false,true,true,true,review,true,false,P1_REWRITE_BOILERPLATE,"[""missing_decision_anchor"",""generic_why_pattern"",""generic_best_for_pattern"",""missing_not_for""]",433,1272,480,1272
melali-ubud,Melali Ubud,ubud,restaurant,Ubud,2026-07-28,true,true,false,false,false,false,true,false,true,true,true,true,review,true,false,P1_REWRITE_BOILERPLATE,"[""missing_decision_anchor"",""generic_why_pattern"",""generic_best_for_pattern"",""missing_not_for""]",433,1272,480,1272
natys-bar-and-grill-ubud,Natys Bar & Grill Ubud,ubud,restaurant,Ubud,2026-07-28,true,true,false,false,false,false,true,false,true,true,false,true,review,true,false,P1_REWRITE_BOILERPLATE,"[""missing_decision_anchor"",""generic_best_for_pattern"",""missing_not_for""]",433,1272,480,1272
natys-restaurant-ubud-at-natya-resort-ubud,Natys Restaurant Ubud at Natya Resort Ubud,ubud,restaurant,Ubud,2026-07-28,true,true,false,false,false,false,true,false,true,true,true,true,review,true,false,P1_REWRITE_BOILERPLATE,"[""missing_decision_anchor"",""generic_why_pattern"",""generic_best_for_pattern"",""missing_not_for""]",433,1272,480,1272
nautilus,Nautilus,ubud,restaurant,Ubud,2026-07-28,true,true,false,false,false,false,true,false,true,true,true,true,review,true,false,P1_REWRITE_BOILERPLATE,"[""missing_decision_anchor"",""generic_why_pattern"",""generic_best_for_pattern"",""missing_not_for""]",433,1272,480,1272
ngajeng-restaurant,Ngajeng Restaurant,ubud,restaurant,Ubud; Gianyar,2026-08-04,true,true,false,false,false,false,true,false,true,true,true,true,review,true,false,P1_REWRITE_BOILERPLATE,"[""missing_decision_anchor"",""generic_why_pattern"",""generic_best_for_pattern"",""missing_not_for""]",433,1272,480,1272
noema-greek-restaurant-and-bar,Noema Greek Restaurant & Bar,ubud,restaurant,Ubud,2026-07-28,true,true,false,false,false,false,true,false,true,true,true,true,review,true,false,P1_REWRITE_BOILERPLATE,"[""missing_decision_anchor"",""generic_why_pattern"",""generic_best_for_pattern"",""missing_not_for""]",433,1272,480,1272
nuah,NUAH,ubud,restaurant,Ubud,2026-07-28,true,true,false,false,false,false,false,false,false,true,true,true,review,true,false,P1_REWRITE_BOILERPLATE,"[""missing_decision_anchor"",""generic_why_pattern"",""generic_best_for_pattern"",""missing_not_for""]",433,1272,480,1272
padi-restaurant-at-puri-sebali-resort,Padi Restaurant at Puri Sebali Resort,ubud,restaurant,Ubud,2026-07-28,true,true,false,false,false,false,true,false,true,true,true,true,review,true,false,P1_REWRITE_BOILERPLATE,"[""missing_decision_anchor"",""generic_why_pattern"",""generic_best_for_pattern"",""missing_not_for""]",433,1272,480,1272
palapa-restaurant-at-luwak-estate,Palapa Restaurant at Luwak Estate,ubud,restaurant,Ubud,2026-07-28,true,true,false,false,false,false,true,false,false,true,true,true,review,true,false,P1_REWRITE_BOILERPLATE,"[""missing_decision_anchor"",""generic_why_pattern"",""generic_best_for_pattern"",""missing_not_for""]",433,1272,480,1272
paoman-restaurant-at-inara-alas-harum,Paoman Restaurant at Inara Alas Harum,ubud,restaurant,Ubud,2026-07-28,true,true,false,false,false,false,false,false,true,true,false,true,review,true,false,P1_REWRITE_BOILERPLATE,"[""missing_decision_anchor"",""generic_best_for_pattern"",""missing_not_for""]",433,1272,480,1272
perantenan-restaurant-at-the-alena-resort,Perantenan Restaurant at The Alena Resort,ubud,restaurant,Ubud,2026-07-28,true,true,false,false,false,false,true,false,true,true,true,true,review,true,false,P1_REWRITE_BOILERPLATE,"[""missing_decision_anchor"",""generic_why_pattern"",""generic_best_for_pattern"",""missing_not_for""]",433,1272,480,1272
pistachio-restaurant-at-adiwana-bisma,Pistachio Restaurant at Adiwana Bisma,ubud,restaurant,Ubud,2026-07-28,true,true,false,false,false,false,true,false,true,true,true,true,review,true,false,P1_REWRITE_BOILERPLATE,"[""missing_decision_anchor"",""generic_why_pattern"",""generic_best_for_pattern"",""missing_not_for""]",433,1272,480,1272
plantation-restaurant-at-alila-ubud,Plantation Restaurant at Alila Ubud,ubud,restaurant,Ubud,2026-07-28,true,true,false,false,false,false,false,false,true,true,false,true,review,true,false,P1_REWRITE_BOILERPLATE,"[""missing_decision_anchor"",""generic_best_for_pattern"",""missing_not_for""]",433,1272,480,1272
queen-s-of-india-at-ubud,Queen's of India at Ubud,ubud,restaurant,Ubud,2026-07-28,true,true,false,false,false,false,true,false,true,true,true,true,review,true,false,P1_REWRITE_BOILERPLATE,"[""missing_decision_anchor"",""generic_why_pattern"",""generic_best_for_pattern"",""missing_not_for""]",433,1272,480,1272
rempah-restaurant-menzel-ubud,Rempah Restaurant (Menzel Ubud),ubud,restaurant,ubud,2026-07-30,true,true,false,false,false,false,false,false,false,false,false,true,published,true,false,P1_REWRITE_BOILERPLATE,"[""missing_decision_anchor"",""generic_best_for_pattern"",""missing_not_for"",""weak_location_identity""]",433,1272,480,1272
river-warung-at-bambu-indah,River Warung at Bambu Indah,ubud,restaurant,Ubud,2026-07-28,true,true,false,false,false,false,true,false,true,true,false,true,review,true,false,P1_REWRITE_BOILERPLATE,"[""missing_decision_anchor"",""generic_best_for_pattern"",""missing_not_for""]",433,1272,480,1272
rize-ubud,rize ubud,ubud,restaurant,Ubud,2026-07-28,true,true,false,false,false,false,true,false,true,true,true,true,review,true,false,P1_REWRITE_BOILERPLATE,"[""missing_decision_anchor"",""generic_why_pattern"",""generic_best_for_pattern"",""missing_not_for""]",433,1272,480,1272
runara-restaurant-at-abisena-ubud,Runara Restaurant at Abisena Ubud,ubud,restaurant,Ubud,2026-07-28,true,true,false,false,false,false,true,false,true,true,true,true,review,true,false,P1_REWRITE_BOILERPLATE,"[""missing_decision_anchor"",""generic_why_pattern"",""generic_best_for_pattern"",""missing_not_for""]",433,1272,480,1272
sababay-winery,Sababay Winery,ubud,restaurant,Gianyar,2026-07-28,true,true,false,false,false,false,true,false,true,true,true,true,review,true,false,P1_REWRITE_BOILERPLATE,"[""missing_decision_anchor"",""generic_why_pattern"",""generic_best_for_pattern"",""missing_not_for""]",433,1272,480,1272
sakti-dining-room-fivelements-retreat-bali,Sakti Dining Room (Fivelements Retreat Bali),ubud,restaurant,ubud,2026-07-30,true,true,false,false,false,false,false,false,false,false,false,true,published,true,false,P1_REWRITE_BOILERPLATE,"[""missing_decision_anchor"",""generic_best_for_pattern"",""missing_not_for"",""weak_location_identity""]",433,1272,480,1272
sala-bistro-at-ubud,Sala Bistro at Ubud,ubud,restaurant,Ubud,2026-07-28,true,true,false,false,false,false,true,false,true,true,false,true,review,true,false,P1_REWRITE_BOILERPLATE,"[""missing_decision_anchor"",""generic_best_for_pattern"",""missing_not_for""]",433,1272,480,1272
sans-indian-restaurant-ubud-by-wonderspace,Sans Indian Restaurant Ubud by Wonderspace,ubud,restaurant,Ubud,2026-07-28,true,true,false,false,false,false,true,false,true,true,false,true,review,true,false,P1_REWRITE_BOILERPLATE,"[""missing_decision_anchor"",""generic_best_for_pattern"",""missing_not_for""]",433,1272,480,1272
sante-wine-and-dine-at-rusters,Sante Wine and Dine at RÜSTERS,ubud,restaurant,Ubud,2026-07-28,true,true,false,false,false,false,true,false,true,true,true,true,review,true,false,P1_REWRITE_BOILERPLATE,"[""missing_decision_anchor"",""generic_why_pattern"",""generic_best_for_pattern"",""missing_not_for""]",433,1272,480,1272
sawah-terrace-at-mandapa-a-ritz-carlton-reserve,"Sawah Terrace at Mandapa, a Ritz-Carlton Reserve",ubud,restaurant,Ubud,2026-08-07,true,true,false,false,false,false,false,false,true,true,true,true,review,true,false,P1_REWRITE_BOILERPLATE,"[""missing_decision_anchor"",""generic_why_pattern"",""generic_best_for_pattern"",""missing_not_for""]",433,1272,480,1272
senja-bar-and-resto-at-goya-boutique-resort,Senja Bar and Resto at Goya Boutique Resort,ubud,restaurant,Ubud,2026-07-28,true,true,false,false,false,false,true,false,true,true,true,true,review,true,false,P1_REWRITE_BOILERPLATE,"[""missing_decision_anchor"",""generic_why_pattern"",""generic_best_for_pattern"",""missing_not_for""]",433,1272,480,1272
serai-restaurant-at-the-hava-ubud,Serai Restaurant at The Hava Ubud,ubud,restaurant,Ubud,2026-07-28,true,true,false,false,false,false,true,false,true,true,true,true,review,true,false,P1_REWRITE_BOILERPLATE,"[""missing_decision_anchor"",""generic_why_pattern"",""generic_best_for_pattern"",""missing_not_for""]",433,1272,480,1272
shrida,Shrida,ubud,restaurant,Ubud,2026-08-04,true,true,false,false,false,false,true,false,true,true,true,true,review,true,false,P1_REWRITE_BOILERPLATE,"[""missing_decision_anchor"",""generic_why_pattern"",""generic_best_for_pattern"",""missing_not_for""]",433,1272,480,1272
simply-social,Simply Social,ubud,restaurant,Ubud,2026-07-28,true,true,false,false,false,false,true,false,true,true,false,true,review,true,false,P1_REWRITE_BOILERPLATE,"[""missing_decision_anchor"",""generic_best_for_pattern"",""missing_not_for""]",433,1272,480,1272
sky-lounge-by-ely-s-kitchen-at-adiwana-unagi-suites,Sky Lounge by Ely's Kitchen at Adiwana Unagi Suites,ubud,restaurant,Ubud,2026-07-28,true,true,false,false,false,false,true,false,true,true,true,true,review,true,false,P1_REWRITE_BOILERPLATE,"[""missing_decision_anchor"",""generic_why_pattern"",""generic_best_for_pattern"",""missing_not_for""]",433,1272,480,1272
soulshine-bali,Soulshine Bali,ubud,restaurant,Ubud,2026-07-28,true,true,false,false,false,false,false,false,true,true,true,true,review,true,false,P1_REWRITE_BOILERPLATE,"[""missing_decision_anchor"",""generic_why_pattern"",""generic_best_for_pattern"",""missing_not_for""]",433,1272,480,1272
sumampan-restaurant-at-thewakanda-ubud,Sumampan Restaurant at thewakanda Ubud,ubud,restaurant,Ubud,2026-07-28,true,true,false,false,false,false,true,false,true,true,true,true,review,true,false,P1_REWRITE_BOILERPLATE,"[""missing_decision_anchor"",""generic_why_pattern"",""generic_best_for_pattern"",""missing_not_for""]",433,1272,480,1272
sungai-restaurant-at-sthala-a-tribute-portfolio-hotel,"Sungai Restaurant at Sthala, a Tribute Portfolio Hotel",ubud,restaurant,Ubud,2026-07-28,true,true,false,false,false,false,false,false,true,true,true,true,review,true,false,P1_REWRITE_BOILERPLATE,"[""missing_decision_anchor"",""generic_why_pattern"",""generic_best_for_pattern"",""missing_not_for""]",433,1272,480,1272
swan-restaurant-keramas-desa-swan-villas-and-spa,Swan Restaurant Keramas (Desa Swan Villas and Spa),ubud,restaurant,gianyar,2026-07-30,true,true,false,false,false,false,false,false,false,false,false,true,published,true,false,P1_REWRITE_BOILERPLATE,"[""missing_decision_anchor"",""generic_best_for_pattern"",""missing_not_for"",""weak_location_identity""]",433,1272,480,1272
swiss-chalet-and-grill,Swiss Chalet and Grill,ubud,restaurant,Ubud,2026-07-28,true,true,false,false,false,false,true,false,true,true,true,true,review,true,false,P1_REWRITE_BOILERPLATE,"[""missing_decision_anchor"",""generic_why_pattern"",""generic_best_for_pattern"",""missing_not_for""]",433,1272,480,1272
t-dung-restaurant-pool-and-bar-at-kenran-resort-ubud,T'dung Restaurant Pool and Bar at Kenran Resort Ubud,ubud,restaurant,Ubud,2026-07-28,true,true,false,false,false,false,true,false,true,true,false,true,review,true,false,P1_REWRITE_BOILERPLATE,"[""missing_decision_anchor"",""generic_best_for_pattern"",""missing_not_for""]",433,1272,480,1272
tabia-the-westin-resort-and-spa-ubud-bali,"Tabia (The Westin Resort and Spa Ubud, Bali)",ubud,restaurant,ubud,2026-07-30,true,true,false,false,false,false,false,false,false,false,true,true,published,true,false,P1_REWRITE_BOILERPLATE,"[""missing_decision_anchor"",""generic_why_pattern"",""generic_best_for_pattern"",""missing_not_for"",""weak_location_identity""]",433,1272,480,1272
tablespoon-ubud-at-adiwana-suweta,Tablespoon Ubud at Adiwana Suweta,ubud,restaurant,Ubud,2026-08-04,true,true,false,false,false,false,true,false,true,true,true,true,review,true,false,P1_REWRITE_BOILERPLATE,"[""missing_decision_anchor"",""generic_why_pattern"",""generic_best_for_pattern"",""missing_not_for""]",433,1272,480,1272
tall-trees-at-the-westin-resort-and-spa-ubud-bali,"Tall Trees at The Westin Resort and Spa Ubud, Bali",ubud,restaurant,Ubud,2026-07-28,true,true,false,false,false,false,false,false,true,true,true,true,review,true,false,P1_REWRITE_BOILERPLATE,"[""missing_decision_anchor"",""generic_why_pattern"",""generic_best_for_pattern"",""missing_not_for""]",433,1272,480,1272
tan-ting-restaurant-at-lingga-yoga-by-the-jungle-pots,Tan-Ting Restaurant at LINGGA YOGA by The Jungle Pots,ubud,restaurant,Ubud,2026-07-28,true,true,false,false,false,false,false,false,true,true,true,true,review,true,false,P1_REWRITE_BOILERPLATE,"[""missing_decision_anchor"",""generic_why_pattern"",""generic_best_for_pattern"",""missing_not_for""]",433,1272,480,1272
tanarasa-restaurant-at-tanadewa-resort-ubud-bali-by-cross-collection,Tanarasa Restaurant at Tanadewa Resort Ubud Bali by Cross Collection,ubud,restaurant,Ubud,2026-07-28,true,true,false,false,false,false,true,false,true,true,true,true,review,true,false,P1_REWRITE_BOILERPLATE,"[""missing_decision_anchor"",""generic_why_pattern"",""generic_best_for_pattern"",""missing_not_for""]",433,1272,480,1272
tangelo-bali,Tangelo Bali,ubud,restaurant,ubud,2026-07-30,true,true,false,false,false,false,false,false,false,false,true,true,published,true,false,P1_REWRITE_BOILERPLATE,"[""missing_decision_anchor"",""generic_why_pattern"",""generic_best_for_pattern"",""missing_not_for"",""weak_location_identity""]",433,1272,480,1272
tangi-restaurant-gdas-bali-health-and-wellness-resort,Tangi Restaurant (Gdas Bali Health and Wellness Resort),ubud,restaurant,ubud,2026-07-30,true,true,false,false,false,false,false,false,false,false,true,true,published,true,false,P1_REWRITE_BOILERPLATE,"[""missing_decision_anchor"",""generic_why_pattern"",""generic_best_for_pattern"",""missing_not_for"",""weak_location_identity""]",433,1272,480,1272
tekila-mexican-restaurant-ubud,TeKila Mexican Restaurant Ubud,ubud,restaurant,Ubud,2026-07-28,true,true,false,false,false,false,true,false,true,true,false,true,review,true,false,P1_REWRITE_BOILERPLATE,"[""missing_decision_anchor"",""generic_best_for_pattern"",""missing_not_for""]",433,1272,480,1272
tembaga-restaurant,Tembaga Restaurant,ubud,restaurant,Ubud,2026-07-28,true,true,false,false,false,false,true,false,true,true,true,true,review,true,false,P1_REWRITE_BOILERPLATE,"[""missing_decision_anchor"",""generic_why_pattern"",""generic_best_for_pattern"",""missing_not_for""]",433,1272,480,1272
terracotta-restaurant-at-mathis-retreat-ubud,Terracotta Restaurant at MATHIS Retreat Ubud,ubud,restaurant,Ubud,2026-07-28,true,true,false,false,false,false,true,false,true,true,true,true,review,true,false,P1_REWRITE_BOILERPLATE,"[""missing_decision_anchor"",""generic_why_pattern"",""generic_best_for_pattern"",""missing_not_for""]",433,1272,480,1272
the-blue-door-bar-restaurant-and-club,"The Blue Door Bar, Restaurant & Club",ubud,restaurant,Ubud,2026-07-28,true,true,false,false,false,false,true,false,true,true,true,true,review,true,false,P1_REWRITE_BOILERPLATE,"[""missing_decision_anchor"",""generic_why_pattern"",""generic_best_for_pattern"",""missing_not_for""]",433,1272,480,1272
the-cassowary-restaurant,The Cassowary Restaurant,ubud,restaurant,Gianyar,2026-07-28,true,true,false,false,false,false,true,false,true,true,true,true,review,true,false,P1_REWRITE_BOILERPLATE,"[""missing_decision_anchor"",""generic_why_pattern"",""generic_best_for_pattern"",""missing_not_for""]",433,1272,480,1272
the-grill-at-luxe,The Grill at LUXE,ubud,restaurant,ubud,2026-07-30,true,true,false,false,false,false,false,false,false,false,false,true,published,true,false,P1_REWRITE_BOILERPLATE,"[""missing_decision_anchor"",""generic_best_for_pattern"",""missing_not_for"",""weak_location_identity""]",433,1272,480,1272
the-kelusa-at-samsara-ubud,The Kelusa at Samsara Ubud,ubud,restaurant,Ubud,2026-07-28,true,true,false,false,false,false,true,false,true,true,false,true,review,true,false,P1_REWRITE_BOILERPLATE,"[""missing_decision_anchor"",""generic_best_for_pattern"",""missing_not_for""]",433,1272,480,1272
the-lair,The Lair,ubud,restaurant,ubud,2026-07-30,true,true,false,false,false,false,false,false,false,false,false,true,published,true,false,P1_REWRITE_BOILERPLATE,"[""missing_decision_anchor"",""generic_best_for_pattern"",""missing_not_for"",""weak_location_identity""]",433,1272,480,1272
the-nini-restaurant-12,The Nini Restaurant | 12+,ubud,restaurant,Gianyar,2026-07-28,true,true,false,false,false,false,true,false,true,true,true,true,review,true,false,P1_REWRITE_BOILERPLATE,"[""missing_decision_anchor"",""generic_why_pattern"",""generic_best_for_pattern"",""missing_not_for""]",433,1272,480,1272
the-orchid-duck-restaurant,The Orchid Duck Restaurant,ubud,restaurant,Ubud,2026-07-28,true,true,false,false,false,false,true,false,true,true,true,true,review,true,false,P1_REWRITE_BOILERPLATE,"[""missing_decision_anchor"",""generic_why_pattern"",""generic_best_for_pattern"",""missing_not_for""]",433,1272,480,1272
the-restaurant-by-keliki-luxury-lodge,The Restaurant by Keliki Luxury Lodge,ubud,restaurant,Ubud,2026-07-28,true,true,false,false,false,false,true,false,true,true,true,true,review,true,false,P1_REWRITE_BOILERPLATE,"[""missing_decision_anchor"",""generic_why_pattern"",""generic_best_for_pattern"",""missing_not_for""]",433,1272,480,1272
the-swept-away-restaurant-ubud-by-the-samaya-ubud,The Swept Away Restaurant Ubud by The Samaya Ubud,ubud,restaurant,Ubud,2026-07-28,true,true,false,false,false,false,true,false,true,true,true,true,review,true,false,P1_REWRITE_BOILERPLATE,"[""missing_decision_anchor"",""generic_why_pattern"",""generic_best_for_pattern"",""missing_not_for""]",433,1272,480,1272
the-upper-deck-ubud,The Upper Deck Ubud,ubud,restaurant,Ubud,2026-07-28,true,true,false,false,false,false,true,false,true,true,true,true,review,true,false,P1_REWRITE_BOILERPLATE,"[""missing_decision_anchor"",""generic_why_pattern"",""generic_best_for_pattern"",""missing_not_for""]",433,1272,480,1272
three-monkeys-bali-at-ubud,Three Monkeys Bali at Ubud,ubud,restaurant,Ubud,2026-07-28,true,true,false,false,false,false,true,false,true,true,true,true,review,true,false,P1_REWRITE_BOILERPLATE,"[""missing_decision_anchor"",""generic_why_pattern"",""generic_best_for_pattern"",""missing_not_for""]",433,1272,480,1272
tis-cafe-ubud,Tis Cafe,ubud,restaurant,Ubud,2026-08-04,true,true,false,false,false,false,true,false,true,true,true,true,published,true,false,P1_REWRITE_BOILERPLATE,"[""missing_decision_anchor"",""generic_why_pattern"",""generic_best_for_pattern"",""missing_not_for""]",433,1272,480,1272
tuju-ubud-social-club,TUJU UBUD SOCIAL CLUB,ubud,restaurant,Ubud,2026-07-28,true,true,false,false,false,false,true,false,true,true,true,true,review,true,false,P1_REWRITE_BOILERPLATE,"[""missing_decision_anchor"",""generic_why_pattern"",""generic_best_for_pattern"",""missing_not_for""]",433,1272,480,1272
twist-ubud,Twist Ubud,ubud,restaurant,Ubud,2026-07-28,true,true,false,false,false,false,true,false,false,true,false,true,review,true,false,P1_REWRITE_BOILERPLATE,"[""missing_decision_anchor"",""generic_best_for_pattern"",""missing_not_for""]",433,1272,480,1272
uma-tiki-restaurant-at-korurua-dijiwa-ubud,Uma Tiki Restaurant at Korurua Dijiwa Ubud,ubud,restaurant,Ubud,2026-07-28,true,true,false,false,false,false,true,false,true,true,true,true,review,true,false,P1_REWRITE_BOILERPLATE,"[""missing_decision_anchor"",""generic_why_pattern"",""generic_best_for_pattern"",""missing_not_for""]",433,1272,480,1272
ume-bali,UME BALI,ubud,restaurant,Ubud,2026-07-28,true,true,false,false,false,false,true,false,false,true,true,true,review,true,false,P1_REWRITE_BOILERPLATE,"[""missing_decision_anchor"",""generic_why_pattern"",""generic_best_for_pattern"",""missing_not_for""]",433,1272,480,1272
uname-ubud-by-pramana,UNAME Ubud by Pramana,ubud,restaurant,Ubud,2026-08-04,true,true,false,false,false,false,true,false,true,true,true,true,review,true,false,P1_REWRITE_BOILERPLATE,"[""missing_decision_anchor"",""generic_why_pattern"",""generic_best_for_pattern"",""missing_not_for""]",433,1272,480,1272
vanara-restaurant-at-sanna-ubud,Vanara Restaurant at Sanna Ubud,ubud,restaurant,Ubud,2026-07-28,true,true,false,false,false,false,true,false,true,true,true,true,review,true,false,P1_REWRITE_BOILERPLATE,"[""missing_decision_anchor"",""generic_why_pattern"",""generic_best_for_pattern"",""missing_not_for""]",433,1272,480,1272
vrindavan-100-pure-indian-vegetarian-and-vegan-restaurant-at-ubud,Vrindavan 100% Pure Indian Vegetarian & Vegan Restaurant at Ubud,ubud,restaurant,Ubud,2026-07-28,true,true,false,false,false,false,true,false,true,true,true,true,review,true,false,P1_REWRITE_BOILERPLATE,"[""missing_decision_anchor"",""generic_why_pattern"",""generic_best_for_pattern"",""missing_not_for""]",433,1272,480,1272
waroeng-bernadette-at-ubud,Waroeng Bernadette at Ubud,ubud,restaurant,Ubud,2026-07-28,true,true,false,false,false,false,true,false,true,true,true,true,review,true,false,P1_REWRITE_BOILERPLATE,"[""missing_decision_anchor"",""generic_why_pattern"",""generic_best_for_pattern"",""missing_not_for""]",433,1272,480,1272
yonne-cafe-and-bar-at-sens-hotel-and-spa,Yonne Cafe and Bar at SenS Hotel and Spa,ubud,restaurant,Ubud,2026-07-28,true,true,false,false,false,false,false,false,true,true,true,true,review,true,false,P1_REWRITE_BOILERPLATE,"[""missing_decision_anchor"",""generic_why_pattern"",""generic_best_for_pattern"",""missing_not_for""]",433,1272,480,1272
dewas-landing-cafe,Dewas Landing Cafe,uluwatu-bukit,cafe,null,2026-08-07,true,true,false,false,false,false,false,false,true,false,true,false,published,true,false,P1_REWRITE_BOILERPLATE,"[""missing_decision_anchor"",""generic_why_pattern"",""missing_not_for"",""weak_location_identity""]",433,1272,480,1272
humans-cafe,HUMANS CAFE,uluwatu-bukit,cafe,null,2026-08-04,true,true,false,false,false,false,false,false,true,false,true,false,published,true,false,P1_REWRITE_BOILERPLATE,"[""missing_decision_anchor"",""generic_why_pattern"",""missing_not_for"",""weak_location_identity""]",433,1272,480,1272
ula-cafe,Ula Cafe,uluwatu-bukit,cafe,null,2026-08-04,true,true,true,false,false,false,false,false,true,false,true,false,published,true,false,P1_REWRITE_BOILERPLATE,"[""missing_decision_anchor"",""generic_why_pattern"",""weak_location_identity""]",433,1272,480,1272
360-rooftop-at-anantara-uluwatu-bali-resort,360 Rooftop at Anantara Uluwatu Bali Resort,uluwatu-bukit,restaurant,Uluwatu,2026-07-28,true,true,false,false,false,false,true,false,true,true,true,true,review,true,false,P1_REWRITE_BOILERPLATE,"[""missing_decision_anchor"",""generic_why_pattern"",""generic_best_for_pattern"",""missing_not_for""]",433,1272,480,1272
akasa-at-jumeirah-bali,Akasa at Jumeirah Bali,uluwatu-bukit,restaurant,Uluwatu,2026-07-28,true,true,false,false,false,false,true,false,true,true,true,true,review,true,false,P1_REWRITE_BOILERPLATE,"[""missing_decision_anchor"",""generic_why_pattern"",""generic_best_for_pattern"",""missing_not_for""]",433,1272,480,1272
alma-tapas-bar-at-uluwatu,Alma Tapas Bar at Uluwatu,uluwatu-bukit,restaurant,Uluwatu,2026-07-28,true,true,false,false,false,false,true,false,true,true,true,true,review,true,false,P1_REWRITE_BOILERPLATE,"[""missing_decision_anchor"",""generic_why_pattern"",""generic_best_for_pattern"",""missing_not_for""]",433,1272,480,1272
artisan-ungasan,Artisan - Ungasan,uluwatu-bukit,restaurant,Uluwatu,2026-08-07,true,true,false,false,true,false,true,false,true,true,true,true,review,true,false,P1_REWRITE_BOILERPLATE,"[""missing_decision_anchor"",""generic_why_pattern"",""generic_best_for_pattern"",""missing_not_for"",""raw_order_needs_menu_evidence_check""]",433,1272,480,1272
baan-ying-thai,Baan Ying Thai,uluwatu-bukit,restaurant,Uluwatu,2026-07-28,true,true,false,false,false,false,true,false,true,true,false,true,review,true,false,P1_REWRITE_BOILERPLATE,"[""missing_decision_anchor"",""generic_best_for_pattern"",""missing_not_for""]",433,1272,480,1272
base-restaurant-at-hideaway-villas-bali-uluwatu,Base Restaurant at Hideaway Villas Bali Uluwatu,uluwatu-bukit,restaurant,Uluwatu,2026-07-28,true,true,false,false,false,false,true,false,true,true,true,true,review,true,false,P1_REWRITE_BOILERPLATE,"[""missing_decision_anchor"",""generic_why_pattern"",""generic_best_for_pattern"",""missing_not_for""]",433,1272,480,1272
botol-biru-bar-and-grill-at-anantara-uluwatu-bali-resort,Botol Biru Bar and Grill at Anantara Uluwatu Bali Resort,uluwatu-bukit,restaurant,Uluwatu,2026-07-28,true,true,false,false,false,false,false,false,true,true,true,true,review,true,false,P1_REWRITE_BOILERPLATE,"[""missing_decision_anchor"",""generic_why_pattern"",""generic_best_for_pattern"",""missing_not_for""]",433,1272,480,1272
chaskaa-modern-indian-cuisine-and-bar-at-jimbaran,Chaskaa Modern Indian Cuisine and Bar at Jimbaran,uluwatu-bukit,restaurant,Uluwatu; Jimbaran,2026-07-28,true,true,false,false,false,false,true,false,true,true,true,true,review,true,false,P1_REWRITE_BOILERPLATE,"[""missing_decision_anchor"",""generic_why_pattern"",""generic_best_for_pattern"",""missing_not_for""]",433,1272,480,1272
clay-craft-at-renaissance-bali-uluwatu-resort-and-spa,Clay Craft at Renaissance Bali Uluwatu Resort and Spa,uluwatu-bukit,restaurant,Uluwatu,2026-07-28,true,true,false,false,false,false,false,false,true,true,true,true,review,true,false,P1_REWRITE_BOILERPLATE,"[""missing_decision_anchor"",""generic_why_pattern"",""generic_best_for_pattern"",""missing_not_for""]",433,1272,480,1272
double-ikat,Double Ikat Restaurant at Renaissance Bali Uluwatu Resort & Spa,uluwatu-bukit,restaurant,Uluwatu,2026-07-28,true,true,false,false,false,false,true,false,true,true,true,true,review,true,false,P1_REWRITE_BOILERPLATE,"[""missing_decision_anchor"",""generic_why_pattern"",""generic_best_for_pattern"",""missing_not_for""]",433,1272,480,1272
filini-restaurant,Filini Restaurant at Radisson Blu Bali Uluwatu,uluwatu-bukit,restaurant,Uluwatu,2026-07-28,true,true,false,false,false,false,true,false,true,true,true,true,review,true,false,P1_REWRITE_BOILERPLATE,"[""missing_decision_anchor"",""generic_why_pattern"",""generic_best_for_pattern"",""missing_not_for""]",433,1272,480,1272
hedonist-space-restaurant-lounge-bar,HEDONIST SPACE restaurant | lounge | bar,uluwatu-bukit,restaurant,Uluwatu,2026-07-28,true,true,false,false,false,false,true,false,true,true,true,true,review,true,false,P1_REWRITE_BOILERPLATE,"[""missing_decision_anchor"",""generic_why_pattern"",""generic_best_for_pattern"",""missing_not_for""]",433,1272,480,1272
hidden-gem-uluwatu-at-hidden-hills-villas,Hidden Gem Uluwatu at Hidden Hills Villas,uluwatu-bukit,restaurant,Uluwatu,2026-07-28,true,true,false,false,false,false,false,false,true,true,true,true,review,true,false,P1_REWRITE_BOILERPLATE,"[""missing_decision_anchor"",""generic_why_pattern"",""generic_best_for_pattern"",""missing_not_for""]",433,1272,480,1272
mantra-at-jumeirah-bali,Mantra at Jumeirah Bali,uluwatu-bukit,restaurant,Uluwatu,2026-07-28,true,true,false,false,false,false,false,false,true,true,true,true,review,true,false,P1_REWRITE_BOILERPLATE,"[""missing_decision_anchor"",""generic_why_pattern"",""generic_best_for_pattern"",""missing_not_for""]",433,1272,480,1272
notte-bali,Notte Bali,uluwatu-bukit,restaurant,Uluwatu,2026-07-28,true,true,false,false,false,false,true,false,true,true,true,true,review,true,false,P1_REWRITE_BOILERPLATE,"[""missing_decision_anchor"",""generic_why_pattern"",""generic_best_for_pattern"",""missing_not_for""]",433,1272,480,1272
oliverra-restaurant-at-umana-bali-lxr-hotels-and-resorts,"Oliverra Restaurant at Umana Bali, LXR Hotels & Resorts",uluwatu-bukit,restaurant,Unknown,2026-07-28,true,true,false,false,false,false,true,false,true,true,true,true,review,true,false,P1_REWRITE_BOILERPLATE,"[""missing_decision_anchor"",""generic_why_pattern"",""generic_best_for_pattern"",""missing_not_for""]",433,1272,480,1272
roosterfish-beach-club,Roosterfish Beach Club,uluwatu-bukit,restaurant,Uluwatu,2026-07-28,true,true,false,false,false,false,true,false,true,true,true,true,published,true,false,P1_REWRITE_BOILERPLATE,"[""missing_decision_anchor"",""generic_why_pattern"",""generic_best_for_pattern"",""missing_not_for""]",433,1272,480,1272
samudra-ganesha-indian-restaurant-and-bar,Samudra Ganesha Indian Restaurant & Bar,uluwatu-bukit,restaurant,kuta-uluwatu,2026-07-30,true,true,false,false,false,false,false,false,false,false,true,true,published,true,false,P1_REWRITE_BOILERPLATE,"[""missing_decision_anchor"",""generic_why_pattern"",""generic_best_for_pattern"",""missing_not_for"",""weak_location_identity""]",433,1272,480,1272
segaran-dining-terrace-at-jumeirah-bali,Segaran Dining Terrace at Jumeirah Bali,uluwatu-bukit,restaurant,Uluwatu,2026-07-28,true,true,false,false,false,false,true,false,true,true,true,true,review,true,false,P1_REWRITE_BOILERPLATE,"[""missing_decision_anchor"",""generic_why_pattern"",""generic_best_for_pattern"",""missing_not_for""]",433,1272,480,1272
suka-uluwatu,SUKA ULUWATU,uluwatu-bukit,restaurant,Uluwatu,2026-08-07,true,true,false,false,true,false,true,false,true,true,true,true,review,true,false,P1_REWRITE_BOILERPLATE,"[""missing_decision_anchor"",""generic_why_pattern"",""generic_best_for_pattern"",""missing_not_for"",""raw_order_needs_menu_evidence_check""]",433,1272,480,1272
sunset-beach-bar-and-grill-uluwatu-bukit,Sunset Beach Bar & Grill,uluwatu-bukit,restaurant,Uluwatu; Jimbaran,2026-07-28,true,true,false,false,false,false,true,false,true,true,true,true,review,true,false,P1_REWRITE_BOILERPLATE,"[""missing_decision_anchor"",""generic_why_pattern"",""generic_best_for_pattern"",""missing_not_for""]",433,1272,480,1272
the-cave-by-chef-ryan-clift-at-the-edge,The cave by Chef Ryan Clift at The edge,uluwatu-bukit,restaurant,Uluwatu,2026-07-28,true,true,false,false,false,false,true,false,true,true,true,true,review,true,false,P1_REWRITE_BOILERPLATE,"[""missing_decision_anchor"",""generic_why_pattern"",""generic_best_for_pattern"",""missing_not_for""]",433,1272,480,1272
the-view-restaurant-bali,The View Restaurant Bali,uluwatu-bukit,restaurant,Kuta; Uluwatu; Jimbaran,2026-07-28,true,true,false,false,false,false,true,false,true,true,true,true,review,true,false,P1_REWRITE_BOILERPLATE,"[""missing_decision_anchor"",""generic_why_pattern"",""generic_best_for_pattern"",""missing_not_for""]",433,1272,480,1272
uma-beach-house,Uma Beach House,uluwatu-bukit,restaurant,Unknown,2026-07-28,true,true,false,false,false,false,true,false,true,true,true,true,review,true,false,P1_REWRITE_BOILERPLATE,"[""missing_decision_anchor"",""generic_why_pattern"",""generic_best_for_pattern"",""missing_not_for""]",433,1272,480,1272
wanaku-chinese-food-seafood-and-dimsum,"WANAKU Chinese Food, Seafood & Dimsum",uluwatu-bukit,restaurant,Uluwatu; Jimbaran,2026-07-28,true,true,false,false,false,false,true,false,true,true,true,true,review,true,false,P1_REWRITE_BOILERPLATE,"[""missing_decision_anchor"",""generic_why_pattern"",""generic_best_for_pattern"",""missing_not_for""]",433,1272,480,1272
watu-steakhouse-six-senses-uluwatu,Watu Steakhouse (Six Senses Uluwatu),uluwatu-bukit,restaurant,uluwatu,2026-07-30,true,true,false,false,false,false,false,false,false,false,true,true,published,true,false,P1_REWRITE_BOILERPLATE,"[""missing_decision_anchor"",""generic_why_pattern"",""generic_best_for_pattern"",""missing_not_for"",""weak_location_identity""]",433,1272,480,1272
whim-restaurant,Whim Restaurant at Prasana by Arjani Resorts,uluwatu-bukit,restaurant,Uluwatu,2026-07-28,true,true,false,false,false,false,true,false,true,true,true,true,review,true,false,P1_REWRITE_BOILERPLATE,"[""missing_decision_anchor"",""generic_why_pattern"",""generic_best_for_pattern"",""missing_not_for""]",433,1272,480,1272
desa-wisata-penglipuran,Desa Wisata Penglipuran,bangli,attraction,Bangli,2026-07-29,true,true,false,false,false,false,false,false,true,false,false,false,review,true,false,P1_ADD_VERIFIED_ANCHOR,"[""missing_decision_anchor"",""missing_not_for"",""weak_location_identity""]",359,1272,480,1272
pura-kehen,Pura Kehen,bangli,attraction,Bangli,2026-07-29,true,true,false,false,false,false,false,false,true,false,false,false,review,true,false,P1_ADD_VERIFIED_ANCHOR,"[""missing_decision_anchor"",""missing_not_for"",""weak_location_identity""]",359,1272,480,1272
desa-wisata-tembuku,Tourism Village Tembuku,bangli,attraction,Bangli,2026-07-29,true,true,false,false,false,false,false,false,true,false,false,false,review,true,false,P1_ADD_VERIFIED_ANCHOR,"[""missing_decision_anchor"",""missing_not_for"",""weak_location_identity""]",359,1272,480,1272
desa-wisata-undisan,Tourism Village Undisan,bangli,attraction,"Undisan village, Bangli",null,true,true,false,false,false,false,false,false,true,false,false,false,review,true,false,P1_ADD_VERIFIED_ANCHOR,"[""missing_decision_anchor"",""missing_not_for"",""missing_verification_date"",""weak_location_identity""]",359,1272,480,1272
tirta-padma-tribhuwana-padma,Tirta Padma (Tribhuwana Padma),bangli,restaurant,bali,2026-08-11,true,true,true,false,false,false,false,false,false,false,false,false,published,true,false,P1_ADD_VERIFIED_ANCHOR,"[""missing_decision_anchor"",""weak_location_identity""]",359,1272,480,1272
12-kitchen-and-wine,12 Kitchen and Wine,canggu,bar,Berawa / Pantai Berawa,2026-08-08,true,true,false,false,false,false,true,false,true,true,false,false,published,true,false,P1_ADD_VERIFIED_ANCHOR,"[""missing_decision_anchor"",""missing_not_for""]",359,1272,480,1272
crate-cafe,Crate Cafe,canggu,cafe,Batu Bolong,2026-08-08,true,true,true,false,false,false,true,false,true,true,false,false,published,true,false,P1_ADD_VERIFIED_ANCHOR,"[""missing_decision_anchor""]",359,1272,480,1272
home-cafe-mengwi,HOME Cafe MENGWI,canggu,cafe,null,2026-08-07,true,true,false,false,false,false,false,false,true,false,false,false,published,true,false,P1_ADD_VERIFIED_ANCHOR,"[""missing_decision_anchor"",""missing_not_for"",""weak_location_identity""]",359,1272,480,1272
hungry-bird-coffee,Hungry Bird Coffee Roaster,canggu,cafe,"Tibubeneng, Canggu",2026-08-08,true,true,true,false,false,false,false,false,true,true,false,false,published,true,false,P1_ADD_VERIFIED_ANCHOR,"[""missing_decision_anchor""]",359,1272,480,1272
loop-cafe,LOOP cafe,canggu,cafe,null,2026-08-07,true,true,true,false,false,false,true,false,true,false,false,false,published,true,false,P1_ADD_VERIFIED_ANCHOR,"[""missing_decision_anchor"",""weak_location_identity""]",359,1272,480,1272
watercress-berawa,Watercress Berawa,canggu,cafe,Berawa / Tibubeneng,2026-08-07,true,true,false,false,false,false,false,false,true,true,false,false,review,true,false,P1_ADD_VERIFIED_ANCHOR,"[""missing_decision_anchor"",""missing_not_for""]",359,1272,480,1272
workmates-coworking-space-and-cafe,Workmates Coworking Space & Cafe,canggu,cafe,null,2026-08-04,true,true,false,false,false,false,false,false,true,false,false,false,published,true,false,P1_ADD_VERIFIED_ANCHOR,"[""missing_decision_anchor"",""missing_not_for"",""weak_location_identity""]",359,1272,480,1272
canggu-club-tennis-centre,Canggu Club Tennis Centre,canggu,fitness,Berawa / FINNS area,2026-07-20,true,true,false,false,false,false,true,false,true,false,false,false,review,true,false,P1_ADD_VERIFIED_ANCHOR,"[""missing_decision_anchor"",""missing_not_for"",""weak_location_identity""]",359,1272,480,1272
fitness-plus-canggu,Fitness Plus Canggu,canggu,fitness,Canggu,2026-08-08,true,true,false,false,true,false,false,false,true,false,false,false,published,true,false,P1_ADD_VERIFIED_ANCHOR,"[""missing_decision_anchor"",""missing_not_for"",""weak_location_identity"",""raw_order_needs_menu_evidence_check""]",359,1272,480,1272
nirvana-strength-tibubeneng,Nirvana Strength Tibubeneng,canggu,fitness,Tibubeneng,2026-07-20,true,true,false,false,false,false,true,false,true,false,false,false,review,true,false,P1_ADD_VERIFIED_ANCHOR,"[""missing_decision_anchor"",""missing_not_for"",""weak_location_identity""]",359,1272,480,1272
paradise-padel-bali,Paradise Padel Bali,canggu,fitness,Berawa,2026-08-07,true,true,false,false,false,false,false,false,true,false,false,false,review,true,false,P1_ADD_VERIFIED_ANCHOR,"[""missing_decision_anchor"",""missing_not_for"",""weak_location_identity""]",359,1272,480,1272
s2s-crossfit,S2S Crossfit,canggu,fitness,Canggu / Berawa side,2026-08-07,true,true,false,false,false,false,true,false,true,false,false,false,review,true,false,P1_ADD_VERIFIED_ANCHOR,"[""missing_decision_anchor"",""missing_not_for"",""weak_location_identity""]",359,1272,480,1272
saya-club,Saya Club,canggu,fitness,Berawa,2026-08-04,true,true,false,false,false,false,true,false,true,false,false,false,review,true,false,P1_ADD_VERIFIED_ANCHOR,"[""missing_decision_anchor"",""missing_not_for"",""weak_location_identity""]",359,1272,480,1272
surya-fitness-gym,Surya Fitness Gym,canggu,fitness,Near Obsidian / Pererenan,2026-07-20,true,true,false,false,false,false,false,false,true,false,false,false,review,true,false,P1_ADD_VERIFIED_ANCHOR,"[""missing_decision_anchor"",""missing_not_for"",""weak_location_identity""]",359,1272,480,1272
top-gym,Top Gym,canggu,fitness,Batu Bolong,2026-07-20,true,true,false,false,false,false,true,false,true,false,false,false,review,true,false,P1_ADD_VERIFIED_ANCHOR,"[""missing_decision_anchor"",""missing_not_for"",""weak_location_identity""]",359,1272,480,1272
victory-fitness-club,Victory Fitness Club,canggu,fitness,Canggu / Pererenan side,2026-08-07,true,true,false,false,false,false,false,false,true,false,false,false,review,true,false,P1_ADD_VERIFIED_ANCHOR,"[""missing_decision_anchor"",""missing_not_for"",""weak_location_identity""]",359,1272,480,1272
7am-bakers-umalas,7AM Bakers Umalas,canggu,restaurant,Umalas,2026-08-08,true,true,true,false,false,false,false,false,true,true,false,false,published,true,false,P1_ADD_VERIFIED_ANCHOR,"[""missing_decision_anchor""]",359,1272,480,1272
amavi-canggu-bali,AMAVI Canggu Bali,canggu,restaurant,null,2026-08-07,true,true,false,false,false,false,false,false,true,false,false,false,published,true,false,P1_ADD_VERIFIED_ANCHOR,"[""missing_decision_anchor"",""missing_not_for"",""weak_location_identity""]",359,1272,480,1272
artisan-pererenan,Artisan – Pererenan,canggu,restaurant,null,2026-08-07,true,true,false,false,false,false,false,false,true,false,false,false,published,true,false,P1_ADD_VERIFIED_ANCHOR,"[""missing_decision_anchor"",""missing_not_for"",""weak_location_identity""]",359,1272,480,1272
at06,AT06,canggu,restaurant,null,2026-08-04,true,true,false,false,false,false,false,false,true,false,false,false,published,true,false,P1_ADD_VERIFIED_ANCHOR,"[""missing_decision_anchor"",""missing_not_for"",""weak_location_identity""]",359,1272,480,1272
aunty-ji-s,Aunty Ji's,canggu,restaurant,Canggu,2026-08-08,true,true,true,false,true,false,true,false,true,true,false,false,published,true,false,P1_ADD_VERIFIED_ANCHOR,"[""missing_decision_anchor"",""raw_order_needs_menu_evidence_check""]",359,1272,480,1272
baked-pererenan,BAKED Pererenan,canggu,restaurant,Pererenan,2026-08-08,true,true,false,false,false,false,false,false,true,true,false,false,published,true,false,P1_ADD_VERIFIED_ANCHOR,"[""missing_decision_anchor"",""missing_not_for""]",359,1272,480,1272
baked-berawa,BAKED. Berawa,canggu,restaurant,Berawa / Semat,2026-08-08,true,true,true,false,false,false,false,false,true,true,false,false,published,true,false,P1_ADD_VERIFIED_ANCHOR,"[""missing_decision_anchor""]",359,1272,480,1272
bali-buda-canggu,Bali Buda Canggu,canggu,restaurant,Berawa,2026-08-08,true,true,false,false,true,false,true,false,true,true,false,false,published,true,false,P1_ADD_VERIFIED_ANCHOR,"[""missing_decision_anchor"",""missing_not_for"",""raw_order_needs_menu_evidence_check""]",359,1272,480,1272
billy-ho-japanese-restaurant,Billy Ho Japanese Restaurant,canggu,restaurant,Canggu,2026-08-08,true,true,true,false,true,false,true,false,true,true,false,false,published,true,false,P1_ADD_VERIFIED_ANCHOR,"[""missing_decision_anchor"",""raw_order_needs_menu_evidence_check""]",359,1272,480,1272
boheme-canggu,Boheme Restaurant at Shore Amora Canggu,canggu,restaurant,Canggu; Pererenan,2026-08-08,true,true,true,false,false,false,true,false,true,true,false,false,published,true,false,P1_ADD_VERIFIED_ANCHOR,"[""missing_decision_anchor""]",359,1272,480,1272
bottega-italiana,Bottega Italiana,canggu,restaurant,Batu Bolong / Berawa,2026-08-08,true,true,true,false,false,false,true,false,true,true,false,false,published,true,false,P1_ADD_VERIFIED_ANCHOR,"[""missing_decision_anchor""]",359,1272,480,1272
cafe-del-mar-bali,Café del Mar Bali,canggu,restaurant,Batu Belig,2026-08-08,true,true,true,false,false,false,false,false,true,false,false,false,published,true,false,P1_ADD_VERIFIED_ANCHOR,"[""missing_decision_anchor"",""weak_location_identity""]",359,1272,480,1272
cantina-classe-canggu,Cantina Classe — Canggu,canggu,restaurant,null,2026-08-04,true,true,false,false,false,false,true,false,true,false,false,false,published,true,false,P1_ADD_VERIFIED_ANCHOR,"[""missing_decision_anchor"",""missing_not_for"",""weak_location_identity""]",359,1272,480,1272
dandelion,Casa Tua,canggu,restaurant,Batu Bolong,2026-08-08,true,true,true,false,true,false,false,false,true,true,false,false,published,true,false,P1_ADD_VERIFIED_ANCHOR,"[""missing_decision_anchor"",""raw_order_needs_menu_evidence_check""]",359,1272,480,1272
copenhagen-cafe-berawa,Copenhagen CAFE Berawa,canggu,restaurant,Berawa,2026-08-08,true,true,true,false,false,false,false,false,true,true,false,false,published,true,false,P1_ADD_VERIFIED_ANCHOR,"[""missing_decision_anchor""]",359,1272,480,1272
deus-ex-machina,Deus Ex Machina,canggu,restaurant,Batu Bolong / Berawa,2026-08-08,true,true,true,false,false,false,false,false,true,true,false,false,published,true,false,P1_ADD_VERIFIED_ANCHOR,"[""missing_decision_anchor""]",359,1272,480,1272
dodo-pizza,Dodo Pizza,canggu,restaurant,null,2026-08-07,true,true,true,false,true,false,true,false,true,false,false,false,published,true,false,P1_ADD_VERIFIED_ANCHOR,"[""missing_decision_anchor"",""weak_location_identity"",""raw_order_needs_menu_evidence_check""]",359,1272,480,1272
ele-restaurant-bar-and-terrace,"ELE Restaurant, Bar and Terrace",canggu,restaurant,Canggu,2026-08-08,true,true,true,false,false,false,true,false,true,true,false,false,published,true,false,P1_ADD_VERIFIED_ANCHOR,"[""missing_decision_anchor""]",359,1272,480,1272
focaccia-buddies,Focaccia Buddies,canggu,restaurant,null,2026-08-07,true,true,false,false,true,false,false,false,true,false,false,false,published,true,false,P1_ADD_VERIFIED_ANCHOR,"[""missing_decision_anchor"",""missing_not_for"",""weak_location_identity"",""raw_order_needs_menu_evidence_check""]",359,1272,480,1272
genius-bistro,Genius Bistro,canggu,restaurant,Canggu; Pererenan,2026-08-08,true,true,false,false,true,false,true,false,true,true,false,false,published,true,false,P1_ADD_VERIFIED_ANCHOR,"[""missing_decision_anchor"",""missing_not_for"",""raw_order_needs_menu_evidence_check""]",359,1272,480,1272
grillos-cafe-and-eatery,Grillos Cafe & Eatery,canggu,restaurant,Canggu,2026-08-08,true,true,true,false,false,false,true,false,false,true,false,false,published,true,false,P1_ADD_VERIFIED_ANCHOR,"[""missing_decision_anchor""]",359,1272,480,1272
hippie-fish-pererenan-beach,Hippie Fish Pererenan Beach,canggu,restaurant,Pererenan / Pererenan Beach,2026-08-08,true,true,true,false,false,false,false,false,true,true,false,false,published,true,false,P1_ADD_VERIFIED_ANCHOR,"[""missing_decision_anchor""]",359,1272,480,1272
indigo,Indigo,canggu,restaurant,Canggu; Berawa,2026-08-08,true,true,true,false,false,false,true,false,true,true,false,false,published,true,false,P1_ADD_VERIFIED_ANCHOR,"[""missing_decision_anchor""]",359,1272,480,1272
jade-by-todd-english,Jade by Todd English,canggu,restaurant,Canggu,2026-08-08,true,true,true,false,false,false,true,false,true,true,false,false,published,true,false,P1_ADD_VERIFIED_ANCHOR,"[""missing_decision_anchor""]",359,1272,480,1272
jalapeno,Jalapeno,canggu,restaurant,Canggu,2026-08-08,true,true,false,false,false,false,true,false,true,true,false,false,published,true,false,P1_ADD_VERIFIED_ANCHOR,"[""missing_decision_anchor"",""missing_not_for""]",359,1272,480,1272
ju-bali,Ju Bali,canggu,restaurant,null,2026-08-04,true,true,true,false,false,false,true,false,true,false,false,false,published,true,false,P1_ADD_VERIFIED_ANCHOR,"[""missing_decision_anchor"",""weak_location_identity""]",359,1272,480,1272
kecambah-restaurant-at-lalasa-villas,Kecambah Restaurant at Lalasa Villas,canggu,restaurant,Canggu,2026-08-08,true,true,true,false,false,false,false,false,true,true,false,false,published,true,false,P1_ADD_VERIFIED_ANCHOR,"[""missing_decision_anchor""]",359,1272,480,1272
kopiten,Kopiten,canggu,restaurant,null,2026-08-04,true,true,false,false,false,false,false,false,true,false,false,false,published,true,false,P1_ADD_VERIFIED_ANCHOR,"[""missing_decision_anchor"",""missing_not_for"",""weak_location_identity""]",359,1272,480,1272
lolas-cantina-canggu,Lola’s Cantina Mexicana — Canggu,canggu,restaurant,Canggu Shortcut / Tibubeneng,2026-08-07,true,true,false,false,true,false,true,false,true,true,false,false,review,true,false,P1_ADD_VERIFIED_ANCHOR,"[""missing_decision_anchor"",""missing_not_for"",""raw_order_needs_menu_evidence_check""]",359,1272,480,1272
lowcal-cheatery-and-bar,"LowCal, Cheatery and Bar",canggu,restaurant,canggu,2026-07-30,true,true,true,false,false,false,false,false,false,false,false,false,published,true,false,P1_ADD_VERIFIED_ANCHOR,"[""missing_decision_anchor"",""weak_location_identity""]",359,1272,480,1272
manhattan-cocktail-hookah-kitchen,Manhattan Cocktail Hookah Kitchen,canggu,restaurant,Canggu,2026-08-08,true,true,true,false,false,false,true,false,true,true,false,false,published,true,false,P1_ADD_VERIFIED_ANCHOR,"[""missing_decision_anchor""]",359,1272,480,1272
mason,Mason,canggu,restaurant,Batu Bolong,2026-08-08,true,true,true,false,false,false,false,false,true,true,false,false,published,true,false,P1_ADD_VERIFIED_ANCHOR,"[""missing_decision_anchor""]",359,1272,480,1272
mavammy,Mavammy,canggu,restaurant,null,2026-08-07,true,true,false,false,false,false,false,false,true,false,false,false,published,true,false,P1_ADD_VERIFIED_ANCHOR,"[""missing_decision_anchor"",""missing_not_for"",""weak_location_identity""]",359,1272,480,1272
milu-by-nook,Milu by Nook,canggu,restaurant,Berawa,2026-08-08,true,true,true,false,true,false,false,false,true,true,false,false,published,true,false,P1_ADD_VERIFIED_ANCHOR,"[""missing_decision_anchor"",""raw_order_needs_menu_evidence_check""]",359,1272,480,1272
moana-fish-eatery,Moana Fish Eatery,canggu,restaurant,Batu Bolong,2026-08-08,true,true,true,false,true,false,true,false,true,true,false,false,published,true,false,P1_ADD_VERIFIED_ANCHOR,"[""missing_decision_anchor"",""raw_order_needs_menu_evidence_check""]",359,1272,480,1272
nude-berawa,NÜDE Berawa,canggu,restaurant,Berawa,2026-08-08,true,true,true,false,false,false,true,false,true,true,false,false,published,true,false,P1_ADD_VERIFIED_ANCHOR,"[""missing_decision_anchor""]",359,1272,480,1272
paed-thai-canggu,Paed Thai — Canggu,canggu,restaurant,null,2026-08-04,true,true,false,false,false,false,true,false,true,false,false,false,published,true,false,P1_ADD_VERIFIED_ANCHOR,"[""missing_decision_anchor"",""missing_not_for"",""weak_location_identity""]",359,1272,480,1272
pizza-fabbrica,Pizza Fabbrica,canggu,restaurant,Batu Bolong / Berawa,2026-08-08,true,true,false,false,false,false,false,false,true,true,false,false,published,true,false,P1_ADD_VERIFIED_ANCHOR,"[""missing_decision_anchor"",""missing_not_for""]",359,1272,480,1272
porch,Porch,canggu,restaurant,null,2026-08-04,true,true,false,false,false,false,false,false,true,false,false,false,published,true,false,P1_ADD_VERIFIED_ANCHOR,"[""missing_decision_anchor"",""missing_not_for"",""weak_location_identity""]",359,1272,480,1272
sa-mesa-canggu-experience-dining,Sa'Mesa Canggu | Experience Dining,canggu,restaurant,null,null,true,true,false,false,false,false,false,false,true,true,false,false,review,true,false,P1_ADD_VERIFIED_ANCHOR,"[""missing_decision_anchor"",""missing_not_for"",""missing_verification_date""]",359,1272,480,1272
sama-sama-prime,Sama Sama Prime,canggu,restaurant,Canggu,2026-08-08,true,true,false,false,false,false,true,false,true,true,false,false,published,true,false,P1_ADD_VERIFIED_ANCHOR,"[""missing_decision_anchor"",""missing_not_for""]",359,1272,480,1272
seabird-bistro-and-coworking-canggu-by-wonderspace,Seabird Bistro & Coworking Canggu by Wonderspace,canggu,restaurant,null,2026-08-07,true,true,false,false,false,false,false,false,true,false,false,false,published,true,false,P1_ADD_VERIFIED_ANCHOR,"[""missing_decision_anchor"",""missing_not_for"",""weak_location_identity""]",359,1272,480,1272
shichirin-japanese-restaurant-canggu,Shichirin Japanese Restaurant — Canggu,canggu,restaurant,null,2026-08-04,true,true,false,false,false,false,true,false,true,false,false,false,published,true,false,P1_ADD_VERIFIED_ANCHOR,"[""missing_decision_anchor"",""missing_not_for"",""weak_location_identity""]",359,1272,480,1272
sia-grill-and-seafood-bar,SIA - Grill & Seafood Bar,canggu,restaurant,Canggu,2026-08-08,true,true,true,false,false,false,true,false,true,true,false,false,published,true,false,P1_ADD_VERIFIED_ANCHOR,"[""missing_decision_anchor""]",359,1272,480,1272
sista-dumpling,SISTA DUMPLING 喜食,canggu,restaurant,Berawa,2026-08-08,true,true,true,false,true,false,false,false,true,true,false,false,published,true,false,P1_ADD_VERIFIED_ANCHOR,"[""missing_decision_anchor"",""raw_order_needs_menu_evidence_check""]",359,1272,480,1272
smoke-grill-master-and-barbeque-bali,SMOKE – GRILL MASTER & BARBEQUE BALI,canggu,restaurant,Canggu,2026-08-08,true,true,true,false,true,false,true,false,true,true,false,false,published,true,false,P1_ADD_VERIFIED_ANCHOR,"[""missing_decision_anchor"",""raw_order_needs_menu_evidence_check""]",359,1272,480,1272
the-slow,The Slow,canggu,restaurant,Canggu,2026-08-08,true,true,true,false,false,false,false,false,true,true,false,false,published,true,false,P1_ADD_VERIFIED_ANCHOR,"[""missing_decision_anchor""]",359,1272,480,1272
warung-bu-mi,Warung Bu Mi,canggu,restaurant,Batu Bolong / Berawa,2026-08-11,true,true,true,false,true,false,false,false,true,true,false,false,published,true,false,P1_ADD_VERIFIED_ANCHOR,"[""missing_decision_anchor"",""raw_order_needs_menu_evidence_check""]",359,1272,480,1272
babi-guling-men-agus,Babi Guling Men Agus,canggu,warung,Canggu,2026-08-08,true,true,true,false,false,false,false,false,true,false,false,false,published,true,false,P1_ADD_VERIFIED_ANCHOR,"[""missing_decision_anchor"",""weak_location_identity""]",359,1272,480,1272
babi-guling-men-lari,Babi Guling Men Lari,canggu,warung,Padang Linjong,2026-08-08,true,true,false,false,false,false,false,false,true,false,false,false,published,true,false,P1_ADD_VERIFIED_ANCHOR,"[""missing_decision_anchor"",""missing_not_for"",""weak_location_identity""]",359,1272,480,1272
babi-guling-sari-kembar-99,Babi Guling Sari Kembar 99,canggu,warung,Canggu (Subak Sari),2026-08-08,true,true,false,false,false,false,false,false,true,false,false,false,published,true,false,P1_ADD_VERIFIED_ANCHOR,"[""missing_decision_anchor"",""missing_not_for"",""weak_location_identity""]",359,1272,480,1272
babi-guling-swari,Warung Babi Guling Swari,canggu,warung,Pererenan,2026-08-11,true,true,true,false,false,false,false,false,true,false,false,false,published,true,false,P1_ADD_VERIFIED_ANCHOR,"[""missing_decision_anchor"",""weak_location_identity""]",359,1272,480,1272
luna-and-sol-pilates-yoga,Luna & Sol Pilates - Yoga,canggu,yoga,Canggu / Berawa side,2026-08-07,true,true,false,false,false,false,false,false,true,false,false,false,review,true,false,P1_ADD_VERIFIED_ANCHOR,"[""missing_decision_anchor"",""missing_not_for"",""weak_location_identity""]",359,1272,480,1272
pranava-yoga,Pranava Yoga,canggu,yoga,Canggu / Berawa side,2026-08-07,true,true,false,false,false,false,false,false,true,false,false,false,review,true,false,P1_ADD_VERIFIED_ANCHOR,"[""missing_decision_anchor"",""missing_not_for"",""weak_location_identity""]",359,1272,480,1272
the-free-bird-studio,The Free Bird Studio,canggu,yoga,Canggu / Batu Bolong side,2026-07-20,true,true,false,false,false,false,false,false,true,false,false,false,review,true,false,P1_ADD_VERIFIED_ANCHOR,"[""missing_decision_anchor"",""missing_not_for"",""weak_location_identity""]",359,1272,480,1272
de-maison-bali-restaurant-and-bar,De Maison Bali Restaurant & Bar,denpasar,restaurant,null,2026-08-04,true,true,false,false,false,false,false,false,true,false,false,false,published,true,false,P1_ADD_VERIFIED_ANCHOR,"[""missing_decision_anchor"",""missing_not_for"",""weak_location_identity""]",359,1272,480,1272
bunut-bolong,Bunut Bolong,jembrana,attraction,"Manggis Sari village, Pekutatan, Jembrana",2026-07-28,true,true,false,false,false,false,false,false,true,false,false,false,review,true,false,P1_ADD_VERIFIED_ANCHOR,"[""missing_decision_anchor"",""missing_not_for"",""weak_location_identity""]",359,1272,480,1272
desa-wisata-medewi,Tourism Village Medewi,jembrana,attraction,West Bali,null,true,true,false,false,false,false,false,false,true,false,false,false,review,true,false,P1_ADD_VERIFIED_ANCHOR,"[""missing_decision_anchor"",""missing_not_for"",""missing_verification_date"",""weak_location_identity""]",359,1272,480,1272
pantai-jimbaran,Pantai Jimbaran,jimbaran,attraction,"Jimbaran, Badung",null,true,true,false,false,false,false,false,false,true,false,false,false,review,true,false,P1_ADD_VERIFIED_ANCHOR,"[""missing_decision_anchor"",""missing_not_for"",""missing_verification_date"",""weak_location_identity""]",359,1272,480,1272
mapogu-coffee-and-eatery-mapogu-restaurant,Mapogu Coffee & Eatery Mapogu Restaurant,jimbaran,cafe,null,2026-08-04,true,true,true,false,false,false,false,false,true,false,false,false,published,true,false,P1_ADD_VERIFIED_ANCHOR,"[""missing_decision_anchor"",""weak_location_identity""]",359,1272,480,1272
ayana-fitness-centre,AYANA Fitness Centre,jimbaran,fitness,AYANA estate / Jimbaran ridge,null,true,true,false,false,false,false,false,false,true,false,false,false,review,true,false,P1_ADD_VERIFIED_ANCHOR,"[""missing_decision_anchor"",""missing_not_for"",""missing_verification_date"",""weak_location_identity""]",359,1272,480,1272
four-seasons-jimbaran-fitness-centre,Four Seasons Jimbaran Fitness Centre,jimbaran,fitness,Muaya / Four Seasons ridge,null,true,true,false,false,false,false,false,false,true,false,false,false,review,true,false,P1_ADD_VERIFIED_ANCHOR,"[""missing_decision_anchor"",""missing_not_for"",""missing_verification_date"",""weak_location_identity""]",359,1272,480,1272
intercontinental-bali-resort-fitness-centre,InterContinental Bali Resort Fitness Centre,jimbaran,fitness,Jimbaran Bay / Muaya,null,true,true,false,false,false,false,false,false,true,false,false,false,review,true,false,P1_ADD_VERIFIED_ANCHOR,"[""missing_decision_anchor"",""missing_not_for"",""missing_verification_date"",""weak_location_identity""]",359,1272,480,1272
le-meridien-bali-jimbaran-fitness,Le Méridien Bali Jimbaran Fitness,jimbaran,fitness,Muaya / near beach,null,true,true,false,false,false,false,false,false,true,false,false,false,review,true,false,P1_ADD_VERIFIED_ANCHOR,"[""missing_decision_anchor"",""missing_not_for"",""missing_verification_date"",""weak_location_identity""]",359,1272,480,1272
movenpick-resort-and-spa-jimbaran-fitness,Mövenpick Resort & Spa Jimbaran Fitness,jimbaran,fitness,Samasta / upper Muaya,null,true,true,false,false,false,false,false,false,true,false,false,false,review,true,false,P1_ADD_VERIFIED_ANCHOR,"[""missing_decision_anchor"",""missing_not_for"",""missing_verification_date"",""weak_location_identity""]",359,1272,480,1272
camino-resto-and-bar,Camino Resto & Bar,jimbaran,restaurant,null,2026-08-04,true,true,false,false,false,false,false,false,true,false,false,false,published,true,false,P1_ADD_VERIFIED_ANCHOR,"[""missing_decision_anchor"",""missing_not_for"",""weak_location_identity""]",359,1272,480,1272
chaskaa-jimbaran,CHASKAA GWK — Jimbaran,jimbaran,restaurant,Jimbaran / GWK,2026-07-29,true,true,false,false,false,false,false,false,true,true,false,false,review,true,false,P1_ADD_VERIFIED_ANCHOR,"[""missing_decision_anchor"",""missing_not_for""]",359,1272,480,1272
jaansan-beach-house-restaurant-bar-and-lounge-at-kelan-beach,"Jaansan Beach House | Restaurant, Bar & Lounge at Kelan Beach",jimbaran,restaurant,Jimbaran,2026-07-28,true,true,false,false,false,false,true,false,true,true,false,false,review,true,false,P1_ADD_VERIFIED_ANCHOR,"[""missing_decision_anchor"",""missing_not_for""]",359,1272,480,1272
la-santa-rosa,La Santa Rosa,jimbaran,restaurant,Jimbaran,2026-07-28,true,true,false,false,false,false,false,false,true,true,false,false,review,true,false,P1_ADD_VERIFIED_ANCHOR,"[""missing_decision_anchor"",""missing_not_for""]",359,1272,480,1272
ayana-bali-yoga,AYANA Bali Yoga,jimbaran,yoga,AYANA estate / Jimbaran ridge,null,true,true,false,false,false,false,false,false,true,false,false,false,review,true,false,P1_ADD_VERIFIED_ANCHOR,"[""missing_decision_anchor"",""missing_not_for"",""missing_verification_date"",""weak_location_identity""]",359,1272,480,1272
four-seasons-jimbaran-yoga,Four Seasons Jimbaran Yoga,jimbaran,yoga,Muaya / Four Seasons ridge,null,true,true,false,false,false,false,false,false,true,false,false,false,review,true,false,P1_ADD_VERIFIED_ANCHOR,"[""missing_decision_anchor"",""missing_not_for"",""missing_verification_date"",""weak_location_identity""]",359,1272,480,1272
intercontinental-bali-resort-yoga,InterContinental Bali Resort Yoga,jimbaran,yoga,Jimbaran Bay / Muaya,null,true,true,false,false,false,false,false,false,true,false,false,false,review,true,false,P1_ADD_VERIFIED_ANCHOR,"[""missing_decision_anchor"",""missing_not_for"",""missing_verification_date"",""weak_location_identity""]",359,1272,480,1272
movenpick-jimbaran-yoga,Mövenpick Jimbaran Yoga,jimbaran,yoga,Samasta / upper Muaya,null,true,true,false,false,false,false,false,false,true,false,false,false,review,true,false,P1_ADD_VERIFIED_ANCHOR,"[""missing_decision_anchor"",""missing_not_for"",""missing_verification_date"",""weak_location_identity""]",359,1272,480,1272
desa-wisata-besakih,Tourism Village Besakih,karangasem,attraction,"Rendang, Karangasem",null,true,true,false,false,false,false,false,false,true,false,false,false,review,true,false,P1_ADD_VERIFIED_ANCHOR,"[""missing_decision_anchor"",""missing_not_for"",""missing_verification_date"",""weak_location_identity""]",359,1272,480,1272
desa-wisata-bugbug,Tourism Village Bugbug,karangasem,attraction,Karangasem,2026-07-29,true,true,false,false,false,false,false,false,true,false,false,false,review,true,false,P1_ADD_VERIFIED_ANCHOR,"[""missing_decision_anchor"",""missing_not_for"",""weak_location_identity""]",359,1272,480,1272
desa-wisata-tenganan,Tourism Village Tenganan,karangasem,attraction,Karangasem,2026-07-29,true,true,false,false,false,false,false,false,true,false,false,false,review,true,false,P1_ADD_VERIFIED_ANCHOR,"[""missing_decision_anchor"",""missing_not_for"",""weak_location_identity""]",359,1272,480,1272
pantai-kuta,Pantai Kuta,kuta-legian,attraction,"Kuta, Badung",2026-07-29,true,true,false,false,false,false,false,false,true,false,false,false,review,true,false,P1_ADD_VERIFIED_ANCHOR,"[""missing_decision_anchor"",""missing_not_for"",""weak_location_identity""]",359,1272,480,1272
engine-room-legian,Engine Room,kuta-legian,bar,Legian,2026-07-29,true,true,false,false,false,false,false,false,false,false,false,false,review,true,false,P1_ADD_VERIFIED_ANCHOR,"[""missing_decision_anchor"",""missing_not_for"",""weak_location_identity""]",359,1272,480,1272
azul-beach-club-legian,Azul Beach Club,kuta-legian,beach_club,Legian beachfront,2026-07-29,true,true,false,false,false,false,false,false,false,false,false,false,review,true,false,P1_ADD_VERIFIED_ANCHOR,"[""missing_decision_anchor"",""missing_not_for"",""weak_location_identity""]",359,1272,480,1272
skai-beach-club-legian,S.K.A.I Beach Club,kuta-legian,beach_club,"Padma Resort Legian, Legian",2026-07-29,true,true,false,false,false,false,false,false,true,false,false,false,review,true,false,P1_ADD_VERIFIED_ANCHOR,"[""missing_decision_anchor"",""missing_not_for"",""weak_location_identity""]",359,1272,480,1272
caseys-spa-beauty-salon-legian,Casey's Spa & Beauty Salon,kuta-legian,beauty,"Jl. Melasti, Legian",2026-07-29,true,true,false,false,false,false,false,false,false,false,false,false,review,true,false,P1_ADD_VERIFIED_ANCHOR,"[""missing_decision_anchor"",""missing_not_for"",""weak_location_identity""]",359,1272,480,1272
kupu-kupu-day-spa-legian,Kupu Kupu Day Spa,kuta-legian,beauty,"overlooking Kuta Beach, Legian",2026-07-29,true,true,false,false,false,false,false,false,false,false,false,false,review,true,false,P1_ADD_VERIFIED_ANCHOR,"[""missing_decision_anchor"",""missing_not_for"",""weak_location_identity""]",359,1272,480,1272
coffee-cartel-legian,Coffee Cartel,kuta-legian,cafe,Legian,2026-07-29,true,true,false,false,false,false,false,false,false,false,false,false,review,true,false,P1_ADD_VERIFIED_ANCHOR,"[""missing_decision_anchor"",""missing_not_for"",""weak_location_identity""]",359,1272,480,1272
crumb-and-coaster-kuta,Crumb & Coaster,kuta-legian,cafe,Kuta,2026-07-29,true,true,false,false,false,false,false,false,false,false,false,false,review,true,false,P1_ADD_VERIFIED_ANCHOR,"[""missing_decision_anchor"",""missing_not_for"",""weak_location_identity""]",359,1272,480,1272
anika-gym,Anika Gym,kuta-legian,fitness,null,2026-07-20,true,true,false,false,false,false,false,false,true,false,false,false,review,true,false,P1_ADD_VERIFIED_ANCHOR,"[""missing_decision_anchor"",""missing_not_for"",""weak_location_identity""]",359,1272,480,1272
celebrity-fitness,Celebrity Fitness,kuta-legian,fitness,null,2026-07-20,true,true,false,false,false,false,false,false,true,false,false,false,review,true,false,P1_ADD_VERIFIED_ANCHOR,"[""missing_decision_anchor"",""missing_not_for"",""weak_location_identity""]",359,1272,480,1272
hammerhead-fitness,Hammerhead Fitness,kuta-legian,fitness,null,2026-07-20,true,true,false,false,false,false,false,false,true,false,false,false,review,true,false,P1_ADD_VERIFIED_ANCHOR,"[""missing_decision_anchor"",""missing_not_for"",""weak_location_identity""]",359,1272,480,1272
kros-tennis-bali,Kros Tennis Bali,kuta-legian,fitness,null,2026-07-20,true,true,false,false,false,false,false,false,true,false,false,false,review,true,false,P1_ADD_VERIFIED_ANCHOR,"[""missing_decision_anchor"",""missing_not_for"",""weak_location_identity""]",359,1272,480,1272
motion-skatepark,Motion Skatepark,kuta-legian,fitness,null,2026-07-20,true,true,false,false,false,false,false,false,true,false,false,false,review,true,false,P1_ADD_VERIFIED_ANCHOR,"[""missing_decision_anchor"",""missing_not_for"",""weak_location_identity""]",359,1272,480,1272
rai-fitness-sunset-bali,Rai Fitness Sunset Bali,kuta-legian,fitness,Sunset Road,2026-07-20,true,true,false,false,false,false,false,false,true,false,false,false,review,true,false,P1_ADD_VERIFIED_ANCHOR,"[""missing_decision_anchor"",""missing_not_for"",""weak_location_identity""]",359,1272,480,1272
afterglow-bar-and-kitchen-at-tribe-bali-kuta-beach,Afterglow Bar and Kitchen at Tribe Bali Kuta Beach,kuta-legian,restaurant,Kuta,2026-08-11,true,true,true,false,false,false,true,false,true,true,false,false,review,true,false,P1_ADD_VERIFIED_ANCHOR,"[""missing_decision_anchor""]",359,1272,480,1272
aribar-tapas-cantina,Aribar Tapas Cantina,kuta-legian,restaurant,Kuta,2026-07-28,true,true,false,false,false,false,true,false,true,true,false,false,review,true,false,P1_ADD_VERIFIED_ANCHOR,"[""missing_decision_anchor"",""missing_not_for""]",359,1272,480,1272
big-fish-grill,Big Fish Grill,kuta-legian,restaurant,Kuta; Legian,2026-07-28,true,true,false,false,false,false,true,false,true,true,false,false,review,true,false,P1_ADD_VERIFIED_ANCHOR,"[""missing_decision_anchor"",""missing_not_for""]",359,1272,480,1272
boardwalk-restaurant-bali,Boardwalk Restaurant Bali,kuta-legian,restaurant,Kuta,2026-07-28,true,true,false,false,false,false,true,false,true,true,false,false,review,true,false,P1_ADD_VERIFIED_ANCHOR,"[""missing_decision_anchor"",""missing_not_for""]",359,1272,480,1272
chamas-brazilian-churrascaria-at-kuta,Chamas Brazilian Churrascaria at Kuta,kuta-legian,restaurant,Kuta,2026-08-11,true,true,true,false,false,false,true,false,true,true,false,false,review,true,false,P1_ADD_VERIFIED_ANCHOR,"[""missing_decision_anchor""]",359,1272,480,1272
daily-social,Daily Social,kuta-legian,restaurant,Kuta,2026-07-28,true,true,false,false,false,false,true,false,true,true,false,false,review,true,false,P1_ADD_VERIFIED_ANCHOR,"[""missing_decision_anchor"",""missing_not_for""]",359,1272,480,1272
envy-restaurant,ENVY Restaurant,kuta-legian,restaurant,Kuta,2026-07-28,true,true,false,false,false,false,true,false,true,true,false,false,review,true,false,P1_ADD_VERIFIED_ANCHOR,"[""missing_decision_anchor"",""missing_not_for""]",359,1272,480,1272
kabar-grill,KaBar Grill,kuta-legian,restaurant,Kuta,2026-07-28,true,true,false,false,false,false,true,false,true,true,false,false,review,true,false,P1_ADD_VERIFIED_ANCHOR,"[""missing_decision_anchor"",""missing_not_for""]",359,1272,480,1272
ocean-terrace-restaurant-at-legian-beach-hotel,Ocean Terrace Restaurant at Legian Beach Hotel,kuta-legian,restaurant,Kuta; Legian,2026-07-28,true,true,false,false,false,false,true,false,true,true,false,false,review,true,false,P1_ADD_VERIFIED_ANCHOR,"[""missing_decision_anchor"",""missing_not_for""]",359,1272,480,1272
rosso-vivo-dine-and-lounge,Rosso Vivo Dine & Lounge,kuta-legian,restaurant,Kuta,2026-07-28,true,true,false,false,false,false,true,false,true,true,false,false,review,true,false,P1_ADD_VERIFIED_ANCHOR,"[""missing_decision_anchor"",""missing_not_for""]",359,1272,480,1272
temple-by-ginger-moon,Temple by Ginger Moon,kuta-legian,restaurant,Kuta,2026-07-28,true,true,false,false,false,false,true,false,true,true,false,false,review,true,false,P1_ADD_VERIFIED_ANCHOR,"[""missing_decision_anchor"",""missing_not_for""]",359,1272,480,1272
the-bandha-hotel-and-suites,The Bandha Hotel & Suites,kuta-legian,restaurant,Legian,2026-07-28,true,true,false,false,false,false,false,false,true,true,false,false,review,true,false,P1_ADD_VERIFIED_ANCHOR,"[""missing_decision_anchor"",""missing_not_for""]",359,1272,480,1272
the-naked-tiger,THE NAKED TIGER,kuta-legian,restaurant,Kuta,2026-07-28,true,true,false,false,false,false,true,false,true,true,false,false,review,true,false,P1_ADD_VERIFIED_ANCHOR,"[""missing_decision_anchor"",""missing_not_for""]",359,1272,480,1272
warung-damar,Warung Damar,kuta-legian,restaurant,Kuta,2026-07-28,true,true,false,false,false,false,true,false,true,true,false,false,review,true,false,P1_ADD_VERIFIED_ANCHOR,"[""missing_decision_anchor"",""missing_not_for""]",359,1272,480,1272
bali-green-surf,Bali Green Surf,kuta-legian,surf,Kuta / Legian coast,2026-07-29,true,true,false,false,false,false,false,false,true,false,false,false,review,true,false,P1_ADD_VERIFIED_ANCHOR,"[""missing_decision_anchor"",""missing_not_for"",""weak_location_identity""]",359,1272,480,1272
drifter-kayu-aya,Drifter Kayu Aya,kuta-legian,surf,Kayu Aya,2026-07-20,true,true,false,false,false,false,false,false,true,false,false,false,review,true,false,P1_ADD_VERIFIED_ANCHOR,"[""missing_decision_anchor"",""missing_not_for"",""weak_location_identity""]",359,1272,480,1272
rip-curl-surf-school-kuta-legian,Rip Curl Surf School,kuta-legian,surf,Kuta / Legian coast,2026-07-29,true,true,false,false,false,false,false,false,false,false,false,false,review,true,false,P1_ADD_VERIFIED_ANCHOR,"[""missing_decision_anchor"",""missing_not_for"",""weak_location_identity""]",359,1272,480,1272
mades-warung-kuta,Made's Warung,kuta-legian,warung,"Jl. Pantai Kuta, Kuta",2026-07-29,true,true,false,false,false,false,false,false,false,false,false,false,review,true,false,P1_ADD_VERIFIED_ANCHOR,"[""missing_decision_anchor"",""missing_not_for"",""weak_location_identity""]",359,1272,480,1272
warung-kampung-legian,Warung Kampung,kuta-legian,warung,Legian,2026-07-29,true,true,false,false,false,false,false,false,false,false,false,false,review,true,false,P1_ADD_VERIFIED_ANCHOR,"[""missing_decision_anchor"",""missing_not_for"",""weak_location_identity""]",359,1272,480,1272
pole-studio-bali,Pole Studio Bali,kuta-legian,yoga,null,2026-07-20,true,true,false,false,false,false,false,false,true,false,false,false,review,true,false,P1_ADD_VERIFIED_ANCHOR,"[""missing_decision_anchor"",""missing_not_for"",""weak_location_identity""]",359,1272,480,1272
sunset-pilates-legian,Sunset Pilates Legian,kuta-legian,yoga,Legian / Kuta,null,true,true,false,false,false,false,false,false,true,false,false,false,review,true,false,P1_ADD_VERIFIED_ANCHOR,"[""missing_decision_anchor"",""missing_not_for"",""missing_verification_date"",""weak_location_identity""]",359,1272,480,1272
yoga-108-bali-kuta-legian,Yoga 108 Bali,kuta-legian,yoga,Sunset Road,2026-07-29,true,true,false,false,false,false,false,false,true,false,false,false,review,true,false,P1_ADD_VERIFIED_ANCHOR,"[""missing_decision_anchor"",""missing_not_for"",""weak_location_identity""]",359,1272,480,1272
air-terjun-gitgit,Air Terjun Gitgit,lovina,attraction,"Gitgit, Buleleng",2026-07-29,true,true,false,false,false,false,false,false,true,false,false,false,review,true,false,P1_ADD_VERIFIED_ANCHOR,"[""missing_decision_anchor"",""missing_not_for"",""weak_location_identity""]",359,1272,480,1272
pantai-lovina,Pantai Lovina,lovina,attraction,"Lovina, Buleleng",2026-07-29,true,true,false,false,false,false,false,false,true,false,false,false,review,true,false,P1_ADD_VERIFIED_ANCHOR,"[""missing_decision_anchor"",""missing_not_for"",""weak_location_identity""]",359,1272,480,1272
desa-wisata-gitgit,Tourism Village Gitgit,lovina,attraction,"Gitgit, Buleleng",null,true,true,false,false,false,false,false,false,true,false,false,false,review,true,false,P1_ADD_VERIFIED_ANCHOR,"[""missing_decision_anchor"",""missing_not_for"",""missing_verification_date"",""weak_location_identity""]",359,1272,480,1272
secret-garden-restaurant,Secret Garden Restaurant,lovina,restaurant,null,2026-08-04,true,true,true,false,false,false,false,false,true,false,false,false,published,true,false,P1_ADD_VERIFIED_ANCHOR,"[""missing_decision_anchor"",""weak_location_identity""]",359,1272,480,1272
the-northview-bali-ngiring-ngewedang-restaurant-and-coffee-c,The Northview Bali – Ngiring Ngewedang Restaurant & Coffee Corner,munduk,cafe,null,2026-08-04,true,true,true,false,false,false,false,false,true,false,false,false,published,true,false,P1_ADD_VERIFIED_ANCHOR,"[""missing_decision_anchor"",""weak_location_identity""]",359,1272,480,1272
the-little-hill-terrace,The Little Hill Terrace,munduk,restaurant,null,2026-08-04,true,true,false,false,false,false,false,false,true,false,false,false,published,true,false,P1_ADD_VERIFIED_ANCHOR,"[""missing_decision_anchor"",""missing_not_for"",""weak_location_identity""]",359,1272,480,1272
dua-kafe-nusa-dua,DUA Kafe,nusa-dua,cafe,Nusa Dua,2026-07-29,true,true,false,false,false,false,false,false,false,false,false,false,review,true,false,P1_ADD_VERIFIED_ANCHOR,"[""missing_decision_anchor"",""missing_not_for"",""weak_location_identity""]",359,1272,480,1272
gourmet-and-cafe-nusa-dua,Gourmet and Cafe Nusa Dua,nusa-dua,cafe,Nusa Dua,null,true,true,false,false,false,false,false,false,false,false,false,false,review,true,false,P1_ADD_VERIFIED_ANCHOR,"[""missing_decision_anchor"",""missing_not_for"",""missing_verification_date"",""weak_location_identity""]",359,1272,480,1272
signa-cafe,Signa Cafe,nusa-dua,cafe,null,2026-08-04,true,true,false,false,false,false,false,false,true,false,false,false,published,true,false,P1_ADD_VERIFIED_ANCHOR,"[""missing_decision_anchor"",""missing_not_for"",""weak_location_identity""]",359,1272,480,1272
club-med-bali-fitness,Club Med Bali Fitness,nusa-dua,fitness,ITDC / beachfront,null,true,true,false,false,false,false,false,false,true,false,false,false,review,true,false,P1_ADD_VERIFIED_ANCHOR,"[""missing_decision_anchor"",""missing_not_for"",""missing_verification_date"",""weak_location_identity""]",359,1272,480,1272
conrad-bali-fitness-centre,Conrad Bali Fitness Centre,nusa-dua,fitness,Tanjung Benoa,null,true,true,false,false,false,false,false,false,true,false,false,false,review,true,false,P1_ADD_VERIFIED_ANCHOR,"[""missing_decision_anchor"",""missing_not_for"",""missing_verification_date"",""weak_location_identity""]",359,1272,480,1272
courtyard-by-marriott-nusa-dua-gym,Courtyard by Marriott Nusa Dua Gym,nusa-dua,fitness,ITDC / inland,null,true,true,false,false,false,false,false,false,true,false,false,false,review,true,false,P1_ADD_VERIFIED_ANCHOR,"[""missing_decision_anchor"",""missing_not_for"",""missing_verification_date"",""weak_location_identity""]",359,1272,480,1272
grand-hyatt-bali-fitness-centre,Grand Hyatt Bali Fitness Centre,nusa-dua,fitness,ITDC / beachfront,null,true,true,false,false,false,false,false,false,true,false,false,false,review,true,false,P1_ADD_VERIFIED_ANCHOR,"[""missing_decision_anchor"",""missing_not_for"",""missing_verification_date"",""weak_location_identity""]",359,1272,480,1272
st-regis-bali-athletic-club,St. Regis Bali Athletic Club,nusa-dua,fitness,Geger / Nusa Dua,null,true,true,false,false,false,false,false,false,true,false,false,false,review,true,false,P1_ADD_VERIFIED_ANCHOR,"[""missing_decision_anchor"",""missing_not_for"",""missing_verification_date"",""weak_location_identity""]",359,1272,480,1272
westin-nusa-dua-fitness-studio,Westin Nusa Dua Fitness Studio,nusa-dua,fitness,ITDC / beachfront,null,true,true,false,false,false,false,false,false,true,false,false,false,review,true,false,P1_ADD_VERIFIED_ANCHOR,"[""missing_decision_anchor"",""missing_not_for"",""missing_verification_date"",""weak_location_identity""]",359,1272,480,1272
brook-nusa-dua,BROOK Nusa Dua,nusa-dua,restaurant,null,2026-08-04,true,true,true,false,false,false,false,false,true,false,false,false,published,true,false,P1_ADD_VERIFIED_ANCHOR,"[""missing_decision_anchor"",""weak_location_identity""]",359,1272,480,1272
burma-noodles-and-curry,Burma Noodles & Curry,nusa-dua,restaurant,Nusa Dua,2026-07-28,true,true,false,false,false,false,true,false,true,true,false,false,review,true,false,P1_ADD_VERIFIED_ANCHOR,"[""missing_decision_anchor"",""missing_not_for""]",359,1272,480,1272
cliff-at-canna,Cliff at CANNA,nusa-dua,restaurant,Nusa Dua,2026-07-28,true,true,false,false,false,false,true,false,true,true,false,false,review,true,false,P1_ADD_VERIFIED_ANCHOR,"[""missing_decision_anchor"",""missing_not_for""]",359,1272,480,1272
momo-bar-at-the-courtyard-by-marriott-bali-nusa-dua,MoMo Bar at The Courtyard by Marriott Bali Nusa Dua,nusa-dua,restaurant,Nusa Dua,2026-07-28,true,true,false,false,false,false,true,false,true,true,false,false,review,true,false,P1_ADD_VERIFIED_ANCHOR,"[""missing_decision_anchor"",""missing_not_for""]",359,1272,480,1272
piasan-nusa-dua-restaurant-piasan-restaurant,Piasan Nusa Dua Restaurant Piasan Restaurant,nusa-dua,restaurant,null,2026-08-04,true,true,false,false,false,false,false,false,true,false,false,false,published,true,false,P1_ADD_VERIFIED_ANCHOR,"[""missing_decision_anchor"",""missing_not_for"",""weak_location_identity""]",359,1272,480,1272
sapa-seafood-and-grill-nusa-dua,Sapa Seafood & Grill - Nusa Dua,nusa-dua,restaurant,Nusa Dua,2026-07-28,true,true,false,false,false,false,true,false,true,true,false,false,review,true,false,P1_ADD_VERIFIED_ANCHOR,"[""missing_decision_anchor"",""missing_not_for""]",359,1272,480,1272
tenji-sushi,Tenji Sushi,nusa-dua,restaurant,Nusa Dua,2026-07-28,true,true,false,false,false,false,true,false,true,true,false,false,review,true,false,P1_ADD_VERIFIED_ANCHOR,"[""missing_decision_anchor"",""missing_not_for""]",359,1272,480,1272
urban-seaside-restaurant-and-bar,Urban Seaside restaurant & bar,nusa-dua,restaurant,Nusa Dua,2026-08-11,true,true,true,false,false,false,true,false,true,true,false,false,review,true,false,P1_ADD_VERIFIED_ANCHOR,"[""missing_decision_anchor""]",359,1272,480,1272
conrad-bali-yoga,Conrad Bali Yoga,nusa-dua,yoga,Tanjung Benoa,null,true,true,false,false,false,false,false,false,true,false,false,false,review,true,false,P1_ADD_VERIFIED_ANCHOR,"[""missing_decision_anchor"",""missing_not_for"",""missing_verification_date"",""weak_location_identity""]",359,1272,480,1272
grand-hyatt-bali-yoga,Grand Hyatt Bali Yoga,nusa-dua,yoga,ITDC / beachfront,null,true,true,false,false,false,false,false,false,true,false,false,false,review,true,false,P1_ADD_VERIFIED_ANCHOR,"[""missing_decision_anchor"",""missing_not_for"",""missing_verification_date"",""weak_location_identity""]",359,1272,480,1272
nusa-dua-beach-hotel-yoga,Nusa Dua Beach Hotel Yoga,nusa-dua,yoga,ITDC / beachfront,null,true,true,false,false,false,false,false,false,true,false,false,false,review,true,false,P1_ADD_VERIFIED_ANCHOR,"[""missing_decision_anchor"",""missing_not_for"",""missing_verification_date"",""weak_location_identity""]",359,1272,480,1272
sofitel-bali-yoga,Sofitel Bali Yoga,nusa-dua,yoga,ITDC / beachfront,null,true,true,false,false,false,false,false,false,true,false,false,false,review,true,false,P1_ADD_VERIFIED_ANCHOR,"[""missing_decision_anchor"",""missing_not_for"",""missing_verification_date"",""weak_location_identity""]",359,1272,480,1272
st-regis-bali-yoga,St. Regis Bali Yoga,nusa-dua,yoga,Geger / Nusa Dua,null,true,true,false,false,false,false,false,false,true,false,false,false,review,true,false,P1_ADD_VERIFIED_ANCHOR,"[""missing_decision_anchor"",""missing_not_for"",""missing_verification_date"",""weak_location_identity""]",359,1272,480,1272
the-bale-nusa-dua-yoga,The Bale Nusa Dua Yoga,nusa-dua,yoga,Geger / Nusa Dua,null,true,true,false,false,false,false,false,false,true,false,false,false,review,true,false,P1_ADD_VERIFIED_ANCHOR,"[""missing_decision_anchor"",""missing_not_for"",""missing_verification_date"",""weak_location_identity""]",359,1272,480,1272
westin-nusa-dua-yoga,Westin Nusa Dua Yoga,nusa-dua,yoga,ITDC / beachfront,null,true,true,false,false,false,false,false,false,true,false,false,false,review,true,false,P1_ADD_VERIFIED_ANCHOR,"[""missing_decision_anchor"",""missing_not_for"",""missing_verification_date"",""weak_location_identity""]",359,1272,480,1272
amok-sunset-restaurant-and-bar,Amok Sunset Restaurant & Bar,nusa-islands,restaurant,Nusa Penida,2026-07-28,true,true,false,false,false,false,true,false,true,true,false,false,review,true,false,P1_ADD_VERIFIED_ANCHOR,"[""missing_decision_anchor"",""missing_not_for""]",359,1272,480,1272
casa-bambu-cantina,Casa Bambù Cantina,nusa-islands,restaurant,Unknown,2026-07-28,true,true,false,false,false,false,true,false,true,true,false,false,review,true,false,P1_ADD_VERIFIED_ANCHOR,"[""missing_decision_anchor"",""missing_not_for""]",359,1272,480,1272
desa-wisata-sanur-kauh,Tourism Village Sanur Kauh,sanur,attraction,"Sanur Kauh, Denpasar",2026-07-29,true,true,false,false,false,false,false,false,true,false,false,false,review,true,false,P1_ADD_VERIFIED_ANCHOR,"[""missing_decision_anchor"",""missing_not_for"",""weak_location_identity""]",359,1272,480,1272
linga-longa-bar,Linga Longa Bar,sanur,bar,Jalan Cemara,2026-07-29,true,true,true,false,true,false,false,false,true,true,false,false,review,true,false,P1_ADD_VERIFIED_ANCHOR,"[""missing_decision_anchor"",""raw_order_needs_menu_evidence_check""]",359,1272,480,1272
genius-cafe,Genius Cafe,sanur,cafe,"Mertasari Beach, South Sanur",2026-07-28,true,true,true,false,true,false,false,false,true,true,false,false,review,true,false,P1_ADD_VERIFIED_ANCHOR,"[""missing_decision_anchor"",""raw_order_needs_menu_evidence_check""]",359,1272,480,1272
mona-lisa-cafe,Mona Lisa Cafe,sanur,cafe,Jl. Danau Tamblingan,2026-07-29,true,true,true,false,true,false,false,false,false,true,false,false,review,true,false,P1_ADD_VERIFIED_ANCHOR,"[""missing_decision_anchor"",""raw_order_needs_menu_evidence_check""]",359,1272,480,1272
sala-bistro,Sala Bistro,sanur,cafe,Jl. Danau Tamblingan,2026-07-28,true,true,true,false,true,false,false,false,true,true,false,false,review,true,false,P1_ADD_VERIFIED_ANCHOR,"[""missing_decision_anchor"",""raw_order_needs_menu_evidence_check""]",359,1272,480,1272
white-orchid-sanur,White Orchid (Sanur),sanur,cafe,Jl. Danau Tamblingan,null,true,true,true,false,true,false,false,false,true,true,false,false,review,true,false,P1_ADD_VERIFIED_ANCHOR,"[""missing_decision_anchor"",""missing_verification_date"",""raw_order_needs_menu_evidence_check""]",359,1272,480,1272
andaz-bali-fitness-centre,Andaz Bali Fitness Centre,sanur,fitness,Central Sanur / Danau Tamblingan,null,true,true,false,false,false,false,false,false,true,false,false,false,review,true,false,P1_ADD_VERIFIED_ANCHOR,"[""missing_decision_anchor"",""missing_not_for"",""missing_verification_date"",""weak_location_identity""]",359,1272,480,1272
bali-beach-hotel-fitness-centre,Bali Beach Hotel Fitness Centre,sanur,fitness,North Sanur / Hang Tuah,null,true,true,false,false,false,false,false,false,true,false,false,false,review,true,false,P1_ADD_VERIFIED_ANCHOR,"[""missing_decision_anchor"",""missing_not_for"",""missing_verification_date"",""weak_location_identity""]",359,1272,480,1272
fitness-plus,Fitness plus,sanur,fitness,null,2026-07-20,true,true,false,false,false,false,false,false,true,false,false,false,review,true,false,P1_ADD_VERIFIED_ANCHOR,"[""missing_decision_anchor"",""missing_not_for"",""weak_location_identity""]",359,1272,480,1272
hawa-gym-tukad-yeh-aya,Hawa Gym Tukad Yeh Aya,sanur,fitness,null,2026-07-20,true,true,false,false,false,false,false,false,true,false,false,false,review,true,false,P1_ADD_VERIFIED_ANCHOR,"[""missing_decision_anchor"",""missing_not_for"",""weak_location_identity""]",359,1272,480,1272
holiday-inn-bali-sanur-gym,Holiday Inn Bali Sanur Gym,sanur,fitness,South Sanur,null,true,true,false,false,false,false,false,false,true,false,false,false,review,true,false,P1_ADD_VERIFIED_ANCHOR,"[""missing_decision_anchor"",""missing_not_for"",""missing_verification_date"",""weak_location_identity""]",359,1272,480,1272
intercontinental-bali-sanur-resort-fitness-centre,InterContinental Bali Sanur Resort Fitness Centre,sanur,fitness,South Sanur / Kusuma Sari,null,true,true,false,false,false,false,false,false,true,false,false,false,review,true,false,P1_ADD_VERIFIED_ANCHOR,"[""missing_decision_anchor"",""missing_not_for"",""missing_verification_date"",""weak_location_identity""]",359,1272,480,1272
maya-sanur-fitness-centre,Maya Sanur Fitness Centre,sanur,fitness,Central-south Sanur,null,true,true,false,false,false,false,false,false,true,false,false,false,review,true,false,P1_ADD_VERIFIED_ANCHOR,"[""missing_decision_anchor"",""missing_not_for"",""missing_verification_date"",""weak_location_identity""]",359,1272,480,1272
prime-plaza-hotel-sanur-fitness-centre,Prime Plaza Hotel Sanur Fitness Centre,sanur,fitness,Sanur edge / harbor side,null,true,true,false,false,false,false,false,false,true,false,false,false,review,true,false,P1_ADD_VERIFIED_ANCHOR,"[""missing_decision_anchor"",""missing_not_for"",""missing_verification_date"",""weak_location_identity""]",359,1272,480,1272
shankha-spa-and-fitness-at-hyatt-regency-bali,Shankha Spa & Fitness at Hyatt Regency Bali,sanur,fitness,Central Sanur / Danau Tamblingan,null,true,true,false,false,false,false,false,false,true,false,false,false,review,true,false,P1_ADD_VERIFIED_ANCHOR,"[""missing_decision_anchor"",""missing_not_for"",""missing_verification_date"",""weak_location_identity""]",359,1272,480,1272
arunika-restaurant-by-the-meru-sanur,Arunika Restaurant by The Meru Sanur,sanur,restaurant,Sanur,2026-07-28,true,true,false,false,false,false,true,false,true,true,false,false,review,true,false,P1_ADD_VERIFIED_ANCHOR,"[""missing_decision_anchor"",""missing_not_for""]",359,1272,480,1272
bella-italia-sanur,Bella Italia Sanur,sanur,restaurant,"Jalan Cemara, Sanur Kauh",2026-07-29,true,true,true,false,true,false,false,false,true,true,false,false,review,true,false,P1_ADD_VERIFIED_ANCHOR,"[""missing_decision_anchor"",""raw_order_needs_menu_evidence_check""]",359,1272,480,1272
costa-beach-restaurant,COSTA - Beach Restaurant Sanur,sanur,restaurant,Sanur,2026-07-28,true,true,false,false,false,false,true,false,true,true,false,false,review,true,false,P1_ADD_VERIFIED_ANCHOR,"[""missing_decision_anchor"",""missing_not_for""]",359,1272,480,1272
fisherman-s-club,Fisherman's Club,sanur,restaurant,Sanur,2026-07-29,true,true,false,false,false,false,false,false,true,true,false,false,review,true,false,P1_ADD_VERIFIED_ANCHOR,"[""missing_decision_anchor"",""missing_not_for""]",359,1272,480,1272
gong-restaurant,Gong Restaurant,sanur,restaurant,"Kayumanis Sanur, Jl. Tirta Akasa",2026-07-29,true,true,true,false,true,false,false,false,true,true,false,false,review,true,false,P1_ADD_VERIFIED_ANCHOR,"[""missing_decision_anchor"",""raw_order_needs_menu_evidence_check""]",359,1272,480,1272
kayumanis-seaside-restaurant-sanur,Kayumanis Seaside Restaurant Sanur,sanur,restaurant,Sanur,2026-07-28,true,true,false,false,false,false,true,false,true,true,false,false,review,true,false,P1_ADD_VERIFIED_ANCHOR,"[""missing_decision_anchor"",""missing_not_for""]",359,1272,480,1272
kimukatsu-icon-bali,Kimukatsu Icon Bali,sanur,restaurant,Sanur,2026-07-28,true,true,false,false,false,false,true,false,true,true,false,false,review,true,false,P1_ADD_VERIFIED_ANCHOR,"[""missing_decision_anchor"",""missing_not_for""]",359,1272,480,1272
kuu-izakaya-dining,Kuu Izakaya Bali at Maya Sanur,sanur,restaurant,Sanur,2026-07-28,true,true,true,false,true,false,true,false,true,true,false,false,review,true,false,P1_ADD_VERIFIED_ANCHOR,"[""missing_decision_anchor"",""raw_order_needs_menu_evidence_check""]",359,1272,480,1272
lava-gastrobar-grill,Lava Gastrobar & Grill,sanur,restaurant,Sanur,2026-07-28,true,true,false,false,false,false,true,false,true,true,false,false,published,true,false,P1_ADD_VERIFIED_ANCHOR,"[""missing_decision_anchor"",""missing_not_for""]",359,1272,480,1272
lilla-pantai,Lilla Pantai,sanur,restaurant,Sanur beachwalk near Jalan Duyung,2026-07-28,true,true,true,false,true,false,false,false,true,true,false,false,review,true,false,P1_ADD_VERIFIED_ANCHOR,"[""missing_decision_anchor"",""raw_order_needs_menu_evidence_check""]",359,1272,480,1272
luca-bali-sanur,Luca Bali,sanur,restaurant,Sanur,2026-07-28,true,true,false,false,false,false,true,false,true,true,false,false,review,true,false,P1_ADD_VERIFIED_ANCHOR,"[""missing_decision_anchor"",""missing_not_for""]",359,1272,480,1272
massimo-italian-restaurant,Massimo — Italian Restaurant,sanur,restaurant,Jalan Danau Tamblingan,2026-07-28,true,true,true,false,true,false,false,false,true,true,false,false,review,true,false,P1_ADD_VERIFIED_ANCHOR,"[""missing_decision_anchor"",""raw_order_needs_menu_evidence_check""]",359,1272,480,1272
mozza-sanur,Mozza Sanur,sanur,restaurant,Sanur,2026-07-28,true,true,false,false,false,false,true,false,true,true,false,false,review,true,false,P1_ADD_VERIFIED_ANCHOR,"[""missing_decision_anchor"",""missing_not_for""]",359,1272,480,1272
segara-the-seaside,Segara the Seaside,sanur,restaurant,Jl. Segara Ayu beachfront,2026-07-28,true,true,true,false,true,false,false,false,true,true,false,false,review,true,false,P1_ADD_VERIFIED_ANCHOR,"[""missing_decision_anchor"",""raw_order_needs_menu_evidence_check""]",359,1272,480,1272
soul-on-the-beach,Soul on the Beach,sanur,restaurant,Jl. Pantai Sindhu (Sindhu Beach),2026-07-29,true,true,true,false,true,false,false,false,true,true,false,false,review,true,false,P1_ADD_VERIFIED_ANCHOR,"[""missing_decision_anchor"",""raw_order_needs_menu_evidence_check""]",359,1272,480,1272
sumitra-luxury-villas-and-resort-by-pramana,Sumitra Luxury Villas & Resort by Pramana,sanur,restaurant,Sanur,2026-07-28,true,true,false,false,false,false,false,false,true,true,false,false,review,true,false,P1_ADD_VERIFIED_ANCHOR,"[""missing_decision_anchor"",""missing_not_for""]",359,1272,480,1272
terrace-sanur-the-1o1-bali-oasis-sanur,Terrace Sanur (The 1O1 Bali Oasis Sanur),sanur,restaurant,sanur,2026-07-30,true,true,true,false,false,false,false,false,false,false,false,false,published,true,false,P1_ADD_VERIFIED_ANCHOR,"[""missing_decision_anchor"",""weak_location_identity""]",359,1272,480,1272
the-1o1-bali-oasis-sanur,THE 1O1 Bali Oasis Sanur,sanur,restaurant,Sanur,2026-07-27,true,true,false,false,false,false,false,false,true,true,false,false,review,true,false,P1_ADD_VERIFIED_ANCHOR,"[""missing_decision_anchor"",""missing_not_for""]",359,1272,480,1272
the-village-cucina-italiana,The Village Cucina Italiana,sanur,restaurant,Sanur,2026-07-28,true,true,false,false,false,false,true,false,true,true,false,false,review,true,false,P1_ADD_VERIFIED_ANCHOR,"[""missing_decision_anchor"",""missing_not_for""]",359,1272,480,1272
tree-bar-at-maya-sanur-resort-and-spa,Tree Bar at Maya Sanur Resort & Spa,sanur,restaurant,Sanur,2026-07-28,true,true,false,false,false,false,false,false,true,true,false,false,review,true,false,P1_ADD_VERIFIED_ANCHOR,"[""missing_decision_anchor"",""missing_not_for""]",359,1272,480,1272
tsune-japanese-restaurant-bali-by-wonderspace,Tsune Japanese Restaurant Bali by Wonderspace,sanur,restaurant,Sanur,2026-07-28,true,true,false,false,false,false,true,false,true,true,false,false,published,true,false,P1_ADD_VERIFIED_ANCHOR,"[""missing_decision_anchor"",""missing_not_for""]",359,1272,480,1272
tsune-japanese-restaurant-sanur-by-wonderspace,Tsune Japanese Restaurant Sanur by Wonderspace,sanur,restaurant,null,2026-08-04,true,true,false,false,false,false,false,false,true,false,false,false,published,true,false,P1_ADD_VERIFIED_ANCHOR,"[""missing_decision_anchor"",""missing_not_for"",""weak_location_identity""]",359,1272,480,1272
rip-curl-school-of-surf,Rip Curl School of Surf,sanur,surf,null,2026-07-20,true,true,false,false,false,false,false,false,true,false,false,false,review,true,false,P1_ADD_VERIFIED_ANCHOR,"[""missing_decision_anchor"",""missing_not_for"",""weak_location_identity""]",359,1272,480,1272
sanur-surf-school,Sanur Surf School,sanur,surf,null,2026-07-20,true,true,false,false,false,false,false,false,true,false,false,false,review,true,false,P1_ADD_VERIFIED_ANCHOR,"[""missing_decision_anchor"",""missing_not_for"",""weak_location_identity""]",359,1272,480,1272
bali-beach-hotel-yoga-wellness,Bali Beach Hotel Yoga / Wellness,sanur,yoga,North Sanur / Hang Tuah,null,true,true,false,false,false,false,false,false,true,false,false,false,review,true,false,P1_ADD_VERIFIED_ANCHOR,"[""missing_decision_anchor"",""missing_not_for"",""missing_verification_date"",""weak_location_identity""]",359,1272,480,1272
maya-sanur-yoga-studio,Maya Sanur Yoga Studio,sanur,yoga,Central-south beachfront,null,true,true,false,false,false,false,false,false,true,false,false,false,review,true,false,P1_ADD_VERIFIED_ANCHOR,"[""missing_decision_anchor"",""missing_not_for"",""missing_verification_date"",""weak_location_identity""]",359,1272,480,1272
puri-santrian-yoga-wellness,Puri Santrian Yoga / Wellness,sanur,yoga,South Sanur,null,true,true,false,false,false,false,false,false,true,false,false,false,review,true,false,P1_ADD_VERIFIED_ANCHOR,"[""missing_decision_anchor"",""missing_not_for"",""missing_verification_date"",""weak_location_identity""]",359,1272,480,1272
shankha-spa-hyatt-regency-bali-yoga,Shankha Spa / Hyatt Regency Bali Yoga,sanur,yoga,Central Sanur,null,true,true,false,false,false,false,false,false,true,false,false,false,review,true,false,P1_ADD_VERIFIED_ANCHOR,"[""missing_decision_anchor"",""missing_not_for"",""missing_verification_date"",""weak_location_identity""]",359,1272,480,1272
milk-and-madu-seminyak,Milk & Madu Seminyak,seminyak,cafe,Seminyak,2026-07-29,true,true,false,false,false,false,false,false,true,true,false,false,review,true,false,P1_ADD_VERIFIED_ANCHOR,"[""missing_decision_anchor"",""missing_not_for""]",359,1272,480,1272
to-the-moon-cafe,To the moon cafe,seminyak,cafe,null,2026-08-04,true,true,false,false,false,false,false,false,true,false,false,false,published,true,false,P1_ADD_VERIFIED_ANCHOR,"[""missing_decision_anchor"",""missing_not_for"",""weak_location_identity""]",359,1272,480,1272
amber-resto-seminyak,Amber Resto Seminyak,seminyak,restaurant,Seminyak,2026-07-28,true,true,false,false,false,false,true,false,true,true,false,false,review,true,false,P1_ADD_VERIFIED_ANCHOR,"[""missing_decision_anchor"",""missing_not_for""]",359,1272,480,1272
barbacoa,Barbacoa,seminyak,restaurant,Petitenget / Kerobokan Kelod,2026-07-28,true,true,false,false,false,false,false,false,true,true,false,false,review,true,false,P1_ADD_VERIFIED_ANCHOR,"[""missing_decision_anchor"",""missing_not_for""]",359,1272,480,1272
bistro-anwa,Bistro Anwa,seminyak,restaurant,null,2026-08-04,true,true,false,false,false,false,false,false,true,false,false,false,published,true,false,P1_ADD_VERIFIED_ANCHOR,"[""missing_decision_anchor"",""missing_not_for"",""weak_location_identity""]",359,1272,480,1272
casa-blanca-bali,Casa Blanca Bali,seminyak,restaurant,Seminyak,2026-07-28,true,true,false,false,false,false,true,false,true,true,false,false,published,true,false,P1_ADD_VERIFIED_ANCHOR,"[""missing_decision_anchor"",""missing_not_for""]",359,1272,480,1272
casadia-restaurant-and-bar,Casadia Restaurant & Bar,seminyak,restaurant,Seminyak,2026-07-28,true,true,false,false,false,false,true,false,true,true,false,false,review,true,false,P1_ADD_VERIFIED_ANCHOR,"[""missing_decision_anchor"",""missing_not_for""]",359,1272,480,1272
cocoon-seminyak,Cocoon Seminyak,seminyak,restaurant,Seminyak,2026-07-28,true,true,false,false,false,false,true,false,true,true,false,false,review,true,false,P1_ADD_VERIFIED_ANCHOR,"[""missing_decision_anchor"",""missing_not_for""]",359,1272,480,1272
fu-house-seminyak,Fu House | Seminyak,seminyak,restaurant,Seminyak,2026-07-28,true,true,false,false,false,false,true,false,true,true,false,false,review,true,false,P1_ADD_VERIFIED_ANCHOR,"[""missing_decision_anchor"",""missing_not_for""]",359,1272,480,1272
huge-restaurant,Huge Restaurant,seminyak,restaurant,Seminyak,2026-07-28,true,true,false,false,false,false,true,false,true,true,false,false,review,true,false,P1_ADD_VERIFIED_ANCHOR,"[""missing_decision_anchor"",""missing_not_for""]",359,1272,480,1272
infinity-beach-club,Infinity Beach Club,seminyak,restaurant,Seminyak,2026-07-28,true,true,false,false,false,false,true,false,true,true,false,false,review,true,false,P1_ADD_VERIFIED_ANCHOR,"[""missing_decision_anchor"",""missing_not_for""]",359,1272,480,1272
isaya-teppanyaki-boutique-seminyak,Isaya Teppanyaki Boutique Seminyak,seminyak,restaurant,Seminyak,2026-07-28,true,true,false,false,false,false,true,false,true,true,false,false,review,true,false,P1_ADD_VERIFIED_ANCHOR,"[""missing_decision_anchor"",""missing_not_for""]",359,1272,480,1272
izzi-rooftop-lounge-and-restaurant-and-bar-and-shisha,IZZI ROOFTOP LOUNGE & RESTAURANT & BAR & SHISHA,seminyak,restaurant,null,2026-08-04,true,true,true,false,false,false,false,false,true,false,false,false,published,true,false,P1_ADD_VERIFIED_ANCHOR,"[""missing_decision_anchor"",""weak_location_identity""]",359,1272,480,1272
jackson-lily-s-by-ginger-moon,Jackson Lily's by Ginger Moon,seminyak,restaurant,Seminyak,2026-07-28,true,true,false,false,false,false,true,false,true,true,false,false,review,true,false,P1_ADD_VERIFIED_ANCHOR,"[""missing_decision_anchor"",""missing_not_for""]",359,1272,480,1272
kaum-bali,Kaum Bali,seminyak,restaurant,Petitenget,2026-07-28,true,true,false,false,false,false,false,false,true,true,false,false,review,true,false,P1_ADD_VERIFIED_ANCHOR,"[""missing_decision_anchor"",""missing_not_for""]",359,1272,480,1272
la-favela-bali,La Favela Bali,seminyak,restaurant,Seminyak,2026-07-28,true,true,false,false,false,false,true,false,true,true,false,false,published,true,false,P1_ADD_VERIFIED_ANCHOR,"[""missing_decision_anchor"",""missing_not_for""]",359,1272,480,1272
malverde-tequileria-and-nightclub,Malverde Tequileria & Nightclub,seminyak,restaurant,Seminyak,2026-07-28,true,true,false,false,false,false,true,false,true,true,false,false,review,true,false,P1_ADD_VERIFIED_ANCHOR,"[""missing_decision_anchor"",""missing_not_for""]",359,1272,480,1272
mase-kitchen-and-bar,Mase Kitchen & Bar,seminyak,restaurant,Seminyak,2026-07-28,true,true,false,false,false,false,true,false,true,true,false,false,review,true,false,P1_ADD_VERIFIED_ANCHOR,"[""missing_decision_anchor"",""missing_not_for""]",359,1272,480,1272
noaa-asian-bistro,NOAA Asian Bistro,seminyak,restaurant,Seminyak,2026-07-28,true,true,false,false,false,false,true,false,true,true,false,false,review,true,false,P1_ADD_VERIFIED_ANCHOR,"[""missing_decision_anchor"",""missing_not_for""]",359,1272,480,1272
norii-japanese-restaurant-seminyak,Norii Japanese Restaurant — Seminyak,seminyak,restaurant,null,2026-08-04,true,true,false,false,false,false,false,false,true,false,false,false,published,true,false,P1_ADD_VERIFIED_ANCHOR,"[""missing_decision_anchor"",""missing_not_for"",""weak_location_identity""]",359,1272,480,1272
saltlick,Saltlick,seminyak,restaurant,Seminyak,2026-07-28,true,true,false,false,false,false,true,false,true,true,false,false,review,true,false,P1_ADD_VERIFIED_ANCHOR,"[""missing_decision_anchor"",""missing_not_for""]",359,1272,480,1272
satoshi,Satoshi,seminyak,restaurant,Kerobokan,2026-07-28,true,true,false,false,false,false,true,false,true,true,false,false,review,true,false,P1_ADD_VERIFIED_ANCHOR,"[""missing_decision_anchor"",""missing_not_for""]",359,1272,480,1272
seasalt,Seasalt,seminyak,restaurant,Seminyak,2026-07-28,true,true,false,false,true,false,false,true,true,true,false,false,review,true,false,P1_ADD_VERIFIED_ANCHOR,"[""missing_decision_anchor"",""missing_not_for"",""raw_order_needs_menu_evidence_check""]",359,1272,480,1272
shichirin-japanese-restaurant-seminyak,Shichirin Japanese Restaurant — Seminyak,seminyak,restaurant,null,2026-08-04,true,true,false,false,false,false,false,false,true,false,false,false,published,true,false,P1_ADD_VERIFIED_ANCHOR,"[""missing_decision_anchor"",""missing_not_for"",""weak_location_identity""]",359,1272,480,1272
shooters-bali,Shooters Bali,seminyak,restaurant,Seminyak,2026-07-28,true,true,false,false,false,false,true,false,true,true,false,false,review,true,false,P1_ADD_VERIFIED_ANCHOR,"[""missing_decision_anchor"",""missing_not_for""]",359,1272,480,1272
takk-bali,TAKK Bali,seminyak,restaurant,Seminyak,2026-08-11,true,true,true,false,false,false,true,false,true,true,false,false,review,true,false,P1_ADD_VERIFIED_ANCHOR,"[""missing_decision_anchor""]",359,1272,480,1272
takumi-bali,Takumi Bali,seminyak,restaurant,null,2026-07-24,true,true,true,false,false,false,false,false,true,true,false,false,published,true,false,P1_ADD_VERIFIED_ANCHOR,"[""missing_decision_anchor""]",359,1272,480,1272
the-butchers-club-steakhouse,The Butchers Club Steakhouse,seminyak,restaurant,Seminyak,2026-07-28,true,true,false,false,false,false,true,false,true,true,false,false,review,true,false,P1_ADD_VERIFIED_ANCHOR,"[""missing_decision_anchor"",""missing_not_for""]",359,1272,480,1272
the-grumpy-butcher,The Grumpy Butcher,seminyak,restaurant,Seminyak,2026-07-28,true,true,false,false,false,false,true,false,true,true,false,false,published,true,false,P1_ADD_VERIFIED_ANCHOR,"[""missing_decision_anchor"",""missing_not_for""]",359,1272,480,1272
the-island-grill-and-lounge,The Island Grill & Lounge,seminyak,restaurant,Seminyak,2026-07-28,true,true,false,false,false,false,true,false,true,true,false,false,review,true,false,P1_ADD_VERIFIED_ANCHOR,"[""missing_decision_anchor"",""missing_not_for""]",359,1272,480,1272
alila-seminyak-yoga,Alila Seminyak Yoga,seminyak,yoga,Petitenget beachfront,null,true,true,false,false,false,false,false,false,true,false,false,false,review,true,false,P1_ADD_VERIFIED_ANCHOR,"[""missing_decision_anchor"",""missing_not_for"",""missing_verification_date"",""weak_location_identity""]",359,1272,480,1272
desa-potato-head-wellness,Desa Potato Head Wellness,seminyak,yoga,Petitenget beachfront,null,true,true,false,false,false,false,false,false,true,false,false,false,review,true,false,P1_ADD_VERIFIED_ANCHOR,"[""missing_decision_anchor"",""missing_not_for"",""missing_verification_date"",""weak_location_identity""]",359,1272,480,1272
the-legian-seminyak-wellness-yoga,The Legian Seminyak Wellness Yoga,seminyak,yoga,Beachfront Seminyak,null,true,true,false,false,false,false,false,false,true,false,false,false,review,true,false,P1_ADD_VERIFIED_ANCHOR,"[""missing_decision_anchor"",""missing_not_for"",""missing_verification_date"",""weak_location_identity""]",359,1272,480,1272
w-bali-wellness-yoga,W Bali Wellness / Yoga,seminyak,yoga,Petitenget beachfront,null,true,true,false,false,false,false,false,false,true,false,false,false,review,true,false,P1_ADD_VERIFIED_ANCHOR,"[""missing_decision_anchor"",""missing_not_for"",""missing_verification_date"",""weak_location_identity""]",359,1272,480,1272
jatiluwih,Jatiluwih,tabanan,attraction,Tabanan (700m altitude),2026-07-29,true,true,false,false,false,false,false,false,true,false,false,false,review,true,false,P1_ADD_VERIFIED_ANCHOR,"[""missing_decision_anchor"",""missing_not_for"",""weak_location_identity""]",359,1272,480,1272
tanah-lot,Tanah Lot,tabanan,attraction,"Beraban village, Tabanan",2026-07-29,true,true,false,false,false,false,false,false,true,false,false,false,review,true,false,P1_ADD_VERIFIED_ANCHOR,"[""missing_decision_anchor"",""missing_not_for"",""weak_location_identity""]",359,1272,480,1272
cemara-point-by-dusun-bedugul-asri,Cemara Point by Dusun Bedugul Asri,tabanan,restaurant,null,2026-08-04,true,true,false,false,false,false,false,false,true,false,false,false,published,true,false,P1_ADD_VERIFIED_ANCHOR,"[""missing_decision_anchor"",""missing_not_for"",""weak_location_identity""]",359,1272,480,1272
air-terjun-tegenungan,Air Terjun Tegenungan,ubud,attraction,"Tegenungan village, Gianyar",2026-07-29,true,true,false,false,false,false,false,false,true,false,false,false,review,true,false,P1_ADD_VERIFIED_ANCHOR,"[""missing_decision_anchor"",""missing_not_for"",""weak_location_identity""]",359,1272,480,1272
tirta-empul,Tirta Empul,ubud,attraction,"Tampaksiring, Gianyar",2026-07-29,true,true,false,false,false,false,false,false,true,false,false,false,review,true,false,P1_ADD_VERIFIED_ANCHOR,"[""missing_decision_anchor"",""missing_not_for"",""weak_location_identity""]",359,1272,480,1272
mamu-ubud-cafe-shisha-hookah,MAMU Ubud Cafe Shisha Hookah,ubud,cafe,null,2026-08-07,true,true,true,false,false,false,false,false,true,false,false,false,published,true,false,P1_ADD_VERIFIED_ANCHOR,"[""missing_decision_anchor"",""weak_location_identity""]",359,1272,480,1272
como-uma-ubud-fitness,COMO Uma Ubud Fitness,ubud,fitness,Kedewatan,null,true,true,false,false,false,false,false,false,true,false,false,false,review,true,false,P1_ADD_VERIFIED_ANCHOR,"[""missing_decision_anchor"",""missing_not_for"",""missing_verification_date"",""weak_location_identity""]",359,1272,480,1272
four-seasons-resort-bali-at-sayan-fitness,Four Seasons Resort Bali at Sayan Fitness,ubud,fitness,Sayan,null,true,true,false,false,false,false,false,false,true,false,false,false,review,true,false,P1_ADD_VERIFIED_ANCHOR,"[""missing_decision_anchor"",""missing_not_for"",""missing_verification_date"",""weak_location_identity""]",359,1272,480,1272
mandapa-fitness-centre,Mandapa Fitness Centre,ubud,fitness,Kedewatan / Sayan,null,true,true,false,false,false,false,false,false,true,false,false,false,review,true,false,P1_ADD_VERIFIED_ANCHOR,"[""missing_decision_anchor"",""missing_not_for"",""missing_verification_date"",""weak_location_identity""]",359,1272,480,1272
the-westin-resort-and-spa-ubud-fitness-studio,The Westin Resort & Spa Ubud Fitness Studio,ubud,fitness,Lodtunduh / south Ubud,null,true,true,false,false,false,false,false,false,true,false,false,false,review,true,false,P1_ADD_VERIFIED_ANCHOR,"[""missing_decision_anchor"",""missing_not_for"",""missing_verification_date"",""weak_location_identity""]",359,1272,480,1272
ankhusa-restaurant-ubud-by-wonderspace,Ankhusa Restaurant Ubud by Wonderspace,ubud,restaurant,null,2026-08-07,true,true,false,false,false,false,false,false,true,false,false,false,published,true,false,P1_ADD_VERIFIED_ANCHOR,"[""missing_decision_anchor"",""missing_not_for"",""weak_location_identity""]",359,1272,480,1272
aperitif-restaurant,Apéritif Restaurant,ubud,restaurant,Petulu,2026-07-28,true,true,false,false,false,false,false,false,true,true,false,false,review,true,false,P1_ADD_VERIFIED_ANCHOR,"[""missing_decision_anchor"",""missing_not_for""]",359,1272,480,1272
arya-arkananta-resort-and-spa,Arya Arkananta Resort & Spa,ubud,restaurant,Ubud,2026-07-28,true,true,false,false,false,false,false,false,true,true,false,false,review,true,false,P1_ADD_VERIFIED_ANCHOR,"[""missing_decision_anchor"",""missing_not_for""]",359,1272,480,1272
avocuts-coffee-and-eatery,Avocuts Coffee & Eatery,ubud,restaurant,Ubud,2026-07-28,true,true,false,false,false,false,true,false,true,true,false,false,review,true,false,P1_ADD_VERIFIED_ANCHOR,"[""missing_decision_anchor"",""missing_not_for""]",359,1272,480,1272
blue-mountains-bali,Blue Mountains Bali,ubud,restaurant,Unknown,2026-07-28,true,true,false,false,false,false,true,false,true,true,false,false,review,true,false,P1_ADD_VERIFIED_ANCHOR,"[""missing_decision_anchor"",""missing_not_for""]",359,1272,480,1272
brie-restaurant-and-cheesery,Brie Restaurant & Cheesery,ubud,restaurant,null,2026-08-04,true,true,false,false,false,false,false,false,true,false,false,false,published,true,false,P1_ADD_VERIFIED_ANCHOR,"[""missing_decision_anchor"",""missing_not_for"",""weak_location_identity""]",359,1272,480,1272
bulan-madu-restaurant-at-amora-ubud-boutique-villas,Bulan Madu Restaurant at Amora Ubud Boutique Villas,ubud,restaurant,Ubud,2026-07-28,true,true,false,false,false,false,false,false,true,true,false,false,review,true,false,P1_ADD_VERIFIED_ANCHOR,"[""missing_decision_anchor"",""missing_not_for""]",359,1272,480,1272
cafe-lotus,Cafe Lotus,ubud,restaurant,Ubud,2026-07-28,true,true,false,false,false,false,true,false,true,true,false,false,review,true,false,P1_ADD_VERIFIED_ANCHOR,"[""missing_decision_anchor"",""missing_not_for""]",359,1272,480,1272
cantina-classe-ubud,Cantina Classe — Ubud,ubud,restaurant,null,2026-08-04,true,true,false,false,false,false,false,false,true,false,false,false,published,true,false,P1_ADD_VERIFIED_ANCHOR,"[""missing_decision_anchor"",""missing_not_for"",""weak_location_identity""]",359,1272,480,1272
chaskaa-ubud,Chaskaa Modern Indian Cuisine and Bar at Ubud,ubud,restaurant,Ubud,2026-07-28,true,true,false,false,false,false,true,false,true,true,false,false,review,true,false,P1_ADD_VERIFIED_ANCHOR,"[""missing_decision_anchor"",""missing_not_for""]",359,1272,480,1272
cherry-pepper-ubud,Cherry Pepper Ubud,ubud,restaurant,Ubud,2026-07-28,true,true,false,false,false,false,true,false,true,true,false,false,review,true,false,P1_ADD_VERIFIED_ANCHOR,"[""missing_decision_anchor"",""missing_not_for""]",359,1272,480,1272
chupacabras,Chupacabras,ubud,restaurant,null,2026-07-24,true,true,true,false,false,false,false,false,true,true,false,false,published,true,false,P1_ADD_VERIFIED_ANCHOR,"[""missing_decision_anchor""]",359,1272,480,1272
d-made-restaurant-the-kalyana-ubud-resort,D'Made Restaurant (The Kalyana Ubud Resort),ubud,restaurant,ubud,2026-08-11,true,true,true,false,false,false,false,false,false,false,false,false,published,true,false,P1_ADD_VERIFIED_ANCHOR,"[""missing_decision_anchor"",""weak_location_identity""]",359,1272,480,1272
deeva-restaurant-at-the-udaya,Deeva Restaurant at The Udaya,ubud,restaurant,Ubud,2026-07-28,true,true,false,false,false,false,true,false,true,true,false,false,review,true,false,P1_ADD_VERIFIED_ANCHOR,"[""missing_decision_anchor"",""missing_not_for""]",359,1272,480,1272
dining-corner-restaurant,Delight Corner at Kayumanis Ubud,ubud,restaurant,Ubud,2026-07-28,true,true,false,false,false,false,true,false,true,true,false,false,review,true,false,P1_ADD_VERIFIED_ANCHOR,"[""missing_decision_anchor"",""missing_not_for""]",359,1272,480,1272
desa-swan-villas-and-spa-keramas,"Desa Swan Villas & SPA, Keramas",ubud,restaurant,Gianyar,2026-07-28,true,true,false,false,false,false,false,false,true,true,false,false,review,true,false,P1_ADD_VERIFIED_ANCHOR,"[""missing_decision_anchor"",""missing_not_for""]",359,1272,480,1272
dice-at-the-craft-hotel,Dice at The Craft Hotel,ubud,restaurant,Ubud,2026-07-28,true,true,false,false,false,false,false,false,true,true,false,false,review,true,false,P1_ADD_VERIFIED_ANCHOR,"[""missing_decision_anchor"",""missing_not_for""]",359,1272,480,1272
ely-s-kitchen-ubud,Ely's Kitchen Ubud,ubud,restaurant,Ubud,2026-08-04,true,true,false,false,false,false,true,false,true,true,false,false,published,true,false,P1_ADD_VERIFIED_ANCHOR,"[""missing_decision_anchor"",""missing_not_for""]",359,1272,480,1272
fermeto-ubud-restaurant,Fermeto Ubud Restaurant,ubud,restaurant,Ubud; Gianyar,2026-07-28,true,true,false,false,false,false,true,false,true,true,false,false,review,true,false,P1_ADD_VERIFIED_ANCHOR,"[""missing_decision_anchor"",""missing_not_for""]",359,1272,480,1272
ferro-grill-restaurant-and-bar,FERRO Grill Restaurant & Bar,ubud,restaurant,Ubud,2026-07-28,true,true,false,false,false,false,true,false,true,true,false,false,review,true,false,P1_ADD_VERIFIED_ANCHOR,"[""missing_decision_anchor"",""missing_not_for""]",359,1272,480,1272
flame-bar-and-grill-ubud,Flame Bar & Grill Ubud,ubud,restaurant,Ubud,2026-07-28,true,true,false,false,false,false,true,false,true,true,false,false,review,true,false,P1_ADD_VERIFIED_ANCHOR,"[""missing_decision_anchor"",""missing_not_for""]",359,1272,480,1272
flamingo-beach-club-bali,Flamingo Beach Club Bali,ubud,restaurant,Gianyar,2026-07-28,true,true,false,false,false,false,true,false,true,true,false,false,review,true,false,P1_ADD_VERIFIED_ANCHOR,"[""missing_decision_anchor"",""missing_not_for""]",359,1272,480,1272
habitat-bistro,Habitat Bistro,ubud,restaurant,null,2026-08-04,true,true,false,false,false,false,false,false,true,false,false,false,published,true,false,P1_ADD_VERIFIED_ANCHOR,"[""missing_decision_anchor"",""missing_not_for"",""weak_location_identity""]",359,1272,480,1272
honey-and-smoke,Honey & Smoke,ubud,restaurant,Ubud,2026-07-28,true,true,false,false,false,false,true,false,true,true,false,false,review,true,false,P1_ADD_VERIFIED_ANCHOR,"[""missing_decision_anchor"",""missing_not_for""]",359,1272,480,1272
jingga-restaurant-at-bumi-kinar,Jingga Restaurant at Bumi Kinar,ubud,restaurant,Ubud,2026-07-28,true,true,false,false,false,false,true,false,true,true,false,false,review,true,false,P1_ADD_VERIFIED_ANCHOR,"[""missing_decision_anchor"",""missing_not_for""]",359,1272,480,1272
jungle-flower-restaurant,Jungle Flower Restaurant,ubud,restaurant,null,2026-08-04,true,true,false,false,false,false,false,false,true,false,false,false,published,true,false,P1_ADD_VERIFIED_ANCHOR,"[""missing_decision_anchor"",""missing_not_for"",""weak_location_identity""]",359,1272,480,1272
kepitu-restaurant-by-the-kayon-resort,Kepitu Restaurant by The Kayon Resort,ubud,restaurant,Ubud; Gianyar,2026-07-28,true,true,false,false,false,false,true,false,true,true,false,false,review,true,false,P1_ADD_VERIFIED_ANCHOR,"[""missing_decision_anchor"",""missing_not_for""]",359,1272,480,1272
kepitu-restaurant-by-the-kayon-valley-resort,Kepitu Restaurant by The Kayon Valley Resort,ubud,restaurant,Ubud,2026-07-28,true,true,false,false,false,false,true,false,true,true,false,false,review,true,false,P1_ADD_VERIFIED_ANCHOR,"[""missing_decision_anchor"",""missing_not_for""]",359,1272,480,1272
kojin-teppanyaki-restaurant-ubud-by-wonderspace,Kojin Teppanyaki Restaurant Ubud by Wonderspace,ubud,restaurant,null,2026-08-07,true,true,false,false,true,false,true,false,true,false,false,false,published,true,false,P1_ADD_VERIFIED_ANCHOR,"[""missing_decision_anchor"",""missing_not_for"",""weak_location_identity"",""raw_order_needs_menu_evidence_check""]",359,1272,480,1272
kukusan-bali-restaurant-at-the-artini-dijiwa-ubud,Kukusan Bali Restaurant at The Artini Dijiwa Ubud,ubud,restaurant,Ubud,2026-07-28,true,true,false,false,false,false,false,false,true,true,false,false,review,true,false,P1_ADD_VERIFIED_ANCHOR,"[""missing_decision_anchor"",""missing_not_for""]",359,1272,480,1272
la-portal-to-shamballah,La Portal to Shamballah,ubud,restaurant,null,2026-08-04,true,true,true,false,false,false,false,false,true,false,false,false,published,true,false,P1_ADD_VERIFIED_ANCHOR,"[""missing_decision_anchor"",""weak_location_identity""]",359,1272,480,1272
moonstone-beach-lounge,Moonstone Beach Lounge,ubud,restaurant,Gianyar,2026-07-28,true,true,false,false,false,false,true,false,true,true,false,false,review,true,false,P1_ADD_VERIFIED_ANCHOR,"[""missing_decision_anchor"",""missing_not_for""]",359,1272,480,1272
natti-s-indian-specialty-restaurant-ubud,Natti's Indian Specialty Restaurant Ubud,ubud,restaurant,Ubud,2026-07-28,true,true,false,false,false,false,true,false,true,true,false,false,review,true,false,P1_ADD_VERIFIED_ANCHOR,"[""missing_decision_anchor"",""missing_not_for""]",359,1272,480,1272
norii-japanese-restaurant-ubud,Norii Japanese Restaurant — Ubud,ubud,restaurant,null,2026-08-04,true,true,false,false,false,false,false,false,true,false,false,false,published,true,false,P1_ADD_VERIFIED_ANCHOR,"[""missing_decision_anchor"",""missing_not_for"",""weak_location_identity""]",359,1272,480,1272
pasir-restaurant-ubud,PASIR Restaurant Ubud,ubud,restaurant,Ubud,2026-07-28,true,true,false,false,false,false,true,false,true,true,false,false,review,true,false,P1_ADD_VERIFIED_ANCHOR,"[""missing_decision_anchor"",""missing_not_for""]",359,1272,480,1272
sacred-rice-restaurant,SACRED RICE Restaurant,ubud,restaurant,Ubud,2026-07-28,true,true,false,false,false,false,true,false,true,true,false,false,review,true,false,P1_ADD_VERIFIED_ANCHOR,"[""missing_decision_anchor"",""missing_not_for""]",359,1272,480,1272
sayan-valley,Sayan Valley,ubud,restaurant,Ubud,2026-07-28,true,true,false,false,false,false,true,false,true,true,false,false,review,true,false,P1_ADD_VERIFIED_ANCHOR,"[""missing_decision_anchor"",""missing_not_for""]",359,1272,480,1272
semara-grill-at-inara-alas-harum,Semara Grill at Inara Alas Harum,ubud,restaurant,Ubud,2026-07-28,true,true,false,false,false,false,false,false,true,true,false,false,review,true,false,P1_ADD_VERIFIED_ANCHOR,"[""missing_decision_anchor"",""missing_not_for""]",359,1272,480,1272
seres-springs-resort-and-spa-singakerta-ubud,"SereS Springs Resort & Spa Singakerta, Ubud",ubud,restaurant,Ubud,2026-07-27,true,true,false,false,false,false,false,false,true,true,false,false,review,true,false,P1_ADD_VERIFIED_ANCHOR,"[""missing_decision_anchor"",""missing_not_for""]",359,1272,480,1272
seven-paintings-ubud-restaurant,Seven Paintings Ubud Restaurant,ubud,restaurant,null,2026-08-07,true,true,true,false,false,false,false,false,true,false,false,false,published,true,false,P1_ADD_VERIFIED_ANCHOR,"[""missing_decision_anchor"",""weak_location_identity""]",359,1272,480,1272
shichirin-japanese-restaurant-ubud,Shichirin Japanese Restaurant — Ubud,ubud,restaurant,null,2026-08-04,true,true,false,false,false,false,true,false,true,false,false,false,published,true,false,P1_ADD_VERIFIED_ANCHOR,"[""missing_decision_anchor"",""missing_not_for"",""weak_location_identity""]",359,1272,480,1272
shinraku-teppanyaki,Shinraku Teppanyaki,ubud,restaurant,Ubud,2026-07-28,true,true,false,false,false,false,true,false,true,true,false,false,review,true,false,P1_ADD_VERIFIED_ANCHOR,"[""missing_decision_anchor"",""missing_not_for""]",359,1272,480,1272
spice-by-blake,Spice by Blake,ubud,restaurant,Ubud,2026-07-28,true,true,false,false,false,false,true,false,true,true,false,false,review,true,false,P1_ADD_VERIFIED_ANCHOR,"[""missing_decision_anchor"",""missing_not_for""]",359,1272,480,1272
sunset-bloom-restaurant-at-swan-paradise-a-pramana-experience,Sunset Bloom Restaurant at Swan Paradise A Pramana Experience,ubud,restaurant,Gianyar,2026-07-28,true,true,false,false,false,false,false,false,true,true,false,false,review,true,false,P1_ADD_VERIFIED_ANCHOR,"[""missing_decision_anchor"",""missing_not_for""]",359,1272,480,1272
the-cepaka-bistro-bali,The Cepaka Bistro Bali,ubud,restaurant,Gianyar,2026-07-28,true,true,false,false,false,false,true,false,true,true,false,false,review,true,false,P1_ADD_VERIFIED_ANCHOR,"[""missing_decision_anchor"",""missing_not_for""]",359,1272,480,1272
the-chowk-ubud,The Chowk - Indian Gourmet House. (Museum Puri Lukisan Ubud),ubud,restaurant,Ubud,2026-07-28,true,true,false,false,false,false,true,false,true,true,false,false,review,true,false,P1_ADD_VERIFIED_ANCHOR,"[""missing_decision_anchor"",""missing_not_for""]",359,1272,480,1272
the-jungle-club-ubud-by-wonderspace,The Jungle Club Ubud by Wonderspace,ubud,restaurant,null,2026-08-07,true,true,true,false,false,false,false,false,true,false,false,false,published,true,false,P1_ADD_VERIFIED_ANCHOR,"[""missing_decision_anchor"",""weak_location_identity""]",359,1272,480,1272
the-sankara-suites-and-villas,The Sankara Suites & Villas,ubud,restaurant,Ubud,2026-07-28,true,true,false,false,false,false,false,false,true,true,false,false,review,true,false,P1_ADD_VERIFIED_ANCHOR,"[""missing_decision_anchor"",""missing_not_for""]",359,1272,480,1272
the-sayan-house-restaurant-ubud,The Sayan House Restaurant Ubud,ubud,restaurant,Ubud,2026-07-28,true,true,false,false,false,false,true,false,true,true,false,false,review,true,false,P1_ADD_VERIFIED_ANCHOR,"[""missing_decision_anchor"",""missing_not_for""]",359,1272,480,1272
the-tempayan-at-tanah-gajah-a-resort-by-hadiprana,"The Tempayan at Tanah Gajah, a Resort by Hadiprana",ubud,restaurant,Ubud,2026-07-28,true,true,false,false,false,false,true,false,true,true,false,false,review,true,false,P1_ADD_VERIFIED_ANCHOR,"[""missing_decision_anchor"",""missing_not_for""]",359,1272,480,1272
three-elements-restaurant,Three Elements Restaurant,ubud,restaurant,Ubud,2026-07-28,true,true,false,false,false,false,true,false,true,true,false,false,review,true,false,P1_ADD_VERIFIED_ANCHOR,"[""missing_decision_anchor"",""missing_not_for""]",359,1272,480,1272
tree-bar-at-maya-ubud,Tree Bar at Maya Ubud,ubud,restaurant,Ubud,2026-07-28,true,true,false,false,false,false,true,false,true,true,false,false,review,true,false,P1_ADD_VERIFIED_ANCHOR,"[""missing_decision_anchor"",""missing_not_for""]",359,1272,480,1272
uma-cucina,Uma Cucina,ubud,restaurant,Ubud,2026-07-28,true,true,false,false,false,false,true,false,true,true,false,false,review,true,false,P1_ADD_VERIFIED_ANCHOR,"[""missing_decision_anchor"",""missing_not_for""]",359,1272,480,1272
wanna-jungle-pool-and-bar-at-the-kayon-jungle-resort,Wanna Jungle Pool and Bar at The Kayon Jungle Resort,ubud,restaurant,Ubud,2026-07-28,true,true,false,false,false,false,false,false,true,true,false,false,review,true,false,P1_ADD_VERIFIED_ANCHOR,"[""missing_decision_anchor"",""missing_not_for""]",359,1272,480,1272
whisper-cove-bar-ubud,Whisper Cove Bar Ubud,ubud,restaurant,Ubud,2026-07-28,true,true,false,false,false,false,true,false,true,true,false,false,review,true,false,P1_ADD_VERIFIED_ANCHOR,"[""missing_decision_anchor"",""missing_not_for""]",359,1272,480,1272
wild-ginger-restaurant-at-nandini-jungle-by-hanging-gardens,Wild Ginger Restaurant at Nandini Jungle by Hanging Gardens,ubud,restaurant,Ubud,2026-07-27,true,true,false,false,false,false,false,false,true,true,false,false,review,true,false,P1_ADD_VERIFIED_ANCHOR,"[""missing_decision_anchor"",""missing_not_for""]",359,1272,480,1272
nasi-ayam-kedewatan-ibu-mangku,Nasi Ayam Kedewatan Ibu Mangku — Outlet Pusat Ubud,ubud,warung,Kedewatan,2026-07-28,true,true,false,false,false,false,false,false,true,true,false,false,review,true,false,P1_ADD_VERIFIED_ANCHOR,"[""missing_decision_anchor"",""missing_not_for""]",359,1272,480,1272
taksu-yoga,Taksu Yoga,ubud,yoga,Ubud Centre,2026-08-07,true,true,false,false,false,false,true,false,true,false,false,false,review,true,false,P1_ADD_VERIFIED_ANCHOR,"[""missing_decision_anchor"",""missing_not_for"",""weak_location_identity""]",359,1272,480,1272
garuda-wisnu-kencana,Garuda Wisnu Kencana,uluwatu-bukit,attraction,"Ungasan, Badung",2026-07-29,true,true,false,false,false,false,false,false,true,false,false,false,review,true,false,P1_ADD_VERIFIED_ANCHOR,"[""missing_decision_anchor"",""missing_not_for"",""weak_location_identity""]",359,1272,480,1272
pantai-pandawa,Pantai Pandawa,uluwatu-bukit,attraction,"Bukit peninsula, Badung",2026-07-29,true,true,false,false,false,false,false,false,true,false,false,false,review,true,false,P1_ADD_VERIFIED_ANCHOR,"[""missing_decision_anchor"",""missing_not_for"",""weak_location_identity""]",359,1272,480,1272
white-rock-beach-club,White Rock Beach Club,uluwatu-bukit,beach_club,"Melasti, Ungasan",2026-08-07,true,true,false,false,false,false,false,true,true,true,false,false,published,true,false,P1_ADD_VERIFIED_ANCHOR,"[""missing_decision_anchor"",""missing_not_for""]",359,1272,480,1272
made-s-bakery-cafe-playground,Made’s Bakery Cafe Playground,uluwatu-bukit,cafe,null,2026-08-07,true,true,false,false,false,false,false,false,true,false,false,false,published,true,false,P1_ADD_VERIFIED_ANCHOR,"[""missing_decision_anchor"",""missing_not_for"",""weak_location_identity""]",359,1272,480,1272
milk-and-madu-uluwatu,Milk & Madu Uluwatu,uluwatu-bukit,cafe,Pecatu,2026-08-07,true,true,false,false,true,false,false,false,true,true,false,false,review,true,false,P1_ADD_VERIFIED_ANCHOR,"[""missing_decision_anchor"",""missing_not_for"",""raw_order_needs_menu_evidence_check""]",359,1272,480,1272
la-tribu,La Tribu,uluwatu-bukit,fitness,Pecatu,2026-07-20,true,true,false,false,false,false,false,false,true,false,false,false,review,true,false,P1_ADD_VERIFIED_ANCHOR,"[""missing_decision_anchor"",""missing_not_for"",""weak_location_identity""]",359,1272,480,1272
mantra-wellness,Mantra Wellness,uluwatu-bukit,fitness,Padang Padang / Pecatu,2026-07-20,true,true,false,false,false,false,false,false,true,false,false,false,review,true,false,P1_ADD_VERIFIED_ANCHOR,"[""missing_decision_anchor"",""missing_not_for"",""weak_location_identity""]",359,1272,480,1272
six-senses-uluwatu-fitness-centre,Six Senses Uluwatu Fitness Centre,uluwatu-bukit,fitness,Pecatu,null,true,true,false,false,false,false,false,false,true,false,false,false,review,true,false,P1_ADD_VERIFIED_ANCHOR,"[""missing_decision_anchor"",""missing_not_for"",""missing_verification_date"",""weak_location_identity""]",359,1272,480,1272
the-asa-maia-fitness,The Asa Maia Fitness,uluwatu-bukit,fitness,Suluban / Pecatu,null,true,true,false,false,false,false,false,false,true,false,false,false,review,true,false,P1_ADD_VERIFIED_ANCHOR,"[""missing_decision_anchor"",""missing_not_for"",""missing_verification_date"",""weak_location_identity""]",359,1272,480,1272
the-istana-wellness-club,The Istana Wellness Club,uluwatu-bukit,fitness,Suluban / Pecatu,null,true,true,false,false,false,false,false,false,true,false,false,false,review,true,false,P1_ADD_VERIFIED_ANCHOR,"[""missing_decision_anchor"",""missing_not_for"",""missing_verification_date"",""weak_location_identity""]",359,1272,480,1272
ants-pants-uluwatu,Ants Pants Uluwatu,uluwatu-bukit,restaurant,null,2026-08-07,true,true,true,false,false,false,false,false,true,false,false,false,published,true,false,P1_ADD_VERIFIED_ANCHOR,"[""missing_decision_anchor"",""weak_location_identity""]",359,1272,480,1272
babi-guling-bali-ayu-pecatu,Babi Guling Bali Ayu,uluwatu-bukit,restaurant,Pecatu (Jl. Raya Uluwatu),2026-08-07,true,true,true,false,true,false,false,false,false,false,false,false,review,true,false,P1_ADD_VERIFIED_ANCHOR,"[""missing_decision_anchor"",""weak_location_identity"",""raw_order_needs_menu_evidence_check""]",359,1272,480,1272
dbuchu-bingin,D'Buchu,uluwatu-bukit,restaurant,Bingin,2026-07-29,true,true,true,false,true,false,false,false,true,false,false,false,review,true,false,P1_ADD_VERIFIED_ANCHOR,"[""missing_decision_anchor"",""weak_location_identity"",""raw_order_needs_menu_evidence_check""]",359,1272,480,1272
di-mare-restaurant-karma-kandara,di Mare Restaurant - Karma Kandara,uluwatu-bukit,restaurant,Uluwatu,2026-07-28,true,true,false,false,false,false,true,false,true,true,false,false,review,true,false,P1_ADD_VERIFIED_ANCHOR,"[""missing_decision_anchor"",""missing_not_for""]",359,1272,480,1272
enchante,Enchante,uluwatu-bukit,restaurant,Uluwatu,2026-07-28,true,true,false,false,false,false,true,false,true,true,false,false,review,true,false,P1_ADD_VERIFIED_ANCHOR,"[""missing_decision_anchor"",""missing_not_for""]",359,1272,480,1272
kokoon-uluwatu-at-vanara-resort-and-spa,Kokoon Uluwatu at VANARA Resort & Spa,uluwatu-bukit,restaurant,Uluwatu,2026-07-28,true,true,false,false,false,false,false,false,true,true,false,false,review,true,false,P1_ADD_VERIFIED_ANCHOR,"[""missing_decision_anchor"",""missing_not_for""]",359,1272,480,1272
la-terrazza-uluwatu,La Terrazza Uluwatu,uluwatu-bukit,restaurant,null,2026-08-04,true,true,false,false,false,false,false,false,true,false,false,false,published,true,false,P1_ADD_VERIFIED_ANCHOR,"[""missing_decision_anchor"",""missing_not_for"",""weak_location_identity""]",359,1272,480,1272
lemanja-uluwatu,Lemanjá Uluwatu,uluwatu-bukit,restaurant,null,2026-08-04,true,true,false,false,false,false,false,false,true,false,false,false,published,true,false,P1_ADD_VERIFIED_ANCHOR,"[""missing_decision_anchor"",""missing_not_for"",""weak_location_identity""]",359,1272,480,1272
lolas-cantina-uluwatu,Lola’s Cantina Mexicana — Uluwatu,uluwatu-bukit,restaurant,Pecatu,2026-08-07,true,true,false,false,true,false,false,false,true,true,false,false,review,true,false,P1_ADD_VERIFIED_ANCHOR,"[""missing_decision_anchor"",""missing_not_for"",""raw_order_needs_menu_evidence_check""]",359,1272,480,1272
mensa-asian-bistro-and-bar,Mensa Asian Bistro and Bar,uluwatu-bukit,restaurant,Uluwatu,2026-07-28,true,true,false,false,false,false,true,false,true,true,false,false,review,true,false,P1_ADD_VERIFIED_ANCHOR,"[""missing_decision_anchor"",""missing_not_for""]",359,1272,480,1272
natys-restaurant-jimbaran,Natys Restaurant Jimbaran,uluwatu-bukit,restaurant,Uluwatu; Jimbaran,2026-07-28,true,true,false,false,false,false,true,false,true,true,false,false,review,true,false,P1_ADD_VERIFIED_ANCHOR,"[""missing_decision_anchor"",""missing_not_for""]",359,1272,480,1272
pak-gula,PAK GULA,uluwatu-bukit,restaurant,null,2026-08-07,true,true,true,false,true,false,false,false,true,false,false,false,published,true,false,P1_ADD_VERIFIED_ANCHOR,"[""missing_decision_anchor"",""weak_location_identity"",""raw_order_needs_menu_evidence_check""]",359,1272,480,1272
rockfish-cliffside,Rockfish Cliffside,uluwatu-bukit,restaurant,Pecatu,2026-07-28,true,true,false,false,false,false,false,false,true,true,false,false,review,true,false,P1_ADD_VERIFIED_ANCHOR,"[""missing_decision_anchor"",""missing_not_for""]",359,1272,480,1272
rotisserie-by-cashew-tree,Rotisserie by Cashew Tree,uluwatu-bukit,restaurant,null,2026-08-07,true,true,false,false,true,false,false,false,true,false,false,false,published,true,false,P1_ADD_VERIFIED_ANCHOR,"[""missing_decision_anchor"",""missing_not_for"",""weak_location_identity"",""raw_order_needs_menu_evidence_check""]",359,1272,480,1272
sana-uluwatu,Sana Uluwatu,uluwatu-bukit,restaurant,Uluwatu,2026-07-28,true,true,false,false,false,false,true,false,true,true,false,false,review,true,false,P1_ADD_VERIFIED_ANCHOR,"[""missing_decision_anchor"",""missing_not_for""]",359,1272,480,1272
snowcat-bali-ussr-cuisine,Snowcat Bali USSR Cuisine,uluwatu-bukit,restaurant,null,2026-08-04,true,true,false,false,false,false,false,false,true,false,false,false,published,true,false,P1_ADD_VERIFIED_ANCHOR,"[""missing_decision_anchor"",""missing_not_for"",""weak_location_identity""]",359,1272,480,1272
tacos-aqui-uluwatu,Tacos Aqui Uluwatu,uluwatu-bukit,restaurant,Uluwatu,2026-07-28,true,true,false,false,false,false,true,false,true,true,false,false,review,true,false,P1_ADD_VERIFIED_ANCHOR,"[""missing_decision_anchor"",""missing_not_for""]",359,1272,480,1272
tarabelle,Tarabelle,uluwatu-bukit,restaurant,Uluwatu,2026-07-28,true,true,false,false,false,false,true,false,true,true,false,false,review,true,false,P1_ADD_VERIFIED_ANCHOR,"[""missing_decision_anchor"",""missing_not_for""]",359,1272,480,1272
warung-bu-jonny-uluwatu,Warung Bu Jonny (Cak Man),uluwatu-bukit,restaurant,Pecatu (near the Bingin surf spots),2026-07-15,true,true,true,false,true,false,false,false,false,false,false,false,review,true,false,P1_ADD_VERIFIED_ANCHOR,"[""missing_decision_anchor"",""weak_location_identity"",""raw_order_needs_menu_evidence_check""]",359,1272,480,1272
warung-local-pecatu,Warung Local,uluwatu-bukit,restaurant,Pecatu (Jl. Labuansait),2026-08-07,true,true,true,false,true,false,false,false,true,false,false,false,review,true,false,P1_ADD_VERIFIED_ANCHOR,"[""missing_decision_anchor"",""weak_location_identity"",""raw_order_needs_menu_evidence_check""]",359,1272,480,1272
warung-ubay-ungasan,Warung Ubay,uluwatu-bukit,restaurant,Ungasan (Jl. Raya Uluwatu),2026-07-15,true,true,false,false,true,false,false,false,true,false,false,false,review,true,false,P1_ADD_VERIFIED_ANCHOR,"[""missing_decision_anchor"",""missing_not_for"",""weak_location_identity"",""raw_order_needs_menu_evidence_check""]",359,1272,480,1272
wet-plate-kitchen,Wet Plate Kitchen,uluwatu-bukit,restaurant,Uluwatu,2026-07-28,true,true,false,false,false,false,true,false,true,true,false,false,review,true,false,P1_ADD_VERIFIED_ANCHOR,"[""missing_decision_anchor"",""missing_not_for""]",359,1272,480,1272
yeyes-warung-uluwatu,Yeye's Warung,uluwatu-bukit,restaurant,Pecatu (Jl. Labuansait),2026-07-28,true,true,true,false,true,false,false,false,true,false,false,false,review,true,false,P1_ADD_VERIFIED_ANCHOR,"[""missing_decision_anchor"",""weak_location_identity"",""raw_order_needs_menu_evidence_check""]",359,1272,480,1272
zali-uluwatu,Zali at Uluwatu,uluwatu-bukit,restaurant,Uluwatu,2026-07-28,true,true,false,false,true,false,true,true,true,true,false,false,review,true,false,P1_ADD_VERIFIED_ANCHOR,"[""missing_decision_anchor"",""missing_not_for"",""raw_order_needs_menu_evidence_check""]",359,1272,480,1272
balumba-surf-school-uluwatu,Balumba Surf School,uluwatu-bukit,surf,Bukit peninsula,2026-08-07,true,true,false,false,false,false,false,false,false,false,false,false,review,true,false,P1_ADD_VERIFIED_ANCHOR,"[""missing_decision_anchor"",""missing_not_for"",""weak_location_identity""]",359,1272,480,1272
padang-padang-surf-camp-uluwatu,Padang Padang Surf Camp,uluwatu-bukit,surf,"Bingin, Bukit peninsula",2026-08-07,true,true,false,false,false,false,false,false,false,false,false,false,review,true,false,P1_ADD_VERIFIED_ANCHOR,"[""missing_decision_anchor"",""missing_not_for"",""weak_location_identity""]",359,1272,480,1272
poggy-bali-surf-school-uluwatu,Poggy Bali Surf School,uluwatu-bukit,surf,"Padang Padang, Bukit peninsula",2026-08-07,true,true,false,false,false,false,false,false,false,false,false,false,review,true,false,P1_ADD_VERIFIED_ANCHOR,"[""missing_decision_anchor"",""missing_not_for"",""weak_location_identity""]",359,1272,480,1272
alchemy-yoga-and-meditation-center-uluwatu,Alchemy Yoga & Meditation Center Uluwatu,uluwatu-bukit,yoga,Pecatu,2026-08-07,true,true,false,false,false,false,false,false,true,false,false,false,review,true,false,P1_ADD_VERIFIED_ANCHOR,"[""missing_decision_anchor"",""missing_not_for"",""weak_location_identity""]",359,1272,480,1272
bambu-pilates,Bambu Pilates,uluwatu-bukit,yoga,Bingin / Pecatu,2026-07-20,true,true,false,false,false,false,false,false,true,false,false,false,review,true,false,P1_ADD_VERIFIED_ANCHOR,"[""missing_decision_anchor"",""missing_not_for"",""weak_location_identity""]",359,1272,480,1272
bluvana-reformer-studio,Bluvana Reformer Studio,uluwatu-bukit,yoga,Cemongkak / Pecatu,2026-07-20,true,true,false,false,false,false,false,false,true,false,false,false,review,true,false,P1_ADD_VERIFIED_ANCHOR,"[""missing_decision_anchor"",""missing_not_for"",""weak_location_identity""]",359,1272,480,1272
morning-light-yoga,Morning Light Yoga,uluwatu-bukit,yoga,Suluban / Pecatu,2026-07-28,true,true,false,false,false,false,false,false,true,false,false,false,review,true,false,P1_ADD_VERIFIED_ANCHOR,"[""missing_decision_anchor"",""missing_not_for"",""weak_location_identity""]",359,1272,480,1272
naya-uluwatu,NAYA Uluwatu,uluwatu-bukit,yoga,Pecatu,2026-07-20,true,true,false,false,false,false,false,false,true,false,false,false,review,true,false,P1_ADD_VERIFIED_ANCHOR,"[""missing_decision_anchor"",""missing_not_for"",""weak_location_identity""]",359,1272,480,1272
reform-pilates-bingin,Reform Pilates Bingin,uluwatu-bukit,yoga,Bingin / Pecatu,2026-08-07,true,true,false,false,false,false,false,false,true,false,false,false,review,true,false,P1_ADD_VERIFIED_ANCHOR,"[""missing_decision_anchor"",""missing_not_for"",""weak_location_identity""]",359,1272,480,1272
reform-uluwatu,Reform+ Uluwatu,uluwatu-bukit,yoga,Pecatu,2026-07-20,true,true,false,false,false,false,false,false,true,false,false,false,review,true,false,P1_ADD_VERIFIED_ANCHOR,"[""missing_decision_anchor"",""missing_not_for"",""weak_location_identity""]",359,1272,480,1272
six-senses-uluwatu-pilates,Six Senses Uluwatu Pilates,uluwatu-bukit,yoga,Pecatu,null,true,true,false,false,false,false,false,false,true,false,false,false,review,true,false,P1_ADD_VERIFIED_ANCHOR,"[""missing_decision_anchor"",""missing_not_for"",""missing_verification_date"",""weak_location_identity""]",359,1272,480,1272
six-senses-uluwatu-yoga-pavilion,Six Senses Uluwatu Yoga Pavilion,uluwatu-bukit,yoga,Pecatu,null,true,true,false,false,false,false,false,false,true,false,false,false,review,true,false,P1_ADD_VERIFIED_ANCHOR,"[""missing_decision_anchor"",""missing_not_for"",""missing_verification_date"",""weak_location_identity""]",359,1272,480,1272
the-asa-maia-pilates,The Asa Maia Pilates,uluwatu-bukit,yoga,Suluban / Pecatu,null,true,true,false,false,false,false,false,false,true,false,false,false,review,true,false,P1_ADD_VERIFIED_ANCHOR,"[""missing_decision_anchor"",""missing_not_for"",""missing_verification_date"",""weak_location_identity""]",359,1272,480,1272
the-asa-maia-yoga,The Asa Maia Yoga,uluwatu-bukit,yoga,Suluban / Pecatu,null,true,true,false,false,false,false,false,false,true,false,false,false,review,true,false,P1_ADD_VERIFIED_ANCHOR,"[""missing_decision_anchor"",""missing_not_for"",""missing_verification_date"",""weak_location_identity""]",359,1272,480,1272
the-istana-yoga,The Istana Yoga,uluwatu-bukit,yoga,Suluban / Pecatu,null,true,true,false,false,false,false,false,false,true,false,false,false,review,true,false,P1_ADD_VERIFIED_ANCHOR,"[""missing_decision_anchor"",""missing_not_for"",""missing_verification_date"",""weak_location_identity""]",359,1272,480,1272
monkey-bar-bali,The Monkey Bar,amed,bar,"Bukit Abah, Klungkung (East Bali)",2026-07-28,true,true,false,true,true,false,false,false,true,false,false,false,review,true,true,P2_ADD_NOT_FOR,"[""missing_not_for"",""weak_location_identity"",""raw_order_needs_menu_evidence_check"",""symbolic_price_band_only""]",234,1272,480,1272
bar-vera-bistro-and-wine-bar,Bar Vera Bistro & Wine Bar,canggu,bar,Pererenan / Pantai Pererenan,2026-08-08,true,true,false,true,true,true,false,false,true,true,false,false,published,true,true,P2_ADD_NOT_FOR,"[""missing_not_for"",""raw_order_needs_menu_evidence_check""]",234,1272,480,1272
bali-barber-canggu,Bali Barber Canggu,canggu,beauty,Canggu,2026-07-13,true,true,false,true,false,false,false,false,false,true,false,false,review,true,true,P2_ADD_NOT_FOR,"[""missing_not_for"",""symbolic_price_band_only""]",234,1272,480,1272
goldust-beauty-facials-canggu,Goldust Beauty / Facials,canggu,beauty,Canggu,2026-07-28,true,true,false,true,false,false,false,false,true,true,false,false,review,true,true,P2_ADD_NOT_FOR,"[""missing_not_for"",""symbolic_price_band_only""]",234,1272,480,1272
the-shampoo-lounge-canggu,HairShop Canggu,canggu,beauty,Berawa / Canggu,2026-07-29,true,true,false,true,false,false,true,false,true,true,false,false,review,true,true,P2_ADD_NOT_FOR,"[""missing_not_for"",""symbolic_price_band_only""]",234,1272,480,1272
jet-black-ginger-canggu-canggu,Jet Black Ginger Canggu,canggu,beauty,Canggu,2026-07-29,true,true,false,true,false,false,false,false,true,true,false,false,review,true,true,P2_ADD_NOT_FOR,"[""missing_not_for"",""symbolic_price_band_only""]",234,1272,480,1272
therapy-hair-spa-canggu-canggu,Therapy Hair & Spa Canggu,canggu,beauty,Canggu,2026-07-29,true,true,false,true,false,false,true,false,true,true,false,false,review,true,true,P2_ADD_NOT_FOR,"[""missing_not_for"",""symbolic_price_band_only""]",234,1272,480,1272
think-pink-nails-canggu-canggu,Think Pink Nails Canggu,canggu,beauty,Canggu,2026-07-29,true,true,false,true,false,false,true,false,true,true,false,false,review,true,true,P2_ADD_NOT_FOR,"[""missing_not_for"",""symbolic_price_band_only""]",234,1272,480,1272
cafe-vida-healthy-organic-restaurant-canggu,CAFE VIDA Healthy Organic Restaurant Canggu,canggu,cafe,Batu Bolong,2026-08-08,true,true,false,true,false,true,false,false,true,true,false,false,published,true,true,P2_ADD_NOT_FOR,"[""missing_not_for""]",234,1272,480,1272
bambou-cafe-and-lagree-cemagi,Bambou Café & Lagree Cemagi,canggu,fitness,Cemagi / Mengening,2026-08-08,true,true,false,true,true,true,false,false,true,true,false,false,published,true,true,P2_ADD_NOT_FOR,"[""missing_not_for"",""raw_order_needs_menu_evidence_check""]",234,1272,480,1272
jungle-padel-canggu-canggu,Jungle Padel Canggu,canggu,fitness,Canggu shortcut / verify branch,2026-07-28,true,true,false,true,false,false,true,false,true,true,false,false,review,true,true,P2_ADD_NOT_FOR,"[""missing_not_for"",""symbolic_price_band_only""]",234,1272,480,1272
nirvana-life-bali-canggu,Nirvana Life Bali,canggu,fitness,Berawa / Canggu,2026-07-28,true,true,false,true,false,false,true,false,true,true,false,false,review,true,true,P2_ADD_NOT_FOR,"[""missing_not_for"",""symbolic_price_band_only""]",234,1272,480,1272
obsidian-gym-bali-canggu,Obsidian Gym Bali,canggu,fitness,Canggu,2026-07-28,true,true,false,true,false,false,true,false,true,true,false,false,review,true,true,P2_ADD_NOT_FOR,"[""missing_not_for"",""symbolic_price_band_only""]",234,1272,480,1272
soma-fight-club-canggu,SOMA Fight Club,canggu,fitness,Canggu,2026-07-28,true,true,false,true,false,false,true,false,true,true,false,false,review,true,true,P2_ADD_NOT_FOR,"[""missing_not_for"",""symbolic_price_band_only""]",234,1272,480,1272
the-canggu-studio-canggu,The Canggu Studio,canggu,fitness,Canggu,2026-08-07,true,true,false,true,false,false,true,false,true,true,false,false,review,true,true,P2_ADD_NOT_FOR,"[""missing_not_for"",""symbolic_price_band_only""]",234,1272,480,1272
wanderlust-fitness-village-canggu,Wanderlust Fitness Village,canggu,fitness,Canggu / Padonan,2026-07-28,true,true,false,true,false,false,true,false,true,true,false,false,review,true,true,P2_ADD_NOT_FOR,"[""missing_not_for"",""symbolic_price_band_only""]",234,1272,480,1272
12-urban-cafe-breakfast-and-dinner-movie-night-cocktail-bar-canggu,12 Urban Cafe - Breakfast & Dinner | Movie night | Cocktail Bar Canggu,canggu,restaurant,Canggu,2026-08-08,true,true,false,true,true,true,true,false,true,true,false,false,published,true,true,P2_ADD_NOT_FOR,"[""missing_not_for"",""raw_order_needs_menu_evidence_check""]",234,1272,480,1272
caffe-torino-by-venticinque-group-at-grand-srikandi-mansion,Caffè Torino by Venticinque Group at Grand Srikandi Mansion,canggu,restaurant,Canggu,2026-08-08,true,true,false,true,true,true,true,false,true,true,false,false,published,true,true,P2_ADD_NOT_FOR,"[""missing_not_for"",""raw_order_needs_menu_evidence_check""]",234,1272,480,1272
cocomo-at-canggu,Cocomo at Canggu,canggu,restaurant,Canggu,2026-08-08,true,true,false,true,true,true,true,false,true,true,false,false,published,true,true,P2_ADD_NOT_FOR,"[""missing_not_for"",""raw_order_needs_menu_evidence_check""]",234,1272,480,1272
green-spot-cafe,Green Spot Cafe,canggu,restaurant,Canggu,2026-08-08,true,true,false,true,true,true,true,false,true,true,false,false,published,true,true,P2_ADD_NOT_FOR,"[""missing_not_for"",""raw_order_needs_menu_evidence_check""]",234,1272,480,1272
honey-kitchen,Honey Kitchen,canggu,restaurant,Pererenan,2026-08-08,true,true,false,true,false,true,false,false,true,true,false,false,published,true,true,P2_ADD_NOT_FOR,"[""missing_not_for""]",234,1272,480,1272
ji-restaurant-bali,Ji Restaurant Bali,canggu,restaurant,Batu Bolong Beach,2026-08-07,true,true,false,true,true,false,true,false,true,true,false,false,review,true,true,P2_ADD_NOT_FOR,"[""missing_not_for"",""raw_order_needs_menu_evidence_check"",""symbolic_price_band_only""]",234,1272,480,1272
luma,Luma,canggu,restaurant,Batu Bolong,2026-08-04,true,true,false,true,true,false,false,false,true,true,false,false,review,true,true,P2_ADD_NOT_FOR,"[""missing_not_for"",""raw_order_needs_menu_evidence_check"",""symbolic_price_band_only""]",234,1272,480,1272
santanera,Santanera,canggu,restaurant,Tanah Barak,2026-08-04,true,true,false,true,true,false,false,false,true,true,false,false,review,true,true,P2_ADD_NOT_FOR,"[""missing_not_for"",""raw_order_needs_menu_evidence_check"",""symbolic_price_band_only""]",234,1272,480,1272
the-flow-bali,The Flow Bali,canggu,restaurant,Pererenan,2026-08-08,true,true,false,true,true,true,true,false,true,true,false,false,published,true,true,P2_ADD_NOT_FOR,"[""missing_not_for"",""raw_order_needs_menu_evidence_check""]",234,1272,480,1272
ulekan-berawa,Ulekan Berawa,canggu,restaurant,Berawa,2026-08-04,true,true,false,true,true,false,false,false,true,true,false,false,review,true,true,P2_ADD_NOT_FOR,"[""missing_not_for"",""raw_order_needs_menu_evidence_check"",""symbolic_price_band_only""]",234,1272,480,1272
warung-nonii,Warung Nonii,canggu,restaurant,Batu Bolong / Berawa,2026-07-28,true,true,false,true,true,false,false,false,true,true,false,false,review,true,true,P2_ADD_NOT_FOR,"[""missing_not_for"",""raw_order_needs_menu_evidence_check"",""symbolic_price_band_only""]",234,1272,480,1272
woods-bali,Woods Bali,canggu,restaurant,Pererenan,2026-08-04,true,true,false,true,false,false,true,false,true,true,false,false,review,true,true,P2_ADD_NOT_FOR,"[""missing_not_for"",""symbolic_price_band_only""]",234,1272,480,1272
body-factory-bali-recovery-canggu,Body Factory Bali Recovery,canggu,spa,Nelayan / Canggu,2026-07-28,true,true,false,true,false,false,true,false,true,true,false,false,review,true,true,P2_ADD_NOT_FOR,"[""missing_not_for"",""symbolic_price_band_only""]",234,1272,480,1272
espace-spa-canggu-canggu,Espace Spa Canggu,canggu,spa,Canggu,2026-08-08,true,true,false,true,true,true,true,false,true,true,false,false,published,true,true,P2_ADD_NOT_FOR,"[""missing_not_for"",""raw_order_needs_menu_evidence_check""]",234,1272,480,1272
goldust-spa-canggu,Goldust Spa,canggu,spa,Canggu,2026-08-08,true,true,false,true,true,true,false,false,true,true,false,false,published,true,true,P2_ADD_NOT_FOR,"[""missing_not_for"",""raw_order_needs_menu_evidence_check""]",234,1272,480,1272
nail-lesss-canggu,Nail Lesss Canggu,canggu,spa,Pererenan,2026-08-07,true,true,false,true,true,false,false,false,true,true,false,false,review,true,true,P2_ADD_NOT_FOR,"[""missing_not_for"",""raw_order_needs_menu_evidence_check"",""symbolic_price_band_only""]",234,1272,480,1272
only-nails-pererenan,Only Nails Pererenan,canggu,spa,Pererenan,2026-08-04,true,true,false,true,true,false,true,false,true,true,false,false,review,true,true,P2_ADD_NOT_FOR,"[""missing_not_for"",""raw_order_needs_menu_evidence_check"",""symbolic_price_band_only""]",234,1272,480,1272
rite-bali-recovery-canggu,RITE Bali Recovery,canggu,spa,Pererenan,2026-07-28,true,true,false,true,false,false,true,false,true,true,false,false,review,true,true,P2_ADD_NOT_FOR,"[""missing_not_for"",""symbolic_price_band_only""]",234,1272,480,1272
spring-spa-canggu,Spring Spa Canggu,canggu,spa,Batu Bolong / Canggu,2026-08-07,true,true,false,true,false,false,true,false,true,true,false,false,review,true,true,P2_ADD_NOT_FOR,"[""missing_not_for"",""symbolic_price_band_only""]",234,1272,480,1272
swarna-spa-and-wellness,Swarna Spa and Wellness,canggu,spa,Pererenan,2026-07-28,true,true,false,true,true,false,false,false,true,true,false,false,review,true,true,P2_ADD_NOT_FOR,"[""missing_not_for"",""raw_order_needs_menu_evidence_check"",""symbolic_price_band_only""]",234,1272,480,1272
therapy-canggu-canggu,Therapy Canggu,canggu,spa,Batu Bolong / Canggu,2026-07-28,true,true,false,true,false,false,true,false,true,true,false,false,review,true,true,P2_ADD_NOT_FOR,"[""missing_not_for"",""symbolic_price_band_only""]",234,1272,480,1272
therapy-day-spa-pererenan,Therapy Day Spa Pererenan,canggu,spa,Pererenan,2026-07-29,true,true,false,true,true,false,false,false,true,true,false,false,review,true,true,P2_ADD_NOT_FOR,"[""missing_not_for"",""raw_order_needs_menu_evidence_check"",""symbolic_price_band_only""]",234,1272,480,1272
tonic-day-spa-botanicals-canggu,Tonic Day Spa & Botanicals,canggu,spa,Berawa / Canggu,2026-07-28,true,true,false,true,false,false,false,false,true,true,false,false,review,true,true,P2_ADD_NOT_FOR,"[""missing_not_for"",""symbolic_price_band_only""]",234,1272,480,1272
desa-seni-yoga,Desa Seni Yoga,canggu,yoga,Berawa boundary / verify pin,2026-07-28,true,true,false,true,false,false,false,false,true,true,false,false,review,true,true,P2_ADD_NOT_FOR,"[""missing_not_for"",""symbolic_price_band_only""]",234,1272,480,1272
ecosfera-yoga-canggu-canggu,Ecosfera Yoga Canggu,canggu,yoga,Batu Mejan / Echo Beach,2026-07-28,true,true,false,true,false,false,false,false,true,true,false,false,review,true,true,P2_ADD_NOT_FOR,"[""missing_not_for"",""symbolic_price_band_only""]",234,1272,480,1272
mission-flow-studio,Mission Flow Studio,canggu,yoga,Pererenan,2026-08-07,true,true,false,true,true,false,false,false,true,true,false,false,review,true,true,P2_ADD_NOT_FOR,"[""missing_not_for"",""raw_order_needs_menu_evidence_check"",""symbolic_price_band_only""]",234,1272,480,1272
rite-bali-yoga-canggu,RITE Bali Yoga,canggu,yoga,Pererenan,2026-07-28,true,true,false,true,false,false,true,false,true,true,false,false,review,true,true,P2_ADD_NOT_FOR,"[""missing_not_for"",""symbolic_price_band_only""]",234,1272,480,1272
serenity-eco-guesthouse-yoga-canggu,Serenity Eco Guesthouse & Yoga,canggu,yoga,Nelayan / Canggu,2026-07-28,true,true,false,true,false,false,true,false,true,true,false,false,review,true,true,P2_ADD_NOT_FOR,"[""missing_not_for"",""symbolic_price_band_only""]",234,1272,480,1272
the-canggu-studio-yoga-canggu,The Canggu Studio Yoga,canggu,yoga,Canggu,2026-07-29,true,true,false,true,false,false,true,false,true,true,false,false,review,true,true,P2_ADD_NOT_FOR,"[""missing_not_for"",""symbolic_price_band_only""]",234,1272,480,1272
the-practice-bali-canggu,The Practice Bali,canggu,yoga,Batu Bolong / Canggu,2026-07-29,true,true,false,true,false,false,true,false,true,true,false,false,review,true,true,P2_ADD_NOT_FOR,"[""missing_not_for"",""symbolic_price_band_only""]",234,1272,480,1272
akua-mediterranean,AKUA Mediterranean,jimbaran,bar,Jimbaran,2026-07-29,true,true,false,true,true,false,false,false,true,true,false,false,review,true,true,P2_ADD_NOT_FOR,"[""missing_not_for"",""raw_order_needs_menu_evidence_check"",""symbolic_price_band_only""]",234,1272,480,1272
sunset-beach-bar-and-grill,Sunset Beach Bar & Grill,jimbaran,bar,Jimbaran,2026-07-28,true,true,false,true,true,false,false,false,true,true,false,false,review,true,true,P2_ADD_NOT_FOR,"[""missing_not_for"",""raw_order_needs_menu_evidence_check"",""symbolic_price_band_only""]",234,1272,480,1272
unique-rooftop-bar-and-restaurant,UNIQUE Rooftop Bar & Restaurant,jimbaran,bar,Jimbaran,2026-07-28,true,true,false,true,true,false,false,false,true,true,false,false,review,true,true,P2_ADD_NOT_FOR,"[""missing_not_for"",""raw_order_needs_menu_evidence_check"",""symbolic_price_band_only""]",234,1272,480,1272
bali-barber-jimbaran,Bali Barber Jimbaran,jimbaran,beauty,Jimbaran,2026-07-13,true,true,false,true,false,false,false,false,false,true,false,false,review,true,true,P2_ADD_NOT_FOR,"[""missing_not_for"",""symbolic_price_band_only""]",234,1272,480,1272
intercontinental-bali-resort-beauty-services-jimbaran,InterContinental Bali Resort Beauty Services,jimbaran,beauty,Jimbaran Bay / Muaya,2026-07-28,true,true,false,true,false,false,true,false,true,true,false,false,review,true,true,P2_ADD_NOT_FOR,"[""missing_not_for"",""symbolic_price_band_only""]",234,1272,480,1272
jimbaran-hair-beauty-studio,Jimbaran Hair & Beauty Studio,jimbaran,beauty,Jimbaran,2026-07-13,true,true,false,true,false,false,false,false,false,true,false,false,review,true,true,P2_ADD_NOT_FOR,"[""missing_not_for"",""symbolic_price_band_only""]",234,1272,480,1272
martha-tilaar-salon-day-spa-jimbaran,Martha Tilaar Salon Day Spa Jimbaran,jimbaran,beauty,Jimbaran,2026-07-28,true,true,false,true,false,false,true,false,true,true,false,false,review,true,true,P2_ADD_NOT_FOR,"[""missing_not_for"",""symbolic_price_band_only""]",234,1272,480,1272
jimbaran-hub-fitness-classes-jimbaran,Jimbaran Hub Fitness / Classes,jimbaran,fitness,Jimbaran,2026-07-29,true,true,false,true,false,false,false,false,true,true,false,false,review,true,true,P2_ADD_NOT_FOR,"[""missing_not_for"",""symbolic_price_band_only""]",234,1272,480,1272
jimbaran-warrior,Jimbaran Warrior,jimbaran,fitness,Jimbaran,2026-07-29,true,true,false,true,false,false,false,false,true,true,false,false,review,true,true,P2_ADD_NOT_FOR,"[""missing_not_for"",""symbolic_price_band_only""]",234,1272,480,1272
karma-jimbaran-fitness-jimbaran,Karma Jimbaran Fitness,jimbaran,fitness,Jimbaran Bay / villa resort,2026-07-28,true,true,false,true,false,false,true,false,true,true,false,false,review,true,true,P2_ADD_NOT_FOR,"[""missing_not_for"",""symbolic_price_band_only""]",234,1272,480,1272
azure-beach-restaurant,Azure beach club & restaurant Jimbaran,jimbaran,restaurant,Kuta; Jimbaran,2026-07-28,true,true,false,true,true,false,true,false,true,true,false,false,review,true,true,P2_ADD_NOT_FOR,"[""missing_not_for"",""raw_order_needs_menu_evidence_check"",""symbolic_price_band_only""]",234,1272,480,1272
bawang-merah-beachfront,Bawang Merah Beachfront,jimbaran,restaurant,Jimbaran,2026-07-29,true,true,false,true,true,false,false,false,true,true,false,false,review,true,true,P2_ADD_NOT_FOR,"[""missing_not_for"",""raw_order_needs_menu_evidence_check"",""symbolic_price_band_only""]",234,1272,480,1272
cuca-restaurant,Cuca Restaurant,jimbaran,restaurant,Jimbaran,2026-07-28,true,true,false,true,true,false,false,false,true,true,false,false,review,true,true,P2_ADD_NOT_FOR,"[""missing_not_for"",""raw_order_needs_menu_evidence_check"",""symbolic_price_band_only""]",234,1272,480,1272
dava-steak-and-seafood,DAVA Steak & Seafood,jimbaran,restaurant,Jimbaran,2026-07-28,true,true,false,true,true,false,false,false,true,true,false,false,review,true,true,P2_ADD_NOT_FOR,"[""missing_not_for"",""raw_order_needs_menu_evidence_check"",""symbolic_price_band_only""]",234,1272,480,1272
kayumanis-resto-jimbaran,Kayumanis Resto Jimbaran,jimbaran,restaurant,Jimbaran,2026-07-28,true,true,false,true,true,false,true,false,true,true,false,false,review,true,true,P2_ADD_NOT_FOR,"[""missing_not_for"",""raw_order_needs_menu_evidence_check"",""symbolic_price_band_only""]",234,1272,480,1272
nyoman-cafe,Nyoman Café,jimbaran,restaurant,Jimbaran,2026-07-28,true,true,false,true,true,false,false,false,true,true,false,false,review,true,true,P2_ADD_NOT_FOR,"[""missing_not_for"",""raw_order_needs_menu_evidence_check"",""symbolic_price_band_only""]",234,1272,480,1272
radja-seafood-cafe,Radja Seafood Cafe,jimbaran,restaurant,Jimbaran,2026-07-28,true,true,false,true,true,false,false,false,true,true,false,false,review,true,true,P2_ADD_NOT_FOR,"[""missing_not_for"",""raw_order_needs_menu_evidence_check"",""symbolic_price_band_only""]",234,1272,480,1272
sundara,Sundara at Four Seasons Bali,jimbaran,restaurant,Jimbaran,2026-07-28,true,true,false,true,true,false,true,false,true,true,false,false,review,true,true,P2_ADD_NOT_FOR,"[""missing_not_for"",""raw_order_needs_menu_evidence_check"",""symbolic_price_band_only""]",234,1272,480,1272
arkipela-spa-at-mo-venpick-jimbaran-jimbaran,Arkipela Spa at Mövenpick Jimbaran,jimbaran,spa,Samasta / upper Muaya,2026-07-28,true,true,false,true,false,false,true,false,true,true,false,false,review,true,true,P2_ADD_NOT_FOR,"[""missing_not_for"",""symbolic_price_band_only""]",234,1272,480,1272
balquisse-spa-jimbaran,Balquisse Spa,jimbaran,spa,Inner Jimbaran,2026-07-28,true,true,false,true,false,false,false,false,true,true,false,false,review,true,true,P2_ADD_NOT_FOR,"[""missing_not_for"",""symbolic_price_band_only""]",234,1272,480,1272
healing-village-spa-at-four-seasons-jimbaran-jimbaran,Healing Village Spa at Four Seasons Jimbaran,jimbaran,spa,Muaya / Four Seasons ridge,2026-07-28,true,true,false,true,false,false,false,false,true,true,false,false,review,true,true,P2_ADD_NOT_FOR,"[""missing_not_for"",""symbolic_price_band_only""]",234,1272,480,1272
jimbaran-bay-beach-resort-spa-jimbaran,Jimbaran Bay Beach Resort Spa,jimbaran,spa,Kedonganan / Jimbaran Bay,2026-07-29,true,true,false,true,false,false,false,false,true,true,false,false,review,true,true,P2_ADD_NOT_FOR,"[""missing_not_for"",""symbolic_price_band_only""]",234,1272,480,1272
karma-spa-at-karma-jimbaran-jimbaran,Karma Spa at Karma Jimbaran,jimbaran,spa,Jimbaran Bay / villa resort,2026-07-28,true,true,false,true,false,false,true,false,true,true,false,false,review,true,true,P2_ADD_NOT_FOR,"[""missing_not_for"",""symbolic_price_band_only""]",234,1272,480,1272
piramid-spa,Piramid Spa,jimbaran,spa,Jimbaran,2026-07-28,true,true,false,true,true,false,false,false,true,false,false,false,review,true,true,P2_ADD_NOT_FOR,"[""missing_not_for"",""weak_location_identity"",""raw_order_needs_menu_evidence_check"",""symbolic_price_band_only""]",234,1272,480,1272
spa-at-rimba-by-ayana-bali-jimbaran,Spa at RIMBA by AYANA Bali,jimbaran,spa,AYANA estate / Jimbaran ridge,2026-07-13,true,true,false,true,false,false,false,false,true,true,false,false,review,true,true,P2_ADD_NOT_FOR,"[""missing_not_for"",""symbolic_price_band_only""]",234,1272,480,1272
thermes-marins-bali-spa-at-ayana-jimbaran,Thermes Marins Bali Spa at AYANA,jimbaran,spa,AYANA estate / Jimbaran ridge,2026-07-28,true,true,false,true,false,false,false,false,true,true,false,false,review,true,true,P2_ADD_NOT_FOR,"[""missing_not_for"",""symbolic_price_band_only""]",234,1272,480,1272
warung-mami-ikan-bakar,Warung Mami ikan bakar,jimbaran,warung,Jimbaran,2026-07-29,true,true,false,true,true,false,false,false,true,true,false,false,review,true,true,P2_ADD_NOT_FOR,"[""missing_not_for"",""raw_order_needs_menu_evidence_check"",""symbolic_price_band_only""]",234,1272,480,1272
warung-ramayana-ikan-bakar,Warung Ramayana Ikan Bakar,jimbaran,warung,Jimbaran,2026-07-28,true,true,false,true,true,false,false,false,true,true,false,false,review,true,true,P2_ADD_NOT_FOR,"[""missing_not_for"",""raw_order_needs_menu_evidence_check"",""symbolic_price_band_only""]",234,1272,480,1272
balquisse-heritage-hotel-yoga-jimbaran,Balquisse Heritage Hotel Yoga,jimbaran,yoga,Inner Jimbaran,2026-07-28,true,true,false,true,false,false,false,false,true,true,false,false,review,true,true,P2_ADD_NOT_FOR,"[""missing_not_for"",""symbolic_price_band_only""]",234,1272,480,1272
jimbaran-hub-yoga-jimbaran,Jimbaran Hub Yoga,jimbaran,yoga,Jimbaran,2026-07-29,true,true,false,true,false,false,true,false,true,true,false,false,review,true,true,P2_ADD_NOT_FOR,"[""missing_not_for"",""symbolic_price_band_only""]",234,1272,480,1272
jasmine-aromatic-house,Jasmine Aromatic House,kuta-legian,spa,Tuban,2026-07-29,true,true,false,true,true,false,false,false,true,false,false,false,review,true,true,P2_ADD_NOT_FOR,"[""missing_not_for"",""weak_location_identity"",""raw_order_needs_menu_evidence_check"",""symbolic_price_band_only""]",234,1272,480,1272
8lements-spa-saranam,8LEMENTS Spa at HOMM Saranam,munduk,spa,"Baturiti, Bedugul highlands",2026-07-28,true,true,false,true,true,false,false,false,true,false,false,false,review,true,true,P2_ADD_NOT_FOR,"[""missing_not_for"",""weak_location_identity"",""raw_order_needs_menu_evidence_check"",""symbolic_price_band_only""]",234,1272,480,1272
canna-beach-club,Canna Beach Club,nusa-dua,beach_club,Nusa Dua (Benoa),2026-07-28,true,true,false,true,true,false,false,false,true,false,false,false,review,true,true,P2_ADD_NOT_FOR,"[""missing_not_for"",""weak_location_identity"",""raw_order_needs_menu_evidence_check"",""symbolic_price_band_only""]",234,1272,480,1272
manarai-beach-house,Manarai Beach House,nusa-dua,beach_club,Nusa Dua,2026-07-28,true,true,false,true,true,false,false,false,true,true,false,false,review,true,true,P2_ADD_NOT_FOR,"[""missing_not_for"",""raw_order_needs_menu_evidence_check"",""symbolic_price_band_only""]",234,1272,480,1272
bali-beauty-salon-nusa-dua,Bali Beauty Salon Nusa Dua,nusa-dua,beauty,Nusa Dua,2026-07-13,true,true,false,true,false,false,false,false,false,true,false,false,review,true,true,P2_ADD_NOT_FOR,"[""missing_not_for"",""symbolic_price_band_only""]",234,1272,480,1272
rev-v-wellness-resort-fitness,REVĪVŌ Wellness Resort Fitness,nusa-dua,fitness,Sawangan / Nusa Dua,2026-07-29,true,true,false,true,false,false,false,false,true,true,false,false,review,true,true,P2_ADD_NOT_FOR,"[""missing_not_for"",""symbolic_price_band_only""]",234,1272,480,1272
arwana,Arwana,nusa-dua,restaurant,Nusa Dua,2026-07-28,true,true,false,true,true,false,false,false,true,true,false,false,review,true,true,P2_ADD_NOT_FOR,"[""missing_not_for"",""raw_order_needs_menu_evidence_check"",""symbolic_price_band_only""]",234,1272,480,1272
bejana-ritz-carlton,"Bejana Restaurant at The Ritz-Carlton, Bali",nusa-dua,restaurant,Nusa Dua,2026-07-28,true,true,false,true,true,false,true,false,true,true,false,false,review,true,true,P2_ADD_NOT_FOR,"[""missing_not_for"",""raw_order_needs_menu_evidence_check"",""symbolic_price_band_only""]",234,1272,480,1272
bumbu-bali,Bumbu Bali,nusa-dua,restaurant,Nusa Dua,2026-07-28,true,true,false,true,true,false,false,false,false,true,false,false,review,true,true,P2_ADD_NOT_FOR,"[""missing_not_for"",""raw_order_needs_menu_evidence_check"",""symbolic_price_band_only""]",234,1272,480,1272
izakaya-by-oku,Izakaya by OKU,nusa-dua,restaurant,Nusa Dua,2026-07-28,true,true,false,true,true,false,false,false,true,true,false,false,review,true,true,P2_ADD_NOT_FOR,"[""missing_not_for"",""raw_order_needs_menu_evidence_check"",""symbolic_price_band_only""]",234,1272,480,1272
kayuputi,Kayuputi Restaurant at The St. Regis Bali Resort,nusa-dua,restaurant,Nusa Dua,2026-07-28,true,true,false,true,true,false,true,false,true,true,false,false,review,true,true,P2_ADD_NOT_FOR,"[""missing_not_for"",""raw_order_needs_menu_evidence_check"",""symbolic_price_band_only""]",234,1272,480,1272
koral,Koral,nusa-dua,restaurant,Nusa Dua,2026-07-28,true,true,false,true,true,false,false,false,true,true,false,false,review,true,true,P2_ADD_NOT_FOR,"[""missing_not_for"",""raw_order_needs_menu_evidence_check"",""symbolic_price_band_only""]",234,1272,480,1272
kubu-garden-restaurant,Kubu Garden Restaurant & Coffee,nusa-dua,restaurant,Tanjung Benoa,2026-07-28,true,true,false,true,true,false,false,false,true,false,false,false,review,true,true,P2_ADD_NOT_FOR,"[""missing_not_for"",""weak_location_identity"",""raw_order_needs_menu_evidence_check"",""symbolic_price_band_only""]",234,1272,480,1272
nusa-dua-beach-grill,Nusa Dua Beach Grill,nusa-dua,restaurant,Nusa Dua,2026-07-28,true,true,false,true,true,false,false,false,true,true,false,false,review,true,true,P2_ADD_NOT_FOR,"[""missing_not_for"",""raw_order_needs_menu_evidence_check"",""symbolic_price_band_only""]",234,1272,480,1272
piasan,Piasan Nusa Dua Restaurant,nusa-dua,restaurant,Nusa Dua,2026-07-28,true,true,false,true,true,false,true,false,true,true,false,false,review,true,true,P2_ADD_NOT_FOR,"[""missing_not_for"",""raw_order_needs_menu_evidence_check"",""symbolic_price_band_only""]",234,1272,480,1272
soleil-at-mulia,Soleil at Mulia,nusa-dua,restaurant,Nusa Dua,2026-07-28,true,true,false,true,true,false,false,false,true,true,false,false,review,true,true,P2_ADD_NOT_FOR,"[""missing_not_for"",""raw_order_needs_menu_evidence_check"",""symbolic_price_band_only""]",234,1272,480,1272
tetaring,Tetaring,nusa-dua,restaurant,Nusa Dua,2026-07-28,true,true,false,true,true,false,false,false,true,true,false,false,review,true,true,P2_ADD_NOT_FOR,"[""missing_not_for"",""raw_order_needs_menu_evidence_check"",""symbolic_price_band_only""]",234,1272,480,1272
the-beach-grill-ritz-carlton,"The Beach Grill at The Ritz-Carlton, Bali",nusa-dua,restaurant,Nusa Dua,2026-07-28,true,true,false,true,true,false,true,false,true,true,false,false,review,true,true,P2_ADD_NOT_FOR,"[""missing_not_for"",""raw_order_needs_menu_evidence_check"",""symbolic_price_band_only""]",234,1272,480,1272
white-orchid-nusa-dua,White Orchid Nusa Dua,nusa-dua,restaurant,Nusa Dua,2026-07-28,true,true,false,true,true,false,false,false,true,true,false,false,review,true,true,P2_ADD_NOT_FOR,"[""missing_not_for"",""raw_order_needs_menu_evidence_check"",""symbolic_price_band_only""]",234,1272,480,1272
retro-kitchen-and-bar,Retro Kitchen and Bar,sanur,bar,Jalan Danau Tamblingan,2026-07-28,true,true,false,true,true,false,false,false,true,true,false,false,review,true,true,P2_ADD_NOT_FOR,"[""missing_not_for"",""raw_order_needs_menu_evidence_check"",""symbolic_price_band_only""]",234,1272,480,1272
bali-barber-sanur-sanur,Bali Barber Sanur,sanur,beauty,Sanur,2026-07-29,true,true,false,true,true,false,true,false,true,true,false,false,review,true,true,P2_ADD_NOT_FOR,"[""missing_not_for"",""raw_order_needs_menu_evidence_check"",""symbolic_price_band_only""]",234,1272,480,1272
good-hair-day-sanur,Good Hair Day Sanur,sanur,beauty,Sanur,2026-07-15,true,true,false,true,false,false,false,false,false,true,false,false,review,true,true,P2_ADD_NOT_FOR,"[""missing_not_for"",""symbolic_price_band_only""]",234,1272,480,1272
martha-tilaar-salon-day-spa-sanur,Martha Tilaar Salon Day Spa Sanur,sanur,beauty,Sanur,2026-07-28,true,true,false,true,false,false,false,false,true,true,false,false,review,true,true,P2_ADD_NOT_FOR,"[""missing_not_for"",""symbolic_price_band_only""]",234,1272,480,1272
aroma-spa-retreat-sanur,Aroma Spa Retreat Sanur,sanur,spa,Sanur,2026-07-13,true,true,false,true,false,false,false,false,true,true,false,false,review,true,true,P2_ADD_NOT_FOR,"[""missing_not_for"",""symbolic_price_band_only""]",234,1272,480,1272
koa-shala-spa-sanur,Koa Shala Spa,sanur,spa,Central/South Sanur,2026-07-29,true,true,false,true,true,false,false,false,true,true,false,false,review,true,true,P2_ADD_NOT_FOR,"[""missing_not_for"",""raw_order_needs_menu_evidence_check"",""symbolic_price_band_only""]",234,1272,480,1272
leha-leha-spa-sanur,Leha Leha Spa Sanur,sanur,spa,Sanur,2026-07-28,true,true,false,true,false,false,true,false,true,true,false,false,review,true,true,P2_ADD_NOT_FOR,"[""missing_not_for"",""symbolic_price_band_only""]",234,1272,480,1272
maya-sanur-spa-sanur,Maya Sanur Spa,sanur,spa,Central-south beachfront,2026-07-28,true,true,false,true,true,false,false,false,true,true,false,false,review,true,true,P2_ADD_NOT_FOR,"[""missing_not_for"",""raw_order_needs_menu_evidence_check"",""symbolic_price_band_only""]",234,1272,480,1272
puri-santrian-spa-sanur,Puri Santrian Spa,sanur,spa,South Sanur,2026-07-28,true,true,false,true,false,false,false,false,true,true,false,false,review,true,true,P2_ADD_NOT_FOR,"[""missing_not_for"",""symbolic_price_band_only""]",234,1272,480,1272
sudajiva-spa-at-sudamala-sanur-sanur,Sudajiva Spa at Sudamala Sanur,sanur,spa,South Sanur / Sudamala,2026-07-28,true,true,false,true,true,false,false,false,true,true,false,false,review,true,true,P2_ADD_NOT_FOR,"[""missing_not_for"",""raw_order_needs_menu_evidence_check"",""symbolic_price_band_only""]",234,1272,480,1272
taru-pramana-spa-sanur,Taru Pramana Spa & Wellness,sanur,spa,Sanur,2026-07-28,true,true,false,true,true,false,false,false,true,false,false,false,review,true,true,P2_ADD_NOT_FOR,"[""missing_not_for"",""weak_location_identity"",""raw_order_needs_menu_evidence_check"",""symbolic_price_band_only""]",234,1272,480,1272
koa-shala-sanur,Koa Shala,sanur,yoga,Central/South Sanur,2026-07-29,true,true,false,true,false,false,false,false,true,true,false,false,review,true,true,P2_ADD_NOT_FOR,"[""missing_not_for"",""symbolic_price_band_only""]",234,1272,480,1272
power-of-now-oasis-sanur,Power of Now Oasis,sanur,yoga,Mertasari / South Sanur,2026-07-28,true,true,false,true,true,false,true,false,true,true,false,false,review,true,true,P2_ADD_NOT_FOR,"[""missing_not_for"",""raw_order_needs_menu_evidence_check"",""symbolic_price_band_only""]",234,1272,480,1272
sudamala-resort-sanur-wellness-yoga-sanur,Sudamala Resort Sanur Wellness / Yoga,sanur,yoga,South Sanur / Sudamala,2026-07-13,true,true,false,true,true,false,false,false,true,true,false,false,review,true,true,P2_ADD_NOT_FOR,"[""missing_not_for"",""raw_order_needs_menu_evidence_check"",""symbolic_price_band_only""]",234,1272,480,1272
potato-head-beach-club,Potato Head Beach Club,seminyak,beach_club,Seminyak,2026-07-28,true,true,false,true,true,false,false,true,true,true,false,false,review,true,true,P2_ADD_NOT_FOR,"[""missing_not_for"",""raw_order_needs_menu_evidence_check"",""symbolic_price_band_only""]",234,1272,480,1272
bodyworks-beauty-seminyak-seminyak,Bodyworks Beauty Seminyak,seminyak,beauty,Seminyak,2026-07-28,true,true,false,true,false,false,true,false,true,true,false,false,review,true,true,P2_ADD_NOT_FOR,"[""missing_not_for"",""symbolic_price_band_only""]",234,1272,480,1272
cocoon-medical-spa-seminyak-seminyak,Cocoon Medical Spa Seminyak,seminyak,beauty,Seminyak,2026-07-28,true,true,false,true,false,false,true,false,true,true,false,false,review,true,true,P2_ADD_NOT_FOR,"[""missing_not_for"",""symbolic_price_band_only""]",234,1272,480,1272
rejuvie-aesthetic-bali-seminyak-seminyak,Rejuvie Aesthetic Bali Seminyak,seminyak,beauty,Seminyak,2026-07-28,true,true,false,true,false,false,true,false,true,true,false,false,review,true,true,P2_ADD_NOT_FOR,"[""missing_not_for"",""symbolic_price_band_only""]",234,1272,480,1272
therapy-hair-spa-seminyak,Therapy Hair & Spa Seminyak,seminyak,beauty,Seminyak,2026-07-29,true,true,false,true,false,false,true,false,true,true,false,false,review,true,true,P2_ADD_NOT_FOR,"[""missing_not_for"",""symbolic_price_band_only""]",234,1272,480,1272
think-pink-nails-seminyak,Think Pink Nails Seminyak,seminyak,beauty,Seminyak,2026-07-29,true,true,false,true,false,false,true,false,true,true,false,false,review,true,true,P2_ADD_NOT_FOR,"[""missing_not_for"",""symbolic_price_band_only""]",234,1272,480,1272
biku,Biku,seminyak,cafe,Seminyak,2026-07-29,true,true,false,true,true,false,false,false,true,true,false,false,review,true,true,P2_ADD_NOT_FOR,"[""missing_not_for"",""raw_order_needs_menu_evidence_check"",""symbolic_price_band_only""]",234,1272,480,1272
pison-petitenget,"Pison, Petitenget",seminyak,cafe,Seminyak,2026-07-28,true,true,false,true,true,false,false,false,true,true,false,false,review,true,true,P2_ADD_NOT_FOR,"[""missing_not_for"",""raw_order_needs_menu_evidence_check"",""symbolic_price_band_only""]",234,1272,480,1272
sisterfields,Sisterfields,seminyak,cafe,Seminyak,2026-07-28,true,true,false,true,true,false,false,true,true,true,false,false,review,true,true,P2_ADD_NOT_FOR,"[""missing_not_for"",""raw_order_needs_menu_evidence_check"",""symbolic_price_band_only""]",234,1272,480,1272
15fit-seminyak,15FIT Seminyak,seminyak,fitness,Seminyak,2026-07-28,true,true,false,true,false,false,false,false,true,true,false,false,review,true,true,P2_ADD_NOT_FOR,"[""missing_not_for"",""symbolic_price_band_only""]",234,1272,480,1272
2befit-bali,2befit Bali,seminyak,fitness,Sunset Road,2026-07-28,true,true,false,true,false,false,false,false,true,false,false,false,review,true,true,P2_ADD_NOT_FOR,"[""missing_not_for"",""weak_location_identity"",""symbolic_price_band_only""]",234,1272,480,1272
avenue-fitness-bali,Avenue Fitness Bali,seminyak,fitness,Seminyak,2026-07-28,true,true,false,true,false,false,true,false,true,true,false,false,review,true,true,P2_ADD_NOT_FOR,"[""missing_not_for"",""symbolic_price_band_only""]",234,1272,480,1272
motion-fitness-bali-seminyak,Motion Fitness Bali Seminyak,seminyak,fitness,Seminyak,2026-07-13,true,true,false,true,false,false,false,false,true,true,false,false,review,true,true,P2_ADD_NOT_FOR,"[""missing_not_for"",""symbolic_price_band_only""]",234,1272,480,1272
prana-spa-yoga-fitness-adjacent-seminyak,Prana Spa / Yoga fitness-adjacent,seminyak,fitness,Seminyak,2026-07-28,true,true,false,true,false,false,true,false,true,true,false,false,review,true,true,P2_ADD_NOT_FOR,"[""missing_not_for"",""symbolic_price_band_only""]",234,1272,480,1272
soham-pilates-class-program-seminyak,Soham Pilates / Class Program,seminyak,fitness,Petitenget / Seminyak,2026-07-28,true,true,false,true,false,false,false,false,true,true,false,false,review,true,true,P2_ADD_NOT_FOR,"[""missing_not_for"",""symbolic_price_band_only""]",234,1272,480,1272
bambu,Bambu,seminyak,restaurant,Seminyak,2026-07-28,true,true,false,true,true,false,false,false,true,true,false,false,review,true,true,P2_ADD_NOT_FOR,"[""missing_not_for"",""raw_order_needs_menu_evidence_check"",""symbolic_price_band_only""]",234,1272,480,1272
boyncow,Boy'N'Cow,seminyak,restaurant,Seminyak,2026-07-28,true,true,false,true,true,false,true,true,true,true,false,false,review,true,true,P2_ADD_NOT_FOR,"[""missing_not_for"",""raw_order_needs_menu_evidence_check"",""symbolic_price_band_only""]",234,1272,480,1272
gambinos-bali,Gambinos Bali,seminyak,restaurant,Jl. Kayu Aya (Oberoi),2026-07-28,true,true,false,true,true,false,false,false,true,false,false,false,review,true,true,P2_ADD_NOT_FOR,"[""missing_not_for"",""weak_location_identity"",""raw_order_needs_menu_evidence_check"",""symbolic_price_band_only""]",234,1272,480,1272
kilo-kitchen-bali-seminyak,Kilo Kitchen Bali - Seminyak,seminyak,restaurant,Seminyak,2026-07-28,true,true,false,true,true,false,true,true,true,true,false,false,review,true,true,P2_ADD_NOT_FOR,"[""missing_not_for"",""raw_order_needs_menu_evidence_check"",""symbolic_price_band_only""]",234,1272,480,1272
ling-lings-bali,Ling-Ling's Bali,seminyak,restaurant,Seminyak,2026-07-28,true,true,false,true,true,false,true,true,true,true,false,false,review,true,true,P2_ADD_NOT_FOR,"[""missing_not_for"",""raw_order_needs_menu_evidence_check"",""symbolic_price_band_only""]",234,1272,480,1272
mamasan-bali,Mamasan Bali,seminyak,restaurant,Kerobokan Kelod,2026-07-24,true,true,false,true,true,false,false,true,true,true,false,false,review,true,true,P2_ADD_NOT_FOR,"[""missing_not_for"",""raw_order_needs_menu_evidence_check"",""symbolic_price_band_only""]",234,1272,480,1272
merah-putih-indonesian-restaurant,Merah Putih | Indonesian Restaurant,seminyak,restaurant,Seminyak,2026-07-28,true,true,false,true,true,false,true,true,true,true,false,false,review,true,true,P2_ADD_NOT_FOR,"[""missing_not_for"",""raw_order_needs_menu_evidence_check"",""symbolic_price_band_only""]",234,1272,480,1272
sangsaka,Sangsaka,seminyak,restaurant,Kerobokan Kelod,2026-07-24,true,true,false,true,true,false,false,false,true,true,false,false,review,true,true,P2_ADD_NOT_FOR,"[""missing_not_for"",""raw_order_needs_menu_evidence_check"",""symbolic_price_band_only""]",234,1272,480,1272
sardine,Sardine,seminyak,restaurant,Seminyak,2026-07-29,true,true,false,true,true,false,false,false,true,true,false,false,review,true,true,P2_ADD_NOT_FOR,"[""missing_not_for"",""raw_order_needs_menu_evidence_check"",""symbolic_price_band_only""]",234,1272,480,1272
sea-circus,Sea Circus Restaurant & Bar,seminyak,restaurant,Seminyak,2026-07-28,true,true,false,true,true,false,true,false,true,true,false,false,review,true,true,P2_ADD_NOT_FOR,"[""missing_not_for"",""raw_order_needs_menu_evidence_check"",""symbolic_price_band_only""]",234,1272,480,1272
waroeng-bernadette,Waroeng Bernadette at Seminyak,seminyak,restaurant,Seminyak,2026-07-28,true,true,false,true,true,false,true,false,true,true,false,false,review,true,true,P2_ADD_NOT_FOR,"[""missing_not_for"",""raw_order_needs_menu_evidence_check"",""symbolic_price_band_only""]",234,1272,480,1272
de-nyuh-spa-seminyak,De Nyuh Spa Seminyak,seminyak,spa,Seminyak,2026-07-28,true,true,false,true,false,false,true,false,true,true,false,false,review,true,true,P2_ADD_NOT_FOR,"[""missing_not_for"",""symbolic_price_band_only""]",234,1272,480,1272
soham-wellness-spa-seminyak,Soham Wellness Spa,seminyak,spa,Petitenget / Seminyak,2026-07-28,true,true,false,true,false,false,true,false,true,true,false,false,review,true,true,P2_ADD_NOT_FOR,"[""missing_not_for"",""symbolic_price_band_only""]",234,1272,480,1272
spring-spa-seminyak,Spring Spa Seminyak,seminyak,spa,Seminyak,2026-07-28,true,true,false,true,false,false,true,false,true,true,false,false,review,true,true,P2_ADD_NOT_FOR,"[""missing_not_for"",""symbolic_price_band_only""]",234,1272,480,1272
warung-nia-balinese-food-and-pork-ribs,Warung Nia Balinese Food & Pork Ribs,seminyak,warung,Seminyak,2026-07-29,true,true,false,true,true,false,false,true,true,true,false,false,review,true,true,P2_ADD_NOT_FOR,"[""missing_not_for"",""raw_order_needs_menu_evidence_check"",""symbolic_price_band_only""]",234,1272,480,1272
olop-iyengar-yoga,Olop Iyengar Yoga,seminyak,yoga,Petitenget,2026-07-28,true,true,false,true,false,false,false,false,true,false,false,false,review,true,true,P2_ADD_NOT_FOR,"[""missing_not_for"",""weak_location_identity"",""symbolic_price_band_only""]",234,1272,480,1272
seminyak-yoga-shala,Seminyak Yoga Shala,seminyak,yoga,Seminyak,2026-07-28,true,true,false,true,false,false,false,false,true,true,false,false,review,true,true,P2_ADD_NOT_FOR,"[""missing_not_for"",""symbolic_price_band_only""]",234,1272,480,1272
soham-yoga-seminyak,Soham Yoga,seminyak,yoga,Petitenget / Seminyak,2026-07-28,true,true,false,true,false,false,false,false,true,true,false,false,review,true,true,P2_ADD_NOT_FOR,"[""missing_not_for"",""symbolic_price_band_only""]",234,1272,480,1272
bali-barber-ubud,Bali Barber Ubud,ubud,beauty,Ubud,2026-07-13,true,true,false,true,false,false,false,false,false,true,false,false,review,true,true,P2_ADD_NOT_FOR,"[""missing_not_for"",""symbolic_price_band_only""]",234,1272,480,1272
coco-nails-ubud,Coco Nails Ubud,ubud,beauty,Ubud,2026-07-29,true,true,false,true,false,false,false,false,false,true,false,false,review,true,true,P2_ADD_NOT_FOR,"[""missing_not_for"",""symbolic_price_band_only""]",234,1272,480,1272
dala-spa-beauty-at-alaya-ubud-ubud,DaLa Spa Beauty at Alaya Ubud,ubud,beauty,Pengosekan,2026-07-28,true,true,false,true,false,false,true,false,true,true,false,false,review,true,true,P2_ADD_NOT_FOR,"[""missing_not_for"",""symbolic_price_band_only""]",234,1272,480,1272
svaha-spa-beauty-ubud-ubud,Svaha Spa Beauty Ubud,ubud,beauty,Bisma,2026-07-28,true,true,false,true,false,false,true,false,true,false,false,false,review,true,true,P2_ADD_NOT_FOR,"[""missing_not_for"",""weak_location_identity"",""symbolic_price_band_only""]",234,1272,480,1272
taksu-spa-beauty-ubud,Taksu Spa Beauty,ubud,beauty,Ubud Centre,2026-07-28,true,true,false,true,false,false,true,false,true,true,false,false,review,true,true,P2_ADD_NOT_FOR,"[""missing_not_for"",""symbolic_price_band_only""]",234,1272,480,1272
ubud-beauty-salon,Ubud Beauty Salon,ubud,beauty,Ubud,2026-07-13,true,true,false,true,false,false,false,false,false,true,false,false,review,true,true,P2_ADD_NOT_FOR,"[""missing_not_for"",""symbolic_price_band_only""]",234,1272,480,1272
gelato-secrets-ubud,Gelato Secrets Ubud,ubud,cafe,Ubud,null,true,true,false,true,true,false,false,false,true,true,false,false,review,true,true,P2_ADD_NOT_FOR,"[""missing_not_for"",""missing_verification_date"",""raw_order_needs_menu_evidence_check"",""symbolic_price_band_only""]",234,1272,480,1272
maya-ubud-fitness-centre-ubud,Maya Ubud Fitness Centre,ubud,fitness,Peliatan / Ubud edge,2026-07-29,true,true,false,true,false,false,false,false,true,true,false,false,review,true,true,P2_ADD_NOT_FOR,"[""missing_not_for"",""symbolic_price_band_only""]",234,1272,480,1272
titi-batu-ubud-club-ubud,Titi Batu Ubud Club,ubud,fitness,null,2026-07-28,true,true,false,true,false,false,true,false,true,false,false,false,review,true,true,P2_ADD_NOT_FOR,"[""missing_not_for"",""weak_location_identity"",""symbolic_price_band_only""]",234,1272,480,1272
ubud-fitness-center,Ubud Fitness Center,ubud,fitness,Ubud,2026-08-07,true,true,false,true,false,false,false,false,true,true,false,false,review,true,true,P2_ADD_NOT_FOR,"[""missing_not_for"",""symbolic_price_band_only""]",234,1272,480,1272
ubud-gym,Ubud Gym,ubud,fitness,null,2026-08-07,true,true,false,true,false,false,true,false,false,false,false,false,review,true,true,P2_ADD_NOT_FOR,"[""missing_not_for"",""weak_location_identity"",""symbolic_price_band_only""]",234,1272,480,1272
ubud-pilates,Ubud Pilates,ubud,fitness,Ubud,2026-07-28,true,true,false,true,false,false,false,false,true,true,false,false,review,true,true,P2_ADD_NOT_FOR,"[""missing_not_for"",""symbolic_price_band_only""]",234,1272,480,1272
bali-botanica-spa,Bali Botanica by Oneworld Ayurveda,ubud,spa,Sanggingan / Kedewatan,2026-07-29,true,true,false,true,true,false,true,false,true,true,false,false,review,true,true,P2_ADD_NOT_FOR,"[""missing_not_for"",""raw_order_needs_menu_evidence_check"",""symbolic_price_band_only""]",234,1272,480,1272
cantika-zest,Cantika Zest,ubud,spa,Penestanan,2026-08-07,true,true,false,true,true,false,false,false,true,true,false,false,review,true,true,P2_ADD_NOT_FOR,"[""missing_not_for"",""raw_order_needs_menu_evidence_check"",""symbolic_price_band_only""]",234,1272,480,1272
dala-spa-at-alaya-resort-ubud,DaLa Spa at Alaya Resort Ubud,ubud,spa,Pengosekan,2026-07-28,true,true,false,true,false,false,true,false,true,true,false,false,review,true,true,P2_ADD_NOT_FOR,"[""missing_not_for"",""symbolic_price_band_only""]",234,1272,480,1272
jaens-spa,Jaens Spa,ubud,spa,Pengosekan / Monkey Forest,null,true,true,false,true,true,false,false,false,true,true,false,false,review,true,true,P2_ADD_NOT_FOR,"[""missing_not_for"",""missing_verification_date"",""raw_order_needs_menu_evidence_check"",""symbolic_price_band_only""]",234,1272,480,1272
jaens-spa-ubud-ubud,Jaens Spa Ubud,ubud,spa,Ubud,2026-08-07,true,true,false,true,false,false,false,false,true,true,false,false,review,true,true,P2_ADD_NOT_FOR,"[""missing_not_for"",""symbolic_price_band_only""]",234,1272,480,1272
mandapa-spa-ubud,Mandapa Spa,ubud,spa,Kedewatan / Sayan,2026-07-28,true,true,false,true,false,false,false,false,true,true,false,false,review,true,true,P2_ADD_NOT_FOR,"[""missing_not_for"",""symbolic_price_band_only""]",234,1272,480,1272
maya-ubud-spa-ubud,Maya Ubud Spa & Wellness,ubud,spa,Peliatan,2026-08-07,true,true,false,true,false,false,false,false,true,false,false,false,review,true,true,P2_ADD_NOT_FOR,"[""missing_not_for"",""weak_location_identity"",""symbolic_price_band_only""]",234,1272,480,1272
putri-bali-spa,Putri Bali Spa,ubud,spa,Sanggingan,2026-08-07,true,true,false,true,true,false,true,false,true,true,false,false,review,true,true,P2_ADD_NOT_FOR,"[""missing_not_for"",""raw_order_needs_menu_evidence_check"",""symbolic_price_band_only""]",234,1272,480,1272
sacred-river-spa-at-four-seasons-sayan-ubud,Sacred River Spa at Four Seasons Sayan,ubud,spa,Sayan,2026-07-28,true,true,false,true,false,false,false,false,true,true,false,false,review,true,true,P2_ADD_NOT_FOR,"[""missing_not_for"",""symbolic_price_band_only""]",234,1272,480,1272
sang-spa,Sang Spa & Yoga,ubud,spa,Padang Tegal / Pengosekan,2026-08-07,true,true,false,true,true,false,false,false,true,true,false,false,review,true,true,P2_ADD_NOT_FOR,"[""missing_not_for"",""raw_order_needs_menu_evidence_check"",""symbolic_price_band_only""]",234,1272,480,1272
spring-spa-ubud,Spring Spa Ubud,ubud,spa,Ubud (rice-field setting),2026-08-07,true,true,false,true,true,false,false,false,true,true,false,false,review,true,true,P2_ADD_NOT_FOR,"[""missing_not_for"",""raw_order_needs_menu_evidence_check"",""symbolic_price_band_only""]",234,1272,480,1272
svaha-spa,Svaha Spa,ubud,spa,Multiple Ubud outlets (flagship on Jl. Bisma),null,true,true,false,true,true,false,false,false,true,true,false,false,review,true,true,P2_ADD_NOT_FOR,"[""missing_not_for"",""missing_verification_date"",""raw_order_needs_menu_evidence_check"",""symbolic_price_band_only""]",234,1272,480,1272
svaha-spa-bisma-ubud,Svaha Spa Bisma,ubud,spa,Bisma,2026-08-07,true,true,false,true,false,false,false,false,true,false,false,false,review,true,true,P2_ADD_NOT_FOR,"[""missing_not_for"",""weak_location_identity"",""symbolic_price_band_only""]",234,1272,480,1272
taksu-spa-ubud,Taksu Spa,ubud,spa,Ubud Centre,2026-07-28,true,true,false,true,false,false,true,false,true,true,false,false,review,true,true,P2_ADD_NOT_FOR,"[""missing_not_for"",""symbolic_price_band_only""]",234,1272,480,1272
taksu-yoga-ubud,Taksu Yoga & Wellness Center,ubud,spa,Central Ubud (Jl. Goutama Selatan),null,true,true,false,true,true,false,true,false,true,true,false,false,review,true,true,P2_ADD_NOT_FOR,"[""missing_not_for"",""missing_verification_date"",""raw_order_needs_menu_evidence_check"",""symbolic_price_band_only""]",234,1272,480,1272
ubud-sari-health-resort,Ubud Sari Health Resort,ubud,spa,Central Ubud (near centre),2026-08-07,true,true,false,true,true,false,false,false,true,true,false,false,review,true,true,P2_ADD_NOT_FOR,"[""missing_not_for"",""raw_order_needs_menu_evidence_check"",""symbolic_price_band_only""]",234,1272,480,1272
big-dragon-villas-ubud,Big Dragon Villas Ubud,ubud,villa,"Pejeng, near Ubud",2026-08-07,true,true,false,true,false,false,false,false,true,false,false,false,review,true,true,P2_ADD_NOT_FOR,"[""missing_not_for"",""weak_location_identity"",""symbolic_price_band_only""]",234,1272,480,1272
alchemy-yoga-and-meditation-center-ubud,Alchemy Yoga and Meditation Center,ubud,yoga,Penestanan,2026-08-07,true,true,false,true,false,false,false,false,true,true,false,false,review,true,true,P2_ADD_NOT_FOR,"[""missing_not_for"",""symbolic_price_band_only""]",234,1272,480,1272
como-shambhala-at-como-uma-ubud-yoga-ubud,COMO Shambhala at COMO Uma Ubud Yoga,ubud,yoga,Kedewatan,2026-07-29,true,true,false,true,false,false,true,false,true,true,false,false,review,true,true,P2_ADD_NOT_FOR,"[""missing_not_for"",""symbolic_price_band_only""]",234,1272,480,1272
maya-ubud-yoga-ubud,Maya Ubud Yoga,ubud,yoga,Peliatan / Ubud edge,2026-07-29,true,true,false,true,false,false,false,false,true,true,false,false,review,true,true,P2_ADD_NOT_FOR,"[""missing_not_for"",""symbolic_price_band_only""]",234,1272,480,1272
radiantly-alive,Radiantly Alive,ubud,yoga,Ubud Centre,2026-07-29,true,true,false,true,true,false,false,false,true,true,false,false,review,true,true,P2_ADD_NOT_FOR,"[""missing_not_for"",""raw_order_needs_menu_evidence_check"",""symbolic_price_band_only""]",234,1272,480,1272
zuna-yoga-ubud,Zuna Yoga,ubud,yoga,Ubud,2026-07-28,true,true,false,true,false,false,false,false,true,true,false,false,review,true,true,P2_ADD_NOT_FOR,"[""missing_not_for"",""symbolic_price_band_only""]",234,1272,480,1272
mana-uluwatu,Mana Uluwatu,uluwatu-bukit,bar,"Suluban, Pecatu",2026-08-07,true,true,false,true,true,false,false,true,true,true,false,false,published,true,true,P2_ADD_NOT_FOR,"[""missing_not_for"",""raw_order_needs_menu_evidence_check"",""symbolic_price_band_only""]",234,1272,480,1272
single-fin,Single Fin,uluwatu-bukit,bar,"Suluban, Pecatu",2026-08-07,true,true,false,true,true,false,false,true,true,true,false,false,published,true,true,P2_ADD_NOT_FOR,"[""missing_not_for"",""raw_order_needs_menu_evidence_check"",""symbolic_price_band_only""]",234,1272,480,1272
sundays-beach-club,Sundays Beach Club,uluwatu-bukit,beach_club,Ungasan,2026-08-07,true,true,false,true,true,false,false,true,true,true,false,false,published,true,true,P2_ADD_NOT_FOR,"[""missing_not_for"",""raw_order_needs_menu_evidence_check"",""symbolic_price_band_only""]",234,1272,480,1272
tropical-temptation-adult-only-beach-club,Tropical Temptation - Adult Only Beach Club,uluwatu-bukit,beach_club,"Melasti, Ungasan",2026-07-15,true,true,false,true,false,false,true,true,true,true,false,false,published,true,true,P2_ADD_NOT_FOR,"[""missing_not_for"",""symbolic_price_band_only""]",234,1272,480,1272
d-nailbar-spa-uluwatu,D'Nailbar Spa Uluwatu,uluwatu-bukit,beauty,Pecatu / Uluwatu,2026-07-29,true,true,false,true,false,false,false,false,true,false,false,false,review,true,true,P2_ADD_NOT_FOR,"[""missing_not_for"",""weak_location_identity"",""symbolic_price_band_only""]",234,1272,480,1272
dorsey-s-barber-shop-uluwatu,Dorsey's Barber Shop Uluwatu,uluwatu-bukit,beauty,Pecatu / Uluwatu,2026-07-28,true,true,false,true,false,false,false,false,true,false,false,false,review,true,true,P2_ADD_NOT_FOR,"[""missing_not_for"",""weak_location_identity"",""symbolic_price_band_only""]",234,1272,480,1272
island-grooming-barbershop,Island Grooming Barbershop,uluwatu-bukit,beauty,Pecatu / Bingin,2026-07-29,true,true,false,true,false,false,false,false,true,false,false,false,review,true,true,P2_ADD_NOT_FOR,"[""missing_not_for"",""weak_location_identity"",""symbolic_price_band_only""]",234,1272,480,1272
piccolina,Piccolina,uluwatu-bukit,beauty,Uluwatu / Pecatu,2026-08-07,true,true,false,true,false,false,false,false,true,false,false,false,review,true,true,P2_ADD_NOT_FOR,"[""missing_not_for"",""weak_location_identity"",""symbolic_price_band_only""]",234,1272,480,1272
rose-petal,Rose Petal,uluwatu-bukit,beauty,Uluwatu / Pecatu,2026-08-07,true,true,false,true,false,false,false,false,true,false,false,false,review,true,true,P2_ADD_NOT_FOR,"[""missing_not_for"",""weak_location_identity"",""symbolic_price_band_only""]",234,1272,480,1272
alchemy-uluwatu,Alchemy Uluwatu,uluwatu-bukit,cafe,Bingin,2026-08-07,true,true,false,true,true,false,false,false,true,true,false,false,published,true,true,P2_ADD_NOT_FOR,"[""missing_not_for"",""raw_order_needs_menu_evidence_check"",""symbolic_price_band_only""]",234,1272,480,1272
artisan-uluwatu,Artisan - Uluwatu,uluwatu-bukit,cafe,"Suluban, Pecatu",2026-08-07,true,true,false,true,true,false,false,true,true,true,false,false,published,true,true,P2_ADD_NOT_FOR,"[""missing_not_for"",""raw_order_needs_menu_evidence_check"",""symbolic_price_band_only""]",234,1272,480,1272
bgs-uluwatu,BGS Uluwatu,uluwatu-bukit,cafe,"Suluban, Pecatu",2026-07-29,true,true,false,true,true,false,false,false,true,true,false,false,published,true,true,P2_ADD_NOT_FOR,"[""missing_not_for"",""raw_order_needs_menu_evidence_check"",""symbolic_price_band_only""]",234,1272,480,1272
son-of-a-baker,Son of A Baker,uluwatu-bukit,cafe,"Labuan Sait, Pecatu",2026-08-07,true,true,false,true,true,false,false,false,true,true,false,false,review,true,true,P2_ADD_NOT_FOR,"[""missing_not_for"",""raw_order_needs_menu_evidence_check"",""symbolic_price_band_only""]",234,1272,480,1272
suka-espresso,Suka Espresso,uluwatu-bukit,cafe,"Labuan Sait, Pecatu",2026-07-12,true,true,false,true,true,false,false,true,true,true,false,false,published,true,true,P2_ADD_NOT_FOR,"[""missing_not_for"",""raw_order_needs_menu_evidence_check"",""symbolic_price_band_only""]",234,1272,480,1272
ulu-artisan-ungasan,ULU ARTISAN — Ungasan,uluwatu-bukit,cafe,Ungasan,2026-07-12,true,true,false,true,true,false,false,false,true,true,false,false,review,true,true,P2_ADD_NOT_FOR,"[""missing_not_for"",""raw_order_needs_menu_evidence_check"",""symbolic_price_band_only""]",234,1272,480,1272
360-move-uluwatu,360 Move Uluwatu,uluwatu-bukit,fitness,Pecatu,2026-07-28,true,true,false,true,false,false,false,false,true,false,false,false,review,true,true,P2_ADD_NOT_FOR,"[""missing_not_for"",""weak_location_identity"",""symbolic_price_band_only""]",234,1272,480,1272
ami-studio,Ami Studio,uluwatu-bukit,fitness,Uluwatu,2026-07-28,true,true,false,true,false,false,false,false,true,false,false,false,review,true,true,P2_ADD_NOT_FOR,"[""missing_not_for"",""weak_location_identity"",""symbolic_price_band_only""]",234,1272,480,1272
bambu-fitness-bali,Bambu Fitness Bali,uluwatu-bukit,fitness,Pecatu,2026-08-07,true,true,false,true,false,false,false,false,true,false,false,false,review,true,true,P2_ADD_NOT_FOR,"[""missing_not_for"",""weak_location_identity"",""symbolic_price_band_only""]",234,1272,480,1272
raw-gym-uluwatu,Raw Gym Uluwatu,uluwatu-bukit,fitness,Uluwatu,2026-08-07,true,true,false,true,false,false,false,false,true,false,false,false,review,true,true,P2_ADD_NOT_FOR,"[""missing_not_for"",""weak_location_identity"",""symbolic_price_band_only""]",234,1272,480,1272
reform-pilates-bali,Reform Pilates Bali,uluwatu-bukit,fitness,Bingin,2026-07-28,true,true,false,true,false,false,false,false,true,false,false,false,review,true,true,P2_ADD_NOT_FOR,"[""missing_not_for"",""weak_location_identity"",""symbolic_price_band_only""]",234,1272,480,1272
studio-fondue,Studio Fondue,uluwatu-bukit,fitness,Uluwatu,2026-08-07,true,true,false,true,false,false,false,false,true,false,false,false,review,true,true,P2_ADD_NOT_FOR,"[""missing_not_for"",""weak_location_identity"",""symbolic_price_band_only""]",234,1272,480,1272
ulu-active-recovery,ULU Active & Recovery,uluwatu-bukit,fitness,Uluwatu,2026-08-07,true,true,false,true,false,false,false,false,true,false,false,false,review,true,true,P2_ADD_NOT_FOR,"[""missing_not_for"",""weak_location_identity"",""symbolic_price_band_only""]",234,1272,480,1272
balique-restaurant,Balique,uluwatu-bukit,restaurant,Uluwatu; Jimbaran,2026-07-28,true,true,false,true,true,false,true,false,true,true,false,false,review,true,true,P2_ADD_NOT_FOR,"[""missing_not_for"",""raw_order_needs_menu_evidence_check"",""symbolic_price_band_only""]",234,1272,480,1272
bella-cucina,Bella Cucina,uluwatu-bukit,restaurant,Uluwatu; Jimbaran,2026-07-28,true,true,false,true,true,false,true,false,true,true,false,false,review,true,true,P2_ADD_NOT_FOR,"[""missing_not_for"",""raw_order_needs_menu_evidence_check"",""symbolic_price_band_only""]",234,1272,480,1272
el-kabron-bali,El Kabron,uluwatu-bukit,restaurant,Uluwatu,2026-07-28,true,true,false,true,true,false,true,true,true,true,false,false,published,true,true,P2_ADD_NOT_FOR,"[""missing_not_for"",""raw_order_needs_menu_evidence_check"",""symbolic_price_band_only""]",234,1272,480,1272
gooseberry-french-restaurant-uluwatu,Gooseberry French Restaurant | Uluwatu,uluwatu-bukit,restaurant,Bingin,2026-08-07,true,true,false,true,true,false,false,true,true,true,false,false,published,true,true,P2_ADD_NOT_FOR,"[""missing_not_for"",""raw_order_needs_menu_evidence_check"",""symbolic_price_band_only""]",234,1272,480,1272
kala-uluwatu,KALA Uluwatu,uluwatu-bukit,restaurant,Padang Padang,2026-07-29,true,true,false,true,true,false,false,false,true,true,false,false,published,true,true,P2_ADD_NOT_FOR,"[""missing_not_for"",""raw_order_needs_menu_evidence_check"",""symbolic_price_band_only""]",234,1272,480,1272
ko-japanese-teppanyaki-and-sushi,"KO Japanese Restaurant, Teppanyaki and Sushi",uluwatu-bukit,restaurant,Uluwatu; Jimbaran,2026-07-28,true,true,false,true,true,false,true,false,true,true,false,false,review,true,true,P2_ADD_NOT_FOR,"[""missing_not_for"",""raw_order_needs_menu_evidence_check"",""symbolic_price_band_only""]",234,1272,480,1272
laggas-uluwatu,Laggas Uluwatu,uluwatu-bukit,restaurant,Bingin,2026-08-07,true,true,false,true,true,false,false,false,true,true,false,false,review,true,true,P2_ADD_NOT_FOR,"[""missing_not_for"",""raw_order_needs_menu_evidence_check"",""symbolic_price_band_only""]",234,1272,480,1272
masonry-restaurant,MASONRY Restaurant,uluwatu-bukit,restaurant,"Labuan Sait, Pecatu",2026-07-12,true,true,false,true,false,false,false,false,true,true,false,false,published,true,true,P2_ADD_NOT_FOR,"[""missing_not_for"",""symbolic_price_band_only""]",234,1272,480,1272
nelayan-restaurant-and-puri-bar,"Nelayan Restaurant and Puri Bar at Jimbaran Puri, A Belmond Hotel, Bali",uluwatu-bukit,restaurant,Uluwatu; Jimbaran,2026-07-28,true,true,false,true,true,false,true,false,true,true,false,false,review,true,true,P2_ADD_NOT_FOR,"[""missing_not_for"",""raw_order_needs_menu_evidence_check"",""symbolic_price_band_only""]",234,1272,480,1272
oneeighty,oneeighty Dayclub,uluwatu-bukit,restaurant,Uluwatu,2026-07-28,true,true,false,true,true,false,true,true,true,true,false,false,published,true,true,P2_ADD_NOT_FOR,"[""missing_not_for"",""raw_order_needs_menu_evidence_check"",""symbolic_price_band_only""]",234,1272,480,1272
papi-sapi,Papi Sapi,uluwatu-bukit,restaurant,"Labuan Sait, Pecatu",2026-07-29,true,true,false,true,true,false,true,false,true,true,false,false,published,true,true,P2_ADD_NOT_FOR,"[""missing_not_for"",""raw_order_needs_menu_evidence_check"",""symbolic_price_band_only""]",234,1272,480,1272
seed-bingin,Seed Bingin,uluwatu-bukit,restaurant,Uluwatu,2026-07-28,true,true,false,true,true,false,true,false,true,true,false,false,published,true,true,P2_ADD_NOT_FOR,"[""missing_not_for"",""raw_order_needs_menu_evidence_check"",""symbolic_price_band_only""]",234,1272,480,1272
supreme-indian-restaurant,Supreme Indian Restaurant,uluwatu-bukit,restaurant,Ungasan,2026-07-28,true,true,false,true,true,false,false,false,true,false,false,false,review,true,true,P2_ADD_NOT_FOR,"[""missing_not_for"",""weak_location_identity"",""raw_order_needs_menu_evidence_check"",""symbolic_price_band_only""]",234,1272,480,1272
the-warung-at-alila-villas-uluwatu,The Warung at Alila Villas Uluwatu,uluwatu-bukit,restaurant,Pecatu cliffs,2026-07-28,true,true,false,true,true,false,false,true,true,true,false,false,published,true,true,P2_ADD_NOT_FOR,"[""missing_not_for"",""raw_order_needs_menu_evidence_check"",""symbolic_price_band_only""]",234,1272,480,1272
ulu-fishmarket,Ulu Fishmarket,uluwatu-bukit,restaurant,Uluwatu,2026-07-28,true,true,false,true,true,false,true,false,true,true,false,false,published,true,true,P2_ADD_NOT_FOR,"[""missing_not_for"",""raw_order_needs_menu_evidence_check"",""symbolic_price_band_only""]",234,1272,480,1272
ulu-garden,Ulu Garden,uluwatu-bukit,restaurant,Padang Padang,2026-08-07,true,true,false,true,true,false,false,false,true,true,false,false,published,true,true,P2_ADD_NOT_FOR,"[""missing_not_for"",""raw_order_needs_menu_evidence_check"",""symbolic_price_band_only""]",234,1272,480,1272
waatu,WAATU,uluwatu-bukit,restaurant,Ungasan clifftop,2026-08-07,true,true,false,true,true,false,false,false,true,true,false,false,published,true,true,P2_ADD_NOT_FOR,"[""missing_not_for"",""raw_order_needs_menu_evidence_check"",""symbolic_price_band_only""]",234,1272,480,1272
yuki-uluwatu,YUKI Uluwatu,uluwatu-bukit,restaurant,"Labuan Sait, Pecatu",2026-08-07,true,true,false,true,true,false,true,true,true,true,false,false,published,true,true,P2_ADD_NOT_FOR,"[""missing_not_for"",""raw_order_needs_menu_evidence_check"",""symbolic_price_band_only""]",234,1272,480,1272
karma-spa-at-karma-kandara,Karma Spa at Karma Kandara,uluwatu-bukit,spa,Ungasan,2026-08-07,true,true,false,true,false,false,false,false,true,false,false,false,review,true,true,P2_ADD_NOT_FOR,"[""missing_not_for"",""weak_location_identity"",""symbolic_price_band_only""]",234,1272,480,1272
ours-spa-boutique,Ours Spa & Boutique,uluwatu-bukit,spa,Uluwatu,2026-07-28,true,true,false,true,false,false,false,false,true,false,false,false,review,true,true,P2_ADD_NOT_FOR,"[""missing_not_for"",""weak_location_identity"",""symbolic_price_band_only""]",234,1272,480,1272
six-senses-spa-uluwatu,Six Senses Spa Uluwatu,uluwatu-bukit,spa,Pecatu,2026-08-07,true,true,false,true,false,false,false,false,true,false,false,false,review,true,true,P2_ADD_NOT_FOR,"[""missing_not_for"",""weak_location_identity"",""symbolic_price_band_only""]",234,1272,480,1272
spa-at-mu,Spa at Mu,uluwatu-bukit,spa,Bingin,2026-07-28,true,true,false,true,false,false,false,false,true,false,false,false,review,true,true,P2_ADD_NOT_FOR,"[""missing_not_for"",""weak_location_identity"",""symbolic_price_band_only""]",234,1272,480,1272
spring-spa-uluwatu,Spring Spa Uluwatu,uluwatu-bukit,spa,Uluwatu,2026-08-07,true,true,false,true,false,false,false,false,true,false,false,false,review,true,true,P2_ADD_NOT_FOR,"[""missing_not_for"",""weak_location_identity"",""symbolic_price_band_only""]",234,1272,480,1272
svaha-spa-bingin,Svaha Spa Bingin,uluwatu-bukit,spa,Bingin,2026-07-29,true,true,false,true,false,false,false,false,true,false,false,false,review,true,true,P2_ADD_NOT_FOR,"[""missing_not_for"",""weak_location_identity"",""symbolic_price_band_only""]",234,1272,480,1272
the-asa-maia,The Asa Maia,uluwatu-bukit,spa,Uluwatu,2026-08-07,true,true,false,true,false,false,false,false,true,false,false,false,review,true,true,P2_ADD_NOT_FOR,"[""missing_not_for"",""weak_location_identity"",""symbolic_price_band_only""]",234,1272,480,1272
the-bvlgari-spa,The Bvlgari Spa,uluwatu-bukit,spa,Pecatu,2026-08-07,true,true,false,true,false,false,false,false,true,false,false,false,review,true,true,P2_ADD_NOT_FOR,"[""missing_not_for"",""weak_location_identity"",""symbolic_price_band_only""]",234,1272,480,1272
vela-spa,Vela Spa,uluwatu-bukit,spa,Ungasan,2026-08-07,true,true,false,true,false,false,false,false,true,false,false,false,review,true,true,P2_ADD_NOT_FOR,"[""missing_not_for"",""weak_location_identity"",""symbolic_price_band_only""]",234,1272,480,1272
la-tribu-bali,La Tribu Bali,uluwatu-bukit,yoga,Bingin,2026-07-28,true,true,false,true,false,false,false,false,true,false,false,false,review,true,true,P2_ADD_NOT_FOR,"[""missing_not_for"",""weak_location_identity"",""symbolic_price_band_only""]",234,1272,480,1272
morning-light-yoga-studio,Morning Light Yoga Studio,uluwatu-bukit,yoga,Uluwatu,2026-07-28,true,true,false,true,false,false,false,false,true,false,false,false,review,true,true,P2_ADD_NOT_FOR,"[""missing_not_for"",""weak_location_identity"",""symbolic_price_band_only""]",234,1272,480,1272
the-space-bali,The Space Bali,uluwatu-bukit,yoga,Bingin,2026-07-29,true,true,false,true,false,false,false,false,true,false,false,false,review,true,true,P2_ADD_NOT_FOR,"[""missing_not_for"",""weak_location_identity"",""symbolic_price_band_only""]",234,1272,480,1272
the-temple-lodge,The Temple Lodge,uluwatu-bukit,yoga,Bingin,2026-08-07,true,true,false,true,false,false,false,false,true,false,false,false,review,true,true,P2_ADD_NOT_FOR,"[""missing_not_for"",""weak_location_identity"",""symbolic_price_band_only""]",234,1272,480,1272
the-yoga-rescue,The Yoga Rescue,uluwatu-bukit,yoga,Ungasan,2026-07-29,true,true,false,true,false,false,false,false,true,false,false,false,review,true,true,P2_ADD_NOT_FOR,"[""missing_not_for"",""weak_location_identity"",""symbolic_price_band_only""]",234,1272,480,1272
ulu-yoga-bali,ULU Yoga Bali,uluwatu-bukit,yoga,Bingin,2026-08-07,true,true,false,true,false,false,false,false,true,false,false,false,review,true,true,P2_ADD_NOT_FOR,"[""missing_not_for"",""weak_location_identity"",""symbolic_price_band_only""]",234,1272,480,1272
yinside-yoga,YinSide Yoga,uluwatu-bukit,yoga,Bingin,2026-07-28,true,true,false,true,false,false,false,false,true,false,false,false,review,true,true,P2_ADD_NOT_FOR,"[""missing_not_for"",""weak_location_identity"",""symbolic_price_band_only""]",234,1272,480,1272
yoga-the-istana,Yoga @ The Istana,uluwatu-bukit,yoga,Uluwatu,2026-08-07,true,true,false,true,false,false,false,false,true,false,false,false,review,true,true,P2_ADD_NOT_FOR,"[""missing_not_for"",""weak_location_identity"",""symbolic_price_band_only""]",234,1272,480,1272
yoga-searcher-bali,Yoga Searcher Bali,uluwatu-bukit,yoga,Padang Padang,2026-08-07,true,true,false,true,false,false,false,false,true,false,false,false,review,true,true,P2_ADD_NOT_FOR,"[""missing_not_for"",""weak_location_identity"",""symbolic_price_band_only""]",234,1272,480,1272
oranje-bar,Oranje Bar,sanur,bar,Jalan Pantai Sindhu,null,true,true,true,true,true,false,false,false,false,true,false,false,review,true,true,P2_VERIFY_SOURCE_AND_DATE,"[""missing_verification_date"",""raw_order_needs_menu_evidence_check"",""symbolic_price_band_only""]",7,1272,480,1272
warung-pregina,Pregina Warung,sanur,warung,Jl. Danau Tamblingan,null,true,true,true,true,true,true,false,false,true,false,false,false,review,true,true,P2_VERIFY_SOURCE_AND_DATE,"[""missing_verification_date"",""weak_location_identity"",""raw_order_needs_menu_evidence_check""]",7,1272,480,1272
warung-babi-guling-sanur-bypass,Warung Babi Guling Sanur,sanur,warung,"Jl. Bypass Ngurah Rai, Sanur",null,true,true,true,true,true,true,false,false,false,false,false,false,review,true,true,P2_VERIFY_SOURCE_AND_DATE,"[""missing_verification_date"",""weak_location_identity"",""raw_order_needs_menu_evidence_check""]",7,1272,480,1272
warung-coconut-tree,Warung Coconut Tree,sanur,warung,Jalan Danau Tamblingan,null,true,true,true,true,true,false,false,false,true,true,false,false,review,true,true,P2_VERIFY_SOURCE_AND_DATE,"[""missing_verification_date"",""raw_order_needs_menu_evidence_check"",""symbolic_price_band_only""]",7,1272,480,1272
warung-taman-bambu,Warung Taman Bambu,seminyak,warung,Jl. Plawa,null,true,true,true,true,true,false,false,false,false,false,false,false,review,true,true,P2_VERIFY_SOURCE_AND_DATE,"[""missing_verification_date"",""weak_location_identity"",""raw_order_needs_menu_evidence_check"",""symbolic_price_band_only""]",7,1272,480,1272
seeds-of-life,Seeds of Life,ubud,cafe,Ubud Center,null,true,true,true,true,true,true,false,false,true,true,false,false,review,true,true,P2_VERIFY_SOURCE_AND_DATE,"[""missing_verification_date"",""raw_order_needs_menu_evidence_check""]",7,1272,480,1272
oneworld-ayurveda,Oneworld Ayurveda,ubud,spa,"Pengosekan, Ubud",null,true,true,true,true,true,false,false,false,true,true,false,false,review,true,true,P2_VERIFY_SOURCE_AND_DATE,"[""missing_verification_date"",""raw_order_needs_menu_evidence_check"",""symbolic_price_band_only""]",7,1272,480,1272
mosto-berawa,Mosto Berawa,canggu,bar,Berawa / Pantai Berawa,2026-08-04,true,true,true,true,true,false,false,false,true,true,false,false,review,true,true,P2_DEEPEN_PRACTICAL_VALUE,"[""raw_order_needs_menu_evidence_check"",""symbolic_price_band_only""]",95,1272,480,1272
the-lawn-canggu-beach-club,The Lawn Canggu Beach Club,canggu,beach_club,Batu Bolong Beach,2026-08-04,true,true,true,true,false,false,false,false,true,true,false,false,review,true,true,P2_DEEPEN_PRACTICAL_VALUE,"[""symbolic_price_band_only""]",95,1272,480,1272
miel-specialty-coffee-canggu,MIEL Specialty Coffee Canggu,canggu,cafe,Batu Bolong,2026-08-04,true,true,true,true,true,false,false,false,true,true,false,false,review,true,true,P2_DEEPEN_PRACTICAL_VALUE,"[""raw_order_needs_menu_evidence_check"",""symbolic_price_band_only""]",95,1272,480,1272
rise-and-shine-cafe,Rise and Shine Cafe,canggu,cafe,Berawa,2026-08-04,true,true,true,true,true,false,false,false,true,true,false,false,review,true,true,P2_DEEPEN_PRACTICAL_VALUE,"[""raw_order_needs_menu_evidence_check"",""symbolic_price_band_only""]",95,1272,480,1272
ruko-cafe,Ruko Cafe,canggu,cafe,Berawa,2026-08-04,true,true,true,true,true,false,false,false,true,true,false,false,review,true,true,P2_DEEPEN_PRACTICAL_VALUE,"[""raw_order_needs_menu_evidence_check"",""symbolic_price_band_only""]",95,1272,480,1272
satu-satu-coffee-company,Satu-Satu Coffee Company,canggu,cafe,Berawa,2026-08-04,true,true,true,true,true,false,false,false,true,true,false,false,review,true,true,P2_DEEPEN_PRACTICAL_VALUE,"[""raw_order_needs_menu_evidence_check"",""symbolic_price_band_only""]",95,1272,480,1272
secret-spot-bali,Secret Spot,canggu,cafe,Canggu (Jl. Tanah Barak),2026-07-28,true,true,true,true,true,false,false,false,true,true,false,false,review,true,true,P2_DEEPEN_PRACTICAL_VALUE,"[""raw_order_needs_menu_evidence_check"",""symbolic_price_band_only""]",95,1272,480,1272
the-loft-bali,The Loft,canggu,cafe,"Batu Bolong, Canggu",2026-08-04,true,true,true,true,true,false,false,false,true,true,false,false,review,true,true,P2_DEEPEN_PRACTICAL_VALUE,"[""raw_order_needs_menu_evidence_check"",""symbolic_price_band_only""]",95,1272,480,1272
two-face-canggu,TWO FACE Canggu,canggu,cafe,Munduk Catu,2026-08-07,true,true,true,true,true,false,false,false,true,true,false,false,review,true,true,P2_DEEPEN_PRACTICAL_VALUE,"[""raw_order_needs_menu_evidence_check"",""symbolic_price_band_only""]",95,1272,480,1272
bali-climbing-bouldering-gym,Bali Climbing Bouldering Gym,canggu,fitness,Canggu,2026-07-20,true,true,true,false,false,false,false,false,true,false,false,false,review,true,true,P2_DEEPEN_PRACTICAL_VALUE,"[""weak_location_identity""]",95,1272,480,1272
lulu-bistrot,Lulu Bistrot,canggu,restaurant,Batu Bolong,2026-07-29,true,true,true,true,false,false,false,false,true,true,false,false,review,true,true,P2_DEEPEN_PRACTICAL_VALUE,"[""symbolic_price_band_only""]",95,1272,480,1272
lyma-beach,Lyma Beach,canggu,restaurant,Pererenan / Pantai Lima / Seseh-Cemagi route,2026-08-07,true,true,true,true,false,false,false,false,true,true,false,false,review,true,true,P2_DEEPEN_PRACTICAL_VALUE,"[""symbolic_price_band_only""]",95,1272,480,1272
neighbourhood-food-berawa,Neighbourhood Food Berawa,canggu,restaurant,Berawa near Finns,2026-07-28,true,true,true,true,false,false,false,false,true,true,false,false,review,true,true,P2_DEEPEN_PRACTICAL_VALUE,"[""symbolic_price_band_only""]",95,1272,480,1272
neighbourhood-food-seseh,Neighbourhood Food Seseh,canggu,restaurant,Seseh / Cemagi,2026-08-07,true,true,true,true,true,false,false,false,true,true,false,false,review,true,true,P2_DEEPEN_PRACTICAL_VALUE,"[""raw_order_needs_menu_evidence_check"",""symbolic_price_band_only""]",95,1272,480,1272
nook-umalas,Nook Umalas,canggu,restaurant,Umalas,2026-07-28,true,true,true,true,true,false,false,false,true,true,false,false,review,true,true,P2_DEEPEN_PRACTICAL_VALUE,"[""raw_order_needs_menu_evidence_check"",""symbolic_price_band_only""]",95,1272,480,1272
oma-jamu,Oma Jamu,canggu,restaurant,Berawa,2026-08-04,true,true,true,true,true,false,false,false,true,true,false,false,review,true,true,P2_DEEPEN_PRACTICAL_VALUE,"[""raw_order_needs_menu_evidence_check"",""symbolic_price_band_only""]",95,1272,480,1272
riviera-bistro-berawa,Riviera Bistro Berawa,canggu,restaurant,Berawa,2026-08-07,true,true,true,true,true,false,false,false,true,true,false,false,review,true,true,P2_DEEPEN_PRACTICAL_VALUE,"[""raw_order_needs_menu_evidence_check"",""symbolic_price_band_only""]",95,1272,480,1272
riviera-cafe-cemagi,Riviera Cafe Cemagi,canggu,restaurant,Cemagi,2026-08-07,true,true,true,true,true,false,false,false,true,true,false,false,review,true,true,P2_DEEPEN_PRACTICAL_VALUE,"[""raw_order_needs_menu_evidence_check"",""symbolic_price_band_only""]",95,1272,480,1272
riviera-trattoria-pererenan,Riviera Trattoria Pererenan,canggu,restaurant,Pererenan / Pererenan north,2026-08-07,true,true,true,true,true,false,false,false,true,true,false,false,review,true,true,P2_DEEPEN_PRACTICAL_VALUE,"[""raw_order_needs_menu_evidence_check"",""symbolic_price_band_only""]",95,1272,480,1272
rize-cafe,Rize Cafe,canggu,restaurant,Pererenan,2026-07-28,true,true,true,true,true,false,false,false,true,true,false,false,review,true,true,P2_DEEPEN_PRACTICAL_VALUE,"[""raw_order_needs_menu_evidence_check"",""symbolic_price_band_only""]",95,1272,480,1272
sensorium-bali,Sensorium Bali,canggu,restaurant,null,2026-08-07,true,true,true,true,true,false,false,false,true,false,false,false,review,true,true,P2_DEEPEN_PRACTICAL_VALUE,"[""weak_location_identity"",""raw_order_needs_menu_evidence_check"",""symbolic_price_band_only""]",95,1272,480,1272
seseh-general-store,Seseh General Store,canggu,restaurant,Seseh / Cemagi,2026-08-07,true,true,true,true,true,false,false,false,true,true,false,false,review,true,true,P2_DEEPEN_PRACTICAL_VALUE,"[""raw_order_needs_menu_evidence_check"",""symbolic_price_band_only""]",95,1272,480,1272
tropical-nomad,Tropical Nomad,canggu,restaurant,Canggu shortcut / Subak Canggu,2026-07-28,true,true,true,true,false,false,false,false,true,true,false,false,review,true,true,P2_DEEPEN_PRACTICAL_VALUE,"[""symbolic_price_band_only""]",95,1272,480,1272
yuki-canggu,YUKI Canggu,canggu,restaurant,Batu Bolong Beach,2026-08-07,true,true,true,true,true,false,false,false,true,true,false,false,review,true,true,P2_DEEPEN_PRACTICAL_VALUE,"[""raw_order_needs_menu_evidence_check"",""symbolic_price_band_only""]",95,1272,480,1272
finns-recreation-club-finns-lifestyle-village,FINNS Recreation Club / FINNS Lifestyle Village,canggu,spa,Berawa,2026-07-29,true,true,true,true,false,false,false,false,true,true,false,false,review,true,true,P2_DEEPEN_PRACTICAL_VALUE,"[""symbolic_price_band_only""]",95,1272,480,1272
samadi-bali,Samadi Bali,canggu,yoga,Batu Bolong / Canggu,2026-07-29,true,true,true,true,true,false,false,false,true,true,false,false,review,true,true,P2_DEEPEN_PRACTICAL_VALUE,"[""raw_order_needs_menu_evidence_check"",""symbolic_price_band_only""]",95,1272,480,1272
toko-kopi-tuku,Toko Kopi Tuku,denpasar,cafe,"Renon (Jl. Raya Puputan), Denpasar",2026-07-29,true,true,true,true,true,false,false,false,false,true,false,false,review,true,true,P2_DEEPEN_PRACTICAL_VALUE,"[""raw_order_needs_menu_evidence_check"",""symbolic_price_band_only""]",95,1272,480,1272
ayam-betutu-khas-gilimanuk,Ayam Betutu Khas Gilimanuk,denpasar,restaurant,"Renon, Jl. Merdeka, Denpasar",2026-07-28,true,true,true,true,true,false,false,false,true,true,false,false,review,true,true,P2_DEEPEN_PRACTICAL_VALUE,"[""raw_order_needs_menu_evidence_check"",""symbolic_price_band_only""]",95,1272,480,1272
warung-wardani,Warung Wardani,denpasar,warung,Denpasar (Jl. Yudistira),2026-07-28,true,true,true,true,true,false,false,false,true,true,false,false,review,true,true,P2_DEEPEN_PRACTICAL_VALUE,"[""raw_order_needs_menu_evidence_check"",""symbolic_price_band_only""]",95,1272,480,1272
fore-coffee-jimbaran,Fore Coffee,jimbaran,cafe,Jimbaran (Jl. Raya Kampus Unud),2026-07-29,true,true,true,true,true,false,false,false,false,true,false,false,review,true,true,P2_DEEPEN_PRACTICAL_VALUE,"[""raw_order_needs_menu_evidence_check"",""symbolic_price_band_only""]",95,1272,480,1272
menega-cafe,Menega Cafe,jimbaran,restaurant,Jimbaran (Muaya Beach),2026-07-29,true,true,true,true,true,false,false,false,false,true,false,false,review,true,true,P2_DEEPEN_PRACTICAL_VALUE,"[""raw_order_needs_menu_evidence_check"",""symbolic_price_band_only""]",95,1272,480,1272
crossfit-seminyak,Crossfit Seminyak,kuta-legian,fitness,null,2026-07-20,true,true,true,false,false,false,false,false,true,false,false,false,review,true,true,P2_DEEPEN_PRACTICAL_VALUE,"[""weak_location_identity""]",95,1272,480,1272
sate-khas-senayan-beachwalk,Sate Khas Senayan,kuta-legian,restaurant,"Beachwalk mall, Kuta",2026-07-29,true,true,true,true,true,false,false,false,false,true,false,false,review,true,true,P2_DEEPEN_PRACTICAL_VALUE,"[""raw_order_needs_menu_evidence_check"",""symbolic_price_band_only""]",95,1272,480,1272
mulia-fitness-centre-nusa-dua,Mulia Fitness Centre,nusa-dua,fitness,Geger / Nusa Dua,2026-07-29,true,true,true,false,true,false,false,false,true,true,false,false,review,true,true,P2_DEEPEN_PRACTICAL_VALUE,"[""raw_order_needs_menu_evidence_check""]",95,1272,480,1272
sofitel-bali-fitness-centre-nusa-dua,Sofitel Bali Fitness Centre,nusa-dua,fitness,ITDC / beachfront,2026-07-29,true,true,true,false,true,false,false,false,true,true,false,false,review,true,true,P2_DEEPEN_PRACTICAL_VALUE,"[""raw_order_needs_menu_evidence_check""]",95,1272,480,1272
the-apurva-kempinski-fitness-centre-nusa-dua,The Apurva Kempinski Fitness Centre,nusa-dua,fitness,Sawangan / Nusa Dua,2026-07-28,true,true,true,false,true,false,false,false,true,true,false,false,review,true,true,P2_DEEPEN_PRACTICAL_VALUE,"[""raw_order_needs_menu_evidence_check""]",95,1272,480,1272
kriya-spa-at-grand-hyatt-bali-nusa-dua,Kriya Spa at Grand Hyatt Bali,nusa-dua,spa,ITDC / beachfront,2026-07-28,true,true,true,true,true,false,false,false,true,true,false,false,review,true,true,P2_DEEPEN_PRACTICAL_VALUE,"[""raw_order_needs_menu_evidence_check"",""symbolic_price_band_only""]",95,1272,480,1272
mulia-spa-nusa-dua,Mulia Spa,nusa-dua,spa,Geger / Nusa Dua,2026-07-28,true,true,true,true,true,false,false,false,true,true,false,false,review,true,true,P2_DEEPEN_PRACTICAL_VALUE,"[""raw_order_needs_menu_evidence_check"",""symbolic_price_band_only""]",95,1272,480,1272
revi-vo-spa-wellness-nusa-dua,REVĪVŌ Spa / Wellness,nusa-dua,spa,Sawangan / Nusa Dua,2026-07-28,true,true,true,true,true,false,false,false,true,true,false,false,review,true,true,P2_DEEPEN_PRACTICAL_VALUE,"[""raw_order_needs_menu_evidence_check"",""symbolic_price_band_only""]",95,1272,480,1272
the-apurva-spa-nusa-dua,The Apurva Spa,nusa-dua,spa,Sawangan / Nusa Dua,2026-07-28,true,true,true,true,true,false,false,false,true,true,false,false,review,true,true,P2_DEEPEN_PRACTICAL_VALUE,"[""raw_order_needs_menu_evidence_check"",""symbolic_price_band_only""]",95,1272,480,1272
warung-batan-bekul,Warung Batan Bekul,nusa-dua,warung,Tanjung Benoa (Jl. Taman Sari),2026-07-29,true,true,true,true,true,false,false,false,true,false,false,false,review,true,true,P2_DEEPEN_PRACTICAL_VALUE,"[""weak_location_identity"",""raw_order_needs_menu_evidence_check"",""symbolic_price_band_only""]",95,1272,480,1272
warung-dobiel-nusa-dua,Warung Dobiel,nusa-dua,warung,Bualu / Nusa Dua,2026-07-28,true,true,true,true,true,false,false,false,true,false,false,false,review,true,true,P2_DEEPEN_PRACTICAL_VALUE,"[""weak_location_identity"",""raw_order_needs_menu_evidence_check"",""symbolic_price_band_only""]",95,1272,480,1272
warung-halme-ikan-bakar-ala-jimbaran,Warung Hal-Me Ikan Bakar ala Jimbaran,nusa-dua,warung,Benoa (Jl. Raya Nusa Dua Selatan),2026-07-29,true,true,true,true,true,false,false,false,true,false,false,false,review,true,true,P2_DEEPEN_PRACTICAL_VALUE,"[""weak_location_identity"",""raw_order_needs_menu_evidence_check"",""symbolic_price_band_only""]",95,1272,480,1272
revi-vo-yoga-mindfulness-nusa-dua,REVĪVŌ Yoga / Mindfulness,nusa-dua,yoga,Sawangan / Nusa Dua,2026-07-28,true,true,true,true,true,false,false,false,true,true,false,false,review,true,true,P2_DEEPEN_PRACTICAL_VALUE,"[""raw_order_needs_menu_evidence_check"",""symbolic_price_band_only""]",95,1272,480,1272
the-apurva-kempinski-yoga-nusa-dua,The Apurva Kempinski Yoga,nusa-dua,yoga,Sawangan / Nusa Dua,2026-07-29,true,true,true,false,true,false,false,false,true,true,false,false,review,true,true,P2_DEEPEN_PRACTICAL_VALUE,"[""raw_order_needs_menu_evidence_check""]",95,1272,480,1272
marramba-fitness,Marramba Fitness,sanur,fitness,null,2026-07-20,true,true,true,false,false,false,false,false,true,false,false,false,review,true,true,P2_DEEPEN_PRACTICAL_VALUE,"[""weak_location_identity""]",95,1272,480,1272
pizzaria-hyatt,Pizzaria (Hyatt),sanur,restaurant,"Hyatt Regency Bali beachfront, Sanur Beach",2026-07-28,true,true,true,true,true,false,false,false,true,true,false,false,review,true,true,P2_DEEPEN_PRACTICAL_VALUE,"[""raw_order_needs_menu_evidence_check"",""symbolic_price_band_only""]",95,1272,480,1272
warung-makan-little-mars,Warung Makan Little Mars,sanur,warung,Jalan Cemara,2026-07-29,true,true,true,true,true,false,false,false,false,true,false,false,review,true,true,P2_DEEPEN_PRACTICAL_VALUE,"[""raw_order_needs_menu_evidence_check"",""symbolic_price_band_only""]",95,1272,480,1272
power-of-now-yoga,Power Of Now (Yoga),sanur,yoga,null,2026-07-20,true,true,true,false,false,false,false,false,true,false,false,false,review,true,true,P2_DEEPEN_PRACTICAL_VALUE,"[""weak_location_identity""]",95,1272,480,1272
expat-roasters,Expat. Roasters,seminyak,cafe,Seminyak (Petitenget),2026-07-29,true,true,true,true,true,false,false,false,true,true,false,false,review,true,true,P2_DEEPEN_PRACTICAL_VALUE,"[""raw_order_needs_menu_evidence_check"",""symbolic_price_band_only""]",95,1272,480,1272
kynd-community,Kynd Community,seminyak,cafe,Petitenget / Kerobokan Kelod,2026-07-24,true,true,true,true,true,false,false,false,true,true,false,false,review,true,true,P2_DEEPEN_PRACTICAL_VALUE,"[""raw_order_needs_menu_evidence_check"",""symbolic_price_band_only""]",95,1272,480,1272
vincent-nigita,Vincent Nigita,seminyak,cafe,"Seminyak (Jl. Petitenget, Kanvaz resort)",2026-07-28,true,true,true,true,true,false,false,false,true,true,false,false,review,true,true,P2_DEEPEN_PRACTICAL_VALUE,"[""raw_order_needs_menu_evidence_check"",""symbolic_price_band_only""]",95,1272,480,1272
watercress-seminyak,Watercress Seminyak,seminyak,cafe,Batu Belig / Kerobokan Kelod,2026-07-24,true,true,true,true,true,false,false,false,true,true,false,false,review,true,true,P2_DEEPEN_PRACTICAL_VALUE,"[""raw_order_needs_menu_evidence_check"",""symbolic_price_band_only""]",95,1272,480,1272
rai-fitness-sunset-road-seminyak,Rai Fitness Sunset Road,seminyak,fitness,Sunset Road,2026-07-29,true,true,true,true,false,false,false,false,true,false,false,false,review,true,true,P2_DEEPEN_PRACTICAL_VALUE,"[""weak_location_identity"",""symbolic_price_band_only""]",95,1272,480,1272
soham-wellness-center-seminyak,Soham Wellness Center,seminyak,fitness,Petitenget / Seminyak,2026-07-28,true,true,true,true,false,false,false,false,true,true,false,false,review,true,true,P2_DEEPEN_PRACTICAL_VALUE,"[""symbolic_price_band_only""]",95,1272,480,1272
bossman-burgers,BO$$MAN,seminyak,restaurant,Seminyak (Jl. Kayu Cendana),2026-07-29,true,true,true,true,true,false,false,false,true,true,false,false,review,true,true,P2_DEEPEN_PRACTICAL_VALUE,"[""raw_order_needs_menu_evidence_check"",""symbolic_price_band_only""]",95,1272,480,1272
hog-wild-with-chef-bruno,Hog Wild with Chef Bruno,seminyak,restaurant,Batu Belig,2026-07-28,true,true,true,true,true,false,false,false,true,false,false,false,review,true,true,P2_DEEPEN_PRACTICAL_VALUE,"[""weak_location_identity"",""raw_order_needs_menu_evidence_check"",""symbolic_price_band_only""]",95,1272,480,1272
la-casetta-bali,La Casetta Bali,seminyak,restaurant,"Jl. Bumbak, Umalas (Kerobokan)",2026-08-04,true,true,true,true,true,false,false,false,true,true,false,false,review,true,true,P2_DEEPEN_PRACTICAL_VALUE,"[""raw_order_needs_menu_evidence_check"",""symbolic_price_band_only""]",95,1272,480,1272
revive-pilates-umalas,Revive + Pilates Umalas,seminyak,spa,"Umalas (Jl. Bumbak, Kerobokan Kelod)",2026-07-28,true,true,true,true,true,false,false,false,true,true,false,false,review,true,true,P2_DEEPEN_PRACTICAL_VALUE,"[""raw_order_needs_menu_evidence_check"",""symbolic_price_band_only""]",95,1272,480,1272
waroeng-sulawesi-petitenget,Waroeng Sulawesi,seminyak,warung,"Jl. Petitenget, Kerobokan Kelod",2026-07-29,true,true,true,true,true,false,false,false,true,false,false,false,review,true,true,P2_DEEPEN_PRACTICAL_VALUE,"[""weak_location_identity"",""raw_order_needs_menu_evidence_check"",""symbolic_price_band_only""]",95,1272,480,1272
jiwa-bikram-yoga-bali-seminyak,Jiwa Bikram Yoga Bali,seminyak,yoga,Seminyak / Petitenget,2026-07-29,true,true,true,true,true,false,false,false,true,true,false,false,review,true,true,P2_DEEPEN_PRACTICAL_VALUE,"[""raw_order_needs_menu_evidence_check"",""symbolic_price_band_only""]",95,1272,480,1272
yoga-108-bali-seminyak,Yoga 108 Bali,seminyak,yoga,Sunset Road,2026-07-29,true,true,true,true,false,false,false,false,true,false,false,false,review,true,true,P2_DEEPEN_PRACTICAL_VALUE,"[""weak_location_identity"",""symbolic_price_band_only""]",95,1272,480,1272
anomali-coffee-ubud,Anomali Coffee Ubud,ubud,cafe,Ubud,2026-07-28,true,true,true,true,true,false,false,false,true,true,false,false,review,true,true,P2_DEEPEN_PRACTICAL_VALUE,"[""raw_order_needs_menu_evidence_check"",""symbolic_price_band_only""]",95,1272,480,1272
karsa-cafe,Karsa Cafe,ubud,cafe,Ubud,2026-08-04,true,true,true,true,true,false,false,false,true,true,false,false,review,true,true,P2_DEEPEN_PRACTICAL_VALUE,"[""raw_order_needs_menu_evidence_check"",""symbolic_price_band_only""]",95,1272,480,1272
sawobali,Sawobali,ubud,cafe,Ubud,2026-08-07,true,true,true,true,true,false,false,false,true,true,false,false,review,true,true,P2_DEEPEN_PRACTICAL_VALUE,"[""raw_order_needs_menu_evidence_check"",""symbolic_price_band_only""]",95,1272,480,1272
tukies-coconut-shop,Tukies Coconut Shop,ubud,cafe,"Jl. Monkey Forest, Ubud",2026-08-07,true,true,true,true,true,false,false,false,true,true,false,false,review,true,true,P2_DEEPEN_PRACTICAL_VALUE,"[""raw_order_needs_menu_evidence_check"",""symbolic_price_band_only""]",95,1272,480,1272
bali-bohemia,Bali Bohemia,ubud,restaurant,Ubud,2026-08-07,true,true,true,true,false,false,false,false,true,true,false,false,review,true,true,P2_DEEPEN_PRACTICAL_VALUE,"[""symbolic_price_band_only""]",95,1272,480,1272
bebek-bengil,Bebek Bengil,ubud,restaurant,"Jl. Hanoman, Padang Tegal, Ubud",2026-08-07,true,true,true,true,true,false,false,false,true,true,false,false,review,true,true,P2_DEEPEN_PRACTICAL_VALUE,"[""raw_order_needs_menu_evidence_check"",""symbolic_price_band_only""]",95,1272,480,1272
cafe-wayan-and-bakery,Cafe Wayan & Bakery,ubud,restaurant,Ubud,2026-08-04,true,true,true,true,true,false,false,false,true,true,false,false,review,true,true,P2_DEEPEN_PRACTICAL_VALUE,"[""raw_order_needs_menu_evidence_check"",""symbolic_price_band_only""]",95,1272,480,1272
casa-luna,Casa Luna,ubud,restaurant,Ubud,2026-08-07,true,true,true,true,true,false,false,false,true,true,false,false,review,true,true,P2_DEEPEN_PRACTICAL_VALUE,"[""raw_order_needs_menu_evidence_check"",""symbolic_price_band_only""]",95,1272,480,1272
cascades,CasCades,ubud,restaurant,Ubud,2026-08-07,true,true,true,true,true,false,false,false,true,true,false,false,review,true,true,P2_DEEPEN_PRACTICAL_VALUE,"[""raw_order_needs_menu_evidence_check"",""symbolic_price_band_only""]",95,1272,480,1272
dicarik-warung,Dicarik Warung,ubud,restaurant,"Jl. Kajeng (rice-field walk, north of Ubud centre)",2026-08-04,true,true,true,true,true,false,false,false,true,true,false,false,review,true,true,P2_DEEPEN_PRACTICAL_VALUE,"[""raw_order_needs_menu_evidence_check"",""symbolic_price_band_only""]",95,1272,480,1272
fair-warung-bale,Fair Warung Balé,ubud,restaurant,Ubud,2026-07-29,true,true,true,true,true,false,false,false,true,true,false,false,review,true,true,P2_DEEPEN_PRACTICAL_VALUE,"[""raw_order_needs_menu_evidence_check"",""symbolic_price_band_only""]",95,1272,480,1272
ibu-rai,Ibu Rai,ubud,restaurant,Ubud,2026-08-04,true,true,true,true,true,false,false,false,true,true,false,false,review,true,true,P2_DEEPEN_PRACTICAL_VALUE,"[""raw_order_needs_menu_evidence_check"",""symbolic_price_band_only""]",95,1272,480,1272
laka-leke,Laka Leke,ubud,restaurant,Ubud,2026-08-07,true,true,true,true,true,false,false,false,true,true,false,false,review,true,true,P2_DEEPEN_PRACTICAL_VALUE,"[""raw_order_needs_menu_evidence_check"",""symbolic_price_band_only""]",95,1272,480,1272
melting-wok-warung,Melting Wok Warung,ubud,restaurant,Ubud (Jl. Gootama),2026-08-07,true,true,true,true,true,false,false,false,true,true,false,false,review,true,true,P2_DEEPEN_PRACTICAL_VALUE,"[""raw_order_needs_menu_evidence_check"",""symbolic_price_band_only""]",95,1272,480,1272
onion-collective,Onion Collective,ubud,restaurant,Ubud,2026-07-29,true,true,true,true,false,false,false,false,true,true,false,false,review,true,true,P2_DEEPEN_PRACTICAL_VALUE,"[""symbolic_price_band_only""]",95,1272,480,1272
room4dessert,Room4Dessert,ubud,restaurant,Kedewatan,2026-08-07,true,true,true,true,true,false,false,false,true,true,false,false,review,true,true,P2_DEEPEN_PRACTICAL_VALUE,"[""raw_order_needs_menu_evidence_check"",""symbolic_price_band_only""]",95,1272,480,1272
manga-madu,Warung Mangga Madu,ubud,restaurant,Ubud,2026-08-07,true,true,true,true,true,false,false,false,true,true,false,false,review,true,true,P2_DEEPEN_PRACTICAL_VALUE,"[""raw_order_needs_menu_evidence_check"",""symbolic_price_band_only""]",95,1272,480,1272
warung-mendez,Warung Mendez,ubud,restaurant,Ubud,2026-08-07,true,true,true,true,true,false,false,false,true,true,false,false,review,true,true,P2_DEEPEN_PRACTICAL_VALUE,"[""raw_order_needs_menu_evidence_check"",""symbolic_price_band_only""]",95,1272,480,1272
warung-siam,Warung Siam,ubud,restaurant,Ubud,2026-08-07,true,true,true,true,true,false,false,false,true,true,false,false,review,true,true,P2_DEEPEN_PRACTICAL_VALUE,"[""raw_order_needs_menu_evidence_check"",""symbolic_price_band_only""]",95,1272,480,1272
whos-who,Who's Who,ubud,restaurant,Ubud,2026-08-07,true,true,true,true,true,false,false,false,true,true,false,false,review,true,true,P2_DEEPEN_PRACTICAL_VALUE,"[""raw_order_needs_menu_evidence_check"",""symbolic_price_band_only""]",95,1272,480,1272
wulan-vegetarian-warung,Wulan Vegetarian Warung,ubud,restaurant,Ubud,2026-08-07,true,true,true,true,true,false,false,false,true,true,false,false,review,true,true,P2_DEEPEN_PRACTICAL_VALUE,"[""raw_order_needs_menu_evidence_check"",""symbolic_price_band_only""]",95,1272,480,1272
heart-space-bali,Heart Space Bali,ubud,spa,"Nyuh Kuning / Pengosekan, Ubud",2026-07-29,true,true,true,true,true,false,false,false,true,true,false,false,review,true,true,P2_DEEPEN_PRACTICAL_VALUE,"[""raw_order_needs_menu_evidence_check"",""symbolic_price_band_only""]",95,1272,480,1272
kush-ayurveda-yoga-barn,KUSH Ayurvedic Rejuvenation Spa at The Yoga Barn,ubud,spa,Padang Tegal / Peliatan (The Yoga Barn),2026-07-15,true,true,true,true,true,false,false,false,true,true,false,false,review,true,true,P2_DEEPEN_PRACTICAL_VALUE,"[""raw_order_needs_menu_evidence_check"",""symbolic_price_band_only""]",95,1272,480,1272
pyramids-of-chi,Pyramids of Chi,ubud,spa,"Bentuyung, north of Ubud",2026-08-07,true,true,true,true,true,false,false,false,true,true,false,false,review,true,true,P2_DEEPEN_PRACTICAL_VALUE,"[""raw_order_needs_menu_evidence_check"",""symbolic_price_band_only""]",95,1272,480,1272
the-shala-bali,The Shala Bali,ubud,spa,"Sanggingan / Penestanan Kaja, Ubud",2026-08-07,true,true,true,true,true,false,false,false,true,true,false,false,review,true,true,P2_DEEPEN_PRACTICAL_VALUE,"[""raw_order_needs_menu_evidence_check"",""symbolic_price_band_only""]",95,1272,480,1272
warung-biah-biah,Warung Biah Biah,ubud,warung,Ubud (Jl. Gootama),2026-08-04,true,true,true,true,true,false,false,false,true,true,false,false,review,true,true,P2_DEEPEN_PRACTICAL_VALUE,"[""raw_order_needs_menu_evidence_check"",""symbolic_price_band_only""]",95,1272,480,1272
intuitive-flow,Intuitive Flow,ubud,yoga,Penestanan,2026-08-07,true,true,true,true,true,false,false,false,true,true,false,false,review,true,true,P2_DEEPEN_PRACTICAL_VALUE,"[""raw_order_needs_menu_evidence_check"",""symbolic_price_band_only""]",95,1272,480,1272
the-yoga-barn,The Yoga Barn,ubud,yoga,Pengosekan,2026-08-07,true,true,true,true,true,false,false,false,true,true,false,false,review,true,true,P2_DEEPEN_PRACTICAL_VALUE,"[""raw_order_needs_menu_evidence_check"",""symbolic_price_band_only""]",95,1272,480,1272
ubud-yoga-centre,Ubud Yoga Centre,ubud,yoga,Nyuh Kuning / south Ubud,2026-08-07,true,true,true,true,true,false,false,false,true,true,false,false,review,true,true,P2_DEEPEN_PRACTICAL_VALUE,"[""raw_order_needs_menu_evidence_check"",""symbolic_price_band_only""]",95,1272,480,1272
drifter-surf-cafe,Drifter Surf Shop & Cafe,uluwatu-bukit,cafe,"Uluwatu (Jl. Labuansait), Bukit",2026-07-28,true,true,true,true,true,false,false,false,true,true,false,false,review,true,true,P2_DEEPEN_PRACTICAL_VALUE,"[""raw_order_needs_menu_evidence_check"",""symbolic_price_band_only""]",95,1272,480,1272
the-cashew-tree,The Cashew Tree,uluwatu-bukit,cafe,"Bingin, Uluwatu (Bukit)",2026-08-04,true,true,true,true,true,false,false,false,true,true,false,false,review,true,true,P2_DEEPEN_PRACTICAL_VALUE,"[""raw_order_needs_menu_evidence_check"",""symbolic_price_band_only""]",95,1272,480,1272
uluwatu-collective,Uluwatu Collective,uluwatu-bukit,fitness,Ungasan,2026-08-07,true,true,true,false,false,false,false,false,true,false,false,false,review,true,true,P2_DEEPEN_PRACTICAL_VALUE,"[""weak_location_identity""]",95,1272,480,1272
zando-fight-camp-uluwatu,Zando Fight Camp Uluwatu,uluwatu-bukit,fitness,Ungasan,2026-07-20,true,true,true,false,false,false,false,false,true,false,false,false,review,true,true,P2_DEEPEN_PRACTICAL_VALUE,"[""weak_location_identity""]",95,1272,480,1272
la-brisa-bali,La Brisa Bali,canggu,beach_club,Echo Beach,2026-08-08,true,true,true,true,true,true,false,false,true,true,false,false,published,true,true,READY_FOR_RELEASE_GATE,"[""raw_order_needs_menu_evidence_check""]",144,1272,480,1272
glo-day-spa-salon-canggu-canggu,Glo Day Spa & Salon Canggu,canggu,beauty,Canggu,2026-08-08,true,true,true,false,false,false,true,false,true,true,false,false,published,true,true,READY_FOR_RELEASE_GATE,[],144,1272,480,1272
house-of-orange-beauty-canggu-canggu,House of Orange Beauty Canggu,canggu,beauty,Canggu,2026-08-08,true,true,true,false,false,false,true,false,true,true,false,false,published,true,true,READY_FOR_RELEASE_GATE,[],144,1272,480,1272
brunch-club-pererenan,Brunch Club Pererenan,canggu,cafe,Pererenan / Pantai Pererenan,2026-08-08,true,true,true,true,true,true,false,false,true,true,false,false,published,true,true,READY_FOR_RELEASE_GATE,"[""raw_order_needs_menu_evidence_check""]",144,1272,480,1272
milk-and-madu-beach-road,Milk & Madu Beach Road,canggu,cafe,Batu Bolong,2026-08-07,true,true,true,true,true,false,true,false,true,true,false,false,review,true,true,READY_FOR_RELEASE_GATE,"[""raw_order_needs_menu_evidence_check"",""symbolic_price_band_only""]",144,1272,480,1272
motion-cafe,Motion Cafe,canggu,cafe,Berawa,2026-07-29,true,true,true,true,false,false,true,false,true,true,false,false,review,true,true,READY_FOR_RELEASE_GATE,"[""symbolic_price_band_only""]",144,1272,480,1272
the-avocado-factory,The Avocado Factory,canggu,cafe,Batu Mejan,2026-08-07,true,true,true,true,true,false,true,false,true,true,false,false,review,true,true,READY_FOR_RELEASE_GATE,"[""raw_order_needs_menu_evidence_check"",""symbolic_price_band_only""]",144,1272,480,1272
zin-cafe-canggu,ZIN Cafe Canggu,canggu,cafe,Nelayan,2026-08-04,true,true,true,true,true,false,true,false,true,true,false,false,review,true,true,READY_FOR_RELEASE_GATE,"[""raw_order_needs_menu_evidence_check"",""symbolic_price_band_only""]",144,1272,480,1272
amplitude-skate-and-bike-park,Amplitude Skate & Bike Park,canggu,fitness,null,2026-08-08,true,true,true,true,true,true,false,false,true,false,false,false,published,true,true,READY_FOR_RELEASE_GATE,"[""weak_location_identity"",""raw_order_needs_menu_evidence_check""]",144,1272,480,1272
bali-mma-canggu,Bali MMA,canggu,fitness,Padonan,2026-08-08,true,true,true,true,false,true,true,false,true,true,false,false,published,true,true,READY_FOR_RELEASE_GATE,[],144,1272,480,1272
bali-padel-academy,Bali Padel Academy,canggu,fitness,Tibubeneng,2026-08-08,true,true,true,true,true,true,true,false,true,false,false,false,published,true,true,READY_FOR_RELEASE_GATE,"[""weak_location_identity"",""raw_order_needs_menu_evidence_check""]",144,1272,480,1272
body-factory-bali-canggu,Body Factory Bali,canggu,fitness,Nelayan / Canggu,2026-08-08,true,true,true,true,true,true,true,false,true,true,false,false,published,true,true,READY_FOR_RELEASE_GATE,"[""raw_order_needs_menu_evidence_check""]",144,1272,480,1272
brother-gym,Brother Gym,canggu,fitness,Tibubeneng,2026-08-08,true,true,true,true,true,true,true,false,true,false,false,false,published,true,true,READY_FOR_RELEASE_GATE,"[""weak_location_identity"",""raw_order_needs_menu_evidence_check""]",144,1272,480,1272
f45-training-canggu-canggu,F45 Training Canggu,canggu,fitness,Canggu,2026-08-08,true,true,true,false,false,false,true,false,true,true,false,false,published,true,true,READY_FOR_RELEASE_GATE,[],144,1272,480,1272
flex-gym-bali,Flex Gym Bali,canggu,fitness,Tibubeneng,2026-08-08,true,true,true,true,true,true,true,false,true,false,false,false,published,true,true,READY_FOR_RELEASE_GATE,"[""weak_location_identity"",""raw_order_needs_menu_evidence_check""]",144,1272,480,1272
rite-bali,Rite Bali,canggu,fitness,Pererenan,2026-08-07,true,true,true,true,true,false,true,false,true,true,false,false,review,true,true,READY_FOR_RELEASE_GATE,"[""raw_order_needs_menu_evidence_check"",""symbolic_price_band_only""]",144,1272,480,1272
alma-tapas-bar,Alma Tapas Bar at Canggu,canggu,restaurant,Canggu; Berawa,2026-08-08,true,true,true,true,true,true,true,false,true,true,false,false,published,true,true,READY_FOR_RELEASE_GATE,"[""raw_order_needs_menu_evidence_check""]",144,1272,480,1272
ashe-grill-and-bar,Ashe Grill & Bar,canggu,restaurant,Pererenan,2026-08-08,true,true,true,true,true,true,true,false,true,true,false,false,published,true,true,READY_FOR_RELEASE_GATE,"[""raw_order_needs_menu_evidence_check""]",144,1272,480,1272
atlas-beach-club,Atlas Beach Club,canggu,restaurant,Berawa near Finns,2026-08-08,true,true,true,true,false,true,false,false,true,true,false,false,published,true,true,READY_FOR_RELEASE_GATE,[],144,1272,480,1272
beach-boy-canggu,Beach Boy Canggu,canggu,restaurant,Munduk Catu,2026-08-08,true,true,true,true,true,true,false,false,true,true,false,false,published,true,true,READY_FOR_RELEASE_GATE,"[""raw_order_needs_menu_evidence_check""]",144,1272,480,1272
beachtown-grocer,Beachtown Grocer,canggu,restaurant,Canggu; Berawa,2026-08-08,true,true,true,true,true,true,true,false,true,true,false,false,published,true,true,READY_FOR_RELEASE_GATE,"[""raw_order_needs_menu_evidence_check""]",144,1272,480,1272
bokashi-berawa,Bokashi Bali at Berawa,canggu,restaurant,Canggu; Berawa,2026-08-08,true,true,true,true,true,true,true,false,true,true,false,false,published,true,true,READY_FOR_RELEASE_GATE,"[""raw_order_needs_menu_evidence_check""]",144,1272,480,1272
bonito-restaurant,Bonito Restaurant,canggu,restaurant,Canggu,2026-08-08,true,true,true,true,true,true,true,false,true,true,false,false,published,true,true,READY_FOR_RELEASE_GATE,"[""raw_order_needs_menu_evidence_check""]",144,1272,480,1272
cafe-coach,Cafe Coach,canggu,restaurant,Canggu,2026-08-08,true,true,true,true,true,true,true,false,true,true,false,false,published,true,true,READY_FOR_RELEASE_GATE,"[""raw_order_needs_menu_evidence_check""]",144,1272,480,1272
chow-chow-bali,Chow Chow Bali,canggu,restaurant,Canggu,2026-08-08,true,true,true,true,true,true,true,false,true,true,false,false,published,true,true,READY_FOR_RELEASE_GATE,"[""raw_order_needs_menu_evidence_check""]",144,1272,480,1272
como-beach-club-canggu,COMO Beach Club Canggu,canggu,restaurant,Canggu,2026-08-08,true,true,true,true,true,true,true,false,true,true,false,false,published,true,true,READY_FOR_RELEASE_GATE,"[""raw_order_needs_menu_evidence_check""]",144,1272,480,1272
downtown-kedungu-restaurant-and-bar,Downtown Kedungu - Restaurant & Bar,canggu,restaurant,Tabanan,2026-08-08,true,true,true,true,true,true,true,false,true,true,false,false,published,true,true,READY_FOR_RELEASE_GATE,"[""raw_order_needs_menu_evidence_check""]",144,1272,480,1272
e-a-r-t-h-by-ulaman,E.A.R.T.H Restaurant & Lounge,canggu,restaurant,Tabanan / Canggu,2026-08-08,true,true,true,true,true,true,true,false,true,true,false,false,published,true,true,READY_FOR_RELEASE_GATE,"[""raw_order_needs_menu_evidence_check""]",144,1272,480,1272
eskq-bar-steak-house,ESKQ Bar Steak House,canggu,restaurant,Canggu,2026-08-08,true,true,true,true,true,true,true,false,true,true,false,false,published,true,true,READY_FOR_RELEASE_GATE,"[""raw_order_needs_menu_evidence_check""]",144,1272,480,1272
finns-beach-club,FINNS Beach Club,canggu,restaurant,Berawa near Finns,2026-08-08,true,true,true,true,false,true,true,false,true,true,false,false,published,true,true,READY_FOR_RELEASE_GATE,[],144,1272,480,1272
home-by-chef-wayan,HOME by Chef Wayan,canggu,restaurant,"Pererenan, Canggu",2026-08-08,true,true,true,true,true,true,true,false,true,true,false,false,published,true,true,READY_FOR_RELEASE_GATE,"[""raw_order_needs_menu_evidence_check""]",144,1272,480,1272
inklusiv-warung,Inklusiv Warung,canggu,restaurant,Canggu,2026-08-08,true,true,true,true,true,true,true,false,true,true,false,false,published,true,true,READY_FOR_RELEASE_GATE,"[""raw_order_needs_menu_evidence_check""]",144,1272,480,1272
isla-by-earth-island,ISLA by Earth Island,canggu,restaurant,Canggu shortcut / Subak Canggu,2026-08-08,true,true,true,true,true,true,false,false,true,true,false,false,published,true,true,READY_FOR_RELEASE_GATE,"[""raw_order_needs_menu_evidence_check""]",144,1272,480,1272
lopodo-catering-and-events,Lopodo Catering & Events,canggu,restaurant,Canggu,2026-08-08,true,true,true,true,true,true,true,false,true,true,false,false,published,true,true,READY_FOR_RELEASE_GATE,"[""raw_order_needs_menu_evidence_check""]",144,1272,480,1272
luigis-hot-pizza,Luigi’s Hot Pizza,canggu,restaurant,Batu Bolong / Berawa,2026-08-08,true,true,true,true,true,true,false,false,true,true,false,false,published,true,true,READY_FOR_RELEASE_GATE,"[""raw_order_needs_menu_evidence_check""]",144,1272,480,1272
mia-asian-modern-inspired-restaurant-and-bar,MiA - Asian Modern-Inspired Restaurant & Bar,canggu,restaurant,Canggu,2026-08-08,true,true,true,true,true,true,true,false,true,true,false,false,published,true,true,READY_FOR_RELEASE_GATE,"[""raw_order_needs_menu_evidence_check""]",144,1272,480,1272
milk-and-madu-berawa,Milk & Madu Berawa,canggu,restaurant,Berawa / Tegal Gundul,2026-08-07,true,true,true,true,true,false,true,false,true,true,false,false,review,true,true,READY_FOR_RELEASE_GATE,"[""raw_order_needs_menu_evidence_check"",""symbolic_price_band_only""]",144,1272,480,1272
murmur-restaurant-lounge,Murmur Restaurant Lounge,canggu,restaurant,Canggu,2026-08-08,true,true,true,true,false,true,true,false,true,true,false,false,published,true,true,READY_FOR_RELEASE_GATE,[],144,1272,480,1272
poule-de-luxe-bali,Poule de Luxe Bali,canggu,restaurant,Batu Belig,2026-08-07,true,true,true,true,true,true,true,false,true,false,false,false,review,true,true,READY_FOR_RELEASE_GATE,"[""weak_location_identity"",""raw_order_needs_menu_evidence_check""]",144,1272,480,1272
revolver-canggu,Revolver Canggu,canggu,restaurant,Central Canggu / shortcut approach,2026-08-04,true,true,true,true,true,false,true,false,true,true,false,false,review,true,true,READY_FOR_RELEASE_GATE,"[""raw_order_needs_menu_evidence_check"",""symbolic_price_band_only""]",144,1272,480,1272
roots-pererenan,Roots,canggu,restaurant,Canggu; Pererenan,2026-07-28,true,true,true,true,true,false,true,false,true,true,false,false,review,true,true,READY_FOR_RELEASE_GATE,"[""raw_order_needs_menu_evidence_check"",""symbolic_price_band_only""]",144,1272,480,1272
samesa-canggu,Sa'Mesa Canggu,canggu,restaurant,Canggu,2026-08-08,true,true,true,true,true,true,true,false,true,true,false,false,published,true,true,READY_FOR_RELEASE_GATE,"[""raw_order_needs_menu_evidence_check""]",144,1272,480,1272
secana-rooftop-bali,Secana Rooftop,canggu,restaurant,Canggu,2026-08-08,true,true,true,true,false,true,true,false,true,true,false,false,published,true,true,READY_FOR_RELEASE_GATE,[],144,1272,480,1272
shelter-restaurant,Shelter Restaurant,canggu,restaurant,Pererenan / Pantai Pererenan,2026-08-07,true,true,true,true,false,false,true,false,true,true,false,false,review,true,true,READY_FOR_RELEASE_GATE,"[""symbolic_price_band_only""]",144,1272,480,1272
skool-kitchen,SKOOL Kitchen,canggu,restaurant,"Batu Bolong Beach, Canggu",2026-08-08,true,true,true,true,true,true,true,false,true,true,false,false,published,true,true,READY_FOR_RELEASE_GATE,"[""raw_order_needs_menu_evidence_check""]",144,1272,480,1272
sushimi-bali,Sushimi Bali,canggu,restaurant,Canggu (Berawa),2026-07-28,true,true,true,true,true,false,true,false,true,true,false,false,review,true,true,READY_FOR_RELEASE_GATE,"[""raw_order_needs_menu_evidence_check"",""symbolic_price_band_only""]",144,1272,480,1272
the-shady-shack,The Shady Shack,canggu,restaurant,Berawa,2026-08-04,true,true,true,true,false,false,true,false,true,true,false,false,review,true,true,READY_FOR_RELEASE_GATE,"[""symbolic_price_band_only""]",144,1272,480,1272
touche-cafe-and-restaurant,Touché Cafe & Restaurant,canggu,restaurant,Pererenan / Pererenan north,2026-08-07,true,true,true,true,true,false,true,false,true,true,false,false,review,true,true,READY_FOR_RELEASE_GATE,"[""raw_order_needs_menu_evidence_check"",""symbolic_price_band_only""]",144,1272,480,1272
udara-bali,Udara Bali,canggu,restaurant,Seseh (Adjacent Pererenan),2026-07-15,true,true,true,true,false,false,true,false,true,true,false,false,review,true,true,READY_FOR_RELEASE_GATE,"[""symbolic_price_band_only""]",144,1272,480,1272
yema-kitchen,Yema Kitchen,canggu,restaurant,Canggu,2026-08-08,true,true,true,true,true,true,true,false,true,true,false,false,published,true,true,READY_FOR_RELEASE_GATE,"[""raw_order_needs_menu_evidence_check""]",144,1272,480,1272
amo-spa-canggu-canggu,AMO Spa Canggu,canggu,spa,Batu Bolong / Canggu,2026-08-08,true,true,true,true,true,false,true,false,true,true,false,false,published,true,true,READY_FOR_RELEASE_GATE,"[""raw_order_needs_menu_evidence_check"",""symbolic_price_band_only""]",144,1272,480,1272
como-uma-canggu-wellness-spa-canggu,COMO Uma Canggu Wellness / Spa,canggu,spa,Echo Beach / Canggu,2026-08-08,true,true,true,true,true,true,true,false,true,true,false,false,published,true,true,READY_FOR_RELEASE_GATE,"[""raw_order_needs_menu_evidence_check""]",144,1272,480,1272
cutiepai-nails,CutiePai Nails,canggu,spa,Pererenan,2026-08-08,true,true,true,true,true,true,false,false,true,true,false,false,published,true,true,READY_FOR_RELEASE_GATE,"[""raw_order_needs_menu_evidence_check""]",144,1272,480,1272
estetica-belle,Estetica Belle,canggu,spa,Pererenan,2026-08-08,true,true,true,true,true,true,true,false,true,true,false,false,published,true,true,READY_FOR_RELEASE_GATE,"[""raw_order_needs_menu_evidence_check""]",144,1272,480,1272
face-therapy-spa-pererenan,Face Therapy Spa Pererenan,canggu,spa,Pererenan,2026-08-08,true,true,true,true,true,true,true,false,true,true,false,false,published,true,true,READY_FOR_RELEASE_GATE,"[""raw_order_needs_menu_evidence_check""]",144,1272,480,1272
jungle-padel-canggu-shortcut,Jungle Padel Canggu Shortcut,canggu,spa,Batu Bolong (Canggu shortcut),2026-08-07,true,true,true,true,true,true,true,false,true,true,false,false,review,true,true,READY_FOR_RELEASE_GATE,"[""raw_order_needs_menu_evidence_check""]",144,1272,480,1272
udara-bali-yoga-detox-and-spa-organic-ocean,Udara Bali Yoga Detox & Spa / Organic Ocean,canggu,spa,Seseh,2026-07-15,true,true,true,true,true,false,true,false,true,true,false,false,review,true,true,READY_FOR_RELEASE_GATE,"[""raw_order_needs_menu_evidence_check"",""symbolic_price_band_only""]",144,1272,480,1272
wrong-gym-pererenan,Wrong Gym Pererenan,canggu,spa,Pererenan / Pererenan north,2026-07-28,true,true,true,true,true,false,true,false,true,true,false,false,review,true,true,READY_FOR_RELEASE_GATE,"[""raw_order_needs_menu_evidence_check"",""symbolic_price_band_only""]",144,1272,480,1272
warung-jawa-bu-sri,Warung Jawa Bu Sri,canggu,warung,Padang Linjong,2026-08-07,true,true,true,true,true,true,false,false,true,false,false,false,review,true,true,READY_FOR_RELEASE_GATE,"[""weak_location_identity"",""raw_order_needs_menu_evidence_check""]",144,1272,480,1272
warung-local,Warung Local,canggu,warung,Batu Bolong,2026-08-07,true,true,true,true,true,true,false,false,true,false,false,false,review,true,true,READY_FOR_RELEASE_GATE,"[""weak_location_identity"",""raw_order_needs_menu_evidence_check""]",144,1272,480,1272
warung-sika,Warung Sika,canggu,warung,Batu Bolong,2026-08-07,true,true,true,true,true,true,false,false,true,false,false,false,review,true,true,READY_FOR_RELEASE_GATE,"[""weak_location_identity"",""raw_order_needs_menu_evidence_check""]",144,1272,480,1272
warung-varuna,Warung Varuna,canggu,warung,Batu Bolong,2026-07-29,true,true,true,true,true,true,false,false,true,false,false,false,review,true,true,READY_FOR_RELEASE_GATE,"[""weak_location_identity"",""raw_order_needs_menu_evidence_check""]",144,1272,480,1272
warung-yess,Warung Yess,canggu,warung,Pererenan,2026-08-07,true,true,true,true,true,true,false,false,true,false,false,false,review,true,true,READY_FOR_RELEASE_GATE,"[""weak_location_identity"",""raw_order_needs_menu_evidence_check""]",144,1272,480,1272
adda-yoga,Adda Yoga,canggu,yoga,Canggu / near Batu Bolong,2026-08-08,true,true,true,true,true,true,false,false,true,false,false,false,published,true,true,READY_FOR_RELEASE_GATE,"[""weak_location_identity"",""raw_order_needs_menu_evidence_check""]",144,1272,480,1272
canggu-yoga-centre-canggu,Canggu Yoga Centre,canggu,yoga,Pererenan,2026-08-08,true,true,true,true,true,false,true,false,true,true,false,false,published,true,true,READY_FOR_RELEASE_GATE,"[""raw_order_needs_menu_evidence_check"",""symbolic_price_band_only""]",144,1272,480,1272
gravity-stretching-canggu,Gravity Stretching Canggu,canggu,yoga,Canggu / Tibubeneng,2026-08-08,true,true,true,true,true,true,false,false,true,false,false,false,published,true,true,READY_FOR_RELEASE_GATE,"[""weak_location_identity"",""raw_order_needs_menu_evidence_check""]",144,1272,480,1272
guan-yin-yoga-canggu,Guan Yin Yoga Canggu,canggu,yoga,Canggu,2026-08-08,true,true,true,true,true,true,false,false,true,true,false,false,published,true,true,READY_FOR_RELEASE_GATE,"[""raw_order_needs_menu_evidence_check""]",144,1272,480,1272
rokkyu-teppanyaki-grand-istana-rama-hotel-kuta,Rokkyu Teppanyaki (Grand Istana Rama Hotel Kuta),kuta-legian,restaurant,kuta,2026-08-11,true,true,true,true,false,true,false,false,false,false,false,false,published,true,true,READY_FOR_RELEASE_GATE,"[""weak_location_identity""]",144,1272,480,1272
kenja-ikan-bakar-nusa-dua,Kenja Ikan Bakar & Seafood,nusa-dua,restaurant,Nusa Dua,2026-07-28,true,true,true,true,true,false,true,false,true,true,false,false,review,true,true,READY_FOR_RELEASE_GATE,"[""raw_order_needs_menu_evidence_check"",""symbolic_price_band_only""]",144,1272,480,1272
nasi-banjar-mbok-mang,Nasi Banjar Mbok Mang,nusa-dua,warung,Bualu (Jl. Kurusetra),2026-07-29,true,true,true,true,true,true,false,false,true,false,false,false,review,true,true,READY_FOR_RELEASE_GATE,"[""weak_location_identity"",""raw_order_needs_menu_evidence_check""]",144,1272,480,1272
warung-nasi-ayam-bu-oki,Warung Nasi Ayam Bu Oki,nusa-dua,warung,Bualu (Jl. Siligita),2026-07-28,true,true,true,true,true,true,false,false,true,false,false,false,review,true,true,READY_FOR_RELEASE_GATE,"[""weak_location_identity"",""raw_order_needs_menu_evidence_check""]",144,1272,480,1272
glo-day-spa-salon-sanur-sanur,Glo Day Spa & Salon Sanur,sanur,spa,Sanur,2026-07-28,true,true,true,true,false,false,true,false,true,true,false,false,review,true,true,READY_FOR_RELEASE_GATE,"[""symbolic_price_band_only""]",144,1272,480,1272
babi-guling-odah-sanur,Babi Guling Odah Sanur,sanur,warung,Jl. Danau Tamblingan (near Pasar Sindhu),2026-07-29,true,true,true,true,true,true,false,false,true,false,false,false,review,true,true,READY_FOR_RELEASE_GATE,"[""weak_location_identity"",""raw_order_needs_menu_evidence_check""]",144,1272,480,1272
nasi-bali-men-weti,Nasi Bali Men Weti,sanur,warung,"Jl. Segara Ayu, Sindhu",2026-07-28,true,true,true,true,true,true,false,false,true,false,false,false,review,true,true,READY_FOR_RELEASE_GATE,"[""weak_location_identity"",""raw_order_needs_menu_evidence_check""]",144,1272,480,1272
warung-blanjong,Warung Blanjong,sanur,warung,"Jl. Danau Poso, south Sanur",2026-07-28,true,true,true,true,true,true,false,false,true,false,false,false,review,true,true,READY_FOR_RELEASE_GATE,"[""weak_location_identity"",""raw_order_needs_menu_evidence_check""]",144,1272,480,1272
warung-little-bird,Warung Little Bird,sanur,warung,Jalan Danau Tamblingan,2026-07-28,true,true,true,true,true,true,false,false,true,true,false,false,review,true,true,READY_FOR_RELEASE_GATE,"[""raw_order_needs_menu_evidence_check""]",144,1272,480,1272
warung-mak-beng,Warung Mak Beng,sanur,warung,Sanur Kaja,2026-07-24,true,true,true,true,true,true,false,false,true,true,false,false,review,true,true,READY_FOR_RELEASE_GATE,"[""raw_order_needs_menu_evidence_check""]",144,1272,480,1272
bali-barber-seminyak-seminyak,Bali Barber Seminyak,seminyak,beauty,Seminyak,2026-07-29,true,true,true,true,true,false,true,false,true,true,false,false,review,true,true,READY_FOR_RELEASE_GATE,"[""raw_order_needs_menu_evidence_check"",""symbolic_price_band_only""]",144,1272,480,1272
glo-day-spa-salon-seminyak-seminyak,Glo Day Spa & Salon Seminyak,seminyak,beauty,Seminyak,2026-07-28,true,true,true,true,true,false,true,false,true,true,false,false,review,true,true,READY_FOR_RELEASE_GATE,"[""raw_order_needs_menu_evidence_check"",""symbolic_price_band_only""]",144,1272,480,1272
rob-peetoom-hair-spa-bali-seminyak,Rob Peetoom Hair Spa Bali,seminyak,beauty,Petitenget / Seminyak,2026-07-28,true,true,true,true,true,false,true,false,true,true,false,false,review,true,true,READY_FOR_RELEASE_GATE,"[""raw_order_needs_menu_evidence_check"",""symbolic_price_band_only""]",144,1272,480,1272
the-shampoo-lounge-seminyak-seminyak,The Shampoo Lounge Seminyak,seminyak,beauty,Seminyak,2026-07-28,true,true,true,true,true,false,true,false,true,true,false,false,review,true,true,READY_FOR_RELEASE_GATE,"[""raw_order_needs_menu_evidence_check"",""symbolic_price_band_only""]",144,1272,480,1272
corner-house-bali,Corner House Bali,seminyak,cafe,Oberoi / Jl. Laksmana (Eat Street),2026-07-28,true,true,true,true,true,false,false,true,true,true,false,false,review,true,true,READY_FOR_RELEASE_GATE,"[""raw_order_needs_menu_evidence_check"",""symbolic_price_band_only""]",144,1272,480,1272
gusto-gelato,Gusto Gelato & Caffe,seminyak,cafe,"Jl. Mertanadi, Kerobokan (Seminyak)",2026-07-29,true,true,true,true,true,true,false,false,true,true,false,false,review,true,true,READY_FOR_RELEASE_GATE,"[""raw_order_needs_menu_evidence_check""]",144,1272,480,1272
revolver-seminyak,Revolver Seminyak,seminyak,cafe,Seminyak,2026-07-24,true,true,true,true,true,false,false,true,true,true,false,false,review,true,true,READY_FOR_RELEASE_GATE,"[""raw_order_needs_menu_evidence_check"",""symbolic_price_band_only""]",144,1272,480,1272
bali-fitness-seminyak-seminyak,Bali Fitness Seminyak,seminyak,fitness,Seminyak,2026-07-29,true,true,true,true,true,false,true,false,true,true,false,false,review,true,true,READY_FOR_RELEASE_GATE,"[""raw_order_needs_menu_evidence_check"",""symbolic_price_band_only""]",144,1272,480,1272
ginger-moon-canteen,Ginger Moon Canteen,seminyak,restaurant,Seminyak,2026-07-28,true,true,true,true,true,true,true,false,true,true,false,false,review,true,true,READY_FOR_RELEASE_GATE,"[""raw_order_needs_menu_evidence_check""]",144,1272,480,1272
ku-de-ta,KU DE TA,seminyak,restaurant,Seminyak,2026-07-28,true,true,true,true,true,false,true,true,true,true,false,false,review,true,true,READY_FOR_RELEASE_GATE,"[""raw_order_needs_menu_evidence_check"",""symbolic_price_band_only""]",144,1272,480,1272
mauri-restaurant,Mauri Restaurant,seminyak,restaurant,Seminyak,2026-07-28,true,true,true,true,true,true,true,false,true,true,false,false,review,true,true,READY_FOR_RELEASE_GATE,"[""raw_order_needs_menu_evidence_check""]",144,1272,480,1272
moonlite-kitchen-and-bar,MOONLITE KITCHEN & BAR,seminyak,restaurant,Seminyak,2026-07-28,true,true,true,true,true,true,true,true,true,true,false,false,review,true,true,READY_FOR_RELEASE_GATE,"[""raw_order_needs_menu_evidence_check""]",144,1272,480,1272
natys-restaurant-seminyak,Natys Restaurant Seminyak,seminyak,restaurant,Seminyak (Kayu Aya),2026-07-28,true,true,true,true,true,false,false,true,true,true,false,false,review,true,true,READY_FOR_RELEASE_GATE,"[""raw_order_needs_menu_evidence_check"",""symbolic_price_band_only""]",144,1272,480,1272
nui-da-mano-beachfront-restaurant-in-batu-belig,Nui da Mano - Beachfront Restaurant in Batu Belig,seminyak,restaurant,Seminyak,2026-08-11,true,true,true,true,false,true,true,false,true,true,false,false,review,true,true,READY_FOR_RELEASE_GATE,[],144,1272,480,1272
bk-wellness-studio-umalas-by-blue-karma-secrets,BK Wellness Studio Umalas by Blue Karma Secrets,seminyak,spa,Umalas (Blue Karma Village),2026-07-28,true,true,true,true,true,true,false,false,true,true,false,false,review,true,true,READY_FOR_RELEASE_GATE,"[""raw_order_needs_menu_evidence_check""]",144,1272,480,1272
bodyworks-spa-seminyak,Bodyworks Spa,seminyak,spa,Seminyak,2026-07-28,true,true,true,true,true,false,true,false,true,true,false,false,review,true,true,READY_FOR_RELEASE_GATE,"[""raw_order_needs_menu_evidence_check"",""symbolic_price_band_only""]",144,1272,480,1272
jari-menari-seminyak,Jari Menari,seminyak,spa,Seminyak,2026-07-28,true,true,true,true,true,false,true,false,true,true,false,false,review,true,true,READY_FOR_RELEASE_GATE,"[""raw_order_needs_menu_evidence_check"",""symbolic_price_band_only""]",144,1272,480,1272
lagoon-spa-seminyak-seminyak,Lagoon Spa Seminyak,seminyak,spa,Seminyak,2026-07-28,true,true,true,true,true,false,true,false,true,true,false,false,review,true,true,READY_FOR_RELEASE_GATE,"[""raw_order_needs_menu_evidence_check"",""symbolic_price_band_only""]",144,1272,480,1272
prana-spa-seminyak,Prana Spa,seminyak,spa,Seminyak,2026-07-28,true,true,true,true,true,false,true,false,true,true,false,false,review,true,true,READY_FOR_RELEASE_GATE,"[""raw_order_needs_menu_evidence_check"",""symbolic_price_band_only""]",144,1272,480,1272
saia-wellness-saia-pilates-umalas,SAIA Wellness / SAIA Pilates Umalas,seminyak,spa,Umalas,2026-07-29,true,true,true,true,true,true,false,false,true,true,false,false,review,true,true,READY_FOR_RELEASE_GATE,"[""raw_order_needs_menu_evidence_check""]",144,1272,480,1272
sundari-day-spa-seminyak,Sundari Day Spa,seminyak,spa,Seminyak,2026-07-28,true,true,true,true,false,false,true,false,true,true,false,false,review,true,true,READY_FOR_RELEASE_GATE,"[""symbolic_price_band_only""]",144,1272,480,1272
think-pink-salon-and-nails-bali,Think Pink Salon & Nails Bali,seminyak,spa,Batu Belig / Kerobokan Kelod,2026-07-29,true,true,true,true,true,true,false,false,true,true,false,false,review,true,true,READY_FOR_RELEASE_GATE,"[""raw_order_needs_menu_evidence_check""]",144,1272,480,1272
you-spa-umalas,You Spa Umalas,seminyak,spa,Umalas (Jl. Bumbak),2026-07-28,true,true,true,true,false,true,false,false,true,true,false,false,review,true,true,READY_FOR_RELEASE_GATE,[],144,1272,480,1272
naughty-nuris-warung-seminyak,Naughty Nuri's Warung Seminyak,seminyak,warung,"Jl. Mertanadi, Kerobokan (Seminyak-adjacent)",2026-07-28,true,true,true,true,true,false,false,true,true,true,false,false,review,true,true,READY_FOR_RELEASE_GATE,"[""raw_order_needs_menu_evidence_check"",""symbolic_price_band_only""]",144,1272,480,1272
babi-guling-pak-malen,Warung Babi Guling Pak Malen,seminyak,warung,Jl. Sunset Road,2026-07-28,true,true,true,true,true,true,false,false,true,false,false,false,review,true,true,READY_FOR_RELEASE_GATE,"[""weak_location_identity"",""raw_order_needs_menu_evidence_check""]",144,1272,480,1272
warung-enys,Warung Eny's,seminyak,warung,Jl. Petitenget,2026-07-29,true,true,true,true,true,true,false,false,true,false,false,false,review,true,true,READY_FOR_RELEASE_GATE,"[""weak_location_identity"",""raw_order_needs_menu_evidence_check""]",144,1272,480,1272
warung-melati-nakula,Warung Melati,seminyak,warung,Jl. Nakula (Seminyak–Legian border),2026-07-28,true,true,true,true,true,true,false,false,true,false,false,false,review,true,true,READY_FOR_RELEASE_GATE,"[""weak_location_identity"",""raw_order_needs_menu_evidence_check""]",144,1272,480,1272
warung-murah-petitenget,Warung Murah,seminyak,warung,Jl. Petitenget (near Double Six),2026-07-15,true,true,true,true,true,true,false,false,false,false,false,false,review,true,true,READY_FOR_RELEASE_GATE,"[""weak_location_identity"",""raw_order_needs_menu_evidence_check""]",144,1272,480,1272
prana-yoga-seminyak,Prana Yoga,seminyak,yoga,Seminyak,2026-07-28,true,true,true,true,false,false,true,false,true,true,false,false,review,true,true,READY_FOR_RELEASE_GATE,"[""symbolic_price_band_only""]",144,1272,480,1272
alchemy,Alchemy,ubud,cafe,"Penestanan, Ubud",2026-08-07,true,true,true,true,true,true,true,false,true,true,false,false,review,true,true,READY_FOR_RELEASE_GATE,"[""raw_order_needs_menu_evidence_check""]",144,1272,480,1272
bali-buda-ubud,Bali Buda Ubud,ubud,cafe,Ubud,2026-08-04,true,true,true,true,true,false,true,false,true,true,false,false,review,true,true,READY_FOR_RELEASE_GATE,"[""raw_order_needs_menu_evidence_check"",""symbolic_price_band_only""]",144,1272,480,1272
milk-and-madu-ubud,Milk & Madu Ubud,ubud,cafe,Ubud,2026-08-07,true,true,true,true,true,true,true,false,true,true,false,false,review,true,true,READY_FOR_RELEASE_GATE,"[""raw_order_needs_menu_evidence_check""]",144,1272,480,1272
sayuri-healing-food,Sayuri Healing Food,ubud,cafe,Ubud (Peliatan),2026-07-29,true,true,true,true,true,false,true,false,true,true,false,false,review,true,true,READY_FOR_RELEASE_GATE,"[""raw_order_needs_menu_evidence_check"",""symbolic_price_band_only""]",144,1272,480,1272
seniman-coffee-studio,Seniman Coffee Studio,ubud,cafe,Ubud,2026-08-07,true,true,true,true,true,false,true,false,true,true,false,false,review,true,true,READY_FOR_RELEASE_GATE,"[""raw_order_needs_menu_evidence_check"",""symbolic_price_band_only""]",144,1272,480,1272
watercress-ubud,Watercress Ubud,ubud,cafe,Ubud,2026-08-07,true,true,true,true,true,true,false,false,true,true,false,false,review,true,true,READY_FOR_RELEASE_GATE,"[""raw_order_needs_menu_evidence_check""]",144,1272,480,1272
akar-ubud,Akar Ubud,ubud,restaurant,Tegallalang / Kedisan,2026-07-23,true,true,true,true,true,false,true,false,true,true,false,false,review,true,true,READY_FOR_RELEASE_GATE,"[""raw_order_needs_menu_evidence_check"",""symbolic_price_band_only""]",144,1272,480,1272
bebek-tepi-sawah,Bebek Tepi Sawah,ubud,restaurant,Teges / Peliatan,2026-07-23,true,true,true,true,true,false,true,false,true,true,false,false,review,true,true,READY_FOR_RELEASE_GATE,"[""raw_order_needs_menu_evidence_check"",""symbolic_price_band_only""]",144,1272,480,1272
bella-by-sage,Bella by Sage,ubud,restaurant,Penestanan / Sayan,2026-07-23,true,true,true,true,true,false,true,false,true,true,false,false,review,true,true,READY_FOR_RELEASE_GATE,"[""raw_order_needs_menu_evidence_check"",""symbolic_price_band_only""]",144,1272,480,1272
casa-de-lokha-mexican-grill-and-fusion-the-lokha-ubud,Casa de Lokha Mexican Grill and Fusion (The Lokha Ubud),ubud,restaurant,ubud,2026-08-11,true,true,true,true,false,true,false,false,false,false,false,false,published,true,true,READY_FOR_RELEASE_GATE,"[""weak_location_identity""]",144,1272,480,1272
chupacabras-south-american-prime-meats,CHUPACABRAS - South American | Prime Meats,ubud,restaurant,Ubud,2026-08-11,true,true,true,true,true,true,true,false,true,true,false,false,review,true,true,READY_FOR_RELEASE_GATE,"[""raw_order_needs_menu_evidence_check""]",144,1272,480,1272
clear-cafe,Clear Café,ubud,restaurant,Ubud Center,2026-07-23,true,true,true,true,true,false,true,false,true,true,false,false,review,true,true,READY_FOR_RELEASE_GATE,"[""raw_order_needs_menu_evidence_check"",""symbolic_price_band_only""]",144,1272,480,1272
donna-ubud,Donna,ubud,restaurant,Ubud,2026-07-28,true,true,true,true,true,true,true,false,true,true,false,false,review,true,true,READY_FOR_RELEASE_GATE,"[""raw_order_needs_menu_evidence_check""]",144,1272,480,1272
flourish,Flourish,ubud,restaurant,Nyuh Kuning,2026-07-23,true,true,true,true,true,false,true,false,true,true,false,false,review,true,true,READY_FOR_RELEASE_GATE,"[""raw_order_needs_menu_evidence_check"",""symbolic_price_band_only""]",144,1272,480,1272
hakkoku-bali-sushi-omakase-restaurant,Hakkoku Bali - Sushi Omakase Restaurant,ubud,restaurant,Ubud,2026-08-11,true,true,true,true,false,true,true,false,false,true,false,false,review,true,true,READY_FOR_RELEASE_GATE,[],144,1272,480,1272
herb-library,Herb Library Bali,ubud,restaurant,Ubud,2026-07-28,true,true,true,true,true,false,true,false,true,true,false,false,review,true,true,READY_FOR_RELEASE_GATE,"[""raw_order_needs_menu_evidence_check"",""symbolic_price_band_only""]",144,1272,480,1272
hujan-locale,Hujan Locale,ubud,restaurant,Ubud,2026-07-28,true,true,true,true,true,true,true,false,true,true,false,false,review,true,true,READY_FOR_RELEASE_GATE,"[""raw_order_needs_menu_evidence_check""]",144,1272,480,1272
imbu-restaurant-the-kemilau-ubud,IMBU Restaurant (The Kemilau Ubud),ubud,restaurant,ubud,2026-08-11,true,true,true,true,false,true,false,false,false,false,false,false,published,true,true,READY_FOR_RELEASE_GATE,"[""weak_location_identity""]",144,1272,480,1272
kilig-bali,Kilig - A Filipino Warung,ubud,restaurant,Ubud,2026-07-28,true,true,true,true,true,false,true,false,true,true,false,false,review,true,true,READY_FOR_RELEASE_GATE,"[""raw_order_needs_menu_evidence_check"",""symbolic_price_band_only""]",144,1272,480,1272
laddu-restaurant-the-sankara-suites-and-villas,Laddu Restaurant (The Sankara Suites and Villas),ubud,restaurant,ubud,2026-08-11,true,true,true,true,false,true,false,false,false,false,false,false,published,true,true,READY_FOR_RELEASE_GATE,"[""weak_location_identity""]",144,1272,480,1272
locavore-nxt,Locavore NXT,ubud,restaurant,Lodtunduh,2026-08-07,true,true,true,true,false,true,false,false,true,true,false,false,review,true,true,READY_FOR_RELEASE_GATE,[],144,1272,480,1272
moksa,Moksa,ubud,restaurant,Sayan,2026-07-23,true,true,true,true,true,false,true,false,true,true,false,false,review,true,true,READY_FOR_RELEASE_GATE,"[""raw_order_needs_menu_evidence_check"",""symbolic_price_band_only""]",144,1272,480,1272
mori-ubud,Mori Ubud,ubud,restaurant,Bisma,2026-07-23,true,true,true,true,true,false,true,false,true,true,false,false,review,true,true,READY_FOR_RELEASE_GATE,"[""raw_order_needs_menu_evidence_check"",""symbolic_price_band_only""]",144,1272,480,1272
mozaic,Mozaic,ubud,restaurant,Kedewatan,2026-08-07,true,true,true,true,true,true,false,false,true,true,false,false,review,true,true,READY_FOR_RELEASE_GATE,"[""raw_order_needs_menu_evidence_check""]",144,1272,480,1272
nari-fire-influenced-bistro,NARI - Fire Influenced Bistro,ubud,restaurant,Ubud,2026-08-11,true,true,true,true,false,true,true,false,true,true,false,false,review,true,true,READY_FOR_RELEASE_GATE,[],144,1272,480,1272
noonik-bistro,NOONIK Bistro,ubud,restaurant,Ubud; Gianyar,2026-08-11,true,true,true,true,false,true,true,false,true,true,false,false,review,true,true,READY_FOR_RELEASE_GATE,[],144,1272,480,1272
pica-south-american-kitchen,Pica South American Kitchen,ubud,restaurant,Ubud Center,2026-07-23,true,true,true,true,true,false,true,false,true,true,false,false,review,true,true,READY_FOR_RELEASE_GATE,"[""raw_order_needs_menu_evidence_check"",""symbolic_price_band_only""]",144,1272,480,1272
room-4-dessert,Room 4 Dessert,ubud,restaurant,Sanggingan / Kedewatan,2026-07-23,true,true,true,true,true,false,true,false,true,true,false,false,review,true,true,READY_FOR_RELEASE_GATE,"[""raw_order_needs_menu_evidence_check"",""symbolic_price_band_only""]",144,1272,480,1272
suka-espresso-ubud,SUKA UBUD,ubud,restaurant,Ubud,2026-07-28,true,true,true,true,true,true,true,false,true,true,false,false,review,true,true,READY_FOR_RELEASE_GATE,"[""raw_order_needs_menu_evidence_check""]",144,1272,480,1272
the-elephant,The Elephant,ubud,restaurant,"Ubud, Campuhan",2026-08-04,true,true,true,true,true,true,false,false,true,true,false,false,review,true,true,READY_FOR_RELEASE_GATE,"[""raw_order_needs_menu_evidence_check""]",144,1272,480,1272
warung-semesta,Warung Semesta,ubud,restaurant,Monkey Forest,2026-07-23,true,true,true,true,true,false,true,false,true,true,false,false,review,true,true,READY_FOR_RELEASE_GATE,"[""raw_order_needs_menu_evidence_check"",""symbolic_price_band_only""]",144,1272,480,1272
wild-vegan,Wild Vegan,ubud,restaurant,Ubud Center,2026-07-23,true,true,true,true,true,false,true,false,true,true,false,false,review,true,true,READY_FOR_RELEASE_GATE,"[""raw_order_needs_menu_evidence_check"",""symbolic_price_band_only""]",144,1272,480,1272
zest-ubud,Zest Ubud,ubud,restaurant,Sayan / Penestanan,2026-08-07,true,true,true,true,true,true,true,false,true,true,false,false,review,true,true,READY_FOR_RELEASE_GATE,"[""raw_order_needs_menu_evidence_check""]",144,1272,480,1272
alchemy-yoga-meditation-center,Alchemy Yoga & Meditation Center,ubud,spa,"Penestanan Kelod, Ubud",2026-08-07,true,true,true,true,true,true,false,false,true,true,false,false,review,true,true,READY_FOR_RELEASE_GATE,"[""raw_order_needs_menu_evidence_check""]",144,1272,480,1272
karsa-spa,Karsa Spa,ubud,spa,Bangkiang Sidem,2026-08-04,true,true,true,true,true,false,true,false,true,true,false,false,review,true,true,READY_FOR_RELEASE_GATE,"[""raw_order_needs_menu_evidence_check"",""symbolic_price_band_only""]",144,1272,480,1272
mango-tree-spa-loccitane,Mango Tree Spa by L'OCCITANE,ubud,spa,Kedewatan / Ayung River valley,2026-08-07,true,true,true,true,true,false,true,false,true,true,false,false,review,true,true,READY_FOR_RELEASE_GATE,"[""raw_order_needs_menu_evidence_check"",""symbolic_price_band_only""]",144,1272,480,1272
ubud-traditional-spa,Ubud Traditional Spa,ubud,spa,Ubud,2026-08-07,true,true,true,true,true,false,true,false,true,true,false,false,review,true,true,READY_FOR_RELEASE_GATE,"[""raw_order_needs_menu_evidence_check"",""symbolic_price_band_only""]",144,1272,480,1272
ubud-yoga-house,Ubud Yoga House,ubud,yoga,Sokwayah,2026-08-07,true,true,true,true,false,false,true,false,true,true,false,false,review,true,true,READY_FOR_RELEASE_GATE,"[""symbolic_price_band_only""]",144,1272,480,1272