vehicle_id,venue_id,venue_name,vehicle_name,vehicle_type,period_text,price,price_raw,currency,price_from,source
efc87d799e91268e-v0,efc87d799e91268e,PT VRM TRANS BALI,Honda Scoopy,motorbike,per day,,50 ribu,IDR,True,https://www.vrmtrans.com/artikel/category/gianyar
efc87d799e91268e-v1,efc87d799e91268e,PT VRM TRANS BALI,Honda Vario,motorbike,per day,,70 ribu,IDR,True,https://www.vrmtrans.com/artikel/category/gianyar
efc87d799e91268e-v2,efc87d799e91268e,PT VRM TRANS BALI,Yamaha NMAX,motorbike,per day,,100 ribu,IDR,True,https://www.vrmtrans.com/artikel/category/gianyar
efc87d799e91268e-v3,efc87d799e91268e,PT VRM TRANS BALI,Honda PCX,motorbike,per day,,150 ribu,IDR,True,https://www.vrmtrans.com/artikel/category/gianyar
777ad810e90db69c-v0,777ad810e90db69c,Seminyak Motorbike & Scooter Rental,HONDA SCOOPY 110cc,scooter,3 - 4 days,,IDR 85K,IDR,True,https://baliscooters.com/seminyak-motorbike-scooter-rental
777ad810e90db69c-v1,777ad810e90db69c,Seminyak Motorbike & Scooter Rental,HONDA SCOOPY 110cc,scooter,5 - 14 days,,IDR 70K,IDR,True,https://baliscooters.com/seminyak-motorbike-scooter-rental
777ad810e90db69c-v2,777ad810e90db69c,Seminyak Motorbike & Scooter Rental,HONDA SCOOPY 110cc,scooter,15 - 21 days,,IDR 60K,IDR,True,https://baliscooters.com/seminyak-motorbike-scooter-rental
777ad810e90db69c-v3,777ad810e90db69c,Seminyak Motorbike & Scooter Rental,HONDA SCOOPY 110cc,scooter,Monthly,,IDR 1500K,IDR,True,https://baliscooters.com/seminyak-motorbike-scooter-rental
777ad810e90db69c-v4,777ad810e90db69c,Seminyak Motorbike & Scooter Rental,YAMAHA N-MAX 155cc,scooter,3 - 4 days,,IDR 150K,IDR,True,https://baliscooters.com/seminyak-motorbike-scooter-rental
777ad810e90db69c-v5,777ad810e90db69c,Seminyak Motorbike & Scooter Rental,YAMAHA N-MAX 155cc,scooter,5 - 14 days,,IDR 120K,IDR,True,https://baliscooters.com/seminyak-motorbike-scooter-rental
777ad810e90db69c-v6,777ad810e90db69c,Seminyak Motorbike & Scooter Rental,YAMAHA N-MAX 155cc,scooter,15 - 21 days,,IDR 100K,IDR,True,https://baliscooters.com/seminyak-motorbike-scooter-rental
777ad810e90db69c-v7,777ad810e90db69c,Seminyak Motorbike & Scooter Rental,YAMAHA N-MAX 155cc,scooter,Monthly,,IDR 2400K,IDR,True,https://baliscooters.com/seminyak-motorbike-scooter-rental
777ad810e90db69c-v8,777ad810e90db69c,Seminyak Motorbike & Scooter Rental,HONDA PCX 160cc,scooter,3 - 4 days,,IDR 150K,IDR,True,https://baliscooters.com/seminyak-motorbike-scooter-rental
777ad810e90db69c-v9,777ad810e90db69c,Seminyak Motorbike & Scooter Rental,HONDA PCX 160cc,scooter,5 - 14 days,,IDR 120K,IDR,True,https://baliscooters.com/seminyak-motorbike-scooter-rental
777ad810e90db69c-v10,777ad810e90db69c,Seminyak Motorbike & Scooter Rental,HONDA PCX 160cc,scooter,15 - 21 days,,IDR 100K,IDR,True,https://baliscooters.com/seminyak-motorbike-scooter-rental
777ad810e90db69c-v11,777ad810e90db69c,Seminyak Motorbike & Scooter Rental,HONDA PCX 160cc,scooter,Monthly,,IDR 2200K,IDR,True,https://baliscooters.com/seminyak-motorbike-scooter-rental
777ad810e90db69c-v12,777ad810e90db69c,Seminyak Motorbike & Scooter Rental,HONDA VARIO 125cc,scooter,3 - 4 days,,IDR 85K,IDR,True,https://baliscooters.com/seminyak-motorbike-scooter-rental
777ad810e90db69c-v13,777ad810e90db69c,Seminyak Motorbike & Scooter Rental,HONDA VARIO 125cc,scooter,5 - 14 days,,IDR 70K,IDR,True,https://baliscooters.com/seminyak-motorbike-scooter-rental
777ad810e90db69c-v14,777ad810e90db69c,Seminyak Motorbike & Scooter Rental,HONDA VARIO 125cc,scooter,15 - 21 days,,IDR 60K,IDR,True,https://baliscooters.com/seminyak-motorbike-scooter-rental
777ad810e90db69c-v15,777ad810e90db69c,Seminyak Motorbike & Scooter Rental,HONDA VARIO 125cc,scooter,Monthly,,IDR 1500K,IDR,True,https://baliscooters.com/seminyak-motorbike-scooter-rental
777ad810e90db69c-v16,777ad810e90db69c,Seminyak Motorbike & Scooter Rental,YAMAHA FILANO 125cc,scooter,3 - 7 days,,IDR 100K,IDR,True,https://baliscooters.com/seminyak-motorbike-scooter-rental
777ad810e90db69c-v17,777ad810e90db69c,Seminyak Motorbike & Scooter Rental,YAMAHA FILANO 125cc,scooter,8 - 14 days,,IDR 85K,IDR,True,https://baliscooters.com/seminyak-motorbike-scooter-rental
777ad810e90db69c-v18,777ad810e90db69c,Seminyak Motorbike & Scooter Rental,YAMAHA FILANO 125cc,scooter,15 - 21 days,,IDR 65K,IDR,True,https://baliscooters.com/seminyak-motorbike-scooter-rental
777ad810e90db69c-v19,777ad810e90db69c,Seminyak Motorbike & Scooter Rental,YAMAHA FILANO 125cc,scooter,Monthly,,IDR 1900K,IDR,True,https://baliscooters.com/seminyak-motorbike-scooter-rental
777ad810e90db69c-v20,777ad810e90db69c,Seminyak Motorbike & Scooter Rental,YAMAHA FAZZIO 125cc,scooter,3 - 4 days,,IDR 85K,IDR,True,https://baliscooters.com/seminyak-motorbike-scooter-rental
777ad810e90db69c-v21,777ad810e90db69c,Seminyak Motorbike & Scooter Rental,YAMAHA FAZZIO 125cc,scooter,5 - 14 days,,IDR 70K,IDR,True,https://baliscooters.com/seminyak-motorbike-scooter-rental
777ad810e90db69c-v22,777ad810e90db69c,Seminyak Motorbike & Scooter Rental,YAMAHA FAZZIO 125cc,scooter,15 - 21 days,,IDR 60K,IDR,True,https://baliscooters.com/seminyak-motorbike-scooter-rental
777ad810e90db69c-v23,777ad810e90db69c,Seminyak Motorbike & Scooter Rental,YAMAHA FAZZIO 125cc,scooter,Monthly,,IDR 1500K,IDR,True,https://baliscooters.com/seminyak-motorbike-scooter-rental
777ad810e90db69c-v24,777ad810e90db69c,Seminyak Motorbike & Scooter Rental,HONDA VARIO 150cc,scooter,3 - 7 days,,IDR 100K,IDR,True,https://baliscooters.com/seminyak-motorbike-scooter-rental
777ad810e90db69c-v25,777ad810e90db69c,Seminyak Motorbike & Scooter Rental,HONDA VARIO 150cc,scooter,8 - 14 days,,IDR 85K,IDR,True,https://baliscooters.com/seminyak-motorbike-scooter-rental
777ad810e90db69c-v26,777ad810e90db69c,Seminyak Motorbike & Scooter Rental,HONDA VARIO 150cc,scooter,15 - 21 days,,IDR 65K,IDR,True,https://baliscooters.com/seminyak-motorbike-scooter-rental
777ad810e90db69c-v27,777ad810e90db69c,Seminyak Motorbike & Scooter Rental,HONDA VARIO 150cc,scooter,Monthly,,IDR 1900K,IDR,True,https://baliscooters.com/seminyak-motorbike-scooter-rental
777ad810e90db69c-v28,777ad810e90db69c,Seminyak Motorbike & Scooter Rental,Vespa Sprint 150cc,scooter,3 - 4 days,,IDR 165K,IDR,True,https://baliscooters.com/seminyak-motorbike-scooter-rental
777ad810e90db69c-v29,777ad810e90db69c,Seminyak Motorbike & Scooter Rental,Vespa Sprint 150cc,scooter,5 - 14 days,,IDR 135K,IDR,True,https://baliscooters.com/seminyak-motorbike-scooter-rental
777ad810e90db69c-v30,777ad810e90db69c,Seminyak Motorbike & Scooter Rental,Vespa Sprint 150cc,scooter,15 - 21 days,,IDR 115K,IDR,True,https://baliscooters.com/seminyak-motorbike-scooter-rental
777ad810e90db69c-v31,777ad810e90db69c,Seminyak Motorbike & Scooter Rental,Vespa Sprint 150cc,scooter,Monthly,,IDR 2500K,IDR,True,https://baliscooters.com/seminyak-motorbike-scooter-rental
777ad810e90db69c-v32,777ad810e90db69c,Seminyak Motorbike & Scooter Rental,YAMAHA X-MAX 250cc,scooter,3 - 4 days,,IDR 300K,IDR,True,https://baliscooters.com/seminyak-motorbike-scooter-rental
777ad810e90db69c-v33,777ad810e90db69c,Seminyak Motorbike & Scooter Rental,YAMAHA X-MAX 250cc,scooter,5 - 14 days,,IDR 250K,IDR,True,https://baliscooters.com/seminyak-motorbike-scooter-rental
777ad810e90db69c-v34,777ad810e90db69c,Seminyak Motorbike & Scooter Rental,YAMAHA X-MAX 250cc,scooter,15 - 21 days,,IDR 200K,IDR,True,https://baliscooters.com/seminyak-motorbike-scooter-rental
777ad810e90db69c-v35,777ad810e90db69c,Seminyak Motorbike & Scooter Rental,YAMAHA X-MAX 250cc,scooter,Monthly,,IDR 3500K,IDR,True,https://baliscooters.com/seminyak-motorbike-scooter-rental
777ad810e90db69c-v36,777ad810e90db69c,Seminyak Motorbike & Scooter Rental,HONDA SCOOPY 110cc,scooter,Daily,60000,60 000 IDR,IDR,True,https://baliscooters.com/bali-scooter-rental-cost/
777ad810e90db69c-v37,777ad810e90db69c,Seminyak Motorbike & Scooter Rental,YAMAHA N-MAX 155cc,scooter,Daily,150000,150 000 IDR,IDR,True,https://baliscooters.com/bali-scooter-rental-cost/
777ad810e90db69c-v38,777ad810e90db69c,Seminyak Motorbike & Scooter Rental,HONDA PCX 160cc,scooter,Daily,150000,150 000 IDR,IDR,True,https://baliscooters.com/bali-scooter-rental-cost/
8fe5f1667525a00f-v0,8fe5f1667525a00f,BaliBikeHouse,Royal Enfield Classic Twin 650 ABS Brown White,motorbike,per day,800000,"from IDR 800,000 / day",IDR,True,https://balibikehouse.com/
8fe5f1667525a00f-v1,8fe5f1667525a00f,BaliBikeHouse,Yamaha Xmax Tech SE ABS 2024,scooter,per day,185000,"from IDR 185,000 / day",IDR,True,https://balibikehouse.com/
8fe5f1667525a00f-v2,8fe5f1667525a00f,BaliBikeHouse,Yamaha Xmax 2024 black blue limited edition,scooter,per day,165000,"from IDR 165,000 / day",IDR,True,https://balibikehouse.com/
8fe5f1667525a00f-v3,8fe5f1667525a00f,BaliBikeHouse,Yamaha Xmax 2023 Premium black,scooter,per day,165000,"from IDR 165,000 / day",IDR,True,https://balibikehouse.com/
8fe5f1667525a00f-v4,8fe5f1667525a00f,BaliBikeHouse,Yamaha Xmax 2023 Prestige Grey,scooter,per day,165000,"from IDR 165,000 / day",IDR,True,https://balibikehouse.com/
8fe5f1667525a00f-v5,8fe5f1667525a00f,BaliBikeHouse,Yamaha Xmax 2023 Limited Black edition,scooter,per day,165000,"from IDR 165,000 / day",IDR,True,https://balibikehouse.com/
8fe5f1667525a00f-v6,8fe5f1667525a00f,BaliBikeHouse,Yamaha Xmax 2025,scooter,per day,165000,"from IDR 165,000 / day",IDR,True,https://balibikehouse.com/
8fe5f1667525a00f-v7,8fe5f1667525a00f,BaliBikeHouse,ADV 160 CC KEYLESS 2025,scooter,per day,100000,"from IDR 100,000 / day",IDR,True,https://balibikehouse.com/
8fe5f1667525a00f-v8,8fe5f1667525a00f,BaliBikeHouse,HARLEY SPORSTER 48,motorbike,per day,4000000,"from IDR 4,000,000 / day",IDR,True,https://balibikehouse.com/
8fe5f1667525a00f-v9,8fe5f1667525a00f,BaliBikeHouse,YAMAHA XMAX 2025,scooter,per day,215000,"from IDR 215,000 / day",IDR,True,https://balibikehouse.com/
8fe5f1667525a00f-v10,8fe5f1667525a00f,BaliBikeHouse,XMax WITH BACKREST 2025,scooter,per day,230000,"from IDR 230,000 / day",IDR,True,https://balibikehouse.com/
8fe5f1667525a00f-v11,8fe5f1667525a00f,BaliBikeHouse,XMax WITH BACKREST 2024,scooter,per day,185000,"from IDR 185,000 / day",IDR,True,https://balibikehouse.com/
8fe5f1667525a00f-v12,8fe5f1667525a00f,BaliBikeHouse,Yamaha Fazzio Red,scooter,per day,145000,"IDR 145,000",IDR,True,https://balibikehouse.com/guides/scooter-or-car-rental-in-bali-when-does-each-option-make-more-sense-67
8fe5f1667525a00f-v13,8fe5f1667525a00f,BaliBikeHouse,Honda PCX,scooter,per day,210000,"IDR 210,000",IDR,True,https://balibikehouse.com/guides/scooter-or-car-rental-in-bali-when-does-each-option-make-more-sense-67
8fe5f1667525a00f-v14,8fe5f1667525a00f,BaliBikeHouse,Daihatsu Ayla with Apple Car Play & Rear Camera,car,per day,300000,"IDR 300,000",IDR,True,https://balibikehouse.com/guides/scooter-or-car-rental-in-bali-when-does-each-option-make-more-sense-67
8fe5f1667525a00f-v15,8fe5f1667525a00f,BaliBikeHouse,Toyota Avanza,car,per day,350000,"IDR 350,000",IDR,True,https://balibikehouse.com/guides/scooter-or-car-rental-in-bali-when-does-each-option-make-more-sense-67
f89bab51fe59fcab-v0,f89bab51fe59fcab,Bikago,Honda Vario 160,scooter,per day,,Price not specified,IDR,True,https://www.bikago.com/bali/
f89bab51fe59fcab-v1,f89bab51fe59fcab,Bikago,Yamaha NMAX 155,scooter,per day,,Price not specified,IDR,True,https://www.bikago.com/bali/
f89bab51fe59fcab-v2,f89bab51fe59fcab,Bikago,Honda ADV 160,scooter,per day,,Price not specified,IDR,True,https://www.bikago.com/bali/
f89bab51fe59fcab-v3,f89bab51fe59fcab,Bikago,Honda Click 160 ABS,motorbike,per day,,,THB,True,https://www.bikago.com/phuket/rawai-scooter-and-motorbike-rental
f89bab51fe59fcab-v4,f89bab51fe59fcab,Bikago,Yamaha Nmax,motorbike,per day,,,THB,True,https://www.bikago.com/phuket/rawai-scooter-and-motorbike-rental
f89bab51fe59fcab-v5,f89bab51fe59fcab,Bikago,Honda PCX,motorbike,per day,,,THB,True,https://www.bikago.com/phuket/rawai-scooter-and-motorbike-rental
c7dcbfcdb4ef5f2c-v0,c7dcbfcdb4ef5f2c,Drive in Bali,Toyota Agya,car,per day,,,IDR,True,https://driveinbali.com/car-rental-in-canguu/
c7dcbfcdb4ef5f2c-v1,c7dcbfcdb4ef5f2c,Drive in Bali,Honda Brio,car,per day,,,IDR,True,https://driveinbali.com/car-rental-in-canguu/
c7dcbfcdb4ef5f2c-v2,c7dcbfcdb4ef5f2c,Drive in Bali,Toyota Avanza,car,per day,,,IDR,True,https://driveinbali.com/car-rental-in-canguu/
c7dcbfcdb4ef5f2c-v3,c7dcbfcdb4ef5f2c,Drive in Bali,Toyota Raize,car,per day,,,IDR,True,https://driveinbali.com/car-rental-in-canguu/
c7dcbfcdb4ef5f2c-v4,c7dcbfcdb4ef5f2c,Drive in Bali,Honda WRV,car,per day,,,IDR,True,https://driveinbali.com/car-rental-in-canguu/
c7dcbfcdb4ef5f2c-v5,c7dcbfcdb4ef5f2c,Drive in Bali,Toyota Rush,car,per day,,,IDR,True,https://driveinbali.com/car-rental-in-canguu/
c7dcbfcdb4ef5f2c-v6,c7dcbfcdb4ef5f2c,Drive in Bali,Mitsubishi XPander Cross,car,per day,,,IDR,True,https://driveinbali.com/car-rental-in-canguu/
c7dcbfcdb4ef5f2c-v7,c7dcbfcdb4ef5f2c,Drive in Bali,Mitsubishi XForce,car,per day,,,IDR,True,https://driveinbali.com/car-rental-in-canguu/
c7dcbfcdb4ef5f2c-v8,c7dcbfcdb4ef5f2c,Drive in Bali,Toyota Fortuner,car,per day,,,IDR,True,https://driveinbali.com/car-rental-in-canguu/
c7dcbfcdb4ef5f2c-v9,c7dcbfcdb4ef5f2c,Drive in Bali,Toyota Agya,car,per day,,not listed,IDR,False,https://driveinbali.com/our-rental-cars
c7dcbfcdb4ef5f2c-v10,c7dcbfcdb4ef5f2c,Drive in Bali,Honda Brio,car,per day,,not listed,IDR,False,https://driveinbali.com/our-rental-cars
c7dcbfcdb4ef5f2c-v11,c7dcbfcdb4ef5f2c,Drive in Bali,Toyota Avanza,car,per day,,not listed,IDR,False,https://driveinbali.com/our-rental-cars
c7dcbfcdb4ef5f2c-v12,c7dcbfcdb4ef5f2c,Drive in Bali,Toyota Raize,car,per day,,not listed,IDR,False,https://driveinbali.com/our-rental-cars
c7dcbfcdb4ef5f2c-v13,c7dcbfcdb4ef5f2c,Drive in Bali,TOYOTA RUSH,car,per day,,not listed,IDR,False,https://driveinbali.com/our-rental-cars
c7dcbfcdb4ef5f2c-v14,c7dcbfcdb4ef5f2c,Drive in Bali,TOYOTA FORTUNER,car,per day,,not listed,IDR,False,https://driveinbali.com/our-rental-cars
c7dcbfcdb4ef5f2c-v15,c7dcbfcdb4ef5f2c,Drive in Bali,HONDA WRV,car,per day,,not listed,IDR,False,https://driveinbali.com/our-rental-cars
c7dcbfcdb4ef5f2c-v16,c7dcbfcdb4ef5f2c,Drive in Bali,Mitsubishi XPander Cross,car,per day,,not listed,IDR,False,https://driveinbali.com/our-rental-cars
c7dcbfcdb4ef5f2c-v17,c7dcbfcdb4ef5f2c,Drive in Bali,Mitsubishi XForce,car,per day,,not listed,IDR,False,https://driveinbali.com/our-rental-cars
83b8fea3e1ae2c6f-v0,83b8fea3e1ae2c6f,AGP Motor Bali Rental,YAMAHA LEXI 125CC,motorbike,Hari,80000,Rp 80.000,IDR,False,https://www.agpmotorbalirental.com/
83b8fea3e1ae2c6f-v1,83b8fea3e1ae2c6f,AGP Motor Bali Rental,YAMAHA LEXI 125CC,motorbike,Minggu,500000,Rp 500.000,IDR,False,https://www.agpmotorbalirental.com/
83b8fea3e1ae2c6f-v2,83b8fea3e1ae2c6f,AGP Motor Bali Rental,YAMAHA LEXI 125CC,motorbike,Bulan,1500000,Rp 1.500.000,IDR,False,https://www.agpmotorbalirental.com/
83b8fea3e1ae2c6f-v3,83b8fea3e1ae2c6f,AGP Motor Bali Rental,YAMAHA FAZZIO,motorbike,Hari,80000,Rp 80.000,IDR,False,https://www.agpmotorbalirental.com/
83b8fea3e1ae2c6f-v4,83b8fea3e1ae2c6f,AGP Motor Bali Rental,YAMAHA FAZZIO,motorbike,Minggu,500000,Rp 500.000,IDR,False,https://www.agpmotorbalirental.com/
83b8fea3e1ae2c6f-v5,83b8fea3e1ae2c6f,AGP Motor Bali Rental,YAMAHA FAZZIO,motorbike,Bulan,1500000,Rp 1.500.000,IDR,False,https://www.agpmotorbalirental.com/
83b8fea3e1ae2c6f-v6,83b8fea3e1ae2c6f,AGP Motor Bali Rental,New Scoopy Prestige Plus,motorbike,Hari,80000,Rp 80.000,IDR,False,https://www.agpmotorbalirental.com/
83b8fea3e1ae2c6f-v7,83b8fea3e1ae2c6f,AGP Motor Bali Rental,New Scoopy Prestige Plus,motorbike,Minggu,500000,Rp 500.000,IDR,False,https://www.agpmotorbalirental.com/
83b8fea3e1ae2c6f-v8,83b8fea3e1ae2c6f,AGP Motor Bali Rental,New Scoopy Prestige Plus,motorbike,Bulan,1500000,Rp 1.500.000,IDR,False,https://www.agpmotorbalirental.com/
83b8fea3e1ae2c6f-v9,83b8fea3e1ae2c6f,AGP Motor Bali Rental,VARIO ABS,motorbike,Hari,100000,Rp 100.000,IDR,False,https://www.agpmotorbalirental.com/
83b8fea3e1ae2c6f-v10,83b8fea3e1ae2c6f,AGP Motor Bali Rental,VARIO ABS,motorbike,Minggu,650000,Rp 650.000,IDR,False,https://www.agpmotorbalirental.com/
83b8fea3e1ae2c6f-v11,83b8fea3e1ae2c6f,AGP Motor Bali Rental,VARIO ABS,motorbike,Bulan,1700000,Rp 1.700.000,IDR,False,https://www.agpmotorbalirental.com/
83b8fea3e1ae2c6f-v12,83b8fea3e1ae2c6f,AGP Motor Bali Rental,HONDA VARIO Fi iss 125 CC,motorbike,Hari,80000,Rp 80.000,IDR,False,https://www.agpmotorbalirental.com/
83b8fea3e1ae2c6f-v13,83b8fea3e1ae2c6f,AGP Motor Bali Rental,HONDA VARIO Fi iss 125 CC,motorbike,Minggu,500000,Rp 500.000,IDR,False,https://www.agpmotorbalirental.com/
83b8fea3e1ae2c6f-v14,83b8fea3e1ae2c6f,AGP Motor Bali Rental,HONDA VARIO Fi iss 125 CC,motorbike,Bulan,1500000,Rp 1.500.000,IDR,False,https://www.agpmotorbalirental.com/
83b8fea3e1ae2c6f-v15,83b8fea3e1ae2c6f,AGP Motor Bali Rental,HONDA SCOOPY fi,motorbike,Hari,70000,Rp 70.000,IDR,False,https://www.agpmotorbalirental.com/
83b8fea3e1ae2c6f-v16,83b8fea3e1ae2c6f,AGP Motor Bali Rental,HONDA SCOOPY fi,motorbike,Minggu,400000,Rp 400.000,IDR,False,https://www.agpmotorbalirental.com/
83b8fea3e1ae2c6f-v17,83b8fea3e1ae2c6f,AGP Motor Bali Rental,HONDA SCOOPY fi,motorbike,Bulan,1000000,Rp 1.000.000,IDR,False,https://www.agpmotorbalirental.com/
83b8fea3e1ae2c6f-v18,83b8fea3e1ae2c6f,AGP Motor Bali Rental,SCOOPY fi CHARGER,motorbike,Hari,75000,Rp 75.000,IDR,False,https://www.agpmotorbalirental.com/
83b8fea3e1ae2c6f-v19,83b8fea3e1ae2c6f,AGP Motor Bali Rental,SCOOPY fi CHARGER,motorbike,Minggu,450000,Rp 450.000,IDR,False,https://www.agpmotorbalirental.com/
83b8fea3e1ae2c6f-v20,83b8fea3e1ae2c6f,AGP Motor Bali Rental,SCOOPY fi CHARGER,motorbike,Bulan,1300000,Rp 1.300.000,IDR,False,https://www.agpmotorbalirental.com/
83b8fea3e1ae2c6f-v21,83b8fea3e1ae2c6f,AGP Motor Bali Rental,HONDA BEAT FI,motorbike,Hari,60000,Rp 60.000,IDR,False,https://www.agpmotorbalirental.com/
83b8fea3e1ae2c6f-v22,83b8fea3e1ae2c6f,AGP Motor Bali Rental,HONDA BEAT FI,motorbike,Minggu,350000,Rp 350.000,IDR,False,https://www.agpmotorbalirental.com/
83b8fea3e1ae2c6f-v23,83b8fea3e1ae2c6f,AGP Motor Bali Rental,HONDA BEAT FI,motorbike,Bulan,800000,Rp 800.000,IDR,False,https://www.agpmotorbalirental.com/
83b8fea3e1ae2c6f-v24,83b8fea3e1ae2c6f,AGP Motor Bali Rental,YAMAHA NMAX,motorbike,Hari,100000,Rp 100.000,IDR,False,https://www.agpmotorbalirental.com/
83b8fea3e1ae2c6f-v25,83b8fea3e1ae2c6f,AGP Motor Bali Rental,YAMAHA NMAX,motorbike,Minggu,650000,Rp 650.000,IDR,False,https://www.agpmotorbalirental.com/
83b8fea3e1ae2c6f-v26,83b8fea3e1ae2c6f,AGP Motor Bali Rental,YAMAHA NMAX,motorbike,Bulan,1700000,Rp 1.700.000,IDR,False,https://www.agpmotorbalirental.com/
83b8fea3e1ae2c6f-v27,83b8fea3e1ae2c6f,AGP Motor Bali Rental,YAMAHA MIO J,motorbike,Hari,50000,Rp 50.000,IDR,False,https://www.agpmotorbalirental.com/
83b8fea3e1ae2c6f-v28,83b8fea3e1ae2c6f,AGP Motor Bali Rental,YAMAHA MIO J,motorbike,Minggu,300000,Rp 300.000,IDR,False,https://www.agpmotorbalirental.com/
83b8fea3e1ae2c6f-v29,83b8fea3e1ae2c6f,AGP Motor Bali Rental,YAMAHA MIO J,motorbike,Bulan,700000,Rp 700.000,IDR,False,https://www.agpmotorbalirental.com/
83b8fea3e1ae2c6f-v30,83b8fea3e1ae2c6f,AGP Motor Bali Rental,HONDA VARIO Fi,motorbike,Hari,65000,Rp 65.000,IDR,False,https://www.agpmotorbalirental.com/
83b8fea3e1ae2c6f-v31,83b8fea3e1ae2c6f,AGP Motor Bali Rental,HONDA VARIO Fi,motorbike,Minggu,400000,Rp 400.000,IDR,False,https://www.agpmotorbalirental.com/
83b8fea3e1ae2c6f-v32,83b8fea3e1ae2c6f,AGP Motor Bali Rental,HONDA VARIO Fi,motorbike,Bulan,900000,Rp 900.000,IDR,False,https://www.agpmotorbalirental.com/
83b8fea3e1ae2c6f-v33,83b8fea3e1ae2c6f,AGP Motor Bali Rental,HONDA VARIO Fi 125 CC,motorbike,Hari,70000,Rp 70.000,IDR,False,https://www.agpmotorbalirental.com/
83b8fea3e1ae2c6f-v34,83b8fea3e1ae2c6f,AGP Motor Bali Rental,HONDA VARIO Fi 125 CC,motorbike,Minggu,400000,Rp 400.000,IDR,False,https://www.agpmotorbalirental.com/
83b8fea3e1ae2c6f-v35,83b8fea3e1ae2c6f,AGP Motor Bali Rental,HONDA VARIO Fi 125 CC,motorbike,Bulan,1500000,Rp 1.500.000,IDR,False,https://www.agpmotorbalirental.com/
83b8fea3e1ae2c6f-v36,83b8fea3e1ae2c6f,AGP Motor Bali Rental,YAMAHA NEW NMAX 155CC,motorbike,Hari,150000,Rp 150.000,IDR,False,https://www.agpmotorbalirental.com/
83b8fea3e1ae2c6f-v37,83b8fea3e1ae2c6f,AGP Motor Bali Rental,YAMAHA NEW NMAX 155CC,motorbike,Minggu,900000,Rp 900.000,IDR,False,https://www.agpmotorbalirental.com/
83b8fea3e1ae2c6f-v38,83b8fea3e1ae2c6f,AGP Motor Bali Rental,YAMAHA NEW NMAX 155CC,motorbike,Bulan,2500000,Rp 2.500.000,IDR,False,https://www.agpmotorbalirental.com/
83b8fea3e1ae2c6f-v39,83b8fea3e1ae2c6f,AGP Motor Bali Rental,HONDA NEW PCX 160CC,motorbike,Hari,150000,Rp 150.000,IDR,False,https://www.agpmotorbalirental.com/
83b8fea3e1ae2c6f-v40,83b8fea3e1ae2c6f,AGP Motor Bali Rental,HONDA NEW PCX 160CC,motorbike,Minggu,900000,Rp 900.000,IDR,False,https://www.agpmotorbalirental.com/
83b8fea3e1ae2c6f-v41,83b8fea3e1ae2c6f,AGP Motor Bali Rental,HONDA NEW PCX 160CC,motorbike,Bulan,2500000,Rp 2.500.000,IDR,False,https://www.agpmotorbalirental.com/
83b8fea3e1ae2c6f-v42,83b8fea3e1ae2c6f,AGP Motor Bali Rental,Motorbike,motorbike,minimum rental 2 days,,Price upon request,IDR,True,https://www.agpmotorbalirental.com/bali-scooter-rental
904b71095959377c-v0,904b71095959377c,Hello Motors,Scoopy Sporty 2024 Blue,scooter,per day,120000,Rp 120.000,IDR,True,https://hello-motors.com/rent-a-motorbike-in-legian/
904b71095959377c-v1,904b71095959377c,Hello Motors,Scoopy Sporty 2024 Blue,scooter,per week,672000,Rp 672.000,IDR,False,https://hello-motors.com/rent-a-motorbike-in-legian/
904b71095959377c-v2,904b71095959377c,Hello Motors,Scoopy Sporty 2024 Blue,scooter,per month,1800000,Rp 1.800.000,IDR,False,https://hello-motors.com/rent-a-motorbike-in-legian/
904b71095959377c-v3,904b71095959377c,Hello Motors,Vario 2024 Red,scooter,per day,120000,Rp 120.000,IDR,True,https://hello-motors.com/rent-a-motorbike-in-legian/
904b71095959377c-v4,904b71095959377c,Hello Motors,Vario 2024 Red,scooter,per week,672000,Rp 672.000,IDR,False,https://hello-motors.com/rent-a-motorbike-in-legian/
904b71095959377c-v5,904b71095959377c,Hello Motors,Vario 2024 Red,scooter,per month,1800000,Rp 1.800.000,IDR,False,https://hello-motors.com/rent-a-motorbike-in-legian/
904b71095959377c-v6,904b71095959377c,Hello Motors,PCX 2024 Blue,scooter,per day,160000,Rp 160.000,IDR,True,https://hello-motors.com/rent-a-motorbike-in-legian/
904b71095959377c-v7,904b71095959377c,Hello Motors,PCX 2024 Blue,scooter,per week,896000,Rp 896.000,IDR,False,https://hello-motors.com/rent-a-motorbike-in-legian/
904b71095959377c-v8,904b71095959377c,Hello Motors,PCX 2024 Blue,scooter,per month,2400000,Rp 2.400.000,IDR,False,https://hello-motors.com/rent-a-motorbike-in-legian/
904b71095959377c-v9,904b71095959377c,Hello Motors,PCX 2024 White,scooter,per day,160000,Rp 160.000,IDR,True,https://hello-motors.com/rent-a-motorbike-in-legian/
904b71095959377c-v10,904b71095959377c,Hello Motors,PCX 2024 White,scooter,per week,896000,Rp 896.000,IDR,False,https://hello-motors.com/rent-a-motorbike-in-legian/
904b71095959377c-v11,904b71095959377c,Hello Motors,PCX 2024 White,scooter,per month,2400000,Rp 2.400.000,IDR,False,https://hello-motors.com/rent-a-motorbike-in-legian/
904b71095959377c-v12,904b71095959377c,Hello Motors,Fazzio Neo Hybrid Blue 2024,scooter,per day,120000,Rp 120.000,IDR,True,https://hello-motors.com/rent-a-motorbike-in-legian/
904b71095959377c-v13,904b71095959377c,Hello Motors,Fazzio Neo Hybrid Blue 2024,scooter,per week,672000,Rp 672.000,IDR,False,https://hello-motors.com/rent-a-motorbike-in-legian/
904b71095959377c-v14,904b71095959377c,Hello Motors,Fazzio Neo Hybrid Blue 2024,scooter,per month,1800000,Rp 1.800.000,IDR,False,https://hello-motors.com/rent-a-motorbike-in-legian/
904b71095959377c-v15,904b71095959377c,Hello Motors,Lexi Lx Grey 2024,scooter,per day,120000,Rp 120.000,IDR,True,https://hello-motors.com/rent-a-motorbike-in-legian/
904b71095959377c-v16,904b71095959377c,Hello Motors,Lexi Lx Grey 2024,scooter,per week,672000,Rp 672.000,IDR,False,https://hello-motors.com/rent-a-motorbike-in-legian/
904b71095959377c-v17,904b71095959377c,Hello Motors,Lexi Lx Grey 2024,scooter,per month,1800000,Rp 1.800.000,IDR,False,https://hello-motors.com/rent-a-motorbike-in-legian/
904b71095959377c-v18,904b71095959377c,Hello Motors,Lexi Lx Black 2024,scooter,per day,120000,Rp 120.000,IDR,True,https://hello-motors.com/rent-a-motorbike-in-legian/
904b71095959377c-v19,904b71095959377c,Hello Motors,Lexi Lx Black 2024,scooter,per week,672000,Rp 672.000,IDR,False,https://hello-motors.com/rent-a-motorbike-in-legian/
904b71095959377c-v20,904b71095959377c,Hello Motors,Lexi Lx Black 2024,scooter,per month,1800000,Rp 1.800.000,IDR,False,https://hello-motors.com/rent-a-motorbike-in-legian/
904b71095959377c-v21,904b71095959377c,Hello Motors,Aerox Blue Orange 2024,scooter,per day,130000,Rp 130.000,IDR,True,https://hello-motors.com/rent-a-motorbike-in-legian/
904b71095959377c-v22,904b71095959377c,Hello Motors,Aerox Blue Orange 2024,scooter,per week,728000,Rp 728.000,IDR,False,https://hello-motors.com/rent-a-motorbike-in-legian/
904b71095959377c-v23,904b71095959377c,Hello Motors,Aerox Blue Orange 2024,scooter,per month,1950000,Rp 1.950.000,IDR,False,https://hello-motors.com/rent-a-motorbike-in-legian/
904b71095959377c-v24,904b71095959377c,Hello Motors,Aerox Red 2024,scooter,per day,130000,Rp 130.000,IDR,True,https://hello-motors.com/rent-a-motorbike-in-legian/
904b71095959377c-v25,904b71095959377c,Hello Motors,Aerox Red 2024,scooter,per week,728000,Rp 728.000,IDR,False,https://hello-motors.com/rent-a-motorbike-in-legian/
904b71095959377c-v26,904b71095959377c,Hello Motors,Aerox Red 2024,scooter,per month,1950000,Rp 1.950.000,IDR,False,https://hello-motors.com/rent-a-motorbike-in-legian/
904b71095959377c-v27,904b71095959377c,Hello Motors,Grand Filano White 2024,scooter,per day,130000,Rp 130.000,IDR,True,https://hello-motors.com/rent-a-motorbike-in-legian/
904b71095959377c-v28,904b71095959377c,Hello Motors,Grand Filano White 2024,scooter,per week,728000,Rp 728.000,IDR,False,https://hello-motors.com/rent-a-motorbike-in-legian/
904b71095959377c-v29,904b71095959377c,Hello Motors,Grand Filano White 2024,scooter,per month,1950000,Rp 1.950.000,IDR,False,https://hello-motors.com/rent-a-motorbike-in-legian/
904b71095959377c-v30,904b71095959377c,Hello Motors,Grand Filano Purple 2024,scooter,per day,130000,Rp 130.000,IDR,True,https://hello-motors.com/rent-a-motorbike-in-legian/
904b71095959377c-v31,904b71095959377c,Hello Motors,Grand Filano Purple 2024,scooter,per week,728000,Rp 728.000,IDR,False,https://hello-motors.com/rent-a-motorbike-in-legian/
904b71095959377c-v32,904b71095959377c,Hello Motors,Grand Filano Purple 2024,scooter,per month,1950000,Rp 1.950.000,IDR,False,https://hello-motors.com/rent-a-motorbike-in-legian/
904b71095959377c-v33,904b71095959377c,Hello Motors,Nmax Neo White 2024,scooter,per day,160000,Rp 160.000,IDR,True,https://hello-motors.com/rent-a-motorbike-in-legian/
904b71095959377c-v34,904b71095959377c,Hello Motors,Nmax Neo White 2024,scooter,per week,896000,Rp 896.000,IDR,False,https://hello-motors.com/rent-a-motorbike-in-legian/
904b71095959377c-v35,904b71095959377c,Hello Motors,Nmax Neo White 2024,scooter,per month,2400000,Rp 2.400.000,IDR,False,https://hello-motors.com/rent-a-motorbike-in-legian/
904b71095959377c-v36,904b71095959377c,Hello Motors,Nmax Neo Red 2024,scooter,per day,160000,Rp 160.000,IDR,True,https://hello-motors.com/rent-a-motorbike-in-legian/
904b71095959377c-v37,904b71095959377c,Hello Motors,Nmax Neo Red 2024,scooter,per week,896000,Rp 896.000,IDR,False,https://hello-motors.com/rent-a-motorbike-in-legian/
904b71095959377c-v38,904b71095959377c,Hello Motors,Nmax Neo Red 2024,scooter,per month,2400000,Rp 2.400.000,IDR,False,https://hello-motors.com/rent-a-motorbike-in-legian/
904b71095959377c-v39,904b71095959377c,Hello Motors,Nmax Neo Black 2024,scooter,per day,160000,Rp 160.000,IDR,True,https://hello-motors.com/rent-a-motorbike-in-legian/
904b71095959377c-v40,904b71095959377c,Hello Motors,Nmax Neo Black 2024,scooter,per week,896000,Rp 896.000,IDR,False,https://hello-motors.com/rent-a-motorbike-in-legian/
904b71095959377c-v41,904b71095959377c,Hello Motors,Nmax Neo Black 2024,scooter,per month,2400000,Rp 2.400.000,IDR,False,https://hello-motors.com/rent-a-motorbike-in-legian/
904b71095959377c-v42,904b71095959377c,Hello Motors,Nmax Neo Blue 2024,scooter,per day,160000,Rp 160.000,IDR,True,https://hello-motors.com/rent-a-motorbike-in-legian/
904b71095959377c-v43,904b71095959377c,Hello Motors,Nmax Neo Blue 2024,scooter,per week,896000,Rp 896.000,IDR,False,https://hello-motors.com/rent-a-motorbike-in-legian/
904b71095959377c-v44,904b71095959377c,Hello Motors,Nmax Neo Blue 2024,scooter,per month,2400000,Rp 2.400.000,IDR,False,https://hello-motors.com/rent-a-motorbike-in-legian/
904b71095959377c-v45,904b71095959377c,Hello Motors,XMax Black 2024,scooter,per day,300000,Rp 300.000,IDR,True,https://hello-motors.com/rent-a-motorbike-in-legian/
904b71095959377c-v46,904b71095959377c,Hello Motors,XMax Black 2024,scooter,per week,1680000,Rp 1.680.000,IDR,False,https://hello-motors.com/rent-a-motorbike-in-legian/
904b71095959377c-v47,904b71095959377c,Hello Motors,XMax Black 2024,scooter,per month,4500000,Rp 4.500.000,IDR,False,https://hello-motors.com/rent-a-motorbike-in-legian/
904b71095959377c-v48,904b71095959377c,Hello Motors,Scoopy Sporty 2024 Blue,scooter,per day,120000,Rp 120.000,IDR,True,https://hello-motors.com/motorbike-rental-in-kuta
904b71095959377c-v49,904b71095959377c,Hello Motors,Scoopy Sporty 2024 Blue,scooter,per week,672000,Rp 672.000,IDR,False,https://hello-motors.com/motorbike-rental-in-kuta
904b71095959377c-v50,904b71095959377c,Hello Motors,Scoopy Sporty 2024 Blue,scooter,per month,1800000,Rp 1.800.000,IDR,False,https://hello-motors.com/motorbike-rental-in-kuta
904b71095959377c-v51,904b71095959377c,Hello Motors,Vario 2024 Red,scooter,per day,120000,Rp 120.000,IDR,True,https://hello-motors.com/motorbike-rental-in-kuta
904b71095959377c-v52,904b71095959377c,Hello Motors,Vario 2024 Red,scooter,per week,672000,Rp 672.000,IDR,False,https://hello-motors.com/motorbike-rental-in-kuta
904b71095959377c-v53,904b71095959377c,Hello Motors,Vario 2024 Red,scooter,per month,1800000,Rp 1.800.000,IDR,False,https://hello-motors.com/motorbike-rental-in-kuta
904b71095959377c-v54,904b71095959377c,Hello Motors,PCX 2024 Blue,scooter,per day,160000,Rp 160.000,IDR,True,https://hello-motors.com/motorbike-rental-in-kuta
904b71095959377c-v55,904b71095959377c,Hello Motors,PCX 2024 Blue,scooter,per week,896000,Rp 896.000,IDR,False,https://hello-motors.com/motorbike-rental-in-kuta
904b71095959377c-v56,904b71095959377c,Hello Motors,PCX 2024 Blue,scooter,per month,2400000,Rp 2.400.000,IDR,False,https://hello-motors.com/motorbike-rental-in-kuta
904b71095959377c-v57,904b71095959377c,Hello Motors,PCX 2024 White,scooter,per day,160000,Rp 160.000,IDR,True,https://hello-motors.com/motorbike-rental-in-kuta
904b71095959377c-v58,904b71095959377c,Hello Motors,PCX 2024 White,scooter,per week,896000,Rp 896.000,IDR,False,https://hello-motors.com/motorbike-rental-in-kuta
904b71095959377c-v59,904b71095959377c,Hello Motors,PCX 2024 White,scooter,per month,2400000,Rp 2.400.000,IDR,False,https://hello-motors.com/motorbike-rental-in-kuta
904b71095959377c-v60,904b71095959377c,Hello Motors,Fazzio Neo Hybrid Blue 2024,scooter,per day,120000,Rp 120.000,IDR,True,https://hello-motors.com/motorbike-rental-in-kuta
904b71095959377c-v61,904b71095959377c,Hello Motors,Fazzio Neo Hybrid Blue 2024,scooter,per week,672000,Rp 672.000,IDR,False,https://hello-motors.com/motorbike-rental-in-kuta
904b71095959377c-v62,904b71095959377c,Hello Motors,Fazzio Neo Hybrid Blue 2024,scooter,per month,1800000,Rp 1.800.000,IDR,False,https://hello-motors.com/motorbike-rental-in-kuta
904b71095959377c-v63,904b71095959377c,Hello Motors,Lexi Lx Grey 2024,scooter,per day,120000,Rp 120.000,IDR,True,https://hello-motors.com/motorbike-rental-in-kuta
904b71095959377c-v64,904b71095959377c,Hello Motors,Lexi Lx Grey 2024,scooter,per week,672000,Rp 672.000,IDR,False,https://hello-motors.com/motorbike-rental-in-kuta
904b71095959377c-v65,904b71095959377c,Hello Motors,Lexi Lx Grey 2024,scooter,per month,1800000,Rp 1.800.000,IDR,False,https://hello-motors.com/motorbike-rental-in-kuta
904b71095959377c-v66,904b71095959377c,Hello Motors,Lexi Lx Black 2024,scooter,per day,120000,Rp 120.000,IDR,True,https://hello-motors.com/motorbike-rental-in-kuta
904b71095959377c-v67,904b71095959377c,Hello Motors,Lexi Lx Black 2024,scooter,per week,672000,Rp 672.000,IDR,False,https://hello-motors.com/motorbike-rental-in-kuta
904b71095959377c-v68,904b71095959377c,Hello Motors,Lexi Lx Black 2024,scooter,per month,1800000,Rp 1.800.000,IDR,False,https://hello-motors.com/motorbike-rental-in-kuta
904b71095959377c-v69,904b71095959377c,Hello Motors,Aerox Blue Orange 2024,scooter,per day,130000,Rp 130.000,IDR,True,https://hello-motors.com/motorbike-rental-in-kuta
904b71095959377c-v70,904b71095959377c,Hello Motors,Aerox Blue Orange 2024,scooter,per week,728000,Rp 728.000,IDR,False,https://hello-motors.com/motorbike-rental-in-kuta
904b71095959377c-v71,904b71095959377c,Hello Motors,Aerox Blue Orange 2024,scooter,per month,1950000,Rp 1.950.000,IDR,False,https://hello-motors.com/motorbike-rental-in-kuta
904b71095959377c-v72,904b71095959377c,Hello Motors,Aerox Red 2024,scooter,per day,130000,Rp 130.000,IDR,True,https://hello-motors.com/motorbike-rental-in-kuta
904b71095959377c-v73,904b71095959377c,Hello Motors,Aerox Red 2024,scooter,per week,728000,Rp 728.000,IDR,False,https://hello-motors.com/motorbike-rental-in-kuta
904b71095959377c-v74,904b71095959377c,Hello Motors,Aerox Red 2024,scooter,per month,1950000,Rp 1.950.000,IDR,False,https://hello-motors.com/motorbike-rental-in-kuta
904b71095959377c-v75,904b71095959377c,Hello Motors,Grand Filano White 2024,scooter,per day,130000,Rp 130.000,IDR,True,https://hello-motors.com/motorbike-rental-in-kuta
904b71095959377c-v76,904b71095959377c,Hello Motors,Grand Filano White 2024,scooter,per week,728000,Rp 728.000,IDR,False,https://hello-motors.com/motorbike-rental-in-kuta
904b71095959377c-v77,904b71095959377c,Hello Motors,Grand Filano White 2024,scooter,per month,1950000,Rp 1.950.000,IDR,False,https://hello-motors.com/motorbike-rental-in-kuta
904b71095959377c-v78,904b71095959377c,Hello Motors,Grand Filano Purple 2024,scooter,per day,130000,Rp 130.000,IDR,True,https://hello-motors.com/motorbike-rental-in-kuta
904b71095959377c-v79,904b71095959377c,Hello Motors,Grand Filano Purple 2024,scooter,per week,728000,Rp 728.000,IDR,False,https://hello-motors.com/motorbike-rental-in-kuta
904b71095959377c-v80,904b71095959377c,Hello Motors,Grand Filano Purple 2024,scooter,per month,1950000,Rp 1.950.000,IDR,False,https://hello-motors.com/motorbike-rental-in-kuta
904b71095959377c-v81,904b71095959377c,Hello Motors,Nmax Neo White 2024,scooter,per day,160000,Rp 160.000,IDR,True,https://hello-motors.com/motorbike-rental-in-kuta
904b71095959377c-v82,904b71095959377c,Hello Motors,Nmax Neo White 2024,scooter,per week,896000,Rp 896.000,IDR,False,https://hello-motors.com/motorbike-rental-in-kuta
904b71095959377c-v83,904b71095959377c,Hello Motors,Nmax Neo White 2024,scooter,per month,2400000,Rp 2.400.000,IDR,False,https://hello-motors.com/motorbike-rental-in-kuta
904b71095959377c-v84,904b71095959377c,Hello Motors,Nmax Neo Red 2024,scooter,per day,160000,Rp 160.000,IDR,True,https://hello-motors.com/motorbike-rental-in-kuta
904b71095959377c-v85,904b71095959377c,Hello Motors,Nmax Neo Red 2024,scooter,per week,896000,Rp 896.000,IDR,False,https://hello-motors.com/motorbike-rental-in-kuta
904b71095959377c-v86,904b71095959377c,Hello Motors,Nmax Neo Red 2024,scooter,per month,2400000,Rp 2.400.000,IDR,False,https://hello-motors.com/motorbike-rental-in-kuta
904b71095959377c-v87,904b71095959377c,Hello Motors,Nmax Neo Black 2024,scooter,per day,160000,Rp 160.000,IDR,True,https://hello-motors.com/motorbike-rental-in-kuta
904b71095959377c-v88,904b71095959377c,Hello Motors,Nmax Neo Black 2024,scooter,per week,896000,Rp 896.000,IDR,False,https://hello-motors.com/motorbike-rental-in-kuta
904b71095959377c-v89,904b71095959377c,Hello Motors,Nmax Neo Black 2024,scooter,per month,2400000,Rp 2.400.000,IDR,False,https://hello-motors.com/motorbike-rental-in-kuta
904b71095959377c-v90,904b71095959377c,Hello Motors,Nmax Neo Blue 2024,scooter,per day,160000,Rp 160.000,IDR,True,https://hello-motors.com/motorbike-rental-in-kuta
904b71095959377c-v91,904b71095959377c,Hello Motors,Nmax Neo Blue 2024,scooter,per week,896000,Rp 896.000,IDR,False,https://hello-motors.com/motorbike-rental-in-kuta
904b71095959377c-v92,904b71095959377c,Hello Motors,Nmax Neo Blue 2024,scooter,per month,2400000,Rp 2.400.000,IDR,False,https://hello-motors.com/motorbike-rental-in-kuta
904b71095959377c-v93,904b71095959377c,Hello Motors,XMax Black 2024,scooter,per day,300000,Rp 300.000,IDR,True,https://hello-motors.com/motorbike-rental-in-kuta
904b71095959377c-v94,904b71095959377c,Hello Motors,XMax Black 2024,scooter,per week,1680000,Rp 1.680.000,IDR,False,https://hello-motors.com/motorbike-rental-in-kuta
904b71095959377c-v95,904b71095959377c,Hello Motors,XMax Black 2024,scooter,per month,4500000,Rp 4.500.000,IDR,False,https://hello-motors.com/motorbike-rental-in-kuta
ef455b5667b15e51-v0,ef455b5667b15e51,Wish Bali Motorbike Rental,Yamaha Filano,scooter,per day,135000,"IDR 135,000 /day",IDR,True,https://flexbike.app/indonesia/bali/canggu/wish-bali-motorbike-rental
ef455b5667b15e51-v1,ef455b5667b15e51,Wish Bali Motorbike Rental,Yamaha NMAX,scooter,per day,165000,"IDR 165,000 /day",IDR,True,https://flexbike.app/indonesia/bali/canggu/wish-bali-motorbike-rental
ef455b5667b15e51-v2,ef455b5667b15e51,Wish Bali Motorbike Rental,Honda ADV,scooter,per day,150000,"IDR 150,000 /day",IDR,True,https://flexbike.app/indonesia/bali/canggu/wish-bali-motorbike-rental
ef455b5667b15e51-v3,ef455b5667b15e51,Wish Bali Motorbike Rental,Honda ADV,scooter,per day,165000,"IDR 165,000 /day",IDR,True,https://flexbike.app/indonesia/bali/canggu/wish-bali-motorbike-rental
ef455b5667b15e51-v4,ef455b5667b15e51,Wish Bali Motorbike Rental,Yamaha NMAX,scooter,per day,150000,"IDR 150,000 /day",IDR,True,https://flexbike.app/indonesia/bali/canggu/wish-bali-motorbike-rental
ef455b5667b15e51-v5,ef455b5667b15e51,Wish Bali Motorbike Rental,Yamaha NMAX,scooter,per day,165000,"IDR 165,000 /day",IDR,True,https://flexbike.app/indonesia/bali/canggu/wish-bali-motorbike-rental
ef455b5667b15e51-v6,ef455b5667b15e51,Wish Bali Motorbike Rental,Yamaha NMAX,scooter,per day,150000,"IDR 150,000 /day",IDR,True,https://flexbike.app/indonesia/bali/canggu/wish-bali-motorbike-rental
ef455b5667b15e51-v7,ef455b5667b15e51,Wish Bali Motorbike Rental,Yamaha NMAX,scooter,per day,130000,"IDR 130,000 /day",IDR,True,https://flexbike.app/indonesia/bali/canggu/wish-bali-motorbike-rental
ef455b5667b15e51-v8,ef455b5667b15e51,Wish Bali Motorbike Rental,Honda PCX,scooter,per day,140000,"IDR 140,000 /day",IDR,True,https://flexbike.app/indonesia/bali/canggu/wish-bali-motorbike-rental
ef455b5667b15e51-v9,ef455b5667b15e51,Wish Bali Motorbike Rental,Honda PCX,scooter,per day,150000,"IDR 150,000 /day",IDR,True,https://flexbike.app/indonesia/bali/canggu/wish-bali-motorbike-rental
ef455b5667b15e51-v10,ef455b5667b15e51,Wish Bali Motorbike Rental,Honda Scoopy,scooter,per day,110000,"IDR 110,000 /day",IDR,True,https://flexbike.app/indonesia/bali/canggu/wish-bali-motorbike-rental
ef455b5667b15e51-v11,ef455b5667b15e51,Wish Bali Motorbike Rental,Honda PCX,scooter,per day,140000,"IDR 140,000 /day",IDR,True,https://flexbike.app/indonesia/bali/canggu/wish-bali-motorbike-rental
ef455b5667b15e51-v12,ef455b5667b15e51,Wish Bali Motorbike Rental,Yamaha XMAX,motorbike,per day,300000,"IDR 300,000 /day",IDR,True,https://flexbike.app/indonesia/bali/ubud/bikes
ef455b5667b15e51-v13,ef455b5667b15e51,Wish Bali Motorbike Rental,Yamaha NMAX,motorbike,per day,120000,"IDR 120,000 /day",IDR,True,https://flexbike.app/indonesia/bali/ubud/bikes
ef455b5667b15e51-v14,ef455b5667b15e51,Wish Bali Motorbike Rental,Yamaha XMAX,motorbike,per day,300000,"IDR 300,000 /day",IDR,True,https://flexbike.app/indonesia/bali/ubud/bikes
ef455b5667b15e51-v15,ef455b5667b15e51,Wish Bali Motorbike Rental,Honda Scoopy,scooter,per day,50000,"IDR 50,000 /day",IDR,True,https://flexbike.app/indonesia/bali/ubud/bikes
ef455b5667b15e51-v16,ef455b5667b15e51,Wish Bali Motorbike Rental,Honda PCX,scooter,per day,130000,"IDR 130,000 /day",IDR,True,https://flexbike.app/indonesia/bali/ubud/bikes
ef455b5667b15e51-v17,ef455b5667b15e51,Wish Bali Motorbike Rental,Honda Scoopy,scooter,per day,60000,"IDR 60,000 /day",IDR,True,https://flexbike.app/indonesia/bali/ubud/bikes
ef455b5667b15e51-v18,ef455b5667b15e51,Wish Bali Motorbike Rental,Honda Scoopy,scooter,per day,100000,"IDR 100,000 /day",IDR,True,https://flexbike.app/indonesia/bali/ubud/bikes
ef455b5667b15e51-v19,ef455b5667b15e51,Wish Bali Motorbike Rental,Honda Vario,scooter,per day,80000,"IDR 80,000 /day",IDR,True,https://flexbike.app/indonesia/bali/ubud/bikes
ef455b5667b15e51-v20,ef455b5667b15e51,Wish Bali Motorbike Rental,Honda Scoopy,scooter,per day,100000,"IDR 100,000 /day",IDR,True,https://flexbike.app/indonesia/bali/ubud/bikes
ef455b5667b15e51-v21,ef455b5667b15e51,Wish Bali Motorbike Rental,Yamaha NMAX,scooter,per day,150000,"IDR 150,000 /day",IDR,True,https://flexbike.app/indonesia/bali/ubud/bikes
ef455b5667b15e51-v22,ef455b5667b15e51,Wish Bali Motorbike Rental,Honda Vario,scooter,per day,70000,"IDR 70,000 /day",IDR,True,https://flexbike.app/indonesia/bali/ubud/bikes
ce95025eda366fe1-v0,ce95025eda366fe1,Antara Rental,Scoopy FI,scooter,per day,65000,Rp.65000,IDR,True,https://www.antararentalbali.com/sewa-motor-ubud/
ce95025eda366fe1-v1,ce95025eda366fe1,Antara Rental,Scoopy FI,scooter,per week,400000,Rp.400000,IDR,False,https://www.antararentalbali.com/sewa-motor-ubud/
ce95025eda366fe1-v2,ce95025eda366fe1,Antara Rental,Scoopy New,scooter,per day,85000,Rp.85000,IDR,True,https://www.antararentalbali.com/sewa-motor-ubud/
ce95025eda366fe1-v3,ce95025eda366fe1,Antara Rental,Scoopy New,scooter,per week,500000,Rp.500000,IDR,False,https://www.antararentalbali.com/sewa-motor-ubud/
ce95025eda366fe1-v4,ce95025eda366fe1,Antara Rental,Scoopy 2025,scooter,per day,100000,Rp.100000,IDR,True,https://www.antararentalbali.com/sewa-motor-ubud/
ce95025eda366fe1-v5,ce95025eda366fe1,Antara Rental,Scoopy 2025,scooter,per week,600000,Rp.600000,IDR,False,https://www.antararentalbali.com/sewa-motor-ubud/
ce95025eda366fe1-v6,ce95025eda366fe1,Antara Rental,Vario 125,scooter,per day,85000,Rp.85000,IDR,True,https://www.antararentalbali.com/sewa-motor-ubud/
ce95025eda366fe1-v7,ce95025eda366fe1,Antara Rental,Vario 125,scooter,per week,500000,Rp.500000,IDR,False,https://www.antararentalbali.com/sewa-motor-ubud/
ce95025eda366fe1-v8,ce95025eda366fe1,Antara Rental,Vario 160,scooter,per day,110000,Rp.110000,IDR,True,https://www.antararentalbali.com/sewa-motor-ubud/
ce95025eda366fe1-v9,ce95025eda366fe1,Antara Rental,Vario 160,scooter,per week,650000,Rp.650000,IDR,False,https://www.antararentalbali.com/sewa-motor-ubud/
ce95025eda366fe1-v10,ce95025eda366fe1,Antara Rental,Vario CW,scooter,per day,50000,Rp.50000,IDR,True,https://www.antararentalbali.com/sewa-motor-ubud/
ce95025eda366fe1-v11,ce95025eda366fe1,Antara Rental,Vario CW,scooter,per week,300000,Rp.300000,IDR,False,https://www.antararentalbali.com/sewa-motor-ubud/
ce95025eda366fe1-v12,ce95025eda366fe1,Antara Rental,Fazzio,scooter,per day,100000,Rp.100000,IDR,True,https://www.antararentalbali.com/sewa-motor-ubud/
ce95025eda366fe1-v13,ce95025eda366fe1,Antara Rental,Fazzio,scooter,per week,600000,Rp.600000,IDR,False,https://www.antararentalbali.com/sewa-motor-ubud/
ce95025eda366fe1-v14,ce95025eda366fe1,Antara Rental,Beat Deluxe,scooter,per day,70000,Rp.70000,IDR,True,https://www.antararentalbali.com/sewa-motor-ubud/
ce95025eda366fe1-v15,ce95025eda366fe1,Antara Rental,Beat Deluxe,scooter,per week,420000,Rp.420000,IDR,False,https://www.antararentalbali.com/sewa-motor-ubud/
ce95025eda366fe1-v16,ce95025eda366fe1,Antara Rental,NMAX New,scooter,per day,150000,Rp.150000,IDR,True,https://www.antararentalbali.com/sewa-motor-ubud/
ce95025eda366fe1-v17,ce95025eda366fe1,Antara Rental,NMAX New,scooter,per week,900000,Rp.900000,IDR,False,https://www.antararentalbali.com/sewa-motor-ubud/
ce95025eda366fe1-v18,ce95025eda366fe1,Antara Rental,XMAX New,scooter,per day,300000,Rp.300000,IDR,True,https://www.antararentalbali.com/sewa-motor-ubud/
ce95025eda366fe1-v19,ce95025eda366fe1,Antara Rental,XMAX New,scooter,per week,1750000,Rp.1750000,IDR,False,https://www.antararentalbali.com/sewa-motor-ubud/
ce95025eda366fe1-v20,ce95025eda366fe1,Antara Rental,Scoopy FI,scooter,per day,65000,Rp.65000,IDR,True,https://www.antararentalbali.com/scooter-rental-in-bali
ce95025eda366fe1-v21,ce95025eda366fe1,Antara Rental,Scoopy New,scooter,per day,85000,Rp.85000,IDR,True,https://www.antararentalbali.com/scooter-rental-in-bali
ce95025eda366fe1-v22,ce95025eda366fe1,Antara Rental,Scoopy 2025,scooter,per day,100000,Rp.100000,IDR,True,https://www.antararentalbali.com/scooter-rental-in-bali
ce95025eda366fe1-v23,ce95025eda366fe1,Antara Rental,Vario 125,scooter,per day,85000,Rp.85000,IDR,True,https://www.antararentalbali.com/scooter-rental-in-bali
ce95025eda366fe1-v24,ce95025eda366fe1,Antara Rental,Vario 160,scooter,per day,110000,Rp.110000,IDR,True,https://www.antararentalbali.com/scooter-rental-in-bali
ce95025eda366fe1-v25,ce95025eda366fe1,Antara Rental,Vario CW,scooter,per day,50000,Rp.50000,IDR,True,https://www.antararentalbali.com/scooter-rental-in-bali
ce95025eda366fe1-v26,ce95025eda366fe1,Antara Rental,Fazzio,scooter,per day,100000,Rp.100000,IDR,True,https://www.antararentalbali.com/scooter-rental-in-bali
ce95025eda366fe1-v27,ce95025eda366fe1,Antara Rental,Beat Deluxe,scooter,per day,70000,Rp.70000,IDR,True,https://www.antararentalbali.com/scooter-rental-in-bali
ce95025eda366fe1-v28,ce95025eda366fe1,Antara Rental,NMAX New,scooter,per day,150000,Rp.150000,IDR,True,https://www.antararentalbali.com/scooter-rental-in-bali
ce95025eda366fe1-v29,ce95025eda366fe1,Antara Rental,XMAX New,scooter,per day,300000,Rp.300000,IDR,True,https://www.antararentalbali.com/scooter-rental-in-bali
2c7e2f2c723cff59-v0,2c7e2f2c723cff59,Scooter rental Nusa Penida,Honda Vario 125,scooter,per day,75000,"IDR 75,000",IDR,False,https://www.gotravelaindonesia.com/scooter-rental-nusa-penida/
2c7e2f2c723cff59-v1,2c7e2f2c723cff59,Scooter rental Nusa Penida,Honda Beat / Scoopy,scooter,per day,80000,"IDR 80,000",IDR,False,https://www.gotravelaindonesia.com/scooter-rental-nusa-penida/
2c7e2f2c723cff59-v2,2c7e2f2c723cff59,Scooter rental Nusa Penida,Yamaha Nmax 155,scooter,per day,165000,"IDR 165,000",IDR,False,https://www.gotravelaindonesia.com/scooter-rental-nusa-penida/
2c7e2f2c723cff59-v3,2c7e2f2c723cff59,Scooter rental Nusa Penida,Kawasaki KLX,scooter,per day,175000,"IDR 175,000",IDR,False,https://www.gotravelaindonesia.com/scooter-rental-nusa-penida/
2c7e2f2c723cff59-v4,2c7e2f2c723cff59,Scooter rental Nusa Penida,Yamaha Mio,scooter,per day,35000,Rp 35.000,IDR,True,https://www.gotravelaindonesia.com/sewa-motor-murah-di-bali/?srsltid=AfmBOoqs4u9SZanfgDa8GQ9MY5bDSX9nc9bfCuXJ-MAGf5ymfR1rmwrC
2c7e2f2c723cff59-v5,2c7e2f2c723cff59,Scooter rental Nusa Penida,Honda Vario New,scooter,per day,65000,Rp 65.000,IDR,True,https://www.gotravelaindonesia.com/sewa-motor-murah-di-bali/?srsltid=AfmBOoqs4u9SZanfgDa8GQ9MY5bDSX9nc9bfCuXJ-MAGf5ymfR1rmwrC
2c7e2f2c723cff59-v6,2c7e2f2c723cff59,Scooter rental Nusa Penida,Yamaha New XMAX,scooter,per day,250000,Rp 250.000,IDR,True,https://www.gotravelaindonesia.com/sewa-motor-murah-di-bali/?srsltid=AfmBOoqs4u9SZanfgDa8GQ9MY5bDSX9nc9bfCuXJ-MAGf5ymfR1rmwrC
9fddd064e45cd80f-v0,9fddd064e45cd80f,Tara Bali Rental,Toyota Agya AT,car,per day,250000,Rp250.000,IDR,True,https://www.tarabalirentcar.com/sewa-mobil-murah-di-ubud-bali/
9fddd064e45cd80f-v1,9fddd064e45cd80f,Tara Bali Rental,Toyota Agya MT,car,per day,200000,Rp200.000,IDR,True,https://www.tarabalirentcar.com/sewa-mobil-murah-di-ubud-bali/
9fddd064e45cd80f-v2,9fddd064e45cd80f,Tara Bali Rental,Daihatsu Ayla AT,car,per day,250000,Rp250.000,IDR,True,https://www.tarabalirentcar.com/sewa-mobil-murah-di-ubud-bali/
9fddd064e45cd80f-v3,9fddd064e45cd80f,Tara Bali Rental,Daihatsu Ayla MT,car,per day,200000,Rp200.000,IDR,True,https://www.tarabalirentcar.com/sewa-mobil-murah-di-ubud-bali/
9fddd064e45cd80f-v4,9fddd064e45cd80f,Tara Bali Rental,Toyota Avanza AT,car,per day,300000,Rp300.000,IDR,True,https://www.tarabalirentcar.com/sewa-mobil-murah-di-ubud-bali/
9fddd064e45cd80f-v5,9fddd064e45cd80f,Tara Bali Rental,Toyota Avanza MT,car,per day,250000,Rp250.000,IDR,True,https://www.tarabalirentcar.com/sewa-mobil-murah-di-ubud-bali/
9fddd064e45cd80f-v6,9fddd064e45cd80f,Tara Bali Rental,Daihatsu Sigra AT,car,per day,275000,Rp275.000,IDR,True,https://www.tarabalirentcar.com/sewa-mobil-murah-di-ubud-bali/
9fddd064e45cd80f-v7,9fddd064e45cd80f,Tara Bali Rental,Daihatsu Sigra MT,car,per day,225000,Rp225.000,IDR,True,https://www.tarabalirentcar.com/sewa-mobil-murah-di-ubud-bali/
9fddd064e45cd80f-v8,9fddd064e45cd80f,Tara Bali Rental,Honda Brio AT,car,per day,275000,Rp275.000,IDR,True,https://www.tarabalirentcar.com/sewa-mobil-murah-di-ubud-bali/
9fddd064e45cd80f-v9,9fddd064e45cd80f,Tara Bali Rental,Honda Brio MT,car,per day,225000,Rp225.000,IDR,True,https://www.tarabalirentcar.com/sewa-mobil-murah-di-ubud-bali/
9fddd064e45cd80f-v10,9fddd064e45cd80f,Tara Bali Rental,New Agya AT,car,per day,300000,Rp300.000,IDR,True,https://www.tarabalirentcar.com/sewa-mobil-murah-di-ubud-bali/
9fddd064e45cd80f-v11,9fddd064e45cd80f,Tara Bali Rental,New Agya MT,car,per day,250000,Rp250.000,IDR,True,https://www.tarabalirentcar.com/sewa-mobil-murah-di-ubud-bali/
9fddd064e45cd80f-v12,9fddd064e45cd80f,Tara Bali Rental,Honda New Brio Ayla AT,car,per day,300000,Rp300.000,IDR,True,https://www.tarabalirentcar.com/sewa-mobil-murah-di-ubud-bali/
9fddd064e45cd80f-v13,9fddd064e45cd80f,Tara Bali Rental,Honda New Brio Ayla MT,car,per day,250000,Rp250.000,IDR,True,https://www.tarabalirentcar.com/sewa-mobil-murah-di-ubud-bali/
9fddd064e45cd80f-v14,9fddd064e45cd80f,Tara Bali Rental,Toyota Raize AT,car,per day,375000,Rp375.000,IDR,True,https://www.tarabalirentcar.com/sewa-mobil-murah-di-ubud-bali/
9fddd064e45cd80f-v15,9fddd064e45cd80f,Tara Bali Rental,Toyota Raize MT,car,per day,325000,Rp325.000,IDR,True,https://www.tarabalirentcar.com/sewa-mobil-murah-di-ubud-bali/
9fddd064e45cd80f-v16,9fddd064e45cd80f,Tara Bali Rental,Daihatsu Rocky AT,car,per day,375000,Rp375.000,IDR,True,https://www.tarabalirentcar.com/sewa-mobil-murah-di-ubud-bali/
9fddd064e45cd80f-v17,9fddd064e45cd80f,Tara Bali Rental,Daihatsu Rocky MT,car,per day,325000,Rp325.000,IDR,True,https://www.tarabalirentcar.com/sewa-mobil-murah-di-ubud-bali/
9fddd064e45cd80f-v18,9fddd064e45cd80f,Tara Bali Rental,Toyota Yaris AT,car,per day,325000,Rp325.000,IDR,True,https://www.tarabalirentcar.com/sewa-mobil-murah-di-ubud-bali/
9fddd064e45cd80f-v19,9fddd064e45cd80f,Tara Bali Rental,Toyota Yaris MT,car,per day,275000,Rp275.000,IDR,True,https://www.tarabalirentcar.com/sewa-mobil-murah-di-ubud-bali/
9fddd064e45cd80f-v20,9fddd064e45cd80f,Tara Bali Rental,Honda Hrv AT,car,per day,500000,Rp500.000,IDR,True,https://www.tarabalirentcar.com/sewa-mobil-murah-di-ubud-bali/
9fddd064e45cd80f-v21,9fddd064e45cd80f,Tara Bali Rental,Honda Hrv MT,car,per day,450000,Rp450.000,IDR,True,https://www.tarabalirentcar.com/sewa-mobil-murah-di-ubud-bali/
9fddd064e45cd80f-v22,9fddd064e45cd80f,Tara Bali Rental,Toyota Calya AT,car,per day,275000,Rp275.000,IDR,True,https://www.tarabalirentcar.com/sewa-mobil-murah-di-ubud-bali/
9fddd064e45cd80f-v23,9fddd064e45cd80f,Tara Bali Rental,Toyota Calya MT,car,per day,225000,Rp225.000,IDR,True,https://www.tarabalirentcar.com/sewa-mobil-murah-di-ubud-bali/
9fddd064e45cd80f-v24,9fddd064e45cd80f,Tara Bali Rental,Honda Mobilio AT,car,per day,350000,Rp350.000,IDR,True,https://www.tarabalirentcar.com/sewa-mobil-murah-di-ubud-bali/
9fddd064e45cd80f-v25,9fddd064e45cd80f,Tara Bali Rental,Honda Mobilio MT,car,per day,300000,Rp300.000,IDR,True,https://www.tarabalirentcar.com/sewa-mobil-murah-di-ubud-bali/
9fddd064e45cd80f-v26,9fddd064e45cd80f,Tara Bali Rental,Suzuki XL 7 AT,car,per day,375000,Rp375.000,IDR,True,https://www.tarabalirentcar.com/sewa-mobil-murah-di-ubud-bali/
9fddd064e45cd80f-v27,9fddd064e45cd80f,Tara Bali Rental,Suzuki XL 7 MT,car,per day,325000,Rp325.000,IDR,True,https://www.tarabalirentcar.com/sewa-mobil-murah-di-ubud-bali/
9fddd064e45cd80f-v28,9fddd064e45cd80f,Tara Bali Rental,Daihatsu Xenia AT,car,per day,300000,Rp300.000,IDR,True,https://www.tarabalirentcar.com/sewa-mobil-murah-di-ubud-bali/
9fddd064e45cd80f-v29,9fddd064e45cd80f,Tara Bali Rental,Daihatsu Xenia MT,car,per day,250000,Rp250.000,IDR,True,https://www.tarabalirentcar.com/sewa-mobil-murah-di-ubud-bali/
9fddd064e45cd80f-v30,9fddd064e45cd80f,Tara Bali Rental,Suzuki New Ertiga AT,car,per day,375000,Rp375.000,IDR,True,https://www.tarabalirentcar.com/sewa-mobil-murah-di-ubud-bali/
9fddd064e45cd80f-v31,9fddd064e45cd80f,Tara Bali Rental,Suzuki New Ertiga MT,car,per day,325000,Rp325.000,IDR,True,https://www.tarabalirentcar.com/sewa-mobil-murah-di-ubud-bali/
9fddd064e45cd80f-v32,9fddd064e45cd80f,Tara Bali Rental,Mitsubishi Xpander AT,car,per day,375000,Rp375.000,IDR,True,https://www.tarabalirentcar.com/sewa-mobil-murah-di-ubud-bali/
9fddd064e45cd80f-v33,9fddd064e45cd80f,Tara Bali Rental,Mitsubishi Xpander MT,car,per day,350000,Rp350.000,IDR,True,https://www.tarabalirentcar.com/sewa-mobil-murah-di-ubud-bali/
9fddd064e45cd80f-v34,9fddd064e45cd80f,Tara Bali Rental,Toyota New Avanza AT,car,per day,375000,Rp375.000,IDR,True,https://www.tarabalirentcar.com/sewa-mobil-murah-di-ubud-bali/
9fddd064e45cd80f-v35,9fddd064e45cd80f,Tara Bali Rental,Toyota New Avanza MT,car,per day,350000,Rp350.000,IDR,True,https://www.tarabalirentcar.com/sewa-mobil-murah-di-ubud-bali/
9fddd064e45cd80f-v36,9fddd064e45cd80f,Tara Bali Rental,Hyundai Stargazer AT,car,per day,450000,Rp450.000,IDR,True,https://www.tarabalirentcar.com/sewa-mobil-murah-di-ubud-bali/
9fddd064e45cd80f-v37,9fddd064e45cd80f,Tara Bali Rental,Hyundai Stargazer MT,car,per day,400000,Rp400.000,IDR,True,https://www.tarabalirentcar.com/sewa-mobil-murah-di-ubud-bali/
9fddd064e45cd80f-v38,9fddd064e45cd80f,Tara Bali Rental,Daihatsu New Xenia AT,car,per day,375000,Rp375.000,IDR,True,https://www.tarabalirentcar.com/sewa-mobil-murah-di-ubud-bali/
9fddd064e45cd80f-v39,9fddd064e45cd80f,Tara Bali Rental,Daihatsu New Xenia MT,car,per day,350000,Rp350.000,IDR,True,https://www.tarabalirentcar.com/sewa-mobil-murah-di-ubud-bali/
9fddd064e45cd80f-v40,9fddd064e45cd80f,Tara Bali Rental,Daihatsu New Terios AT,car,per day,400000,Rp400.000,IDR,True,https://www.tarabalirentcar.com/sewa-mobil-murah-di-ubud-bali/
9fddd064e45cd80f-v41,9fddd064e45cd80f,Tara Bali Rental,Daihatsu New Terios MT,car,per day,350000,Rp350.000,IDR,True,https://www.tarabalirentcar.com/sewa-mobil-murah-di-ubud-bali/
9fddd064e45cd80f-v42,9fddd064e45cd80f,Tara Bali Rental,Toyota Innova Zenix Xpander AT,car,per day,700000,Rp700.000,IDR,True,https://www.tarabalirentcar.com/sewa-mobil-murah-di-ubud-bali/
9fddd064e45cd80f-v43,9fddd064e45cd80f,Tara Bali Rental,Toyota Innova Zenix Xpander MT,car,per day,650000,Rp650.000,IDR,True,https://www.tarabalirentcar.com/sewa-mobil-murah-di-ubud-bali/
9fddd064e45cd80f-v44,9fddd064e45cd80f,Tara Bali Rental,Toyota Rush AT,car,per day,400000,Rp400.000,IDR,True,https://www.tarabalirentcar.com/sewa-mobil-murah-di-ubud-bali/
9fddd064e45cd80f-v45,9fddd064e45cd80f,Tara Bali Rental,Toyota Rush MT,car,per day,350000,Rp350.000,IDR,True,https://www.tarabalirentcar.com/sewa-mobil-murah-di-ubud-bali/
9fddd064e45cd80f-v46,9fddd064e45cd80f,Tara Bali Rental,Mitsubishi Pajero AT,car,per day,1100000,Rp1.100.000,IDR,True,https://www.tarabalirentcar.com/sewa-mobil-murah-di-ubud-bali/
9fddd064e45cd80f-v47,9fddd064e45cd80f,Tara Bali Rental,Toyota Innova Reborn AT,car,per day,500000,Rp500.000,IDR,True,https://www.tarabalirentcar.com/sewa-mobil-murah-di-ubud-bali/
9fddd064e45cd80f-v48,9fddd064e45cd80f,Tara Bali Rental,Toyota Innova Reborn MT,car,per day,450000,Rp450.000,IDR,True,https://www.tarabalirentcar.com/sewa-mobil-murah-di-ubud-bali/
9fddd064e45cd80f-v49,9fddd064e45cd80f,Tara Bali Rental,Fortuner AT,car,per day,1100000,Rp1.100.000,IDR,True,https://www.tarabalirentcar.com/sewa-mobil-murah-di-ubud-bali/
9fddd064e45cd80f-v50,9fddd064e45cd80f,Tara Bali Rental,Toyota Innova Zenix,car,per day,,,IDR,False,https://www.tarabalirentcar.com/rental-mobil-wedding-di-bali
9fddd064e45cd80f-v51,9fddd064e45cd80f,Tara Bali Rental,Innova Reborn,car,per day,,,IDR,False,https://www.tarabalirentcar.com/rental-mobil-wedding-di-bali
9fddd064e45cd80f-v52,9fddd064e45cd80f,Tara Bali Rental,Fortuner,car,per day,,,IDR,False,https://www.tarabalirentcar.com/rental-mobil-wedding-di-bali
9fddd064e45cd80f-v53,9fddd064e45cd80f,Tara Bali Rental,Honda HR-V,car,per day,,,IDR,False,https://www.tarabalirentcar.com/rental-mobil-wedding-di-bali
9fddd064e45cd80f-v54,9fddd064e45cd80f,Tara Bali Rental,Suzuki XL7,car,per day,,,IDR,False,https://www.tarabalirentcar.com/rental-mobil-wedding-di-bali
9fddd064e45cd80f-v55,9fddd064e45cd80f,Tara Bali Rental,Mobilio,car,per day,,,IDR,False,https://www.tarabalirentcar.com/rental-mobil-wedding-di-bali
9fddd064e45cd80f-v56,9fddd064e45cd80f,Tara Bali Rental,Toyota Rush,car,per day,,,IDR,False,https://www.tarabalirentcar.com/rental-mobil-wedding-di-bali
9fddd064e45cd80f-v57,9fddd064e45cd80f,Tara Bali Rental,Mitsubishi Xpander,car,per day,,,IDR,False,https://www.tarabalirentcar.com/rental-mobil-wedding-di-bali
9fddd064e45cd80f-v58,9fddd064e45cd80f,Tara Bali Rental,Suzuki New Ertiga,car,per day,,,IDR,False,https://www.tarabalirentcar.com/rental-mobil-wedding-di-bali
9fddd064e45cd80f-v59,9fddd064e45cd80f,Tara Bali Rental,Pajero,car,per day,,,IDR,False,https://www.tarabalirentcar.com/rental-mobil-wedding-di-bali
9fddd064e45cd80f-v60,9fddd064e45cd80f,Tara Bali Rental,Hyundai H1,car,per day,,,IDR,False,https://www.tarabalirentcar.com/rental-mobil-wedding-di-bali
9fddd064e45cd80f-v61,9fddd064e45cd80f,Tara Bali Rental,Toyota Hiace,car,per day,,,IDR,False,https://www.tarabalirentcar.com/rental-mobil-wedding-di-bali
9fddd064e45cd80f-v62,9fddd064e45cd80f,Tara Bali Rental,Isuzu Elf Long,car,per day,,,IDR,False,https://www.tarabalirentcar.com/rental-mobil-wedding-di-bali
9fddd064e45cd80f-v63,9fddd064e45cd80f,Tara Bali Rental,Hyundai Stargazer,car,per day,,,IDR,False,https://www.tarabalirentcar.com/rental-mobil-wedding-di-bali
ee170326afdadaa0-v0,ee170326afdadaa0,Merta Sedana Rental,Brio,car,per day,275000,Rp 275.000,IDR,False,https://www.mertasedanarental.com/sewa-mobil-di-ubud-bali/
ee170326afdadaa0-v1,ee170326afdadaa0,Merta Sedana Rental,Avanza,car,per day,250000,Rp 250.000,IDR,False,https://www.mertasedanarental.com/sewa-mobil-di-ubud-bali/
ee170326afdadaa0-v2,ee170326afdadaa0,Merta Sedana Rental,Agya,car,per day,250000,Rp 250.000,IDR,False,https://www.mertasedanarental.com/sewa-mobil-di-ubud-bali/
ee170326afdadaa0-v3,ee170326afdadaa0,Merta Sedana Rental,Ayla,car,per day,250000,Rp 250.000,IDR,False,https://www.mertasedanarental.com/sewa-mobil-di-ubud-bali/
ee170326afdadaa0-v4,ee170326afdadaa0,Merta Sedana Rental,Xenia,car,per day,250000,Rp 250.000,IDR,False,https://www.mertasedanarental.com/sewa-mobil-di-ubud-bali/
ee170326afdadaa0-v5,ee170326afdadaa0,Merta Sedana Rental,Honda Jazz,car,per day,350000,Rp 350.000,IDR,False,https://www.mertasedanarental.com/sewa-mobil-di-ubud-bali/
ee170326afdadaa0-v6,ee170326afdadaa0,Merta Sedana Rental,Calya,car,per day,250000,Rp 250.000,IDR,False,https://www.mertasedanarental.com/sewa-mobil-di-ubud-bali/
ee170326afdadaa0-v7,ee170326afdadaa0,Merta Sedana Rental,Sigra,car,per day,250000,Rp 250.000,IDR,False,https://www.mertasedanarental.com/sewa-mobil-di-ubud-bali/
ee170326afdadaa0-v8,ee170326afdadaa0,Merta Sedana Rental,Innova Reborn,car,per day,500000,Rp 500.000,IDR,False,https://www.mertasedanarental.com/sewa-mobil-di-ubud-bali/
ee170326afdadaa0-v9,ee170326afdadaa0,Merta Sedana Rental,Alpahrd Grand,car,per day,1800000,Rp 1.800.000,IDR,False,https://www.mertasedanarental.com/sewa-mobil-di-ubud-bali/
ee170326afdadaa0-v10,ee170326afdadaa0,Merta Sedana Rental,Alpahrd Vellfire,car,per day,1800000,Rp 1.800.000,IDR,False,https://www.mertasedanarental.com/sewa-mobil-di-ubud-bali/
ee170326afdadaa0-v11,ee170326afdadaa0,Merta Sedana Rental,Transformers,car,per day,2500000,Rp 2.500.000,IDR,False,https://www.mertasedanarental.com/sewa-mobil-di-ubud-bali/
ee170326afdadaa0-v12,ee170326afdadaa0,Merta Sedana Rental,Hiace,car,per day,950000,Rp 950.000,IDR,False,https://www.mertasedanarental.com/sewa-mobil-di-ubud-bali/
ee170326afdadaa0-v13,ee170326afdadaa0,Merta Sedana Rental,Terios,car,per day,300000,Rp 300.000,IDR,False,https://www.mertasedanarental.com/sewa-mobil-di-ubud-bali/
ee170326afdadaa0-v14,ee170326afdadaa0,Merta Sedana Rental,Rush,car,per day,300000,Rp 300.000,IDR,False,https://www.mertasedanarental.com/sewa-mobil-di-ubud-bali/
ee170326afdadaa0-v15,ee170326afdadaa0,Merta Sedana Rental,Mobilio,car,per day,300000,Rp 300.000,IDR,False,https://www.mertasedanarental.com/sewa-mobil-di-ubud-bali/
ee170326afdadaa0-v16,ee170326afdadaa0,Merta Sedana Rental,Isuzu ELF 14,car,per day,700000,Rp 700.000,IDR,False,https://www.mertasedanarental.com/sewa-mobil-di-ubud-bali/
ee170326afdadaa0-v17,ee170326afdadaa0,Merta Sedana Rental,Isuzu ELF 18,car,per day,900000,Rp 900.000,IDR,False,https://www.mertasedanarental.com/sewa-mobil-di-ubud-bali/
ee170326afdadaa0-v18,ee170326afdadaa0,Merta Sedana Rental,Ertiga,car,per day,350000,Rp 350.000,IDR,False,https://www.mertasedanarental.com/sewa-mobil-di-ubud-bali/
ee170326afdadaa0-v19,ee170326afdadaa0,Merta Sedana Rental,Karimun Estilo,car,per day,445000,Rp 445.000,IDR,False,https://www.mertasedanarental.com/sewa-mobil-di-ubud-bali/
ee170326afdadaa0-v20,ee170326afdadaa0,Merta Sedana Rental,Nissan Grand Livina Matic,car,24 Jam,300000,Rp 300.000 ( 24 Jam ),IDR,True,https://www.mertasedanarental.com/rental-mobil-grand-livina-bali
ee170326afdadaa0-v21,ee170326afdadaa0,Merta Sedana Rental,Nissan Grand Livina Manual,car,24 Jam,275000,Rp 275.000 ( 24 Jam ),IDR,True,https://www.mertasedanarental.com/rental-mobil-grand-livina-bali
ee170326afdadaa0-v22,ee170326afdadaa0,Merta Sedana Rental,Supir dan BBM,car,12 Jam,550000,Rp 550.000 ( 12 Jam ),IDR,False,https://www.mertasedanarental.com/rental-mobil-grand-livina-bali
ee170326afdadaa0-v23,ee170326afdadaa0,Merta Sedana Rental,Supir+BBM+Parkir,car,12 Jam,650000,Rp 650.000 ( 12 Jam ),IDR,False,https://www.mertasedanarental.com/rental-mobil-grand-livina-bali
1a19f306d3440a30-v0,1a19f306d3440a30,Motordibali.com,Honda Vario FI 110cc,scooter,per day,,,IDR,False,https://www.motordibali.com/2017/09/rental-motor-di-sekitaran-canggu-bali.html
1a19f306d3440a30-v1,1a19f306d3440a30,Motordibali.com,Honda Scoopy ESP 110cc,scooter,per day,,,IDR,False,https://www.motordibali.com/2017/09/rental-motor-di-sekitaran-canggu-bali.html
1a19f306d3440a30-v2,1a19f306d3440a30,Motordibali.com,Honda Vario 125cc,scooter,per day,,,IDR,False,https://www.motordibali.com/2017/09/rental-motor-di-sekitaran-canggu-bali.html
1a19f306d3440a30-v3,1a19f306d3440a30,Motordibali.com,Honda Vario 150cc,scooter,per day,,,IDR,False,https://www.motordibali.com/2017/09/rental-motor-di-sekitaran-canggu-bali.html
1a19f306d3440a30-v4,1a19f306d3440a30,Motordibali.com,Honda Beat,scooter,per day,,,IDR,False,https://www.motordibali.com/2017/09/rental-motor-di-sekitaran-canggu-bali.html
1a19f306d3440a30-v5,1a19f306d3440a30,Motordibali.com,Honda Vario CW,scooter,per day,,,IDR,False,https://www.motordibali.com/2017/09/rental-motor-di-sekitaran-canggu-bali.html
1a19f306d3440a30-v6,1a19f306d3440a30,Motordibali.com,Yamaha Mio M3 125,scooter,per day,,,IDR,False,https://www.motordibali.com/2017/09/rental-motor-di-sekitaran-canggu-bali.html
1a19f306d3440a30-v7,1a19f306d3440a30,Motordibali.com,Yamaha Nmax,scooter,per day,,,IDR,False,https://www.motordibali.com/2017/09/rental-motor-di-sekitaran-canggu-bali.html
1a19f306d3440a30-v8,1a19f306d3440a30,Motordibali.com,Kawasaki Ninja 250R,motorbike,per day,,,IDR,False,https://www.motordibali.com/2017/09/rental-motor-di-sekitaran-canggu-bali.html
1a19f306d3440a30-v9,1a19f306d3440a30,Motordibali.com,Honda PCX,scooter,per day,140000,140.000,IDR,True,https://www.motordibali.com/2018/10/info-rental-sewa-motor-di-bali-harga.html
1a19f306d3440a30-v10,1a19f306d3440a30,Motordibali.com,Yamaha Xmax,scooter,per day,350000,350.000,IDR,True,https://www.motordibali.com/2018/10/info-rental-sewa-motor-di-bali-harga.html
1a19f306d3440a30-v11,1a19f306d3440a30,Motordibali.com,Honda Vario CW,scooter,per day,50000,50.000,IDR,True,https://www.motordibali.com/2018/10/info-rental-sewa-motor-di-bali-harga.html
1a19f306d3440a30-v12,1a19f306d3440a30,Motordibali.com,Honda Scoopy,scooter,per day,60000,60.000,IDR,True,https://www.motordibali.com/2018/10/info-rental-sewa-motor-di-bali-harga.html
1a19f306d3440a30-v13,1a19f306d3440a30,Motordibali.com,Yamaha Mio,scooter,per day,60000,60.000,IDR,True,https://www.motordibali.com/2018/10/info-rental-sewa-motor-di-bali-harga.html
1a19f306d3440a30-v14,1a19f306d3440a30,Motordibali.com,Honda Beat Esp,scooter,per day,58000,58.000,IDR,True,https://www.motordibali.com/2018/10/info-rental-sewa-motor-di-bali-harga.html
1a19f306d3440a30-v15,1a19f306d3440a30,Motordibali.com,New Vario 124,scooter,per day,70000,70.000,IDR,True,https://www.motordibali.com/2018/10/info-rental-sewa-motor-di-bali-harga.html
1a19f306d3440a30-v16,1a19f306d3440a30,Motordibali.com,150cc Scooter,scooter,per day,150000,150.000,IDR,True,https://www.motordibali.com/2018/10/info-rental-sewa-motor-di-bali-harga.html
5303661bda2e8371-v0,5303661bda2e8371,GFS-Bike by Global Go,Honda Scoopy,scooter,per day,100000,Rp 100.000,IDR,True,https://gfs-bike.com/id/sewa-motor-di-canggu/
5303661bda2e8371-v1,5303661bda2e8371,GFS-Bike by Global Go,Yamaha Lexi Surf,scooter,per day,120000,Rp 120.000,IDR,True,https://gfs-bike.com/id/sewa-motor-di-canggu/
5303661bda2e8371-v2,5303661bda2e8371,GFS-Bike by Global Go,Yamaha NMax,motorbike,per day,150000,Rp 150.000,IDR,True,https://gfs-bike.com/id/sewa-motor-di-canggu/
5303661bda2e8371-v3,5303661bda2e8371,GFS-Bike by Global Go,Honda ADV,motorbike,per day,175000,Rp 175.000,IDR,True,https://gfs-bike.com/id/sewa-motor-di-canggu/
5303661bda2e8371-v4,5303661bda2e8371,GFS-Bike by Global Go,Scooter,scooter,per day,,N/A,IDR,False,https://gfs-bike.com/help-center/booking/how-to-rent-a-scooter-on-our-website
e62a63ed590181ed-v0,e62a63ed590181ed,momondo,Toyota Corolla,car,per day,,$5/day,USD,True,https://www.momondo.com/car-rental/Seminyak-Kuta-218425-crn.ksp
e62a63ed590181ed-v1,e62a63ed590181ed,momondo,Kia Rio,car,per day,,$5/day,USD,True,https://www.momondo.com/car-rental/Seminyak-Kuta-218425-crn.ksp
e62a63ed590181ed-v2,e62a63ed590181ed,momondo,Volkswagen Taos,car,per day,,$5/day,USD,True,https://www.momondo.com/car-rental/Seminyak-Kuta-218425-crn.ksp
e62a63ed590181ed-v3,e62a63ed590181ed,momondo,Jeep Compass,car,per day,,$5/day,USD,True,https://www.momondo.com/car-rental/Seminyak-Kuta-218425-crn.ksp
e62a63ed590181ed-v4,e62a63ed590181ed,momondo,Kia Sportage,car,per day,,$5/day,USD,True,https://www.momondo.com/car-rental/Seminyak-Kuta-218425-crn.ksp
e62a63ed590181ed-v5,e62a63ed590181ed,momondo,Kia Soul,car,per day,,$5/day,USD,True,https://www.momondo.com/car-rental/Seminyak-Kuta-218425-crn.ksp
e62a63ed590181ed-v6,e62a63ed590181ed,momondo,Mercedes-Benz G-Class,car,per day,,$7/day,USD,False,https://www.momondo.com/car-rental/Seminyak-Kuta-218425-crn.ksp
e62a63ed590181ed-v7,e62a63ed590181ed,momondo,Nissan Altima,car,per day,,$5/day,USD,True,https://www.momondo.com/car-rental/Seminyak-Kuta-218425-crn.ksp
e62a63ed590181ed-v8,e62a63ed590181ed,momondo,Honda Odyssey,car,per day,,$7/day,USD,False,https://www.momondo.com/car-rental/Seminyak-Kuta-218425-crn.ksp
e62a63ed590181ed-v9,e62a63ed590181ed,momondo,Not specified,car,Not specified,,Check prices,INR,True,https://www.momondo.com/car-rental/Madurai-16159
3698e1b028de9d3c-v0,3698e1b028de9d3c,PT SBW (Sari Bali Wangi),Toyota Agya,car,per day,225000,Rp 225.000/hari,IDR,False,https://www.sbwbalirental.com/sewa-mobil-di-seminyak/
3698e1b028de9d3c-v1,3698e1b028de9d3c,PT SBW (Sari Bali Wangi),Suzuki Ignis,car,per day,250000,Rp 250.000/hari,IDR,False,https://www.sbwbalirental.com/sewa-mobil-di-seminyak/
3698e1b028de9d3c-v2,3698e1b028de9d3c,PT SBW (Sari Bali Wangi),Honda Brio,car,per day,250000,Rp 250.000/hari,IDR,False,https://www.sbwbalirental.com/sewa-mobil-di-seminyak/
3698e1b028de9d3c-v3,3698e1b028de9d3c,PT SBW (Sari Bali Wangi),Honda Jazz,car,per day,300000,Rp 300.000/hari,IDR,False,https://www.sbwbalirental.com/sewa-mobil-di-seminyak/
3698e1b028de9d3c-v4,3698e1b028de9d3c,PT SBW (Sari Bali Wangi),Toyota Yaris,car,per day,325000,Rp 325.000/hari,IDR,False,https://www.sbwbalirental.com/sewa-mobil-di-seminyak/
3698e1b028de9d3c-v5,3698e1b028de9d3c,PT SBW (Sari Bali Wangi),Nissan Juke,car,per day,350000,Rp 350.000/hari,IDR,False,https://www.sbwbalirental.com/sewa-mobil-di-seminyak/
3698e1b028de9d3c-v6,3698e1b028de9d3c,PT SBW (Sari Bali Wangi),Toyota Avanza,car,per day,250000,Rp 225.000 – Rp 275.000/hari,IDR,True,https://www.sbwbalirental.com/sewa-mobil-di-seminyak/
3698e1b028de9d3c-v7,3698e1b028de9d3c,PT SBW (Sari Bali Wangi),Daihatsu Xenia,car,per day,250000,Rp 225.000 – Rp 275.000/hari,IDR,True,https://www.sbwbalirental.com/sewa-mobil-di-seminyak/
3698e1b028de9d3c-v8,3698e1b028de9d3c,PT SBW (Sari Bali Wangi),Suzuki Ertiga,car,per day,275000,Rp 275.000/hari,IDR,False,https://www.sbwbalirental.com/sewa-mobil-di-seminyak/
3698e1b028de9d3c-v9,3698e1b028de9d3c,PT SBW (Sari Bali Wangi),Suzuki APV,car,per day,250000,Rp 250.000/hari,IDR,False,https://www.sbwbalirental.com/sewa-mobil-di-seminyak/
3698e1b028de9d3c-v10,3698e1b028de9d3c,PT SBW (Sari Bali Wangi),Mitsubishi Xpander,car,per day,300000,Rp 300.000/hari,IDR,False,https://www.sbwbalirental.com/sewa-mobil-di-seminyak/
3698e1b028de9d3c-v11,3698e1b028de9d3c,PT SBW (Sari Bali Wangi),Toyota Fortuner,car,per day,1000000,Rp 1.000.000/hari,IDR,False,https://www.sbwbalirental.com/sewa-mobil-di-seminyak/
3698e1b028de9d3c-v12,3698e1b028de9d3c,PT SBW (Sari Bali Wangi),Mobil Toyota Innova Grand & Reborn,car,per day,350000,Rp 300.000 – Rp 400.000/hari,IDR,True,https://www.sbwbalirental.com/sewa-mobil-di-seminyak/
3698e1b028de9d3c-v13,3698e1b028de9d3c,PT SBW (Sari Bali Wangi),Toyota Alphard,car,per day,2000000,Rp 2.000.000/hari,IDR,False,https://www.sbwbalirental.com/sewa-mobil-di-seminyak/
3698e1b028de9d3c-v14,3698e1b028de9d3c,PT SBW (Sari Bali Wangi),Toyota Hiace,car,per day,1000000,Rp 1.000.000/hari,IDR,False,https://www.sbwbalirental.com/sewa-mobil-di-seminyak/
3698e1b028de9d3c-v15,3698e1b028de9d3c,PT SBW (Sari Bali Wangi),Toyota Agya,car,per day,225000,225.000,IDR,True,https://www.sbwbalirental.com
3698e1b028de9d3c-v16,3698e1b028de9d3c,PT SBW (Sari Bali Wangi),Suzuki Ignis,car,per day,250000,250.000,IDR,True,https://www.sbwbalirental.com
3698e1b028de9d3c-v17,3698e1b028de9d3c,PT SBW (Sari Bali Wangi),Honda Brio,car,per day,250000,250.000,IDR,True,https://www.sbwbalirental.com
3698e1b028de9d3c-v18,3698e1b028de9d3c,PT SBW (Sari Bali Wangi),Honda Jazz,car,per day,300000,300.000,IDR,True,https://www.sbwbalirental.com
3698e1b028de9d3c-v19,3698e1b028de9d3c,PT SBW (Sari Bali Wangi),Toyota Yaris,car,per day,325000,325.000,IDR,True,https://www.sbwbalirental.com
3698e1b028de9d3c-v20,3698e1b028de9d3c,PT SBW (Sari Bali Wangi),Nissan Juke,car,per day,350000,350.000,IDR,True,https://www.sbwbalirental.com
3698e1b028de9d3c-v21,3698e1b028de9d3c,PT SBW (Sari Bali Wangi),Honda Vario,motorbike,per day,50000,50.000,IDR,True,https://www.sbwbalirental.com
3698e1b028de9d3c-v22,3698e1b028de9d3c,PT SBW (Sari Bali Wangi),Honda Scoopy,motorbike,per day,50000,50.000,IDR,True,https://www.sbwbalirental.com
3698e1b028de9d3c-v23,3698e1b028de9d3c,PT SBW (Sari Bali Wangi),PCX,motorbike,per day,100000,100.000,IDR,True,https://www.sbwbalirental.com
56424187d519e3b2-v0,56424187d519e3b2,Bali4Ride,Economy car,car,per day,,,IDR,False,https://www.bali4ride.com/car-rental-kuta/
56424187d519e3b2-v1,56424187d519e3b2,Bali4Ride,Luxury car,car,per day,,,IDR,False,https://www.bali4ride.com/car-rental-kuta/
83453a4063ba9a9a-v0,83453a4063ba9a9a,Bikago Scooter Rentals,Honda Scoopy,scooter,per day,,AUD $14 – $17.50,AUD,True,https://www.baliholidaysecrets.com/scooters-in-bali/
83453a4063ba9a9a-v1,83453a4063ba9a9a,Bikago Scooter Rentals,Honda Vario,scooter,per day,,AUD $15 – $22,AUD,True,https://www.baliholidaysecrets.com/scooters-in-bali/
83453a4063ba9a9a-v2,83453a4063ba9a9a,Bikago Scooter Rentals,Yamaha Lexi,scooter,per day,,AUD $15 – $20,AUD,True,https://www.baliholidaysecrets.com/scooters-in-bali/
83453a4063ba9a9a-v3,83453a4063ba9a9a,Bikago Scooter Rentals,Honda PCX,scooter,per day,,AUD $18 – $24,AUD,True,https://www.baliholidaysecrets.com/scooters-in-bali/
83453a4063ba9a9a-v4,83453a4063ba9a9a,Bikago Scooter Rentals,Yamaha NMAX,scooter,per day,,AUD $18 – $24,AUD,True,https://www.baliholidaysecrets.com/scooters-in-bali/
83453a4063ba9a9a-v5,83453a4063ba9a9a,Bikago Scooter Rentals,Honda ADV,scooter,per day,,AUD $20 – $25,AUD,True,https://www.baliholidaysecrets.com/scooters-in-bali/
83453a4063ba9a9a-v6,83453a4063ba9a9a,Bikago Scooter Rentals,Yamaha XMAX,scooter,per day,,AUD $40 – $48,AUD,True,https://www.baliholidaysecrets.com/scooters-in-bali/
83453a4063ba9a9a-v7,83453a4063ba9a9a,Bikago Scooter Rentals,Vespa LX,scooter,per day,140000,"IDR 120,000–140,000",IDR,True,https://www.baliholidaysecrets.com/scooters-in-bali/
83453a4063ba9a9a-v8,83453a4063ba9a9a,Bikago Scooter Rentals,Vespa Sprint,scooter,per day,,AUD $25 – $29,AUD,True,https://www.baliholidaysecrets.com/scooters-in-bali/
83453a4063ba9a9a-v9,83453a4063ba9a9a,Bikago Scooter Rentals,Honda CB,motorbike,per day,,AUD $20 – $25,AUD,True,https://www.baliholidaysecrets.com/scooters-in-bali/
83453a4063ba9a9a-v10,83453a4063ba9a9a,Bikago Scooter Rentals,Yamaha XSR,motorbike,per day,,AUD $20 – $26,AUD,True,https://www.baliholidaysecrets.com/scooters-in-bali/
83453a4063ba9a9a-v11,83453a4063ba9a9a,Bikago Scooter Rentals,Honda CRF,motorbike,per day,,AUD $20 – $26,AUD,True,https://www.baliholidaysecrets.com/scooters-in-bali/
b6717b0d3f28a4f5-v0,b6717b0d3f28a4f5,Darma Putra,Yamaha NMAX OLD 155cc,motorbike,per day,120000,IDR 120.000 ~ $ 6.7,IDR,False,https://motorbikerentalbali.com/en/prices/motorbike
b6717b0d3f28a4f5-v1,b6717b0d3f28a4f5,Darma Putra,Yamaha NMAX OLD 155cc,motorbike,per week,100000,IDR 100.000 ~$ 5.6,IDR,False,https://motorbikerentalbali.com/en/prices/motorbike
b6717b0d3f28a4f5-v2,b6717b0d3f28a4f5,Darma Putra,Yamaha NMAX OLD 155cc,motorbike,per month,1350000,IDR 1.350.000 ~ $ 75,IDR,False,https://motorbikerentalbali.com/en/prices/motorbike
b6717b0d3f28a4f5-v3,b6717b0d3f28a4f5,Darma Putra,Honda Vario LED 125cc,motorbike,per day,80000,IDR 80.000 ~ $4.4,IDR,False,https://motorbikerentalbali.com/en/prices/motorbike
b6717b0d3f28a4f5-v4,b6717b0d3f28a4f5,Darma Putra,Honda Vario LED 125cc,motorbike,per week,70000,IDR 70.000 ~ $3.9,IDR,False,https://motorbikerentalbali.com/en/prices/motorbike
b6717b0d3f28a4f5-v5,b6717b0d3f28a4f5,Darma Putra,Honda Vario LED 125cc,motorbike,per month,1050000,IDR 1.050.000 ~ $ 58.4,IDR,False,https://motorbikerentalbali.com/en/prices/motorbike
b6717b0d3f28a4f5-v6,b6717b0d3f28a4f5,Darma Putra,Honda Scoopy ESP 110cc,motorbike,per day,80000,IDR 80.000 ~ $4.4,IDR,False,https://motorbikerentalbali.com/en/prices/motorbike
b6717b0d3f28a4f5-v7,b6717b0d3f28a4f5,Darma Putra,Honda Scoopy ESP 110cc,motorbike,per week,70000,IDR 70.000 ~ $3.9,IDR,False,https://motorbikerentalbali.com/en/prices/motorbike
b6717b0d3f28a4f5-v8,b6717b0d3f28a4f5,Darma Putra,Honda Scoopy ESP 110cc,motorbike,per month,900000,IDR 900.000 ~ $50,IDR,False,https://motorbikerentalbali.com/en/prices/motorbike
b6717b0d3f28a4f5-v9,b6717b0d3f28a4f5,Darma Putra,Yamaha XMAX OLD 250cc,motorbike,per day,250000,IDR 250.000 ~ $ 14,IDR,False,https://motorbikerentalbali.com/en/prices/motorbike
b6717b0d3f28a4f5-v10,b6717b0d3f28a4f5,Darma Putra,Yamaha XMAX OLD 250cc,motorbike,per week,215000,IDR 215.000 ~ $11.9,IDR,False,https://motorbikerentalbali.com/en/prices/motorbike
b6717b0d3f28a4f5-v11,b6717b0d3f28a4f5,Darma Putra,Yamaha XMAX OLD 250cc,motorbike,per month,3000000,IDR 3.000.000 ~ $167,IDR,False,https://motorbikerentalbali.com/en/prices/motorbike
b6717b0d3f28a4f5-v12,b6717b0d3f28a4f5,Darma Putra,Yamaha Lexi 125cc,motorbike,per day,90000,IDR 90.000 ~ $5,IDR,False,https://motorbikerentalbali.com/en/prices/motorbike
b6717b0d3f28a4f5-v13,b6717b0d3f28a4f5,Darma Putra,Yamaha Lexi 125cc,motorbike,per week,75000,IDR 75.000 ~ $4.1,IDR,False,https://motorbikerentalbali.com/en/prices/motorbike
b6717b0d3f28a4f5-v14,b6717b0d3f28a4f5,Darma Putra,Yamaha Lexi 125cc,motorbike,per month,1200000,IDR 1.200.000 ~ $ 66,IDR,False,https://motorbikerentalbali.com/en/prices/motorbike
b6717b0d3f28a4f5-v15,b6717b0d3f28a4f5,Darma Putra,Honda Vario ESP 125 cc,motorbike,per day,80000,IDR 80.000 ~ $4.4,IDR,False,https://motorbikerentalbali.com/en/prices/motorbike
b6717b0d3f28a4f5-v16,b6717b0d3f28a4f5,Darma Putra,Honda Vario ESP 125 cc,motorbike,per week,60000,IDR 60.000 ~$3.3,IDR,False,https://motorbikerentalbali.com/en/prices/motorbike
b6717b0d3f28a4f5-v17,b6717b0d3f28a4f5,Darma Putra,Honda Vario ESP 125 cc,motorbike,per month,900000,IDR 900.000 ~ $ 50,IDR,False,https://motorbikerentalbali.com/en/prices/motorbike
b6717b0d3f28a4f5-v18,b6717b0d3f28a4f5,Darma Putra,Yamaha Fazzio 125cc,motorbike,per day,90000,IDR 90.000 ~ $ 5,IDR,False,https://motorbikerentalbali.com/en/prices/motorbike
b6717b0d3f28a4f5-v19,b6717b0d3f28a4f5,Darma Putra,Yamaha Fazzio 125cc,motorbike,per week,80000,IDR 80.000 ~ $4.4,IDR,False,https://motorbikerentalbali.com/en/prices/motorbike
b6717b0d3f28a4f5-v20,b6717b0d3f28a4f5,Darma Putra,Yamaha Fazzio 125cc,motorbike,per month,1200000,IDR 1.200.000 ~ $66,IDR,False,https://motorbikerentalbali.com/en/prices/motorbike
b6717b0d3f28a4f5-v21,b6717b0d3f28a4f5,Darma Putra,Yamaha XSR 155cc,motorbike,per day,200000,IDR 200.000 ~ $ 11.3,IDR,False,https://motorbikerentalbali.com/en/prices/motorbike
b6717b0d3f28a4f5-v22,b6717b0d3f28a4f5,Darma Putra,Yamaha XSR 155cc,motorbike,per week,175000,IDR 175.000 ~ $10.5,IDR,False,https://motorbikerentalbali.com/en/prices/motorbike
b6717b0d3f28a4f5-v23,b6717b0d3f28a4f5,Darma Putra,Yamaha XSR 155cc,motorbike,per month,3000000,IDR 3.000.000 ~ $ 177,IDR,False,https://motorbikerentalbali.com/en/prices/motorbike
b6717b0d3f28a4f5-v24,b6717b0d3f28a4f5,Darma Putra,Yamaha NMAX 155cc,motorbike,per day,140000,IDR 140.000 ~ $ 7.8,IDR,False,https://motorbikerentalbali.com/en/prices/motorbike
b6717b0d3f28a4f5-v25,b6717b0d3f28a4f5,Darma Putra,Yamaha NMAX 155cc,motorbike,per week,125000,IDR 125.000 ~ $ 7,IDR,False,https://motorbikerentalbali.com/en/prices/motorbike
b6717b0d3f28a4f5-v26,b6717b0d3f28a4f5,Darma Putra,Yamaha NMAX 155cc,motorbike,per month,1800000,IDR 1.800.000 ~ $ 100,IDR,False,https://motorbikerentalbali.com/en/prices/motorbike
b6717b0d3f28a4f5-v27,b6717b0d3f28a4f5,Darma Putra,Honda Scoopy 110cc,motorbike,per day,90000,IDR 90.000 ~ $ 5,IDR,False,https://motorbikerentalbali.com/en/prices/motorbike
b6717b0d3f28a4f5-v28,b6717b0d3f28a4f5,Darma Putra,Honda Scoopy 110cc,motorbike,per week,80000,IDR 80.000 ~ $ 4.4,IDR,False,https://motorbikerentalbali.com/en/prices/motorbike
b6717b0d3f28a4f5-v29,b6717b0d3f28a4f5,Darma Putra,Honda Scoopy 110cc,motorbike,per month,1200000,IDR 1.200.000 ~ $ 66,IDR,False,https://motorbikerentalbali.com/en/prices/motorbike
b6717b0d3f28a4f5-v30,b6717b0d3f28a4f5,Darma Putra,Honda PCX 160cc,motorbike,per day,150000,IDR 150.000 ~ $9,IDR,False,https://motorbikerentalbali.com/en/prices/motorbike
b6717b0d3f28a4f5-v31,b6717b0d3f28a4f5,Darma Putra,Honda PCX 160cc,motorbike,per week,130000,IDR 130.000 ~ $7.8,IDR,False,https://motorbikerentalbali.com/en/prices/motorbike
b6717b0d3f28a4f5-v32,b6717b0d3f28a4f5,Darma Putra,Honda PCX 160cc,motorbike,per month,2000000,IDR 2.000.000 ~ $120,IDR,False,https://motorbikerentalbali.com/en/prices/motorbike
b6717b0d3f28a4f5-v33,b6717b0d3f28a4f5,Darma Putra,Yamaha XMAX 250cc,motorbike,per day,275000,IDR 275.000 ~ $15.3,IDR,False,https://motorbikerentalbali.com/en/prices/motorbike
b6717b0d3f28a4f5-v34,b6717b0d3f28a4f5,Darma Putra,Yamaha XMAX 250cc,motorbike,per week,235000,IDR 235.000 ~ $13,IDR,False,https://motorbikerentalbali.com/en/prices/motorbike
b6717b0d3f28a4f5-v35,b6717b0d3f28a4f5,Darma Putra,Yamaha XMAX 250cc,motorbike,per month,4000000,IDR 4.000.000 ~ $ 222.7,IDR,False,https://motorbikerentalbali.com/en/prices/motorbike
b6717b0d3f28a4f5-v36,b6717b0d3f28a4f5,Darma Putra,Honda Vario LED 125cc,motorbike,per day,90000,IDR 90.000 ~ $ 5,IDR,False,https://motorbikerentalbali.com/en/prices/motorbike
b6717b0d3f28a4f5-v37,b6717b0d3f28a4f5,Darma Putra,Honda Vario LED 125cc,motorbike,per week,80000,IDR 80.000 ~$ 4.4,IDR,False,https://motorbikerentalbali.com/en/prices/motorbike
b6717b0d3f28a4f5-v38,b6717b0d3f28a4f5,Darma Putra,Honda Vario LED 125cc,motorbike,per month,1400000,IDR 1.400.000 ~ $ 77.9,IDR,False,https://motorbikerentalbali.com/en/prices/motorbike
b6717b0d3f28a4f5-v39,b6717b0d3f28a4f5,Darma Putra,Yamaha Filano 125cc,motorbike,per day,120000,IDR 120.000 ~ $ 6.6,IDR,False,https://motorbikerentalbali.com/en/prices/motorbike
b6717b0d3f28a4f5-v40,b6717b0d3f28a4f5,Darma Putra,Yamaha Filano 125cc,motorbike,per week,100000,IDR 100.000 ~ $ 5.5,IDR,False,https://motorbikerentalbali.com/en/prices/motorbike
b6717b0d3f28a4f5-v41,b6717b0d3f28a4f5,Darma Putra,Yamaha Filano 125cc,motorbike,per month,1650000,IDR 1.650.000 ~ $ 91.8,IDR,False,https://motorbikerentalbali.com/en/prices/motorbike
b6717b0d3f28a4f5-v42,b6717b0d3f28a4f5,Darma Putra,Kawasaki KLX 150cc,motorbike,per day,200000,IDR 200.000 ~ $12,IDR,False,https://motorbikerentalbali.com/en/prices/motorbike
b6717b0d3f28a4f5-v43,b6717b0d3f28a4f5,Darma Putra,Kawasaki KLX 150cc,motorbike,per week,185000,IDR 185.000 ~ $11,IDR,False,https://motorbikerentalbali.com/en/prices/motorbike
b6717b0d3f28a4f5-v44,b6717b0d3f28a4f5,Darma Putra,Kawasaki KLX 150cc,motorbike,per month,2850000,IDR 2.850.000 ~ $150,IDR,False,https://motorbikerentalbali.com/en/prices/motorbike
b6717b0d3f28a4f5-v45,b6717b0d3f28a4f5,Darma Putra,YAMAHA NMAX NEO 155CC,motorbike,per day,150000,IDR 150.000 ~ $ 8.4,IDR,False,https://motorbikerentalbali.com/en/prices/motorbike
b6717b0d3f28a4f5-v46,b6717b0d3f28a4f5,Darma Putra,YAMAHA NMAX NEO 155CC,motorbike,per week,130000,IDR 130.000 ~ $ 7.2,IDR,False,https://motorbikerentalbali.com/en/prices/motorbike
b6717b0d3f28a4f5-v47,b6717b0d3f28a4f5,Darma Putra,YAMAHA NMAX NEO 155CC,motorbike,per month,2200000,IDR 2.200.000 ~ $ 123,IDR,False,https://motorbikerentalbali.com/en/prices/motorbike
b6717b0d3f28a4f5-v48,b6717b0d3f28a4f5,Darma Putra,HONDA STYLO 160cc,motorbike,per day,125000,IDR 125.000 ~ $ 6.9,IDR,False,https://motorbikerentalbali.com/en/prices/motorbike
b6717b0d3f28a4f5-v49,b6717b0d3f28a4f5,Darma Putra,HONDA STYLO 160cc,motorbike,per week,110000,IDR 110.000 ~ $ 6,IDR,False,https://motorbikerentalbali.com/en/prices/motorbike
b6717b0d3f28a4f5-v50,b6717b0d3f28a4f5,Darma Putra,HONDA STYLO 160cc,motorbike,per month,2000000,IDR 2.000.000 ~ $ 111,IDR,False,https://motorbikerentalbali.com/en/prices/motorbike
b6717b0d3f28a4f5-v51,b6717b0d3f28a4f5,Darma Putra,Honda Vario ESP 125 cc (Model 2015-2018),motorbike,per day,80000,IDR 80.000 ~ $4.4,IDR,False,https://www.motorbikerentalbali.com/
b6717b0d3f28a4f5-v52,b6717b0d3f28a4f5,Darma Putra,Honda Vario LED 125cc (Model 2018-2022),motorbike,per day,80000,IDR 80.000 ~ $4.4,IDR,False,https://www.motorbikerentalbali.com/
b6717b0d3f28a4f5-v53,b6717b0d3f28a4f5,Darma Putra,Honda Scoopy ESP 110cc (Model 2017-2022),motorbike,per day,80000,IDR 80.000 ~ $4.4,IDR,False,https://www.motorbikerentalbali.com/
b6717b0d3f28a4f5-v54,b6717b0d3f28a4f5,Darma Putra,Yamaha NMAX OLD 155cc (Model 2015-2019),motorbike,per day,120000,IDR 120.000 ~ $6.7,IDR,False,https://www.motorbikerentalbali.com/
b6717b0d3f28a4f5-v55,b6717b0d3f28a4f5,Darma Putra,Yamaha XMAX OLD 250cc (Model 2017-2022),motorbike,per day,250000,IDR 250.000 ~ $14,IDR,False,https://www.motorbikerentalbali.com/
b6717b0d3f28a4f5-v56,b6717b0d3f28a4f5,Darma Putra,Yamaha Lexi 125cc (Model 2018-2022),motorbike,per day,90000,IDR 90.000 ~ $5,IDR,False,https://www.motorbikerentalbali.com/
b6717b0d3f28a4f5-v57,b6717b0d3f28a4f5,Darma Putra,Daihatsu Rocky (AT) Model 2024-2026,car,per day,400000,IDR 400.000 ~ $22.3,IDR,False,https://www.motorbikerentalbali.com/
b6717b0d3f28a4f5-v58,b6717b0d3f28a4f5,Darma Putra,Toyota Avanza (MT),car,per day,225000,IDR 225.000 ~ $12.5,IDR,False,https://www.motorbikerentalbali.com/
b6717b0d3f28a4f5-v59,b6717b0d3f28a4f5,Darma Putra,Toyota Agya (MT),car,per day,200000,IDR 200.000 ~ $12,IDR,False,https://www.motorbikerentalbali.com/
b6717b0d3f28a4f5-v60,b6717b0d3f28a4f5,Darma Putra,Toyota Raize (AT) Model 2024-2026,car,per day,425000,IDR 425.000 ~ $23.7,IDR,False,https://www.motorbikerentalbali.com/
b6717b0d3f28a4f5-v61,b6717b0d3f28a4f5,Darma Putra,Honda HRV (AT),car,per day,500000,IDR 500.000 ~ $30,IDR,False,https://www.motorbikerentalbali.com/
c17c0b32eef1c468-v0,c17c0b32eef1c468,Uluwatu Car Rental,Hyundai Stargazer Prime Captain Seat,car,per day,,,IDR,False,https://uluwatucarrental.com/our-cars
c17c0b32eef1c468-v1,c17c0b32eef1c468,Uluwatu Car Rental,Suzuki XL 7,car,per day,,,IDR,False,https://uluwatucarrental.com/our-cars
c17c0b32eef1c468-v2,c17c0b32eef1c468,Uluwatu Car Rental,Mitsubishi Xpander,car,per day,,,IDR,False,https://uluwatucarrental.com/our-cars
c17c0b32eef1c468-v3,c17c0b32eef1c468,Uluwatu Car Rental,Daihatsu Xenia,car,per day,,,IDR,False,https://uluwatucarrental.com/our-cars
c17c0b32eef1c468-v4,c17c0b32eef1c468,Uluwatu Car Rental,Toyota Raize,car,per day,,,IDR,False,https://uluwatucarrental.com/our-cars
c17c0b32eef1c468-v5,c17c0b32eef1c468,Uluwatu Car Rental,Honda All new Brio,car,per day,,,IDR,False,https://uluwatucarrental.com/our-cars
c17c0b32eef1c468-v6,c17c0b32eef1c468,Uluwatu Car Rental,Daihatsu Ayla,car,per day,,,IDR,False,https://uluwatucarrental.com/our-cars
c17c0b32eef1c468-v7,c17c0b32eef1c468,Uluwatu Car Rental,Daihatsu All new Sirion,car,per day,,,IDR,False,https://uluwatucarrental.com/our-cars
c17c0b32eef1c468-v8,c17c0b32eef1c468,Uluwatu Car Rental,Daihatsu Sigra,car,per day,,,IDR,False,https://uluwatucarrental.com/our-cars
c17c0b32eef1c468-v9,c17c0b32eef1c468,Uluwatu Car Rental,Innova Reborn Venturer,car,per day,,,IDR,False,https://uluwatucarrental.com/our-cars
676afe04b4bdf76a-v0,676afe04b4bdf76a,Vroam,Honda Scoopy,scooter,1 day,120000,"120,000 IDR",IDR,False,https://ridevroam.com/scooter-rental-prices-bali
676afe04b4bdf76a-v1,676afe04b4bdf76a,Vroam,Budget bike,scooter,7+ days,100000,"100,000 IDR",IDR,True,https://ridevroam.com/scooter-rental-prices-bali
676afe04b4bdf76a-v2,676afe04b4bdf76a,Vroam,Budget bike,scooter,28+ days,80000,"80,000 IDR",IDR,True,https://ridevroam.com/scooter-rental-prices-bali
676afe04b4bdf76a-v3,676afe04b4bdf76a,Vroam,Honda Vario 125,scooter,1 day,140000,"140,000 IDR",IDR,False,https://ridevroam.com/scooter-rental-prices-bali
676afe04b4bdf76a-v4,676afe04b4bdf76a,Vroam,Comfort bike,scooter,7+ days,120000,"120,000 IDR",IDR,True,https://ridevroam.com/scooter-rental-prices-bali
676afe04b4bdf76a-v5,676afe04b4bdf76a,Vroam,Comfort bike,scooter,28+ days,95000,"95,000 IDR",IDR,True,https://ridevroam.com/scooter-rental-prices-bali
676afe04b4bdf76a-v6,676afe04b4bdf76a,Vroam,Yamaha NMAX 155,scooter,1 day,180000,"180,000 IDR",IDR,False,https://ridevroam.com/scooter-rental-prices-bali
676afe04b4bdf76a-v7,676afe04b4bdf76a,Vroam,Premium bike,scooter,7+ days,155000,"155,000 IDR",IDR,True,https://ridevroam.com/scooter-rental-prices-bali
676afe04b4bdf76a-v8,676afe04b4bdf76a,Vroam,Premium bike,scooter,28+ days,115000,"115,000 IDR",IDR,True,https://ridevroam.com/scooter-rental-prices-bali
676afe04b4bdf76a-v9,676afe04b4bdf76a,Vroam,Yamaha XMAX 250,motorbike,1 day,320000,"320,000 IDR",IDR,False,https://ridevroam.com/scooter-rental-prices-bali
676afe04b4bdf76a-v10,676afe04b4bdf76a,Vroam,Sport bike,motorbike,7+ days,290000,"290,000 IDR",IDR,True,https://ridevroam.com/scooter-rental-prices-bali
676afe04b4bdf76a-v11,676afe04b4bdf76a,Vroam,Sport bike,motorbike,28+ days,219995,"219,995 IDR",IDR,True,https://ridevroam.com/scooter-rental-prices-bali
cc325f84eaeba7d6-v0,cc325f84eaeba7d6,Ubud Scooter Rental,NMAX 150 CC,motorbike,per day,150000,Rp 150.000,IDR,False,https://www.ubudscooterrental.com/
cc325f84eaeba7d6-v1,cc325f84eaeba7d6,Ubud Scooter Rental,VARIO 160 CC,motorbike,per day,150000,Rp 150.000,IDR,False,https://www.ubudscooterrental.com/
cc325f84eaeba7d6-v2,cc325f84eaeba7d6,Ubud Scooter Rental,NEW PCX 160 CC,motorbike,per day,200000,Rp 200.000,IDR,False,https://www.ubudscooterrental.com/
cc325f84eaeba7d6-v3,cc325f84eaeba7d6,Ubud Scooter Rental,SCOOPY 110 CC,motorbike,per day,80000,Rp 80.000,IDR,False,https://www.ubudscooterrental.com/
cc325f84eaeba7d6-v4,cc325f84eaeba7d6,Ubud Scooter Rental,VARIO 125 CC,motorbike,per day,80000,Rp 80.000,IDR,False,https://www.ubudscooterrental.com/
cc325f84eaeba7d6-v5,cc325f84eaeba7d6,Ubud Scooter Rental,VARIO 110 CC,motorbike,per day,70000,Rp 70.000,IDR,False,https://www.ubudscooterrental.com/
cc325f84eaeba7d6-v6,cc325f84eaeba7d6,Ubud Scooter Rental,LEXI 125 CC,motorbike,per day,130000,Rp 130.000,IDR,False,https://www.ubudscooterrental.com/
cc325f84eaeba7d6-v7,cc325f84eaeba7d6,Ubud Scooter Rental,FAZZIO 125 CC,motorbike,per day,120000,Rp 120.000,IDR,False,https://www.ubudscooterrental.com/
cc325f84eaeba7d6-v8,cc325f84eaeba7d6,Ubud Scooter Rental,NEW SCOOPY,motorbike,per day,100000,Rp 100.000,IDR,False,https://www.ubudscooterrental.com/
cc325f84eaeba7d6-v9,cc325f84eaeba7d6,Ubud Scooter Rental,NEW VARIO 125 CC,motorbike,per day,100000,Rp 100.000,IDR,False,https://www.ubudscooterrental.com/
cc325f84eaeba7d6-v10,cc325f84eaeba7d6,Ubud Scooter Rental,VARIO 150 CC,motorbike,per day,130000,Rp 130.000,IDR,False,https://www.ubudscooterrental.com/
cc325f84eaeba7d6-v11,cc325f84eaeba7d6,Ubud Scooter Rental,NMAX 150 CC,scooter,Daily Rate,150000,Rp 150.000,IDR,True,https://www.ubudscooterrental.com
cc325f84eaeba7d6-v12,cc325f84eaeba7d6,Ubud Scooter Rental,VARIO 160 CC,scooter,Daily,150000,Rp 150.000,IDR,True,https://www.ubudscooterrental.com
cc325f84eaeba7d6-v13,cc325f84eaeba7d6,Ubud Scooter Rental,NEW PCX 160 CC,scooter,Daily Rate,200000,Rp 200.000,IDR,True,https://www.ubudscooterrental.com
cc325f84eaeba7d6-v14,cc325f84eaeba7d6,Ubud Scooter Rental,SCOOPY 110 CC,scooter,Daily Rate,80000,Rp 80.000,IDR,True,https://www.ubudscooterrental.com
cc325f84eaeba7d6-v15,cc325f84eaeba7d6,Ubud Scooter Rental,VARIO 125 CC,scooter,Daily Rate,80000,Rp 80.000,IDR,True,https://www.ubudscooterrental.com
cc325f84eaeba7d6-v16,cc325f84eaeba7d6,Ubud Scooter Rental,VARIO 110 CC,scooter,Daily Rate,70000,Rp 70.000,IDR,True,https://www.ubudscooterrental.com
cc325f84eaeba7d6-v17,cc325f84eaeba7d6,Ubud Scooter Rental,LEXI 125 CC,scooter,Daily Rate,130000,Rp 130.000,IDR,True,https://www.ubudscooterrental.com
cc325f84eaeba7d6-v18,cc325f84eaeba7d6,Ubud Scooter Rental,FAZZIO 125 CC,scooter,Daily Rate,120000,Rp 120.000,IDR,True,https://www.ubudscooterrental.com
cc325f84eaeba7d6-v19,cc325f84eaeba7d6,Ubud Scooter Rental,NEW SCOOPY,scooter,Daily Rate,100000,Rp 100.000,IDR,True,https://www.ubudscooterrental.com
cc325f84eaeba7d6-v20,cc325f84eaeba7d6,Ubud Scooter Rental,NEW VARIO 125 CC,scooter,Daily Rate,100000,Rp 100.000,IDR,True,https://www.ubudscooterrental.com
cc325f84eaeba7d6-v21,cc325f84eaeba7d6,Ubud Scooter Rental,VARIO 150 CC,scooter,Daily Rate,130000,Rp 130.000,IDR,True,https://www.ubudscooterrental.com
1cc1814b6089a9ca-v0,1cc1814b6089a9ca,Soul Bikes Indonesia,Kawasaki Ninja ZX-10R NEW,other,3-6 days,3500000,3.5 Million IDR,IDR,True,https://soulmotorcycles.com/
1cc1814b6089a9ca-v1,1cc1814b6089a9ca,Soul Bikes Indonesia,Honda Rebel 1100 automatic transmission,other,3-6 days,3000000,3 Million IDR,IDR,True,https://soulmotorcycles.com/
1cc1814b6089a9ca-v2,1cc1814b6089a9ca,Soul Bikes Indonesia,Benelli 502C (Ducati style),other,3-6 days,1200000,1.2 Million IDR,IDR,True,https://soulmotorcycles.com/
1cc1814b6089a9ca-v3,1cc1814b6089a9ca,Soul Bikes Indonesia,Kawasaki Ninja 250 ABS No Mercy,other,3-6 days,650000,650k IDR,IDR,True,https://soulmotorcycles.com/
1cc1814b6089a9ca-v4,1cc1814b6089a9ca,Soul Bikes Indonesia,Kawasaki Ninja ZX25RR ABS Crypto,other,3-6 days,1200000,1.2 million IDR,IDR,True,https://soulmotorcycles.com/
1cc1814b6089a9ca-v5,1cc1814b6089a9ca,Soul Bikes Indonesia,Kawasaki ninja ZX-4RR ABS,other,3-6 days,2000000,2000k IDR,IDR,True,https://soulmotorcycles.com/
1cc1814b6089a9ca-v6,1cc1814b6089a9ca,Soul Bikes Indonesia,Honda CBR 650R ABS Velocity Edition,other,3-6 days,2500000,2.5 million IDR,IDR,True,https://soulmotorcycles.com/
1cc1814b6089a9ca-v7,1cc1814b6089a9ca,Soul Bikes Indonesia,Rent Honda Rebel 500 Harley-Davidson Style,other,3-6 days,1200000,1200K IDR,IDR,True,https://soulmotorcycles.com/
1cc1814b6089a9ca-v8,1cc1814b6089a9ca,Soul Bikes Indonesia,KTM Duke 390,other,3-5 days,1000000,1000K IDR,IDR,True,https://soulmotorcycles.com/
1cc1814b6089a9ca-v9,1cc1814b6089a9ca,Soul Bikes Indonesia,Yamaha NMax ABS,scooter,3-6 days,250000,250k IDR,IDR,True,https://soulmotorcycles.com/
1cc1814b6089a9ca-v10,1cc1814b6089a9ca,Soul Bikes Indonesia,Yamaha XMAX Pink,scooter,3-6 days,400000,400k IDR,IDR,True,https://soulmotorcycles.com/
1cc1814b6089a9ca-v11,1cc1814b6089a9ca,Soul Bikes Indonesia,Honda CBR 250RR ABS Black-Red,other,3-6 days,400000,400k IDR,IDR,True,https://soulmotorcycles.com/
1cc1814b6089a9ca-v12,1cc1814b6089a9ca,Soul Bikes Indonesia,Automatic scooter,scooter,per day,150000,"from 150,000 IDR per day",IDR,True,https://soulmotorcycles.com/motorbike-rental-seminyak
1cc1814b6089a9ca-v13,1cc1814b6089a9ca,Soul Bikes Indonesia,150–250cc motorcycle,motorbike,per day,175000,"from 175,000 IDR per day",IDR,True,https://soulmotorcycles.com/motorbike-rental-seminyak
1cc1814b6089a9ca-v14,1cc1814b6089a9ca,Soul Bikes Indonesia,400–650cc motorcycle,motorbike,per day,650000,"from 650,000 IDR per day",IDR,True,https://soulmotorcycles.com/motorbike-rental-seminyak
1cc1814b6089a9ca-v15,1cc1814b6089a9ca,Soul Bikes Indonesia,900–1000cc sport bike,motorbike,per day,2000000,"from 2,000,000 IDR per day",IDR,True,https://soulmotorcycles.com/motorbike-rental-seminyak
668fc3bf3c2c1a14-v0,668fc3bf3c2c1a14,KKday,"Taiwan Car Rental: Taipei. Taoyuan, Hsinchu, Taichung, Chiayi, Tainan, Kaohsung, Hualien, Taitung",car,per day,,US$ 41.45,USD,True,https://www.kkday.com/en-us/car-rentals-taiwan
668fc3bf3c2c1a14-v1,668fc3bf3c2c1a14,KKday,Carplus Car Rental: Taiwan Car Rental Self-Driving Tour Reservation,car,per day,,US$ 48.74,USD,True,https://www.kkday.com/en-us/car-rentals-taiwan
668fc3bf3c2c1a14-v2,668fc3bf3c2c1a14,KKday,Penghu Car Rental | Changyi Car Rental includes airport & port pick-up and drop-off services,car,per day,,US$ 31.37,USD,True,https://www.kkday.com/en-us/car-rentals-taiwan
668fc3bf3c2c1a14-v3,668fc3bf3c2c1a14,KKday,Penghu car rental | Easy self-driving tour around Penghu (5/7/9-seater) | Penghu Transportation,car,per day,,US$ 28.26,USD,True,https://www.kkday.com/en-us/car-rentals-taiwan
668fc3bf3c2c1a14-v4,668fc3bf3c2c1a14,KKday,Hualien motorcycle rental | Hualien train station pickup | Dingfeng motorcycle rental,motorbike,per day,,US$ 7.85,USD,True,https://www.kkday.com/en-us/car-rentals-taiwan
668fc3bf3c2c1a14-v5,668fc3bf3c2c1a14,KKday,Taiwan Car Rental | Budget Car Rental | Taiwan Car Rental,car,per day,,US$ 52.82,USD,True,https://www.kkday.com/en-us/car-rentals-taiwan
668fc3bf3c2c1a14-v6,668fc3bf3c2c1a14,KKday,ASAP Fuhao Car Rental|Reservation for car rental and self-driving tours throughout Taiwan,car,per day,,US$ 48.99,USD,True,https://www.kkday.com/en-us/car-rentals-taiwan
668fc3bf3c2c1a14-v7,668fc3bf3c2c1a14,KKday,Motorcycle rental in Taichung | Pick up at Taichung Railway Station,motorbike,per day,,US$ 10.99,USD,True,https://www.kkday.com/en-us/car-rentals-taiwan
668fc3bf3c2c1a14-v8,668fc3bf3c2c1a14,KKday,Yilan Motorcycle Rental | Jiaoxi Railway Station Pickup | Grizzly Motorcycle Rental,motorbike,per day,,US$ 10.96,USD,True,https://www.kkday.com/en-us/car-rentals-taiwan
668fc3bf3c2c1a14-v9,668fc3bf3c2c1a14,KKday,Taitung Locomotive Rental | Pick up at Taitung Train Station | Mober Car Rental - Taitung Branch,motorbike,per day,,US$ 8.79,USD,True,https://www.kkday.com/en-us/car-rentals-taiwan
668fc3bf3c2c1a14-v10,668fc3bf3c2c1a14,KKday,Scooter,scooter,per day,,US$ 4.65,USD,True,https://www.kkday.com/en-us/category/id-ubud/bike-rental/list?srsltid=AfmBOoovxEvvXevLcnmPyKw-linMPo41p5gZAf41xIfMZ3GPBUcKuJ2k
b4cc7fa5dd56975e-v0,b4cc7fa5dd56975e,Yoga's Bike Rental,NMAX 155cc Gen 1,scooter,per day,120000,Rp 120.000,IDR,True,https://yogasbikerental.com/
b4cc7fa5dd56975e-v1,b4cc7fa5dd56975e,Yoga's Bike Rental,Honda CB150X,motorbike,per day,180000,Rp 180.000,IDR,True,https://yogasbikerental.com/
b4cc7fa5dd56975e-v2,b4cc7fa5dd56975e,Yoga's Bike Rental,NMAX 155cc Gen 2,scooter,per day,140000,Rp 140.000,IDR,True,https://yogasbikerental.com/
b4cc7fa5dd56975e-v3,b4cc7fa5dd56975e,Yoga's Bike Rental,Fazzio 125cc,scooter,per day,90000,Rp 90.000,IDR,True,https://yogasbikerental.com/
b4cc7fa5dd56975e-v4,b4cc7fa5dd56975e,Yoga's Bike Rental,Nmax 155 Gen 3,scooter,per day,160000,Rp 160.000,IDR,True,https://yogasbikerental.com/
b4cc7fa5dd56975e-v5,b4cc7fa5dd56975e,Yoga's Bike Rental,NMAX 155cc Gen 1,scooter,per day,120000,Rp 120.000,IDR,True,https://yogasbikerental.com/motorcycles/f895f3d2-bd81-4f54-a87a-9b8323f526f3
dd8aabd2433dbab0-v0,dd8aabd2433dbab0,Bali Car Finder,Toyota Agya,car,per day,325000,325.000 IDR,IDR,True,https://www.balicarfinder.com/
dd8aabd2433dbab0-v1,dd8aabd2433dbab0,Bali Car Finder,Toyota Raize,car,per day,400000,400.000 IDR,IDR,True,https://www.balicarfinder.com/
dd8aabd2433dbab0-v2,dd8aabd2433dbab0,Bali Car Finder,Mitsubishi Xpander,car,per day,450000,450.000 IDR,IDR,True,https://www.balicarfinder.com/
dd8aabd2433dbab0-v3,dd8aabd2433dbab0,Bali Car Finder,Honda HR-V,car,per day,700000,700.000 IDR,IDR,True,https://www.balicarfinder.com/
8cd88ca804cacb1f-v0,8cd88ca804cacb1f,CV Bangkoks Bali Wisata,Toyota Avanza 2017-2019,car,per day,350000,Rp. 350k,IDR,True,https://balifaircar.com/
8cd88ca804cacb1f-v1,8cd88ca804cacb1f,CV Bangkoks Bali Wisata,Toyota Avanza 2010-2012,car,per day,300000,Rp. 300k,IDR,True,https://balifaircar.com/
8cd88ca804cacb1f-v2,8cd88ca804cacb1f,CV Bangkoks Bali Wisata,Toyota Agya 1.0 2014-2015,car,per day,350000,Rp. 350k,IDR,True,https://balifaircar.com/
8cd88ca804cacb1f-v3,8cd88ca804cacb1f,CV Bangkoks Bali Wisata,Toyota Agya/Ayla 1.2 2018-2022,car,per day,400000,Rp. 400k,IDR,True,https://balifaircar.com/
8cd88ca804cacb1f-v4,8cd88ca804cacb1f,CV Bangkoks Bali Wisata,Suzuki Ignis 2018-2020,car,per day,400000,Rp. 400k,IDR,True,https://balifaircar.com/
8cd88ca804cacb1f-v5,8cd88ca804cacb1f,CV Bangkoks Bali Wisata,Daihatsu Xenia 2017,car,per day,350000,Rp. 350k,IDR,True,https://balifaircar.com/
8cd88ca804cacb1f-v6,8cd88ca804cacb1f,CV Bangkoks Bali Wisata,Yamaha Nmax,motorbike,per day,125000,Rp. 125k,IDR,True,https://balifaircar.com/
8cd88ca804cacb1f-v7,8cd88ca804cacb1f,CV Bangkoks Bali Wisata,Yamaha Lexi,scooter,per day,90000,Rp. 90k,IDR,True,https://balifaircar.com/
8cd88ca804cacb1f-v8,8cd88ca804cacb1f,CV Bangkoks Bali Wisata,Honda Vario 125,scooter,per day,80000,Rp. 80k,IDR,True,https://balifaircar.com/
8cd88ca804cacb1f-v9,8cd88ca804cacb1f,CV Bangkoks Bali Wisata,Honda Vario 110,scooter,per day,70000,Rp. 70k,IDR,True,https://balifaircar.com/
8cd88ca804cacb1f-v10,8cd88ca804cacb1f,CV Bangkoks Bali Wisata,Honda Scoopy,scooter,per day,70000,Rp. 70k,IDR,True,https://balifaircar.com/
8cd88ca804cacb1f-v11,8cd88ca804cacb1f,CV Bangkoks Bali Wisata,Honda Beat,scooter,per day,70000,Rp. 70k,IDR,True,https://balifaircar.com/
8cd88ca804cacb1f-v12,8cd88ca804cacb1f,CV Bangkoks Bali Wisata,Toyota Avanza 2017-2019,car,1 day,350000,Rp. 350k,IDR,True,https://balifaircar.com
8cd88ca804cacb1f-v13,8cd88ca804cacb1f,CV Bangkoks Bali Wisata,Toyota Avanza 2010-2012,car,1 day,300000,Rp. 300k,IDR,True,https://balifaircar.com
8cd88ca804cacb1f-v14,8cd88ca804cacb1f,CV Bangkoks Bali Wisata,Toyota Agya 1.0,car,1 day,350000,Rp. 350k,IDR,True,https://balifaircar.com
8cd88ca804cacb1f-v15,8cd88ca804cacb1f,CV Bangkoks Bali Wisata,Toyota Agya/ Ayla 1.2,car,1 day,400000,Rp. 400k,IDR,True,https://balifaircar.com
8cd88ca804cacb1f-v16,8cd88ca804cacb1f,CV Bangkoks Bali Wisata,Suzuki Ignis,car,1 day,400000,Rp. 400k,IDR,True,https://balifaircar.com
8cd88ca804cacb1f-v17,8cd88ca804cacb1f,CV Bangkoks Bali Wisata,Daihatsu Xenia,car,1 day,350000,Rp. 350k,IDR,True,https://balifaircar.com
8cd88ca804cacb1f-v18,8cd88ca804cacb1f,CV Bangkoks Bali Wisata,Yamaha Nmax,motorbike,1 day,125000,Rp. 125k,IDR,True,https://balifaircar.com
8cd88ca804cacb1f-v19,8cd88ca804cacb1f,CV Bangkoks Bali Wisata,Yamaha Lexi,scooter,1 day,90000,Rp. 90k,IDR,True,https://balifaircar.com
8cd88ca804cacb1f-v20,8cd88ca804cacb1f,CV Bangkoks Bali Wisata,Honda Vario 125,scooter,1 day,80000,Rp. 80k,IDR,True,https://balifaircar.com
8cd88ca804cacb1f-v21,8cd88ca804cacb1f,CV Bangkoks Bali Wisata,Honda Vario 110,scooter,1 day,70000,Rp. 70k,IDR,True,https://balifaircar.com
8cd88ca804cacb1f-v22,8cd88ca804cacb1f,CV Bangkoks Bali Wisata,Honda Scoopy,scooter,1 day,70000,Rp. 70k,IDR,True,https://balifaircar.com
8cd88ca804cacb1f-v23,8cd88ca804cacb1f,CV Bangkoks Bali Wisata,Honda Beat,scooter,1 day,70000,Rp. 70k,IDR,True,https://balifaircar.com
c82cd364e8e922f3-v0,c82cd364e8e922f3,Bali Touristic,"Small Car (Brio, Ayla)",car,per day,,$17 – $25,USD,True,https://www.balitouristic.com/bali-car-rental-prices/
c82cd364e8e922f3-v1,c82cd364e8e922f3,Bali Touristic,MPV (Toyota Avanza),car,per day,,$25 – $35,USD,True,https://www.balitouristic.com/bali-car-rental-prices/
c82cd364e8e922f3-v2,c82cd364e8e922f3,Bali Touristic,SUV / Innova,car,per day,,$35 – $55,USD,True,https://www.balitouristic.com/bali-car-rental-prices/
c82cd364e8e922f3-v3,c82cd364e8e922f3,Bali Touristic,Minivan (Hiace),car,per day,,$60 – $80,USD,True,https://www.balitouristic.com/bali-car-rental-prices/
c82cd364e8e922f3-v4,c82cd364e8e922f3,Bali Touristic,Toyota Avanza,car,per day,,"IDR 700,000",IDR,True,https://www.balitouristic.com/bali-car-rental-prices/
c82cd364e8e922f3-v5,c82cd364e8e922f3,Bali Touristic,Toyota Innova,car,per day,,"IDR 950,000",IDR,True,https://www.balitouristic.com/bali-car-rental-prices/
c82cd364e8e922f3-v6,c82cd364e8e922f3,Bali Touristic,Toyota Hiace,car,per day,,"IDR 1,400,000+",IDR,True,https://www.balitouristic.com/bali-car-rental-prices/
3173e2fa9e8436d8-v0,3173e2fa9e8436d8,Sewa Mobil Ubud,Toyota Agya / Ayla,car,per day,250000,Rp 250.000,IDR,True,https://www.ubudcenter.com/sewa-mobil-ubud-bali/
3173e2fa9e8436d8-v1,3173e2fa9e8436d8,Sewa Mobil Ubud,Honda Brio Satya,car,per day,300000,Rp 300.000,IDR,True,https://www.ubudcenter.com/sewa-mobil-ubud-bali/
3173e2fa9e8436d8-v2,3173e2fa9e8436d8,Sewa Mobil Ubud,Toyota Avanza,car,per day,300000,Rp 300.000,IDR,True,https://www.ubudcenter.com/sewa-mobil-ubud-bali/
3173e2fa9e8436d8-v3,3173e2fa9e8436d8,Sewa Mobil Ubud,Toyota Innova,car,per day,350000,Rp 350.000,IDR,True,https://www.ubudcenter.com/sewa-mobil-ubud-bali/
3173e2fa9e8436d8-v4,3173e2fa9e8436d8,Sewa Mobil Ubud,Toyota Reborn,car,per day,550000,Rp 550.000,IDR,True,https://www.ubudcenter.com/sewa-mobil-ubud-bali/
3173e2fa9e8436d8-v5,3173e2fa9e8436d8,Sewa Mobil Ubud,Toyota Avanza (with Driver),car,full day 8 hours,500000,Rp 500.000,IDR,True,https://www.ubudcenter.com/sewa-mobil-ubud-bali/
3173e2fa9e8436d8-v6,3173e2fa9e8436d8,Sewa Mobil Ubud,Suzuki APV (with Driver),car,full day 8 hours,500000,Rp 500.000,IDR,True,https://www.ubudcenter.com/sewa-mobil-ubud-bali/
3173e2fa9e8436d8-v7,3173e2fa9e8436d8,Sewa Mobil Ubud,Toyota Innova (with Driver),car,full day 10 hours,600000,Rp 600.000,IDR,True,https://www.ubudcenter.com/sewa-mobil-ubud-bali/
3173e2fa9e8436d8-v8,3173e2fa9e8436d8,Sewa Mobil Ubud,Toyota Reborn (with Driver),car,full day 10 hours,900000,Rp 900.000,IDR,True,https://www.ubudcenter.com/sewa-mobil-ubud-bali/
3173e2fa9e8436d8-v9,3173e2fa9e8436d8,Sewa Mobil Ubud,Toyota Hiace,car,full day 10 hours,1200000,Rp 1.200.000,IDR,True,https://www.ubudcenter.com/sewa-mobil-ubud-bali/
3173e2fa9e8436d8-v10,3173e2fa9e8436d8,Sewa Mobil Ubud,Self Drive Car,car,per day,,From $18 / day,USD,True,https://www.ubudcenter.com/ubud-car-scooter-rental
3173e2fa9e8436d8-v11,3173e2fa9e8436d8,Sewa Mobil Ubud,Scooter,scooter,per day,,From Rp $4/ day,IDR,True,https://www.ubudcenter.com/ubud-car-scooter-rental
3173e2fa9e8436d8-v12,3173e2fa9e8436d8,Sewa Mobil Ubud,Private Driver,van,per day,,From $32 / day,USD,True,https://www.ubudcenter.com/ubud-car-scooter-rental
2f841f225bd5083e-v0,2f841f225bd5083e,Ian's Rent Car,Wuling Air EV,car,per day,,Contact for pricing,IDR,True,https://iansrentcar.com/wisata-ke-ubud-bali/
2f841f225bd5083e-v1,2f841f225bd5083e,Ian's Rent Car,Blind Van,van,per day,,Contact for pricing,IDR,True,https://iansrentcar.com/wisata-ke-ubud-bali/
5303381f95d834b7-v0,5303381f95d834b7,Adventures Bike Rental Bali,Yamaha Fazzio,motorbike,per day,125000,"Rp.125.000,-",IDR,False,https://www.balimotorent.com/
5303381f95d834b7-v1,5303381f95d834b7,Adventures Bike Rental Bali,TVS Callisto,motorbike,per day,125000,"Rp.125.000,-",IDR,False,https://www.balimotorent.com/
5303381f95d834b7-v2,5303381f95d834b7,Adventures Bike Rental Bali,Honda Scoopy,motorbike,per day,125000,"Rp.125.000,-",IDR,False,https://www.balimotorent.com/
5303381f95d834b7-v3,5303381f95d834b7,Adventures Bike Rental Bali,New Vario 125 CBS,motorbike,per day,125000,"Rp.125.000,-",IDR,False,https://www.balimotorent.com/
5303381f95d834b7-v4,5303381f95d834b7,Adventures Bike Rental Bali,Honda ADV 160,motorbike,per day,175000,"Rp.175.000,-",IDR,False,https://www.balimotorent.com/
5303381f95d834b7-v5,5303381f95d834b7,Adventures Bike Rental Bali,Honda PCX 160,motorbike,per day,175000,"Rp.175.000,-",IDR,False,https://www.balimotorent.com/
5303381f95d834b7-v6,5303381f95d834b7,Adventures Bike Rental Bali,Yamaha Nmax,motorbike,per day,175000,"Rp.175.000,-",IDR,False,https://www.balimotorent.com/
5303381f95d834b7-v7,5303381f95d834b7,Adventures Bike Rental Bali,Yamaha XMAX 250,motorbike,per day,300000,"Rp.300.000,-",IDR,False,https://www.balimotorent.com/
5303381f95d834b7-v8,5303381f95d834b7,Adventures Bike Rental Bali,Yamaha XSR 155,motorbike,per day,350000,"Rp.350.000,-",IDR,False,https://www.balimotorent.com/
5303381f95d834b7-v9,5303381f95d834b7,Adventures Bike Rental Bali,Vespa Sprint,motorbike,per day,250000,"Rp.250.000,-",IDR,False,https://www.balimotorent.com/
5303381f95d834b7-v10,5303381f95d834b7,Adventures Bike Rental Bali,Honda CRF 150L,motorbike,per day,250000,"Rp.250.000,-",IDR,False,https://www.balimotorent.com/
5303381f95d834b7-v11,5303381f95d834b7,Adventures Bike Rental Bali,Kawasaki KLX 150,motorbike,per day,250000,"Rp.250.000,-",IDR,False,https://www.balimotorent.com/
5303381f95d834b7-v12,5303381f95d834b7,Adventures Bike Rental Bali,Kawasaki W175,motorbike,per day,275000,"Rp.275.000,-",IDR,False,https://www.balimotorent.com/
5303381f95d834b7-v13,5303381f95d834b7,Adventures Bike Rental Bali,Yamaha WR 155R,motorbike,per day,300000,"Rp.300.000,-",IDR,False,https://www.balimotorent.com/
5303381f95d834b7-v14,5303381f95d834b7,Adventures Bike Rental Bali,Honda CB 150 X,motorbike,per day,300000,"Rp.300.000,-",IDR,False,https://www.balimotorent.com/
5303381f95d834b7-v15,5303381f95d834b7,Adventures Bike Rental Bali,Kawasaki KLX 250 SM,motorbike,per day,350000,"Rp.350.000,-",IDR,False,https://www.balimotorent.com/
5303381f95d834b7-v16,5303381f95d834b7,Adventures Bike Rental Bali,Suzuki V-Strom 250,motorbike,per day,500000,"Rp.500.000,-",IDR,False,https://www.balimotorent.com/
5303381f95d834b7-v17,5303381f95d834b7,Adventures Bike Rental Bali,Yamaha Xmax Connected,motorbike,per day,400000,"Rp.400.000,-",IDR,False,https://www.balimotorent.com/
5303381f95d834b7-v18,5303381f95d834b7,Adventures Bike Rental Bali,Aprilia SR-GT Sport 200,motorbike,per day,400000,"Rp.400.000,-",IDR,False,https://www.balimotorent.com/
5303381f95d834b7-v19,5303381f95d834b7,Adventures Bike Rental Bali,Yamaha MT-25,motorbike,per day,400000,"Rp.400.000,-",IDR,False,https://www.balimotorent.com/
5303381f95d834b7-v20,5303381f95d834b7,Adventures Bike Rental Bali,Kawasaki Versys X 250,motorbike,per day,400000,"Rp.400.000,-",IDR,False,https://www.balimotorent.com/
5303381f95d834b7-v21,5303381f95d834b7,Adventures Bike Rental Bali,KTM RC 250,motorbike,per day,400000,"Rp.400.000,-",IDR,False,https://www.balimotorent.com/
5303381f95d834b7-v22,5303381f95d834b7,Adventures Bike Rental Bali,Yamaha YZF R25,motorbike,per day,450000,"Rp.450.000,-",IDR,False,https://www.balimotorent.com/
5303381f95d834b7-v23,5303381f95d834b7,Adventures Bike Rental Bali,Honda CBR 250R,motorbike,per day,450000,"Rp.450.000,-",IDR,False,https://www.balimotorent.com/
5303381f95d834b7-v24,5303381f95d834b7,Adventures Bike Rental Bali,Kawasaki Ninja 250,motorbike,per day,450000,"Rp.450.000,-",IDR,False,https://www.balimotorent.com/
5303381f95d834b7-v25,5303381f95d834b7,Adventures Bike Rental Bali,Royal Enfield Hunter 350,motorbike,per day,1000000,"Rp.1.000.000,-",IDR,False,https://www.balimotorent.com/
5303381f95d834b7-v26,5303381f95d834b7,Adventures Bike Rental Bali,KTM Duke 250,motorbike,per day,500000,"Rp.500.000,-",IDR,False,https://www.balimotorent.com/
5303381f95d834b7-v27,5303381f95d834b7,Adventures Bike Rental Bali,Honda CRF 250,motorbike,per day,600000,"Rp.600.000,-",IDR,False,https://www.balimotorent.com/
5303381f95d834b7-v28,5303381f95d834b7,Adventures Bike Rental Bali,Kawasaki ER-6N,motorbike,per day,750000,"Rp.750.000,-",IDR,False,https://www.balimotorent.com/
5303381f95d834b7-v29,5303381f95d834b7,Adventures Bike Rental Bali,Kawasaki Ninja ER6F,motorbike,per day,750000,"Rp.750.000,-",IDR,False,https://www.balimotorent.com/
5303381f95d834b7-v30,5303381f95d834b7,Adventures Bike Rental Bali,Kawasaki Ninja ZX-25R,motorbike,per day,900000,"Rp.900.000,-",IDR,False,https://www.balimotorent.com/
5303381f95d834b7-v31,5303381f95d834b7,Adventures Bike Rental Bali,Honda CB500X,motorbike,per day,1500000,"Rp.1.500.000,-",IDR,False,https://www.balimotorent.com/
5303381f95d834b7-v32,5303381f95d834b7,Adventures Bike Rental Bali,Royal Enfield Scram 411,motorbike,per day,1200000,"Rp.1.200.000,-",IDR,False,https://www.balimotorent.com/
5303381f95d834b7-v33,5303381f95d834b7,Adventures Bike Rental Bali,Honda Rebel 500 CC,motorbike,per day,1250000,"Rp.1.250.000,-",IDR,False,https://www.balimotorent.com/
5303381f95d834b7-v34,5303381f95d834b7,Adventures Bike Rental Bali,Harley Davidson Low Rider S (Dyna Superglide),motorbike,per day,2500000,"Rp.2.500.000,-",IDR,False,https://www.balimotorent.com/
5303381f95d834b7-v35,5303381f95d834b7,Adventures Bike Rental Bali,Harley Davidson Sportster Iron 883,motorbike,per day,2500000,"Rp.2.500.000,-",IDR,False,https://www.balimotorent.com/
5303381f95d834b7-v36,5303381f95d834b7,Adventures Bike Rental Bali,Harley Davidson Iron 1200,motorbike,per day,2500000,"Rp.2.500.000,-",IDR,False,https://www.balimotorent.com/
5303381f95d834b7-v37,5303381f95d834b7,Adventures Bike Rental Bali,Harley Davidson Road Glide,motorbike,per day,3500000,"Rp.3.500.000,-",IDR,False,https://www.balimotorent.com/
5303381f95d834b7-v38,5303381f95d834b7,Adventures Bike Rental Bali,Triumph Bonneville T100,motorbike,per day,2500000,"Rp.2.500.000,-",IDR,False,https://www.balimotorent.com/
5303381f95d834b7-v39,5303381f95d834b7,Adventures Bike Rental Bali,Triumph Thruxton 1200R,motorbike,per day,2500000,"Rp.2.500.000,-",IDR,False,https://www.balimotorent.com/
5303381f95d834b7-v40,5303381f95d834b7,Adventures Bike Rental Bali,Harley Davidson Street Glide,motorbike,per day,3500000,"Rp.3.500.000,-",IDR,False,https://www.balimotorent.com/
5303381f95d834b7-v41,5303381f95d834b7,Adventures Bike Rental Bali,Harley Davidson Fat Boy,motorbike,per day,3000000,"Rp.3.000.000,-",IDR,False,https://www.balimotorent.com/
5303381f95d834b7-v42,5303381f95d834b7,Adventures Bike Rental Bali,Triumph Bonneville Bobber,motorbike,per day,3000000,"Rp.3.000.000,-",IDR,False,https://www.balimotorent.com/
5303381f95d834b7-v43,5303381f95d834b7,Adventures Bike Rental Bali,BMW R Nine T Scrambler,motorbike,per day,3000000,"Rp.3.000.000,-",IDR,False,https://www.balimotorent.com/
5303381f95d834b7-v44,5303381f95d834b7,Adventures Bike Rental Bali,Honda XADV 250,motorbike,per day,3500000,"Rp.3.500.000,-",IDR,False,https://www.balimotorent.com/
5303381f95d834b7-v45,5303381f95d834b7,Adventures Bike Rental Bali,Yamaha NMAX NEO,motorbike,per day,200000,"Rp.200.000,-",IDR,False,https://www.balimotorent.com/
5303381f95d834b7-v46,5303381f95d834b7,Adventures Bike Rental Bali,Kawasaki Z1000 (SUGOMI),motorbike,per day,2500000,"Rp.2.500.000,-",IDR,False,https://www.balimotorent.com/
5303381f95d834b7-v47,5303381f95d834b7,Adventures Bike Rental Bali,BMW GS 1200,motorbike,per day,4000000,"Rp.4.000.000,-",IDR,False,https://www.balimotorent.com/
5303381f95d834b7-v48,5303381f95d834b7,Adventures Bike Rental Bali,CF MOTO,motorbike,per day,1500000,"Rp.1.500.000,-",IDR,False,https://www.balimotorent.com/
5303381f95d834b7-v49,5303381f95d834b7,Adventures Bike Rental Bali,Yamaha T-MAX,motorbike,per day,2000000,"Rp.2.000.000,-",IDR,False,https://www.balimotorent.com/
5303381f95d834b7-v50,5303381f95d834b7,Adventures Bike Rental Bali,Toyota Agya,car,per day,250000,"Rp.250.000,-",IDR,False,https://www.balimotorent.com/
5303381f95d834b7-v51,5303381f95d834b7,Adventures Bike Rental Bali,Toyota Calya,car,per day,299000,"Rp.299.000,-",IDR,False,https://www.balimotorent.com/
5303381f95d834b7-v52,5303381f95d834b7,Adventures Bike Rental Bali,Daihatsu Sigra,car,per day,299000,"Rp.299.000,-",IDR,False,https://www.balimotorent.com/
5303381f95d834b7-v53,5303381f95d834b7,Adventures Bike Rental Bali,Honda All New Brio,car,per day,325000,"Rp.325.000,-",IDR,False,https://www.balimotorent.com/
5303381f95d834b7-v54,5303381f95d834b7,Adventures Bike Rental Bali,Honda WRV,car,per day,375000,"Rp.375.000,-",IDR,False,https://www.balimotorent.com/
5303381f95d834b7-v55,5303381f95d834b7,Adventures Bike Rental Bali,Toyota All New Avanza,car,per day,400000,"Rp.400.000,-",IDR,False,https://www.balimotorent.com/
5303381f95d834b7-v56,5303381f95d834b7,Adventures Bike Rental Bali,Daihatsu All New Xenia,car,per day,400000,"Rp.400.000,-",IDR,False,https://www.balimotorent.com/
5303381f95d834b7-v57,5303381f95d834b7,Adventures Bike Rental Bali,Mitsubishi Xpander,car,per day,400000,"Rp.400.000,-",IDR,False,https://www.balimotorent.com/
5303381f95d834b7-v58,5303381f95d834b7,Adventures Bike Rental Bali,Honda BRV,car,per day,425000,"Rp.425.000,-",IDR,False,https://www.balimotorent.com/
5303381f95d834b7-v59,5303381f95d834b7,Adventures Bike Rental Bali,Wuling Air EV,car,per day,450000,"Rp.450.000,-",IDR,False,https://www.balimotorent.com/
5303381f95d834b7-v60,5303381f95d834b7,Adventures Bike Rental Bali,Toyota Innova Reborn,car,per day,550000,"Rp.550.000,-",IDR,False,https://www.balimotorent.com/
5303381f95d834b7-v61,5303381f95d834b7,Adventures Bike Rental Bali,Toyota Innova Zenix,car,per day,700000,"Rp.700.000,-",IDR,False,https://www.balimotorent.com/
5303381f95d834b7-v62,5303381f95d834b7,Adventures Bike Rental Bali,Toyota Hiace,car,12 Hour,1800000,"Rp.1.800.000,-",IDR,False,https://www.balimotorent.com/
d8b1af23f15a6ced-v0,d8b1af23f15a6ced,OnBikes,Yamaha XMAX,motorbike,per day,300000,From: Rp300.000,IDR,True,https://onbikesbali.com/
d8b1af23f15a6ced-v1,d8b1af23f15a6ced,OnBikes,Yamaha NMAX,motorbike,per day,150000,From: Rp150.000,IDR,True,https://onbikesbali.com/
d8b1af23f15a6ced-v2,d8b1af23f15a6ced,OnBikes,Yamaha FILANO,motorbike,per day,130000,From: Rp130.000,IDR,True,https://onbikesbali.com/
d8b1af23f15a6ced-v3,d8b1af23f15a6ced,OnBikes,Honda PCX,motorbike,per day,150000,From: Rp150.000,IDR,True,https://onbikesbali.com/
d8b1af23f15a6ced-v4,d8b1af23f15a6ced,OnBikes,Honda SCOOPY,motorbike,per day,100000,From: Rp100.000,IDR,True,https://onbikesbali.com/
d8b1af23f15a6ced-v5,d8b1af23f15a6ced,OnBikes,Yamaha NMAX NEO,motorbike,per day,175000,From: Rp175.000,IDR,True,https://onbikesbali.com/
d8b1af23f15a6ced-v6,d8b1af23f15a6ced,OnBikes,Yamaha FAZZIO,motorbike,per day,100000,From: Rp100.000,IDR,True,https://onbikesbali.com/
d8b1af23f15a6ced-v7,d8b1af23f15a6ced,OnBikes,Honda Stylo 160,motorbike,per day,130000,From: Rp130.000,IDR,True,https://onbikesbali.com/
d8b1af23f15a6ced-v8,d8b1af23f15a6ced,OnBikes,Yamaha Lexi LX 155,motorbike,per day,130000,From: Rp130.000,IDR,True,https://onbikesbali.com/
d8b1af23f15a6ced-v9,d8b1af23f15a6ced,OnBikes,Honda Vario 125,motorbike,per day,120000,From: Rp120.000,IDR,True,https://onbikesbali.com/
d8b1af23f15a6ced-v10,d8b1af23f15a6ced,OnBikes,Yamaha NMAX NEO,motorbike,per day,175000,From: Rp175.000,IDR,True,https://onbikesbali.com/rent-motorbikes-and-scooters-in-bali-online
d8b1af23f15a6ced-v11,d8b1af23f15a6ced,OnBikes,Yamaha FAZZIO,motorbike,per day,100000,From: Rp100.000,IDR,True,https://onbikesbali.com/rent-motorbikes-and-scooters-in-bali-online
d8b1af23f15a6ced-v12,d8b1af23f15a6ced,OnBikes,Honda Stylo 160,motorbike,per day,130000,From: Rp130.000,IDR,True,https://onbikesbali.com/rent-motorbikes-and-scooters-in-bali-online
d8b1af23f15a6ced-v13,d8b1af23f15a6ced,OnBikes,Yamaha Lexi LX 155,motorbike,per day,130000,From: Rp130.000,IDR,True,https://onbikesbali.com/rent-motorbikes-and-scooters-in-bali-online
d8b1af23f15a6ced-v14,d8b1af23f15a6ced,OnBikes,Honda Vario 125,motorbike,per day,120000,From: Rp120.000,IDR,True,https://onbikesbali.com/rent-motorbikes-and-scooters-in-bali-online
d8b1af23f15a6ced-v15,d8b1af23f15a6ced,OnBikes,Yamaha XMAX,motorbike,per day,300000,From: Rp300.000,IDR,True,https://onbikesbali.com/rent-motorbikes-and-scooters-in-bali-online
d8b1af23f15a6ced-v16,d8b1af23f15a6ced,OnBikes,Yamaha NMAX,motorbike,per day,150000,From: Rp150.000,IDR,True,https://onbikesbali.com/rent-motorbikes-and-scooters-in-bali-online
d8b1af23f15a6ced-v17,d8b1af23f15a6ced,OnBikes,Yamaha FILANO,motorbike,per day,130000,From: Rp130.000,IDR,True,https://onbikesbali.com/rent-motorbikes-and-scooters-in-bali-online
d8b1af23f15a6ced-v18,d8b1af23f15a6ced,OnBikes,Honda PCX,motorbike,per day,150000,From: Rp150.000,IDR,True,https://onbikesbali.com/rent-motorbikes-and-scooters-in-bali-online
d8b1af23f15a6ced-v19,d8b1af23f15a6ced,OnBikes,Honda SCOOPY,motorbike,per day,100000,From: Rp100.000,IDR,True,https://onbikesbali.com/rent-motorbikes-and-scooters-in-bali-online
3a6ee1f4087f75de-v0,3a6ee1f4087f75de,Bike Point Bali,Yamaha NMAX 155cc,scooter,per day,150000,150000 IDR,IDR,True,https://bikepointbali.com/post/what-to-wear-when-riding-a-scooter-in-bali-5-must-have-items
3a6ee1f4087f75de-v1,3a6ee1f4087f75de,Bike Point Bali,Honda PCX 160cc,scooter,per day,175000,175000 IDR,IDR,True,https://bikepointbali.com/post/what-to-wear-when-riding-a-scooter-in-bali-5-must-have-items
3a6ee1f4087f75de-v2,3a6ee1f4087f75de,Bike Point Bali,Honda ADV,scooter,per day,200000,200000 IDR,IDR,True,https://bikepointbali.com/post/what-to-wear-when-riding-a-scooter-in-bali-5-must-have-items
3a6ee1f4087f75de-v3,3a6ee1f4087f75de,Bike Point Bali,Honda Scoopy,scooter,per day,,4,IDR,True,https://bikepointbali.com/
4e8dc83c861a1472-v0,4e8dc83c861a1472,CV. Rental Motor Canggu,Yamaha NMAX 155,scooter,Harian,150000,"150,000",IDR,True,https://rentalmotorcanggu.com/
4e8dc83c861a1472-v1,4e8dc83c861a1472,CV. Rental Motor Canggu,Yamaha NMAX 155,scooter,Mingguan,1000000,"1,000,000",IDR,True,https://rentalmotorcanggu.com/
4e8dc83c861a1472-v2,4e8dc83c861a1472,CV. Rental Motor Canggu,Yamaha NMAX 155,scooter,Bulanan,2000000,"2,000,000",IDR,True,https://rentalmotorcanggu.com/
4e8dc83c861a1472-v3,4e8dc83c861a1472,CV. Rental Motor Canggu,Yamaha XMAX 250,scooter,Harian,275000,"275,000",IDR,True,https://rentalmotorcanggu.com/
4e8dc83c861a1472-v4,4e8dc83c861a1472,CV. Rental Motor Canggu,Yamaha XMAX 250,scooter,Mingguan,1800000,"1,800,000",IDR,True,https://rentalmotorcanggu.com/
4e8dc83c861a1472-v5,4e8dc83c861a1472,CV. Rental Motor Canggu,Yamaha XMAX 250,scooter,Bulanan,3500000,"3,500,000",IDR,True,https://rentalmotorcanggu.com/
4e8dc83c861a1472-v6,4e8dc83c861a1472,CV. Rental Motor Canggu,Yamaha AEROX 155,scooter,Harian,150000,"150,000",IDR,True,https://rentalmotorcanggu.com/
4e8dc83c861a1472-v7,4e8dc83c861a1472,CV. Rental Motor Canggu,Yamaha AEROX 155,scooter,Mingguan,950000,"950,000",IDR,True,https://rentalmotorcanggu.com/
4e8dc83c861a1472-v8,4e8dc83c861a1472,CV. Rental Motor Canggu,Yamaha AEROX 155,scooter,Bulanan,1800000,"1,800,000",IDR,True,https://rentalmotorcanggu.com/
4e8dc83c861a1472-v9,4e8dc83c861a1472,CV. Rental Motor Canggu,Yamaha LEXI 155,scooter,Harian,150000,"150,000",IDR,True,https://rentalmotorcanggu.com/
4e8dc83c861a1472-v10,4e8dc83c861a1472,CV. Rental Motor Canggu,Yamaha LEXI 155,scooter,Mingguan,1000000,"1,000,000",IDR,True,https://rentalmotorcanggu.com/
4e8dc83c861a1472-v11,4e8dc83c861a1472,CV. Rental Motor Canggu,Yamaha LEXI 155,scooter,Bulanan,2000000,"2,000,000",IDR,True,https://rentalmotorcanggu.com/
4e8dc83c861a1472-v12,4e8dc83c861a1472,CV. Rental Motor Canggu,Honda PCX 150,scooter,Harian,150000,"150,000",IDR,True,https://rentalmotorcanggu.com/
4e8dc83c861a1472-v13,4e8dc83c861a1472,CV. Rental Motor Canggu,Honda PCX 150,scooter,Mingguan,1000000,"1,000,000",IDR,True,https://rentalmotorcanggu.com/
4e8dc83c861a1472-v14,4e8dc83c861a1472,CV. Rental Motor Canggu,Honda PCX 150,scooter,Bulanan,2000000,"2,000,000",IDR,True,https://rentalmotorcanggu.com/
4e8dc83c861a1472-v15,4e8dc83c861a1472,CV. Rental Motor Canggu,Honda PCX 160,scooter,Harian,250000,"250,000",IDR,True,https://rentalmotorcanggu.com/
4e8dc83c861a1472-v16,4e8dc83c861a1472,CV. Rental Motor Canggu,Honda PCX 160,scooter,Mingguan,1500000,"1,500,000",IDR,True,https://rentalmotorcanggu.com/
4e8dc83c861a1472-v17,4e8dc83c861a1472,CV. Rental Motor Canggu,Honda PCX 160,scooter,Bulanan,3000000,"3,000,000",IDR,True,https://rentalmotorcanggu.com/
4e8dc83c861a1472-v18,4e8dc83c861a1472,CV. Rental Motor Canggu,Honda ADV 150,scooter,Harian,200000,"200,000",IDR,True,https://rentalmotorcanggu.com/
4e8dc83c861a1472-v19,4e8dc83c861a1472,CV. Rental Motor Canggu,Honda ADV 150,scooter,Mingguan,1200000,"1,200,000",IDR,True,https://rentalmotorcanggu.com/
4e8dc83c861a1472-v20,4e8dc83c861a1472,CV. Rental Motor Canggu,Honda ADV 150,scooter,Bulanan,2200000,"2,200,000",IDR,True,https://rentalmotorcanggu.com/
4e8dc83c861a1472-v21,4e8dc83c861a1472,CV. Rental Motor Canggu,Honda Vario 150/160,scooter,Harian,130000,"130,000",IDR,True,https://rentalmotorcanggu.com/
4e8dc83c861a1472-v22,4e8dc83c861a1472,CV. Rental Motor Canggu,Honda Vario 150/160,scooter,Mingguan,800000,"800,000",IDR,True,https://rentalmotorcanggu.com/
4e8dc83c861a1472-v23,4e8dc83c861a1472,CV. Rental Motor Canggu,Honda Vario 150/160,scooter,Bulanan,1600000,"1,600,000",IDR,True,https://rentalmotorcanggu.com/
cf5395f4ab5ada88-v0,cf5395f4ab5ada88,Canggu Scooter Rental,Yamaha Fazzio,scooter,per day,100000,IDR 100K /DAYS,IDR,True,https://www.cangguscooter.com/rental-motorbike/standar-scooter
cf5395f4ab5ada88-v1,cf5395f4ab5ada88,Canggu Scooter Rental,Honda Vario 125,scooter,per day,80000,IDR 80K /DAYS,IDR,True,https://www.cangguscooter.com/rental-motorbike/standar-scooter
cf5395f4ab5ada88-v2,cf5395f4ab5ada88,Canggu Scooter Rental,Honda Scoopy,scooter,per day,90000,IDR 90K /DAYS,IDR,True,https://www.cangguscooter.com/rental-motorbike/standar-scooter
cf5395f4ab5ada88-v3,cf5395f4ab5ada88,Canggu Scooter Rental,Honda Vario 150,scooter,per day,90000,IDR 90K /DAYS,IDR,True,https://www.cangguscooter.com/rental-motorbike/standar-scooter
cf5395f4ab5ada88-v4,cf5395f4ab5ada88,Canggu Scooter Rental,Honda Vario 110cc,scooter,per day,70000,IDR 70K /DAYS,IDR,True,https://www.cangguscooter.com/rental-motorbike/standar-scooter
cf5395f4ab5ada88-v5,cf5395f4ab5ada88,Canggu Scooter Rental,Honda Scoopy,scooter,per day,100000,100000 IDR,IDR,True,https://www.cangguscooter.com/sewa-motor-bali-pilihan-tempat-sewa-motor-terbaik-di-pulau-bali/
cf5395f4ab5ada88-v6,cf5395f4ab5ada88,Canggu Scooter Rental,Yamaha NMAX,scooter,per day,150000,150000 IDR,IDR,True,https://www.cangguscooter.com/sewa-motor-bali-pilihan-tempat-sewa-motor-terbaik-di-pulau-bali/
cf5395f4ab5ada88-v7,cf5395f4ab5ada88,Canggu Scooter Rental,Suzuki Address,scooter,per day,120000,120000 IDR,IDR,True,https://www.cangguscooter.com/sewa-motor-bali-pilihan-tempat-sewa-motor-terbaik-di-pulau-bali/
736d5eca801e348d-v0,736d5eca801e348d,PRO.RENT.PHUKET,Honda X-ADV 750,motorbike,per day,,"THB 2,400",THB,True,https://linktr.ee/pro.rent.phuket
736d5eca801e348d-v1,736d5eca801e348d,PRO.RENT.PHUKET,Honda CRF 300,motorbike,per day,,"THB 1,200",THB,True,https://linktr.ee/pro.rent.phuket
736d5eca801e348d-v2,736d5eca801e348d,PRO.RENT.PHUKET,Yamaha X-MAX 300,motorbike,per day,,THB 880,THB,True,https://linktr.ee/pro.rent.phuket
736d5eca801e348d-v3,736d5eca801e348d,PRO.RENT.PHUKET,Honda Forza 350,motorbike,per day,,THB 800,THB,True,https://linktr.ee/pro.rent.phuket
736d5eca801e348d-v4,736d5eca801e348d,PRO.RENT.PHUKET,Honda ADV 350,motorbike,per day,,THB 960,THB,True,https://linktr.ee/pro.rent.phuket
736d5eca801e348d-v5,736d5eca801e348d,PRO.RENT.PHUKET,MG5 Gray,car,per day,,"THB 1,100",THB,True,https://linktr.ee/pro.rent.phuket
736d5eca801e348d-v6,736d5eca801e348d,PRO.RENT.PHUKET,MG5 White,car,per day,,"THB 1,100",THB,True,https://linktr.ee/pro.rent.phuket
736d5eca801e348d-v7,736d5eca801e348d,PRO.RENT.PHUKET,MG ZS,car,per day,,"THB 1,400",THB,True,https://linktr.ee/pro.rent.phuket
736d5eca801e348d-v8,736d5eca801e348d,PRO.RENT.PHUKET,Ford Ranger,car,per day,,"THB 2,700",THB,True,https://linktr.ee/pro.rent.phuket
4d1a48bb1cfddcbd-v0,4d1a48bb1cfddcbd,Echo Bali Car Rental,Jimny Katana,car,per day,275000,"IDR 275,000",IDR,True,https://www.echobalicarrental.com/
4d1a48bb1cfddcbd-v1,4d1a48bb1cfddcbd,Echo Bali Car Rental,Toyota Agya,car,per day,325000,"IDR 325,000",IDR,True,https://www.echobalicarrental.com/
4d1a48bb1cfddcbd-v2,4d1a48bb1cfddcbd,Echo Bali Car Rental,Honda Brio,car,per day,350000,"IDR 350,000",IDR,True,https://www.echobalicarrental.com/
4d1a48bb1cfddcbd-v3,4d1a48bb1cfddcbd,Echo Bali Car Rental,Toyota Avanza,car,per day,350000,"IDR 350,000",IDR,True,https://www.echobalicarrental.com/
4d1a48bb1cfddcbd-v4,4d1a48bb1cfddcbd,Echo Bali Car Rental,Toyota Raize,car,per day,400000,"IDR 400,000",IDR,True,https://www.echobalicarrental.com/
4d1a48bb1cfddcbd-v5,4d1a48bb1cfddcbd,Echo Bali Car Rental,New Avanza,car,per day,400000,"IDR 400,000",IDR,True,https://www.echobalicarrental.com/
4d1a48bb1cfddcbd-v6,4d1a48bb1cfddcbd,Echo Bali Car Rental,Mitsubishi Xpander,car,per day,400000,"IDR 400,000",IDR,True,https://www.echobalicarrental.com/
4d1a48bb1cfddcbd-v7,4d1a48bb1cfddcbd,Echo Bali Car Rental,Honda HRV,car,per day,550000,"IDR 550,000",IDR,True,https://www.echobalicarrental.com/
4d1a48bb1cfddcbd-v8,4d1a48bb1cfddcbd,Echo Bali Car Rental,Suzuki Fronx,car,per day,550000,"IDR 550,000",IDR,True,https://www.echobalicarrental.com/
4d1a48bb1cfddcbd-v9,4d1a48bb1cfddcbd,Echo Bali Car Rental,Innova Reborn,car,per day,500000,"IDR 500,000",IDR,True,https://www.echobalicarrental.com/
4d1a48bb1cfddcbd-v10,4d1a48bb1cfddcbd,Echo Bali Car Rental,New Honda HRV,car,per day,650000,"IDR 650,000",IDR,True,https://www.echobalicarrental.com/
4d1a48bb1cfddcbd-v11,4d1a48bb1cfddcbd,Echo Bali Car Rental,Toyota Fortuner,car,per day,1200000,"IDR 1,200,000",IDR,True,https://www.echobalicarrental.com/
4d1a48bb1cfddcbd-v12,4d1a48bb1cfddcbd,Echo Bali Car Rental,Isuzu ELF,car,per day,900000,"IDR 900,000",IDR,True,https://www.echobalicarrental.com/
4d1a48bb1cfddcbd-v13,4d1a48bb1cfddcbd,Echo Bali Car Rental,Toyota Hiace,car,per day,1500000,"IDR 1,500,000",IDR,True,https://www.echobalicarrental.com/
4d1a48bb1cfddcbd-v14,4d1a48bb1cfddcbd,Echo Bali Car Rental,Toyota Alphard,car,per day,2500000,"IDR 2,500,000",IDR,True,https://www.echobalicarrental.com/
4d1a48bb1cfddcbd-v15,4d1a48bb1cfddcbd,Echo Bali Car Rental,Honda Scoopy,scooter,per day,100000,"IDR 100,000",IDR,True,https://www.echobalicarrental.com/
4d1a48bb1cfddcbd-v16,4d1a48bb1cfddcbd,Echo Bali Car Rental,Yamaha Fazzio,scooter,per day,100000,"IDR 100,000",IDR,True,https://www.echobalicarrental.com/
4d1a48bb1cfddcbd-v17,4d1a48bb1cfddcbd,Echo Bali Car Rental,Yamaha Nmax,scooter,per day,150000,"IDR 150,000",IDR,True,https://www.echobalicarrental.com/
4d1a48bb1cfddcbd-v18,4d1a48bb1cfddcbd,Echo Bali Car Rental,Yamaha Xmax,scooter,per day,200000,"IDR 200,000",IDR,True,https://www.echobalicarrental.com/
4d1a48bb1cfddcbd-v19,4d1a48bb1cfddcbd,Echo Bali Car Rental,Toyota Avanza,car,per day,,USD 28.00,USD,False,https://www.echobalicarrental.com/bali-vehicle-info.html
4d1a48bb1cfddcbd-v20,4d1a48bb1cfddcbd,Echo Bali Car Rental,Jimny Katana,car,per day,,USD 18.00,USD,False,https://www.echobalicarrental.com/bali-vehicle-info.html
4d1a48bb1cfddcbd-v21,4d1a48bb1cfddcbd,Echo Bali Car Rental,Suzuki Karimun,car,per day,,USD 20.00,USD,False,https://www.echobalicarrental.com/bali-vehicle-info.html
4d1a48bb1cfddcbd-v22,4d1a48bb1cfddcbd,Echo Bali Car Rental,Suzuki APV,car,per day,,USD 25.00,USD,False,https://www.echobalicarrental.com/bali-vehicle-info.html
4d1a48bb1cfddcbd-v23,4d1a48bb1cfddcbd,Echo Bali Car Rental,Toyota Agya,car,per day,,USD 20.00,USD,False,https://www.echobalicarrental.com/bali-vehicle-info.html
4d1a48bb1cfddcbd-v24,4d1a48bb1cfddcbd,Echo Bali Car Rental,Innova Reborn,car,per day,,USD 48.00,USD,False,https://www.echobalicarrental.com/bali-vehicle-info.html
4d1a48bb1cfddcbd-v25,4d1a48bb1cfddcbd,Echo Bali Car Rental,Toyota Innova,car,per day,,USD 35.00,USD,False,https://www.echobalicarrental.com/bali-vehicle-info.html
4d1a48bb1cfddcbd-v26,4d1a48bb1cfddcbd,Echo Bali Car Rental,Kia Pregio,car,per day,,USD 70.00,USD,False,https://www.echobalicarrental.com/bali-vehicle-info.html
4d1a48bb1cfddcbd-v27,4d1a48bb1cfddcbd,Echo Bali Car Rental,Toyota Fortuner,car,per day,,USD 85.00,USD,False,https://www.echobalicarrental.com/bali-vehicle-info.html
4d1a48bb1cfddcbd-v28,4d1a48bb1cfddcbd,Echo Bali Car Rental,Isuzu ELF,car,per day,,USD 80.00,USD,False,https://www.echobalicarrental.com/bali-vehicle-info.html
4d1a48bb1cfddcbd-v29,4d1a48bb1cfddcbd,Echo Bali Car Rental,Toyota Alphard,car,per day,,USD 200.00,USD,False,https://www.echobalicarrental.com/bali-vehicle-info.html
4d1a48bb1cfddcbd-v30,4d1a48bb1cfddcbd,Echo Bali Car Rental,Toyota Hiace,car,per day,,USD 120.00,USD,False,https://www.echobalicarrental.com/bali-vehicle-info.html
4d1a48bb1cfddcbd-v31,4d1a48bb1cfddcbd,Echo Bali Car Rental,Honda HRV,car,per day,,USD 46.00,USD,False,https://www.echobalicarrental.com/bali-vehicle-info.html
4d1a48bb1cfddcbd-v32,4d1a48bb1cfddcbd,Echo Bali Car Rental,Gili Ocean Boat,other,One Way,450000,IDR 450.000,IDR,True,https://www.echobalicarrental.com/bali-vehicle-info.html
4d1a48bb1cfddcbd-v33,4d1a48bb1cfddcbd,Echo Bali Car Rental,Gili Ocean Boat,other,Return,800000,IDR 800.000,IDR,True,https://www.echobalicarrental.com/bali-vehicle-info.html
c3097dc42e44d36c-v0,c3097dc42e44d36c,Wahdah,Wuling BinguoEv 32kWh (A),car,per day,390000,"IDR 390,000",IDR,True,https://www.wahdah.id/cars/bali
c3097dc42e44d36c-v1,c3097dc42e44d36c,Wahdah,Mini Cooper Convertible 1.5 (A),car,per day,390000,"IDR 390,000",IDR,True,https://www.wahdah.id/cars/bali
c3097dc42e44d36c-v2,c3097dc42e44d36c,Wahdah,Daihatsu Ayla 1.2 (A),car,per day,390000,"IDR 390,000",IDR,True,https://www.wahdah.id/cars/bali
c3097dc42e44d36c-v3,c3097dc42e44d36c,Wahdah,Toyota Agya 1.2 (A),car,per day,390000,"IDR 390,000",IDR,True,https://www.wahdah.id/cars/bali
c3097dc42e44d36c-v4,c3097dc42e44d36c,Wahdah,Honda Accord (10th Gen) 1.5 (A),car,per day,390000,"IDR 390,000",IDR,True,https://www.wahdah.id/cars/bali
c3097dc42e44d36c-v5,c3097dc42e44d36c,Wahdah,Toyota Camry 2.0 (A),car,per day,390000,"IDR 390,000",IDR,True,https://www.wahdah.id/cars/bali
c3097dc42e44d36c-v6,c3097dc42e44d36c,Wahdah,Mercedes-Benz C-200 1.6 (A),car,per day,390000,"IDR 390,000",IDR,True,https://www.wahdah.id/cars/bali
c3097dc42e44d36c-v7,c3097dc42e44d36c,Wahdah,Honda City 1.5 (A),car,per day,390000,"IDR 390,000",IDR,True,https://www.wahdah.id/cars/bali
c3097dc42e44d36c-v8,c3097dc42e44d36c,Wahdah,Mitsubishi Xpander 1.5 (A),car,per day,390000,"IDR 390,000",IDR,True,https://www.wahdah.id/cars/bali
c3097dc42e44d36c-v9,c3097dc42e44d36c,Wahdah,Daihatsu Sigra 1.5 (A),car,per day,390000,"IDR 390,000",IDR,True,https://www.wahdah.id/cars/bali
c3097dc42e44d36c-v10,c3097dc42e44d36c,Wahdah,Daihatsu Xenia (3rd Gen) 1.3 (A),car,per day,390000,"IDR 390,000",IDR,True,https://www.wahdah.id/cars/bali
c3097dc42e44d36c-v11,c3097dc42e44d36c,Wahdah,Toyota Veloz (3rd Gen) 1.5 (A),car,per day,390000,"IDR 390,000",IDR,True,https://www.wahdah.id/cars/bali
c3097dc42e44d36c-v12,c3097dc42e44d36c,Wahdah,Toyota Rush 1.5 (A),car,per day,390000,"IDR 390,000",IDR,True,https://www.wahdah.id/cars/bali
c3097dc42e44d36c-v13,c3097dc42e44d36c,Wahdah,Daihatsu Terios 1.3 (A),car,per day,390000,"IDR 390,000",IDR,True,https://www.wahdah.id/cars/bali
c3097dc42e44d36c-v14,c3097dc42e44d36c,Wahdah,Toyota Raize 1.2 (A),car,per day,390000,"IDR 390,000",IDR,True,https://www.wahdah.id/cars/bali
c3097dc42e44d36c-v15,c3097dc42e44d36c,Wahdah,Daihatsu Rocky 1.2 (A),car,per day,390000,"IDR 390,000",IDR,True,https://www.wahdah.id/cars/bali
c3097dc42e44d36c-v16,c3097dc42e44d36c,Wahdah,Mini Cooper Convertible 1.5 (A),car,per day,590000,Rp 590.000,IDR,True,https://www.wahdah.id/ms
c3097dc42e44d36c-v17,c3097dc42e44d36c,Wahdah,Toyota Yaris 1.5 (A),car,per day,387000,Rp 387.000,IDR,True,https://www.wahdah.id/ms
c3097dc42e44d36c-v18,c3097dc42e44d36c,Wahdah,Wuling Air EV 17kWh (A),car,per day,590000,Rp 590.000,IDR,True,https://www.wahdah.id/ms
c3097dc42e44d36c-v19,c3097dc42e44d36c,Wahdah,Wuling BinguoEv 32kWh (A),car,per day,490000,Rp 490.000,IDR,True,https://www.wahdah.id/ms
c3097dc42e44d36c-v20,c3097dc42e44d36c,Wahdah,Mercedes-Benz C-200 1.6 (A),car,per day,1080000,Rp 1.080.000,IDR,True,https://www.wahdah.id/ms
c3097dc42e44d36c-v21,c3097dc42e44d36c,Wahdah,Honda City 1.5 (A),car,per day,487000,Rp 487.000,IDR,True,https://www.wahdah.id/ms
c3097dc42e44d36c-v22,c3097dc42e44d36c,Wahdah,Toyota Camry 2.0 (A),car,per day,826000,Rp 826.000,IDR,True,https://www.wahdah.id/ms
c3097dc42e44d36c-v23,c3097dc42e44d36c,Wahdah,Honda Accord (10th Gen) 1.5 (A),car,per day,682000,Rp 682.000,IDR,True,https://www.wahdah.id/ms
c3097dc42e44d36c-v24,c3097dc42e44d36c,Wahdah,Toyota Hiace Commuter 2.8 (M),car,per day,1490000,Rp 1.490.000,IDR,True,https://www.wahdah.id/ms
c3097dc42e44d36c-v25,c3097dc42e44d36c,Wahdah,Toyota Veloz (3rd Gen) 1.5 (A),car,per day,688000,Rp 688.000,IDR,True,https://www.wahdah.id/ms
c3097dc42e44d36c-v26,c3097dc42e44d36c,Wahdah,Hyundai Stargazer 1.5 (A),car,per day,680000,Rp 680.000,IDR,True,https://www.wahdah.id/ms
c3097dc42e44d36c-v27,c3097dc42e44d36c,Wahdah,Toyota Avanza (3rd Gen) 1.5 (A),car,per day,477000,Rp 477.000,IDR,True,https://www.wahdah.id/ms
c3097dc42e44d36c-v28,c3097dc42e44d36c,Wahdah,Daihatsu Terios 1.3 (A),car,per day,500000,Rp 500.000,IDR,True,https://www.wahdah.id/ms
c3097dc42e44d36c-v29,c3097dc42e44d36c,Wahdah,Honda HR-V 1.5 (A),car,per day,660000,Rp 660.000,IDR,True,https://www.wahdah.id/ms
c3097dc42e44d36c-v30,c3097dc42e44d36c,Wahdah,Kia Sonet 1.5 (A),car,per day,580000,Rp 580.000,IDR,True,https://www.wahdah.id/ms
c3097dc42e44d36c-v31,c3097dc42e44d36c,Wahdah,Daihatsu Rocky 1.2 (A),car,per day,530000,Rp 530.000,IDR,True,https://www.wahdah.id/ms
b34001b7ab80c1e8-v0,b34001b7ab80c1e8,Bali Mutia Car Rental,BYD M6 Automatic (Mobil Listrik),car,24 Jam,750000,"IDR 750,000 / 24 Jam",IDR,False,https://www.balimutiarental.com/price-car-rental-bali
b34001b7ab80c1e8-v1,b34001b7ab80c1e8,Bali Mutia Car Rental,BYD Atto 1 EV,car,24 Jam,500000,"IDR 500,000 / 24 Jam",IDR,False,https://www.balimutiarental.com/price-car-rental-bali
b34001b7ab80c1e8-v2,b34001b7ab80c1e8,Bali Mutia Car Rental,Wulling Binguo EV,car,24 Jam,650000,"IDR 650,000 / 24 Jam",IDR,False,https://www.balimutiarental.com/price-car-rental-bali
b34001b7ab80c1e8-v3,b34001b7ab80c1e8,Bali Mutia Car Rental,Wulling Air EV,car,24 Jam,450000,"IDR 450,000 / 24 Jam",IDR,False,https://www.balimutiarental.com/price-car-rental-bali
b34001b7ab80c1e8-v4,b34001b7ab80c1e8,Bali Mutia Car Rental,Wulling Cloud EV,car,24 Jam,700000,"IDR 700,000 / 24 Jam",IDR,False,https://www.balimutiarental.com/price-car-rental-bali
b34001b7ab80c1e8-v5,b34001b7ab80c1e8,Bali Mutia Car Rental,Hyundai Stargazer Automatic,car,24 Jam,400000,"IDR 400,000 / 24 jam",IDR,False,https://www.balimutiarental.com/price-car-rental-bali
b34001b7ab80c1e8-v6,b34001b7ab80c1e8,Bali Mutia Car Rental,Daihatsu Rocky Automatic 1000 cc,car,24 Jam,375000,"IDR 375,000 / 24 Jam",IDR,False,https://www.balimutiarental.com/price-car-rental-bali
b34001b7ab80c1e8-v7,b34001b7ab80c1e8,Bali Mutia Car Rental,Kijang Innova Reborn Automatic 2.000 cc,car,24 Jam,500000,"IDR 500,000 / 24 Jam",IDR,False,https://www.balimutiarental.com/price-car-rental-bali
b34001b7ab80c1e8-v8,b34001b7ab80c1e8,Bali Mutia Car Rental,Kijang Innova Zenix Type G Automatic 2000 cc,car,24 Jam,650000,"IDR 650,000 / 24 Jam",IDR,False,https://www.balimutiarental.com/price-car-rental-bali
b34001b7ab80c1e8-v9,b34001b7ab80c1e8,Bali Mutia Car Rental,Kijang Innova Zenix Type V Automatic,car,24 Jam,850000,"IDR 850,000 / 24 Jam",IDR,False,https://www.balimutiarental.com/price-car-rental-bali
b34001b7ab80c1e8-v10,b34001b7ab80c1e8,Bali Mutia Car Rental,Kijang Innova Zenix Type Q Automatic (Captain Seat),car,24 Jam,1000000,"IDR 1,000,000 / 24 Jam",IDR,False,https://www.balimutiarental.com/price-car-rental-bali
b34001b7ab80c1e8-v11,b34001b7ab80c1e8,Bali Mutia Car Rental,New Agya 2023 up Automatic,car,24 Jam,300000,"IDR 300,000 / 24 Jam",IDR,False,https://www.balimutiarental.com/price-car-rental-bali
b34001b7ab80c1e8-v12,b34001b7ab80c1e8,Bali Mutia Car Rental,Toyota Agya Manual 1200 cc,car,24 Jam,200000,"IDR 200,000 / 24 Jam",IDR,False,https://www.balimutiarental.com/price-car-rental-bali
b34001b7ab80c1e8-v13,b34001b7ab80c1e8,Bali Mutia Car Rental,Toyota Agya Automatic 1.200 cc,car,24 Jam,250000,"IDR 250,000 / 24 Jam",IDR,False,https://www.balimutiarental.com/price-car-rental-bali
b34001b7ab80c1e8-v14,b34001b7ab80c1e8,Bali Mutia Car Rental,Honda Brio Automatic 1.200 cc,car,24 Jam,280000,"IDR 280,000 / 24 Jam",IDR,False,https://www.balimutiarental.com/price-car-rental-bali
b34001b7ab80c1e8-v15,b34001b7ab80c1e8,Bali Mutia Car Rental,New Brio 2023 up Automatic,car,24 Jam,325000,"IDR 325,000 / 24 Jam",IDR,False,https://www.balimutiarental.com/price-car-rental-bali
b34001b7ab80c1e8-v16,b34001b7ab80c1e8,Bali Mutia Car Rental,Toyota Avanza Automatic 1.300/1.500 cc 2021 UP,car,24 Jam,350000,"IDR 350,000 / 24 Jam",IDR,False,https://www.balimutiarental.com/price-car-rental-bali
b34001b7ab80c1e8-v17,b34001b7ab80c1e8,Bali Mutia Car Rental,Mitsubishi Xpander Automatic 1.500 cc,car,24 Jam,375000,"IDR 375,000 / 24 Jam",IDR,False,https://www.balimutiarental.com/price-car-rental-bali
b34001b7ab80c1e8-v18,b34001b7ab80c1e8,Bali Mutia Car Rental,Suzuki Ertiga Automatic,car,24 Jam,375000,"IDR 375,000 / 24 Jam",IDR,False,https://www.balimutiarental.com/price-car-rental-bali
b34001b7ab80c1e8-v19,b34001b7ab80c1e8,Bali Mutia Car Rental,Toyota Grand Avanza Automatic 1300 cc 2016/2017,car,24 Jam,275000,"IDR 275,000 / 24 Jam",IDR,False,https://www.balimutiarental.com/price-car-rental-bali
b34001b7ab80c1e8-v20,b34001b7ab80c1e8,Bali Mutia Car Rental,Toyota Grand Avanza Manual 1.300 cc,car,24 Jam,225000,"IDR 225,000 / 24 Jam",IDR,False,https://www.balimutiarental.com/price-car-rental-bali
b34001b7ab80c1e8-v21,b34001b7ab80c1e8,Bali Mutia Car Rental,Toyota Raize Automatic 1.000 cc,car,24 jam,375000,"IDR 375,000 / 24 jam",IDR,False,https://www.balimutiarental.com/price-car-rental-bali
b34001b7ab80c1e8-v22,b34001b7ab80c1e8,Bali Mutia Car Rental,Daihatsu Ayla Automatic 1000cc,car,24 Jam,250000,IDR 250.000 / 24 Jam,IDR,False,https://www.balimutiarental.com/price-car-rental-bali
b34001b7ab80c1e8-v23,b34001b7ab80c1e8,Bali Mutia Car Rental,Daihatsu Ayla Manual 1000cc,car,24 Jam,180000,"IDR 180,000 / 24 Jam",IDR,False,https://www.balimutiarental.com/price-car-rental-bali
b34001b7ab80c1e8-v24,b34001b7ab80c1e8,Bali Mutia Car Rental,Honda Mobilio Automatic 1.500 cc,car,24 Jam,325000,"IDR 325,000 / 24 Jam",IDR,False,https://www.balimutiarental.com/price-car-rental-bali
b34001b7ab80c1e8-v25,b34001b7ab80c1e8,Bali Mutia Car Rental,Hyunday H1 Automatic,car,24 Jam,600000,"IDR 600,000 / 24 Jam",IDR,False,https://www.balimutiarental.com/price-car-rental-bali
b34001b7ab80c1e8-v26,b34001b7ab80c1e8,Bali Mutia Car Rental,Honda HRV Automatic 1.500 cc,car,24 Jam,450000,"IDR 450,000 / 24 Jam",IDR,False,https://www.balimutiarental.com/price-car-rental-bali
b34001b7ab80c1e8-v27,b34001b7ab80c1e8,Bali Mutia Car Rental,Honda New HRV Automatic 1500 CC,car,24 Jam,650000,"IDR 650,000 / 24 Jam",IDR,False,https://www.balimutiarental.com/price-car-rental-bali
b34001b7ab80c1e8-v28,b34001b7ab80c1e8,Bali Mutia Car Rental,Toyota Rush Automatic 1.500 cc,car,24 Jam,400000,"IDR 400,000 / 24 Jam",IDR,False,https://www.balimutiarental.com/price-car-rental-bali
b34001b7ab80c1e8-v29,b34001b7ab80c1e8,Bali Mutia Car Rental,Daihatsu Terios Automatic,car,24 Jam,375000,"IDR 375,000 / 24 Jam",IDR,False,https://www.balimutiarental.com/price-car-rental-bali
b34001b7ab80c1e8-v30,b34001b7ab80c1e8,Bali Mutia Car Rental,Toyota Fortuner Automatic,car,24 Jam,1000000,"IDR 1,000,000 / 24 Jam",IDR,False,https://www.balimutiarental.com/price-car-rental-bali
b34001b7ab80c1e8-v31,b34001b7ab80c1e8,Bali Mutia Car Rental,Pajero Sport Automatic,car,24 Jam,1000000,"IDR 1,000,000 / 24 Jam",IDR,False,https://www.balimutiarental.com/price-car-rental-bali
b34001b7ab80c1e8-v32,b34001b7ab80c1e8,Bali Mutia Car Rental,Daihatsu Xenia Manual 1.300 cc,car,24 Jam,225000,"IDR 225,000 / 24 Jam",IDR,False,https://www.balimutiarental.com/price-car-rental-bali
b34001b7ab80c1e8-v33,b34001b7ab80c1e8,Bali Mutia Car Rental,Honda Jazz Automatic 1.500 cc,car,24 Jam,350000,"IDR 350,000 / 24 Jam",IDR,False,https://www.balimutiarental.com/price-car-rental-bali
b34001b7ab80c1e8-v34,b34001b7ab80c1e8,Bali Mutia Car Rental,Toyota Hiace Commuter Manual,car,24 Jam,900000,"IDR 900,000 / 24 Jam",IDR,False,https://www.balimutiarental.com/price-car-rental-bali
b34001b7ab80c1e8-v35,b34001b7ab80c1e8,Bali Mutia Car Rental,Toyota Hiace Premio,car,12 Jam,1600000,"IDR 1,600,000 / 12 Jam",IDR,False,https://www.balimutiarental.com/price-car-rental-bali
b34001b7ab80c1e8-v36,b34001b7ab80c1e8,Bali Mutia Car Rental,Toyota Alphard Facelift 2019/2022,car,12 Jam,2500000,"IDR 2,500,000 / 12 Jam",IDR,False,https://www.balimutiarental.com/price-car-rental-bali
b34001b7ab80c1e8-v37,b34001b7ab80c1e8,Bali Mutia Car Rental,Toyota Alphard 2023/2024,car,12 Jam,3500000,"IDR 3,500,000 / 12 Jam",IDR,False,https://www.balimutiarental.com/price-car-rental-bali
b34001b7ab80c1e8-v38,b34001b7ab80c1e8,Bali Mutia Car Rental,Toyota Alphard Transformer 2016/2017,car,12 Jam,2200000,"IDR 2,200,000 / 12 Jam",IDR,False,https://www.balimutiarental.com/price-car-rental-bali
b34001b7ab80c1e8-v39,b34001b7ab80c1e8,Bali Mutia Car Rental,Bus 29 Seat,car,12 Jam,2200000,"IDR 2,200,000 / 12 Jam",IDR,False,https://www.balimutiarental.com/price-car-rental-bali
b34001b7ab80c1e8-v40,b34001b7ab80c1e8,Bali Mutia Car Rental,Bus 35 Seat,car,12 Jam,2500000,"IDR 2,500,000 / 12 Jam",IDR,False,https://www.balimutiarental.com/price-car-rental-bali
b34001b7ab80c1e8-v41,b34001b7ab80c1e8,Bali Mutia Car Rental,Bus 45 Seat,car,12 Jam,3000000,"IDR 3,000,000 / 12 Jam",IDR,False,https://www.balimutiarental.com/price-car-rental-bali
b34001b7ab80c1e8-v42,b34001b7ab80c1e8,Bali Mutia Car Rental,Suzuki Jimny,car,24 Jam,72500,IDR 72.500 / 24 Jam,IDR,False,https://www.balimutiarental.com/price-car-rental-bali
b34001b7ab80c1e8-v43,b34001b7ab80c1e8,Bali Mutia Car Rental,Daihatsu Ayla Manual 1000cc,car,24 jam,180000,Rp 180.000/24 jam,IDR,True,https://www.balimutiarental.com/sewa-mobil-di-canggu/
b34001b7ab80c1e8-v44,b34001b7ab80c1e8,Bali Mutia Car Rental,Daihatsu Ayla Automatic 1000cc,car,24 jam,250000,Rp 250.000/24 jam,IDR,True,https://www.balimutiarental.com/sewa-mobil-di-canggu/
b34001b7ab80c1e8-v45,b34001b7ab80c1e8,Bali Mutia Car Rental,Toyota Agya Manual 1200cc,car,24 jam,200000,Rp 200.000/24 jam,IDR,True,https://www.balimutiarental.com/sewa-mobil-di-canggu/
b34001b7ab80c1e8-v46,b34001b7ab80c1e8,Bali Mutia Car Rental,Toyota Agya Automatic 1200cc,car,24 jam,270000,Rp 270.000/24 jam,IDR,True,https://www.balimutiarental.com/sewa-mobil-di-canggu/
b34001b7ab80c1e8-v47,b34001b7ab80c1e8,Bali Mutia Car Rental,Honda Mobilio Automatic 1500cc,car,24 jam,325000,Rp 325.000/24 jam,IDR,True,https://www.balimutiarental.com/sewa-mobil-di-canggu/
e2d1e85c8171324a-v0,e2d1e85c8171324a,BaliMotion,Honda New PCX ABS,scooter,per day,180000,"Rp 180,000 / day",IDR,True,https://balimotion.pro/en/scooter-rental
e2d1e85c8171324a-v1,e2d1e85c8171324a,BaliMotion,Yamaha All New Nmax 155 '22-24,scooter,per day,120000,"Rp 120,000 / day",IDR,True,https://balimotion.pro/en/scooter-rental
e2d1e85c8171324a-v2,e2d1e85c8171324a,BaliMotion,Yamaha NMax 155 Neo 2026,scooter,per day,150000,"Rp 150,000 / day",IDR,True,https://balimotion.pro/en/scooter-rental
e2d1e85c8171324a-v3,e2d1e85c8171324a,BaliMotion,"Yamaha NMax 155 Turbo Tech, ABS",scooter,per day,180000,"Rp 180,000 / day",IDR,True,https://balimotion.pro/en/scooter-rental
e2d1e85c8171324a-v4,e2d1e85c8171324a,BaliMotion,Yamaha Lexi LX 155,scooter,per day,140000,"Rp 140,000 / day",IDR,True,https://balimotion.pro/en/scooter-rental
e2d1e85c8171324a-v5,e2d1e85c8171324a,BaliMotion,Yamaha Lexi 125,scooter,per day,100000,"Rp 100,000 / day",IDR,True,https://balimotion.pro/en/scooter-rental
e2d1e85c8171324a-v6,e2d1e85c8171324a,BaliMotion,Yamaha Fazzio Neo '2026,scooter,per day,100000,"Rp 100,000 / day",IDR,True,https://balimotion.pro/en/scooter-rental
e2d1e85c8171324a-v7,e2d1e85c8171324a,BaliMotion,Yamaha Fazzio,scooter,per day,80000,"Rp 80,000 / day",IDR,True,https://balimotion.pro/en/scooter-rental
e2d1e85c8171324a-v8,e2d1e85c8171324a,BaliMotion,Honda Vario 125' 2026,scooter,per day,120000,"Rp 120,000 / day",IDR,True,https://balimotion.pro/en/scooter-rental
e2d1e85c8171324a-v9,e2d1e85c8171324a,BaliMotion,Honda Vario 125' Street 2026,scooter,per day,120000,"Rp 120,000 / day",IDR,True,https://balimotion.pro/en/scooter-rental
e2d1e85c8171324a-v10,e2d1e85c8171324a,BaliMotion,Honda Vario 125' 23,scooter,per day,100000,"Rp 100,000 / day",IDR,True,https://balimotion.pro/en/scooter-rental
e2d1e85c8171324a-v11,e2d1e85c8171324a,BaliMotion,Honda Vario 160,scooter,per day,120000,"Rp 120,000 / day",IDR,True,https://balimotion.pro/en/scooter-rental
e2d1e85c8171324a-v12,e2d1e85c8171324a,BaliMotion,Yamaha XMax Connected,scooter,per day,280000,"Rp 280,000 / day",IDR,True,https://balimotion.pro/en/scooter-rental
e2d1e85c8171324a-v13,e2d1e85c8171324a,BaliMotion,Yamaha Aerox 155' 2023,scooter,per day,100000,"Rp 100,000 / day",IDR,True,https://balimotion.pro/en/scooter-rental
e2d1e85c8171324a-v14,e2d1e85c8171324a,BaliMotion,Scooter,scooter,per day,80000,"from 80,000 IDR / day",IDR,True,https://balimotion.pro/
e2d1e85c8171324a-v15,e2d1e85c8171324a,BaliMotion,Car,car,per day,350000,"from 350,000 Rp a day",IDR,True,https://balimotion.pro/
acf6586108bdb029-v0,acf6586108bdb029,Bali Scooter Rentals,Honda Scoopy,scooter,per day,,$4 – $6,USD,True,https://explorebaliguide.com/bali-scooter-rental-price-per-day-2026
acf6586108bdb029-v1,acf6586108bdb029,Bali Scooter Rentals,Honda Vario 125,scooter,per day,,$5 – $8,USD,True,https://explorebaliguide.com/bali-scooter-rental-price-per-day-2026
acf6586108bdb029-v2,acf6586108bdb029,Bali Scooter Rentals,Honda Vario 160,scooter,per day,,$8 – $10,USD,True,https://explorebaliguide.com/bali-scooter-rental-price-per-day-2026
acf6586108bdb029-v3,acf6586108bdb029,Bali Scooter Rentals,Yamaha NMAX 155,scooter,per day,,$10 – $15,USD,True,https://explorebaliguide.com/bali-scooter-rental-price-per-day-2026
acf6586108bdb029-v4,acf6586108bdb029,Bali Scooter Rentals,Honda PCX,scooter,per day,,$12 – $17,USD,True,https://explorebaliguide.com/bali-scooter-rental-price-per-day-2026
acf6586108bdb029-v5,acf6586108bdb029,Bali Scooter Rentals,Dirt Bikes (CRF150 or CB150),scooter,per day,,$20 – $35,USD,True,https://explorebaliguide.com/bali-scooter-rental-price-per-day-2026
acf6586108bdb029-v6,acf6586108bdb029,Bali Scooter Rentals,Honda Scoopy,scooter,per month,,$55 – $75,USD,True,https://explorebaliguide.com/bali-scooter-rental-price-per-day-2026
acf6586108bdb029-v7,acf6586108bdb029,Bali Scooter Rentals,Vario 125,scooter,per month,,$75 – $100,USD,True,https://explorebaliguide.com/bali-scooter-rental-price-per-day-2026
acf6586108bdb029-v8,acf6586108bdb029,Bali Scooter Rentals,NMAX / PCX,scooter,per month,,$100 – $160,USD,True,https://explorebaliguide.com/bali-scooter-rental-price-per-day-2026
a55207b89b8e89c2-v0,a55207b89b8e89c2,BO. Rental Bike,Yamaha XMAX Tech Max 250cc,motorbike,per day,,$ 27.65$ 23.51/  Day,USD,True,https://www.borentalbike.com/
a55207b89b8e89c2-v1,a55207b89b8e89c2,BO. Rental Bike,Honda PCX Roadsync 160cc,motorbike,per day,,$ 10.61$ 9.34/  Day,USD,True,https://www.borentalbike.com/
a55207b89b8e89c2-v2,a55207b89b8e89c2,BO. Rental Bike,Honda ADV 160cc,motorbike,per day,,$ 11.17$ 9.78/  Day,USD,True,https://www.borentalbike.com/
a55207b89b8e89c2-v3,a55207b89b8e89c2,BO. Rental Bike,Yamaha XSR 155cc,motorbike,per day,,$ 12.85$ 11.18/  Day,USD,True,https://www.borentalbike.com/
a55207b89b8e89c2-v4,a55207b89b8e89c2,BO. Rental Bike,Vespa Justin Bieber 150cc,scooter,per day,,$ 16.76  / Day,USD,True,https://www.borentalbike.com/
a55207b89b8e89c2-v5,a55207b89b8e89c2,BO. Rental Bike,Vespa GTS Super Limited 150cc,scooter,per day,,$ 13.97$ 11.17/  Day,USD,True,https://www.borentalbike.com/
a55207b89b8e89c2-v6,a55207b89b8e89c2,BO. Rental Bike,Vespa GTS 150cc,scooter,per day,,$ 12.29$ 10.45/  Day,USD,True,https://www.borentalbike.com/
a55207b89b8e89c2-v7,a55207b89b8e89c2,BO. Rental Bike,Vespa Primavera 150cc,scooter,per day,,$ 11.17$ 10.06/  Day,USD,True,https://www.borentalbike.com/
a55207b89b8e89c2-v8,a55207b89b8e89c2,BO. Rental Bike,Vespa Sprint S 150cc,scooter,per day,,$ 11.17$ 10.06/  Day,USD,True,https://www.borentalbike.com/
a55207b89b8e89c2-v9,a55207b89b8e89c2,BO. Rental Bike,Yamaha NMAX 155cc,motorbike,per day,,$ 9.78$ 9.58/  Day,USD,True,https://www.borentalbike.com/
a55207b89b8e89c2-v10,a55207b89b8e89c2,BO. Rental Bike,Honda Vario 160cc,motorbike,per day,,$ 9.78$ 8.60/  Day,USD,True,https://www.borentalbike.com/
a55207b89b8e89c2-v11,a55207b89b8e89c2,BO. Rental Bike,Yamaha Fazzio 125cc,scooter,per day,,$ 5.59  / Day,USD,True,https://www.borentalbike.com/
a55207b89b8e89c2-v12,a55207b89b8e89c2,BO. Rental Bike,Honda Vario 125cc,scooter,per day,,$ 6.15$ 4.92/  Day,USD,True,https://www.borentalbike.com/
a55207b89b8e89c2-v13,a55207b89b8e89c2,BO. Rental Bike,Honda Scoopy 110cc,scooter,per day,,$ 5.59$ 4.47/  Day,USD,True,https://www.borentalbike.com/
a55207b89b8e89c2-v14,a55207b89b8e89c2,BO. Rental Bike,Yamaha NMAX 155cc,motorbike,per day,,$ 9.78 / Day,USD,True,https://www.borentalbike.com/rent/8
a55207b89b8e89c2-v15,a55207b89b8e89c2,BO. Rental Bike,Yamaha NMAX 155cc,motorbike,per week,,$ 58.66 / Week,USD,True,https://www.borentalbike.com/rent/8
a55207b89b8e89c2-v16,a55207b89b8e89c2,BO. Rental Bike,Yamaha NMAX 155cc,motorbike,per month,,$ 223.69 / Month,USD,True,https://www.borentalbike.com/rent/8
8c2a89aa100834d8-v0,8c2a89aa100834d8,Sewa Motor Bali,Honda Genio 110,scooter,Harian / 24 Jam,80000,Rp 80.000,IDR,True,https://www.sewamotorbali.co.id/
8c2a89aa100834d8-v1,8c2a89aa100834d8,Sewa Motor Bali,Yamaha Gear 125,scooter,Harian / 24 Jam,75000,Rp 75.000,IDR,True,https://www.sewamotorbali.co.id/
8c2a89aa100834d8-v2,8c2a89aa100834d8,Sewa Motor Bali,NEW Honda Scoopy 110,scooter,Harian / 24 Jam,90000,Rp 90.000,IDR,True,https://www.sewamotorbali.co.id/
8c2a89aa100834d8-v3,8c2a89aa100834d8,Sewa Motor Bali,Honda Stylo 160,scooter,Harian / 24 Jam,125000,Rp 125.000,IDR,True,https://www.sewamotorbali.co.id/
8c2a89aa100834d8-v4,8c2a89aa100834d8,Sewa Motor Bali,_New_ Yamaha Fazzio,scooter,Harian / 24 Jam,100000,Rp 100.000,IDR,True,https://www.sewamotorbali.co.id/
8c2a89aa100834d8-v5,8c2a89aa100834d8,Sewa Motor Bali,_New_ Vario 125,scooter,Harian / 24 Jam,85000,Rp 85.000,IDR,True,https://www.sewamotorbali.co.id/
8c2a89aa100834d8-v6,8c2a89aa100834d8,Sewa Motor Bali,Honda Genio 110,motorbike,per day,80000,Rp 80.000,IDR,True,https://www.sewamotorbali.co.id
8c2a89aa100834d8-v7,8c2a89aa100834d8,Sewa Motor Bali,Yamaha Gear 125,motorbike,per day,75000,Rp 75.000,IDR,True,https://www.sewamotorbali.co.id
8c2a89aa100834d8-v8,8c2a89aa100834d8,Sewa Motor Bali,NEW Honda Scoopy 110,motorbike,per day,90000,Rp 90.000,IDR,True,https://www.sewamotorbali.co.id
8c2a89aa100834d8-v9,8c2a89aa100834d8,Sewa Motor Bali,Honda Stylo 160,motorbike,per day,125000,Rp 125.000,IDR,True,https://www.sewamotorbali.co.id
8c2a89aa100834d8-v10,8c2a89aa100834d8,Sewa Motor Bali,New Yamaha Fazzio,motorbike,per day,100000,Rp 100.000,IDR,True,https://www.sewamotorbali.co.id
8c2a89aa100834d8-v11,8c2a89aa100834d8,Sewa Motor Bali,New Vario 125,motorbike,per day,85000,Rp 85.000,IDR,True,https://www.sewamotorbali.co.id
64d13424653bcf41-v0,64d13424653bcf41,Pakegoo,Honda All New Vario 125cc,scooter,per day,85000,Rp. 85.000,IDR,True,https://www.pakegoo.com/bali-bike-rental
64d13424653bcf41-v1,64d13424653bcf41,Pakegoo,Honda All New Vario 125cc,scooter,per week,505000,Rp. 505.000,IDR,False,https://www.pakegoo.com/bali-bike-rental
64d13424653bcf41-v2,64d13424653bcf41,Pakegoo,Honda All New Vario 125cc,scooter,per month,1700000,Rp. 1.700.000,IDR,False,https://www.pakegoo.com/bali-bike-rental
64d13424653bcf41-v3,64d13424653bcf41,Pakegoo,Honda Scoopy,scooter,per day,85000,Rp. 85.000,IDR,True,https://www.pakegoo.com/bali-bike-rental
64d13424653bcf41-v4,64d13424653bcf41,Pakegoo,Honda Scoopy,scooter,per week,505000,Rp. 505.000,IDR,False,https://www.pakegoo.com/bali-bike-rental
64d13424653bcf41-v5,64d13424653bcf41,Pakegoo,Honda Scoopy,scooter,per month,1400000,Rp. 1.400.000,IDR,False,https://www.pakegoo.com/bali-bike-rental
64d13424653bcf41-v6,64d13424653bcf41,Pakegoo,Yamaha Xmax 250cc,motorbike,per day,350000,Rp. 350.000,IDR,True,https://www.pakegoo.com/bali-bike-rental
64d13424653bcf41-v7,64d13424653bcf41,Pakegoo,Yamaha Xmax 250cc,motorbike,per week,1560000,Rp. 1.560.000,IDR,False,https://www.pakegoo.com/bali-bike-rental
64d13424653bcf41-v8,64d13424653bcf41,Pakegoo,Yamaha Xmax 250cc,motorbike,per month,4500000,Rp. 4.500.000,IDR,False,https://www.pakegoo.com/bali-bike-rental
64d13424653bcf41-v9,64d13424653bcf41,Pakegoo,Honda All New Nmax 150cc,motorbike,per day,150000,Rp. 150.000,IDR,True,https://www.pakegoo.com/bali-bike-rental
64d13424653bcf41-v10,64d13424653bcf41,Pakegoo,Honda All New Nmax 150cc,motorbike,per week,892000,Rp. 892.000,IDR,False,https://www.pakegoo.com/bali-bike-rental
64d13424653bcf41-v11,64d13424653bcf41,Pakegoo,Honda All New Nmax 150cc,motorbike,per month,2500000,Rp. 2.500.000,IDR,False,https://www.pakegoo.com/bali-bike-rental
64d13424653bcf41-v12,64d13424653bcf41,Pakegoo,Fazzio 125 2023,scooter,per day,95000,110.00095.000,IDR,True,https://www.pakegoo.com/
64d13424653bcf41-v13,64d13424653bcf41,Pakegoo,Beat All Varian,scooter,per day,70000,85.000 70.000,IDR,True,https://www.pakegoo.com/
64d13424653bcf41-v14,64d13424653bcf41,Pakegoo,Sigra Tipe R Manual,car,per day,230000,250.000 230.000,IDR,False,https://www.pakegoo.com/
64d13424653bcf41-v15,64d13424653bcf41,Pakegoo,Mega Flaminggo,scooter,per day,240000,300.000 240.000,IDR,False,https://www.pakegoo.com/
64d13424653bcf41-v16,64d13424653bcf41,Pakegoo,JBL Charge 4,scooter,per day,240000,300.000 240.000,IDR,False,https://www.pakegoo.com/
64d13424653bcf41-v17,64d13424653bcf41,Pakegoo,Vespa Sprint,scooter,per day,1011000,1.190.000 1.011.000,IDR,False,https://www.pakegoo.com/
6cacdd5091b835d8-v0,6cacdd5091b835d8,Puri Bali Car Rental,Toyota Agya,car,per day,200000,Rp.200.000,IDR,True,https://www.puribalicarrental.com/
6cacdd5091b835d8-v1,6cacdd5091b835d8,Puri Bali Car Rental,Honda Brio,car,per day,250000,Rp.250.000,IDR,True,https://www.puribalicarrental.com/
6cacdd5091b835d8-v2,6cacdd5091b835d8,Puri Bali Car Rental,Toyota Avanza,car,per day,250000,Rp.250.000,IDR,True,https://www.puribalicarrental.com/
6cacdd5091b835d8-v3,6cacdd5091b835d8,Puri Bali Car Rental,Xpander,car,per day,350000,Rp.350.000,IDR,True,https://www.puribalicarrental.com/
6cacdd5091b835d8-v4,6cacdd5091b835d8,Puri Bali Car Rental,Honda Mobilio RS,car,per day,300000,Rp.300.000,IDR,True,https://www.puribalicarrental.com/
6cacdd5091b835d8-v5,6cacdd5091b835d8,Puri Bali Car Rental,Innova Reborn,car,per day,500000,Rp.500.000,IDR,True,https://www.puribalicarrental.com/
6cacdd5091b835d8-v6,6cacdd5091b835d8,Puri Bali Car Rental,Innova Zenix,car,per day,600000,Rp.600.000,IDR,True,https://www.puribalicarrental.com/
6cacdd5091b835d8-v7,6cacdd5091b835d8,Puri Bali Car Rental,Daihatsu Ayla,car,per day,180000,Rp.180.000,IDR,True,https://www.puribalicarrental.com/
6cacdd5091b835d8-v8,6cacdd5091b835d8,Puri Bali Car Rental,Daihatsu Xenia,car,per day,250000,Rp.250.000,IDR,True,https://www.puribalicarrental.com/
6cacdd5091b835d8-v9,6cacdd5091b835d8,Puri Bali Car Rental,Honda BRV,car,per day,400000,Rp.400.000,IDR,True,https://www.puribalicarrental.com/
6cacdd5091b835d8-v10,6cacdd5091b835d8,Puri Bali Car Rental,Toyota Rush,car,per day,350000,Rp.350.000,IDR,True,https://www.puribalicarrental.com/
6cacdd5091b835d8-v11,6cacdd5091b835d8,Puri Bali Car Rental,Suzuki Ignis,car,per day,275000,Rp.275.000,IDR,True,https://www.puribalicarrental.com/
6cacdd5091b835d8-v12,6cacdd5091b835d8,Puri Bali Car Rental,Daihatsu Sigra,car,per day,300000,Rp.300.000,IDR,True,https://www.puribalicarrental.com/
6cacdd5091b835d8-v13,6cacdd5091b835d8,Puri Bali Car Rental,Suzuki Ertiga,car,per day,300000,Rp.300.000,IDR,True,https://www.puribalicarrental.com/
6cacdd5091b835d8-v14,6cacdd5091b835d8,Puri Bali Car Rental,Mitsubishi Xpander Matic,car,per day,350000,Rp 350.000 / 24 Jam,IDR,True,https://www.puribalicarrental.com/view/xpander
6cacdd5091b835d8-v15,6cacdd5091b835d8,Puri Bali Car Rental,Mitsubishi Xpander Manual,car,per day,300000,Rp 300.000 / 24 Jam,IDR,True,https://www.puribalicarrental.com/view/xpander
6cacdd5091b835d8-v16,6cacdd5091b835d8,Puri Bali Car Rental,Mitsubishi Xpander with Driver,car,12 hours,500000,Rp 500.000 / 12 Jam,IDR,True,https://www.puribalicarrental.com/view/xpander
6cacdd5091b835d8-v17,6cacdd5091b835d8,Puri Bali Car Rental,Mitsubishi Xpander with Driver + Fuel,car,12 hours,600000,Rp 600.000 / 12 Jam,IDR,True,https://www.puribalicarrental.com/view/xpander
a76bd1cdef607916-v0,a76bd1cdef607916,Darmawisata Indonesia,Toyota Hiace Premio Luxury,van,per day,,,IDR,False,https://www.darmawisataindonesia.co.id/Agen/NewsDetail/419?title=Sewa-Mobil-Seminyak-Bali-untuk-Mobilitas-Gaya-Hidup-Modern
a76bd1cdef607916-v1,a76bd1cdef607916,Darmawisata Indonesia,Isuzu Elf Long,van,per day,,,IDR,False,https://www.darmawisataindonesia.co.id/Agen/NewsDetail/419?title=Sewa-Mobil-Seminyak-Bali-untuk-Mobilitas-Gaya-Hidup-Modern
a76bd1cdef607916-v2,a76bd1cdef607916,Darmawisata Indonesia,Toyota Alphard GEN 4,car,per day,,,IDR,False,https://www.darmawisataindonesia.co.id/Agen/NewsDetail/419?title=Sewa-Mobil-Seminyak-Bali-untuk-Mobilitas-Gaya-Hidup-Modern
a76bd1cdef607916-v3,a76bd1cdef607916,Darmawisata Indonesia,Toyota Alphard GEN 3,car,per day,,,IDR,False,https://www.darmawisataindonesia.co.id/Agen/NewsDetail/419?title=Sewa-Mobil-Seminyak-Bali-untuk-Mobilitas-Gaya-Hidup-Modern
a76bd1cdef607916-v4,a76bd1cdef607916,Darmawisata Indonesia,Toyota Hiace Premio,van,per day,,,IDR,False,https://www.darmawisataindonesia.co.id/Agen/NewsDetail/419?title=Sewa-Mobil-Seminyak-Bali-untuk-Mobilitas-Gaya-Hidup-Modern
a76bd1cdef607916-v5,a76bd1cdef607916,Darmawisata Indonesia,Toyota Hiace Commuter,van,per day,,,IDR,False,https://www.darmawisataindonesia.co.id/Agen/NewsDetail/419?title=Sewa-Mobil-Seminyak-Bali-untuk-Mobilitas-Gaya-Hidup-Modern
a76bd1cdef607916-v6,a76bd1cdef607916,Darmawisata Indonesia,Toyota Fortuner,car,per day,,,IDR,False,https://www.darmawisataindonesia.co.id/Agen/NewsDetail/419?title=Sewa-Mobil-Seminyak-Bali-untuk-Mobilitas-Gaya-Hidup-Modern
a76bd1cdef607916-v7,a76bd1cdef607916,Darmawisata Indonesia,Toyota Innova Q HYBIRD,car,per day,,,IDR,False,https://www.darmawisataindonesia.co.id/Agen/NewsDetail/419?title=Sewa-Mobil-Seminyak-Bali-untuk-Mobilitas-Gaya-Hidup-Modern
a76bd1cdef607916-v8,a76bd1cdef607916,Darmawisata Indonesia,Toyota Innova Zenix,car,per day,,,IDR,False,https://www.darmawisataindonesia.co.id/Agen/NewsDetail/419?title=Sewa-Mobil-Seminyak-Bali-untuk-Mobilitas-Gaya-Hidup-Modern
a76bd1cdef607916-v9,a76bd1cdef607916,Darmawisata Indonesia,Mitsubishi Pajero Sport,car,per day,,,IDR,False,https://www.darmawisataindonesia.co.id/Agen/NewsDetail/419?title=Sewa-Mobil-Seminyak-Bali-untuk-Mobilitas-Gaya-Hidup-Modern
a76bd1cdef607916-v10,a76bd1cdef607916,Darmawisata Indonesia,Toyota Innova Venturer,car,per day,,,IDR,False,https://www.darmawisataindonesia.co.id/Agen/NewsDetail/419?title=Sewa-Mobil-Seminyak-Bali-untuk-Mobilitas-Gaya-Hidup-Modern
a76bd1cdef607916-v11,a76bd1cdef607916,Darmawisata Indonesia,Toyota Innova Reborn,car,per day,,,IDR,False,https://www.darmawisataindonesia.co.id/Agen/NewsDetail/419?title=Sewa-Mobil-Seminyak-Bali-untuk-Mobilitas-Gaya-Hidup-Modern
a76bd1cdef607916-v12,a76bd1cdef607916,Darmawisata Indonesia,Mitsubishi Xpander,car,per day,,,IDR,False,https://www.darmawisataindonesia.co.id/Agen/NewsDetail/419?title=Sewa-Mobil-Seminyak-Bali-untuk-Mobilitas-Gaya-Hidup-Modern
a76bd1cdef607916-v13,a76bd1cdef607916,Darmawisata Indonesia,Daihatsu Xenia All New,car,per day,,,IDR,False,https://www.darmawisataindonesia.co.id/Agen/NewsDetail/419?title=Sewa-Mobil-Seminyak-Bali-untuk-Mobilitas-Gaya-Hidup-Modern
a76bd1cdef607916-v14,a76bd1cdef607916,Darmawisata Indonesia,Toyota Avanza FWD,car,per day,,,IDR,False,https://www.darmawisataindonesia.co.id/Agen/NewsDetail/419?title=Sewa-Mobil-Seminyak-Bali-untuk-Mobilitas-Gaya-Hidup-Modern
06fdf71cbd96408e-v0,06fdf71cbd96408e,BeG Motorbike Rental,Yamaha Fazzio 125CC,motorbike,per day,90000,90.000 IDR /day,IDR,True,https://www.rentalbikeinbali.com
06fdf71cbd96408e-v1,06fdf71cbd96408e,BeG Motorbike Rental,Yamaha Fazzio 125CC,motorbike,per week,560000,560.000 IDR /weekly,IDR,True,https://www.rentalbikeinbali.com
06fdf71cbd96408e-v2,06fdf71cbd96408e,BeG Motorbike Rental,Yamaha Fazzio 125CC,motorbike,per month,1500000,1.500.000 IDR /monthly,IDR,True,https://www.rentalbikeinbali.com
06fdf71cbd96408e-v3,06fdf71cbd96408e,BeG Motorbike Rental,Honda PCX 160 CBS,motorbike,per day,150000,150.000 IDR / day,IDR,True,https://www.rentalbikeinbali.com
06fdf71cbd96408e-v4,06fdf71cbd96408e,BeG Motorbike Rental,Honda PCX 160 CBS,motorbike,per week,950000,950.000 IDR / weekly,IDR,True,https://www.rentalbikeinbali.com
06fdf71cbd96408e-v5,06fdf71cbd96408e,BeG Motorbike Rental,Honda PCX 160 CBS,motorbike,per month,2300000,2.300.000 IDR / monthly,IDR,True,https://www.rentalbikeinbali.com
06fdf71cbd96408e-v6,06fdf71cbd96408e,BeG Motorbike Rental,Honda Vario 125CC,motorbike,per day,85000,85.000 IDR / day,IDR,True,https://www.rentalbikeinbali.com
06fdf71cbd96408e-v7,06fdf71cbd96408e,BeG Motorbike Rental,Honda Vario 125CC,motorbike,per week,525000,525.000 IDR / weekly,IDR,True,https://www.rentalbikeinbali.com
06fdf71cbd96408e-v8,06fdf71cbd96408e,BeG Motorbike Rental,Honda Vario 125CC,motorbike,per month,1500000,1.500.000 IDR / monthly,IDR,True,https://www.rentalbikeinbali.com
06fdf71cbd96408e-v9,06fdf71cbd96408e,BeG Motorbike Rental,Vespa Sprint ABS,motorbike,2 - 3 days,185000,185.000 IDR / day,IDR,False,https://www.rentalbikeinbali.com
06fdf71cbd96408e-v10,06fdf71cbd96408e,BeG Motorbike Rental,Honda Scoopy 110CC,motorbike,per day,85000,85.000 IDR / day,IDR,True,https://www.rentalbikeinbali.com
06fdf71cbd96408e-v11,06fdf71cbd96408e,BeG Motorbike Rental,Honda Scoopy 110CC,motorbike,per week,525000,525.000 IDR / weekly,IDR,True,https://www.rentalbikeinbali.com
06fdf71cbd96408e-v12,06fdf71cbd96408e,BeG Motorbike Rental,Honda Scoopy 110CC,motorbike,per month,1500000,1.500.000 IDR / monthly,IDR,True,https://www.rentalbikeinbali.com
06fdf71cbd96408e-v13,06fdf71cbd96408e,BeG Motorbike Rental,Yamaha N-max 155,motorbike,per day,150000,150.000 IDR / day,IDR,True,https://www.rentalbikeinbali.com
06fdf71cbd96408e-v14,06fdf71cbd96408e,BeG Motorbike Rental,Yamaha N-max 155,motorbike,per week,950000,950.000 IDR / weekly,IDR,True,https://www.rentalbikeinbali.com
06fdf71cbd96408e-v15,06fdf71cbd96408e,BeG Motorbike Rental,Yamaha N-max 155,motorbike,per month,2300000,2.300.000 IDR / monthly,IDR,True,https://www.rentalbikeinbali.com
06fdf71cbd96408e-v16,06fdf71cbd96408e,BeG Motorbike Rental,Vespa Primavera ABS,motorbike,2 - 3 days,185000,185.000 IDR / day,IDR,False,https://www.rentalbikeinbali.com
06fdf71cbd96408e-v17,06fdf71cbd96408e,BeG Motorbike Rental,Yamaha Free GO 125CC,motorbike,per day,85000,85.000 IDR / day,IDR,True,https://www.rentalbikeinbali.com
06fdf71cbd96408e-v18,06fdf71cbd96408e,BeG Motorbike Rental,Yamaha Free GO 125CC,motorbike,per week,525000,525.000 IDR / weekly,IDR,True,https://www.rentalbikeinbali.com
06fdf71cbd96408e-v19,06fdf71cbd96408e,BeG Motorbike Rental,Yamaha Free GO 125CC,motorbike,per month,1500000,1.500.000 IDR / monthly,IDR,True,https://www.rentalbikeinbali.com
06fdf71cbd96408e-v20,06fdf71cbd96408e,BeG Motorbike Rental,Yamaha Gear 125CC,motorbike,per day,85000,85.000 IDR / Day,IDR,True,https://www.rentalbikeinbali.com
06fdf71cbd96408e-v21,06fdf71cbd96408e,BeG Motorbike Rental,Yamaha Gear 125CC,motorbike,per week,525000,525.000 IDR / Weekly,IDR,True,https://www.rentalbikeinbali.com
06fdf71cbd96408e-v22,06fdf71cbd96408e,BeG Motorbike Rental,Yamaha Gear 125CC,motorbike,per month,1500000,1.500.000 IDR / Monthly,IDR,True,https://www.rentalbikeinbali.com
06fdf71cbd96408e-v23,06fdf71cbd96408e,BeG Motorbike Rental,Honda Genio 110CC,motorbike,per day,75000,75.000 IDR / day,IDR,True,https://www.rentalbikeinbali.com
06fdf71cbd96408e-v24,06fdf71cbd96408e,BeG Motorbike Rental,Honda Genio 110CC,motorbike,per week,490000,490.000 IDR / weekly,IDR,True,https://www.rentalbikeinbali.com
06fdf71cbd96408e-v25,06fdf71cbd96408e,BeG Motorbike Rental,Honda Genio 110CC,motorbike,per month,1400000,1.400.000 IDR / Monthly,IDR,True,https://www.rentalbikeinbali.com
06fdf71cbd96408e-v26,06fdf71cbd96408e,BeG Motorbike Rental,Yamaha Lexi LX 155,motorbike,per day,135000,135.000 IDR / day,IDR,True,https://www.rentalbikeinbali.com
06fdf71cbd96408e-v27,06fdf71cbd96408e,BeG Motorbike Rental,Yamaha Lexi LX 155,motorbike,per week,875000,875.000 IDR / weekly,IDR,True,https://www.rentalbikeinbali.com
06fdf71cbd96408e-v28,06fdf71cbd96408e,BeG Motorbike Rental,Yamaha Lexi LX 155,motorbike,per month,2000000,2.000.000 IDR / monthly,IDR,True,https://www.rentalbikeinbali.com
06fdf71cbd96408e-v29,06fdf71cbd96408e,BeG Motorbike Rental,Honda Scoopy New Gen 2025,motorbike,per day,85000,85.000 IDR / day,IDR,True,https://www.rentalbikeinbali.com
06fdf71cbd96408e-v30,06fdf71cbd96408e,BeG Motorbike Rental,Honda Scoopy New Gen 2025,motorbike,per week,525000,525.000 IDR / weekly,IDR,True,https://www.rentalbikeinbali.com
06fdf71cbd96408e-v31,06fdf71cbd96408e,BeG Motorbike Rental,Honda Scoopy New Gen 2025,motorbike,per month,1500000,1.500.000 IDR / monthly,IDR,True,https://www.rentalbikeinbali.com
06fdf71cbd96408e-v32,06fdf71cbd96408e,BeG Motorbike Rental,Yamaha Gear Ultima 125,motorbike,per day,90000,90.000 IDR /day,IDR,True,https://www.rentalbikeinbali.com
06fdf71cbd96408e-v33,06fdf71cbd96408e,BeG Motorbike Rental,Yamaha Gear Ultima 125,motorbike,per week,560000,560.000 IDR /weekly,IDR,True,https://www.rentalbikeinbali.com
06fdf71cbd96408e-v34,06fdf71cbd96408e,BeG Motorbike Rental,Yamaha Gear Ultima 125,motorbike,per month,1500000,1.500.000 IDR /monthly,IDR,True,https://www.rentalbikeinbali.com
06fdf71cbd96408e-v35,06fdf71cbd96408e,BeG Motorbike Rental,Yamaha Fazzio 125CC,motorbike,per day,90000,90.000 IDR /day,IDR,True,https://www.rentalbikeinbali.com/
06fdf71cbd96408e-v36,06fdf71cbd96408e,BeG Motorbike Rental,Honda PCX 160 CBS,motorbike,per day,150000,150.000 IDR / day,IDR,True,https://www.rentalbikeinbali.com/
06fdf71cbd96408e-v37,06fdf71cbd96408e,BeG Motorbike Rental,Honda Vario 125CC,motorbike,per day,85000,85.000 IDR / day,IDR,True,https://www.rentalbikeinbali.com/
06fdf71cbd96408e-v38,06fdf71cbd96408e,BeG Motorbike Rental,Vespa Sprint ABS,motorbike,per day,185000,185.000 IDR / day,IDR,False,https://www.rentalbikeinbali.com/
06fdf71cbd96408e-v39,06fdf71cbd96408e,BeG Motorbike Rental,Honda Scoopy 110CC,motorbike,per day,85000,85.000 IDR / day,IDR,True,https://www.rentalbikeinbali.com/
06fdf71cbd96408e-v40,06fdf71cbd96408e,BeG Motorbike Rental,Yamaha N-max 155,motorbike,per day,150000,150.000 IDR / day,IDR,True,https://www.rentalbikeinbali.com/
06fdf71cbd96408e-v41,06fdf71cbd96408e,BeG Motorbike Rental,Vespa Primavera ABS,motorbike,per day,185000,185.000 IDR / day,IDR,False,https://www.rentalbikeinbali.com/
06fdf71cbd96408e-v42,06fdf71cbd96408e,BeG Motorbike Rental,Yamaha Free GO 125CC,motorbike,per day,85000,85.000 IDR / day,IDR,True,https://www.rentalbikeinbali.com/
06fdf71cbd96408e-v43,06fdf71cbd96408e,BeG Motorbike Rental,Yamaha Gear 125CC,motorbike,per day,85000,85.000 IDR / day,IDR,True,https://www.rentalbikeinbali.com/
06fdf71cbd96408e-v44,06fdf71cbd96408e,BeG Motorbike Rental,Honda Genio 110CC,motorbike,per day,75000,75.000 IDR / day,IDR,True,https://www.rentalbikeinbali.com/
06fdf71cbd96408e-v45,06fdf71cbd96408e,BeG Motorbike Rental,Yamaha Lexi LX 155,motorbike,per day,135000,135.000 IDR / day,IDR,True,https://www.rentalbikeinbali.com/
06fdf71cbd96408e-v46,06fdf71cbd96408e,BeG Motorbike Rental,Honda Scoopy New Gen 2025,motorbike,per day,85000,85.000 IDR / day,IDR,True,https://www.rentalbikeinbali.com/
06fdf71cbd96408e-v47,06fdf71cbd96408e,BeG Motorbike Rental,Yamaha Gear Ultima 125,motorbike,per day,90000,90.000 IDR /day,IDR,True,https://www.rentalbikeinbali.com/
fd5decffaccb4843-v0,fd5decffaccb4843,Kuta Rental Sewa Mobil di Bali,Honda New Brio,car,per day,250000,IDR. 250.000,IDR,True,https://kutarental.com/
fd5decffaccb4843-v1,fd5decffaccb4843,Kuta Rental Sewa Mobil di Bali,Honda New Brio (Matic),car,per day,300000,IDR. 300.000,IDR,True,https://kutarental.com/
fd5decffaccb4843-v2,fd5decffaccb4843,Kuta Rental Sewa Mobil di Bali,Honda New Brio (+ Supir),car,per day,500000,IDR. 500.000,IDR,True,https://kutarental.com/
fd5decffaccb4843-v3,fd5decffaccb4843,Kuta Rental Sewa Mobil di Bali,Toyota Agya,car,per day,200000,IDR. 200.000,IDR,True,https://kutarental.com/
fd5decffaccb4843-v4,fd5decffaccb4843,Kuta Rental Sewa Mobil di Bali,Toyota Agya (Matic),car,per day,250000,IDR. 250.000,IDR,True,https://kutarental.com/
fd5decffaccb4843-v5,fd5decffaccb4843,Kuta Rental Sewa Mobil di Bali,Toyota Agya (+ Supir),car,per day,500000,IDR. 500.000,IDR,True,https://kutarental.com/
fd5decffaccb4843-v6,fd5decffaccb4843,Kuta Rental Sewa Mobil di Bali,Daihatsu Sirion (Matic),car,per day,275000,IDR. 275.000,IDR,True,https://kutarental.com/
fd5decffaccb4843-v7,fd5decffaccb4843,Kuta Rental Sewa Mobil di Bali,Toyota Raize (Matic),car,per day,350000,IDR. 350.000,IDR,True,https://kutarental.com/
fd5decffaccb4843-v8,fd5decffaccb4843,Kuta Rental Sewa Mobil di Bali,New Daihatsu Xenia,car,per day,325000,IDR. 325.000,IDR,True,https://kutarental.com/
fd5decffaccb4843-v9,fd5decffaccb4843,Kuta Rental Sewa Mobil di Bali,Grand Xenia,car,per day,250000,IDR. 250.000,IDR,True,https://kutarental.com/
fd5decffaccb4843-v10,fd5decffaccb4843,Kuta Rental Sewa Mobil di Bali,Mitsubishi Xpander (Matic),car,per day,350000,IDR. 350.000,IDR,True,https://kutarental.com/
fd5decffaccb4843-v11,fd5decffaccb4843,Kuta Rental Sewa Mobil di Bali,New Innova Zenix (Matic),car,per day,600000,IDR. 600.000,IDR,True,https://kutarental.com/
b10720fb63b24817-v0,b10720fb63b24817,Eka Bali Rental,Nissan March,car,per day,250000,"Rp.250.000,-",IDR,True,https://ekabalirental.com/rental-mobil-matic-di-bali
b10720fb63b24817-v1,b10720fb63b24817,Eka Bali Rental,Toyota Agya,car,per day,250000,"Rp.250.000,-",IDR,True,https://ekabalirental.com/rental-mobil-matic-di-bali
b10720fb63b24817-v2,b10720fb63b24817,Eka Bali Rental,Daihatsu Ayla,car,per day,250000,"Rp.250.000,-",IDR,True,https://ekabalirental.com/rental-mobil-matic-di-bali
b10720fb63b24817-v3,b10720fb63b24817,Eka Bali Rental,Honda Brio,car,per day,275000,"Rp.275.000,-",IDR,True,https://ekabalirental.com/rental-mobil-matic-di-bali
b10720fb63b24817-v4,b10720fb63b24817,Eka Bali Rental,Daihatsu Sirion,car,per day,300000,"Rp.300.000,-",IDR,True,https://ekabalirental.com/rental-mobil-matic-di-bali
b10720fb63b24817-v5,b10720fb63b24817,Eka Bali Rental,Suzuki Ignis,car,per day,300000,"Rp.300.000,-",IDR,True,https://ekabalirental.com/rental-mobil-matic-di-bali
b10720fb63b24817-v6,b10720fb63b24817,Eka Bali Rental,Honda Jazz RS,car,per day,325000,"Rp.325.000,-",IDR,True,https://ekabalirental.com/rental-mobil-matic-di-bali
b10720fb63b24817-v7,b10720fb63b24817,Eka Bali Rental,Suzuki Swift,car,per day,350000,"Rp.350.000,-",IDR,True,https://ekabalirental.com/rental-mobil-matic-di-bali
b10720fb63b24817-v8,b10720fb63b24817,Eka Bali Rental,Toyota All New Yaris,car,per day,350000,"Rp.350.000,-",IDR,True,https://ekabalirental.com/rental-mobil-matic-di-bali
b10720fb63b24817-v9,b10720fb63b24817,Eka Bali Rental,New Honda Jazz,car,per day,375000,"Rp.375.000,-",IDR,True,https://ekabalirental.com/rental-mobil-matic-di-bali
b10720fb63b24817-v10,b10720fb63b24817,Eka Bali Rental,Kijang Inova,car,per day,400000,"Rp.400.000,-",IDR,True,https://ekabalirental.com/rental-mobil-matic-di-bali
b10720fb63b24817-v11,b10720fb63b24817,Eka Bali Rental,Toyota Camry,car,per day,450000,"Rp.450.000,-",IDR,True,https://ekabalirental.com/rental-mobil-matic-di-bali
b10720fb63b24817-v12,b10720fb63b24817,Eka Bali Rental,Innova Reborn,car,per day,500000,"Rp.500.000,-",IDR,True,https://ekabalirental.com/rental-mobil-matic-di-bali
b10720fb63b24817-v13,b10720fb63b24817,Eka Bali Rental,Daihatsu Ayla Matic,car,per day,250000,Rp 250K,IDR,True,https://ekabalirental.com/
b10720fb63b24817-v14,b10720fb63b24817,Eka Bali Rental,Daihatsu Ayla Manual,car,per day,200000,Rp 200K,IDR,False,https://ekabalirental.com/
b10720fb63b24817-v15,b10720fb63b24817,Eka Bali Rental,Toyota Avanza Matic,car,per day,275000,Rp 275K,IDR,True,https://ekabalirental.com/
b10720fb63b24817-v16,b10720fb63b24817,Eka Bali Rental,Toyota Avanza Manual,car,per day,250000,Rp 250K,IDR,False,https://ekabalirental.com/
b10720fb63b24817-v17,b10720fb63b24817,Eka Bali Rental,Suzuki Ertiga Matic,car,per day,275000,Rp 275K,IDR,True,https://ekabalirental.com/
b10720fb63b24817-v18,b10720fb63b24817,Eka Bali Rental,Suzuki Ertiga Manual,car,per day,250000,Rp 250K,IDR,False,https://ekabalirental.com/
b10720fb63b24817-v19,b10720fb63b24817,Eka Bali Rental,Toyota Innova Reborn Matic,car,per day,500000,Rp 500K,IDR,True,https://ekabalirental.com/
b10720fb63b24817-v20,b10720fb63b24817,Eka Bali Rental,Toyota Innova Reborn Manual,car,per day,450000,Rp 450K,IDR,False,https://ekabalirental.com/
b10720fb63b24817-v21,b10720fb63b24817,Eka Bali Rental,Daihatsu Xenia Matic,car,per day,275000,Rp 275K,IDR,True,https://ekabalirental.com/
b10720fb63b24817-v22,b10720fb63b24817,Eka Bali Rental,Daihatsu Xenia Manual,car,per day,250000,Rp 250K,IDR,False,https://ekabalirental.com/
b10720fb63b24817-v23,b10720fb63b24817,Eka Bali Rental,Mitsubishi Xpander Matic,car,per day,375000,Rp 375K,IDR,True,https://ekabalirental.com/
b10720fb63b24817-v24,b10720fb63b24817,Eka Bali Rental,Mitsubishi Xpander Manual,car,per day,350000,Rp 350K,IDR,False,https://ekabalirental.com/
8866407d400250ff-v0,8866407d400250ff,Kuta Car Rental by Artha Sari Trans,Toyota Agya,car,per 24 Hours,225000,IDR. 225K,IDR,False,https://kutacarrental.com/
8866407d400250ff-v1,8866407d400250ff,Kuta Car Rental by Artha Sari Trans,Honda Brio,car,per 24 Hours,250000,IDR. 250K,IDR,False,https://kutacarrental.com/
8866407d400250ff-v2,8866407d400250ff,Kuta Car Rental by Artha Sari Trans,Toyota Raize,car,per 24 Hours,325000,IDR. 325K,IDR,False,https://kutacarrental.com/
8866407d400250ff-v3,8866407d400250ff,Kuta Car Rental by Artha Sari Trans,New Avanza,car,per 24 Hours,350000,IDR. 350K,IDR,False,https://kutacarrental.com/
8866407d400250ff-v4,8866407d400250ff,Kuta Car Rental by Artha Sari Trans,Innova Reborn,car,per 24 Hours,450000,IDR. 450K,IDR,False,https://kutacarrental.com/
8866407d400250ff-v5,8866407d400250ff,Kuta Car Rental by Artha Sari Trans,Innova Zenix,car,per 24 Hours,600000,IDR. 600K,IDR,False,https://kutacarrental.com/
8866407d400250ff-v6,8866407d400250ff,Kuta Car Rental by Artha Sari Trans,Honda HRV,car,per 24 Hours,500000,IDR. 500K,IDR,False,https://kutacarrental.com/
8866407d400250ff-v7,8866407d400250ff,Kuta Car Rental by Artha Sari Trans,Toyota Fortuner,car,per 24 Hours,1100000,IDR. 1100K,IDR,False,https://kutacarrental.com/
8866407d400250ff-v8,8866407d400250ff,Kuta Car Rental by Artha Sari Trans,Toyota Hiace,car,per 12 Hours,1300000,IDR. 1300K,IDR,False,https://kutacarrental.com/
8866407d400250ff-v9,8866407d400250ff,Kuta Car Rental by Artha Sari Trans,Toyota Alphard,car,per 12 Hours,2500000,IDR. 2.500K,IDR,False,https://kutacarrental.com/
8866407d400250ff-v10,8866407d400250ff,Kuta Car Rental by Artha Sari Trans,X-Pander,car,per 24 Hours,350000,IDR. 350K,IDR,False,https://kutacarrental.com/
8866407d400250ff-v11,8866407d400250ff,Kuta Car Rental by Artha Sari Trans,Pajero,car,per 24 Hours,1300000,IDR. 1300K,IDR,False,https://kutacarrental.com/
8866407d400250ff-v12,8866407d400250ff,Kuta Car Rental by Artha Sari Trans,Toyota Agya,car,24 Hours,225000,IDR. 225K,IDR,False,https://kutacarrental.com
8866407d400250ff-v13,8866407d400250ff,Kuta Car Rental by Artha Sari Trans,Honda Brio,car,24 Hours,250000,IDR. 250K,IDR,False,https://kutacarrental.com
8866407d400250ff-v14,8866407d400250ff,Kuta Car Rental by Artha Sari Trans,Toyota Raize,car,24 Hours,325000,IDR. 325K,IDR,False,https://kutacarrental.com
8866407d400250ff-v15,8866407d400250ff,Kuta Car Rental by Artha Sari Trans,New Avanza,car,24 Hours,350000,IDR. 350K,IDR,False,https://kutacarrental.com
8866407d400250ff-v16,8866407d400250ff,Kuta Car Rental by Artha Sari Trans,Innova Reborn,car,24 Hours,450000,IDR. 450K,IDR,False,https://kutacarrental.com
8866407d400250ff-v17,8866407d400250ff,Kuta Car Rental by Artha Sari Trans,Innova Zenix,car,24 Hours,600000,IDR. 600K,IDR,False,https://kutacarrental.com
8866407d400250ff-v18,8866407d400250ff,Kuta Car Rental by Artha Sari Trans,Honda HRV,car,24 Hours,500000,IDR. 500K,IDR,False,https://kutacarrental.com
8866407d400250ff-v19,8866407d400250ff,Kuta Car Rental by Artha Sari Trans,Toyota Fortuner,car,24 Hours,1100000,IDR. 1100K,IDR,False,https://kutacarrental.com
8866407d400250ff-v20,8866407d400250ff,Kuta Car Rental by Artha Sari Trans,Toyota Hiace,car,12 Hours,1300000,IDR. 1300K,IDR,False,https://kutacarrental.com
8866407d400250ff-v21,8866407d400250ff,Kuta Car Rental by Artha Sari Trans,Toyota Alphard,car,12 Hours,2500000,IDR. 2500K,IDR,False,https://kutacarrental.com
8866407d400250ff-v22,8866407d400250ff,Kuta Car Rental by Artha Sari Trans,X-Pander,car,24 Hours,350000,IDR. 350K,IDR,False,https://kutacarrental.com
8866407d400250ff-v23,8866407d400250ff,Kuta Car Rental by Artha Sari Trans,Pajero,car,24 Hours,1300000,IDR. 1300K,IDR,False,https://kutacarrental.com
a020bfb09f691b7f-v0,a020bfb09f691b7f,Global Transport,Daihatsu Xenia,car,12 hours,200000,Rp. 200.000,IDR,False,https://www.globaltransport.co.id/kuta-bali/rental-mobil-kuta-bali/
a020bfb09f691b7f-v1,a020bfb09f691b7f,Global Transport,Daihatsu Xenia,car,24 hours,250000,Rp. 250.000,IDR,False,https://www.globaltransport.co.id/kuta-bali/rental-mobil-kuta-bali/
a020bfb09f691b7f-v2,a020bfb09f691b7f,Global Transport,Daihatsu All New Xenia,car,12 hours,225000,Rp. 225.000,IDR,False,https://www.globaltransport.co.id/kuta-bali/rental-mobil-kuta-bali/
a020bfb09f691b7f-v3,a020bfb09f691b7f,Global Transport,Daihatsu All New Xenia,car,24 hours,275000,Rp. 275.000,IDR,False,https://www.globaltransport.co.id/kuta-bali/rental-mobil-kuta-bali/
a020bfb09f691b7f-v4,a020bfb09f691b7f,Global Transport,Daihatsu GREAT NEW Xenia,car,12 hours,250000,Rp. 250.000,IDR,False,https://www.globaltransport.co.id/kuta-bali/rental-mobil-kuta-bali/
a020bfb09f691b7f-v5,a020bfb09f691b7f,Global Transport,Toyota Avanza,car,12 hours,200000,Rp. 200.000,IDR,False,https://www.globaltransport.co.id/kuta-bali/rental-mobil-kuta-bali/
a020bfb09f691b7f-v6,a020bfb09f691b7f,Global Transport,Toyota Avanza,car,24 hours,250000,Rp. 250.000,IDR,False,https://www.globaltransport.co.id/kuta-bali/rental-mobil-kuta-bali/
a020bfb09f691b7f-v7,a020bfb09f691b7f,Global Transport,Toyota Innova,car,12 hours,400000,Rp. 400.000,IDR,False,https://www.globaltransport.co.id/kuta-bali/rental-mobil-kuta-bali/
a020bfb09f691b7f-v8,a020bfb09f691b7f,Global Transport,Toyota Alphard 2010 – 2011,car,12 hours,1500000,Rp. 1.500.000,IDR,False,https://www.globaltransport.co.id/kuta-bali/rental-mobil-kuta-bali/
a020bfb09f691b7f-v9,a020bfb09f691b7f,Global Transport,Isuzu Elf Short,car,12 hours,700000,Rp. 700.000,IDR,False,https://www.globaltransport.co.id/kuta-bali/rental-mobil-kuta-bali/
a020bfb09f691b7f-v10,a020bfb09f691b7f,Global Transport,Toyota Hiace Commuter,car,12 hours,900000,Rp. 900.000,IDR,False,https://www.globaltransport.co.id/kuta-bali/rental-mobil-kuta-bali/
a020bfb09f691b7f-v11,a020bfb09f691b7f,Global Transport,Medium Bus,car,12 hours,1500000,Rp. 1.500.000,IDR,False,https://www.globaltransport.co.id/kuta-bali/rental-mobil-kuta-bali/
a020bfb09f691b7f-v12,a020bfb09f691b7f,Global Transport,Mitsubishi Espasio,car,12 hours,1100000,Rp. 1.100.000,IDR,False,https://www.globaltransport.co.id/kuta-bali/rental-mobil-kuta-bali/
4624ec24c614afb0-v0,4624ec24c614afb0,Kuta Rental,Kia Picanto,car,24 Jam,180000,"Rp. 180.000,-",IDR,False,https://kutarental.net/sewa-mobil-manual/
4624ec24c614afb0-v1,4624ec24c614afb0,Kuta Rental,Agya,car,24 Jam,200000,"Rp. 200.000,-",IDR,False,https://kutarental.net/sewa-mobil-manual/
4624ec24c614afb0-v2,4624ec24c614afb0,Kuta Rental,Ayla,car,24 Jam,200000,"Rp. 200.000,-",IDR,False,https://kutarental.net/sewa-mobil-manual/
4624ec24c614afb0-v3,4624ec24c614afb0,Kuta Rental,Brio,car,24 Jam,225000,"Rp. 225.000,-",IDR,False,https://kutarental.net/sewa-mobil-manual/
4624ec24c614afb0-v4,4624ec24c614afb0,Kuta Rental,Avanza,car,24 Jam,250000,"Rp. 250.000,-",IDR,False,https://kutarental.net/sewa-mobil-manual/
4624ec24c614afb0-v5,4624ec24c614afb0,Kuta Rental,Xenia,car,24 Jam,250000,"Rp. 250.000,-",IDR,False,https://kutarental.net/sewa-mobil-manual/
4624ec24c614afb0-v6,4624ec24c614afb0,Kuta Rental,Ertiga,car,24 Jam,250000,"Rp. 250.000,-",IDR,False,https://kutarental.net/sewa-mobil-manual/
4624ec24c614afb0-v7,4624ec24c614afb0,Kuta Rental,Innova Reborn,car,24 Jam,450000,"Rp. 450.000,-",IDR,False,https://kutarental.net/sewa-mobil-manual/
d2fbd167e38c120b-v0,d2fbd167e38c120b,Legian Scooters,Standard Scooter,scooter,per day,100000,100k per day,IDR,True,https://legianscooters.com/pricing-legian
d2fbd167e38c120b-v1,d2fbd167e38c120b,Legian Scooters,Premium Scooter,scooter,per day,120000,120k per day,IDR,True,https://legianscooters.com/pricing-legian
d2fbd167e38c120b-v2,d2fbd167e38c120b,Legian Scooters,Standard Scooter,scooter,per day,80000,80k per day,IDR,True,https://legianscooters.com/pricing-legian
d2fbd167e38c120b-v3,d2fbd167e38c120b,Legian Scooters,Premium Scooter,scooter,per day,100000,100k per day,IDR,True,https://legianscooters.com/pricing-legian
d2fbd167e38c120b-v4,d2fbd167e38c120b,Legian Scooters,Standard Scooter,scooter,per day,75000,75k per day,IDR,True,https://legianscooters.com/pricing-legian
d2fbd167e38c120b-v5,d2fbd167e38c120b,Legian Scooters,Premium Scooter,scooter,per day,90000,90k per day,IDR,True,https://legianscooters.com/pricing-legian
e39f2ad5e0fdddc6-v0,e39f2ad5e0fdddc6,Prady Rental,Yamaha New Nmax Neo,motorbike,per day,,,IDR,False,https://pradyrental.lovable.app/
e39f2ad5e0fdddc6-v1,e39f2ad5e0fdddc6,Prady Rental,Yamaha Nmax Gen 1,motorbike,per day,,,IDR,False,https://pradyrental.lovable.app/
e39f2ad5e0fdddc6-v2,e39f2ad5e0fdddc6,Prady Rental,Yamaha Nmax Gen 2,motorbike,per day,,,IDR,False,https://pradyrental.lovable.app/
e39f2ad5e0fdddc6-v3,e39f2ad5e0fdddc6,Prady Rental,Honda PCX 160,motorbike,per day,,,IDR,False,https://pradyrental.lovable.app/
e39f2ad5e0fdddc6-v4,e39f2ad5e0fdddc6,Prady Rental,Yamaha Lexi Gen 1,motorbike,per day,,,IDR,False,https://pradyrental.lovable.app/
e39f2ad5e0fdddc6-v5,e39f2ad5e0fdddc6,Prady Rental,Honda New Vario 125,motorbike,per day,,,IDR,False,https://pradyrental.lovable.app/
e39f2ad5e0fdddc6-v6,e39f2ad5e0fdddc6,Prady Rental,Honda Scoopy Gen 1,motorbike,per day,,,IDR,False,https://pradyrental.lovable.app/
e39f2ad5e0fdddc6-v7,e39f2ad5e0fdddc6,Prady Rental,Honda New Scoopy,motorbike,per day,,,IDR,False,https://pradyrental.lovable.app/
e39f2ad5e0fdddc6-v8,e39f2ad5e0fdddc6,Prady Rental,Vario 125 LED Gen 3,motorbike,per day,,,IDR,False,https://pradyrental.lovable.app/
e39f2ad5e0fdddc6-v9,e39f2ad5e0fdddc6,Prady Rental,Vario 125 Gen 2,motorbike,per day,,,IDR,False,https://pradyrental.lovable.app/
e39f2ad5e0fdddc6-v10,e39f2ad5e0fdddc6,Prady Rental,Vario FI Gen 1,motorbike,per day,,,IDR,False,https://pradyrental.lovable.app/
e39f2ad5e0fdddc6-v11,e39f2ad5e0fdddc6,Prady Rental,Kawasaki KLX,motorbike,per day,,,IDR,False,https://pradyrental.lovable.app/
e39f2ad5e0fdddc6-v12,e39f2ad5e0fdddc6,Prady Rental,Honda Scoopy Gen 2,motorbike,per day,,,IDR,False,https://pradyrental.lovable.app/
e39f2ad5e0fdddc6-v13,e39f2ad5e0fdddc6,Prady Rental,Toyota New Rush,car,per day,,,IDR,False,https://pradyrental.lovable.app/
e39f2ad5e0fdddc6-v14,e39f2ad5e0fdddc6,Prady Rental,Toyota Raize,car,per day,,,IDR,False,https://pradyrental.lovable.app/
e39f2ad5e0fdddc6-v15,e39f2ad5e0fdddc6,Prady Rental,Honda Brio,car,per day,,,IDR,False,https://pradyrental.lovable.app/
e39f2ad5e0fdddc6-v16,e39f2ad5e0fdddc6,Prady Rental,Mitsubishi Xpander,car,per day,,,IDR,False,https://pradyrental.lovable.app/
e39f2ad5e0fdddc6-v17,e39f2ad5e0fdddc6,Prady Rental,Yamaha New Nmax Neo,scooter,per day,,Contact for Rates,IDR,False,https://pradyrental.lovable.app
e39f2ad5e0fdddc6-v18,e39f2ad5e0fdddc6,Prady Rental,Yamaha Nmax Gen 1,scooter,per day,,Contact for Rates,IDR,False,https://pradyrental.lovable.app
e39f2ad5e0fdddc6-v19,e39f2ad5e0fdddc6,Prady Rental,Yamaha Nmax Gen 2,scooter,per day,,Contact for Rates,IDR,False,https://pradyrental.lovable.app
e39f2ad5e0fdddc6-v20,e39f2ad5e0fdddc6,Prady Rental,Honda PCX 160,scooter,per day,,Contact for Rates,IDR,False,https://pradyrental.lovable.app
e39f2ad5e0fdddc6-v21,e39f2ad5e0fdddc6,Prady Rental,Yamaha Lexi Gen 1,scooter,per day,,Contact for Rates,IDR,False,https://pradyrental.lovable.app
e39f2ad5e0fdddc6-v22,e39f2ad5e0fdddc6,Prady Rental,Honda New Vario 125,scooter,per day,,Contact for Rates,IDR,False,https://pradyrental.lovable.app
e39f2ad5e0fdddc6-v23,e39f2ad5e0fdddc6,Prady Rental,Honda New Beat,scooter,per day,,Contact for Rates,IDR,False,https://pradyrental.lovable.app
e39f2ad5e0fdddc6-v24,e39f2ad5e0fdddc6,Prady Rental,Honda New Scoopy,scooter,per day,,Contact for Rates,IDR,False,https://pradyrental.lovable.app
e39f2ad5e0fdddc6-v25,e39f2ad5e0fdddc6,Prady Rental,Honda Scoopy Gen 1,scooter,per day,,Contact for Rates,IDR,False,https://pradyrental.lovable.app
e39f2ad5e0fdddc6-v26,e39f2ad5e0fdddc6,Prady Rental,Honda Vario 110 Fi,scooter,per day,,Contact for Rates,IDR,False,https://pradyrental.lovable.app
e39f2ad5e0fdddc6-v27,e39f2ad5e0fdddc6,Prady Rental,Kawasaki KLX,scooter,per day,,Contact for Rates,IDR,False,https://pradyrental.lovable.app
e39f2ad5e0fdddc6-v28,e39f2ad5e0fdddc6,Prady Rental,Toyota New Rush,car,per day,,Contact for Rates,IDR,False,https://pradyrental.lovable.app
e39f2ad5e0fdddc6-v29,e39f2ad5e0fdddc6,Prady Rental,Toyota Raize,car,per day,,Contact for Rates,IDR,False,https://pradyrental.lovable.app
e39f2ad5e0fdddc6-v30,e39f2ad5e0fdddc6,Prady Rental,Honda Brio,car,per day,,Contact for Rates,IDR,False,https://pradyrental.lovable.app
e39f2ad5e0fdddc6-v31,e39f2ad5e0fdddc6,Prady Rental,Mitsubishi Xpander,car,per day,,Contact for Rates,IDR,False,https://pradyrental.lovable.app
cc8eb5b6d7bea939-v0,cc8eb5b6d7bea939,Easy Rent Bali,Toyota Agya,car,per day,,$20,USD,True,https://www.qeeq.com/car/car-rental-pro/location/bali/beach/legian-beach-1195960
cc8eb5b6d7bea939-v1,cc8eb5b6d7bea939,Easy Rent Bali,Toyota Agya,car,per day,,$21,USD,True,https://www.qeeq.com/car/car-rental-pro/location/bali/beach/legian-beach-1195960
cc8eb5b6d7bea939-v2,cc8eb5b6d7bea939,Easy Rent Bali,Toyota Agya,car,per day,,$25,USD,True,https://www.qeeq.com/car/car-rental-pro/location/bali/beach/legian-beach-1195960
cc8eb5b6d7bea939-v3,cc8eb5b6d7bea939,Easy Rent Bali,Toyota Avanza,van,per day,,$25,USD,True,https://www.qeeq.com/car/car-rental-pro/location/bali/beach/legian-beach-1195960
cc8eb5b6d7bea939-v4,cc8eb5b6d7bea939,Easy Rent Bali,Toyota Avanza,van,per day,,$26,USD,True,https://www.qeeq.com/car/car-rental-pro/location/bali/beach/legian-beach-1195960
cc8eb5b6d7bea939-v5,cc8eb5b6d7bea939,Easy Rent Bali,Toyota Avanza,van,per day,,$30,USD,True,https://www.qeeq.com/car/car-rental-pro/location/bali/beach/legian-beach-1195960
cc8eb5b6d7bea939-v6,cc8eb5b6d7bea939,Easy Rent Bali,Toyota Raize,car,per day,,$26,USD,True,https://www.qeeq.com/car/car-rental-pro/location/bali/beach/legian-beach-1195960
cc8eb5b6d7bea939-v7,cc8eb5b6d7bea939,Easy Rent Bali,Toyota Raize,car,per day,,$29,USD,True,https://www.qeeq.com/car/car-rental-pro/location/bali/beach/legian-beach-1195960
cc8eb5b6d7bea939-v8,cc8eb5b6d7bea939,Easy Rent Bali,Toyota Raize,car,per day,,$33,USD,True,https://www.qeeq.com/car/car-rental-pro/location/bali/beach/legian-beach-1195960
cc8eb5b6d7bea939-v9,cc8eb5b6d7bea939,Easy Rent Bali,Fiat 500 or similar,car,per day,,US$ 40/day,USD,True,https://www.qeeq.com/car-rental-guide/10158/united-states-to-gibraltar
cc8eb5b6d7bea939-v10,cc8eb5b6d7bea939,Easy Rent Bali,Seat Ateca or similar,car,per day,,US$ 56/day,USD,True,https://www.qeeq.com/car-rental-guide/10158/united-states-to-gibraltar
cc8eb5b6d7bea939-v11,cc8eb5b6d7bea939,Easy Rent Bali,Seat Ibiza or similar,car,per day,,US$ 42/day,USD,True,https://www.qeeq.com/car-rental-guide/10158/united-states-to-gibraltar
904c18ad9ee1a968-v0,904c18ad9ee1a968,Santi Bali Rental,Honda Brio,car,24 Jam,275000,Rp 275.000,IDR,True,https://www.santibalirental.com/
904c18ad9ee1a968-v1,904c18ad9ee1a968,Santi Bali Rental,Honda Brio Old,car,24 Jam,250000,Rp 250.000,IDR,True,https://www.santibalirental.com/
904c18ad9ee1a968-v2,904c18ad9ee1a968,Santi Bali Rental,Daihatsu Ayla,car,24 Jam,200000,Rp 200.000,IDR,True,https://www.santibalirental.com/
904c18ad9ee1a968-v3,904c18ad9ee1a968,Santi Bali Rental,Toyota Agya,car,24 Jam,200000,Rp 200.000,IDR,True,https://www.santibalirental.com/
904c18ad9ee1a968-v4,904c18ad9ee1a968,Santi Bali Rental,Daihatsu Ayla,car,24 Jam,250000,Rp 250.000,IDR,True,https://www.santibalirental.com/
904c18ad9ee1a968-v5,904c18ad9ee1a968,Santi Bali Rental,Toyota Agya,car,24 Jam,250000,Rp 250.000,IDR,True,https://www.santibalirental.com/
904c18ad9ee1a968-v6,904c18ad9ee1a968,Santi Bali Rental,Daihatsu Rocky,car,24 Jam,375000,Rp 375.000,IDR,True,https://www.santibalirental.com/
904c18ad9ee1a968-v7,904c18ad9ee1a968,Santi Bali Rental,Toyota Raize,car,24 Jam,375000,Rp 375.000,IDR,True,https://www.santibalirental.com/
904c18ad9ee1a968-v8,904c18ad9ee1a968,Santi Bali Rental,Suzuki S Presso,car,24 Jam,375000,Rp 375.000,IDR,True,https://www.santibalirental.com/
904c18ad9ee1a968-v9,904c18ad9ee1a968,Santi Bali Rental,Toyota Yaris,car,24 Jam,400000,Rp 400.000,IDR,True,https://www.santibalirental.com/
904c18ad9ee1a968-v10,904c18ad9ee1a968,Santi Bali Rental,Honda Jazz,car,24 Jam,375000,Rp 375.000,IDR,True,https://www.santibalirental.com/
904c18ad9ee1a968-v11,904c18ad9ee1a968,Santi Bali Rental,Honda Hrv,car,24 Jam,600000,Rp 600.000,IDR,True,https://www.santibalirental.com/
904c18ad9ee1a968-v12,904c18ad9ee1a968,Santi Bali Rental,Honda Hrv Prestige,car,24 Jam,600000,Rp 600.000,IDR,True,https://www.santibalirental.com/
904c18ad9ee1a968-v13,904c18ad9ee1a968,Santi Bali Rental,Toyota Avanza,car,24 Jam,325000,Rp 325.000,IDR,True,https://www.santibalirental.com/
904c18ad9ee1a968-v14,904c18ad9ee1a968,Santi Bali Rental,Daihatsu Xenia,car,24 Jam,325000,Rp 325.000,IDR,True,https://www.santibalirental.com/
904c18ad9ee1a968-v15,904c18ad9ee1a968,Santi Bali Rental,Toyota Innova Reborn,car,24 Jam,450000,Rp 450.000,IDR,True,https://www.santibalirental.com/
904c18ad9ee1a968-v16,904c18ad9ee1a968,Santi Bali Rental,Toyota Sienta,car,24 Jam,325000,Rp 325.000,IDR,True,https://www.santibalirental.com/
904c18ad9ee1a968-v17,904c18ad9ee1a968,Santi Bali Rental,Nissan Livina,car,24 Jam,325000,Rp 325.000,IDR,True,https://www.santibalirental.com/
904c18ad9ee1a968-v18,904c18ad9ee1a968,Santi Bali Rental,Toyota Calya,car,24 Jam,250000,Rp 250.000,IDR,True,https://www.santibalirental.com/
904c18ad9ee1a968-v19,904c18ad9ee1a968,Santi Bali Rental,Daihatsu Sigra,car,24 Jam,250000,Rp 250.000,IDR,True,https://www.santibalirental.com/
904c18ad9ee1a968-v20,904c18ad9ee1a968,Santi Bali Rental,Suzuki Ertiga,car,24 Jam,325000,Rp 325.000,IDR,True,https://www.santibalirental.com/
904c18ad9ee1a968-v21,904c18ad9ee1a968,Santi Bali Rental,Mitsubishi Xpander,car,24 Jam,325000,Rp 325.000,IDR,True,https://www.santibalirental.com/
904c18ad9ee1a968-v22,904c18ad9ee1a968,Santi Bali Rental,Toyota Veloz,car,24 Jam,325000,Rp 325.000,IDR,True,https://www.santibalirental.com/
904c18ad9ee1a968-v23,904c18ad9ee1a968,Santi Bali Rental,Toyota Rush,car,24 Jam,350000,Rp 350.000,IDR,True,https://www.santibalirental.com/
904c18ad9ee1a968-v24,904c18ad9ee1a968,Santi Bali Rental,Toyota Fortuner,car,Harian 10 Jam,1500000,Rp 1.500.000,IDR,False,https://www.santibalirental.com/
904c18ad9ee1a968-v25,904c18ad9ee1a968,Santi Bali Rental,Mitsubishi Pajero,car,Harian 10 Jam,1500000,Rp 1.500.000,IDR,False,https://www.santibalirental.com/
904c18ad9ee1a968-v26,904c18ad9ee1a968,Santi Bali Rental,Alphard Transformer,car,Harian 10 Jam,2300000,Rp 2.300.000,IDR,False,https://www.santibalirental.com/
904c18ad9ee1a968-v27,904c18ad9ee1a968,Santi Bali Rental,Toyota Hiace,car,Harian 10 Jam,1100000,Rp 1.100.000,IDR,False,https://www.santibalirental.com/
904c18ad9ee1a968-v28,904c18ad9ee1a968,Santi Bali Rental,Toyota Hiace Premio,car,Harian 10 Jam,1500000,Rp 1.500.000,IDR,False,https://www.santibalirental.com/
904c18ad9ee1a968-v29,904c18ad9ee1a968,Santi Bali Rental,Isuzu Elf Long,car,Harian 10 Jam,1100000,Rp 1.100.000,IDR,False,https://www.santibalirental.com/
904c18ad9ee1a968-v30,904c18ad9ee1a968,Santi Bali Rental,Isuzu Elf Giga,car,Harian 10 Jam,1500000,Rp 1.500.000,IDR,False,https://www.santibalirental.com/
904c18ad9ee1a968-v31,904c18ad9ee1a968,Santi Bali Rental,Honda HR-V,car,,,,IDR,False,https://www.santibalirental.com/tag/jasa-sewa-mobil-di-bali-murah
904c18ad9ee1a968-v32,904c18ad9ee1a968,Santi Bali Rental,Ayla,car,,,,IDR,False,https://www.santibalirental.com/tag/jasa-sewa-mobil-di-bali-murah
904c18ad9ee1a968-v33,904c18ad9ee1a968,Santi Bali Rental,Agya,car,,,,IDR,False,https://www.santibalirental.com/tag/jasa-sewa-mobil-di-bali-murah
904c18ad9ee1a968-v34,904c18ad9ee1a968,Santi Bali Rental,Avanza,car,,,,IDR,False,https://www.santibalirental.com/tag/jasa-sewa-mobil-di-bali-murah
904c18ad9ee1a968-v35,904c18ad9ee1a968,Santi Bali Rental,Innova,car,,,,IDR,False,https://www.santibalirental.com/tag/jasa-sewa-mobil-di-bali-murah
904c18ad9ee1a968-v36,904c18ad9ee1a968,Santi Bali Rental,Sigra,car,,,,IDR,False,https://www.santibalirental.com/tag/jasa-sewa-mobil-di-bali-murah
904c18ad9ee1a968-v37,904c18ad9ee1a968,Santi Bali Rental,Calya,car,,,,IDR,False,https://www.santibalirental.com/tag/jasa-sewa-mobil-di-bali-murah
904c18ad9ee1a968-v38,904c18ad9ee1a968,Santi Bali Rental,Ertiga,car,,,,IDR,False,https://www.santibalirental.com/tag/jasa-sewa-mobil-di-bali-murah
904c18ad9ee1a968-v39,904c18ad9ee1a968,Santi Bali Rental,Mobilio,car,,,,IDR,False,https://www.santibalirental.com/tag/jasa-sewa-mobil-di-bali-murah
904c18ad9ee1a968-v40,904c18ad9ee1a968,Santi Bali Rental,Honda BR-V,car,,,,IDR,False,https://www.santibalirental.com/tag/jasa-sewa-mobil-di-bali-murah
904c18ad9ee1a968-v41,904c18ad9ee1a968,Santi Bali Rental,Jazz,car,,,,IDR,False,https://www.santibalirental.com/tag/jasa-sewa-mobil-di-bali-murah
904c18ad9ee1a968-v42,904c18ad9ee1a968,Santi Bali Rental,HiAce,car,,,,IDR,False,https://www.santibalirental.com/tag/jasa-sewa-mobil-di-bali-murah
904c18ad9ee1a968-v43,904c18ad9ee1a968,Santi Bali Rental,Fortuner,car,,,,IDR,False,https://www.santibalirental.com/tag/jasa-sewa-mobil-di-bali-murah
904c18ad9ee1a968-v44,904c18ad9ee1a968,Santi Bali Rental,Mercedes Benz,car,,,,IDR,False,https://www.santibalirental.com/tag/jasa-sewa-mobil-di-bali-murah
904c18ad9ee1a968-v45,904c18ad9ee1a968,Santi Bali Rental,MINI Cooper,car,,,,IDR,False,https://www.santibalirental.com/tag/jasa-sewa-mobil-di-bali-murah
6aaf4aeb5da51510-v0,6aaf4aeb5da51510,Palugada Trans,Mini Cooper Cabriolet,car,per day,3500000,IDR Rp 3.500.000 /hari,IDR,False,https://palugadatrans.co.id/model/rentcar-mini-cooper-bali
6aaf4aeb5da51510-v1,6aaf4aeb5da51510,Palugada Trans,Mini Cooper 12 jam Lepas Kunci,car,12 jam,2500000,IDR Rp 2.500.000 /12jam,IDR,False,https://palugadatrans.co.id/model/rentcar-mini-cooper-bali
6aaf4aeb5da51510-v2,6aaf4aeb5da51510,Palugada Trans,Innova Reborn,car,per day,300000,Harga Mulai 300.000,IDR,True,https://palugadatrans.co.id/2023/11/26/sewa-mobil-di-legia/
6c9572c4942db101-v0,6c9572c4942db101,Sanur Bike Rental,Yamaha Xmax,scooter,per day,350000,"IDR 350,000 / day",IDR,True,https://scootersanur.com/
6c9572c4942db101-v1,6c9572c4942db101,Sanur Bike Rental,Yamaha Nmax,scooter,per day,200000,"IDR 200,000 / day",IDR,True,https://scootersanur.com/
6c9572c4942db101-v2,6c9572c4942db101,Sanur Bike Rental,Honda Scoopy,scooter,per day,125000,"IDR 125,000 / day",IDR,True,https://scootersanur.com/
6c9572c4942db101-v3,6c9572c4942db101,Sanur Bike Rental,Honda PCX,scooter,per day,200000,"IDR 200,000 / day",IDR,True,https://scootersanur.com/
6c9572c4942db101-v4,6c9572c4942db101,Sanur Bike Rental,Honda ADV,scooter,per day,225000,"IDR 225,000 / day",IDR,True,https://scootersanur.com/
6c9572c4942db101-v5,6c9572c4942db101,Sanur Bike Rental,Vario 160cc,scooter,per day,150000,"IDR 150,000 / day",IDR,True,https://scootersanur.com/
6c9572c4942db101-v6,6c9572c4942db101,Sanur Bike Rental,Vario 125cc,scooter,per day,125000,"IDR 125,000 / day",IDR,True,https://scootersanur.com/
daa3510aab97c23f-v0,daa3510aab97c23f,Rent Bike Sanur,Scoopy / Vario 125 / Fazzio,scooter,per day,75000,"IDR 75,000 / day",IDR,True,https://rentbikesanur.com/
daa3510aab97c23f-v1,daa3510aab97c23f,Rent Bike Sanur,Scoopy / Vario 125 / Fazzio,scooter,per week,450000,"IDR 450,000 / week",IDR,False,https://rentbikesanur.com/
daa3510aab97c23f-v2,daa3510aab97c23f,Rent Bike Sanur,Scoopy / Vario 125 / Fazzio,scooter,per month,1300000,"IDR 1,300,000 / month",IDR,False,https://rentbikesanur.com/
daa3510aab97c23f-v3,daa3510aab97c23f,Rent Bike Sanur,NMAX / PCX,scooter,per day,110000,"IDR 110,000 / day",IDR,True,https://rentbikesanur.com/
daa3510aab97c23f-v4,daa3510aab97c23f,Rent Bike Sanur,NMAX / PCX,scooter,per week,700000,"IDR 700,000 / week",IDR,False,https://rentbikesanur.com/
daa3510aab97c23f-v5,daa3510aab97c23f,Rent Bike Sanur,NMAX / PCX,scooter,per month,1900000,"IDR 1,900,000 / month",IDR,False,https://rentbikesanur.com/
daa3510aab97c23f-v6,daa3510aab97c23f,Rent Bike Sanur,ADV,scooter,per day,125000,"IDR 125,000 / day",IDR,True,https://rentbikesanur.com/
daa3510aab97c23f-v7,daa3510aab97c23f,Rent Bike Sanur,ADV,scooter,per week,800000,"IDR 800,000 / week",IDR,False,https://rentbikesanur.com/
daa3510aab97c23f-v8,daa3510aab97c23f,Rent Bike Sanur,ADV,scooter,per month,2100000,"IDR 2,100,000 / month",IDR,False,https://rentbikesanur.com/
daa3510aab97c23f-v9,daa3510aab97c23f,Rent Bike Sanur,Vario 160 / Stylo 160,scooter,per day,100000,"IDR 100,000 / day",IDR,True,https://rentbikesanur.com/
daa3510aab97c23f-v10,daa3510aab97c23f,Rent Bike Sanur,Vario 160 / Stylo 160,scooter,per week,630000,"IDR 630,000 / week",IDR,False,https://rentbikesanur.com/
daa3510aab97c23f-v11,daa3510aab97c23f,Rent Bike Sanur,Vario 160 / Stylo 160,scooter,per month,1600000,"IDR 1,600,000 / month",IDR,False,https://rentbikesanur.com/
daa3510aab97c23f-v12,daa3510aab97c23f,Rent Bike Sanur,XMAX,scooter,per day,225000,"IDR 225,000 / day",IDR,True,https://rentbikesanur.com/
daa3510aab97c23f-v13,daa3510aab97c23f,Rent Bike Sanur,XMAX,scooter,per week,1300000,"IDR 1,300,000 / week",IDR,False,https://rentbikesanur.com/
daa3510aab97c23f-v14,daa3510aab97c23f,Rent Bike Sanur,XMAX,scooter,per month,4000000,"IDR 4,000,000 / month",IDR,False,https://rentbikesanur.com/
daa3510aab97c23f-v15,daa3510aab97c23f,Rent Bike Sanur,Scoopy / Vario 125 / Fazzio,scooter,per day,75000,"IDR 75,000 / day",IDR,True,https://rentbikesanur.com
daa3510aab97c23f-v16,daa3510aab97c23f,Rent Bike Sanur,NMAX / PCX,scooter,per day,110000,"IDR 110,000 / day",IDR,True,https://rentbikesanur.com
daa3510aab97c23f-v17,daa3510aab97c23f,Rent Bike Sanur,ADV,scooter,per day,125000,"IDR 125,000 / day",IDR,True,https://rentbikesanur.com
daa3510aab97c23f-v18,daa3510aab97c23f,Rent Bike Sanur,Vario 160 / Stylo 160,scooter,per day,100000,"IDR 100,000 / day",IDR,True,https://rentbikesanur.com
daa3510aab97c23f-v19,daa3510aab97c23f,Rent Bike Sanur,XMAX,scooter,per day,225000,"IDR 225,000 / day",IDR,True,https://rentbikesanur.com
97a2c09cbdc127ca-v0,97a2c09cbdc127ca,ARB Rental Motor Bali,Honda Beat Street,scooter,per day,60000,Harian : 60K / day,IDR,True,http://www.arbrentalmotorbali.com/2018/01/sewa-motor-di-denpasar-sanur.html
97a2c09cbdc127ca-v1,97a2c09cbdc127ca,ARB Rental Motor Bali,Yamaha Mio Sporty,scooter,per day,40000,Harian : 40K / day,IDR,True,http://www.arbrentalmotorbali.com/2018/01/sewa-motor-di-denpasar-sanur.html
97a2c09cbdc127ca-v2,97a2c09cbdc127ca,ARB Rental Motor Bali,Honda Vario FI 110cc,scooter,per day,60000,Harian : 60K / day,IDR,True,http://www.arbrentalmotorbali.com/2018/01/sewa-motor-di-denpasar-sanur.html
97a2c09cbdc127ca-v3,97a2c09cbdc127ca,ARB Rental Motor Bali,Yamaha Nmax,scooter,per day,140000,Harian : 140 ribu perhari,IDR,True,http://www.arbrentalmotorbali.com/2018/01/sewa-motor-di-denpasar-sanur.html
97a2c09cbdc127ca-v4,97a2c09cbdc127ca,ARB Rental Motor Bali,Vespa Primavera,scooter,per day,150000,Harian : 150 ribu perhari,IDR,True,http://www.arbrentalmotorbali.com/2018/01/sewa-motor-di-denpasar-sanur.html
97a2c09cbdc127ca-v5,97a2c09cbdc127ca,ARB Rental Motor Bali,Vespa LX 150cc,scooter,per day,125000,Rp. 125.000/,IDR,True,https://www.arbrentalmotorbali.com/2018/10/rental-motor-vespa-di-bali.html
97a2c09cbdc127ca-v6,97a2c09cbdc127ca,ARB Rental Motor Bali,Vespa S,scooter,per day,150000,Rp. 150.000/,IDR,True,https://www.arbrentalmotorbali.com/2018/10/rental-motor-vespa-di-bali.html
97a2c09cbdc127ca-v7,97a2c09cbdc127ca,ARB Rental Motor Bali,Vespa Primavera,scooter,per day,150000,Rp. 150.000/,IDR,True,https://www.arbrentalmotorbali.com/2018/10/rental-motor-vespa-di-bali.html
97a2c09cbdc127ca-v8,97a2c09cbdc127ca,ARB Rental Motor Bali,Vespa Sprint,scooter,per day,150000,Rp. 150.000/,IDR,True,https://www.arbrentalmotorbali.com/2018/10/rental-motor-vespa-di-bali.html
97a2c09cbdc127ca-v9,97a2c09cbdc127ca,ARB Rental Motor Bali,Vespa GTS,scooter,per day,200000,Rp. 200.000/,IDR,True,https://www.arbrentalmotorbali.com/2018/10/rental-motor-vespa-di-bali.html
9870543ef3e6a648-v0,9870543ef3e6a648,ANDRE sewatama,Suzuki Katana,car,per day,,"€  20,-",EUR,True,http://www.andre-sewatama-bali.com/e1price.htm
9870543ef3e6a648-v1,9870543ef3e6a648,ANDRE sewatama,Suzuki Wagon R,car,per day,,"€  25,-",EUR,True,http://www.andre-sewatama-bali.com/e1price.htm
9870543ef3e6a648-v2,9870543ef3e6a648,ANDRE sewatama,Daihatsu Ayla = Toyota Agya,car,per day,,"€  25,-",EUR,True,http://www.andre-sewatama-bali.com/e1price.htm
9870543ef3e6a648-v3,9870543ef3e6a648,ANDRE sewatama,Datsun Go+Panca,car,per day,,"€  26,-",EUR,True,http://www.andre-sewatama-bali.com/e1price.htm
9870543ef3e6a648-v4,9870543ef3e6a648,ANDRE sewatama,Daihatsu Xenia = Toyota Avanza,car,per day,,"€  28,-",EUR,True,http://www.andre-sewatama-bali.com/e1price.htm
9870543ef3e6a648-v5,9870543ef3e6a648,ANDRE sewatama,Suzuki Ignis,car,per day,,"€  28,-",EUR,True,http://www.andre-sewatama-bali.com/e1price.htm
9870543ef3e6a648-v6,9870543ef3e6a648,ANDRE sewatama,Suzuki APV,car,per day,,"€  32,-",EUR,True,http://www.andre-sewatama-bali.com/e1price.htm
9870543ef3e6a648-v7,9870543ef3e6a648,ANDRE sewatama,New Daihatsu Terios,car,per day,,"€  35,-",EUR,True,http://www.andre-sewatama-bali.com/e1price.htm
9870543ef3e6a648-v8,9870543ef3e6a648,ANDRE sewatama,KIA Pregio,car,per day,,"€  46,-",EUR,True,http://www.andre-sewatama-bali.com/e1price.htm
2249d6ec2bfcdbf4-v0,2249d6ec2bfcdbf4,Golden Bali Rental,HONDA BRIO,car,24 JAM,300000,Rp 300.000,IDR,False,https://goldenbalirental.com/sewa-mobil-sanur/
2249d6ec2bfcdbf4-v1,2249d6ec2bfcdbf4,Golden Bali Rental,TOYOTA AGYA,car,24 JAM,250000,Rp 250.000,IDR,False,https://goldenbalirental.com/sewa-mobil-sanur/
2249d6ec2bfcdbf4-v2,2249d6ec2bfcdbf4,Golden Bali Rental,DAIHATSU AYLA,car,24 JAM,250000,Rp 250.000,IDR,False,https://goldenbalirental.com/sewa-mobil-sanur/
2249d6ec2bfcdbf4-v3,2249d6ec2bfcdbf4,Golden Bali Rental,SUZUKI IGNIS,car,24 JAM,250000,Rp 250.000,IDR,False,https://goldenbalirental.com/sewa-mobil-sanur/
2249d6ec2bfcdbf4-v4,2249d6ec2bfcdbf4,Golden Bali Rental,TOYOTA YARIS,car,24 JAM,300000,Rp 300.000,IDR,False,https://goldenbalirental.com/sewa-mobil-sanur/
2249d6ec2bfcdbf4-v5,2249d6ec2bfcdbf4,Golden Bali Rental,HONDA JAZZ,car,24 JAM,350000,Rp 350.000,IDR,False,https://goldenbalirental.com/sewa-mobil-sanur/
2249d6ec2bfcdbf4-v6,2249d6ec2bfcdbf4,Golden Bali Rental,TOYOTA AVANZA,car,24 JAM,300000,Rp 300.000,IDR,False,https://goldenbalirental.com/sewa-mobil-sanur/
2249d6ec2bfcdbf4-v7,2249d6ec2bfcdbf4,Golden Bali Rental,DAIHATSU XENIA,car,24 JAM,300000,Rp 300.000,IDR,False,https://goldenbalirental.com/sewa-mobil-sanur/
2249d6ec2bfcdbf4-v8,2249d6ec2bfcdbf4,Golden Bali Rental,TOYOTA CALYA,car,24 JAM,250000,Rp 250.000,IDR,False,https://goldenbalirental.com/sewa-mobil-sanur/
2249d6ec2bfcdbf4-v9,2249d6ec2bfcdbf4,Golden Bali Rental,DAIHATSU SIGRA,car,24 JAM,250000,Rp 250.000,IDR,False,https://goldenbalirental.com/sewa-mobil-sanur/
2249d6ec2bfcdbf4-v10,2249d6ec2bfcdbf4,Golden Bali Rental,HONDA MOBILIO,car,24 JAM,300000,Rp 300.000,IDR,False,https://goldenbalirental.com/sewa-mobil-sanur/
2249d6ec2bfcdbf4-v11,2249d6ec2bfcdbf4,Golden Bali Rental,SUZUKI APV,car,24 JAM,250000,Rp 250.000,IDR,False,https://goldenbalirental.com/sewa-mobil-sanur/
2249d6ec2bfcdbf4-v12,2249d6ec2bfcdbf4,Golden Bali Rental,INNOVA REBORN,car,24 JAM,550000,Rp 550.000,IDR,False,https://goldenbalirental.com/sewa-mobil-sanur/
2249d6ec2bfcdbf4-v13,2249d6ec2bfcdbf4,Golden Bali Rental,NISSAN JUKE,car,24 JAM,350000,Rp 350.000,IDR,False,https://goldenbalirental.com/sewa-mobil-sanur/
2249d6ec2bfcdbf4-v14,2249d6ec2bfcdbf4,Golden Bali Rental,TOYOTA RUSH,car,24 JAM,350000,Rp 350.000,IDR,False,https://goldenbalirental.com/sewa-mobil-sanur/
2249d6ec2bfcdbf4-v15,2249d6ec2bfcdbf4,Golden Bali Rental,DAIHATSU TERIOS,car,24 JAM,350000,Rp 350.000,IDR,False,https://goldenbalirental.com/sewa-mobil-sanur/
2249d6ec2bfcdbf4-v16,2249d6ec2bfcdbf4,Golden Bali Rental,TOYOTA FORTUNER,car,24 JAM,550000,Rp 550.000,IDR,False,https://goldenbalirental.com/sewa-mobil-sanur/
2249d6ec2bfcdbf4-v17,2249d6ec2bfcdbf4,Golden Bali Rental,Honda Brio Matic,car,per day,300000,Rp 300.000,IDR,True,https://goldenbalirental.com/cara-memilih-rental-mobil-bali
2249d6ec2bfcdbf4-v18,2249d6ec2bfcdbf4,Golden Bali Rental,Honda Brio Manual,car,per day,250000,Rp 250.000,IDR,True,https://goldenbalirental.com/cara-memilih-rental-mobil-bali
ef5f68cc1cf0b8fe-v0,ef5f68cc1cf0b8fe,Uluwatu Custom Motorbike,2026 Yamaha WR Supermoto,motorbike,per day,350000,350.000 IDR,IDR,True,https://www.uluwatucustommotorbike.com/
ef5f68cc1cf0b8fe-v1,ef5f68cc1cf0b8fe,Uluwatu Custom Motorbike,2026 Yamaha WR Supermoto,motorbike,per week,2100000,2.100.000 IDR,IDR,False,https://www.uluwatucustommotorbike.com/
ef5f68cc1cf0b8fe-v2,ef5f68cc1cf0b8fe,Uluwatu Custom Motorbike,2026 Yamaha WR Supermoto,motorbike,per month,5500000,5.500.000 IDR,IDR,False,https://www.uluwatucustommotorbike.com/
ef5f68cc1cf0b8fe-v3,ef5f68cc1cf0b8fe,Uluwatu Custom Motorbike,2026 Yamaha XSR Custom,motorbike,per day,350000,350.000 IDR,IDR,True,https://www.uluwatucustommotorbike.com/
ef5f68cc1cf0b8fe-v4,ef5f68cc1cf0b8fe,Uluwatu Custom Motorbike,2026 Yamaha XSR Custom,motorbike,per week,2100000,2.100.000 IDR,IDR,False,https://www.uluwatucustommotorbike.com/
ef5f68cc1cf0b8fe-v5,ef5f68cc1cf0b8fe,Uluwatu Custom Motorbike,2026 Yamaha XSR Custom,motorbike,per month,5500000,5.500.000 IDR,IDR,False,https://www.uluwatucustommotorbike.com/
ef5f68cc1cf0b8fe-v6,ef5f68cc1cf0b8fe,Uluwatu Custom Motorbike,2026 Yamaha NMAX,scooter,per day,240000,240.000 IDR,IDR,True,https://www.uluwatucustommotorbike.com/
ef5f68cc1cf0b8fe-v7,ef5f68cc1cf0b8fe,Uluwatu Custom Motorbike,2026 Yamaha NMAX,scooter,per week,1440000,1.440.000 IDR,IDR,False,https://www.uluwatucustommotorbike.com/
ef5f68cc1cf0b8fe-v8,ef5f68cc1cf0b8fe,Uluwatu Custom Motorbike,2026 Yamaha NMAX,scooter,per month,4000000,4.000.000 IDR,IDR,False,https://www.uluwatucustommotorbike.com/
ef5f68cc1cf0b8fe-v9,ef5f68cc1cf0b8fe,Uluwatu Custom Motorbike,Honda PCX 160 Maxi Scooter,scooter,per day,200000,200.000 IDR,IDR,True,https://www.uluwatucustommotorbike.com/
ef5f68cc1cf0b8fe-v10,ef5f68cc1cf0b8fe,Uluwatu Custom Motorbike,Honda PCX 160 Maxi Scooter,scooter,per week,1200000,1.200.000 IDR,IDR,False,https://www.uluwatucustommotorbike.com/
ef5f68cc1cf0b8fe-v11,ef5f68cc1cf0b8fe,Uluwatu Custom Motorbike,Honda PCX 160 Maxi Scooter,scooter,per month,3500000,3.500.000 IDR,IDR,False,https://www.uluwatucustommotorbike.com/
ef5f68cc1cf0b8fe-v12,ef5f68cc1cf0b8fe,Uluwatu Custom Motorbike,Yamaha MT-15 Streetfighter,motorbike,per day,300000,300.000 IDR,IDR,True,https://www.uluwatucustommotorbike.com/
ef5f68cc1cf0b8fe-v13,ef5f68cc1cf0b8fe,Uluwatu Custom Motorbike,Yamaha MT-15 Streetfighter,motorbike,per week,1800000,1.800.000 IDR,IDR,False,https://www.uluwatucustommotorbike.com/
ef5f68cc1cf0b8fe-v14,ef5f68cc1cf0b8fe,Uluwatu Custom Motorbike,Yamaha MT-15 Streetfighter,motorbike,per month,4500000,4.500.000 IDR,IDR,False,https://www.uluwatucustommotorbike.com/
5ff78d40b279d0a7-v0,5ff78d40b279d0a7,Chimeng Motorbike Rental,Honda Scoopy,scooter,per day,100000,100k IDR/day,IDR,True,https://www.chimengbikerental.com/
5ff78d40b279d0a7-v1,5ff78d40b279d0a7,Chimeng Motorbike Rental,Honda Vario,scooter,per day,100000,100k IDR/day,IDR,True,https://www.chimengbikerental.com/
5ff78d40b279d0a7-v2,5ff78d40b279d0a7,Chimeng Motorbike Rental,Yamaha NMax,scooter,per day,150000,150k IDR/day,IDR,True,https://www.chimengbikerental.com/
5ff78d40b279d0a7-v3,5ff78d40b279d0a7,Chimeng Motorbike Rental,Honda Scoopy,scooter,per day,100000,100k IDR/day,IDR,True,https://www.chimengbikerental.com
5ff78d40b279d0a7-v4,5ff78d40b279d0a7,Chimeng Motorbike Rental,Honda Vario,scooter,per day,100000,100k IDR/day,IDR,True,https://www.chimengbikerental.com
5ff78d40b279d0a7-v5,5ff78d40b279d0a7,Chimeng Motorbike Rental,Yamaha NMax,scooter,per day,150000,150k IDR/day,IDR,True,https://www.chimengbikerental.com
396012e38baed606-v0,396012e38baed606,Uluwatu Rent Car & Scooter,Yamaha XMAX 250 CC,scooter,per day,,,IDR,False,https://uluwatuscooterrent.com/our-scooters
396012e38baed606-v1,396012e38baed606,Uluwatu Rent Car & Scooter,Yamaha NMAX 155 CC,scooter,per day,,,IDR,False,https://uluwatuscooterrent.com/our-scooters
396012e38baed606-v2,396012e38baed606,Uluwatu Rent Car & Scooter,Honda Vario 125 CC,scooter,per day,,,IDR,False,https://uluwatuscooterrent.com/our-scooters
396012e38baed606-v3,396012e38baed606,Uluwatu Rent Car & Scooter,Yamaha Fazzio 125 CC,scooter,per day,,,IDR,False,https://uluwatuscooterrent.com/our-scooters
396012e38baed606-v4,396012e38baed606,Uluwatu Rent Car & Scooter,Honda Scoopy 110 CC,scooter,per day,,,IDR,False,https://uluwatuscooterrent.com/our-scooters
396012e38baed606-v5,396012e38baed606,Uluwatu Rent Car & Scooter,Honda ADV 160 CC,scooter,per day,,,IDR,False,https://uluwatuscooterrent.com/our-scooters
396012e38baed606-v6,396012e38baed606,Uluwatu Rent Car & Scooter,Honda,scooter,per day,,Price varies,IDR,False,https://uluwatuscooterrent.com/
396012e38baed606-v7,396012e38baed606,Uluwatu Rent Car & Scooter,Yamaha,scooter,per day,,Price varies,IDR,False,https://uluwatuscooterrent.com/
df4e4534dc93a169-v0,df4e4534dc93a169,BaliCarRent,Suzuki Jimny,car,per day,275000,IDR 275.000,IDR,False,https://www.balicarrent.com/uluwatu.htm
df4e4534dc93a169-v1,df4e4534dc93a169,BaliCarRent,Toyota Agya,car,per day,325000,IDR 325.000,IDR,False,https://www.balicarrent.com/uluwatu.htm
df4e4534dc93a169-v2,df4e4534dc93a169,BaliCarRent,Honda Brio,car,per day,350000,IDR 350.000,IDR,False,https://www.balicarrent.com/uluwatu.htm
df4e4534dc93a169-v3,df4e4534dc93a169,BaliCarRent,Toyota Avanza,car,per day,375000,IDR 375.000,IDR,False,https://www.balicarrent.com/uluwatu.htm
df4e4534dc93a169-v4,df4e4534dc93a169,BaliCarRent,Mitsubishi Xpander,car,per day,400000,IDR 400.000,IDR,False,https://www.balicarrent.com/uluwatu.htm
df4e4534dc93a169-v5,df4e4534dc93a169,BaliCarRent,Suzuki APV,car,per day,400000,IDR 400.000,IDR,False,https://www.balicarrent.com/uluwatu.htm
df4e4534dc93a169-v6,df4e4534dc93a169,BaliCarRent,Honda HRV,car,per day,450000,IDR 450.000,IDR,False,https://www.balicarrent.com/uluwatu.htm
df4e4534dc93a169-v7,df4e4534dc93a169,BaliCarRent,Toyota Innova,car,per day,450000,IDR 450.000,IDR,False,https://www.balicarrent.com/uluwatu.htm
df4e4534dc93a169-v8,df4e4534dc93a169,BaliCarRent,Isuzu ELF,car,per day,1250000,IDR 1.250.000,IDR,False,https://www.balicarrent.com/uluwatu.htm
df4e4534dc93a169-v9,df4e4534dc93a169,BaliCarRent,Scooter Yamaha NMax,scooter,per day,175000,IDR 175.000,IDR,False,https://www.balicarrent.com/uluwatu.htm
df4e4534dc93a169-v10,df4e4534dc93a169,BaliCarRent,Suzuki Jimny,car,per day,275000,IDR 275.000,IDR,False,https://www.balicarrent.com/car-booking.htm
df4e4534dc93a169-v11,df4e4534dc93a169,BaliCarRent,Suzuki Karimun Estilo,car,per day,325000,IDR 325.000,IDR,False,https://www.balicarrent.com/car-booking.htm
df4e4534dc93a169-v12,df4e4534dc93a169,BaliCarRent,Toyota Agya,car,per day,325000,IDR 325.000,IDR,False,https://www.balicarrent.com/car-booking.htm
df4e4534dc93a169-v13,df4e4534dc93a169,BaliCarRent,Daihatsu Taruna,car,per day,350000,IDR 350.000,IDR,False,https://www.balicarrent.com/car-booking.htm
df4e4534dc93a169-v14,df4e4534dc93a169,BaliCarRent,Toyota Avanza,car,per day,375000,IDR 375.000,IDR,False,https://www.balicarrent.com/car-booking.htm
df4e4534dc93a169-v15,df4e4534dc93a169,BaliCarRent,Suzuki APV,car,per day,400000,IDR 400.000,IDR,False,https://www.balicarrent.com/car-booking.htm
df4e4534dc93a169-v16,df4e4534dc93a169,BaliCarRent,Toyota Innova,car,per day,450000,IDR 450.000,IDR,False,https://www.balicarrent.com/car-booking.htm
df4e4534dc93a169-v17,df4e4534dc93a169,BaliCarRent,Isuzu ELF,car,per day,1250000,IDR 1.250.000,IDR,False,https://www.balicarrent.com/car-booking.htm
66703351800ebe22-v0,66703351800ebe22,493 Scooter Rental,Honda Vario,scooter,daily,,,IDR,False,https://www.493scooterrentals.net/post/bike-rent-in-bali-price-your-2025-guide-to-affordable-safe-rentals
66703351800ebe22-v1,66703351800ebe22,493 Scooter Rental,Honda Scoopy,scooter,daily,,,IDR,False,https://www.493scooterrentals.net/post/bike-rent-in-bali-price-your-2025-guide-to-affordable-safe-rentals
66703351800ebe22-v2,66703351800ebe22,493 Scooter Rental,Honda Beat,scooter,daily,,,IDR,False,https://www.493scooterrentals.net/post/bike-rent-in-bali-price-your-2025-guide-to-affordable-safe-rentals
66703351800ebe22-v3,66703351800ebe22,493 Scooter Rental,Yamaha NMAX,scooter,daily,,,IDR,False,https://www.493scooterrentals.net/post/bike-rent-in-bali-price-your-2025-guide-to-affordable-safe-rentals
66703351800ebe22-v4,66703351800ebe22,493 Scooter Rental,Honda PCX,scooter,daily,,,IDR,False,https://www.493scooterrentals.net/post/bike-rent-in-bali-price-your-2025-guide-to-affordable-safe-rentals
66703351800ebe22-v5,66703351800ebe22,493 Scooter Rental,Automatic scooter,scooter,per day,50000,"IDR 50,000",IDR,True,https://www.493scooterrentals.net/post/sewa-motor-jimbaran-1
66703351800ebe22-v6,66703351800ebe22,493 Scooter Rental,Sport bike,motorbike,per day,150000,"IDR 150,000",IDR,True,https://www.493scooterrentals.net/post/sewa-motor-jimbaran-1
3945621284d982f8-v0,3945621284d982f8,MADEVENTURE,Motor,motorbike,per day,,,IDR,False,https://sewamotordijimbaran.com/
3945621284d982f8-v1,3945621284d982f8,MADEVENTURE,Motor,motorbike,per day,150000,150000 IDR,IDR,True,https://sewamotordijimbaran.com/persija-jakarta-vs-bali-united-15-februari-panduan-nonton-di-stadion-kapten-i-wayan-dipta-and-tips-rental-motor
a39977fda99cb5cc-v0,a39977fda99cb5cc,Jimbaran Scooter,Honda Vario 160cc,motorbike,per day,150000,IDR 150K /DAYS,IDR,True,https://jimbaranscooter.com/
a39977fda99cb5cc-v1,a39977fda99cb5cc,Jimbaran Scooter,All New Nmax,motorbike,per day,170000,IDR 170K /DAYS,IDR,True,https://jimbaranscooter.com/
a39977fda99cb5cc-v2,a39977fda99cb5cc,Jimbaran Scooter,Yamaha XMAX,motorbike,per day,300000,IDR 300K /DAYS,IDR,True,https://jimbaranscooter.com/
a39977fda99cb5cc-v3,a39977fda99cb5cc,Jimbaran Scooter,Honda PCX,motorbike,per day,170000,IDR 170K /DAYS,IDR,True,https://jimbaranscooter.com/
a39977fda99cb5cc-v4,a39977fda99cb5cc,Jimbaran Scooter,Fazzio,motorbike,per day,100000,IDR 100K /DAYS,IDR,True,https://jimbaranscooter.com/
a39977fda99cb5cc-v5,a39977fda99cb5cc,Jimbaran Scooter,Honda ADV,motorbike,per day,200000,IDR 200K /DAYS,IDR,True,https://jimbaranscooter.com/
a39977fda99cb5cc-v6,a39977fda99cb5cc,Jimbaran Scooter,Genio,motorbike,per day,90000,IDR 90K /DAYS,IDR,True,https://jimbaranscooter.com/
a39977fda99cb5cc-v7,a39977fda99cb5cc,Jimbaran Scooter,New Scoopy,motorbike,per day,100000,IDR 100K /DAYS,IDR,True,https://jimbaranscooter.com/
a39977fda99cb5cc-v8,a39977fda99cb5cc,Jimbaran Scooter,Honda Vario,scooter,per day,,Not specified,IDR,False,https://jimbaranscooter.com/the-top-scooters-for-rent-in-jimbaran
a39977fda99cb5cc-v9,a39977fda99cb5cc,Jimbaran Scooter,Yamaha NMAX,scooter,per day,,Not specified,IDR,False,https://jimbaranscooter.com/the-top-scooters-for-rent-in-jimbaran
a39977fda99cb5cc-v10,a39977fda99cb5cc,Jimbaran Scooter,Suzuki Address,scooter,per day,,Not specified,IDR,False,https://jimbaranscooter.com/the-top-scooters-for-rent-in-jimbaran
a39977fda99cb5cc-v11,a39977fda99cb5cc,Jimbaran Scooter,Vespa LX,scooter,per day,,Not specified,IDR,False,https://jimbaranscooter.com/the-top-scooters-for-rent-in-jimbaran
a39977fda99cb5cc-v12,a39977fda99cb5cc,Jimbaran Scooter,Honda Beat,scooter,per day,,Not specified,IDR,False,https://jimbaranscooter.com/the-top-scooters-for-rent-in-jimbaran
cf62e25be20c4997-v0,cf62e25be20c4997,TRAC Rental,Ayla,car,per day,500000,500.000,IDR,True,https://www.trac.astra.co.id/rental-mobil/bali
cf62e25be20c4997-v1,cf62e25be20c4997,TRAC Rental,Agya,car,per day,500000,500.000,IDR,True,https://www.trac.astra.co.id/rental-mobil/bali
cf62e25be20c4997-v2,cf62e25be20c4997,TRAC Rental,Calya,car,per day,600000,600.000,IDR,True,https://www.trac.astra.co.id/rental-mobil/bali
cf62e25be20c4997-v3,cf62e25be20c4997,TRAC Rental,Yaris,car,per day,700000,700.000,IDR,True,https://www.trac.astra.co.id/rental-mobil/bali
cf62e25be20c4997-v4,cf62e25be20c4997,TRAC Rental,5 Series,car,per day,2000000,2.000.000,IDR,True,https://www.trac.astra.co.id/rental-mobil/bali
cf62e25be20c4997-v5,cf62e25be20c4997,TRAC Rental,320i,car,per day,1800000,1.800.000,IDR,True,https://www.trac.astra.co.id/rental-mobil/bali
cf62e25be20c4997-v6,cf62e25be20c4997,TRAC Rental,X-3,car,per day,2500000,2.500.000,IDR,True,https://www.trac.astra.co.id/rental-mobil/bali
cf62e25be20c4997-v7,cf62e25be20c4997,TRAC Rental,X-5,car,per day,2600000,2.600.000,IDR,True,https://www.trac.astra.co.id/rental-mobil/bali
cf62e25be20c4997-v8,cf62e25be20c4997,TRAC Rental,X-6,car,per day,2700000,2.700.000,IDR,True,https://www.trac.astra.co.id/rental-mobil/bali
cf62e25be20c4997-v9,cf62e25be20c4997,TRAC Rental,Toyota Avanza,car,per day,350000,"IDR 350,000",IDR,True,https://www.trac.astra.co.id/rental-mobil/jakarta
cf62e25be20c4997-v10,cf62e25be20c4997,TRAC Rental,Innova Zenix,car,per day,800000,"IDR 800,000",IDR,True,https://www.trac.astra.co.id/rental-mobil/jakarta
cf62e25be20c4997-v11,cf62e25be20c4997,TRAC Rental,Toyota Alphard,car,per day,1500000,"IDR 1,500,000",IDR,True,https://www.trac.astra.co.id/rental-mobil/jakarta
cf62e25be20c4997-v12,cf62e25be20c4997,TRAC Rental,Daihatsu Ayla,car,per day,200000,"IDR 200,000",IDR,True,https://www.trac.astra.co.id/rental-mobil/jakarta
cf62e25be20c4997-v13,cf62e25be20c4997,TRAC Rental,Toyota Yaris,car,per day,300000,"IDR 300,000",IDR,True,https://www.trac.astra.co.id/rental-mobil/jakarta
cf62e25be20c4997-v14,cf62e25be20c4997,TRAC Rental,BMW 320i,car,per day,1200000,"IDR 1,200,000",IDR,True,https://www.trac.astra.co.id/rental-mobil/jakarta
cf62e25be20c4997-v15,cf62e25be20c4997,TRAC Rental,BMW X-3,car,per day,1500000,"IDR 1,500,000",IDR,True,https://www.trac.astra.co.id/rental-mobil/jakarta
cf62e25be20c4997-v16,cf62e25be20c4997,TRAC Rental,BMW 5 Series,car,per day,1800000,"IDR 1,800,000",IDR,True,https://www.trac.astra.co.id/rental-mobil/jakarta
cf62e25be20c4997-v17,cf62e25be20c4997,TRAC Rental,BMW X-5,car,per day,2000000,"IDR 2,000,000",IDR,True,https://www.trac.astra.co.id/rental-mobil/jakarta
df5f04828f4ee1fb-v0,df5f04828f4ee1fb,JHOLY'S RENTAL,Yamaha NMAX,motorbike,daily,150000,Rp. 150K,IDR,True,https://jholysrental.com/
df5f04828f4ee1fb-v1,df5f04828f4ee1fb,JHOLY'S RENTAL,Yamaha NMAX,motorbike,weekly,900000,Rp. 900K,IDR,False,https://jholysrental.com/
df5f04828f4ee1fb-v2,df5f04828f4ee1fb,JHOLY'S RENTAL,Yamaha NMAX,motorbike,monthly,2500000,Rp. 2.500K,IDR,False,https://jholysrental.com/
df5f04828f4ee1fb-v3,df5f04828f4ee1fb,JHOLY'S RENTAL,Honda PCX,motorbike,daily,150000,Rp. 150K,IDR,True,https://jholysrental.com/
df5f04828f4ee1fb-v4,df5f04828f4ee1fb,JHOLY'S RENTAL,Honda PCX,motorbike,weekly,900000,Rp. 900K,IDR,False,https://jholysrental.com/
df5f04828f4ee1fb-v5,df5f04828f4ee1fb,JHOLY'S RENTAL,Honda PCX,motorbike,monthly,2500000,Rp. 2.500K,IDR,False,https://jholysrental.com/
df5f04828f4ee1fb-v6,df5f04828f4ee1fb,JHOLY'S RENTAL,Honday Scoopy,motorbike,daily,100000,Rp. 100K,IDR,True,https://jholysrental.com/
df5f04828f4ee1fb-v7,df5f04828f4ee1fb,JHOLY'S RENTAL,Honday Scoopy,motorbike,weekly,600000,Rp. 600K,IDR,False,https://jholysrental.com/
df5f04828f4ee1fb-v8,df5f04828f4ee1fb,JHOLY'S RENTAL,Honday Scoopy,motorbike,monthly,1850000,Rp. 1.850K,IDR,False,https://jholysrental.com/
df5f04828f4ee1fb-v9,df5f04828f4ee1fb,JHOLY'S RENTAL,New Vario 125,motorbike,daily,100000,Rp. 100K,IDR,True,https://jholysrental.com/
df5f04828f4ee1fb-v10,df5f04828f4ee1fb,JHOLY'S RENTAL,New Vario 125,motorbike,weekly,600000,Rp. 600K,IDR,False,https://jholysrental.com/
df5f04828f4ee1fb-v11,df5f04828f4ee1fb,JHOLY'S RENTAL,New Vario 125,motorbike,monthly,1850000,Rp. 1.850K,IDR,False,https://jholysrental.com/
df5f04828f4ee1fb-v12,df5f04828f4ee1fb,JHOLY'S RENTAL,Yamaha Fazzio,motorbike,daily,100000,Rp. 100K,IDR,True,https://jholysrental.com/
df5f04828f4ee1fb-v13,df5f04828f4ee1fb,JHOLY'S RENTAL,Yamaha Fazzio,motorbike,weekly,600000,Rp. 600K,IDR,False,https://jholysrental.com/
df5f04828f4ee1fb-v14,df5f04828f4ee1fb,JHOLY'S RENTAL,Yamaha Fazzio,motorbike,monthly,1850000,Rp. 1.850K,IDR,False,https://jholysrental.com/
df5f04828f4ee1fb-v15,df5f04828f4ee1fb,JHOLY'S RENTAL,Yamaha Xmax,motorbike,daily,275000,Rp. 275k,IDR,True,https://jholysrental.com/
df5f04828f4ee1fb-v16,df5f04828f4ee1fb,JHOLY'S RENTAL,Yamaha Xmax,motorbike,weekly,1650000,Rp. 1.650K,IDR,False,https://jholysrental.com/
df5f04828f4ee1fb-v17,df5f04828f4ee1fb,JHOLY'S RENTAL,Yamaha Xmax,motorbike,monthly,4000000,Rp. 4 Jt,IDR,False,https://jholysrental.com/
df5f04828f4ee1fb-v18,df5f04828f4ee1fb,JHOLY'S RENTAL,Honda Adv,motorbike,daily,175000,Rp. 175K,IDR,True,https://jholysrental.com/
df5f04828f4ee1fb-v19,df5f04828f4ee1fb,JHOLY'S RENTAL,Honda Adv,motorbike,weekly,1050000,Rp. 1.050K,IDR,False,https://jholysrental.com/
df5f04828f4ee1fb-v20,df5f04828f4ee1fb,JHOLY'S RENTAL,Honda Adv,motorbike,monthly,2500000,Rp. 2.500K,IDR,False,https://jholysrental.com/
df5f04828f4ee1fb-v21,df5f04828f4ee1fb,JHOLY'S RENTAL,Yamaha Nmax New,motorbike,daily,175000,Rp. 175k,IDR,True,https://jholysrental.com/
df5f04828f4ee1fb-v22,df5f04828f4ee1fb,JHOLY'S RENTAL,Yamaha Nmax New,motorbike,weekly,1050000,Rp. 1.050K,IDR,False,https://jholysrental.com/
df5f04828f4ee1fb-v23,df5f04828f4ee1fb,JHOLY'S RENTAL,Yamaha Nmax New,motorbike,monthly,2500000,Rp. 2.500K,IDR,False,https://jholysrental.com/
df5f04828f4ee1fb-v24,df5f04828f4ee1fb,JHOLY'S RENTAL,Yamaha Xsr,motorbike,daily,200000,Rp. 200K,IDR,True,https://jholysrental.com/
df5f04828f4ee1fb-v25,df5f04828f4ee1fb,JHOLY'S RENTAL,Yamaha Xsr,motorbike,weekly,1200000,Rp. 1.200K,IDR,False,https://jholysrental.com/
df5f04828f4ee1fb-v26,df5f04828f4ee1fb,JHOLY'S RENTAL,Yamaha Xsr,motorbike,monthly,3000000,Rp. 3.000K,IDR,False,https://jholysrental.com/
df5f04828f4ee1fb-v27,df5f04828f4ee1fb,JHOLY'S RENTAL,Dirt Bike,motorbike,per day,,,USD,True,https://jholysrental.com/rental-policy
b08d6f1c7f697dab-v0,b08d6f1c7f697dab,Sadewa Rental,Yamaha NMax Neo 155 CC,scooter,per day,170000,IDR 170.000 /day,IDR,True,https://www.sadewamotorbikerental.com/
b08d6f1c7f697dab-v1,b08d6f1c7f697dab,Sadewa Rental,Honda PCX 160 CC,scooter,per day,150000,IDR 150.000 /day,IDR,True,https://www.sadewamotorbikerental.com/
b08d6f1c7f697dab-v2,b08d6f1c7f697dab,Sadewa Rental,Yamaha XMax 250 CC Box,scooter,per day,300000,IDR 300.000 /day,IDR,True,https://www.sadewamotorbikerental.com/
b08d6f1c7f697dab-v3,b08d6f1c7f697dab,Sadewa Rental,Yamaha XMax 250 CC,scooter,per day,275000,IDR 275.000 /day,IDR,True,https://www.sadewamotorbikerental.com/
b08d6f1c7f697dab-v4,b08d6f1c7f697dab,Sadewa Rental,Yamaha NMax 155 CC Surfrack,scooter,per day,160000,IDR 160.000 /day,IDR,True,https://www.sadewamotorbikerental.com/
b08d6f1c7f697dab-v5,b08d6f1c7f697dab,Sadewa Rental,Honda Vario 125 CC Surfrack,scooter,per day,100000,IDR 100.000 /day,IDR,True,https://www.sadewamotorbikerental.com/
b08d6f1c7f697dab-v6,b08d6f1c7f697dab,Sadewa Rental,Honda ADV 160 CC,scooter,per day,170000,IDR 170.000 /day,IDR,True,https://www.sadewamotorbikerental.com/
b08d6f1c7f697dab-v7,b08d6f1c7f697dab,Sadewa Rental,Honda Beat 110 CC,scooter,per day,90000,IDR 90.000 /day,IDR,True,https://www.sadewamotorbikerental.com/
b08d6f1c7f697dab-v8,b08d6f1c7f697dab,Sadewa Rental,Yamaha Fazzio 125 CC,scooter,per day,100000,IDR 100.000 /day,IDR,True,https://www.sadewamotorbikerental.com/
b08d6f1c7f697dab-v9,b08d6f1c7f697dab,Sadewa Rental,Yamaha Fillano 125 CC,scooter,per day,120000,IDR 120.000 /day,IDR,True,https://www.sadewamotorbikerental.com/
b08d6f1c7f697dab-v10,b08d6f1c7f697dab,Sadewa Rental,Yamaha NMax 155 CC,scooter,per day,130000,IDR 130.000 /day,IDR,True,https://www.sadewamotorbikerental.com/
b08d6f1c7f697dab-v11,b08d6f1c7f697dab,Sadewa Rental,Honda Scoopy 115 CC,scooter,per day,100000,IDR 100.000 /day,IDR,True,https://www.sadewamotorbikerental.com/
b08d6f1c7f697dab-v12,b08d6f1c7f697dab,Sadewa Rental,Yamaha NMax 155 CC Box,scooter,per day,150000,IDR 150.000 /day,IDR,True,https://www.sadewamotorbikerental.com/
b08d6f1c7f697dab-v13,b08d6f1c7f697dab,Sadewa Rental,HONDA BEAT 110 CC,motorbike,per day,80000,IDR 80.000,IDR,True,https://www.sadewamotorbikerental.com/2023/09/home.html
b08d6f1c7f697dab-v14,b08d6f1c7f697dab,Sadewa Rental,YAMAHA NMAX 155 CC,motorbike,per day,150000,IDR 150.000,IDR,True,https://www.sadewamotorbikerental.com/2023/09/home.html
b08d6f1c7f697dab-v15,b08d6f1c7f697dab,Sadewa Rental,HONDA SCOOPY 115 CC,motorbike,per day,80000,IDR 80.000,IDR,True,https://www.sadewamotorbikerental.com/2023/09/home.html
b08d6f1c7f697dab-v16,b08d6f1c7f697dab,Sadewa Rental,HONDA SCOOPY 115 CC,motorbike,per day,100000,IDR 100.000,IDR,True,https://www.sadewamotorbikerental.com/2023/09/home.html
b08d6f1c7f697dab-v17,b08d6f1c7f697dab,Sadewa Rental,HONDA VARIO 125 CC,motorbike,per day,80000,IDR 80.000,IDR,True,https://www.sadewamotorbikerental.com/2023/09/home.html
b08d6f1c7f697dab-v18,b08d6f1c7f697dab,Sadewa Rental,HONDA VARIO 150 CC,motorbike,per day,120000,IDR 120.000,IDR,True,https://www.sadewamotorbikerental.com/2023/09/home.html
b08d6f1c7f697dab-v19,b08d6f1c7f697dab,Sadewa Rental,HONDA PCX 160 CC,motorbike,per day,175000,IDR 175.000,IDR,True,https://www.sadewamotorbikerental.com/2023/09/home.html
b08d6f1c7f697dab-v20,b08d6f1c7f697dab,Sadewa Rental,YAMAHA NMAX WITH BOX,motorbike,per day,200000,IDR 200.000,IDR,True,https://www.sadewamotorbikerental.com/2023/09/home.html
b08d6f1c7f697dab-v21,b08d6f1c7f697dab,Sadewa Rental,YAMAHA XMAX 250 CC,motorbike,per day,300000,IDR 300.000,IDR,True,https://www.sadewamotorbikerental.com/2023/09/home.html
b08d6f1c7f697dab-v22,b08d6f1c7f697dab,Sadewa Rental,YAMAHA NMAX 155 CC WITH RACK,motorbike,per day,175000,IDR 175.000,IDR,True,https://www.sadewamotorbikerental.com/2023/09/home.html
b08d6f1c7f697dab-v23,b08d6f1c7f697dab,Sadewa Rental,YAMAHA FAZZIO,motorbike,per day,100000,IDR 100.000,IDR,True,https://www.sadewamotorbikerental.com/2023/09/home.html
f6019125e3dfd8d1-v0,f6019125e3dfd8d1,Scooter and Motorcycle Rental,Scooter 50cc,scooter,per day,,60 ₾,GEL,True,https://yandex.com/maps/org/scooter_and_motorcycle_rental/14681696539/prices
f6019125e3dfd8d1-v1,f6019125e3dfd8d1,Scooter and Motorcycle Rental,Scooter 125cc,scooter,per day,,70 ₾,GEL,True,https://yandex.com/maps/org/scooter_and_motorcycle_rental/14681696539/prices
f6019125e3dfd8d1-v2,f6019125e3dfd8d1,Scooter and Motorcycle Rental,Motorbike,motorbike,per day,,150 ₾,GEL,True,https://yandex.com/maps/org/scooter_and_motorcycle_rental/14681696539/prices
f6019125e3dfd8d1-v3,f6019125e3dfd8d1,Scooter and Motorcycle Rental,Preparation for A category license,other,per hour,,60 ₾,GEL,True,https://yandex.com/maps/org/scooter_and_motorcycle_rental/14681696539/prices
f6019125e3dfd8d1-v4,f6019125e3dfd8d1,Scooter and Motorcycle Rental,Scooter,scooter,per day,,,IDR,False,https://yandex.com/maps/org/bike_scooter_rental_nusa_dua_mara_bike_rental/102561903905/
75ec0a0dee7539e8-v0,75ec0a0dee7539e8,Bali Nusa Rent Car,TOYOTA AGYA AT,car,per day,,US $27 / Day,USD,True,https://www.balinusarentcar.com/
75ec0a0dee7539e8-v1,75ec0a0dee7539e8,Bali Nusa Rent Car,HONDA BRIO AT,car,per day,,US $32 / Day,USD,True,https://www.balinusarentcar.com/
75ec0a0dee7539e8-v2,75ec0a0dee7539e8,Bali Nusa Rent Car,TOYOTA AVANZA MT,car,per day,,US $32 / Day,USD,True,https://www.balinusarentcar.com/
75ec0a0dee7539e8-v3,75ec0a0dee7539e8,Bali Nusa Rent Car,TOYOTA RAIZE SUV AT,car,per day,,US $37 / Day,USD,True,https://www.balinusarentcar.com/
75ec0a0dee7539e8-v4,75ec0a0dee7539e8,Bali Nusa Rent Car,TOYOTA AVANZA AT,car,per day,,US $35 / Day,USD,True,https://www.balinusarentcar.com/
75ec0a0dee7539e8-v5,75ec0a0dee7539e8,Bali Nusa Rent Car,DAIHATSU TERIOS SUV AT,car,per day,,US $40 / Day,USD,True,https://www.balinusarentcar.com/
75ec0a0dee7539e8-v6,75ec0a0dee7539e8,Bali Nusa Rent Car,MITSUBISHI XPANDER AT,car,per day,,US $45 / Day,USD,True,https://www.balinusarentcar.com/
75ec0a0dee7539e8-v7,75ec0a0dee7539e8,Bali Nusa Rent Car,SUZUKI APV MT,car,per day,,US $35 / Day,USD,True,https://www.balinusarentcar.com/
75ec0a0dee7539e8-v8,75ec0a0dee7539e8,Bali Nusa Rent Car,TOYOTA INNOVA MT,car,per day,,US $47 / Day,USD,True,https://www.balinusarentcar.com/
57ebf6963fcd0c44-v0,57ebf6963fcd0c44,PT Bali Tirtha Trans,Agya/Ayla 2023,car,per day,265000,IDR265K/ Hari,IDR,True,https://www.balitirthatrans.com/
57ebf6963fcd0c44-v1,57ebf6963fcd0c44,PT Bali Tirtha Trans,Honda Brio 2024,car,per day,300000,IDR300K/ Hari,IDR,True,https://www.balitirthatrans.com/
57ebf6963fcd0c44-v2,57ebf6963fcd0c44,PT Bali Tirtha Trans,New WRV 2025,car,per day,350000,IDR350K/ Hari,IDR,True,https://www.balitirthatrans.com/
57ebf6963fcd0c44-v3,57ebf6963fcd0c44,PT Bali Tirtha Trans,New HRV 2025,car,per day,600000,IDR600K/ Hari,IDR,True,https://www.balitirthatrans.com/
57ebf6963fcd0c44-v4,57ebf6963fcd0c44,PT Bali Tirtha Trans,Avansa 2022,car,per day,350000,IDR350K/ Hari,IDR,True,https://www.balitirthatrans.com/
57ebf6963fcd0c44-v5,57ebf6963fcd0c44,PT Bali Tirtha Trans,Xpander 2023,car,per day,350000,IDR350K/ Hari,IDR,True,https://www.balitirthatrans.com/
57ebf6963fcd0c44-v6,57ebf6963fcd0c44,PT Bali Tirtha Trans,Toyota Raize 2023,car,per day,350000,IDR350K/ Hari,IDR,True,https://www.balitirthatrans.com/
57ebf6963fcd0c44-v7,57ebf6963fcd0c44,PT Bali Tirtha Trans,Inova Reborn 2024,car,per day,550000,IDR550K/ Hari,IDR,True,https://www.balitirthatrans.com/
57ebf6963fcd0c44-v8,57ebf6963fcd0c44,PT Bali Tirtha Trans,Hyundai Stargazer Prime,car,12 hours,500000,IDR500K/ 12 jam,IDR,True,https://www.balitirthatrans.com/
57ebf6963fcd0c44-v9,57ebf6963fcd0c44,PT Bali Tirtha Trans,Inova Zenix,car,12 hours,750000,IDR750K/ 12 jam,IDR,True,https://www.balitirthatrans.com/
57ebf6963fcd0c44-v10,57ebf6963fcd0c44,PT Bali Tirtha Trans,Toyota Fortuner 2022,car,12 hours,1350000,IDR1.350K/ 12 jam,IDR,True,https://www.balitirthatrans.com/
57ebf6963fcd0c44-v11,57ebf6963fcd0c44,PT Bali Tirtha Trans,All New Avanza 2022,car,12 hours,475000,IDR475K/ 12 jam,IDR,True,https://www.balitirthatrans.com/
57ebf6963fcd0c44-v12,57ebf6963fcd0c44,PT Bali Tirtha Trans,Mitsubishi Xpander 2023,car,12 hours,500000,IDR500K/ 12 jam,IDR,True,https://www.balitirthatrans.com/
57ebf6963fcd0c44-v13,57ebf6963fcd0c44,PT Bali Tirtha Trans,Innova Reborn Diesel 2024,car,12 hours,700000,IDR700K/ 12 jam,IDR,True,https://www.balitirthatrans.com/
6608d82ea52c3f13-v0,6608d82ea52c3f13,Bali Tirtha Tour,New Avanza 2019,car,per day,275000,IDR 275K,IDR,True,https://balitirthatour.com/
6608d82ea52c3f13-v1,6608d82ea52c3f13,Bali Tirtha Tour,Suzuki Ertiga,car,per day,275000,IDR 275K,IDR,True,https://balitirthatour.com/
6608d82ea52c3f13-v2,6608d82ea52c3f13,Bali Tirtha Tour,Innova Reborn Matic Diesel,car,12 hours,850000,IDR 850.000,IDR,False,https://balitirthatour.com/
6608d82ea52c3f13-v3,6608d82ea52c3f13,Bali Tirtha Tour,Innova Reborn Matic Diesel,car,24 hours,550000,IDR 550.000,IDR,False,https://balitirthatour.com/
6608d82ea52c3f13-v4,6608d82ea52c3f13,Bali Tirtha Tour,Toyota Rush Matic 2023,car,12 hours,650000,IDR 650.000,IDR,False,https://balitirthatour.com/
6608d82ea52c3f13-v5,6608d82ea52c3f13,Bali Tirtha Tour,Toyota Rush Matic 2023,car,24 hours,350000,IDR 350.000,IDR,False,https://balitirthatour.com/
6608d82ea52c3f13-v6,6608d82ea52c3f13,Bali Tirtha Tour,Xpander GLS Matic 2023,car,12 hours,650000,IDR 650.000,IDR,False,https://balitirthatour.com/
6608d82ea52c3f13-v7,6608d82ea52c3f13,Bali Tirtha Tour,Xpander GLS Matic 2023,car,24 hours,350000,IDR 350.000,IDR,False,https://balitirthatour.com/
6608d82ea52c3f13-v8,6608d82ea52c3f13,Bali Tirtha Tour,Xenia Matic 2018,car,12 hours,550000,IDR 550.000,IDR,False,https://balitirthatour.com/
6608d82ea52c3f13-v9,6608d82ea52c3f13,Bali Tirtha Tour,Xenia Matic 2018,car,24 hours,275000,IDR 275.000,IDR,False,https://balitirthatour.com/
6608d82ea52c3f13-v10,6608d82ea52c3f13,Bali Tirtha Tour,Avanza Matic 2022,car,12 hours,650000,IDR 650.000,IDR,False,https://balitirthatour.com/
6608d82ea52c3f13-v11,6608d82ea52c3f13,Bali Tirtha Tour,Avanza Matic 2022,car,24 hours,350000,IDR 350.000,IDR,False,https://balitirthatour.com/
6608d82ea52c3f13-v12,6608d82ea52c3f13,Bali Tirtha Tour,New HRV 2025,car,12 hours,850000,IDR 850.000,IDR,False,https://balitirthatour.com/
6608d82ea52c3f13-v13,6608d82ea52c3f13,Bali Tirtha Tour,New HRV 2025,car,24 hours,600000,IDR 600.000,IDR,False,https://balitirthatour.com/
6608d82ea52c3f13-v14,6608d82ea52c3f13,Bali Tirtha Tour,New Xpander Exceed 2023,car,12 hours,650000,IDR 650.000,IDR,False,https://balitirthatour.com/
6608d82ea52c3f13-v15,6608d82ea52c3f13,Bali Tirtha Tour,New Xpander Exceed 2023,car,24 hours,375000,IDR 375.000,IDR,False,https://balitirthatour.com/
6608d82ea52c3f13-v16,6608d82ea52c3f13,Bali Tirtha Tour,New All Avanza 2022,car,12 hours,650000,IDR 650.000,IDR,False,https://balitirthatour.com/
6608d82ea52c3f13-v17,6608d82ea52c3f13,Bali Tirtha Tour,New All Avanza 2022,car,24 hours,350000,IDR 350.000,IDR,False,https://balitirthatour.com/
6608d82ea52c3f13-v18,6608d82ea52c3f13,Bali Tirtha Tour,Innova Xenic 2023,car,12 hours,1000000,IDR 1000.000,IDR,False,https://balitirthatour.com/
6608d82ea52c3f13-v19,6608d82ea52c3f13,Bali Tirtha Tour,Innova Xenic 2023,car,24 hours,600000,IDR 600.000,IDR,False,https://balitirthatour.com/
6608d82ea52c3f13-v20,6608d82ea52c3f13,Bali Tirtha Tour,Alphard Face Lift,car,12 hours,2500000,IDR 2.500.000,IDR,False,https://balitirthatour.com/
6608d82ea52c3f13-v21,6608d82ea52c3f13,Bali Tirtha Tour,Hiace Premio 2022,car,12 hours,1600000,IDR 1.600.000,IDR,False,https://balitirthatour.com/
6608d82ea52c3f13-v22,6608d82ea52c3f13,Bali Tirtha Tour,Brio Matic 2022,car,12 hours,500000,IDR 500.000,IDR,False,https://balitirthatour.com/
6608d82ea52c3f13-v23,6608d82ea52c3f13,Bali Tirtha Tour,Brio Matic 2022,car,24 hours,275000,IDR 275.000,IDR,False,https://balitirthatour.com/
6608d82ea52c3f13-v24,6608d82ea52c3f13,Bali Tirtha Tour,Agya Matic 2020,car,12 hours,475000,IDR 475.000,IDR,False,https://balitirthatour.com/
6608d82ea52c3f13-v25,6608d82ea52c3f13,Bali Tirtha Tour,Agya Matic 2020,car,24 hours,250000,IDR 250.000,IDR,False,https://balitirthatour.com/
6608d82ea52c3f13-v26,6608d82ea52c3f13,Bali Tirtha Tour,Agya Manual 2020,car,12 hours,475000,IDR 475.000,IDR,False,https://balitirthatour.com/
6608d82ea52c3f13-v27,6608d82ea52c3f13,Bali Tirtha Tour,Agya Manual 2020,car,24 hours,225000,IDR 225.000,IDR,False,https://balitirthatour.com/
6608d82ea52c3f13-v28,6608d82ea52c3f13,Bali Tirtha Tour,Toyota Raize 2022,car,12 hours,650000,IDR 650.000,IDR,False,https://balitirthatour.com/
6608d82ea52c3f13-v29,6608d82ea52c3f13,Bali Tirtha Tour,Toyota Raize 2022,car,24 hours,375000,IDR 375.000,IDR,False,https://balitirthatour.com/
6608d82ea52c3f13-v30,6608d82ea52c3f13,Bali Tirtha Tour,Ayla Matic 2023,car,12 hours,500000,IDR 500.000,IDR,False,https://balitirthatour.com/
6608d82ea52c3f13-v31,6608d82ea52c3f13,Bali Tirtha Tour,Ayla Matic 2023,car,24 hours,275000,IDR 275.000,IDR,False,https://balitirthatour.com/
6608d82ea52c3f13-v32,6608d82ea52c3f13,Bali Tirtha Tour,Brio Matic 2023,car,12 hours,500000,IDR 500.000,IDR,False,https://balitirthatour.com/
6608d82ea52c3f13-v33,6608d82ea52c3f13,Bali Tirtha Tour,Brio Matic 2023,car,24 hours,275000,IDR 275.000,IDR,False,https://balitirthatour.com/
6608d82ea52c3f13-v34,6608d82ea52c3f13,Bali Tirtha Tour,Brio Manual 2023,car,12 hours,500000,IDR 500.000,IDR,False,https://balitirthatour.com/
6608d82ea52c3f13-v35,6608d82ea52c3f13,Bali Tirtha Tour,Brio Manual 2023,car,24 hours,275000,IDR 275.000,IDR,False,https://balitirthatour.com/
6608d82ea52c3f13-v36,6608d82ea52c3f13,Bali Tirtha Tour,Stargeser Frime 2023,car,12 hours,700000,IDR 700.000,IDR,False,https://balitirthatour.com/
6608d82ea52c3f13-v37,6608d82ea52c3f13,Bali Tirtha Tour,Stargeser Frime 2023,car,24 hours,375000,IDR 375.000,IDR,False,https://balitirthatour.com/
6608d82ea52c3f13-v38,6608d82ea52c3f13,Bali Tirtha Tour,Ayla Manual 2019,car,12 hours,450000,IDR 450.000,IDR,False,https://balitirthatour.com/
6608d82ea52c3f13-v39,6608d82ea52c3f13,Bali Tirtha Tour,Ayla Manual 2019,car,24 hours,200000,IDR 200.000,IDR,False,https://balitirthatour.com/
6563b2084b36dcc2-v0,6563b2084b36dcc2,DG Rent,Honda Vario CW,scooter,Bulanan,650000,IDR 650k,IDR,True,https://www.sewamotorbulanandibali.com/
6563b2084b36dcc2-v1,6563b2084b36dcc2,DG Rent,Yamaha Mio J,scooter,Bulanan,700000,IDR 700k,IDR,True,https://www.sewamotorbulanandibali.com/
6563b2084b36dcc2-v2,6563b2084b36dcc2,DG Rent,Honda Beat FI,scooter,Bulanan,750000,IDR 750k,IDR,True,https://www.sewamotorbulanandibali.com/
6563b2084b36dcc2-v3,6563b2084b36dcc2,DG Rent,Honda Vario FI 110,scooter,Bulanan,800000,IDR 800k,IDR,True,https://www.sewamotorbulanandibali.com/
6563b2084b36dcc2-v4,6563b2084b36dcc2,DG Rent,Honda Scoopy,scooter,Bulanan,800000,IDR 800k,IDR,True,https://www.sewamotorbulanandibali.com/
6563b2084b36dcc2-v5,6563b2084b36dcc2,DG Rent,Honda Vario 125,scooter,Bulanan,900000,IDR 900k,IDR,True,https://www.sewamotorbulanandibali.com/
6563b2084b36dcc2-v6,6563b2084b36dcc2,DG Rent,Honda New Scoopy,scooter,Mingguan,350000,IDR 350k,IDR,True,https://www.sewamotorbulanandibali.com/
6563b2084b36dcc2-v7,6563b2084b36dcc2,DG Rent,Honda Fazzio,scooter,Mingguan,400000,IDR 400k,IDR,True,https://www.sewamotorbulanandibali.com/
6563b2084b36dcc2-v8,6563b2084b36dcc2,DG Rent,Honda Vario 150,scooter,Mingguan,400000,IDR 400k,IDR,True,https://www.sewamotorbulanandibali.com/
6563b2084b36dcc2-v9,6563b2084b36dcc2,DG Rent,Beat FI,scooter,per month,,,IDR,False,https://www.sewamotorbulanandibali.com/cara-sewa
6563b2084b36dcc2-v10,6563b2084b36dcc2,DG Rent,Vario FI,scooter,per month,,,IDR,False,https://www.sewamotorbulanandibali.com/cara-sewa
6563b2084b36dcc2-v11,6563b2084b36dcc2,DG Rent,Mio J,scooter,per month,,,IDR,False,https://www.sewamotorbulanandibali.com/cara-sewa
6563b2084b36dcc2-v12,6563b2084b36dcc2,DG Rent,Vario CW,scooter,per month,,,IDR,False,https://www.sewamotorbulanandibali.com/cara-sewa
6563b2084b36dcc2-v13,6563b2084b36dcc2,DG Rent,Scoopy,scooter,per month,,,IDR,False,https://www.sewamotorbulanandibali.com/cara-sewa
6563b2084b36dcc2-v14,6563b2084b36dcc2,DG Rent,Vario Fi 160,scooter,per month,,,IDR,False,https://www.sewamotorbulanandibali.com/cara-sewa
6c1d897157edeaf3-v0,6c1d897157edeaf3,Pandora car hire Antalya Airport,Renault Clio 5 or similar,car,per day,,From € 23 per day,EUR,True,https://www.easyterra.com/pandora/car-rental-antalya-airport.html
6c1d897157edeaf3-v1,6c1d897157edeaf3,Pandora car hire Antalya Airport,Peugeot 301 or similar,car,per day,,From € 25 per day,EUR,True,https://www.easyterra.com/pandora/car-rental-antalya-airport.html
6c1d897157edeaf3-v2,6c1d897157edeaf3,Pandora car hire Antalya Airport,Fiat Egea or similar,car,per day,,From € 25 per day,EUR,True,https://www.easyterra.com/pandora/car-rental-antalya-airport.html
6c1d897157edeaf3-v3,6c1d897157edeaf3,Pandora car hire Antalya Airport,Dacia Jogger or similar,other,per day,,From € 41 per day,EUR,True,https://www.easyterra.com/pandora/car-rental-antalya-airport.html
6c1d897157edeaf3-v4,6c1d897157edeaf3,Pandora car hire Antalya Airport,Peugeot Traveller or similar,van,per day,,From € 70 per day,EUR,True,https://www.easyterra.com/pandora/car-rental-antalya-airport.html
6c1d897157edeaf3-v5,6c1d897157edeaf3,Pandora car hire Antalya Airport,Suzuki Celerio,car,per day,,From 30/day,IDR,True,https://www.easyterra.com/indonesia/car-rental-denpasar.html
6c1d897157edeaf3-v6,6c1d897157edeaf3,Pandora car hire Antalya Airport,Chevrolet Trailblazer Ss,car,per day,,From 50/day,IDR,True,https://www.easyterra.com/indonesia/car-rental-denpasar.html
6c1d897157edeaf3-v7,6c1d897157edeaf3,Pandora car hire Antalya Airport,Toyota Yaris Cross,car,per day,,From 40/day,IDR,True,https://www.easyterra.com/indonesia/car-rental-denpasar.html
abd69e705ed528e1-v0,abd69e705ed528e1,Rhinocarhire,Toyota Aygo,car,per day,,From 24.41 EUR/day,EUR,True,https://www.rhinocarhire.com/Indonesia/Denpasar-Airport-Car-Hire.aspx
abd69e705ed528e1-v1,abd69e705ed528e1,Rhinocarhire,Kia Stonic,car,per day,,From 26.41 EUR/day,EUR,True,https://www.rhinocarhire.com/Indonesia/Denpasar-Airport-Car-Hire.aspx
abd69e705ed528e1-v2,abd69e705ed528e1,Rhinocarhire,Toyota Raize,car,per day,,From 26.41 EUR/day,EUR,True,https://www.rhinocarhire.com/Indonesia/Denpasar-Airport-Car-Hire.aspx
abd69e705ed528e1-v3,abd69e705ed528e1,Rhinocarhire,Wuling Binguo,car,per day,,From 31.40 EUR/day,EUR,True,https://www.rhinocarhire.com/Indonesia/Denpasar-Airport-Car-Hire.aspx
abd69e705ed528e1-v4,abd69e705ed528e1,Rhinocarhire,Wuling Binguo,car,per day,,From 30.42 EUR/day,EUR,True,https://www.rhinocarhire.com/Indonesia/Denpasar-Airport-Car-Hire.aspx
abd69e705ed528e1-v5,abd69e705ed528e1,Rhinocarhire,Wuling Binguo,car,per day,,From 29.41 EUR/day,EUR,True,https://www.rhinocarhire.com/Indonesia/Denpasar-Airport-Car-Hire.aspx
d3a7b5cdcaca760f-v0,d3a7b5cdcaca760f,Car rental in Tunisia,Mini category car,car,per day,,$57,USD,True,https://www.liligo.com/car-rental/tunisia
d3a7b5cdcaca760f-v1,d3a7b5cdcaca760f,Car rental in Tunisia,Economy category car,car,per day,,$51,USD,True,https://www.liligo.com/car-rental/tunisia
d3a7b5cdcaca760f-v2,d3a7b5cdcaca760f,Car rental in Tunisia,Intermediate category car,car,per day,,$81,USD,True,https://www.liligo.com/car-rental/tunisia
d3a7b5cdcaca760f-v3,d3a7b5cdcaca760f,Car rental in Tunisia,Luxury car (Premium category),car,per day,,$101,USD,True,https://www.liligo.com/car-rental/tunisia
d3a7b5cdcaca760f-v4,d3a7b5cdcaca760f,Car rental in Tunisia,Economy car in Tunis,car,per day,,$49,USD,True,https://www.liligo.com/car-rental/tunisia
d3a7b5cdcaca760f-v5,d3a7b5cdcaca760f,Car rental in Tunisia,Economy car in Djerba,car,per day,,$55,USD,True,https://www.liligo.com/car-rental/tunisia
d3a7b5cdcaca760f-v6,d3a7b5cdcaca760f,Car rental in Tunisia,Economy car in Sfax,car,per day,,$57,USD,True,https://www.liligo.com/car-rental/tunisia
d3a7b5cdcaca760f-v7,d3a7b5cdcaca760f,Car rental in Tunisia,Economy car in Monastir,car,per day,,$67,USD,True,https://www.liligo.com/car-rental/tunisia
d3a7b5cdcaca760f-v8,d3a7b5cdcaca760f,Car rental in Tunisia,Economy car in Enfidha,car,per day,,$68,USD,True,https://www.liligo.com/car-rental/tunisia
d3a7b5cdcaca760f-v9,d3a7b5cdcaca760f,Car rental in Tunisia,Economy category car (cheapest found),car,per day,,$29,USD,True,https://www.liligo.com/car-rental/tunisia
d3a7b5cdcaca760f-v10,d3a7b5cdcaca760f,Car rental in Tunisia,Toyota Aygo,other,per day,,$37,USD,True,https://www.liligo.com/car-rental-denpasar
d3a7b5cdcaca760f-v11,d3a7b5cdcaca760f,Car rental in Tunisia,Toyota Avanza,other,per day,,$47,USD,True,https://www.liligo.com/car-rental-denpasar
d3a7b5cdcaca760f-v12,d3a7b5cdcaca760f,Car rental in Tunisia,Toyota Agya,other,per day,,$57,USD,True,https://www.liligo.com/car-rental-denpasar
3ff2bd6ed7ff45ef-v0,3ff2bd6ed7ff45ef,Denpasar Transport,New Avanza (AT/MT),car,24 jam,220000,Rp 220.000,IDR,True,https://denpasartransport.com/
3ff2bd6ed7ff45ef-v1,3ff2bd6ed7ff45ef,Denpasar Transport,New Avanza (AT/MT),car,24 jam,270000,Rp 270.000,IDR,True,https://denpasartransport.com/
3ff2bd6ed7ff45ef-v2,3ff2bd6ed7ff45ef,Denpasar Transport,New Avanza (AT/MT),car,10 jam,550000,Rp. 550.000,IDR,False,https://denpasartransport.com/
3ff2bd6ed7ff45ef-v3,3ff2bd6ed7ff45ef,Denpasar Transport,New Xenia (AT/MT),car,24 jam,220000,Rp 220.000,IDR,True,https://denpasartransport.com/
3ff2bd6ed7ff45ef-v4,3ff2bd6ed7ff45ef,Denpasar Transport,New Xenia (AT/MT),car,24 jam,270000,Rp 270.000,IDR,True,https://denpasartransport.com/
3ff2bd6ed7ff45ef-v5,3ff2bd6ed7ff45ef,Denpasar Transport,New Xenia (AT/MT),car,10 jam,550000,Rp. 550.000,IDR,False,https://denpasartransport.com/
3ff2bd6ed7ff45ef-v6,3ff2bd6ed7ff45ef,Denpasar Transport,Karimun Wagon (MT),car,24 jam,180000,Rp 180.000,IDR,True,https://denpasartransport.com/
3ff2bd6ed7ff45ef-v7,3ff2bd6ed7ff45ef,Denpasar Transport,Agya (AT/MT),car,24 jam,195000,Rp 195.000,IDR,True,https://denpasartransport.com/
3ff2bd6ed7ff45ef-v8,3ff2bd6ed7ff45ef,Denpasar Transport,Agya (AT/MT),car,24 jam,245000,Rp 245.000,IDR,True,https://denpasartransport.com/
3ff2bd6ed7ff45ef-v9,3ff2bd6ed7ff45ef,Denpasar Transport,Ayla (AT/MT),car,24 jam,195000,Rp 195.000,IDR,True,https://denpasartransport.com/
3ff2bd6ed7ff45ef-v10,3ff2bd6ed7ff45ef,Denpasar Transport,Ayla (AT/MT),car,24 jam,245000,Rp 245.000,IDR,True,https://denpasartransport.com/
3ff2bd6ed7ff45ef-v11,3ff2bd6ed7ff45ef,Denpasar Transport,Splash (AT/MT),car,24 jam,245000,Rp 245.000,IDR,True,https://denpasartransport.com/
3ff2bd6ed7ff45ef-v12,3ff2bd6ed7ff45ef,Denpasar Transport,Brio (MT/AT),car,24 jam,220000,Rp 220.000,IDR,True,https://denpasartransport.com/
3ff2bd6ed7ff45ef-v13,3ff2bd6ed7ff45ef,Denpasar Transport,Jazz (AT/MT),car,24 jam,245000,Rp 245.000,IDR,True,https://denpasartransport.com/
3ff2bd6ed7ff45ef-v14,3ff2bd6ed7ff45ef,Denpasar Transport,Ertiga (AT/MT),car,24 jam,220000,Rp 220.000,IDR,True,https://denpasartransport.com/
3ff2bd6ed7ff45ef-v15,3ff2bd6ed7ff45ef,Denpasar Transport,Reborn (AT),car,24 jam,450000,Rp 450.000,IDR,False,https://denpasartransport.com/
3ff2bd6ed7ff45ef-v16,3ff2bd6ed7ff45ef,Denpasar Transport,Hyundai - H1 (AT),car,24 jam,550000,Rp. 550.000,IDR,False,https://denpasartransport.com/
3ff2bd6ed7ff45ef-v17,3ff2bd6ed7ff45ef,Denpasar Transport,Innova (MT/AT),car,24 jam,320000,Rp. 320.000,IDR,True,https://denpasartransport.com/
3ff2bd6ed7ff45ef-v18,3ff2bd6ed7ff45ef,Denpasar Transport,Fortuner (AT),car,24 jam,400000,Rp. 400.000,IDR,False,https://denpasartransport.com/
3ff2bd6ed7ff45ef-v19,3ff2bd6ed7ff45ef,Denpasar Transport,Rush (AT),car,24 jam,300000,Rp. 300.000,IDR,False,https://denpasartransport.com/
3ff2bd6ed7ff45ef-v20,3ff2bd6ed7ff45ef,Denpasar Transport,Alphard,car,12 jam,1500000,Rp. 1.500.000,IDR,False,https://denpasartransport.com/
3ff2bd6ed7ff45ef-v21,3ff2bd6ed7ff45ef,Denpasar Transport,Hiace,van,24 jam,800000,Rp. 800.000,IDR,False,https://denpasartransport.com/
3ff2bd6ed7ff45ef-v22,3ff2bd6ed7ff45ef,Denpasar Transport,Isuzu ELF,van,12 jam,850000,Rp. 850.000,IDR,False,https://denpasartransport.com/
3ff2bd6ed7ff45ef-v23,3ff2bd6ed7ff45ef,Denpasar Transport,Bus,van,12 jam,1200000,Rp. 1.200.000,IDR,False,https://denpasartransport.com/
59184bd09f5cef3f-v0,59184bd09f5cef3f,CV. Tara Bali,Suzuki Splash,car,per day,145000,Rp 145.000 / 24 Jam,IDR,True,https://www.tarabali.com/
59184bd09f5cef3f-v1,59184bd09f5cef3f,CV. Tara Bali,Suzuki Splash Matic,car,per day,200000,Rp 200.000 / 24 Jam,IDR,True,https://www.tarabali.com/
59184bd09f5cef3f-v2,59184bd09f5cef3f,CV. Tara Bali,Suzuki Splash with Driver + BBM,car,per day,400000,Rp 400.000 / 10 Jam,IDR,True,https://www.tarabali.com/
59184bd09f5cef3f-v3,59184bd09f5cef3f,CV. Tara Bali,Karimun Estilo,car,per day,175000,Rp 175.000 / 24 Jam,IDR,True,https://www.tarabali.com/
59184bd09f5cef3f-v4,59184bd09f5cef3f,CV. Tara Bali,Karimun Estilo Matic,car,per day,225000,Rp 225.000 / 24 Jam,IDR,True,https://www.tarabali.com/
59184bd09f5cef3f-v5,59184bd09f5cef3f,CV. Tara Bali,Karimun Estilo with Driver + BBM,car,per day,400000,Rp 400.000 / 10 Jam,IDR,True,https://www.tarabali.com/
59184bd09f5cef3f-v6,59184bd09f5cef3f,CV. Tara Bali,Agya,car,per day,200000,Rp 200.000 / 24 Jam,IDR,True,https://www.tarabali.com/
59184bd09f5cef3f-v7,59184bd09f5cef3f,CV. Tara Bali,Agya Matic,car,per day,250000,Rp 250.000 / 24 Jam,IDR,True,https://www.tarabali.com/
59184bd09f5cef3f-v8,59184bd09f5cef3f,CV. Tara Bali,Agya with Driver + BBM,car,per day,410000,Rp 410.000 / 10 Jam,IDR,True,https://www.tarabali.com/
59184bd09f5cef3f-v9,59184bd09f5cef3f,CV. Tara Bali,Ayla,car,per day,200000,Rp 200.000 / 24 Jam,IDR,True,https://www.tarabali.com/
59184bd09f5cef3f-v10,59184bd09f5cef3f,CV. Tara Bali,Ayla Matic,car,per day,250000,Rp 250.000 / 24 Jam,IDR,True,https://www.tarabali.com/
59184bd09f5cef3f-v11,59184bd09f5cef3f,CV. Tara Bali,Ayla with Driver + BBM,car,per day,410000,Rp 410.000 / 10 Jam,IDR,True,https://www.tarabali.com/
59184bd09f5cef3f-v12,59184bd09f5cef3f,CV. Tara Bali,Brio,car,per day,250000,Rp 250.000 / 24 Jam,IDR,True,https://www.tarabali.com/
59184bd09f5cef3f-v13,59184bd09f5cef3f,CV. Tara Bali,Brio Matic,car,per day,275000,Rp 275.000 / 24 Jam,IDR,True,https://www.tarabali.com/
59184bd09f5cef3f-v14,59184bd09f5cef3f,CV. Tara Bali,Brio with Driver + BBM,car,per day,450000,Rp 450.000 / 10 Jam,IDR,True,https://www.tarabali.com/
59184bd09f5cef3f-v15,59184bd09f5cef3f,CV. Tara Bali,Datsun Go,car,per day,200000,Rp 200.000 / 24 Jam,IDR,True,https://www.tarabali.com/
59184bd09f5cef3f-v16,59184bd09f5cef3f,CV. Tara Bali,Datsun Go Matic,car,per day,250000,Rp 250.000 / 24 Jam,IDR,True,https://www.tarabali.com/
59184bd09f5cef3f-v17,59184bd09f5cef3f,CV. Tara Bali,Datsun Go with Driver + BBM,car,per day,400000,Rp 400.000 / 10 Jam,IDR,True,https://www.tarabali.com/
59184bd09f5cef3f-v18,59184bd09f5cef3f,CV. Tara Bali,Wagon,car,per day,200000,Rp 200.000 / 24 Jam,IDR,True,https://www.tarabali.com/
59184bd09f5cef3f-v19,59184bd09f5cef3f,CV. Tara Bali,Wagon Matic,car,per day,250000,Rp 250.000 / 24 Jam,IDR,True,https://www.tarabali.com/
59184bd09f5cef3f-v20,59184bd09f5cef3f,CV. Tara Bali,Wagon with Driver + BBM,car,per day,400000,Rp 400.000 / 10 Jam,IDR,True,https://www.tarabali.com/
59184bd09f5cef3f-v21,59184bd09f5cef3f,CV. Tara Bali,Raize,car,per day,375000,Rp 375.000 / 24 Jam,IDR,True,https://www.tarabali.com/
59184bd09f5cef3f-v22,59184bd09f5cef3f,CV. Tara Bali,Raize Matic,car,per day,400000,Rp 400.000 / 24 Jam,IDR,True,https://www.tarabali.com/
59184bd09f5cef3f-v23,59184bd09f5cef3f,CV. Tara Bali,Raize with Driver + BBM,car,per day,550000,Rp 550.000 / 10 Jam,IDR,True,https://www.tarabali.com/
59184bd09f5cef3f-v24,59184bd09f5cef3f,CV. Tara Bali,Rocky,car,per day,375000,Rp 375.000 / 24 Jam,IDR,True,https://www.tarabali.com/
59184bd09f5cef3f-v25,59184bd09f5cef3f,CV. Tara Bali,Rocky Matic,car,per day,400000,Rp 400.000 / 24 Jam,IDR,True,https://www.tarabali.com/
59184bd09f5cef3f-v26,59184bd09f5cef3f,CV. Tara Bali,Rocky with Driver + BBM,car,per day,550000,Rp 550.000 / 10 Jam,IDR,True,https://www.tarabali.com/
59184bd09f5cef3f-v27,59184bd09f5cef3f,CV. Tara Bali,Ignis,car,per day,250000,Rp 250.000 / 24 Jam,IDR,True,https://www.tarabali.com/
59184bd09f5cef3f-v28,59184bd09f5cef3f,CV. Tara Bali,Ignis Matic,car,per day,275000,Rp 275.000 / 24 Jam,IDR,True,https://www.tarabali.com/
59184bd09f5cef3f-v29,59184bd09f5cef3f,CV. Tara Bali,Ignis with Driver + BBM,car,per day,450000,Rp 450.000 / 10 Jam,IDR,True,https://www.tarabali.com/
59184bd09f5cef3f-v30,59184bd09f5cef3f,CV. Tara Bali,Yaris,car,per day,325000,Rp 325.000 / 24 Jam,IDR,True,https://www.tarabali.com/
59184bd09f5cef3f-v31,59184bd09f5cef3f,CV. Tara Bali,Yaris Matic,car,per day,350000,Rp 350.000 / 24 Jam,IDR,True,https://www.tarabali.com/
59184bd09f5cef3f-v32,59184bd09f5cef3f,CV. Tara Bali,Yaris with Driver + BBM,car,per day,560000,Rp 560.000 / 10 Jam,IDR,True,https://www.tarabali.com/
59184bd09f5cef3f-v33,59184bd09f5cef3f,CV. Tara Bali,Honda Jazz,car,per day,325000,Rp 325.000 / 24 Jam,IDR,True,https://www.tarabali.com/
59184bd09f5cef3f-v34,59184bd09f5cef3f,CV. Tara Bali,Honda Jazz Matic,car,per day,350000,Rp 350.000 / 24 Jam,IDR,True,https://www.tarabali.com/
59184bd09f5cef3f-v35,59184bd09f5cef3f,CV. Tara Bali,Honda Jazz with Driver + BBM,car,per day,560000,Rp 560.000 / 10 Jam,IDR,True,https://www.tarabali.com/
59184bd09f5cef3f-v36,59184bd09f5cef3f,CV. Tara Bali,Honda HRV,car,per day,425000,Rp 425.000 / 24 Jam,IDR,True,https://www.tarabali.com/
59184bd09f5cef3f-v37,59184bd09f5cef3f,CV. Tara Bali,Honda HRV Matic,car,per day,500000,Rp 500.000 / 24 Jam,IDR,True,https://www.tarabali.com/
59184bd09f5cef3f-v38,59184bd09f5cef3f,CV. Tara Bali,Honda HRV with Driver + BBM,car,per day,650000,Rp 650.000 / 10 Jam,IDR,True,https://www.tarabali.com/
59184bd09f5cef3f-v39,59184bd09f5cef3f,CV. Tara Bali,Honda BRV,car,per day,425000,Rp 425.000 / 24 Jam,IDR,True,https://www.tarabali.com/
59184bd09f5cef3f-v40,59184bd09f5cef3f,CV. Tara Bali,Honda BRV Matic,car,per day,500000,Rp 500.000 / 24 Jam,IDR,True,https://www.tarabali.com/
59184bd09f5cef3f-v41,59184bd09f5cef3f,CV. Tara Bali,Honda BRV with Driver + BBM,car,per day,650000,Rp 650.000 / 10 Jam,IDR,True,https://www.tarabali.com/
59184bd09f5cef3f-v42,59184bd09f5cef3f,CV. Tara Bali,Honda Mobilio,car,per day,325000,Rp 325.000 / 24 Jam,IDR,True,https://www.tarabali.com/
59184bd09f5cef3f-v43,59184bd09f5cef3f,CV. Tara Bali,Honda Mobilio Matic,car,per day,350000,Rp 350.000 / 24 Jam,IDR,True,https://www.tarabali.com/
59184bd09f5cef3f-v44,59184bd09f5cef3f,CV. Tara Bali,Honda Mobilio with Driver + BBM,car,per day,575000,Rp 575.000 / 10 Jam,IDR,True,https://www.tarabali.com/
59184bd09f5cef3f-v45,59184bd09f5cef3f,CV. Tara Bali,Avanza,car,per day,250000,Rp 250.000 / 24 Jam,IDR,True,https://www.tarabali.com/
59184bd09f5cef3f-v46,59184bd09f5cef3f,CV. Tara Bali,Avanza Matic,car,per day,300000,Rp 300.000 / 24 Jam,IDR,True,https://www.tarabali.com/
59184bd09f5cef3f-v47,59184bd09f5cef3f,CV. Tara Bali,Avanza with Driver + BBM,car,per day,475000,Rp 475.000 / 10 Jam,IDR,True,https://www.tarabali.com/
59184bd09f5cef3f-v48,59184bd09f5cef3f,CV. Tara Bali,Xenia,car,per day,250000,Rp 250.000 / 24 Jam,IDR,True,https://www.tarabali.com/
59184bd09f5cef3f-v49,59184bd09f5cef3f,CV. Tara Bali,Xenia Matic,car,per day,300000,Rp 300.000 / 24 Jam,IDR,True,https://www.tarabali.com/
59184bd09f5cef3f-v50,59184bd09f5cef3f,CV. Tara Bali,Xenia with Driver + BBM,car,per day,475000,Rp 475.000 / 10 Jam,IDR,True,https://www.tarabali.com/
59184bd09f5cef3f-v51,59184bd09f5cef3f,CV. Tara Bali,Sigra,car,per day,225000,Rp 225.000 / 24 Jam,IDR,True,https://www.tarabali.com/
59184bd09f5cef3f-v52,59184bd09f5cef3f,CV. Tara Bali,Sigra Matic,car,per day,250000,Rp 250.000 / 24 Jam,IDR,True,https://www.tarabali.com/
59184bd09f5cef3f-v53,59184bd09f5cef3f,CV. Tara Bali,Sigra with Driver + BBM,car,per day,450000,Rp 450.000 / 10 Jam,IDR,True,https://www.tarabali.com/
59184bd09f5cef3f-v54,59184bd09f5cef3f,CV. Tara Bali,Calya,car,per day,225000,Rp 225.000 / 24 Jam,IDR,True,https://www.tarabali.com/
59184bd09f5cef3f-v55,59184bd09f5cef3f,CV. Tara Bali,Calya Matic,car,per day,250000,Rp 250.000 / 24 Jam,IDR,True,https://www.tarabali.com/
59184bd09f5cef3f-v56,59184bd09f5cef3f,CV. Tara Bali,Calya with Driver + BBM,car,per day,450000,Rp 450.000 / 10 Jam,IDR,True,https://www.tarabali.com/
59184bd09f5cef3f-v57,59184bd09f5cef3f,CV. Tara Bali,APV,car,per day,225000,Rp 225.000 / 24 Jam,IDR,True,https://www.tarabali.com/
59184bd09f5cef3f-v58,59184bd09f5cef3f,CV. Tara Bali,APV Matic,car,per day,250000,Rp 250.000 / 24 Jam,IDR,True,https://www.tarabali.com/
59184bd09f5cef3f-v59,59184bd09f5cef3f,CV. Tara Bali,APV with Driver + BBM,car,per day,450000,Rp 450.000 / 10 Jam,IDR,True,https://www.tarabali.com/
59184bd09f5cef3f-v60,59184bd09f5cef3f,CV. Tara Bali,Innova Reborn,car,per day,425000,Rp 425.000 / 24 Jam,IDR,True,https://www.tarabali.com/
59184bd09f5cef3f-v61,59184bd09f5cef3f,CV. Tara Bali,Innova Reborn Matic,car,per day,500000,Rp 500.000 / 24 Jam,IDR,True,https://www.tarabali.com/
59184bd09f5cef3f-v62,59184bd09f5cef3f,CV. Tara Bali,Innova Reborn with Driver + BBM,car,per day,750000,Rp 750.000 / 10 Jam,IDR,True,https://www.tarabali.com/
59184bd09f5cef3f-v63,59184bd09f5cef3f,CV. Tara Bali,Innova Venturer,car,per day,600000,Rp 600.000 / 24 Jam,IDR,True,https://www.tarabali.com/
59184bd09f5cef3f-v64,59184bd09f5cef3f,CV. Tara Bali,Innova Venturer Matic,car,per day,700000,Rp 700.000 / 24 Jam,IDR,True,https://www.tarabali.com/
59184bd09f5cef3f-v65,59184bd09f5cef3f,CV. Tara Bali,Innova Venturer with Driver + BBM,car,per day,1000000,Rp 1.000.000 / 10 Jam,IDR,True,https://www.tarabali.com/
59184bd09f5cef3f-v66,59184bd09f5cef3f,CV. Tara Bali,Kijang Innova,car,per day,375000,Rp 375.000 / 24 Jam,IDR,True,https://www.tarabali.com/
59184bd09f5cef3f-v67,59184bd09f5cef3f,CV. Tara Bali,Kijang Innova Matic,car,per day,400000,Rp 400.000 / 24 Jam,IDR,True,https://www.tarabali.com/
59184bd09f5cef3f-v68,59184bd09f5cef3f,CV. Tara Bali,Kijang Innova with Driver + BBM,car,per day,600000,Rp 600.000 / 10 Jam,IDR,True,https://www.tarabali.com/
59184bd09f5cef3f-v69,59184bd09f5cef3f,CV. Tara Bali,Daihatsu Terios,car,per day,350000,Rp 350.000 / 24 Jam,IDR,True,https://www.tarabali.com/
59184bd09f5cef3f-v70,59184bd09f5cef3f,CV. Tara Bali,Daihatsu Terios Matic,car,per day,400000,Rp 400.000 / 24 Jam,IDR,True,https://www.tarabali.com/
59184bd09f5cef3f-v71,59184bd09f5cef3f,CV. Tara Bali,Daihatsu Terios with Driver + BBM,car,per day,600000,Rp 600.000 / 10 Jam,IDR,True,https://www.tarabali.com/
59184bd09f5cef3f-v72,59184bd09f5cef3f,CV. Tara Bali,Xpander,car,per day,325000,Rp 325.000 / 24 Jam,IDR,True,https://www.tarabali.com/
59184bd09f5cef3f-v73,59184bd09f5cef3f,CV. Tara Bali,Xpander Matic,car,per day,375000,Rp 375.000 / 24 Jam,IDR,True,https://www.tarabali.com/
59184bd09f5cef3f-v74,59184bd09f5cef3f,CV. Tara Bali,Xpander with Driver + BBM,car,per day,650000,Rp 650.000 / 10 Jam,IDR,True,https://www.tarabali.com/
59184bd09f5cef3f-v75,59184bd09f5cef3f,CV. Tara Bali,Ertiga,car,per day,300000,Rp 300.000 / 24 Jam,IDR,True,https://www.tarabali.com/
59184bd09f5cef3f-v76,59184bd09f5cef3f,CV. Tara Bali,Ertiga Matic,car,per day,325000,Rp 325.000 / 24 Jam,IDR,True,https://www.tarabali.com/
59184bd09f5cef3f-v77,59184bd09f5cef3f,CV. Tara Bali,Ertiga with Driver + BBM,car,per day,475000,Rp 475.000 / 10 Jam,IDR,True,https://www.tarabali.com/
59184bd09f5cef3f-v78,59184bd09f5cef3f,CV. Tara Bali,All New Avanza,car,per day,325000,Rp 325.000 / 24 Jam,IDR,True,https://www.tarabali.com/
59184bd09f5cef3f-v79,59184bd09f5cef3f,CV. Tara Bali,All New Avanza Matic,car,per day,375000,Rp 375.000 / 24 Jam,IDR,True,https://www.tarabali.com/
59184bd09f5cef3f-v80,59184bd09f5cef3f,CV. Tara Bali,All New Avanza with Driver + BBM,car,per day,550000,Rp 550.000 / 10 Jam,IDR,True,https://www.tarabali.com/
59184bd09f5cef3f-v81,59184bd09f5cef3f,CV. Tara Bali,All New Xenia,car,per day,325000,Rp 325.000 / 24 Jam,IDR,True,https://www.tarabali.com/
59184bd09f5cef3f-v82,59184bd09f5cef3f,CV. Tara Bali,All New Xenia Matic,car,per day,375000,Rp 375.000 / 24 Jam,IDR,True,https://www.tarabali.com/
59184bd09f5cef3f-v83,59184bd09f5cef3f,CV. Tara Bali,All New Xenia with Driver + BBM,car,per day,550000,Rp 550.000 / 10 Jam,IDR,True,https://www.tarabali.com/
59184bd09f5cef3f-v84,59184bd09f5cef3f,CV. Tara Bali,All New Veloz,car,per day,325000,Rp 325.000 / 24 Jam,IDR,True,https://www.tarabali.com/
59184bd09f5cef3f-v85,59184bd09f5cef3f,CV. Tara Bali,All New Veloz Matic,car,per day,375000,Rp 375.000 / 24 Jam,IDR,True,https://www.tarabali.com/
59184bd09f5cef3f-v86,59184bd09f5cef3f,CV. Tara Bali,All New Veloz with Driver + BBM,car,per day,550000,Rp 550.000 / 10 Jam,IDR,True,https://www.tarabali.com/
59184bd09f5cef3f-v87,59184bd09f5cef3f,CV. Tara Bali,Suzuki XL7,car,per day,350000,Rp 350.000 / 24 Jam,IDR,True,https://www.tarabali.com/
59184bd09f5cef3f-v88,59184bd09f5cef3f,CV. Tara Bali,Suzuki XL7 Matic,car,per day,400000,Rp 400.000 / 24 Jam,IDR,True,https://www.tarabali.com/
59184bd09f5cef3f-v89,59184bd09f5cef3f,CV. Tara Bali,Suzuki XL7 with Driver + BBM,car,per day,650000,Rp 650.000 / 10 Jam,IDR,True,https://www.tarabali.com/
59184bd09f5cef3f-v90,59184bd09f5cef3f,CV. Tara Bali,Hyundai Stargazer,car,per day,400000,Rp 400.000 / 24 Jam,IDR,True,https://www.tarabali.com/
59184bd09f5cef3f-v91,59184bd09f5cef3f,CV. Tara Bali,Hyundai Stargazer Matic,car,per day,450000,Rp 450.000 / 24 Jam,IDR,True,https://www.tarabali.com/
59184bd09f5cef3f-v92,59184bd09f5cef3f,CV. Tara Bali,Hyundai Stargazer with Driver + BBM,car,per day,750000,Rp 750.000 / 10 Jam,IDR,True,https://www.tarabali.com/
59184bd09f5cef3f-v93,59184bd09f5cef3f,CV. Tara Bali,Toyota Rush,car,per day,325000,Rp 325.000 / 24 Jam,IDR,True,https://www.tarabali.com/
59184bd09f5cef3f-v94,59184bd09f5cef3f,CV. Tara Bali,Toyota Rush Matic,car,per day,350000,Rp 350.000 / 24 Jam,IDR,True,https://www.tarabali.com/
59184bd09f5cef3f-v95,59184bd09f5cef3f,CV. Tara Bali,Toyota Rush with Driver + BBM,car,per day,550000,Rp 550.000 / 10 Jam,IDR,True,https://www.tarabali.com/
59184bd09f5cef3f-v96,59184bd09f5cef3f,CV. Tara Bali,Innova Zenix,car,per day,600000,Rp 600.000 / 24 Jam,IDR,True,https://www.tarabali.com/
59184bd09f5cef3f-v97,59184bd09f5cef3f,CV. Tara Bali,Innova Zenix Matic,car,per day,650000,Rp 650.000 / 24 Jam,IDR,True,https://www.tarabali.com/
59184bd09f5cef3f-v98,59184bd09f5cef3f,CV. Tara Bali,Innova Zenix with Driver + BBM,car,per day,1050000,Rp 1.050.000 / 10 Jam,IDR,True,https://www.tarabali.com/
59184bd09f5cef3f-v99,59184bd09f5cef3f,CV. Tara Bali,Toyota Fortuner,car,per day,1000000,Rp 1.000.000 / 24 Jam,IDR,True,https://www.tarabali.com/
59184bd09f5cef3f-v100,59184bd09f5cef3f,CV. Tara Bali,Toyota Fortuner Matic,car,per day,1100000,Rp 1.100.000 / 24 Jam,IDR,True,https://www.tarabali.com/
59184bd09f5cef3f-v101,59184bd09f5cef3f,CV. Tara Bali,Toyota Fortuner with Driver + BBM,car,per day,1500000,Rp 1.500.000 / 12 Jam,IDR,True,https://www.tarabali.com/
59184bd09f5cef3f-v102,59184bd09f5cef3f,CV. Tara Bali,Mitsubishi Pajero,car,per day,1000000,Rp 1.000.000 / 24 Jam,IDR,True,https://www.tarabali.com/
59184bd09f5cef3f-v103,59184bd09f5cef3f,CV. Tara Bali,Mitsubishi Pajero Matic,car,per day,1100000,Rp 1.100.000 / 24 Jam,IDR,True,https://www.tarabali.com/
59184bd09f5cef3f-v104,59184bd09f5cef3f,CV. Tara Bali,Mitsubishi Pajero with Driver + BBM,car,per day,1500000,Rp 1.500.000 / 12 Jam,IDR,True,https://www.tarabali.com/
59184bd09f5cef3f-v105,59184bd09f5cef3f,CV. Tara Bali,Hyundai H1,car,per day,500000,Rp 500.000 / 24 Jam,IDR,True,https://www.tarabali.com/
59184bd09f5cef3f-v106,59184bd09f5cef3f,CV. Tara Bali,Hyundai H1 Matic,car,per day,700000,Rp 700.000 / 24 Jam,IDR,True,https://www.tarabali.com/
59184bd09f5cef3f-v107,59184bd09f5cef3f,CV. Tara Bali,Hyundai H1 with Driver + BBM,car,per day,1000000,Rp 1.000.000 / 10 Jam,IDR,True,https://www.tarabali.com/
59184bd09f5cef3f-v108,59184bd09f5cef3f,CV. Tara Bali,Alphard Transformer,car,per day,2200000,Rp 2.200.000 / 12 Jam,IDR,True,https://www.tarabali.com/
59184bd09f5cef3f-v109,59184bd09f5cef3f,CV. Tara Bali,Toyota Hiace,car,per day,950000,Rp 950.000 / 10 Jam,IDR,True,https://www.tarabali.com/
59184bd09f5cef3f-v110,59184bd09f5cef3f,CV. Tara Bali,Isuzu ELF Long,car,per day,950000,Rp 950.000 / 10 Jam,IDR,True,https://www.tarabali.com/
59184bd09f5cef3f-v111,59184bd09f5cef3f,CV. Tara Bali,Isuzu ELF Short,car,per day,750000,Rp 750.000 / 10 Jam,IDR,True,https://www.tarabali.com/
2d84a3315fedec44-v0,2d84a3315fedec44,Bali Explora,Daihatsu Ayla,car,per day,250000,IDR 250.000,IDR,False,https://baliexplora.com/
2d84a3315fedec44-v1,2d84a3315fedec44,Bali Explora,Daihatsu Ayla (Manual),car,per day,200000,IDR 200.000,IDR,False,https://baliexplora.com/
2d84a3315fedec44-v2,2d84a3315fedec44,Bali Explora,Daihatsu Sigra (Matic),car,per day,275000,IDR 275.000,IDR,False,https://baliexplora.com/
2d84a3315fedec44-v3,2d84a3315fedec44,Bali Explora,Daihatsu Sigra (Manual),car,per day,225000,IDR 225.000,IDR,False,https://baliexplora.com/
2d84a3315fedec44-v4,2d84a3315fedec44,Bali Explora,Toyota Avanza (Matic),car,per day,300000,IDR 300.000,IDR,False,https://baliexplora.com/
2d84a3315fedec44-v5,2d84a3315fedec44,Bali Explora,Toyota Avanza (Manual),car,per day,250000,IDR 250.000,IDR,False,https://baliexplora.com/
2d84a3315fedec44-v6,2d84a3315fedec44,Bali Explora,New Avanza Matic,car,per day,350000,IDR 350.000,IDR,False,https://baliexplora.com/
2d84a3315fedec44-v7,2d84a3315fedec44,Bali Explora,New Terios Matic,car,per day,350000,IDR 350.000,IDR,False,https://baliexplora.com/
2d84a3315fedec44-v8,2d84a3315fedec44,Bali Explora,All New Ertiga Matic,car,per day,300000,IDR 300.000,IDR,False,https://baliexplora.com/
2d84a3315fedec44-v9,2d84a3315fedec44,Bali Explora,Xpander Matic,car,per day,375000,IDR 375.000,IDR,False,https://baliexplora.com/
2d84a3315fedec44-v10,2d84a3315fedec44,Bali Explora,New Roxy Matic,car,per day,350000,IDR 350.000,IDR,False,https://baliexplora.com/
2d84a3315fedec44-v11,2d84a3315fedec44,Bali Explora,Innova Reborn (Matic),car,per day,450000,IDR 450.000,IDR,False,https://baliexplora.com/
2d84a3315fedec44-v12,2d84a3315fedec44,Bali Explora,Innova Reborn (Manual),car,per day,425000,IDR 425.000,IDR,False,https://baliexplora.com/
2d84a3315fedec44-v13,2d84a3315fedec44,Bali Explora,New Honda Brio Matic,car,per day,275000,IDR 275.000,IDR,False,https://baliexplora.com/
2d84a3315fedec44-v14,2d84a3315fedec44,Bali Explora,Honda HRV Matic,car,per day,450000,IDR 450.000,IDR,False,https://baliexplora.com/
2d84a3315fedec44-v15,2d84a3315fedec44,Bali Explora,Yaris Matic,car,per day,300000,IDR 300.000,IDR,False,https://baliexplora.com/
2d84a3315fedec44-v16,2d84a3315fedec44,Bali Explora,Fortuner VRZ,car,per day,1300000,IDR 1.300.000,IDR,False,https://baliexplora.com/
2d84a3315fedec44-v17,2d84a3315fedec44,Bali Explora,BMW E320,car,per day,1700000,IDR 1.700.000,IDR,False,https://baliexplora.com/
2d84a3315fedec44-v18,2d84a3315fedec44,Bali Explora,Raize Matic,car,per day,350000,IDR 350.000,IDR,False,https://baliexplora.com/
2d84a3315fedec44-v19,2d84a3315fedec44,Bali Explora,Avanza / Xenia,car,per day,550000,IDR 550.000 / 12 jam,IDR,False,https://baliexplora.com/
2d84a3315fedec44-v20,2d84a3315fedec44,Bali Explora,New Xenia,car,per day,650000,IDR 650.000 / 12 jam,IDR,False,https://baliexplora.com/
2d84a3315fedec44-v21,2d84a3315fedec44,Bali Explora,New Xpander,car,per day,675000,IDR 675.000 / 12 jam,IDR,False,https://baliexplora.com/
2d84a3315fedec44-v22,2d84a3315fedec44,Bali Explora,New Ertiga,car,per day,600000,IDR 600.000 / 12 jam,IDR,False,https://baliexplora.com/
2d84a3315fedec44-v23,2d84a3315fedec44,Bali Explora,Innova Reborn,car,per day,800000,IDR 800.000 / 12 jam,IDR,False,https://baliexplora.com/
2d84a3315fedec44-v24,2d84a3315fedec44,Bali Explora,Innova Zenix,car,per day,1100000,IDR 1.100.000 / 12 jam,IDR,False,https://baliexplora.com/
2d84a3315fedec44-v25,2d84a3315fedec44,Bali Explora,Alpard Transformer,car,per day,2300000,IDR 2.300.000 / 12 jam,IDR,False,https://baliexplora.com/
2d84a3315fedec44-v26,2d84a3315fedec44,Bali Explora,Fortuner VRZ,car,per day,1500000,IDR 1.500.000 / 12 jam,IDR,False,https://baliexplora.com/
2d84a3315fedec44-v27,2d84a3315fedec44,Bali Explora,Hiace Comuter,car,per day,1200000,IDR 1.200.000 / 12 jam,IDR,False,https://baliexplora.com/
2d84a3315fedec44-v28,2d84a3315fedec44,Bali Explora,Hiace Premio,car,per day,1500000,IDR 1.500.000 / 12 jam,IDR,False,https://baliexplora.com/
729028e60476b9ff-v0,729028e60476b9ff,Kuta Motor Rent,Honda ADV160cc,scooter,Harian,170000,Rp 170.000,IDR,True,https://www.kutamotorrent.com/
729028e60476b9ff-v1,729028e60476b9ff,Kuta Motor Rent,PCX 160cc,scooter,Harian,150000,Rp 150.000,IDR,True,https://www.kutamotorrent.com/
729028e60476b9ff-v2,729028e60476b9ff,Kuta Motor Rent,New Vario 125cc,scooter,Harian,90000,Rp 90.000,IDR,True,https://www.kutamotorrent.com/
729028e60476b9ff-v3,729028e60476b9ff,Kuta Motor Rent,Honda Beat,scooter,Harian,70000,Rp 70.000,IDR,True,https://www.kutamotorrent.com/
729028e60476b9ff-v4,729028e60476b9ff,Kuta Motor Rent,All New Beat,scooter,Harian,75000,Rp 75.000,IDR,True,https://www.kutamotorrent.com/
729028e60476b9ff-v5,729028e60476b9ff,Kuta Motor Rent,All New Scoopy,scooter,Harian,85000,Rp 85.000,IDR,True,https://www.kutamotorrent.com/
729028e60476b9ff-v6,729028e60476b9ff,Kuta Motor Rent,Scoopy 110cc,scooter,Harian,75000,Rp 75.000,IDR,True,https://www.kutamotorrent.com/
729028e60476b9ff-v7,729028e60476b9ff,Kuta Motor Rent,Honda Stylo160cc,scooter,Harian,130000,Rp 130.000,IDR,True,https://www.kutamotorrent.com/
729028e60476b9ff-v8,729028e60476b9ff,Kuta Motor Rent,Beat Street,scooter,Harian,75000,Rp 75.000,IDR,True,https://www.kutamotorrent.com/
729028e60476b9ff-v9,729028e60476b9ff,Kuta Motor Rent,Vario 160cc,scooter,Harian,100000,Rp 100.000,IDR,True,https://www.kutamotorrent.com/
729028e60476b9ff-v10,729028e60476b9ff,Kuta Motor Rent,Vespa S125CC,scooter,Harian,160000,Rp 160.000,IDR,True,https://www.kutamotorrent.com/
729028e60476b9ff-v11,729028e60476b9ff,Kuta Motor Rent,Honda Pcx 150,scooter,Harian,135000,Rp 135.000,IDR,True,https://www.kutamotorrent.com/
729028e60476b9ff-v12,729028e60476b9ff,Kuta Motor Rent,NEW Nmax 155CC,scooter,Harian,150000,Rp 150.000,IDR,True,https://www.kutamotorrent.com/
729028e60476b9ff-v13,729028e60476b9ff,Kuta Motor Rent,Yamaha Lexi,scooter,Harian,105000,Rp 105.000,IDR,True,https://www.kutamotorrent.com/
729028e60476b9ff-v14,729028e60476b9ff,Kuta Motor Rent,Honda Vario 125,scooter,Harian,75000,Rp 75.000,IDR,True,https://www.kutamotorrent.com/
729028e60476b9ff-v15,729028e60476b9ff,Kuta Motor Rent,All New Lexy 155,scooter,Harian,130000,Rp 130.000,IDR,True,https://www.kutamotorrent.com/
729028e60476b9ff-v16,729028e60476b9ff,Kuta Motor Rent,New Nmax Neo S,scooter,Harian,160000,Rp 160.000,IDR,True,https://www.kutamotorrent.com/
729028e60476b9ff-v17,729028e60476b9ff,Kuta Motor Rent,New Grand Filano,scooter,Harian,125000,Rp 125.000,IDR,True,https://www.kutamotorrent.com/
729028e60476b9ff-v18,729028e60476b9ff,Kuta Motor Rent,Honda ADV150,scooter,Harian,150000,Rp 150.000,IDR,True,https://www.kutamotorrent.com/
729028e60476b9ff-v19,729028e60476b9ff,Kuta Motor Rent,New Yamaha Fazzio,scooter,Harian,100000,Rp 100.000,IDR,True,https://www.kutamotorrent.com/
729028e60476b9ff-v20,729028e60476b9ff,Kuta Motor Rent,Honda Scoopy,scooter,per day,,"80,000 IDR",IDR,True,https://www.kutamotorrent.com/contact-us
729028e60476b9ff-v21,729028e60476b9ff,Kuta Motor Rent,Yamaha NMAX,motorbike,per day,,"150,000 IDR",IDR,True,https://www.kutamotorrent.com/contact-us
729028e60476b9ff-v22,729028e60476b9ff,Kuta Motor Rent,Toyota Avanza,car,per day,,"300,000 IDR",IDR,True,https://www.kutamotorrent.com/contact-us
729028e60476b9ff-v23,729028e60476b9ff,Kuta Motor Rent,Mitsubishi L300,van,per day,,"450,000 IDR",IDR,True,https://www.kutamotorrent.com/contact-us
6f3ee939f1926974-v0,6f3ee939f1926974,Travelocity Car Rentals Denver,Midsize SUV,car,per day,,$51 total,USD,True,https://www.travelocity.com/Car-Rentals-In-Denver.d178254.Car-Rental-Guide
6f3ee939f1926974-v1,6f3ee939f1926974,Travelocity Car Rentals Denver,Special SUV,car,per day,,$54 total,USD,True,https://www.travelocity.com/Car-Rentals-In-Denver.d178254.Car-Rental-Guide
6f3ee939f1926974-v2,6f3ee939f1926974,Travelocity Car Rentals Denver,Economy,car,per day,,$56 total,USD,True,https://www.travelocity.com/Car-Rentals-In-Denver.d178254.Car-Rental-Guide
6f3ee939f1926974-v3,6f3ee939f1926974,Travelocity Car Rentals Denver,Compact,car,per day,,$56 total,USD,True,https://www.travelocity.com/Car-Rentals-In-Denver.d178254.Car-Rental-Guide
6f3ee939f1926974-v4,6f3ee939f1926974,Travelocity Car Rentals Denver,Fullsize,car,per day,,$57 total,USD,True,https://www.travelocity.com/Car-Rentals-In-Denver.d178254.Car-Rental-Guide
6f3ee939f1926974-v5,6f3ee939f1926974,Travelocity Car Rentals Denver,Standard,car,per day,,$57 total,USD,True,https://www.travelocity.com/Car-Rentals-In-Denver.d178254.Car-Rental-Guide
6f3ee939f1926974-v6,6f3ee939f1926974,Travelocity Car Rentals Denver,Mini Van,car,per day,,$106 total,USD,True,https://www.travelocity.com/Car-Rentals-In-Denver.d178254.Car-Rental-Guide
6f3ee939f1926974-v7,6f3ee939f1926974,Travelocity Car Rentals Denver,Premium Pickup Regular Cab,car,per day,,$121 total,USD,True,https://www.travelocity.com/Car-Rentals-In-Denver.d178254.Car-Rental-Guide
6f3ee939f1926974-v8,6f3ee939f1926974,Travelocity Car Rentals Denver,Luxury,car,per day,,$139 total,USD,True,https://www.travelocity.com/Car-Rentals-In-Denver.d178254.Car-Rental-Guide
9c76150e045a0a2c-v0,9c76150e045a0a2c,Dian Bali Car Rental,Toyota Agya,car,per day,300000,IDR 300K,IDR,True,https://dianbalicarrental.com/category/car-rental
9c76150e045a0a2c-v1,9c76150e045a0a2c,Dian Bali Car Rental,Daihatsu Ayla,car,per day,300000,IDR 300K,IDR,True,https://dianbalicarrental.com/category/car-rental
9c76150e045a0a2c-v2,9c76150e045a0a2c,Dian Bali Car Rental,Bus 45,van,per day,800000,IDR 800K,IDR,True,https://dianbalicarrental.com/category/car-rental
9c76150e045a0a2c-v3,9c76150e045a0a2c,Dian Bali Car Rental,Bus 35,van,per day,700000,IDR 700K,IDR,True,https://dianbalicarrental.com/category/car-rental
9c76150e045a0a2c-v4,9c76150e045a0a2c,Dian Bali Car Rental,Toyota Hiace,van,per day,600000,IDR 600K,IDR,True,https://dianbalicarrental.com/category/car-rental
9c76150e045a0a2c-v5,9c76150e045a0a2c,Dian Bali Car Rental,Isuzu ELF Giga,van,per day,900000,IDR 900K,IDR,True,https://dianbalicarrental.com/category/car-rental
34df71113786b17e-v0,34df71113786b17e,Top 5 Travel Services in Kuta Utara Sub-district,Sewa Mobil Murah Di Bali Mutia Car Rental,car,per day,,,IDR,False,https://www.wheree.com/Travel_Services-c647-g3361817-Kuta_Utara_Sub_District
34df71113786b17e-v1,34df71113786b17e,Top 5 Travel Services in Kuta Utara Sub-district,Adhi Cakra Car Motor Bike Rental,motorbike,per day,,,IDR,False,https://www.wheree.com/Travel_Services-c647-g3361817-Kuta_Utara_Sub_District
34df71113786b17e-v2,34df71113786b17e,Top 5 Travel Services in Kuta Utara Sub-district,Made Jaya Bali Rent Cars,car,per day,,,IDR,False,https://www.wheree.com/Travel_Services-c647-g3361817-Kuta_Utara_Sub_District
34df71113786b17e-v3,34df71113786b17e,Top 5 Travel Services in Kuta Utara Sub-district,Balico Motorbike Car Luxury Car Rentals,car,per day,,,IDR,False,https://www.wheree.com/Travel_Services-c647-g3361817-Kuta_Utara_Sub_District
34df71113786b17e-v4,34df71113786b17e,Top 5 Travel Services in Kuta Utara Sub-district,Intrepid Moto Guided Motorcycle Tours Bali,motorbike,per day,,,IDR,False,https://www.wheree.com/Travel_Services-c647-g3361817-Kuta_Utara_Sub_District
34df71113786b17e-v5,34df71113786b17e,Top 5 Travel Services in Kuta Utara Sub-district,Honda Scoopy,motorbike,per day,,200,THB,False,https://www.wheree.com/Motorcycle_Dealers-c270-g0216-Thailand
34df71113786b17e-v6,34df71113786b17e,Top 5 Travel Services in Kuta Utara Sub-district,Yamaha NMAX,motorbike,per day,,300,THB,True,https://www.wheree.com/Motorcycle_Dealers-c270-g0216-Thailand
a6c1f3fea443cacc-v0,a6c1f3fea443cacc,Tanjung Bali Rentcar,Ayla,car,per day,300000,IDR300 Ribu,IDR,True,https://id.scribd.com/document/853370476/Rental-Mobil-Denpasar-Utara-Lepas-Kunci-Tarif-Mulai-200-Ribu-Lepas-Kunci-ca
a6c1f3fea443cacc-v1,a6c1f3fea443cacc,Tanjung Bali Rentcar,Agya,car,per day,300000,IDR300 Ribu,IDR,True,https://id.scribd.com/document/853370476/Rental-Mobil-Denpasar-Utara-Lepas-Kunci-Tarif-Mulai-200-Ribu-Lepas-Kunci-ca
a6c1f3fea443cacc-v2,a6c1f3fea443cacc,Tanjung Bali Rentcar,Calya,car,per day,400000,IDR400 Ribu,IDR,True,https://id.scribd.com/document/853370476/Rental-Mobil-Denpasar-Utara-Lepas-Kunci-Tarif-Mulai-200-Ribu-Lepas-Kunci-ca
a6c1f3fea443cacc-v3,a6c1f3fea443cacc,Tanjung Bali Rentcar,Sigra,car,per day,400000,IDR400 Ribu,IDR,True,https://id.scribd.com/document/853370476/Rental-Mobil-Denpasar-Utara-Lepas-Kunci-Tarif-Mulai-200-Ribu-Lepas-Kunci-ca
a6c1f3fea443cacc-v4,a6c1f3fea443cacc,Tanjung Bali Rentcar,Brio,car,per day,500000,IDR500 Ribu,IDR,True,https://id.scribd.com/document/853370476/Rental-Mobil-Denpasar-Utara-Lepas-Kunci-Tarif-Mulai-200-Ribu-Lepas-Kunci-ca
a6c1f3fea443cacc-v5,a6c1f3fea443cacc,Tanjung Bali Rentcar,Jazz,car,per day,500000,IDR500 Ribu,IDR,True,https://id.scribd.com/document/853370476/Rental-Mobil-Denpasar-Utara-Lepas-Kunci-Tarif-Mulai-200-Ribu-Lepas-Kunci-ca
a6c1f3fea443cacc-v6,a6c1f3fea443cacc,Tanjung Bali Rentcar,Mobilio,car,per day,500000,IDR500 Ribu,IDR,True,https://id.scribd.com/document/853370476/Rental-Mobil-Denpasar-Utara-Lepas-Kunci-Tarif-Mulai-200-Ribu-Lepas-Kunci-ca
a6c1f3fea443cacc-v7,a6c1f3fea443cacc,Tanjung Bali Rentcar,CRV,car,per day,500000,IDR500 Ribu,IDR,True,https://id.scribd.com/document/853370476/Rental-Mobil-Denpasar-Utara-Lepas-Kunci-Tarif-Mulai-200-Ribu-Lepas-Kunci-ca
a6c1f3fea443cacc-v8,a6c1f3fea443cacc,Tanjung Bali Rentcar,BRV,car,per day,800000,IDR800 Ribu,IDR,True,https://id.scribd.com/document/853370476/Rental-Mobil-Denpasar-Utara-Lepas-Kunci-Tarif-Mulai-200-Ribu-Lepas-Kunci-ca
53d6a39915f6a045-v0,53d6a39915f6a045,Canggu Scooter Bali,Yamaha N-Max,scooter,per day,125000,"IDR 125,000",IDR,True,https://cangguscooterbali.com/category/rent-scooter-bali
53d6a39915f6a045-v1,53d6a39915f6a045,Canggu Scooter Bali,Yamaha N-Max,scooter,per week,800000,IDR 800.000,IDR,True,https://cangguscooterbali.com/category/rent-scooter-bali
53d6a39915f6a045-v2,53d6a39915f6a045,Canggu Scooter Bali,Yamaha N-Max,scooter,per month,2000000,IDR 2.000.000,IDR,True,https://cangguscooterbali.com/category/rent-scooter-bali
53d6a39915f6a045-v3,53d6a39915f6a045,Canggu Scooter Bali,Yamaha X-Max 250,scooter,per day,250000,"IDR 250,000",IDR,True,https://cangguscooterbali.com/category/rent-scooter-bali
53d6a39915f6a045-v4,53d6a39915f6a045,Canggu Scooter Bali,Yamaha X-Max 250,scooter,per week,1600000,IDR 1.600.000,IDR,True,https://cangguscooterbali.com/category/rent-scooter-bali
53d6a39915f6a045-v5,53d6a39915f6a045,Canggu Scooter Bali,Yamaha X-Max 250,scooter,per month,3500000,IDR 3.500.000,IDR,True,https://cangguscooterbali.com/category/rent-scooter-bali
53d6a39915f6a045-v6,53d6a39915f6a045,Canggu Scooter Bali,Yamaha Filano,scooter,per day,150000,"IDR 150,000",IDR,True,https://cangguscooterbali.com/category/rent-scooter-bali
53d6a39915f6a045-v7,53d6a39915f6a045,Canggu Scooter Bali,Yamaha Filano,scooter,per week,800000,IDR 800.000,IDR,True,https://cangguscooterbali.com/category/rent-scooter-bali
53d6a39915f6a045-v8,53d6a39915f6a045,Canggu Scooter Bali,Yamaha Filano,scooter,per month,1850000,IDR 1.850.000,IDR,True,https://cangguscooterbali.com/category/rent-scooter-bali
53d6a39915f6a045-v9,53d6a39915f6a045,Canggu Scooter Bali,Honda Stylo,scooter,per day,150000,"IDR 150,000",IDR,True,https://cangguscooterbali.com/category/rent-scooter-bali
53d6a39915f6a045-v10,53d6a39915f6a045,Canggu Scooter Bali,Honda Stylo,scooter,per week,800000,IDR 800.000,IDR,True,https://cangguscooterbali.com/category/rent-scooter-bali
53d6a39915f6a045-v11,53d6a39915f6a045,Canggu Scooter Bali,Honda Stylo,scooter,per month,1850000,IDR 1.850.000,IDR,True,https://cangguscooterbali.com/category/rent-scooter-bali
53d6a39915f6a045-v12,53d6a39915f6a045,Canggu Scooter Bali,Vespa Piaggio,scooter,per day,150000,"IDR 150,000",IDR,True,https://cangguscooterbali.com/category/rent-scooter-bali
53d6a39915f6a045-v13,53d6a39915f6a045,Canggu Scooter Bali,Vespa Piaggio,scooter,per week,1000000,IDR 1.000.000,IDR,True,https://cangguscooterbali.com/category/rent-scooter-bali
53d6a39915f6a045-v14,53d6a39915f6a045,Canggu Scooter Bali,Vespa Piaggio,scooter,per month,3000000,IDR 3.000.000,IDR,True,https://cangguscooterbali.com/category/rent-scooter-bali
53d6a39915f6a045-v15,53d6a39915f6a045,Canggu Scooter Bali,Vario 150,scooter,per day,90000,"IDR 90,000",IDR,True,https://cangguscooterbali.com/category/rent-scooter-bali
53d6a39915f6a045-v16,53d6a39915f6a045,Canggu Scooter Bali,Vario 150,scooter,per week,550000,IDR 550.000,IDR,True,https://cangguscooterbali.com/category/rent-scooter-bali
53d6a39915f6a045-v17,53d6a39915f6a045,Canggu Scooter Bali,Vario 150,scooter,per month,1500000,IDR 1.500.000,IDR,True,https://cangguscooterbali.com/category/rent-scooter-bali
53d6a39915f6a045-v18,53d6a39915f6a045,Canggu Scooter Bali,PCX,scooter,per day,150000,"IDR 150,000",IDR,True,https://cangguscooterbali.com/category/rent-scooter-bali
53d6a39915f6a045-v19,53d6a39915f6a045,Canggu Scooter Bali,PCX,scooter,per week,900000,IDR 900.000,IDR,True,https://cangguscooterbali.com/category/rent-scooter-bali
53d6a39915f6a045-v20,53d6a39915f6a045,Canggu Scooter Bali,PCX,scooter,per month,2200000,IDR 2.200.000,IDR,True,https://cangguscooterbali.com/category/rent-scooter-bali
53d6a39915f6a045-v21,53d6a39915f6a045,Canggu Scooter Bali,Yamaha LEXI,scooter,per day,100000,"IDR 100,000",IDR,True,https://cangguscooterbali.com/category/rent-scooter-bali
53d6a39915f6a045-v22,53d6a39915f6a045,Canggu Scooter Bali,Yamaha LEXI,scooter,per week,600000,IDR 600.000,IDR,True,https://cangguscooterbali.com/category/rent-scooter-bali
53d6a39915f6a045-v23,53d6a39915f6a045,Canggu Scooter Bali,Yamaha LEXI,scooter,per month,1500000,IDR 1.500.000,IDR,True,https://cangguscooterbali.com/category/rent-scooter-bali
53d6a39915f6a045-v24,53d6a39915f6a045,Canggu Scooter Bali,New Scoopy,scooter,per day,80000,"IDR 80,000",IDR,True,https://cangguscooterbali.com/category/rent-scooter-bali
53d6a39915f6a045-v25,53d6a39915f6a045,Canggu Scooter Bali,New Scoopy,scooter,per week,500000,IDR 500.000,IDR,True,https://cangguscooterbali.com/category/rent-scooter-bali
53d6a39915f6a045-v26,53d6a39915f6a045,Canggu Scooter Bali,New Scoopy,scooter,per month,1400000,IDR 1.400.000,IDR,True,https://cangguscooterbali.com/category/rent-scooter-bali
53d6a39915f6a045-v27,53d6a39915f6a045,Canggu Scooter Bali,Vario 160,scooter,per day,200000,"IDR 200,000",IDR,True,https://cangguscooterbali.com/category/rent-scooter-bali
53d6a39915f6a045-v28,53d6a39915f6a045,Canggu Scooter Bali,Vario 160,scooter,per week,1400000,IDR 1.400.000,IDR,True,https://cangguscooterbali.com/category/rent-scooter-bali
53d6a39915f6a045-v29,53d6a39915f6a045,Canggu Scooter Bali,Vario 160,scooter,per month,2200000,IDR 2.200.000,IDR,True,https://cangguscooterbali.com/category/rent-scooter-bali
53d6a39915f6a045-v30,53d6a39915f6a045,Canggu Scooter Bali,Vario 125,scooter,per day,80000,"IDR 80,000",IDR,True,https://cangguscooterbali.com/category/rent-scooter-bali
53d6a39915f6a045-v31,53d6a39915f6a045,Canggu Scooter Bali,Vario 125,scooter,per week,500000,IDR 500.000,IDR,True,https://cangguscooterbali.com/category/rent-scooter-bali
53d6a39915f6a045-v32,53d6a39915f6a045,Canggu Scooter Bali,Vario 125,scooter,per month,1400000,IDR 1.400.000,IDR,True,https://cangguscooterbali.com/category/rent-scooter-bali
53d6a39915f6a045-v33,53d6a39915f6a045,Canggu Scooter Bali,Yamaha Gear 125,scooter,per day,80000,"IDR 80,000",IDR,True,https://cangguscooterbali.com/category/rent-scooter-bali
53d6a39915f6a045-v34,53d6a39915f6a045,Canggu Scooter Bali,Yamaha Gear 125,scooter,per week,500000,IDR 500.000,IDR,True,https://cangguscooterbali.com/category/rent-scooter-bali
53d6a39915f6a045-v35,53d6a39915f6a045,Canggu Scooter Bali,Yamaha Gear 125,scooter,per month,1400000,IDR 1.400.000,IDR,True,https://cangguscooterbali.com/category/rent-scooter-bali
53d6a39915f6a045-v36,53d6a39915f6a045,Canggu Scooter Bali,Yamaha Fazio,scooter,per day,100000,"IDR 100,000",IDR,True,https://cangguscooterbali.com/category/rent-scooter-bali
53d6a39915f6a045-v37,53d6a39915f6a045,Canggu Scooter Bali,Yamaha Fazio,scooter,per week,600000,IDR 600.000,IDR,True,https://cangguscooterbali.com/category/rent-scooter-bali
53d6a39915f6a045-v38,53d6a39915f6a045,Canggu Scooter Bali,Yamaha Fazio,scooter,per month,1400000,IDR 1.400.000,IDR,True,https://cangguscooterbali.com/category/rent-scooter-bali
53d6a39915f6a045-v39,53d6a39915f6a045,Canggu Scooter Bali,Honda Vario 110,scooter,per day,60000,"IDR 60,000",IDR,True,https://cangguscooterbali.com/category/rent-scooter-bali
53d6a39915f6a045-v40,53d6a39915f6a045,Canggu Scooter Bali,Honda Vario 110,scooter,per week,400000,IDR 400.000,IDR,True,https://cangguscooterbali.com/category/rent-scooter-bali
53d6a39915f6a045-v41,53d6a39915f6a045,Canggu Scooter Bali,Honda Vario 110,scooter,per month,1200000,IDR 1.200.000,IDR,True,https://cangguscooterbali.com/category/rent-scooter-bali
53d6a39915f6a045-v42,53d6a39915f6a045,Canggu Scooter Bali,Yamaha Mio,scooter,per day,60000,"IDR 60,000",IDR,True,https://cangguscooterbali.com/category/rent-scooter-bali
53d6a39915f6a045-v43,53d6a39915f6a045,Canggu Scooter Bali,Yamaha Mio,scooter,per week,400000,IDR 400.000,IDR,True,https://cangguscooterbali.com/category/rent-scooter-bali
53d6a39915f6a045-v44,53d6a39915f6a045,Canggu Scooter Bali,Yamaha Mio,scooter,per month,1200000,IDR 1.200.000,IDR,True,https://cangguscooterbali.com/category/rent-scooter-bali
53d6a39915f6a045-v45,53d6a39915f6a045,Canggu Scooter Bali,Yamaha N-Max,scooter,per day,125000,"IDR 125,000 / Day",IDR,True,https://cangguscooterbali.com/
53d6a39915f6a045-v46,53d6a39915f6a045,Canggu Scooter Bali,Yamaha N-Max,scooter,per week,800000,"IDR 800,000 / Week",IDR,True,https://cangguscooterbali.com/
53d6a39915f6a045-v47,53d6a39915f6a045,Canggu Scooter Bali,Yamaha N-Max,scooter,per month,2000000,IDR 2.000.000 / Month,IDR,True,https://cangguscooterbali.com/
53d6a39915f6a045-v48,53d6a39915f6a045,Canggu Scooter Bali,Yamaha X-Max 250,scooter,per day,250000,"IDR 250,000 / Day",IDR,True,https://cangguscooterbali.com/
53d6a39915f6a045-v49,53d6a39915f6a045,Canggu Scooter Bali,Yamaha X-Max 250,scooter,per week,1600000,IDR 1.600.000 / Week,IDR,True,https://cangguscooterbali.com/
53d6a39915f6a045-v50,53d6a39915f6a045,Canggu Scooter Bali,Yamaha X-Max 250,scooter,per month,3500000,IDR 3.500.000 / Month,IDR,True,https://cangguscooterbali.com/
53d6a39915f6a045-v51,53d6a39915f6a045,Canggu Scooter Bali,Yamaha Filano,scooter,per day,150000,"IDR 150,000 / Day",IDR,True,https://cangguscooterbali.com/
53d6a39915f6a045-v52,53d6a39915f6a045,Canggu Scooter Bali,Yamaha Filano,scooter,per week,800000,IDR 800.000 / Week,IDR,True,https://cangguscooterbali.com/
53d6a39915f6a045-v53,53d6a39915f6a045,Canggu Scooter Bali,Yamaha Filano,scooter,per month,1850000,IDR 1.850.000 / Month,IDR,True,https://cangguscooterbali.com/
53d6a39915f6a045-v54,53d6a39915f6a045,Canggu Scooter Bali,Honda Stylo,scooter,per day,150000,"IDR 150,000 / Day",IDR,True,https://cangguscooterbali.com/
53d6a39915f6a045-v55,53d6a39915f6a045,Canggu Scooter Bali,Honda Stylo,scooter,per week,800000,IDR 800.000 / Week,IDR,True,https://cangguscooterbali.com/
53d6a39915f6a045-v56,53d6a39915f6a045,Canggu Scooter Bali,Honda Stylo,scooter,per month,1850000,IDR 1.850.000 / Month,IDR,True,https://cangguscooterbali.com/
53d6a39915f6a045-v57,53d6a39915f6a045,Canggu Scooter Bali,Vespa Piaggio,scooter,per day,150000,"IDR 150,000 / Day",IDR,True,https://cangguscooterbali.com/
53d6a39915f6a045-v58,53d6a39915f6a045,Canggu Scooter Bali,Vespa Piaggio,scooter,per week,1000000,IDR 1.000.000 / Week,IDR,True,https://cangguscooterbali.com/
53d6a39915f6a045-v59,53d6a39915f6a045,Canggu Scooter Bali,Vespa Piaggio,scooter,per month,3000000,IDR 3.000.000 / Month,IDR,True,https://cangguscooterbali.com/
53d6a39915f6a045-v60,53d6a39915f6a045,Canggu Scooter Bali,Vario 150,scooter,per day,90000,"IDR 90,000 / Day",IDR,True,https://cangguscooterbali.com/
53d6a39915f6a045-v61,53d6a39915f6a045,Canggu Scooter Bali,Vario 150,scooter,per week,550000,IDR 550.000 / Week,IDR,True,https://cangguscooterbali.com/
53d6a39915f6a045-v62,53d6a39915f6a045,Canggu Scooter Bali,Vario 150,scooter,per month,1500000,IDR 1.500.000 / Month,IDR,True,https://cangguscooterbali.com/
53d6a39915f6a045-v63,53d6a39915f6a045,Canggu Scooter Bali,PCX,scooter,per day,150000,"IDR 150,000 / Day",IDR,True,https://cangguscooterbali.com/
53d6a39915f6a045-v64,53d6a39915f6a045,Canggu Scooter Bali,PCX,scooter,per week,900000,IDR 900.000 / Week,IDR,True,https://cangguscooterbali.com/
53d6a39915f6a045-v65,53d6a39915f6a045,Canggu Scooter Bali,PCX,scooter,per month,2200000,IDR 2.200.000 / Month,IDR,True,https://cangguscooterbali.com/
53d6a39915f6a045-v66,53d6a39915f6a045,Canggu Scooter Bali,Yamaha LEXI,scooter,per day,100000,"IDR 100,000 / Day",IDR,True,https://cangguscooterbali.com/
53d6a39915f6a045-v67,53d6a39915f6a045,Canggu Scooter Bali,Yamaha LEXI,scooter,per week,600000,IDR 600.000 / Week,IDR,True,https://cangguscooterbali.com/
53d6a39915f6a045-v68,53d6a39915f6a045,Canggu Scooter Bali,Yamaha LEXI,scooter,per month,1500000,IDR 1.500.000 / Month,IDR,True,https://cangguscooterbali.com/
53d6a39915f6a045-v69,53d6a39915f6a045,Canggu Scooter Bali,Toyota Avanza,car,per day,400000,"IDR 400,000 / Day",IDR,True,https://cangguscooterbali.com/
53d6a39915f6a045-v70,53d6a39915f6a045,Canggu Scooter Bali,Daihatsu Xenia,car,per day,400000,"IDR 400,000 / Day",IDR,True,https://cangguscooterbali.com/
53d6a39915f6a045-v71,53d6a39915f6a045,Canggu Scooter Bali,Daihatsu Ayla,car,per day,350000,"IDR 350,000 / Day",IDR,True,https://cangguscooterbali.com/
53d6a39915f6a045-v72,53d6a39915f6a045,Canggu Scooter Bali,Toyota Agya,car,per day,350000,"IDR 350,000 / Day",IDR,True,https://cangguscooterbali.com/
69117b415d16bb9a-v0,69117b415d16bb9a,Rental Scooter in Canggu,Yamaha Lexi,scooter,per day,150000,Rp 150.000 / day,IDR,True,https://www.rentscooterincanggu.com/
69117b415d16bb9a-v1,69117b415d16bb9a,Rental Scooter in Canggu,Yamaha Xmax,scooter,per day,500000,Rp 500.000 / day,IDR,True,https://www.rentscooterincanggu.com/
69117b415d16bb9a-v2,69117b415d16bb9a,Rental Scooter in Canggu,Yamaha Fazzio,scooter,per day,120000,Rp 120.000 / day,IDR,True,https://www.rentscooterincanggu.com/
69117b415d16bb9a-v3,69117b415d16bb9a,Rental Scooter in Canggu,Yamaha Nmax Neo,scooter,per day,200000,Rp 200.000 / day,IDR,True,https://www.rentscooterincanggu.com/
69117b415d16bb9a-v4,69117b415d16bb9a,Rental Scooter in Canggu,Honda Adv 160,scooter,per day,200000,Rp 200.000 / day,IDR,True,https://www.rentscooterincanggu.com/
69117b415d16bb9a-v5,69117b415d16bb9a,Rental Scooter in Canggu,Yamaha Nmax Keyless,scooter,per day,200000,Rp 200.000 / day,IDR,True,https://www.rentscooterincanggu.com/
69117b415d16bb9a-v6,69117b415d16bb9a,Rental Scooter in Canggu,Yamaha Lexi,scooter,per day,150000,Rp 150.000 / day,IDR,False,https://www.rentscooterincanggu.com
69117b415d16bb9a-v7,69117b415d16bb9a,Rental Scooter in Canggu,Yamaha Xmax,scooter,per day,500000,Rp 500.000 / day,IDR,False,https://www.rentscooterincanggu.com
69117b415d16bb9a-v8,69117b415d16bb9a,Rental Scooter in Canggu,Yamaha Fazzio,scooter,per day,120000,Rp 120.000 / day,IDR,False,https://www.rentscooterincanggu.com
69117b415d16bb9a-v9,69117b415d16bb9a,Rental Scooter in Canggu,Yamaha Nmax Neo,scooter,per day,200000,Rp 200.000 / day,IDR,False,https://www.rentscooterincanggu.com
69117b415d16bb9a-v10,69117b415d16bb9a,Rental Scooter in Canggu,Honda Adv 160,scooter,per day,200000,Rp 200.000 / day,IDR,False,https://www.rentscooterincanggu.com
69117b415d16bb9a-v11,69117b415d16bb9a,Rental Scooter in Canggu,Yamaha Nmax Keyless,scooter,per day,200000,Rp 200.000 / day,IDR,False,https://www.rentscooterincanggu.com
